population,dataset,seed,T,metric,fair_exact,fair,lloyd_exact,lloyd,fair_minus_lloyd_exact,fair_minus_lloyd,relative_difference_exact,relative_difference,relative_status
record,adult,10000,0,Phi_A,4985542345207/40995127296,121.61304706311894,4985542345207/40995127296,121.61304706311894,0,0.0,0,0.0,defined
record,adult,10001,0,Phi_A,780195769757/6559891456,118.93424990186301,780195769757/6559891456,118.93424990186301,0,0.0,0,0.0,defined
record,adult,10002,0,Phi_A,858082880689/7130316800,120.34288303838056,858082880689/7130316800,120.34288303838056,0,0.0,0,0.0,defined
record,adult,10003,0,Phi_A,9402226117903/81990254592,114.67492282699168,9402226117903/81990254592,114.67492282699168,0,0.0,0,0.0,defined
record,adult,10004,0,Phi_A,20063486062439/163913400320,122.4029641461287,20063486062439/163913400320,122.4029641461287,0,0.0,0,0.0,defined
record,adult,10000,0,Phi_B,662141124699/6325010432,104.68617116408892,662141124699/6325010432,104.68617116408892,0,0.0,0,0.0,defined
record,adult,10001,0,Phi_B,35687437245291/341533786112,104.4916746057678,35687437245291/341533786112,104.4916746057678,0,0.0,0,0.0,defined
record,adult,10002,0,Phi_B,9687653701665/85383446528,113.46056051377715,9687653701665/85383446528,113.46056051377715,0,0.0,0,0.0,defined
record,adult,10003,0,Phi_B,11615037456829/113850187776,102.02036275672695,11615037456829/113850187776,102.02036275672695,0,0.0,0,0.0,defined
record,adult,10004,0,Phi_B,17214640749203/170808836096,100.78308091466548,17214640749203/170808836096,100.78308091466548,0,0.0,0,0.0,defined
record,adult,10000,0,Phi,4985542345207/40995127296,121.61304706311894,4985542345207/40995127296,121.61304706311894,0,0.0,0,0.0,defined
record,adult,10001,0,Phi,780195769757/6559891456,118.93424990186301,780195769757/6559891456,118.93424990186301,0,0.0,0,0.0,defined
record,adult,10002,0,Phi,858082880689/7130316800,120.34288303838056,858082880689/7130316800,120.34288303838056,0,0.0,0,0.0,defined
record,adult,10003,0,Phi,9402226117903/81990254592,114.67492282699168,9402226117903/81990254592,114.67492282699168,0,0.0,0,0.0,defined
record,adult,10004,0,Phi,20063486062439/163913400320,122.4029641461287,20063486062439/163913400320,122.4029641461287,0,0.0,0,0.0,defined
record,adult,10000,0,G,6994982604690091/30910325981184,226.29921822720786,6994982604690091/30910325981184,226.29921822720786,0,0.0,0,0.0,defined
record,adult,10001,0,G,14918116623926015/66769855184896,223.4259245076308,14918116623926015/66769855184896,223.4259245076308,0,0.0,0,0.0,defined
record,adult,10002,0,G,33937004495016473/145151859097600,233.80344355215772,33937004495016473/145151859097600,233.80344355215772,0,0.0,0,0.0,defined
record,adult,10003,0,G,13396243831957009/61820651962368,216.69528558371863,13396243831957009/61820651962368,216.69528558371863,0,0.0,0,0.0,defined
record,adult,10004,0,G,372453391721404769/1668802328657920,223.18604506079416,372453391721404769/1668802328657920,223.18604506079416,0,0.0,0,0.0,defined
record,adult,10000,0,population_average,27848895057287/252765536256,110.17678861520798,27848895057287/252765536256,110.17678861520798,0,0.0,0,0.0,defined
record,adult,10001,0,population_average,862380179519/7898923008,109.176931924211,862380179519/7898923008,109.176931924211,0,0.0,0,0.0,defined
record,adult,10002,0,population_average,58486521062507/505531072512,115.69322687107167,58486521062507/505531072512,115.69322687107167,0,0.0,0,0.0,defined
record,adult,10003,0,population_average,53649564606293/505531072512,106.12515733149024,53649564606293/505531072512,106.12515733149024,0,0.0,0,0.0,defined
record,adult,10004,0,population_average,6054751951205/56170119168,107.79311208323695,6054751951205/56170119168,107.79311208323695,0,0.0,0,0.0,defined
record,adult,10000,0,pooled_SSE,27848895057287/8388608,3319846.994553447,27848895057287/8388608,3319846.994553447,0,0.0,0,0.0,defined
record,adult,10001,0,pooled_SSE,862380179519/262144,3289719.312740326,862380179519/262144,3289719.312740326,0,0.0,0,0.0,defined
record,adult,10002,0,pooled_SSE,58486521062507/16777216,3486068.3120791316,58486521062507/16777216,3486068.3120791316,0,0.0,0,0.0,defined
record,adult,10003,0,pooled_SSE,53649564606293/16777216,3197763.240712464,53649564606293/16777216,3197763.240712464,0,0.0,0,0.0,defined
record,adult,10004,0,pooled_SSE,54492767560845/16777216,3248022.0532920957,54492767560845/16777216,3248022.0532920957,0,0.0,0,0.0,defined
record,adult,10000,1,Phi_A,1323224670745919742044988971431569329785041595/13303679417141010167564093652152409995083776,99.46306050046745,87554855607307446403083055492784638145663632451/851435482697024650724101993737754239685361664,102.83204938789592,-2868476679568582912203761321164201039420970371/851435482697024650724101993737754239685361664,-3.3689888874284835,-2868476679568582912203761321164201039420970371/87554855607307446403083055492784638145663632451,-0.032762051398199966,defined
record,adult,10001,1,Phi_A,947545922159917081928947107726305844634079/9783118048976980824572019963663336079360,96.85520683858066,1341115621454334674585432439101494960033943857/13305040546608693921417947150582137067929600,100.79755989891892,-52453167316847443162064372593719011331596417/13305040546608693921417947150582137067929600,-3.9423530603382617,-52453167316847443162064372593719011331596417/1341115621454334674585432439101494960033943857,-0.03911159222794385,defined
record,adult,10002,1,Phi_A,2589581372187126731401318224019091124425576379/26610081093217387842835894301164274135859200,97.3158015984845,335657011158759535115194315757296825747168559/3326260136652173480354486787645534266982400,100.911232846807,-95674717082949549520236302039283481551772093/26610081093217387842835894301164274135859200,-3.5954312483225,-95674717082949549520236302039283481551772093/2685256089270076280921554526058374605977348472,-0.03562964346873764,defined
record,adult,10003,1,Phi_A,1284735134457420585222091160482233981477970003/13303679417141010167564093652152409995083776,96.56991078739576,593063613361108396904511563588792160188378561/5912746407618226741139597178734404442259456,100.30256203732681,-198631982420293231252239430370193515783527037/53214717668564040670256374608609639980335104,-3.732651249931045,-198631982420293231252239430370193515783527037/5337572520249975572140604072299129441695407049,-0.03721391731291937,defined
record,adult,10004,1,Phi_A,1315971944457812180777325832265803193571462239/13298234899270275152148679658433501703700480,98.95839217955344,171232228842050572124538103223958560232986469/1662279362408784394018584957304187712962560,103.0105003493038,-53885886278592396218978993525865288292429513/13298234899270275152148679658433501703700480,-4.0521081697503565,-53885886278592396218978993525865288292429513/1369857830736404576996304825791668481863891752,-0.039336845816784184,defined
record,adult,10000,1,Phi_B,74041298191957338120133172097770879492502851/769718713975162804354153362010659694313472,96.19266992948089,156201298165757770033176367788126639440764004005/1773431916998775101231969346072559935698239488,88.07854232718518,496201823052135758469326231901291962412502231/61152824724095693145929977450777928817180672,8.1141276022957,14389852868511936995610460725137466909962564699/156201298165757770033176367788126639440764004005,0.09212377257736812,defined
record,adult,10001,1,Phi_B,82891102724766531810656945197176765973491487/865891017926193037590489610436063185076224,95.72925577088273,2425410299938121949658477108093156405613144263/27708512573638177202895667533954021922439168,87.5330385740609,227104987254407068282545138216500105538583321/27708512573638177202895667533954021922439168,8.196217196821827,227104987254407068282545138216500105538583321/2425410299938121949658477108093156405613144263,0.09363569836419061,defined
record,adult,10002,1,Phi_B,10664994540393859956506169302249310637717429445/110834050294552708811582670135816087689756672,96.22489218837133,304189454683624560546361720138160179073229957/3463564071704772150361958441744252740304896,87.82556014155153,930931990517874019022594257828184907374070821/110834050294552708811582670135816087689756672,8.399332046819799,930931990517874019022594257828184907374070821/9734062549875985937483575044421125730343358624,0.09563653261399417,defined
record,adult,10003,1,Phi_B,10763962975577971769431544084449721278424717357/110839494812423443826998084129534995981139968,97.11306419967094,38706471217037663806377591643675279809805896559/443357979249693775307992336518139983924559872,87.30297644026082,4349380685274223271348584694123605303892972869/443357979249693775307992336518139983924559872,9.810087759410111,4349380685274223271348584694123605303892972869/38706471217037663806377591643675279809805896559,0.1123683081541086,defined
record,adult,10004,1,Phi_B,1309379060164435206436034378440619120631844485/13857659110488297986082467513051328643334144,94.48775220436903,302579792263184340988064396760063183766350145/3464414777622074496520616878262832160833536,87.33936658441078,99059891111697842483776791400366385566443905/13857659110488297986082467513051328643334144,7.14838561995824,19811978222339568496755358280073277113288781/242063833810547472790451517408050547013080116,0.08184608956431516,defined
record,adult,10000,1,Phi,1323224670745919742044988971431569329785041595/13303679417141010167564093652152409995083776,99.46306050046745,87554855607307446403083055492784638145663632451/851435482697024650724101993737754239685361664,102.83204938789592,-2868476679568582912203761321164201039420970371/851435482697024650724101993737754239685361664,-3.3689888874284835,-2868476679568582912203761321164201039420970371/87554855607307446403083055492784638145663632451,-0.032762051398199966,defined
record,adult,10001,1,Phi,947545922159917081928947107726305844634079/9783118048976980824572019963663336079360,96.85520683858066,1341115621454334674585432439101494960033943857/13305040546608693921417947150582137067929600,100.79755989891892,-52453167316847443162064372593719011331596417/13305040546608693921417947150582137067929600,-3.9423530603382617,-52453167316847443162064372593719011331596417/1341115621454334674585432439101494960033943857,-0.03911159222794385,defined
record,adult,10002,1,Phi,2589581372187126731401318224019091124425576379/26610081093217387842835894301164274135859200,97.3158015984845,335657011158759535115194315757296825747168559/3326260136652173480354486787645534266982400,100.911232846807,-95674717082949549520236302039283481551772093/26610081093217387842835894301164274135859200,-3.5954312483225,-95674717082949549520236302039283481551772093/2685256089270076280921554526058374605977348472,-0.03562964346873764,defined
record,adult,10003,1,Phi,10763962975577971769431544084449721278424717357/110839494812423443826998084129534995981139968,97.11306419967094,593063613361108396904511563588792160188378561/5912746407618226741139597178734404442259456,100.30256203732681,-3999221347164243776868640998210765507768413491/1253871785065540208292915826715364642036645888,-3.189497837655868,-63987541554627900429898255971372248124294615856/2012264840134240790697007735256771799519168457473,-0.031798767378134585,defined
record,adult,10004,1,Phi,1315971944457812180777325832265803193571462239/13298234899270275152148679658433501703700480,98.95839217955344,171232228842050572124538103223958560232986469/1662279362408784394018584957304187712962560,103.0105003493038,-53885886278592396218978993525865288292429513/13298234899270275152148679658433501703700480,-4.0521081697503565,-53885886278592396218978993525865288292429513/1369857830736404576996304825791668481863891752,-0.039336845816784184,defined
record,adult,10000,1,G,981308799890005757941748591618776688102109258431/5015487140262160833171663306861458568146583552,195.65573042994833,15320153882989265917491808622607682579923368539733/80247794244194573330746612909783337090345336832,190.9105917150811,4376861094837082868691595899916602640349190749/922388439588443371617777159882567092992475136,4.745138714867216,380786915250826209576168843292744429710379595163/15320153882989265917491808622607682579923368539733,0.024855293109923196,defined
record,adult,10001,1,G,38354145964105734353278673667335064253118988213/199154934123024398645812610400294532567531520,192.58446260946337,25504738193920516514223630947199868383139740133887/135425355203656591079152575072200282145921433600,188.3305984729798,576081061671382846005867146587975308981171850953/135425355203656591079152575072200282145921433600,4.253864136483566,64009006852375871778429682954219478775685761217/2833859799324501834913736771911096487015526681543,0.022587217217885477,defined
record,adult,10002,1,G,209682537619576658817121075102200287523550789519481/1083402841629252728633220600577602257167371468800,193.54069378685583,12779873615223728015021382314572322982616756014913/67712677601828295539576287536100141072960716800,188.73679298835853,5204559775997010576778958069043119801682693280873/1083402841629252728633220600577602257167371468800,4.8039007984973,5204559775997010576778958069043119801682693280873/204477977843579648240342117033157167721868096238608,0.025452911021930997,defined
record,adult,10003,1,G,3885657881341403132782022949292608395463652606141/20061948561048643332686653227445834272586334208,193.6829749870667,15054930650820780311742375028532312843651541107071/80247794244194573330746612909783337090345336832,187.60553847758763,162566958181610739795238922879373579401023105831/26749264748064857776915537636594445696781778944,6.0774365094790666,487700874544832219385716768638120738203069317493/15054930650820780311742375028532312843651541107071,0.032394760617395685,defined
record,adult,10004,1,G,26190543784331517779374010175662991122324177673709/135389329509470671324025707602511480845374586880,193.44614438392247,1610708803523286190263308503548015377215327849607/8461833094341916957751606725156967552835911680,190.3498669337146,419202927958938735161074118894745086878932079997/135389329509470671324025707602511480845374586880,3.096277450207883,419202927958938735161074118894745086878932079997/25771340856372579044212936056768246035445245593712,0.016266244364048322,defined
record,adult,10000,1,population_average,3988711405656383914369783166951320991515144231/41013553120246871124313614684536158990368768,97.2534955448009,10156506407211050684844142636704636566101151519/109369474987324989664836305825429757307650048,92.86417813003222,1440172023617919260425837425496658233817699291/328108424961974968994508917476289271922950144,4.38931741476868,1440172023617919260425837425496658233817699291/30469519221633152054532427910113909698303454557,0.0472659910759408,defined
record,adult,10001,1,population_average,246323608833126015585274394551089528740879689/2563347070015429445269600917783509936898048,96.09452099346161,470815740174057078030488693399331420705886015/5126694140030858890539201835567019873796096,91.83612817815246,21831477492194953140060095702847636775873363/5126694140030858890539201835567019873796096,4.258392815309154,21831477492194953140060095702847636775873363/470815740174057078030488693399331420705886015,0.04636947244823212,defined
record,adult,10002,1,population_average,15844157284768113419308805750287492886568582203/164054212480987484497254458738144635961475072,96.57878968883118,944035920526008656207917756033617183893628473/10253388280061717781078403671134039747592192,92.07063018980163,7952500605935214193356146814512020906134695/1764023790118144994594133964926286408187904,4.508159499029544,739582556351974919982121653749617944270526635/15104574728416138499326684096537874942298055568,0.04896414295998702,defined
record,adult,10003,1,population_average,5300967837802551370106636242126219068112199123/54684737493662494832418152912714878653825024,96.9368800283057,60056761298037566094940007932871797576587524755/656216849923949937989017834952578543845900288,91.51968789737363,3554852755593050346339626972642831240758864721/656216849923949937989017834952578543845900288,5.417192130932066,3554852755593050346339626972642831240758864721/60056761298037566094940007932871797576587524755,0.0591915494402328,defined
record,adult,10004,1,population_average,3934730064786682593649394589147041434835151209/41013553120246871124313614684536158990368768,95.93731255740074,236906010552617456556301249992010871999668307/2563347070015429445269600917783509936898048,92.42057516276618,48077965314934429582858196424955827613486099/13671184373415623708104538228178719663456256,3.516737394634564,144233895944803288748574589274867482840458297/3790496168841879304900819999872173951994692912,0.038051455408506976,defined
record,adult,10000,1,pooled_SSE,3988711405656383914369783166951320991515144231/1361129467683753853853498429727072845824,2930442.3277559406,30469519221633152054532427910113909698303454557/10889035741470030830827987437816582766592,2798183.415414131,1440172023617919260425837425496658233817699291/10889035741470030830827987437816582766592,132258.91234180986,1440172023617919260425837425496658233817699291/30469519221633152054532427910113909698303454557,0.0472659910759408,defined
record,adult,10001,1,pooled_SSE,246323608833126015585274394551089528740879689/85070591730234615865843651857942052864,2895520.1065749857,470815740174057078030488693399331420705886015/170141183460469231731687303715884105728,2767206.21426409,21831477492194953140060095702847636775873363/170141183460469231731687303715884105728,128313.89231089543,21831477492194953140060095702847636775873363/470815740174057078030488693399331420705886015,0.04636947244823212,defined
record,adult,10002,1,pooled_SSE,15844157284768113419308805750287492886568582203/5444517870735015415413993718908291383296,2910112.090903861,944035920526008656207917756033617183893628473/340282366920938463463374607431768211456,2774272.228879103,739582556351974919982121653749617944270526635/5444517870735015415413993718908291383296,135839.86202475821,739582556351974919982121653749617944270526635/15104574728416138499326684096537874942298055568,0.04896414295998702,defined
record,adult,10003,1,pooled_SSE,15902903513407654110319908726378657204336597369/5444517870735015415413993718908291383296,2920902.0690129073,60056761298037566094940007932871797576587524755/21778071482940061661655974875633165533184,2757671.235723662,3554852755593050346339626972642831240758864721/21778071482940061661655974875633165533184,163230.83328924503,3554852755593050346339626972642831240758864721/60056761298037566094940007932871797576587524755,0.0591915494402328,defined
record,adult,10004,1,pooled_SSE,3934730064786682593649394589147041434835151209/1361129467683753853853498429727072845824,2890783.1019795993,236906010552617456556301249992010871999668307/85070591730234615865843651857942052864,2784816.7708044704,144233895944803288748574589274867482840458297/1361129467683753853853498429727072845824,105966.3311751287,144233895944803288748574589274867482840458297/3790496168841879304900819999872173951994692912,0.038051455408506976,defined
record,adult,10000,2,Phi_A,107784095507486981331309453318789880891284107/1108639951428417513963674471012700832923648,97.22191173844448,21721241579050868747677614178107035839708569793/212858870674256162681025498434438559921340416,102.04527304991431,-1026695241613368332066199140899378708582021249/212858870674256162681025498434438559921340416,-4.823361311469836,-1026695241613368332066199140899378708582021249/21721241579050868747677614178107035839708569793,-0.0472668764295485,defined
record,adult,10001,2,Phi_A,249597747816920814964283708766660629887426121/2661008109321738784283589430116427413585920,93.79819134806789,266374934972830010465956346611667184924362587/2661008109321738784283589430116427413585920,100.10301510908435,-8388593577954597750836318922503277518468233/1330504054660869392141794715058213706792960,-6.304823761016464,-16777187155909195501672637845006555036936466/266374934972830010465956346611667184924362587,-0.06298335523806117,defined
record,adult,10002,2,Phi_A,321447687722458852979290908032304534432212199/3326260136652173480354486787645534266982400,96.63937110041871,5316901717161526898766451937175038239399838557/53220162186434775685671788602328548271718400,99.90389917520292,-173738713602185251097797408658165688484443373/53220162186434775685671788602328548271718400,-3.2645280747842085,-173738713602185251097797408658165688484443373/5316901717161526898766451937175038239399838557,-0.03267668331001934,defined
record,adult,10003,2,Phi_A,79025249772108867044630700129500769306619775/831479963571313135472755853259525624692736,95.0416765699143,153773768696438801105478928392054441351272135183089/1549990994278672430829298562822151718111662833664,99.20945945108625,-58140233387327972026259459224627593338119021601401/13949918948508051877463687065399365463004965502976,-4.167782881171943,-8305747626761138860894208460661084762588431657343/197709131181135601421330050789784281737349888092543,-0.04200993437754599,defined
record,adult,10004,2,Phi_A,4018419646062913364007300133528286293892603/41556984060219609850464623932604692824064,96.69661398526614,5573548675744916481274260938459653264381974983989/54469570147411047023200991880943622978357166080,102.32408041152549,-306525677257334676802612507441457853251062379829/54469570147411047023200991880943622978357166080,-5.627466426259359,-306525677257334676802612507441457853251062379829/5573548675744916481274260938459653264381974983989,-0.05499650134774626,defined
record,adult,10000,2,Phi_B,224742072307285233151415180732730376488680441/2309156141925488413062460086031979082940416,97.32649439629674,38800205138835798186000357142869959133241486349/443357979249693775307992336518139983924559872,87.51439458583421,4350272744162966579071357557814273152585158323/443357979249693775307992336518139983924559872,9.81209981046252,4350272744162966579071357557814273152585158323/38800205138835798186000357142869959133241486349,0.11211983876365393,defined
record,adult,10001,2,Phi_B,2603268360525043299396816379587225302182673291/27708512573638177202895667533954021922439168,93.95193457630012,150829178063991764353231150161394204861516187/1731782035852386075180979220872126370152448,87.0947815264485,190001511501175069745117977004918024398414299/27708512573638177202895667533954021922439168,6.857153049851623,190001511501175069745117977004918024398414299/2413266849023868229651698402582307277784258992,0.07873207705067012,defined
record,adult,10002,2,Phi_B,167077760758356551350328739069665390768910085/1731782035852386075180979220872126370152448,96.47736106473734,9645515528305015384135908206650974117141283879/110834050294552708811582670135816087689756672,87.02664481421623,1047461160229803902285131093807610892068961561/110834050294552708811582670135816087689756672,9.450716250521115,1047461160229803902285131093807610892068961561/9645515528305015384135908206650974117141283879,0.1085956636694018,defined
record,adult,10003,2,Phi_B,836613534600857702315311113036488115545541/8847341539944400050047739793225973497856,94.56100805238218,2516898636519058828345426946200027747330453637804219/29055908528107931258584585766052821986479955771392,86.62261013398623,230657363776635093363825366657579949624899079393093/29055908528107931258584585766052821986479955771392,7.938397918395949,230657363776635093363825366657579949624899079393093/2516898636519058828345426946200027747330453637804219,0.09164348553012873,defined
record,adult,10004,2,Phi_B,83536363886139318093948586093636301206579869/866103694405518624130154219565708040208384,96.45076499007143,9865956493925502685525888192798830255500640110201/113521943433120137101987573866916484246193307648,86.9079245435742,1083321793358550015684140883666267016248196479367/113521943433120137101987573866916484246193307648,9.542840446497236,1083321793358550015684140883666267016248196479367/9865956493925502685525888192798830255500640110201,0.10980403106638006,defined
record,adult,10000,2,Phi,224742072307285233151415180732730376488680441/2309156141925488413062460086031979082940416,97.32649439629674,21721241579050868747677614178107035839708569793/212858870674256162681025498434438559921340416,102.04527304991431,-378671578479401095396480184322506467835508126329/80247794244194573330746612909783337090345336832,-4.718778653617581,-378671578479401095396480184322506467835508126329/8188908075302177517874460545146352511570130811961,-0.046242011144498996,defined
record,adult,10001,2,Phi,2603268360525043299396816379587225302182673291/27708512573638177202895667533954021922439168,93.95193457630012,266374934972830010465956346611667184924362587/2661008109321738784283589430116427413585920,100.10301510908435,-166602453207720436367348662940341708869061449827/27085071040731318215830515014440056429184286720,-6.151080532784235,-333204906415440872734697325880683417738122899654/5422594551241900523055473347973708883505249183559,-0.06144750511342014,defined
record,adult,10002,2,Phi,321447687722458852979290908032304534432212199/3326260136652173480354486787645534266982400,96.63937110041871,5316901717161526898766451937175038239399838557/53220162186434775685671788602328548271718400,99.90389917520292,-173738713602185251097797408658165688484443373/53220162186434775685671788602328548271718400,-3.2645280747842085,-173738713602185251097797408658165688484443373/5316901717161526898766451937175038239399838557,-0.03267668331001934,defined
record,adult,10003,2,Phi,79025249772108867044630700129500769306619775/831479963571313135472755853259525624692736,95.0416765699143,153773768696438801105478928392054441351272135183089/1549990994278672430829298562822151718111662833664,99.20945945108625,-58140233387327972026259459224627593338119021601401/13949918948508051877463687065399365463004965502976,-4.167782881171943,-8305747626761138860894208460661084762588431657343/197709131181135601421330050789784281737349888092543,-0.04200993437754599,defined
record,adult,10004,2,Phi,4018419646062913364007300133528286293892603/41556984060219609850464623932604692824064,96.69661398526614,5573548675744916481274260938459653264381974983989/54469570147411047023200991880943622978357166080,102.32408041152549,-306525677257334676802612507441457853251062379829/54469570147411047023200991880943622978357166080,-5.627466426259359,-306525677257334676802612507441457853251062379829/5573548675744916481274260938459653264381974983989,-0.05499650134774626,defined
record,adult,10000,2,G,423504786947610516470363602155249912710756605/2176860737961007306064089976936396947980288,194.5484061347412,7605872602715728494770262594002907557343419920565/40123897122097286665373306454891668545172668416,189.55966763574853,200167630302628544811479320922658833741245822795/40123897122097286665373306454891668545172668416,4.988738498992685,40033526060525708962295864184531766748249164559/1521174520543145698954052518800581511468683984113,0.02631751026583818,defined
record,adult,10001,2,G,5085225498567758340274349740727967954192729914551/27085071040731318215830515014440056429184286720,187.750125924368,10140531241083562912024543725022119611573475512919/54170142081462636431661030028880112858368573440,187.19779663553285,29919756051953768524155756433816296811984316183/54170142081462636431661030028880112858368573440,0.5523292888351589,29919756051953768524155756433816296811984316183/10140531241083562912024543725022119611573475512919,0.0029505116981185598,defined
record,adult,10002,2,G,13076451024617836027897278712437540186500928058543/67712677601828295539576287536100141072960716800,193.11673216515604,101260541272719364229058582402542762717259281711037/541701420814626364316610300288801128583685734400,186.93054398941914,3351066924223323994119647296957558774748142757307/541701420814626364316610300288801128583685734400,6.186188175736907,3351066924223323994119647296957558774748142757307/101260541272719364229058582402542762717259281711037,0.03309351186656293,defined
record,adult,10003,2,G,8197843331744052677535721816143357424615287167/43236958105708283044583304369495332484022272,189.60268462229647,122164131299620812510176535162055717721459807889848077/657389930448441944725476252956945097444108999327744,185.83206958507247,2478764357068538305619071904667171024204482778302707/657389930448441944725476252956945097444108999327744,3.7706150372240055,2478764357068538305619071904667171024204482778302707/122164131299620812510176535162055717721459807889848077,0.020290443116966136,defined
record,adult,10004,2,G,163438088349891155695704413932385631795069714299/846183309434191695775160672515696755283591168,193.14737897533757,52469748270292537657323607218140007841396757125161947/277277346835395934871604649169943512771327153930240,189.23200495509968,1085644520199796241044815139224115985211686856334373/277277346835395934871604649169943512771327153930240,3.9153740202378766,1085644520199796241044815139224115985211686856334373/52469748270292537657323607218140007841396757125161947,0.020690865803418945,defined
record,adult,10000,2,population_average,83131541953693053620681158512880064344991137/854449023338476481756533639261169978966016,97.29257063093605,1120767531812716054327369839277351758758334373/12152163887480554407204033980603306367516672,92.22781573636915,553929583758266374500859736152482407333856179/109369474987324989664836305825429757307650048,5.0647548945669,553929583758266374500859736152482407333856179/10086907786314444488946328553496165828825009357,0.05491569819938457,defined
record,adult,10001,2,population_average,160469045817068640592426455142522018817491829/1708898046676952963513067278522339957932032,93.90205935872511,3745141523888018281981480135640643202406071927/41013553120246871124313614684536158990368768,91.3147298627775,106115575721629092236754787779885249213731969/41013553120246871124313614684536158990368768,2.5873294959476154,106115575721629092236754787779885249213731969/3745141523888018281981480135640643202406071927,0.028334196463546516,defined
record,adult,10002,2,population_average,989758730755885058380605864310966097507852539/10253388280061717781078403671134039747592192,96.52991808381292,3740604311366635570725590035956503089135280609/41013553120246871124313614684536158990368768,91.20410271208709,7046148763125956864413981331850364545036437/1323017842588608745945600473694714806140928,5.32581537172583,218430611656904662796833421287361300896129547/3740604311366635570725590035956503089135280609,0.058394471447609675,defined
record,adult,10003,2,population_average,971169396680907049091411402025573271698637703/10253388280061717781078403671134039747592192,94.71692382599026,975215638696752009573684325432129429872975713613005/10751456869153995784012068207863046862371230318592,90.70544118487351,14376427532442260111463825619412696357231671482641/3583818956384665261337356069287682287457076772864,4.011482641116758,43129282597326780334391476858238089071695014447923/975215638696752009573684325432129429872975713613005,0.04422538040403394,defined
record,adult,10004,2,population_average,123720560346768451734021587428919164145505899/1281673535007714722634800458891754968449024,96.53047907088425,2573250861611736527800024855209747253313769182365/27998585596755197354198094291310017870758412288,91.90645908591736,388398058050607669440764188112404581498567049769/83995756790265592062594282873930053612275236864,4.624019984966904,388398058050607669440764188112404581498567049769/7719752584835209583400074565629241759941307547095,0.050312241717899386,defined
record,adult,10000,2,pooled_SSE,249394625861079160862043475538640193034973411/85070591730234615865843651857942052864,2931619.7382513653,30260723358943333466838985660488497486475028071/10889035741470030830827987437816582766592,2779008.5437682755,1661788751274799123502579208457447222001568537/10889035741470030830827987437816582766592,152611.1944830898,553929583758266374500859736152482407333856179/10086907786314444488946328553496165828825009357,0.05491569819938457,defined
record,adult,10001,2,pooled_SSE,481407137451205921777279365427566056452475487/170141183460469231731687303715884105728,2829456.8525971053,3745141523888018281981480135640643202406071927/1361129467683753853853498429727072845824,2751495.4402252114,106115575721629092236754787779885249213731969/1361129467683753853853498429727072845824,77961.41237189356,106115575721629092236754787779885249213731969/3745141523888018281981480135640643202406071927,0.028334196463546516,defined
record,adult,10002,2,pooled_SSE,989758730755885058380605864310966097507852539/340282366920938463463374607431768211456,2908639.4917014507,3740604311366635570725590035956503089135280609/1361129467683753853853498429727072845824,2748162.022920608,218430611656904662796833421287361300896129547/1361129467683753853853498429727072845824,160477.4687808427,218430611656904662796833421287361300896129547/3740604311366635570725590035956503089135280609,0.058394471447609675,defined
record,adult,10003,2,pooled_SSE,971169396680907049091411402025573271698637703/340282366920938463463374607431768211456,2854010.3487247387,975215638696752009573684325432129429872975713613005/356811923176489970264571492362373784095686656,2733136.3537826086,43129282597326780334391476858238089071695014447923/356811923176489970264571492362373784095686656,120873.99494213016,43129282597326780334391476858238089071695014447923/975215638696752009573684325432129429872975713613005,0.04422538040403394,defined
record,adult,10004,2,pooled_SSE,123720560346768451734021587428919164145505899/42535295865117307932921825928971026432,2908656.3953638845,7719752584835209583400074565629241759941307547095/2787593149816327892691964784081045188247552,2769325.4251768617,388398058050607669440764188112404581498567049769/2787593149816327892691964784081045188247552,139330.97018702276,388398058050607669440764188112404581498567049769/7719752584835209583400074565629241759941307547095,0.050312241717899386,defined
record,bank,10000,0,Phi_A,1760448768215/37702598656,46.693035254079014,1760448768215/37702598656,46.693035254079014,0,0.0,0,0.0,defined
record,bank,10001,0,Phi_A,14605474972817/301654343680,48.41791699280397,14605474972817/301654343680,48.41791699280397,0,0.0,0,0.0,defined
record,bank,10002,0,Phi_A,14612086301371/301620789248,48.44522268442373,14612086301371/301620789248,48.44522268442373,0,0.0,0,0.0,defined
record,bank,10003,0,Phi_A,7304447559117/150827171840,48.42925495457596,7304447559117/150827171840,48.42925495457596,0,0.0,0,0.0,defined
record,bank,10004,0,Phi_A,14424259977703/301704675328,47.809202698041,14424259977703/301704675328,47.809202698041,0,0.0,0,0.0,defined
record,bank,10000,0,Phi_B,2762171999825/65162706944,42.3888467708804,2762171999825/65162706944,42.3888467708804,0,0.0,0,0.0,defined
record,bank,10001,0,Phi_B,2313989935229/57013174272,40.58693389337268,2313989935229/57013174272,40.58693389337268,0,0.0,0,0.0,defined
record,bank,10002,0,Phi_B,2929865919393/65162706944,44.9623113709946,2929865919393/65162706944,44.9623113709946,0,0.0,0,0.0,defined
record,bank,10003,0,Phi_B,19815872677223/456105394176,43.44581960715978,19815872677223/456105394176,43.44581960715978,0,0.0,0,0.0,defined
record,bank,10004,0,Phi_B,6579982461017/152018354176,43.284131687144786,6579982461017/152018354176,43.284131687144786,0,0.0,0,0.0,defined
record,bank,10000,0,Phi,1760448768215/37702598656,46.693035254079014,1760448768215/37702598656,46.693035254079014,0,0.0,0,0.0,defined
record,bank,10001,0,Phi,14605474972817/301654343680,48.41791699280397,14605474972817/301654343680,48.41791699280397,0,0.0,0,0.0,defined
record,bank,10002,0,Phi,14612086301371/301620789248,48.44522268442373,14612086301371/301620789248,48.44522268442373,0,0.0,0,0.0,defined
record,bank,10003,0,Phi,7304447559117/150827171840,48.42925495457596,7304447559117/150827171840,48.42925495457596,0,0.0,0,0.0,defined
record,bank,10004,0,Phi,14424259977703/301704675328,47.809202698041,14424259977703/301704675328,47.809202698041,0,0.0,0,0.0,defined
record,bank,10000,0,G,52179496169415165/585747572719616,89.08188202495941,52179496169415165/585747572719616,89.08188202495941,0,0.0,0,0.0,defined
record,bank,10001,0,G,364954377447171161/4100387493642240,89.00485088617664,364954377447171161/4100387493642240,89.00485088617664,0,0.0,0,0.0,defined
record,bank,10002,0,G,54713236346686159/585747572719616,93.40753405541834,54713236346686159/585747572719616,93.40753405541834,0,0.0,0,0.0,defined
record,bank,10003,0,G,94180851677597383/1025096873410560,91.87507456173574,94180851677597383/1025096873410560,91.87507456173574,0,0.0,0,0.0,defined
record,bank,10004,0,G,124513022127217797/1366873031573504,91.09333438518578,124513022127217797/1366873031573504,91.09333438518578,0,0.0,0,0.0,defined
record,bank,10000,0,population_average,33418794144495/757759737856,44.1020979011763,33418794144495/757759737856,44.1020979011763,0,0.0,0,0.0,defined
record,bank,10001,0,population_average,33117394454649/757759737856,43.7043469059878,33117394454649/757759737856,43.7043469059878,0,0.0,0,0.0,defined
record,bank,10002,0,population_average,17560573868561/378879868928,46.348659057148545,17560573868561/378879868928,46.348659057148545,0,0.0,0,0.0,defined
record,bank,10003,0,population_average,34424767795457/757759737856,45.42966071654611,34424767795457/757759737856,45.42966071654611,0,0.0,0,0.0,defined
record,bank,10004,0,population_average,17082103680377/378879868928,45.08580444959766,17082103680377/378879868928,45.08580444959766,0,0.0,0,0.0,defined
record,bank,10000,0,pooled_SSE,33418794144495/16777216,1991915.3538045287,33418794144495/16777216,1991915.3538045287,0,0.0,0,0.0,defined
record,bank,10001,0,pooled_SSE,33117394454649/16777216,1973950.532355845,33117394454649/16777216,1973950.532355845,0,0.0,0,0.0,defined
record,bank,10002,0,pooled_SSE,17560573868561/8388608,2093383.534975171,17560573868561/8388608,2093383.534975171,0,0.0,0,0.0,defined
record,bank,10003,0,pooled_SSE,34424767795457/16777216,2051876.0559235215,34424767795457/16777216,2051876.0559235215,0,0.0,0,0.0,defined
record,bank,10004,0,pooled_SSE,17082103680377/8388608,2036345.4437705278,17082103680377/8388608,2036345.4437705278,0,0.0,0,0.0,defined
record,bank,10000,1,Phi_A,99762174934347028267653181986639353614027215/3058798196252315848072274346204164452777984,32.61482730589324,51034019206594044445926276627020881906678821/1529399098126157924036137173102082226388992,33.368673532710766,-2305863478841060624199371267402410199330427/3058798196252315848072274346204164452777984,-0.7538462268175253,-768621159613686874733123755800803399776809/34022679471062696297284184418013921271119214,-0.022591435229768485,defined
record,bank,10001,1,Phi_A,117863216366406095380155409251026674952597/3296485429546591364801441509495254548480,35.75420516347235,28761247684289014249861349084671573762432493/764784619654809196633934430202899055247360,37.60699018407379,-1416981487282800121665294138433385173429989/764784619654809196633934430202899055247360,-1.85278502060144,-1416981487282800121665294138433385173429989/28761247684289014249861349084671573762432493,-0.04926703816318907,defined
record,bank,10002,1,Phi_A,12918248374262483570794794407788208448299045/382349774531539481009034293275520556597248,33.786467875102346,3365412894069145414300696598388976540282816737/97881542280074107138312779078533262488895488,34.3825078321661,-58341310257949620177229229995195177518261217/97881542280074107138312779078533262488895488,-0.5960399570637563,-58341310257949620177229229995195177518261217/3365412894069145414300696598388976540282816737,-0.017335557952120613,defined
record,bank,10003,1,Phi_A,51755279764023162271818209763820597454609773/1529569239309618393267868860405798110494720,33.836506667317174,13201383959113886318316224477722236195224479/382392309827404598316967215101449527623680,34.523141862011876,-1050256072432383001446688147068347326288143/1529569239309618393267868860405798110494720,-0.6866351946946994,-1050256072432383001446688147068347326288143/52805535836455545273264897910888944780897916,-0.019889128209685053,defined
record,bank,10004,1,Phi_A,1853638334080609155437925370481378526300019/54636587538743182039838085405763283451904,33.9266857170789,212414500451371416519632351392422979834521117/6119297804339236388461865565445487746613248,34.7122345150038,-4807007034343191110584709898508584888918989/6119297804339236388461865565445487746613248,-0.785548797924904,-4807007034343191110584709898508584888918989/212414500451371416519632351392422979834521117,-0.022630314899070043,defined
record,bank,10000,1,Phi_B,151129861972016945119919683948003647636560171/4625798495923237472321114413427457066532864,32.671086322763344,36971269607749445334229239543616360505967897/1156449623980809368080278603356864266633216,31.969632607501254,3244783541019163783002725773538205612688583/4625798495923237472321114413427457066532864,0.7014537152620945,3244783541019163783002725773538205612688583/147885078430997781336916958174465442023871588,0.021941250432058693,defined
record,bank,10001,1,Phi_B,1699984515884872050951281131885399000989913/48181856391211630561017198321041930190848,35.28266951945316,76416724675746288101890033329445865372225477/2312729106778158266928825519410012649160704,33.04179657348704,5182532086727570343771461001053286675290347/2312729106778158266928825519410012649160704,2.2408729459661223,5182532086727570343771461001053286675290347/76416724675746288101890033329445865372225477,0.06781934332723948,defined
record,bank,10002,1,Phi_B,9735065898400286095333707510626549840885027/289112405995202342020069650839216066658304,33.67225237149399,2460159887513707312876379662802846081921264115/74012775934771799557137830614839313064525824,33.23966513135341,32016982476765927529049459917550677345302797/74012775934771799557137830614839313064525824,0.4325872401405781,32016982476765927529049459917550677345302797/2460159887513707312876379662802846081921264115,0.013014187670998493,defined
record,bank,10003,1,Phi_B,104659964746993643351203609716660583766450967/3083638809037544355905100692546683532214272,33.9404097653252,3211231835768090305198398172928715878600771/96363712782423261122034396642083860381696,33.32407752925247,82632434887597981950211660127898941357665/134071252566849754604569595328116675313664,0.616332236072728,1900546002414753584854868182941675651226295/102759418744578889766348741533718908115224672,0.018495102693591458,defined
record,bank,10004,1,Phi_B,117926592342386060256669992471835837960597/3487894260939619250499589726175624167424,33.81025441712138,51025863232372081650793616402269874369214377/1541649263335311708720818658969625882001408,33.098230866065585,1097690582962556982654520270281566009369497/1541649263335311708720818658969625882001408,0.7120235510557936,1097690582962556982654520270281566009369497/51025863232372081650793616402269874369214377,0.021512435330367025,defined
record,bank,10000,1,Phi,151129861972016945119919683948003647636560171/4625798495923237472321114413427457066532864,32.671086322763344,51034019206594044445926276627020881906678821/1529399098126157924036137173102082226388992,33.368673532710766,-29006584922418560712885569926838948673744408229/41581302679853981638694497462299411571063914496,-0.6975872099474211,-29006584922418560712885569926838948673744408229/1387512914188878880395843608935443737278783785348,-0.020905452212944205,defined
record,bank,10001,1,Phi,117863216366406095380155409251026674952597/3296485429546591364801441509495254548480,35.75420516347235,28761247684289014249861349084671573762432493/764784619654809196633934430202899055247360,37.60699018407379,-1416981487282800121665294138433385173429989/764784619654809196633934430202899055247360,-1.85278502060144,-1416981487282800121665294138433385173429989/28761247684289014249861349084671573762432493,-0.04926703816318907,defined
record,bank,10002,1,Phi,12918248374262483570794794407788208448299045/382349774531539481009034293275520556597248,33.786467875102346,3365412894069145414300696598388976540282816737/97881542280074107138312779078533262488895488,34.3825078321661,-58341310257949620177229229995195177518261217/97881542280074107138312779078533262488895488,-0.5960399570637563,-58341310257949620177229229995195177518261217/3365412894069145414300696598388976540282816737,-0.017335557952120613,defined
record,bank,10003,1,Phi,104659964746993643351203609716660583766450967/3083638809037544355905100692546683532214272,33.9404097653252,13201383959113886318316224477722236195224479/382392309827404598316967215101449527623680,34.523141862011876,-8077224212223724402666279192086293574299818127/13860956446623761879793427612997342477303152640,-0.5827320966866733,-8077224212223724402666279192086293574299818127/478523765749960151266326504868475617604496914792,-0.01687946302847634,defined
record,bank,10004,1,Phi,1853638334080609155437925370481378526300019/54636587538743182039838085405763283451904,33.9266857170789,212414500451371416519632351392422979834521117/6119297804339236388461865565445487746613248,34.7122345150038,-4807007034343191110584709898508584888918989/6119297804339236388461865565445487746613248,-0.785548797924904,-4807007034343191110584709898508584888918989/212414500451371416519632351392422979834521117,-0.022630314899070043,defined
record,bank,10000,1,G,2714673335323973821953435394934980161634125337829/41581302679853981638694497462299411571063914496,65.28591362865659,339606485525639742104173768245714199453920686235/5197662834981747704836812182787426446382989312,65.33830614021203,-2178548881144114879954751030733433997240152051/41581302679853981638694497462299411571063914496,-0.05239251155543079,-2178548881144114879954751030733433997240152051/2716851884205117936833390145965713595631365489880,-0.000801865163798395,defined
record,bank,10001,1,G,1061033433280496353962381310200875554517090037/14936375481275605473915331479522998359162880,71.03687468292551,45902801074376258482272563620237491687556149779/649732333435488838115316919359250428623585280,70.64878675756083,504306546650665830182046747001189867874533661/1299464666870977676230633838718500857247170560,0.3880879253646824,504306546650665830182046747001189867874533661/91805602148752516964545127240474983375112299558,0.005493200140809909,defined
record,bank,10002,1,G,21914230195072784067705864300344813667850514571/324853927186359231552300761424214152898936832,67.45872024659634,11247272167462174104111902892046164243673137122781/166325210719415926554777989849197646284255657984,67.62217296351952,-27186307584908661446500370269619645733673662429/166325210719415926554777989849197646284255657984,-0.16345271692317823,-1006900280922543016537050750726653545691617127/416565635831932374226366773779487564580486560103,-0.0024171467694680104,defined
record,bank,10003,1,G,939452886759314323370876842556131578163870859591/13860956446623761879793427612997342477303152640,67.77691643264238,117553419125855282595758012257817763697803976929/1732619555827970234974178451624667809662894080,67.84721939126435,-42368097718605973703793717670023105154824167/602650280287989646947540330999884455534919680,-0.07030295862197135,-974466247527937395187255506410531418560955841/940427353006842260766064098062542109582431815432,-0.001036195134490997,defined
record,bank,10004,1,G,606950102516809690291204971419092346033976809/8960400356353881854533446006545178486112256,67.73694013420027,3759883985605370693736831943490782921843760124319/55446957405117820915852963888501564472062640128,67.81046538106938,-4076751231352330214855580349439484585511630227/55446957405117820915852963888501564472062640128,-0.07352524686911029,-4076751231352330214855580349439484585511630227/3759883985605370693736831943490782921843760124319,-0.001084275803976952,defined
record,bank,10000,1,population_average,125446018453181986693786432967321500625293693/3842298346087776660196694379815810759655424,32.64869282753927,124976558422092935114384755714253602918614615/3842298346087776660196694379815810759655424,32.52651074046447,234730015544525789700838626533948853339539/1921149173043888330098347189907905379827712,0.12218208707479865,469460031089051579401677253067897706679078/124976558422092935114384755714253602918614615,0.003756384693387924,defined
record,bank,10001,1,population_average,2129496705570098229719587565983992644148763/60035911657621510315573349684622043119616,35.4703817560795,133939220044324316601612731498789012897090463/3842298346087776660196694379815810759655424,34.85914106089681,2348569112161970100440872724186516328430369/3842298346087776660196694379815810759655424,0.6112406951826841,2348569112161970100440872724186516328430369/133939220044324316601612731498789012897090463,0.017534588534894868,defined
record,bank,10002,1,population_average,32388380171063055761462209429041308130069099/960574586521944165049173594953952689913856,33.71771502755986,8285732669096560040053455923994668704125344967/245907094149617706252588440308211888617947136,33.69456541198952,5692654695582234880869689839906177172344377/245907094149617706252588440308211888617947136,0.02314961557033667,1897551565194078293623229946635392390781459/2761910889698853346684485307998222901375114989,0.0006870430078940667,defined
record,bank,10003,1,population_average,521001013297073579140883668205264141117791993/15369193384351106640786777519263243038621696,33.899047286863876,32468774973722428149506613515294531466829105/960574586521944165049173594953952689913856,33.801409520197296,1500613717514728748777851960551637648526313/15369193384351106640786777519263243038621696,0.09763776666657417,1500613717514728748777851960551637648526313/519500399579558850392105816244712503469265680,0.0028885708629467904,defined
record,bank,10004,1,population_average,130087204077259014302434115382305759304276343/3842298346087776660196694379815810759655424,33.85661194418014,518569679845603906424394049806042226049807379/15369193384351106640786777519263243038621696,33.740852032847144,1779136463432150785342411723180811167297993/15369193384351106640786777519263243038621696,0.11575991133299587,1779136463432150785342411723180811167297993/518569679845603906424394049806042226049807379,0.0034308532345390134,defined
record,bank,10000,1,pooled_SSE,125446018453181986693786432967321500625293693/85070591730234615865843651857942052864,1474610.8602486385,124976558422092935114384755714253602918614615/85070591730234615865843651857942052864,1469092.3841038183,234730015544525789700838626533948853339539/42535295865117307932921825928971026432,5518.476144820356,469460031089051579401677253067897706679078/124976558422092935114384755714253602918614615,0.003756384693387924,defined
record,bank,10001,1,pooled_SSE,2129496705570098229719587565983992644148763/1329227995784915872903807060280344576,1602055.2623950865,133939220044324316601612731498789012897090463/85070591730234615865843651857942052864,1574447.9651564653,2348569112161970100440872724186516328430369/85070591730234615865843651857942052864,27607.29723862111,2348569112161970100440872724186516328430369/133939220044324316601612731498789012897090463,0.017534588534894868,defined
record,bank,10002,1,pooled_SSE,32388380171063055761462209429041308130069099/21267647932558653966460912964485513216,1522894.3169347686,8285732669096560040053455923994668704125344967/5444517870735015415413993718908291383296,1521848.741397919,5692654695582234880869689839906177172344377/5444517870735015415413993718908291383296,1045.575536849826,1897551565194078293623229946635392390781459/2761910889698853346684485307998222901375114989,0.0006870430078940667,defined
record,bank,10003,1,pooled_SSE,521001013297073579140883668205264141117791993/340282366920938463463374607431768211456,1531084.3697584937,32468774973722428149506613515294531466829105/21267647932558653966460912964485513216,1526674.4623892312,1500613717514728748777851960551637648526313/340282366920938463463374607431768211456,4409.907369262489,1500613717514728748777851960551637648526313/519500399579558850392105816244712503469265680,0.0028885708629467904,defined
record,bank,10004,1,pooled_SSE,130087204077259014302434115382305759304276343/85070591730234615865843651857942052864,1529167.7350708402,518569679845603906424394049806042226049807379/340282366920938463463374607431768211456,1523939.322915574,1779136463432150785342411723180811167297993/340282366920938463463374607431768211456,5228.412155266092,1779136463432150785342411723180811167297993/518569679845603906424394049806042226049807379,0.0034308532345390134,defined
record,bank,10000,2,Phi_A,6272893866806755878313648729061157234517565733/195763084560148214276625558157066524977790976,32.043292947192036,6255396804641822945545250293987070579691221/191174887265769740504517146637760278298624,32.720808125523426,-132632461146470817924687571981603039086244571/195763084560148214276625558157066524977790976,-0.677515178331385,-132632461146470817924687571981603039086244571/6405526327953226696238336301042760273603810304,-0.020705942705702873,defined
record,bank,10001,2,Phi_A,421990120310900402973563886711583325998069587/12236553914476947146142950883246384883957760,34.48602631592609,220929910030174165533162959051133155663997/5974879841053196848702612735960148869120,36.976460766988524,-30474335430896288038353853425137376801796269/12236553914476947146142950883246384883957760,-2.490434451062435,-10158111810298762679451284475045792267265423/150821485247265563670639246712240234266621952,-0.0673518881851943,defined
record,bank,10002,2,Phi_A,12401293066812580955088864130816863233996901/382349774531539481009034293275520556597248,32.43441971950114,405763289479211115117009906192225892903757475/12235192785009263392289097384816657811111936,33.16362043566311,-8921911341208524554166254006086269415856643/12235192785009263392289097384816657811111936,-0.7292007161619701,-2973970447069508184722084668695423138618881/135254429826403705039003302064075297634585825,-0.021987970751764202,defined
record,bank,10003,2,Phi_A,1581547944025058635950071607764174948919827/47799038728425574789620901887681190952960,33.08744246951831,6446597342496947807521084601766796258995271/191196154913702299158483607550724763811840,33.71719135987156,-120405566396713263720798170710096463315963/191196154913702299158483607550724763811840,-0.629748890353256,-120405566396713263720798170710096463315963/6446597342496947807521084601766796258995271,-0.01867738281139129,defined
record,bank,10004,2,Phi_A,806011653135174504384438386025194734898420827/24477191217356945553847462261781950986452992,32.92909084125739,415893171901801323426198061350509176992330547/12238595608678472776923731130890975493226496,33.98209935189693,-3682098666918306066851105239403374155177181/3496741602479563650549637465968850140921856,-1.053008510639535,-25774690668428142467957736675823619086240267/831786343803602646852396122701018353984661094,-0.030987152963542687,defined
record,bank,10000,2,Phi_B,2370262814823156919069308820685765584866563403/74012775934771799557137830614839313064525824,32.02504952539671,9070927252674580793276007735513245627710475/289112405995202342020069650839216066658304,31.375088251401802,48105438138464235990650840394374704172681803/74012775934771799557137830614839313064525824,0.6499612739949119,3700418318343402768511603107259592628667831/178627490514207129467589075407030067745683200,0.020715838909739877,defined
record,bank,10001,2,Phi_B,27685923230756142092291673035847772428946337/804427515401098527627417571968700051881984,34.41692719443039,290504580981439086879673784495329269013577/9034098073352180730190724685195361910784,32.156456419079454,13940950819134672731045523059354807641986685/6167277618075088711810201385093367064428544,2.2604707753509365,41822852457404018193136569178064422925960055/594953381849987249929571910646434342939805696,0.07029601601281311,defined
record,bank,10002,2,Phi_B,1171889188673964343076646765647863019924083/36139050749400292752508706354902008332288,32.42722662529843,1179036223671312303310137727883816283835296249/37006387967385899778568915307419656532262912,31.86034326588179,20978305530827184000348560139595448566964743/37006387967385899778568915307419656532262912,0.5668833594166384,20978305530827184000348560139595448566964743/1179036223671312303310137727883816283835296249,0.017792757431577814,defined
record,bank,10003,2,Phi_B,76464890984771515890629775665881222789502413/2312729106778158266928825519410012649160704,33.0626231843011,18734957081491440864793960386497304791898455/578182276694539566732206379852503162290176,32.403201960113584,1525062658805752431453934119892003621908593/2312729106778158266928825519410012649160704,0.6594212241875155,1525062658805752431453934119892003621908593/74939828325965763459175841545989219167593820,0.020350495762709617,defined
record,bank,10004,2,Phi_B,406950633481873725329627429311680127548981193/12333194106682493669766549271757007056011264,32.99636979372405,1181208956498112591123169582243870786402047631/36999582320047481009299647815271021168033792,31.924926781081478,9910735986877146216428176422792399061223987/9249895580011870252324911953817755292008448,1.0714430126425738,39642943947508584865712705691169596244895948/1181208956498112591123169582243870786402047631,0.03356133030436595,defined
record,bank,10000,2,Phi,6272893866806755878313648729061157234517565733/195763084560148214276625558157066524977790976,32.043292947192036,6255396804641822945545250293987070579691221/191174887265769740504517146637760278298624,32.720808125523426,-132632461146470817924687571981603039086244571/195763084560148214276625558157066524977790976,-0.677515178331385,-132632461146470817924687571981603039086244571/6405526327953226696238336301042760273603810304,-0.020705942705702873,defined
record,bank,10001,2,Phi,421990120310900402973563886711583325998069587/12236553914476947146142950883246384883957760,34.48602631592609,220929910030174165533162959051133155663997/5974879841053196848702612735960148869120,36.976460766988524,-30474335430896288038353853425137376801796269/12236553914476947146142950883246384883957760,-2.490434451062435,-10158111810298762679451284475045792267265423/150821485247265563670639246712240234266621952,-0.0673518881851943,defined
record,bank,10002,2,Phi,12401293066812580955088864130816863233996901/382349774531539481009034293275520556597248,32.43441971950114,405763289479211115117009906192225892903757475/12235192785009263392289097384816657811111936,33.16362043566311,-8921911341208524554166254006086269415856643/12235192785009263392289097384816657811111936,-0.7292007161619701,-2973970447069508184722084668695423138618881/135254429826403705039003302064075297634585825,-0.021987970751764202,defined
record,bank,10003,2,Phi,1581547944025058635950071607764174948919827/47799038728425574789620901887681190952960,33.08744246951831,6446597342496947807521084601766796258995271/191196154913702299158483607550724763811840,33.71719135987156,-120405566396713263720798170710096463315963/191196154913702299158483607550724763811840,-0.629748890353256,-120405566396713263720798170710096463315963/6446597342496947807521084601766796258995271,-0.01867738281139129,defined
record,bank,10004,2,Phi,406950633481873725329627429311680127548981193/12333194106682493669766549271757007056011264,32.99636979372405,415893171901801323426198061350509176992330547/12238595608678472776923731130890975493226496,33.98209935189693,-218622819299908380526871206481983571741685379015/221787829620471283663411855554006257888250560512,-0.9857295581728766,-218622819299908380526871206481983571741685379015/7536816061204443583129561267793927305455014172734,-0.02900731788125538,defined
record,bank,10000,2,G,85249444497576234795925904389717379407746971146335/1330601685755327412438223918793581170274045263872,64.06834247258875,166574429236592747872500166030988802407811918049/2598831417490873852418406091393713223191494656,64.09589637692523,-36663271559252114794180618148887425052730894753/1330601685755327412438223918793581170274045263872,-0.027553904336473086,-36663271559252114794180618148887425052730894753/85286107769135486910720085007866266832799702041088,-0.0004298856228554532,defined
record,bank,10001,2,G,498292610948239855567078397638817219801086695547/7231803363455875763370483971998613466419036160,68.90295351035648,5614736450063294823140551424995063113372768451/81216541679436104764414614919906303577948160,69.13291718606798,-12750065973370373249682057565697733587478596689/55443825786495047519173710451989369909212610560,-0.22996367571149864,-38250197920111119749046172697093200762435790067/11498980249729627797791849318389889256187429787648,-0.0033263991318717577,defined
record,bank,10002,2,G,168564484311047236591066831708431344890257592793/2598831417490873852418406091393713223191494656,64.86164634479958,21630248928942218092256093365501862151662836212561/332650421438831853109555979698395292568511315968,65.0239637015449,-53994937128171808599538906822650005709864335057/332650421438831853109555979698395292568511315968,-0.1623173567453317,-53994937128171808599538906822650005709864335057/21630248928942218092256093365501862151662836212561,-0.00249626979816789,defined
record,bank,10003,2,G,687677384226669916543890015447550977729488681011/10395717334967821409845070709748006857977364480,66.15006565381941,21480278719733129779360369366140180823513284241/324866166717744419057658459679625214311792640,66.12039331998515,308465195209763604358195731065191377063585299/10395717334967821409845070709748006857977364480,0.029672333834259493,308465195209763604358195731065191377063585299/687368919031460152939531819716485786352425095712,0.000448762210028943,defined
record,bank,10004,2,G,7310732415481175693415043138543116613313959953583/110893914810235641831705927777003128944125280256,65.92546063498145,43852128848318889475556642400873310268233065066475/665363488861413850990235566662018773664751681536,65.9070261329784,1752234938309240704802347197912773092956379289/95051926980201978712890795237431253380678811648,0.0184345020030389,12265644568164684933616430385389411650694655023/43852128848318889475556642400873310268233065066475,0.0002797046549459571,defined
record,bank,10000,2,population_average,15753945126099383554590884011804219573983819345/491814188299235412505176880616423777235894272,32.03231118764346,478947626791137616838164313421884881481303/15008977914405377578893337421155510779904,31.91074232519533,59789291407386126037915789595895777604482641/491814188299235412505176880616423777235894272,0.12156886244812526,59789291407386126037915789595895777604482641/15694155834691997428552968222208323796379336704,0.0038096532261532442,defined
record,bank,10001,2,population_average,48125743391740530504376016660731004175628879/1397199398577373330980616138114840276238336,34.44443466032271,255717245505806626206418371773231212338787/7504488957202688789446668710577755389952,34.075237762909,5674258513253865077391357876463523062081893/15369193384351106640786777519263243038621696,0.36919689741371775,5674258513253865077391357876463523062081893/523708918795891970470744825391577522869835776,0.010834756311387788,defined
record,bank,10002,2,population_average,31151520085596010444315212381182671552782229/960574586521944165049173594953952689913856,32.43008978447959,1990562802629734533544157540268268069642811199/61476773537404426563147110077052972154486784,32.37910332783832,284952986219103172001459284311173612295587/5588797594309493323922464552459361104953344,0.05098645664127145,3134482848410134892016052127422909735251457/1990562802629734533544157540268268069642811199,0.0015746716678665784,defined
record,bank,10003,2,population_average,127074425193573392241032067114334821154936877/3842298346087776660196694379815810759655424,33.072503420501015,31628151766485336479836129590030897309888997/960574586521944165049173594953952689913856,32.92628413271352,561818127632046321687548754211231915380889/3842298346087776660196694379815810759655424,0.14621928778750062,561818127632046321687548754211231915380889/126512607065941345919344518360123589239555988,0.00444080744727056,defined
record,bank,10004,2,population_average,1013431776790397840186660336980117558772682203/30738386768702213281573555038526486077243392,32.96958244478441,182999572754701385270505973176808103671518975/5588797594309493323922464552459361104953344,32.74399719557411,13868253279080442397754969015345977158655681/61476773537404426563147110077052972154486784,0.22558524921029818,13868253279080442397754969015345977158655681/2012995300301715237975565704944889140386708725,0.006889361975659763,defined
record,bank,10000,2,pooled_SSE,15753945126099383554590884011804219573983819345/10889035741470030830827987437816582766592,1446771.3671011042,478947626791137616838164313421884881481303/332306998946228968225951765070086144,1441280.5878597724,59789291407386126037915789595895777604482641/10889035741470030830827987437816582766592,5490.779241332026,59789291407386126037915789595895777604482641/15694155834691997428552968222208323796379336704,0.0038096532261532442,defined
record,bank,10001,2,pooled_SSE,529383177309145835548136183268041045931917669/340282366920938463463374607431768211456,1555717.3358681358,255717245505806626206418371773231212338787/166153499473114484112975882535043072,1539042.1887995477,5674258513253865077391357876463523062081893/340282366920938463463374607431768211456,16675.147068587976,5674258513253865077391357876463523062081893/523708918795891970470744825391577522869835776,0.010834756311387788,defined
record,bank,10002,2,pooled_SSE,31151520085596010444315212381182671552782229/21267647932558653966460912964485513216,1464737.4352058053,1990562802629734533544157540268268069642811199/1361129467683753853853498429727072845824,1462434.5809051457,3134482848410134892016052127422909735251457/1361129467683753853853498429727072845824,2302.8543006596665,3134482848410134892016052127422909735251457/1990562802629734533544157540268268069642811199,0.0015746716678665784,defined
record,bank,10003,2,pooled_SSE,127074425193573392241032067114334821154936877/85070591730234615865843651857942052864,1493752.6894903488,31628151766485336479836129590030897309888997/21267647932558653966460912964485513216,1487148.5491381388,561818127632046321687548754211231915380889/85070591730234615865843651857942052864,6604.140352210254,561818127632046321687548754211231915380889/126512607065941345919344518360123589239555988,0.00444080744727056,defined
record,bank,10004,2,pooled_SSE,1013431776790397840186660336980117558772682203/680564733841876926926749214863536422912,1489104.1607011326,2012995300301715237975565704944889140386708725/1361129467683753853853498429727072845824,1478915.3773353002,13868253279080442397754969015345977158655681/1361129467683753853853498429727072845824,10188.783365832327,13868253279080442397754969015345977158655681/2012995300301715237975565704944889140386708725,0.006889361975659763,defined
record,credit,10000,0,Phi_A,388433100037/22540189696,17.232911757878046,388433100037/22540189696,17.232911757878046,0,0.0,0,0.0,defined
record,credit,10001,0,Phi_A,183738950547/11278483456,16.291104319460022,183738950547/11278483456,16.291104319460022,0,0.0,0,0.0,defined
record,credit,10002,0,Phi_A,806888419807/45130711040,17.878921054264868,806888419807/45130711040,17.878921054264868,0,0.0,0,0.0,defined
record,credit,10003,0,Phi_A,1371512610631/90244644864,15.19771741246131,1371512610631/90244644864,15.19771741246131,0,0.0,0,0.0,defined
record,credit,10004,0,Phi_A,1400734011621/90261422080,15.518634421464236,1400734011621/90261422080,15.518634421464236,0,0.0,0,0.0,defined
record,credit,10000,0,Phi_B,7613643563421/412652404736,18.450500896249306,7613643563421/412652404736,18.450500896249306,0,0.0,0,0.0,defined
record,credit,10001,0,Phi_B,3595096307125/206292647936,17.427166421560205,3595096307125/206292647936,17.427166421560205,0,0.0,0,0.0,defined
record,credit,10002,0,Phi_B,1627843529839/82510348288,19.7289620467612,1627843529839/82510348288,19.7289620467612,0,0.0,0,0.0,defined
record,credit,10003,0,Phi_B,7398857842331/412568518656,17.9336461890835,7398857842331/412568518656,17.9336461890835,0,0.0,0,0.0,defined
record,credit,10004,0,Phi_B,1483129572161/82510348288,17.975073465744913,1483129572161/82510348288,17.975073465744913,0,0.0,0,0.0,defined
record,credit,10000,0,Phi,7613643563421/412652404736,18.450500896249306,7613643563421/412652404736,18.450500896249306,0,0.0,0,0.0,defined
record,credit,10001,0,Phi,3595096307125/206292647936,17.427166421560205,3595096307125/206292647936,17.427166421560205,0,0.0,0,0.0,defined
record,credit,10002,0,Phi,1627843529839/82510348288,19.7289620467612,1627843529839/82510348288,19.7289620467612,0,0.0,0,0.0,defined
record,credit,10003,0,Phi,7398857842331/412568518656,17.9336461890835,7398857842331/412568518656,17.9336461890835,0,0.0,0,0.0,defined
record,credit,10004,0,Phi,1483129572161/82510348288,17.975073465744913,1483129572161/82510348288,17.975073465744913,0,0.0,0,0.0,defined
record,credit,10000,0,G,39565661311932331/1108797011525632,35.68341265412735,39565661311932331/1108797011525632,35.68341265412735,0,0.0,0,0.0,defined
record,credit,10001,0,G,18704230513562773/554720930299904,33.71827074102023,18704230513562773/554720930299904,33.71827074102023,0,0.0,0,0.0,defined
record,credit,10002,0,G,1043397042984717/27744104611840,37.60788310102607,1043397042984717/27744104611840,37.60788310102607,0,0.0,0,0.0,defined
record,credit,10003,0,G,12254220490320895/369867676975104,33.13136360154481,12254220490320895/369867676975104,33.13136360154481,0,0.0,0,0.0,defined
record,credit,10004,0,G,7434023483689129/221952836894720,33.49370788720915,7434023483689129/221952836894720,33.49370788720915,0,0.0,0,0.0,defined
record,credit,10000,0,population_average,9167375963569/502813163520,18.232171766132286,9167375963569/502813163520,18.232171766132286,0,0.0,0,0.0,defined
record,credit,10001,0,population_average,4330052109313/251406581760,17.22330449346228,4330052109313/251406581760,17.22330449346228,0,0.0,0,0.0,defined
record,credit,10002,0,population_average,9752994488809/502813163520,19.396855922649415,9752994488809/502813163520,19.396855922649415,0,0.0,0,0.0,defined
record,credit,10003,0,population_average,1461728408827/83802193920,17.44260311636242,1461728408827/83802193920,17.44260311636242,0,0.0,0,0.0,defined
record,credit,10004,0,population_average,4408190936213/251406581760,17.534111101439606,4408190936213/251406581760,17.534111101439606,0,0.0,0,0.0,defined
record,credit,10000,0,pooled_SSE,9167375963569/16777216,546418.1878309846,9167375963569/16777216,546418.1878309846,0,0.0,0,0.0,defined
record,credit,10001,0,pooled_SSE,4330052109313/8388608,516182.4356690645,4330052109313/8388608,516182.4356690645,0,0.0,0,0.0,defined
record,credit,10002,0,pooled_SSE,9752994488809/16777216,581323.7720018029,9752994488809/16777216,581323.7720018029,0,0.0,0,0.0,defined
record,credit,10003,0,pooled_SSE,4385185226481/8388608,522754.8153973818,4385185226481/8388608,522754.8153973818,0,0.0,0,0.0,defined
record,credit,10004,0,pooled_SSE,4408190936213/8388608,525497.309710145,4408190936213/8388608,525497.309710145,0,0.0,0,0.0,defined
record,credit,10000,1,Phi_A,6223528623643766376288683338204378748379033/457169359958280825663043785084580592091136,13.613179641373378,400426038121471598141595371154492067243425/28573084997392551603940236567786287005696,14.014098868148562,-183287986299779193976842600267494327515767/457169359958280825663043785084580592091136,-0.4009192267751829,-61095995433259731325614200089164775838589/2135605536647848523421841979490624358631600,-0.02860827731752326,defined
record,credit,10001,1,Phi_A,46947408923735616939200865638314207144997/3574294080665638782238337185093846564864,13.134735940639956,25428905438762454514897993674118726810956089/1830038569300807056506028638768049441210368,13.89528388381341,-1391832069809818642027150467301852752717625/1830038569300807056506028638768049441210368,-0.7605479431734536,-1391832069809818642027150467301852752717625/25428905438762454514897993674118726810956089,-0.054734250090378835,defined
record,credit,10002,1,Phi_A,94815506832873758209921105467492523612513/7151246617322847396222481984308253818880,13.258598382441054,391801850507988364661489978676348035734151/28604986469291389584889927937233015275520,13.696977305988364,-12539823176493331821805556806377941284099/28604986469291389584889927937233015275520,-0.4383789235473102,-12539823176493331821805556806377941284099/391801850507988364661489978676348035734151,-0.032005523098563464,defined
record,credit,10003,1,Phi_A,986614102879700910012397035889391837151/74478306138823567503641439346333057024,13.246999751051066,1524078882129430101286809438002710726967/111717459208235351255462159019499585536,13.642262301084282,-88315455619757472536427768337245942481/223434918416470702510924318038999171072,-0.3952625500332146,-88315455619757472536427768337245942481/3048157764258860202573618876005421453934,-0.028973387353928775,defined
record,credit,10004,1,Phi_A,768572547020979517272986614582596915585179/57209972938582779169779855874466030551040,13.434240702159975,25632379519715855656168608032970416224169/1787811654330711849055620496077063454720,14.337293001544749,-51663597609927863724408842472456403588229/57209972938582779169779855874466030551040,-0.9030522993847738,-51663597609927863724408842472456403588229/820236144630907380997395457055053319173408,-0.06298624847015931,defined
record,credit,10000,1,Phi_B,14437521864175245922590987749643771576845557/1046198137098425305918145230548971366121472,13.799988121004443,1781808054614233802788170145630325608715657/130774767137303163239768153818621420765184,13.62501416457103,16641584296488681844147871327378791556391/95108921554402300538013202777179215101952,0.17497395643341088,183057427261375500285626584601166707120301/14254464436913870422305361165042604869725256,0.012842111892139801,defined
record,credit,10001,1,Phi_B,434261523778429647961204985016427582466655/32688374872342651146450423226414233812992,13.28489181473058,108907864737883633769706336884996049394341677/8368223967319718693491308345962043856125952,13.014453862994065,2263085349394356108362139279209411717122003/8368223967319718693491308345962043856125952,0.27043795173651475,2263085349394356108362139279209411717122003/108907864737883633769706336884996049394341677,0.020779815625263483,defined
record,credit,10002,1,Phi_B,107693803973684061382950317310564221413229/8171429104087770328676153903073418280960,13.179310816000358,340740255286109662494015439323806157874655/26148573133080865051763692489834938499072,13.030931116277056,19399587148396669657127880349996753238389/130742865665404325258818462449174692495360,0.14837969972330173,19399587148396669657127880349996753238389/1703701276430548312470077196619030789373275,0.01138673041851624,defined
record,credit,10003,1,Phi_B,13815619964246543829712987978795112144773/1021470176385839569705547481854811045888,13.52523087177043,975430387962759652167061635992268964385/72962155456131397836110534418200788992,13.368990840042255,53198177589302899791375024967782214461/340490058795279856568515827284937015296,0.1562400317281756,159594532767908699374125074903346643383/13656025431478635130338862903891765501390,0.011686748356518567,defined
record,credit,10004,1,Phi_B,6978396930173777475493676078311833183736257/522971462661617301035273849796698769981440,13.343743260211255,53050384611362808967269741249110816918717/4085714552043885164338076951536709140480,12.984359023521177,187947699919337927683149198425648618140481/522971462661617301035273849796698769981440,0.359384236690076,187947699919337927683149198425648618140481/6790449230254439547810526879886184565595776,0.02767824241759267,defined
record,credit,10000,1,Phi,14437521864175245922590987749643771576845557/1046198137098425305918145230548971366121472,13.799988121004443,400426038121471598141595371154492067243425/28573084997392551603940236567786287005696,14.014098868148562,-601894085503975917560734912370733316693113541/2811134394383468797002056234485086060768395264,-0.21411074714411932,-601894085503975917560734912370733316693113541/39395515334542861711562718995663547543677125200,-0.015278238662262703,defined
record,credit,10001,1,Phi,434261523778429647961204985016427582466655/32688374872342651146450423226414233812992,13.28489181473058,25428905438762454514897993674118726810956089/1830038569300807056506028638768049441210368,13.89528388381341,-1716892061291578241632449726426922492348779353/2812769281015340445849766017786491991140335616,-0.6103920690828302,-1716892061291578241632449726426922492348779353/39084227659377892589398216277120483108439508793,-0.043928002780416364,defined
record,credit,10002,1,Phi,94815506832873758209921105467492523612513/7151246617322847396222481984308253818880,13.258598382441054,391801850507988364661489978676348035734151/28604986469291389584889927937233015275520,13.696977305988364,-12539823176493331821805556806377941284099/28604986469291389584889927937233015275520,-0.4383789235473102,-12539823176493331821805556806377941284099/391801850507988364661489978676348035734151,-0.032005523098563464,defined
record,credit,10003,1,Phi,13815619964246543829712987978795112144773/1021470176385839569705547481854811045888,13.52523087177043,1524078882129430101286809438002710726967/111717459208235351255462159019499585536,13.642262301084282,-214342597735823993820566480636803582319009/1831496026259810348482046634965676205277184,-0.11703142931385101,-214342597735823993820566480636803582319009/24985749193629877080495953926616439657896998,-0.008578593984705117,defined
record,credit,10004,1,Phi,768572547020979517272986614582596915585179/57209972938582779169779855874466030551040,13.434240702159975,25632379519715855656168608032970416224169/1787811654330711849055620496077063454720,14.337293001544749,-51663597609927863724408842472456403588229/57209972938582779169779855874466030551040,-0.9030522993847738,-51663597609927863724408842472456403588229/820236144630907380997395457055053319173408,-0.06298624847015931,defined
record,credit,10000,1,G,9632762344478050655225137241238942393845835697/351391799297933599625257029310635757596049408,27.41316776237782,9712157659566303942037153055766628353578611009/351391799297933599625257029310635757596049408,27.639113032719592,-451109744819620947795544400725488407572587/1996544314192804543325324030174066804523008,-0.22594527034177198,-79395315088253286812015814527685959732775312/9712157659566303942037153055766628353578611009,-0.008174837957871318,defined
record,credit,10001,1,G,2322259917692703615136507892486596751362601519/87899040031729388932805188055827874723135488,26.419627755370538,605527069555192231921926070100718241688900839797/22502154248122723566798128142291935929122684928,26.909737746807476,-11028530625860106446980049624149473340074850933/22502154248122723566798128142291935929122684928,-0.4901099914369389,-11028530625860106446980049624149473340074850933/605527069555192231921926070100718241688900839797,-0.01821310917439486,defined
record,credit,10002,1,G,92981679490680934306861016239379664008887655/3516983086399376349462216639882799228125184,26.43790919844141,1880032037118778380811505389346178384553099259/70339661727987526989244332797655984562503680,26.72790842226542,-20398447305159694674285064558585104375346159/70339661727987526989244332797655984562503680,-0.28999922382400845,-20398447305159694674285064558585104375346159/1880032037118778380811505389346178384553099259,-0.010850053032298908,defined
record,credit,10003,1,G,24516616999904389082395121477767835371479115/915748013129905174241023317482838102638592,26.772230622821496,588940509431798450823732560872552085736777/21803524122140599386691031368639002443776,27.011253141126534,-218884396231145852201646078879352229465519/915748013129905174241023317482838102638592,-0.239022518305039,-218884396231145852201646078879352229465519/24735501396135534934596767556647187600944634,-0.008848997751278351,defined
record,credit,10004,1,G,1883554333670667386941036475162244470924504147/70339661727987526989244332797655984562503680,26.77798396237123,120112235080807671507300848737117492499771063/4396228857999220436827770799853499035156480,27.321652025065926,-38241427622255357175777104631635409071832861/70339661727987526989244332797655984562503680,-0.5436680626946978,-38241427622255357175777104631635409071832861/1921795761292922744116813579793879879996337008,-0.019898799025619533,defined
record,credit,10000,1,population_average,35098572351994258221470658837491921902070147/2549565634155131437499334246182523324334080,13.766490998230424,1091117046367852700464882758392408837979541/79673926067347857421854195193203853885440,13.694781972279594,4062819293843817924320234865218646371663/56657014092336254166651872137389407207424,0.07170902595082888,182826868222971806594410568934839086724835/34915745483771286414876248268557082815345312,0.005236229835274435,defined
record,credit,10001,1,population_average,528156341625900881839606716293055996756649/39836963033673928710927097596601926942720,13.257946926814018,67168385088323044142302165279557388102648883/5099131268310262874998668492365046648668160,13.172515386249534,48402959976918748129721600661531053578021/566570140923362541666518721373894072074240,0.08543154056448238,435626639792268733167494405953779482202189/67168385088323044142302165279557388102648883,0.006485590493495439,defined
record,credit,10002,1,population_average,175196907575870001247240791569916469755143/13278987677891309570309032532200642314240,13.193543952718773,349250521156422779521927862549229804184571/26557975355782619140618065064401284628480,13.150494963479153,228658799063444594510744118120627065143/5311595071156523828123613012880256925696,0.04304898923962165,1143293995317222972553720590603135325715/349250521156422779521927862549229804184571,0.0032735641783199028,defined
record,credit,10003,1,population_average,8387731136442823279875089543231643828113/622452547401155136108235899946905108480,13.475294095048726,4176045798934373833228120444974296738831/311226273700577568054117949973452554240,13.418037459626674,35639538574075613418848653283050350451/622452547401155136108235899946905108480,0.05725663542205221,35639538574075613418848653283050350451/8352091597868747666456240889948593477662,0.004267139333477852,defined
record,credit,10004,1,population_average,1703108404843147302007929861495405402981323/127478281707756571874966712309126166216704,13.359988713587434,43911049580813824530236030177064016687201/3319746919472827392577258133050160578560,13.22722805260916,84620504699482200234331513480735810964023/637391408538782859374833561545630831083520,0.1327606609782745,84620504699482200234331513480735810964023/8430921519516254309805317793996291203942592,0.01003692235820237,defined
record,credit,10000,1,pooled_SSE,35098572351994258221470658837491921902070147/85070591730234615865843651857942052864,412581.7352169658,1091117046367852700464882758392408837979541/2658455991569831745807614120560689152,410432.6157092195,182826868222971806594410568934839086724835/85070591730234615865843651857942052864,2149.1195077463417,182826868222971806594410568934839086724835/34915745483771286414876248268557082815345312,0.005236229835274435,defined
record,credit,10001,1,pooled_SSE,528156341625900881839606716293055996756649/1329227995784915872903807060280344576,397340.6693966161,67168385088323044142302165279557388102648883/170141183460469231731687303715884105728,394780.2861258986,435626639792268733167494405953779482202189/170141183460469231731687303715884105728,2560.383270717537,435626639792268733167494405953779482202189/67168385088323044142302165279557388102648883,0.006485590493495439,defined
record,credit,10002,1,pooled_SSE,525590722727610003741722374709749409265429/1329227995784915872903807060280344576,395410.5122629817,1047751563469268338565783587647689412553713/2658455991569831745807614120560689152,394120.3340554702,3429881985951668917661161771809405977145/2658455991569831745807614120560689152,1290.1782075114609,1143293995317222972553720590603135325715/349250521156422779521927862549229804184571,0.0032735641783199028,defined
record,credit,10003,1,pooled_SSE,8387731136442823279875089543231643828113/20769187434139310514121985316880384,403854.56402861036,4176045798934373833228120444974296738831/10384593717069655257060992658440192,402138.5826650114,35639538574075613418848653283050350451/20769187434139310514121985316880384,1715.9813635989049,35639538574075613418848653283050350451/8352091597868747666456240889948593477662,0.004267139333477852,defined
record,credit,10004,1,pooled_SSE,8515542024215736510039649307477027014906615/21267647932558653966460912964485513216,400398.86174621544,131733148742441473590708090531192050061603/332306998946228968225951765070086144,396420.0247366965,84620504699482200234331513480735810964023/21267647932558653966460912964485513216,3978.837009518886,84620504699482200234331513480735810964023/8430921519516254309805317793996291203942592,0.01003692235820237,defined
record,credit,10000,2,Phi_A,47101690809176995901478193927015098007845/3571635624674068950492529570973285875712,13.18770887035132,1571354093197914408099321910742082915554823/114292339989570206415760946271145148022784,13.748551244478055,-64099987304250539252019705077599779303783/114292339989570206415760946271145148022784,-0.5608423741267351,-7122220811583393250224411675288864367087/174594899244212712011035767860231435061647,-0.04079283439787817,defined
record,credit,10001,2,Phi_A,23454118147172303512890790258394338108122013/1830038569300807056506028638768049441210368,12.816187888396959,24022616354078090313198224337658649182381/1787147040332819391119168592546923282432,13.44188016538604,-1145040999403660967824191463368118654636131/1830038569300807056506028638768049441210368,-0.6256922769890804,-1145040999403660967824191463368118654636131/24599159146575964480714981721762456762758144,-0.0465479731474091,defined
record,credit,10002,2,Phi_A,734585106846018374612724025843220577102649/57209972938582779169779855874466030551040,12.840158264619793,6064992050897639838172057269184773931859/446952913582677962263905124019265863680,13.569644288213661,-41733875668879524673299304612430486175303/57209972938582779169779855874466030551040,-0.7294860235938676,-41733875668879524673299304612430486175303/776318982514897899286023330455651063277952,-0.053758669578942875,defined
record,credit,10003,2,Phi_A,123345142671306482134731357453557194205325/9533223185769416640466104236330631299072,12.938451168900377,97042984050910169487148258314100696155221/7149917389327062480349578177247973474304,13.572602138840052,-18136508189721231544398960895731202004909/28599669557308249921398312708991893897216,-0.6341509699396753,-18136508189721231544398960895731202004909/388171936203640677948593033256402784620884,-0.04672287328934195,defined
record,credit,10004,2,Phi_A,1469217837854282689144568480490514675089339/114419945877165558339559711748932061102080,12.840574487175054,50075610954063881829753974918002482944051/3575623308661423698111240992154126909440,14.004722150894096,-133201712675761529407558716885564779120293/114419945877165558339559711748932061102080,-1.1641476637190422,-133201712675761529407558716885564779120293/1602419550530044218552127197376079454209632,-0.08312536665675441,defined
record,credit,10000,2,Phi_B,431951975413963915311335893746784849534447/32693691784325790809942038454655355191296,13.212089300390755,1698700744407570374525986127123443952103771/130774767137303163239768153818621420765184,12.989514579858277,29107157248285286719357447863695446034017/130774767137303163239768153818621420765184,0.22257472053247912,29107157248285286719357447863695446034017/1698700744407570374525986127123443952103771,0.01713495290098112,defined
record,credit,10001,2,Phi_B,107735762647209287193498696266258772235764989/8368223967319718693491308345962043856125952,12.874388050313652,413784465198617804351330216471261359267897/32688374872342651146450423226414233812992,12.65845937017558,1806939556363129279558160849615864263183357/8368223967319718693491308345962043856125952,0.21592868013807223,1806939556363129279558160849615864263183357/105928823090846157913940535416642907972581632,0.01705805373494493,defined
record,credit,10002,2,Phi_B,2677836796680584836812453565704489126968771/209188585064646920414109539918679507992576,12.801065583253672,25631046155519067062943236909624247649889/2042857276021942582169038475768354570240,12.546665132392617,266088351777161847835330530794830838100687/1045942925323234602070547699593397539962880,0.25440045086105517,38012621682451692547904361542118691157241/1874727947375108905175276756818230685249024,0.020276340220817042,defined
record,credit,10003,2,Phi_B,3395130079327666316590254226234766895965299/261496365154774929844620155354831627747328,12.983469492274399,69579172271606308355668583193572024953601/5447840940724477705096253236558992244736,12.771880278566533,55329810290563515518162232943309698192451/261496365154774929844620155354831627747328,0.21158921370786477,55329810290563515518162232943309698192451/3339800269037102801072091993291457197772848,0.01656680215386522,defined
record,credit,10004,2,Phi_B,677500474062570941480653571380219709810399/52297146266161730103527384979669876998144,12.954826839202504,408336971321973205252045038106859175926903/32685716416351081314704615612293673123840,12.492826105463669,120806599737069065386907552046225141636771/261485731330808650517636924898349384990720,0.46200073373883344,120806599737069065386907552046225141636771/3266695770575785642016360304854873407415224,0.036981282684850625,defined
record,credit,10000,2,Phi,431951975413963915311335893746784849534447/32693691784325790809942038454655355191296,13.212089300390755,1571354093197914408099321910742082915554823/114292339989570206415760946271145148022784,13.748551244478055,-377016655575407371870254057172180722154133915/702783598595867199250514058621271515192098816,-0.5364619440872996,-377016655575407371870254057172180722154133915/9662256319073975695402730429153067847746606627,-0.03901952537019225,defined
record,credit,10001,2,Phi,107735762647209287193498696266258772235764989/8368223967319718693491308345962043856125952,12.874388050313652,24022616354078090313198224337658649182381/1787147040332819391119168592546923282432,13.44188016538604,-12769795107952285991553420990821329812902083203/22502154248122723566798128142291935929122684928,-0.5674921150723881,-12769795107952285991553420990821329812902083203/302471260866298059254871415250791168354874138624,-0.042218209661898896,defined
record,credit,10002,2,Phi,734585106846018374612724025843220577102649/57209972938582779169779855874466030551040,12.840158264619793,6064992050897639838172057269184773931859/446952913582677962263905124019265863680,13.569644288213661,-41733875668879524673299304612430486175303/57209972938582779169779855874466030551040,-0.7294860235938676,-41733875668879524673299304612430486175303/776318982514897899286023330455651063277952,-0.053758669578942875,defined
record,credit,10003,2,Phi,3395130079327666316590254226234766895965299/261496365154774929844620155354831627747328,12.983469492274399,97042984050910169487148258314100696155221/7149917389327062480349578177247973474304,13.572602138840052,-276222489887979568642908359566530206608991189/468862982722511449211403938551213108550959104,-0.5891326465656538,-276222489887979568642908359566530206608991189/6363690722122485274289234187205467251074772296,-0.043406020491808396,defined
record,credit,10004,2,Phi,677500474062570941480653571380219709810399/52297146266161730103527384979669876998144,12.954826839202504,50075610954063881829753974918002482944051/3575623308661423698111240992154126909440,14.004722150894096,-73849281074186767063441141080549334780384617/70339661727987526989244332797655984562503680,-1.0498953116915943,-73849281074186767063441141080549334780384617/985087418688344683354920194586944844475371272,-0.07496723607790864,defined
record,credit,10000,2,G,2319168145079838431634317204326474241300014709/87847949824483399906314257327658939399012352,26.399798170742073,18791074119520258888105379876314455646352271981/702783598595867199250514058621271515192098816,26.73806582433633,-237728958881551435030842241702661715952154309/702783598595867199250514058621271515192098816,-0.338267653594256,-237728958881551435030842241702661715952154309/18791074119520258888105379876314455646352271981,-0.01265116391801134,defined
record,credit,10001,2,G,578093302495976417257823151277186619919440327269/22502154248122723566798128142291935929122684928,25.690575938710612,2294194789678060069865068417914624796457602137/87899040031729388932805188055827874723135488,26.10033953556162,-9220563661606960627634363708957327973705819803/22502154248122723566798128142291935929122684928,-0.40976359685100816,-9220563661606960627634363708957327973705819803/587313866157583377885457514986143947893146147072,-0.015699550432771447,defined
record,credit,10002,2,G,7214380047004104971858126804969496673963824777/281358646911950107956977331190623938250014720,25.641223847873466,28703318284826554441928550282303204334081563/1099057214499805109206942699963374758789120,26.116309420606278,-133669433911492965275582067300123635561055351/281358646911950107956977331190623938250014720,-0.47508557273281243,-14852159323499218363953563033347070617895039/816449942323955326348189874696624478836097792,-0.01819114504586014,defined
record,credit,10003,2,G,12153829039094701109996683449919786969872075257/468862982722511449211403938551213108550959104,25.921920661174774,1543994075563251324576436891397131250835186095/58607872840313931151425492318901638568869888,26.344482417406585,-198123565411309486614811681257263036809413503/468862982722511449211403938551213108550959104,-0.4225617562318106,-198123565411309486614811681257263036809413503/12351952604506010596611495131177050006681488760,-0.016039857968612486,defined
record,credit,10004,2,G,7257759213740312797772410107551757624824631221/281358646911950107956977331190623938250014720,25.795401326377558,58244643155413469408041284893528305970939579/2198114428999610218413885399926749517578240,26.497548256357767,-197555110152611286456874358819865539455634891/281358646911950107956977331190623938250014720,-0.7021469299802087,-197555110152611286456874358819865539455634891/7455314323892924084229284466371623164280266112,-0.026498562175907615,defined
record,credit,10000,2,population_average,526155357032317907114292281600815045550137/39836963033673928710927097596601926942720,13.20771758097027,929573007869799545133696268803984302663323/70821267615420317708314840171736759009280,13.12561945258656,10465728337778121525082017275436400966457/127478281707756571874966712309126166216704,0.08209812838370978,52328641688890607625410086377182004832285/8366157070828195906203266419235858723969907,0.006254800291923088,defined
record,credit,10001,2,population_average,7288326710798977261466082584702950574660389/566570140923362541666518721373894072074240,12.863944257494568,509874930614930165604123113821895955997421/39836963033673928710927097596601926942720,12.79904118654668,330949278479734155866984693123872804273613/5099131268310262874998668492365046648668160,0.06490307094788782,330949278479734155866984693123872804273613/65263991118711061197327758569202682367669888,0.005070932267653665,defined
record,credit,10002,2,population_average,16327524410786997682513163931895327943254451/1274782817077565718749667123091261662167040,12.808083221750493,7924009551604176725278823544702255395437/622452547401155136108235899946905108480,12.730303032236367,734465548901064808460246758111917728885/9442835682056042361108645356231567867904,0.07778018951412542,99152849101643749142133312345108893399475/16228371561685353933371030619550219049854976,0.006109845878543989,defined
record,credit,10003,2,population_average,4135200935355505209398642370956110061197249/318695704269391429687416780772815415541760,12.97538962702819,514518017680548019621159757475532845876827/39836963033673928710927097596601926942720,12.915593421256265,6352264637040350809788103717282431394211/106231901423130476562472260257605138513920,0.05979620577192489,19056793911121052429364311151847294182633/4116144141444384156969278059804262767014616,0.00462976835996659,defined
record,credit,10004,2,population_average,8244222578479992103951104194292711773193329/637391408538782859374833561545630831083520,12.934317074307351,11299737627335577086923399732063647595889/885265845192753971353935502146709487616,12.764230867706436,108411486798376601366256387206885504153249/637391408538782859374833561545630831083520,0.1700862066009165,108411486798376601366256387206885504153249/8135811091681615502584847807085826269040080,0.013325221735939877,defined
record,credit,10000,2,pooled_SSE,526155357032317907114292281600815045550137/1329227995784915872903807060280344576,395835.295901679,8366157070828195906203266419235858723969907/21267647932558653966460912964485513216,393374.8149940192,52328641688890607625410086377182004832285/21267647932558653966460912964485513216,2460.480907659782,52328641688890607625410086377182004832285/8366157070828195906203266419235858723969907,0.006254800291923088,defined
record,credit,10001,2,pooled_SSE,65594940397190795353194743262326555171943501/170141183460469231731687303715884105728,385532.4093971122,509874930614930165604123113821895955997421/1329227995784915872903807060280344576,383587.264360804,330949278479734155866984693123872804273613/170141183460469231731687303715884105728,1945.1450363081976,330949278479734155866984693123872804273613/65263991118711061197327758569202682367669888,0.005070932267653665,defined
record,credit,10002,2,pooled_SSE,16327524410786997682513163931895327943254451/42535295865117307932921825928971026432,383858.25415586226,7924009551604176725278823544702255395437/20769187434139310514121985316880384,381527.18187612394,99152849101643749142133312345108893399475/42535295865117307932921825928971026432,2331.072279738339,99152849101643749142133312345108893399475/16228371561685353933371030619550219049854976,0.006109845878543989,defined
record,credit,10003,2,pooled_SSE,4135200935355505209398642370956110061197249/10633823966279326983230456482242756608,388872.42712203483,514518017680548019621159757475532845876827/1329227995784915872903807060280344576,387080.3348350503,19056793911121052429364311151847294182633/10633823966279326983230456482242756608,1792.092286984589,19056793911121052429364311151847294182633/4116144141444384156969278059804262767014616,0.00462976835996659,defined
record,credit,10004,2,pooled_SSE,8244222578479992103951104194292711773193329/21267647932558653966460912964485513216,387641.48271699133,508488193230100968911552987942864141815005/1329227995784915872903807060280344576,382543.99910516187,108411486798376601366256387206885504153249/21267647932558653966460912964485513216,5097.483611829468,108411486798376601366256387206885504153249/8135811091681615502584847807085826269040080,0.013325221735939877,defined
client,adult,10000,0,Phi_A,351573533373/3124756480,112.51229835772675,351573533373/3124756480,112.51229835772675,0,0.0,0,0.0,defined
client,adult,10001,0,Phi_A,19032484747429/162487336960,117.13211074481629,19032484747429/162487336960,117.13211074481629,0,0.0,0,0.0,defined
client,adult,10002,0,Phi_A,19079500517639/162487336960,117.42146110952547,19079500517639/162487336960,117.42146110952547,0,0.0,0,0.0,defined
client,adult,10003,0,Phi_A,19379709313183/162487336960,119.26904382680456,19379709313183/162487336960,119.26904382680456,0,0.0,0,0.0,defined
client,adult,10004,0,Phi_A,4973395372947/40621834240,122.43158060178722,4973395372947/40621834240,122.43158060178722,0,0.0,0,0.0,defined
client,adult,10000,0,Phi_B,17632415235535/169256943616,104.17543209062292,17632415235535/169256943616,104.17543209062292,0,0.0,0,0.0,defined
client,adult,10001,0,Phi_B,4314000610885/42314235904,101.95151864900375,4314000610885/42314235904,101.95151864900375,0,0.0,0,0.0,defined
client,adult,10002,0,Phi_B,2159697182891/21157117952,102.07898768588385,2159697182891/21157117952,102.07898768588385,0,0.0,0,0.0,defined
client,adult,10003,0,Phi_B,8679456170935/84628471808,102.55952855472127,8679456170935/84628471808,102.55952855472127,0,0.0,0,0.0,defined
client,adult,10004,0,Phi_B,5223621716679/42314235904,123.44832903352052,5223621716679/42314235904,123.44832903352052,0,0.0,0,0.0,defined
client,adult,10000,0,Phi,351573533373/3124756480,112.51229835772675,351573533373/3124756480,112.51229835772675,0,0.0,0,0.0,defined
client,adult,10001,0,Phi,19032484747429/162487336960,117.13211074481629,19032484747429/162487336960,117.13211074481629,0,0.0,0,0.0,defined
client,adult,10002,0,Phi,19079500517639/162487336960,117.42146110952547,19079500517639/162487336960,117.42146110952547,0,0.0,0,0.0,defined
client,adult,10003,0,Phi,19379709313183/162487336960,119.26904382680456,19379709313183/162487336960,119.26904382680456,0,0.0,0,0.0,defined
client,adult,10004,0,Phi,5223621716679/42314235904,123.44832903352052,5223621716679/42314235904,123.44832903352052,0,0.0,0,0.0,defined
client,adult,10000,0,G,27323547716207617/126096422993920,216.68773044834967,27323547716207617/126096422993920,216.68773044834967,0,0.0,0,0.0,defined
client,adult,10001,0,G,718267212080244733/3278506997841920,219.08362939382002,718267212080244733/3278506997841920,219.08362939382002,0,0.0,0,0.0,defined
client,adult,10002,0,G,719633757405191463/3278506997841920,219.5004487954093,719633757405191463/3278506997841920,219.5004487954093,0,0.0,0,0.0,defined
client,adult,10003,0,G,727266526874115291/3278506997841920,221.82857238152582,727266526874115291/3278506997841920,221.82857238152582,0,0.0,0,0.0,defined
client,adult,10004,0,G,201529751092023849/819626749460480,245.87990963530774,201529751092023849/819626749460480,245.87990963530774,0,0.0,0,0.0,defined
client,adult,10000,0,population_average,26773327103233/250500612096,106.87928815508279,26773327103233/250500612096,106.87928815508279,0,0.0,0,0.0,defined
client,adult,10001,0,population_average,17848163211503/167000408064,106.8749676627317,17848163211503/167000408064,106.8749676627317,0,0.0,0,0.0,defined
client,adult,10002,0,population_average,53634655443895/501001224192,107.05493889839369,53634655443895/501001224192,107.05493889839369,0,0.0,0,0.0,defined
client,adult,10003,0,population_average,54097533996923/501001224192,107.97884592831068,54097533996923/501001224192,107.97884592831068,0,0.0,0,0.0,defined
client,adult,10004,0,population_average,5140212935435/41750102016,123.1185718651682,5140212935435/41750102016,123.1185718651682,0,0.0,0,0.0,defined
client,adult,10000,0,pooled_SSE,26773327103233/8388608,3191629.302887082,26773327103233/8388608,3191629.302887082,0,0.0,0,0.0,defined
client,adult,10001,0,pooled_SSE,53544489634509/16777216,3191500.2843444943,53544489634509/16777216,3191500.2843444943,0,0.0,0,0.0,defined
client,adult,10002,0,pooled_SSE,53634655443895/16777216,3196874.5853838325,53634655443895/16777216,3196874.5853838325,0,0.0,0,0.0,defined
client,adult,10003,0,pooled_SSE,54097533996923/16777216,3224464.297111213,54097533996923/16777216,3224464.297111213,0,0.0,0,0.0,defined
client,adult,10004,0,pooled_SSE,15420638806305/4194304,3676566.793037653,15420638806305/4194304,3676566.793037653,0,0.0,0,0.0,defined
client,adult,10000,1,Phi_A,2484864885768852287336244374345894058747229/25747146278353820458146742757630274437120,96.51030288579716,50539008294811887255946471086673428467982717/507020726712198310560428165073334635069440,99.67838715891293,-20881697075728348769225564294205691044484697/6591269447258578037285566145953350255902720,-3.168084273115766,-20881697075728348769225564294205691044484697/657007107832554534327304124126754570083775321,-0.03178306113706501,defined
client,adult,10001,1,Phi_A,20148598442730137444971316826143904519036789/205977170226830563665173942061042195496960,97.81957107451116,133079484988377407469697870059598773244505189/1318253889451715607457113229190670051180544,100.95133119138943,-20642274774522639109407211861388921613348697/6591269447258578037285566145953350255902720,-3.1317601168782616,-20642274774522639109407211861388921613348697/665397424941887037348489350297993866222525945,-0.031022474690709012,defined
client,adult,10002,1,Phi_A,526166062390452021460908003210100804152040133/5273015557806862429828452916762680204722176,99.78465957898548,344293235749126149382045821350859658366745008189/3374729956996391955090209866728115331022192640,102.02097357015113,-7546955819236855647064699296395143709439323069/3374729956996391955090209866728115331022192640,-2.2363139911656416,-7546955819236855647064699296395143709439323069/344293235749126149382045821350859658366745008189,-0.021920139682140155,defined
client,adult,10003,1,Phi_A,263696092565550110256380552473160460377069375/2636507778903431214914226458381340102361088,100.0171873853624,1109359179283601837488864376371208259665970134775/10799135862388454256288671573529969059271016448,102.72666196814046,-29259984135108585878729633441143013961493974775/10799135862388454256288671573529969059271016448,-2.709474582778064,-1170399365404343435149185337645720558459758991/44374367171344073499554575054848330386638805391,-0.026375573106993174,defined
client,adult,10004,1,Phi_A,156453426013288821129702619779602490383293211/1647817361814644509321391536488337563975680,94.94585361146811,24955095734543997128726024832892483540008047/253510363356099155280214082536667317534720,98.43816798720079,-11509392522494320414033083268397305253518189/3295634723629289018642783072976675127951360,-3.4923143757326667,-1046308411135847310366643933490664113956199/29492385868097451152130756620691116910918601,-0.03547723862746763,defined
client,adult,10000,1,Phi_B,163763997341907137298754761904479942613229811/1716469329340943844325127363537696800636928,95.4074707555573,4830795904170221064380701153338912978057789725/54927018538910203018404075633206297620381696,87.94935593942886,409652010770807329179451227604445185565564227/54927018538910203018404075633206297620381696,7.458114816128433,58521715824401047025635889657777883652223461/690113700595745866340100164762701854008255675,0.08480010724882253,defined
client,adult,10001,1,Phi_B,326632600854079067871689050115768439331051815/3432938658681887688650254727075393601273856,95.14664645347699,150727041099462982969365458226356193191283979/1716469329340943844325127363537696800636928,87.81225421449051,25178518655153101932958133663056052948483857/3432938658681887688650254727075393601273856,7.334392238986482,25178518655153101932958133663056052948483857/301454082198925965938730916452712386382567958,0.08352356176931151,defined
client,adult,10002,1,Phi_B,10546222742122576812517916211043695045810046765/109854037077820406036808151266412595240763392,96.0021408648974,623469851909266250852182484459894895123841704329/7030658372980505986355721681050406095408857088,88.67872947792779,51488403586578665148964153046901587808001288631/7030658372980505986355721681050406095408857088,7.323411386969609,51488403586578665148964153046901587808001288631/623469851909266250852182484459894895123841704329,0.08258363003263836,defined
client,adult,10003,1,Phi_B,2599207791838318673201660983230980490131049677/27463509269455101509202037816603148810190848,94.64223112700154,1221065217365114220494154239197993350763408828491/14061316745961011972711443362100812190817714176,86.83861116462327,109729172056104940185096184216268660183688606133/14061316745961011972711443362100812190817714176,7.803619962378251,109729172056104940185096184216268660183688606133/1221065217365114220494154239197993350763408828491,0.0898634818972937,defined
client,adult,10004,1,Phi_B,651840297188055635577724407912985394308415639/6865877317363775377300509454150787202547712,94.93911222962785,620274489680249885229870015030877983293260259/6865877317363775377300509454150787202547712,90.34162147225938,7891451876951437586963598220526852753788845/1716469329340943844325127363537696800636928,4.597490757368465,31565807507805750347854392882107411015155380/620274489680249885229870015030877983293260259,0.05089006243683801,defined
client,adult,10000,1,Phi,2484864885768852287336244374345894058747229/25747146278353820458146742757630274437120,96.51030288579716,50539008294811887255946471086673428467982717/507020726712198310560428165073334635069440,99.67838715891293,-20881697075728348769225564294205691044484697/6591269447258578037285566145953350255902720,-3.168084273115766,-20881697075728348769225564294205691044484697/657007107832554534327304124126754570083775321,-0.03178306113706501,defined
client,adult,10001,1,Phi,20148598442730137444971316826143904519036789/205977170226830563665173942061042195496960,97.81957107451116,133079484988377407469697870059598773244505189/1318253889451715607457113229190670051180544,100.95133119138943,-20642274774522639109407211861388921613348697/6591269447258578037285566145953350255902720,-3.1317601168782616,-20642274774522639109407211861388921613348697/665397424941887037348489350297993866222525945,-0.031022474690709012,defined
client,adult,10002,1,Phi,526166062390452021460908003210100804152040133/5273015557806862429828452916762680204722176,99.78465957898548,344293235749126149382045821350859658366745008189/3374729956996391955090209866728115331022192640,102.02097357015113,-7546955819236855647064699296395143709439323069/3374729956996391955090209866728115331022192640,-2.2363139911656416,-7546955819236855647064699296395143709439323069/344293235749126149382045821350859658366745008189,-0.021920139682140155,defined
client,adult,10003,1,Phi,263696092565550110256380552473160460377069375/2636507778903431214914226458381340102361088,100.0171873853624,1109359179283601837488864376371208259665970134775/10799135862388454256288671573529969059271016448,102.72666196814046,-29259984135108585878729633441143013961493974775/10799135862388454256288671573529969059271016448,-2.709474582778064,-1170399365404343435149185337645720558459758991/44374367171344073499554575054848330386638805391,-0.026375573106993174,defined
client,adult,10004,1,Phi,156453426013288821129702619779602490383293211/1647817361814644509321391536488337563975680,94.94585361146811,24955095734543997128726024832892483540008047/253510363356099155280214082536667317534720,98.43816798720079,-11509392522494320414033083268397305253518189/3295634723629289018642783072976675127951360,-3.4923143757326667,-1046308411135847310366643933490664113956199/29492385868097451152130756620691116910918601,-0.03547723862746763,defined
client,adult,10000,1,G,3190442115861430867989108756762555585756101584591/16624005454667041132288858515862593514168647680,191.91777364135444,7677845230064492489616550147700729233447002468761/40920628811488101248711036346738691727184363520,187.6277430983418,2282159716727385410636328296292298709384218613019/531968174549345316233243472507602992453396725760,4.2900305430126675,2282159716727385410636328296292298709384218613019/99811987990838402365015151920109480034811032093893,0.022864585333545923,defined
client,adult,10001,1,G,6415742905503483638154798527180061826766079161499/33248010909334082264577717031725187028337295360,192.96621752798816,5020810997487769334609381064868140017446517737037/26598408727467265811662173625380149622669836288,188.76358540587992,558916634575087879572288784379547219831727960811/132992043637336329058310868126900748113349181440,4.202632122108221,29416664977636204188015199177870906306933050569/1321266051970465614370889753912668425643820457115,0.022263998180961177,defined
client,adult,10002,1,G,41660938733195732159880685262332045154485488110887/212787269819738126493297389003041196981358690304,195.7868004438829,6492555066725680977792462949695188693070110468327909/34045963171158100238927582240486591517017390448640,190.69970304807893,173195130585636167788446692277938531647567629414011/34045963171158100238927582240486591517017390448640,5.087097395803967,173195130585636167788446692277938531647567629414011/6492555066725680977792462949695188693070110468327909,0.026675958664295438,defined
client,adult,10003,1,G,2588815388121481961158651932942341954602993000931/13299204363733632905831086812690074811334918144,194.65941851236394,41305166768695044235790230612653974018710062615651711/217894164295411841529136526339114185708911298871296,189.56527313276374,1109984550287316215833122656673356565505374711601793/217894164295411841529136526339114185708911298871296,5.094145379600187,1109984550287316215833122656673356565505374711601793/41305166768695044235790230612653974018710062615651711,0.026872777357445927,defined
client,adult,10004,1,G,12626594831606575918438280409223342440804419700409/66496021818668164529155434063450374056674590720,189.88496584109595,482811730723840197281279082125637868970110628637/2557539300718006328044439771671168232949022720,188.77978945946015,73489832786730789125024273956757847581543355847/66496021818668164529155434063450374056674590720,1.1051763816357985,73489832786730789125024273956757847581543355847/12553104998819845129313256135266584593222876344562,0.005854315151003659,defined
client,adult,10000,1,population_average,243279673686510410493514581883548552493141139/2540378010248266098985823131781865582624768,95.76514703917437,7458824335500439201689917649845931258392891009/81292096327944515167546340217019698643992576,91.75337668019314,326125222467893934102548970427622421387625439/81292096327944515167546340217019698643992576,4.011770358981221,326125222467893934102548970427622421387625439/7458824335500439201689917649845931258392891009,0.043723408381625736,defined
client,adult,10001,1,population_average,162607129465306722477153194908306558494448709/1693585340165510732657215421187910388416512,96.01354334433212,623737917912530300367804338702947803917599259/6774341360662042930628861684751641553666048,92.07358836897667,8896866649565529846936146976759476686731859/2258113786887347643542953894917213851222016,3.9399549753554446,26690599948696589540808440930278430060195577/623737917912530300367804338702947803917599259,0.04279136987217689,defined
client,adult,10002,1,population_average,752756350763195096529856963959271575587164195/7742104412185191920718699068287590347046912,97.22890711451039,161293847943065400039038050968459092248431118753/1734231388329482990240988591296420237738508288,93.00595585369575,7323574627890301583649908958417740683093660927/1734231388329482990240988591296420237738508288,4.222951260814633,7323574627890301583649908958417740683093660927/161293847943065400039038050968459092248431118753,0.04540517026089815,defined
client,adult,10003,1,population_average,163237010611086217686815156066532616334016523/1693585340165510732657215421187910388416512,96.38546504844768,1701701959482102550155283977271109789381902366867/18498468142181151895903878307161815869210755072,91.99150688601046,243844485257765530695707102174811403887346325063/55495404426543455687711634921485447607632265216,4.393958162437225,243844485257765530695707102174811403887346325063/5105105878446307650465851931813329368145707100601,0.047764824288419536,defined
client,adult,10004,1,population_average,321582383071544425945709882490730125025000687/3387170680331021465314430842375820776833024,94.94129862983958,67477909587808703421664881275605733522383205/725822288642361742567378037651961595035648,92.96753577797257,20056414985311429933821309613710105761637191/10161512040993064395943292527127462330499072,1.9737628518670098,20056414985311429933821309613710105761637191/944690734229321847903308337858480269313364870,0.021230667623381997,defined
client,adult,10000,1,pooled_SSE,243279673686510410493514581883548552493141139/85070591730234615865843651857942052864,2859738.820883825,7458824335500439201689917649845931258392891009/2722258935367507707706996859454145691648,2739939.3344239276,326125222467893934102548970427622421387625439/2722258935367507707706996859454145691648,119799.4864598972,326125222467893934102548970427622421387625439/7458824335500439201689917649845931258392891009,0.043723408381625736,defined
client,adult,10001,1,pooled_SSE,487821388395920167431459584724919675483346127/170141183460469231731687303715884105728,2867156.431348446,1871213753737590901103413016108843411752797777/680564733841876926926749214863536422912,2749501.4958743816,80071799846089768622425322790835290180586731/680564733841876926926749214863536422912,117654.93547406429,26690599948696589540808440930278430060195577/623737917912530300367804338702947803917599259,0.04279136987217689,defined
client,adult,10002,1,pooled_SSE,15807883366027097027126996243144703087330448095/5444517870735015415413993718908291383296,2903449.624253509,483881543829196200117114152905377276745293356259/174224571863520493293247799005065324265472,2777343.8537030625,21970723883670904750949726875253222049280982781/174224571863520493293247799005065324265472,126105.77055044657,7323574627890301583649908958417740683093660927/161293847943065400039038050968459092248431118753,0.04540517026089815,defined
client,adult,10003,1,pooled_SSE,489711031833258653060445468199597849002049569/170141183460469231731687303715884105728,2878262.7572767446,15315317635338922951397555795439988104437121301803/5575186299632655785383929568162090376495104,2747050.3786300444,731533455773296592087121306524434211662038975189/5575186299632655785383929568162090376495104,131212.3786467004,243844485257765530695707102174811403887346325063/5105105878446307650465851931813329368145707100601,0.047764824288419536,defined
client,adult,10004,1,pooled_SSE,964747149214633277837129647472190375075002061/340282366920938463463374607431768211456,2835137.0596842696,472345367114660923951654168929240134656682435/170141183460469231731687303715884105728,2776196.553401817,20056414985311429933821309613710105761637191/340282366920938463463374607431768211456,58940.50628245265,20056414985311429933821309613710105761637191/944690734229321847903308337858480269313364870,0.021230667623381997,defined
client,adult,10000,2,Phi_A,501896470267947458697098690300832570808982353/5273015557806862429828452916762680204722176,95.1820575467247,326303021106942055272797450537471002152905047/3295634723629289018642783072976675127951360,99.01067577889934,-7764755193523011438222011753508089475256047/2028082906848793242241712660293338540277760,-3.82861823217463,-100941817515799148696886152795605163178328611/2610424168855536442182379604299768017223240376,-0.03866874154787423,defined
client,adult,10001,2,Phi_A,323322212791358900314022934284131793706745521023/3374729956996391955090209866728115331022192640,95.80683992834943,530100336492620547808077540919222181018215721/5273015557806862429828452916762680204722176,100.53077421851916,-15942002563918250283146691904170402144912540417/3374729956996391955090209866728115331022192640,-4.723934290169723,-15942002563918250283146691904170402144912540417/339264215355277150597169626188302195851658061440,-0.04698993245492691,defined
client,adult,10002,2,Phi_A,10255164201646317855886138454705218059240454763/105460311156137248596569058335253604094443520,97.24193006090444,169579326953649010395770420637383217349617984509/1687364978498195977545104933364057665511096320,100.4994942496552,-5496699727307924701592205362099728401770708301/1687364978498195977545104933364057665511096320,-3.2575641887507634,-5496699727307924701592205362099728401770708301/169579326953649010395770420637383217349617984509,-0.03241373713442284,defined
client,adult,10003,2,Phi_A,4049708264562604925835946115480998661456995/41195434045366112733034788412208439099392,98.30478445992095,21000984030369663163727587967169391226865193/205977170226830563665173942061042195496960,101.957823807573,-376221353778319267273928694882198959790109/102988585113415281832586971030521097748480,-3.6530393476520606,-107491815365234076363979627109199702797174/3000140575767094737675369709595627318123599,-0.035828926228815096,defined
client,adult,10004,2,Phi_A,307983026813438285725060286697973700509784687/3295634723629289018642783072976675127951360,93.45180902641864,8629541706790374286862202552535992358754003/88473415399444000500477397932259734978560,97.53824544728275,-53869607058012625842227033535968059415207699/13182538894517156074571132291906700511805440,-4.0864364208641115,-53869607058012625842227033535968059415207699/1285801714311765768742468180327862861454346447,-0.041895734356558,defined
client,adult,10000,2,Phi_B,2607081489366099265920780034060203515795527185/27463509269455101509202037816603148810190848,94.92892782881515,2401440300016276266552028893234097771128153563/27463509269455101509202037816603148810190848,87.44113057274718,102820594674911499684375570413052872333686811/13731754634727550754601018908301574405095424,7.487797256067964,205641189349822999368751140826105744667373622/2401440300016276266552028893234097771128153563,0.08563243872788727,defined
client,adult,10001,2,Phi_B,667144322480962031991030431737750387720490558855/7030658372980505986355721681050406095408857088,94.89073243053049,4792686668632087897761467116569261566827896469/54927018538910203018404075633206297620381696,87.25554009884875,53680428896054781077562640816884907166519810823/7030658372980505986355721681050406095408857088,7.635192331681741,53680428896054781077562640816884907166519810823/613463893584907250913467790920865480553970748032,0.08750381148328344,defined
client,adult,10002,2,Phi_B,42604598385503046507232125523322375576965951437/439416148311281624147232605065650380963053568,96.9572887779309,609632752099188383839612454827941251733384163919/7030658372980505986355721681050406095408857088,86.71062079222416,72040822068860360276101553545216757498071059073/7030658372980505986355721681050406095408857088,10.246667985706736,72040822068860360276101553545216757498071059073/609632752099188383839612454827941251733384163919,0.11817085256787382,defined
client,adult,10003,2,Phi_B,40866265252740736087313156679433453395059951/429117332335235961081281840884424200159232,95.23331306696114,588684846930584149761980842884746200398520429/6865877317363775377300509454150787202547712,85.74065916409585,65175397113267627635029663986189053922438787/6865877317363775377300509454150787202547712,9.492653902865307,65175397113267627635029663986189053922438787/588684846930584149761980842884746200398520429,0.11071356338301146,defined
client,adult,10004,2,Phi_B,640070539461801867787983531769573835305152141/6865877317363775377300509454150787202547712,93.22487278400185,4864295192063421968664090247431372780229066195/54927018538910203018404075633206297620381696,88.55924318225217,256269123630992973639778006725217902212150933/54927018538910203018404075633206297620381696,4.665629601749681,256269123630992973639778006725217902212150933/4864295192063421968664090247431372780229066195,0.052683711311172346,defined
client,adult,10000,2,Phi,501896470267947458697098690300832570808982353/5273015557806862429828452916762680204722176,95.1820575467247,326303021106942055272797450537471002152905047/3295634723629289018642783072976675127951360,99.01067577889934,-7764755193523011438222011753508089475256047/2028082906848793242241712660293338540277760,-3.82861823217463,-100941817515799148696886152795605163178328611/2610424168855536442182379604299768017223240376,-0.03866874154787423,defined
client,adult,10001,2,Phi,323322212791358900314022934284131793706745521023/3374729956996391955090209866728115331022192640,95.80683992834943,530100336492620547808077540919222181018215721/5273015557806862429828452916762680204722176,100.53077421851916,-15942002563918250283146691904170402144912540417/3374729956996391955090209866728115331022192640,-4.723934290169723,-15942002563918250283146691904170402144912540417/339264215355277150597169626188302195851658061440,-0.04698993245492691,defined
client,adult,10002,2,Phi,10255164201646317855886138454705218059240454763/105460311156137248596569058335253604094443520,97.24193006090444,169579326953649010395770420637383217349617984509/1687364978498195977545104933364057665511096320,100.4994942496552,-5496699727307924701592205362099728401770708301/1687364978498195977545104933364057665511096320,-3.2575641887507634,-5496699727307924701592205362099728401770708301/169579326953649010395770420637383217349617984509,-0.03241373713442284,defined
client,adult,10003,2,Phi,4049708264562604925835946115480998661456995/41195434045366112733034788412208439099392,98.30478445992095,21000984030369663163727587967169391226865193/205977170226830563665173942061042195496960,101.957823807573,-376221353778319267273928694882198959790109/102988585113415281832586971030521097748480,-3.6530393476520606,-107491815365234076363979627109199702797174/3000140575767094737675369709595627318123599,-0.035828926228815096,defined
client,adult,10004,2,Phi,307983026813438285725060286697973700509784687/3295634723629289018642783072976675127951360,93.45180902641864,8629541706790374286862202552535992358754003/88473415399444000500477397932259734978560,97.53824544728275,-53869607058012625842227033535968059415207699/13182538894517156074571132291906700511805440,-4.0864364208641115,-53869607058012625842227033535968059415207699/1285801714311765768742468180327862861454346447,-0.041895734356558,defined
client,adult,10000,2,G,20226598770400644430308462126149127201404709251171/106393634909869063246648694501520598490679345152,190.11098537553985,49593213533156715038513336468950446555132827790931/265984087274672658116621736253801496226698362880,186.45180635164652,149735906591522467270433668680364838212145436461/40920628811488101248711036346738691727184363520,3.659179023893334,1946566785689792074515637692844742896757890673993/99186427066313430077026672937900893110265655581862,0.01962533426462039,defined
client,adult,10001,2,G,6492482525359682905734585238215519853346977720095873/34045963171158100238927582240486591517017390448640,190.69757235887994,9989634283275979525543771173960902800675087031535/53196817454934531623324347250760299245339672576,187.7863143173679,99116584063056009386571686880542060914922019913473/34045963171158100238927582240486591517017390448640,2.9112580415120175,33038861354352003128857228960180686971640673304491/2131121980432208965449337850444992597477351900060800,0.01550303626808422,defined
client,adult,10002,2,G,826462431556832516178972366894551577025504551173447/4255745396394762529865947780060823939627173806080,194.19921883883532,12747497363968191662997566179409573375964309774431701/68091926342316200477855164480973183034034780897280,187.21011504187936,475901540941128595865991690903251856443763044343451/68091926342316200477855164480973183034034780897280,6.989103796955973,475901540941128595865991690903251856443763044343451/12747497363968191662997566179409573375964309774431701,0.037332938956810606,defined
client,adult,10003,2,G,80434459724319242694858734630061354609224456601/415600136366676028307221462896564837854216192,193.5380975268821,12481202419015006588917289141955995859411014341441/66496021818668164529155434063450374056674590720,187.69848297166885,388311136876072242260108398853820878064898714719/66496021818668164529155434063450374056674590720,5.839614555213247,129437045625357414086702799617940292688299571573/4160400806338335529639096380651998619803671447147,0.031111676891361323,defined
client,adult,10004,2,G,775828544168893461287572619368333621882270257199/4156001363666760283072214628965648378542161920,186.6766818104205,664415713519941191935203187888076666360048339737/3570256205029163196196264916158409345324810240,186.09748862953492,308112339147125446464020283823280313283390300659/531968174549345316233243472507602992453396725760,0.57919318088557,308112339147125446464020283823280313283390300659/98997941314471237598345274995323423287647202620813,0.0031123105698571377,defined
client,adult,10000,2,population_average,7723645330071935825327053519624569885635966135/81292096327944515167546340217019698643992576,95.01102418264122,176507256402097356554438985494475322844751131/1935526103046297980179674767071897586761728,91.19342597565334,310340561183846850040616128856606326156418633/81292096327944515167546340217019698643992576,3.817598206987878,310340561183846850040616128856606326156418633/7413304768888088975286437390767963559479547502,0.041862647072905164,defined
client,adult,10001,2,population_average,495233267636160466152526683010941090713618039939/5202694164988448970722965773889260713215524864,95.18784920490516,3721594175547595318400927410582686235959487537/40646048163972257583773170108509849321996288,91.56103344989717,898533960288965018914665450302726310038268343/247747341189926141462998370185202891105501184,3.6268157550079936,18869213166068265397207974456357252510803635203/476364054470092200755318708554583838202814404736,0.039610908902558556,defined
client,adult,10002,2,population_average,63114926788795682219004402432732811695446860963/650336770623556121340370721736157589151940608,97.04960512732474,316263802002162134877051098700902562144206710979/3468462776658965980481977182592840475477016576,91.18270033931476,61047422614244510872917142821017300694529642471/10405388329976897941445931547778521426431049728,5.866904788009968,61047422614244510872917142821017300694529642471/948791406006486404631153296102707686432620132937,0.06434230140342055,defined
client,adult,10003,2,population_average,30557403287776880358246443628419223351172463/317547251281033262373227891472733197828096,96.22946873104311,132100084488071251483088892908493780004051931/1451644577284723485134756075303923190071296,91.00029480712298,53136313792361411082263945749958687209155299/10161512040993064395943292527127462330499072,5.229173923920136,2796648094334811109592839249997825642587121/48668452179815724230611697387339813685703343,0.057463263553194845,defined
client,adult,10004,2,population_average,237013391568810038378260954616886883953734207/2540378010248266098985823131781865582624768,93.29847393288024,275403652618035315042556541040262907523620707/3010818382516463524723938526556285134962688,91.47136015153826,148529909514967721955323939653281783381735535/81292096327944515167546340217019698643992576,1.8271137813419864,148529909514967721955323939653281783381735535/7435898620686953506149026608087098503137759089,0.01997470878660877,defined
client,adult,10000,2,pooled_SSE,7723645330071935825327053519624569885635966135/2722258935367507707706996859454145691648,2837219.204142032,3706652384444044487643218695383981779739773751/1361129467683753853853498429727072845824,2723218.0864849603,310340561183846850040616128856606326156418633/2722258935367507707706996859454145691648,114001.11765707201,310340561183846850040616128856606326156418633/7413304768888088975286437390767963559479547502,0.041862647072905164,defined
client,adult,10001,2,pooled_SSE,495233267636160466152526683010941090713618039939/174224571863520493293247799005065324265472,2842499.552956878,3721594175547595318400927410582686235959487537/1361129467683753853853498429727072845824,2734195.580880829,18869213166068265397207974456357252510803635203/174224571863520493293247799005065324265472,108303.97207604871,18869213166068265397207974456357252510803635203/476364054470092200755318708554583838202814404736,0.039610908902558556,defined
client,adult,10002,2,pooled_SSE,63114926788795682219004402432732811695446860963/21778071482940061661655974875633165533184,2898095.308312171,948791406006486404631153296102707686432620132937/348449143727040986586495598010130648530944,2722897.7975326176,61047422614244510872917142821017300694529642471/348449143727040986586495598010130648530944,175197.51077955368,61047422614244510872917142821017300694529642471/948791406006486404631153296102707686432620132937,0.06434230140342055,defined
client,adult,10003,2,pooled_SSE,30557403287776880358246443628419223351172463/10633823966279326983230456482242756608,2873604.3952464093,924700591416498760381622250359456460028363517/340282366920938463463374607431768211456,2717450.8035303066,53136313792361411082263945749958687209155299/340282366920938463463374607431768211456,156153.5917161031,2796648094334811109592839249997825642587121/48668452179815724230611697387339813685703343,0.057463263553194845,defined
client,adult,10004,2,pooled_SSE,237013391568810038378260954616886883953734207/85070591730234615865843651857942052864,2786079.02858367,7435898620686953506149026608087098503137759089/2722258935367507707706996859454145691648,2731517.7568452354,148529909514967721955323939653281783381735535/2722258935367507707706996859454145691648,54561.2717384344,148529909514967721955323939653281783381735535/7435898620686953506149026608087098503137759089,0.01997470878660877,defined
client,bank,10000,0,Phi_A,12870268746301/286856839168,44.866522212368885,12870268746301/286856839168,44.866522212368885,0,0.0,0,0.0,defined
client,bank,10001,0,Phi_A,13544613204873/286856839168,47.21732709653295,13544613204873/286856839168,47.21732709653295,0,0.0,0,0.0,defined
client,bank,10002,0,Phi_A,12543470431065/286856839168,43.727283851575926,12543470431065/286856839168,43.727283851575926,0,0.0,0,0.0,defined
client,bank,10003,0,Phi_A,14110027359667/286856839168,49.18839446391358,14110027359667/286856839168,49.18839446391358,0,0.0,0,0.0,defined
client,bank,10004,0,Phi_A,1533502599521/35857104896,42.767050044022604,1533502599521/35857104896,42.767050044022604,0,0.0,0,0.0,defined
client,bank,10000,0,Phi_B,3058036176677/72293023744,42.300570903023036,3058036176677/72293023744,42.300570903023036,0,0.0,0,0.0,defined
client,bank,10001,0,Phi_B,18036049229683/433758142464,41.58088912689382,18036049229683/433758142464,41.58088912689382,0,0.0,0,0.0,defined
client,bank,10002,0,Phi_B,6486345632443/144586047488,44.861490753326926,6486345632443/144586047488,44.861490753326926,0,0.0,0,0.0,defined
client,bank,10003,0,Phi_B,4369423704133/108439535616,40.29364086919146,4369423704133/108439535616,40.29364086919146,0,0.0,0,0.0,defined
client,bank,10004,0,Phi_B,1175432878477/27109883904,43.35809340384404,1175432878477/27109883904,43.35809340384404,0,0.0,0,0.0,defined
client,bank,10000,0,Phi,12870268746301/286856839168,44.866522212368885,12870268746301/286856839168,44.866522212368885,0,0.0,0,0.0,defined
client,bank,10001,0,Phi,13544613204873/286856839168,47.21732709653295,13544613204873/286856839168,47.21732709653295,0,0.0,0,0.0,defined
client,bank,10002,0,Phi,6486345632443/144586047488,44.861490753326926,6486345632443/144586047488,44.861490753326926,0,0.0,0,0.0,defined
client,bank,10003,0,Phi,14110027359667/286856839168,49.18839446391358,14110027359667/286856839168,49.18839446391358,0,0.0,0,0.0,defined
client,bank,10004,0,Phi,1175432878477/27109883904,43.35809340384404,1175432878477/27109883904,43.35809340384404,0,0.0,0,0.0,defined
client,bank,10000,0,G,107744290576634355/1236066119974912,87.16709311539192,107744290576634355/1236066119974912,87.16709311539192,0,0.0,0,0.0,defined
client,bank,10001,0,G,164640699881976619/1854099179962368,88.79821622342678,164640699881976619/1854099179962368,88.79821622342678,0,0.0,0,0.0,defined
client,bank,10002,0,G,27375395724803573/309016529993728,88.58877460490285,27375395724803573/309016529993728,88.58877460490285,0,0.0,0,0.0,defined
client,bank,10003,0,G,331817136664947377/3708198359924736,89.48203533310503,331817136664947377/3708198359924736,89.48203533310503,0,0.0,0,0.0,defined
client,bank,10004,0,G,39921139460207713/463524794990592,86.12514344786665,39921139460207713/463524794990592,86.12514344786665,0,0.0,0,0.0,defined
client,bank,10000,0,population_average,31218485806363/720614981632,43.32200495701809,31218485806363/720614981632,43.32200495701809,0,0.0,0,0.0,defined
client,bank,10001,0,population_average,7895165608639/180153745408,43.82459876567408,7895165608639/180153745408,43.82459876567408,0,0.0,0,0.0,defined
client,bank,10002,0,population_average,16001253664197/360307490816,44.409994441021595,16001253664197/360307490816,44.409994441021595,0,0.0,0,0.0,defined
client,bank,10003,0,population_average,4512531739457/102944997376,43.83439559452576,4512531739457/102944997376,43.83439559452576,0,0.0,0,0.0,defined
client,bank,10004,0,population_average,3884368356475/90076872704,43.12281543387228,3884368356475/90076872704,43.12281543387228,0,0.0,0,0.0,defined
client,bank,10000,0,pooled_SSE,31218485806363/16777216,1860766.7569138408,31218485806363/16777216,1860766.7569138408,0,0.0,0,0.0,defined
client,bank,10001,0,pooled_SSE,7895165608639/4194304,1882354.1661832333,7895165608639/4194304,1882354.1661832333,0,0.0,0,0.0,defined
client,bank,10002,0,pooled_SSE,16001253664197/8388608,1907498.0812307596,16001253664197/8388608,1907498.0812307596,0,0.0,0,0.0,defined
client,bank,10003,0,pooled_SSE,31587722176199/16777216,1882774.9595760703,31587722176199/16777216,1882774.9595760703,0,0.0,0,0.0,defined
client,bank,10004,0,pooled_SSE,3884368356475/2097152,1852211.1685156822,3884368356475/2097152,1852211.1685156822,0,0.0,0,0.0,defined
client,bank,10000,1,Phi_A,97162019811591697034545501759991297617664171/2909073954807102924148389518934186439737344,33.39963896450147,12848307906148132879174203758795651301581817/363634244350887865518548689866773304967168,35.33305266417701,-5624443437593365998848128310373912794990365/2909073954807102924148389518934186439737344,-1.9334136996755436,-5624443437593365998848128310373912794990365/102786463249185063033393630070365210412654536,-0.05471969031523185,defined
client,bank,10001,1,Phi_A,195552319793448788885729963923173229804217501/5818147909614205848296779037868372879474688,33.6107508491333,51133670347051000663446441682327070595519387/1454536977403551462074194759467093219868672,35.15460324585774,-8982361594755213768055802806135052577860047/5818147909614205848296779037868372879474688,-1.5438523967244455,-8982361594755213768055802806135052577860047/204534681388204002653785766729308282382077548,-0.04391608080248657,defined
client,bank,10002,1,Phi_A,388425477015792555879987699561118640183313737/11636295819228411696593558075736745758949376,33.380508973821236,12781176672181166268535703502538917584782963/363634244350887865518548689866773304967168,35.148440694842826,-20572176494004764713154812520126722529741079/11636295819228411696593558075736745758949376,-1.7679317210215855,-20572176494004764713154812520126722529741079/408997653509797320593142512081245362713054816,-0.050299008606688664,defined
client,bank,10003,1,Phi_A,3085462225042003785705503162963327345423765/90908561087721966379637172466693326241792,33.94028228061706,103471511999096990288849929441399130371119063/2909073954807102924148389518934186439737344,35.56853954438503,-4736720797752869146273828226572655317558583/2909073954807102924148389518934186439737344,-1.628257263767966,-4736720797752869146273828226572655317558583/103471511999096990288849929441399130371119063,-0.0457780185699249,defined
client,bank,10004,1,Phi_A,48440307463358006045323189050757812023662399/1454536977403551462074194759467093219868672,33.302905471559264,12359442728692820009891943260577777800704469/363634244350887865518548689866773304967168,33.988665591039904,-997463451413273994244583991553299179155477/1454536977403551462074194759467093219868672,-0.6857601194806439,-142494778773324856320654855936185597022211/7062538702110182862795396148901587314688268,-0.020176141297569034,defined
client,bank,10000,1,Phi_B,293099462407215543056136832977642911673670753/8797660314373943034382087100540935338983424,33.3156148264032,17107802499194467733370792804309251975439407/549853769648371439648880443783808458686464,31.11336766888916,19374622420104059322204148108694880066640241/8797660314373943034382087100540935338983424,2.2022471575140363,19374622420104059322204148108694880066640241/273724839987111483733932684868948031607030512,0.07078138184688071,defined
client,bank,10001,1,Phi_B,294165242004537559174078369998976183199860889/8797660314373943034382087100540935338983424,33.43675835311799,34704503263721749232154321073594738826544341/1099707539296742879297760887567616917372928,31.557938837006695,16529215894763565316843801410218272587506161/8797660314373943034382087100540935338983424,1.8788195161112917,16529215894763565316843801410218272587506161/277636026109773993857234568588757910612354728,0.05953555857418918,defined
client,bank,10002,1,Phi_B,390492189373027089966533189297011077076760399/11730213752498590712509449467387913785311232,33.28943509574584,16921696019940486550665794638172987605154111/549853769648371439648880443783808458686464,30.774902263126833,88488022842890130656988711047962024500418093/35190641257495772137528348402163741355933696,2.5145328326190066,88488022842890130656988711047962024500418093/1082988545276191139242610856843071206729863104,0.08170725648840849,defined
client,bank,10003,1,Phi_B,3086672869427002723108475917775029986590863/91642294941395239941480073963968076447744,33.68175001947424,34618611683081596011103414543907738823591001/1099707539296742879297760887567616917372928,31.4798348161003,2421462750042436666198296469392621015499355/1099707539296742879297760887567616917372928,2.2019152033739346,2421462750042436666198296469392621015499355/34618611683081596011103414543907738823591001,0.06994684744177149,defined
client,bank,10004,1,Phi_B,73439516848219882960510827221871251330516015/2199415078593485758595521775135233834745856,33.39047620569377,375533284389353993863260716246765594490785/11455286867674404992685009245496009555968,32.78252991193689,1337126245463916138764769702492257188285295/2199415078593485758595521775135233834745856,0.6079462937568844,267425249092783227752953940498451437657059/14420478120551193364349211503875798828446144,0.018544825411278488,defined
client,bank,10000,1,Phi,97162019811591697034545501759991297617664171/2909073954807102924148389518934186439737344,33.39963896450147,12848307906148132879174203758795651301581817/363634244350887865518548689866773304967168,35.33305266417701,-5624443437593365998848128310373912794990365/2909073954807102924148389518934186439737344,-1.9334136996755436,-5624443437593365998848128310373912794990365/102786463249185063033393630070365210412654536,-0.05471969031523185,defined
client,bank,10001,1,Phi,195552319793448788885729963923173229804217501/5818147909614205848296779037868372879474688,33.6107508491333,51133670347051000663446441682327070595519387/1454536977403551462074194759467093219868672,35.15460324585774,-8982361594755213768055802806135052577860047/5818147909614205848296779037868372879474688,-1.5438523967244455,-8982361594755213768055802806135052577860047/204534681388204002653785766729308282382077548,-0.04391608080248657,defined
client,bank,10002,1,Phi,388425477015792555879987699561118640183313737/11636295819228411696593558075736745758949376,33.380508973821236,12781176672181166268535703502538917584782963/363634244350887865518548689866773304967168,35.148440694842826,-20572176494004764713154812520126722529741079/11636295819228411696593558075736745758949376,-1.7679317210215855,-20572176494004764713154812520126722529741079/408997653509797320593142512081245362713054816,-0.050299008606688664,defined
client,bank,10003,1,Phi,3085462225042003785705503162963327345423765/90908561087721966379637172466693326241792,33.94028228061706,103471511999096990288849929441399130371119063/2909073954807102924148389518934186439737344,35.56853954438503,-4736720797752869146273828226572655317558583/2909073954807102924148389518934186439737344,-1.628257263767966,-4736720797752869146273828226572655317558583/103471511999096990288849929441399130371119063,-0.0457780185699249,defined
client,bank,10004,1,Phi,73439516848219882960510827221871251330516015/2199415078593485758595521775135233834745856,33.39047620569377,12359442728692820009891943260577777800704469/363634244350887865518548689866773304967168,33.988665591039904,-11247635079816557642085540198178406894245270817/18802799506895709750233115655631114053242322944,-0.5981893853461352,-11247635079816557642085540198178406894245270817/639082064615248337071492602117955734518826683052,-0.017599672565663475,defined
client,bank,10000,1,G,5017734164328177412718053187628684260505300744431/75211198027582839000932462622524456212969291776,66.71525379090467,156172339934195209190835919836995589756789819401/2350349938361963718779139456953889256655290368,66.44642033306617,20219286433930718611303752844825388288026523599/75211198027582839000932462622524456212969291776,0.2688334578384927,20219286433930718611303752844825388288026523599/4997514877894246694106749434783858872217274220832,0.004045868182077392,defined
client,bank,10001,1,G,78792554560417251364141050449314183310230162117/1175174969180981859389569728476944628327645184,67.04750920225129,1254382553379442753947746733343764886044534258167/18802799506895709750233115655631114053242322944,66.71254208286445,6298319587233267878510073845262046919148335705/18802799506895709750233115655631114053242322944,0.3349671193868462,6298319587233267878510073845262046919148335705/1254382553379442753947746733343764886044534258167,0.005021051648290955,defined
client,bank,10002,1,G,6685768487872108838697626230117868139029022436517/100281597370110452001243283496699274950625722368,66.66994406956708,38735731264469644484375364692382682331868982205/587587484590490929694784864238472314163822592,65.92334295796965,224611056207868540092691967853671063170148420591/300844792110331356003729850490097824851877167104,0.7466011115974214,224611056207868540092691967853671063170148420591/19832694407408457976000186722499933353916918888960,0.011325292045238472,defined
client,bank,10003,1,G,52978479816143434905064386879476686418227294557/783449979453987906259713152317963085551763456,67.6220323000913,2521394280726985050659655401632435595118973997597/37605599013791419500466231311262228106484645888,67.04837436048533,21572750447899824783435168582445352955936141139/37605599013791419500466231311262228106484645888,0.5736579396059684,21572750447899824783435168582445352955936141139/2521394280726985050659655401632435595118973997597,0.00855588140767886,defined
client,bank,10004,1,G,313505571028565180894324981694730890913616311027/4700699876723927437558278913907778513310580736,66.69338167725303,104623783489850758119216637320927229620063092361/1566899958907975812519426304635926171103526912,66.7711955029768,-45722430123386682915616283506349743321620757/587587484590490929694784864238472314163822592,-0.0778138257237595,-365779440987093463324930268050797946572966056/313871350469552274357649911962781688860189277083,-0.001165380148394833,defined
client,bank,10000,1,population_average,69631928861485562446461119499660786701285585/2087972603426878411811266591201329745494016,33.34906250551486,3744513800667825076568124570388112909627653/114186001749907413145928641706322720456704,32.7931072397923,625056580378255948039068575995927267435347/1124292940306780683282989702954562170650624,0.5559552657225613,8125735544917327324507891487947054476659511/479297766485481609800719945009678452432339584,0.016953418340545225,defined
client,bank,10001,1,population_average,4150148828796494475083121473916520449187105/123862781559221600700668357105163628969984,33.50601994039843,120542676874494499127755083829516548248608069/3653952055997037220669716534602327054614528,32.989671190856,539061021429167967770571328863087143546151/1043986301713439205905633295600664872747008,0.5163487495424373,3773427150004175774393999302041610004823057/241085353748988998255510167659033096497216138,0.015651830736814306,defined
client,bank,10002,1,population_average,1948327522150666381659574967013270511596908671/58463232895952595530715464553637232873832448,33.32568908082996,14851436346060826409600749070355952594968537/456744006999629652583714566825290881826816,32.51588662021102,47343669854880601230679086007708579440935935/58463232895952595530715464553637232873832448,0.8098024606189406,47343669854880601230679086007708579440935935/1900983852295785780428895881005561932155972736,0.024904824834626794,defined
client,bank,10003,1,population_average,15430943058365015740736434079251744650620119/456744006999629652583714566825290881826816,33.78466454268666,241945958731423374333263587617030085665483067/7307904111994074441339433069204654109229056,33.107434775222394,4949130202416877518519357650997828744438837/7307904111994074441339433069204654109229056,0.6772297674642629,4949130202416877518519357650997828744438837/241945958731423374333263587617030085665483067,0.020455519192658853,defined
client,bank,10004,1,population_average,60939912155788944502917008136314531677089207/1826976027998518610334858267301163527307264,33.35561672505884,30385040379381811715328457640422526336262149/913488013999259305167429133650581763653632,33.26265907568487,169831397025321072260092855469479004564909/1826976027998518610334858267301163527307264,0.09295764937396254,169831397025321072260092855469479004564909/60770080758763623430656915280845052672524298,0.0027946547857899593,defined
client,bank,10000,1,pooled_SSE,487423502030398937125227836497625506908999095/340282366920938463463374607431768211456,1432408.9327368743,3744513800667825076568124570388112909627653/2658455991569831745807614120560689152,1408529.542163559,8125735544917327324507891487947054476659511/340282366920938463463374607431768211456,23879.39057331545,8125735544917327324507891487947054476659511/479297766485481609800719945009678452432339584,0.016953418340545225,defined
client,bank,10001,1,pooled_SSE,244858780898993174029904166961074706502039195/170141183460469231731687303715884105728,1439150.5684799936,120542676874494499127755083829516548248608069/85070591730234615865843651857942052864,1416972.3569896468,3773427150004175774393999302041610004823057/170141183460469231731687303715884105728,22178.211490346766,3773427150004175774393999302041610004823057/241085353748988998255510167659033096497216138,0.015651830736814306,defined
client,bank,10002,1,pooled_SSE,1948327522150666381659574967013270511596908671/1361129467683753853853498429727072845824,1431404.9973998084,14851436346060826409600749070355952594968537/10633823966279326983230456482242756608,1396622.3621113037,47343669854880601230679086007708579440935935/1361129467683753853853498429727072845824,34782.63528850473,47343669854880601230679086007708579440935935/1900983852295785780428895881005561932155972736,0.024904824834626794,defined
client,bank,10003,1,pooled_SSE,15430943058365015740736434079251744650620119/10633823966279326983230456482242756608,1451118.9114374775,241945958731423374333263587617030085665483067/170141183460469231731687303715884105728,1422030.5384653525,4949130202416877518519357650997828744438837/170141183460469231731687303715884105728,29088.37297212502,4949130202416877518519357650997828744438837/241945958731423374333263587617030085665483067,0.020455519192658853,defined
client,bank,10004,1,pooled_SSE,60939912155788944502917008136314531677089207/42535295865117307932921825928971026432,1432690.449574727,30385040379381811715328457640422526336262149/21267647932558653966460912964485513216,1428697.7326188167,169831397025321072260092855469479004564909/42535295865117307932921825928971026432,3992.716955910439,169831397025321072260092855469479004564909/60770080758763623430656915280845052672524298,0.0027946547857899593,defined
client,bank,10000,2,Phi_A,379092980638938609313982283605942123290470143/11636295819228411696593558075736745758949376,32.578492892257515,50049794170968076525559359076206233953279833/1454536977403551462074194759467093219868672,34.40943403192843,-21305372728806002890492589003707748335768521/11636295819228411696593558075736745758949376,-1.8309411396709177,-21305372728806002890492589003707748335768521/400398353367744612204474872609649871626238664,-0.05321044042665717,defined
client,bank,10001,2,Phi_A,11780516505182337111579671467457430679290489/363634244350887865518548689866773304967168,32.396609197825605,394734147499194595853966764409318840029995531/11636295819228411696593558075736745758949376,33.922663503184204,-17757619333359808283417277450681058292699883/11636295819228411696593558075736745758949376,-1.526054305358601,-5919206444453269427805759150227019430899961/131578049166398198617988921469772946676665177,-0.04498627606925251,defined
client,bank,10002,2,Phi_A,2979032297553273771273628306021105686646875/90908561087721966379637172466693326241792,32.76954625515043,12545966146203124432576114026775976494393247/363634244350887865518548689866773304967168,34.50160797863946,-629836955990029347481600802691553747805747/363634244350887865518548689866773304967168,-1.7320617234890285,-629836955990029347481600802691553747805747/12545966146203124432576114026775976494393247,-0.050202347802495974,defined
client,bank,10003,2,Phi_A,5966058599223647189759844725373142049949701/181817122175443932759274344933386652483584,32.81351353403733,800277353321472313652393453503940263730040087/23272591638456823393187116151473491517898752,34.387117934860896,-36621852620845473363133328656178081336478359/23272591638456823393187116151473491517898752,-1.57360440082357,-36621852620845473363133328656178081336478359/800277353321472313652393453503940263730040087,-0.045761450663135826,defined
client,bank,10004,2,Phi_A,3034234643104197714348263288758835193575521195/93090366553827293572748464605893966071595008,32.59450741715281,24148115606964019638677269258835743804251749/727268488701775731037097379733546609934336,33.20385247279181,-56724154587196799402427176372140013368702677/93090366553827293572748464605893966071595008,-0.609345055639,-56724154587196799402427176372140013368702677/3090958797691394513750690465130975206944223872,-0.01835163724264571,defined
client,bank,10000,2,Phi_B,381461034906125146296602030285692126178148027/11730213752498590712509449467387913785311232,32.51952973362247,1068658613158613216020311866035610300147993455/35190641257495772137528348402163741355933696,30.367693652953367,37862245779881111434747112410733039193225313/17595320628747886068764174201081870677966848,2.1518360806691055,75724491559762222869494224821466078386450626/1068658613158613216020311866035610300147993455,0.07085938449131556,defined
client,bank,10001,2,Phi_B,35578966645327361079784038489928957872389849/1099707539296742879297760887567616917372928,32.353116964242986,66518426741086575237169765479397870463300435/2199415078593485758595521775135233834745856,30.243689510224126,4639506549568146922398311500460045281479263/2199415078593485758595521775135233834745856,2.1094274540188596,4639506549568146922398311500460045281479263/66518426741086575237169765479397870463300435,0.0697476891272062,defined
client,bank,10002,2,Phi_B,374077307224022007440468332950334357579143/11455286867674404992685009245496009555968,32.65542902112981,5503862983158351091834358196799848498163721/183284589882790479882960147927936152895488,30.029054743107658,481373932426001027213135130405501223102567/183284589882790479882960147927936152895488,2.626374278022157,481373932426001027213135130405501223102567/5503862983158351091834358196799848498163721,0.08746110393717835,defined
client,bank,10003,2,Phi_B,1126095029071629720502169404199381085203005/34365860603023214978055027736488028667904,32.76784021444135,44647367927937287146019263276582871743644519/1466276719062323839063681183423489223163904,30.44948293013139,10198059937356742786219893907772163675051083/4398830157186971517191043550270467669491712,2.3183572843099602,10198059937356742786219893907772163675051083/133942103783811861438057789829748615230933557,0.07613782111274613,defined
client,bank,10004,2,Phi_B,765114988629829622953792010598847935136981903/23460427504997181425018898934775827570622464,32.61300283069678,70483291511616986873347817202372377928663127/2199415078593485758595521775135233834745856,32.04638005696072,39879637517745288914245881320627711693725645/70381282514991544275056696804327482711867392,0.5666227737360532,39879637517745288914245881320627711693725645/2255465328371743579947130150475916093717220064,0.017681334763206064,defined
client,bank,10000,2,Phi,379092980638938609313982283605942123290470143/11636295819228411696593558075736745758949376,32.578492892257515,50049794170968076525559359076206233953279833/1454536977403551462074194759467093219868672,34.40943403192843,-21305372728806002890492589003707748335768521/11636295819228411696593558075736745758949376,-1.8309411396709177,-21305372728806002890492589003707748335768521/400398353367744612204474872609649871626238664,-0.05321044042665717,defined
client,bank,10001,2,Phi,11780516505182337111579671467457430679290489/363634244350887865518548689866773304967168,32.396609197825605,394734147499194595853966764409318840029995531/11636295819228411696593558075736745758949376,33.922663503184204,-17757619333359808283417277450681058292699883/11636295819228411696593558075736745758949376,-1.526054305358601,-5919206444453269427805759150227019430899961/131578049166398198617988921469772946676665177,-0.04498627606925251,defined
client,bank,10002,2,Phi,2979032297553273771273628306021105686646875/90908561087721966379637172466693326241792,32.76954625515043,12545966146203124432576114026775976494393247/363634244350887865518548689866773304967168,34.50160797863946,-629836955990029347481600802691553747805747/363634244350887865518548689866773304967168,-1.7320617234890285,-629836955990029347481600802691553747805747/12545966146203124432576114026775976494393247,-0.050202347802495974,defined
client,bank,10003,2,Phi,5966058599223647189759844725373142049949701/181817122175443932759274344933386652483584,32.81351353403733,800277353321472313652393453503940263730040087/23272591638456823393187116151473491517898752,34.387117934860896,-36621852620845473363133328656178081336478359/23272591638456823393187116151473491517898752,-1.57360440082357,-36621852620845473363133328656178081336478359/800277353321472313652393453503940263730040087,-0.045761450663135826,defined
client,bank,10004,2,Phi,765114988629829622953792010598847935136981903/23460427504997181425018898934775827570622464,32.61300283069678,24148115606964019638677269258835743804251749/727268488701775731037097379733546609934336,33.20385247279181,-118502691829696033243894708515135085875272043477/200563194740220904002486566993398549901251444736,-0.5908496420950335,-118502691829696033243894708515135085875272043477/6659470729626109479875862607124686083361330332224,-0.017794611109635327,defined
client,bank,10000,2,G,6528133694558836810757550077028391205214259175197/100281597370110452001243283496699274950625722368,65.09802262587998,19487861511862653587692139499188320236989970465851/300844792110331356003729850490097824851877167104,64.77712768488179,24134892953464211145127682974213344663201764935/75211198027582839000932462622524456212969291776,0.32089494099818777,96539571813856844580510731896853378652807059740/19487861511862653587692139499188320236989970465851,0.00495383096575739,defined
client,bank,10001,2,G,608738059575887753553854571170047073633437121707/9401399753447854875116557827815557026621161472,64.74972616206858,9652056566398481594224742964186243801793795579757/150422396055165678001864925245048912425938583552,64.16635301340833,87752386815722462636930174534509376341198367555/150422396055165678001864925245048912425938583552,0.5833731486602586,87752386815722462636930174534509376341198367555/9652056566398481594224742964186243801793795579757,0.009091574030058336,defined
client,bank,10002,2,G,25628597767989713246852319484214578095537758403/391724989726993953129856576158981542775881728,65.42497527628025,12639136595876250833007800445727448440642769019/195862494863496976564928288079490771387940864,64.53066272174712,350324576237211580836718592759681214252220365/391724989726993953129856576158981542775881728,0.8943125545331287,116774858745737193612239530919893738084073455/8426091063917500555338533630484965627095179346,0.013858722610510887,defined
client,bank,10003,2,G,154139130740430987066609882656902678458903702787/2350349938361963718779139456953889256655290368,65.58135374847868,6501917902789711142018712845160534360704078678331/100281597370110452001243283496699274950625722368,64.83660086499228,224055026406032918469926444601939760627437921743/300844792110331356003729850490097824851877167104,0.7447528834863903,224055026406032918469926444601939760627437921743/19505753708369133426056138535481603082112236034993,0.011486612091790123,defined
client,bank,10004,2,G,26156453152728814844390602308480922844089037406749/401126389480441808004973133986797099802502889472,65.20751024784958,1226887040035261384518612608681020779227265791369/18802799506895709750233115655631114053242322944,65.25023252975254,-51411104070284076019400030142561338277898427369/1203379168441325424014919401960391299407508668416,-0.04272228190294686,-51411104070284076019400030142561338277898427369/78520770562256728609191206955585329870545010647616,-0.0006547452820718536,defined
client,bank,10000,2,population_average,146351466615096358270597742928381586547337259/4497171761227122733131958811818248682602496,32.543001331833075,1869455319894102440429261611254910043400470783/58463232895952595530715464553637232873832448,31.976598407090908,2069609131384388568031815425878161357182099/3653952055997037220669716534602327054614528,0.5664029247421704,33113746102150217088509046814050581714913584/1869455319894102440429261611254910043400470783,0.01771304494403535,defined
client,bank,10001,2,population_average,59139999655692035302943381424843819230970827/1826976027998518610334858267301163527307264,32.37043001624978,926881561427887197751324888244501803736399011/29231616447976297765357732276818616436916224,31.70818702679219,19358433063185367095769214552999303959134221/29231616447976297765357732276818616436916224,0.6622429894575861,19358433063185367095769214552999303959134221/926881561427887197751324888244501803736399011,0.02088555201525765,defined
client,bank,10002,2,population_average,7467959984241537860559248301425117977596591/228372003499814826291857283412645440913408,32.7008559271478,14528777547839088854039594308587760994442205/456744006999629652583714566825290881826816,31.809454147585278,58163202949140981011271756323210708678711/65249143857089950369102080975041554546688,0.891401779562522,407142420643986867078902294262474960750977/14528777547839088854039594308587760994442205,0.028023171206482025,defined
client,bank,10003,2,population_average,14974818831796684953777199958968190731573741/456744006999629652583714566825290881826816,32.78602149630138,1871814183591967205156855772141929185577508543/58463232895952595530715464553637232873832448,32.01694622196565,6423232411144066989517974657999889723418615/8351890413707513647245066364805318981976064,0.7690752743357309,44962626878008468926625822605999228063930305/1871814183591967205156855772141929185577508543,0.024020881598261132,defined
client,bank,10004,2,population_average,7624924574883175452071015352351922804397412613/233852931583810382122861858214548931495329792,32.60564031950347,118779522725545026150702355720043865537166625/3653952055997037220669716534602327054614528,32.50713772519224,23035120448293778426064586269115410018748613/233852931583810382122861858214548931495329792,0.09850259431123803,23035120448293778426064586269115410018748613/7601889454434881673644950766082807394378664000,0.0030301835598063416,defined
client,bank,10000,2,pooled_SSE,1902569065996252657517770658068960625115384367/1361129467683753853853498429727072845824,1397786.9932048942,1869455319894102440429261611254910043400470783/1361129467683753853853498429727072845824,1373458.8547813685,2069609131384388568031815425878161357182099/85070591730234615865843651857942052864,24328.138423525703,33113746102150217088509046814050581714913584/1869455319894102440429261611254910043400470783,0.01771304494403535,defined
client,bank,10001,2,pooled_SSE,59139999655692035302943381424843819230970827/42535295865117307932921825928971026432,1390374.7100579604,926881561427887197751324888244501803736399011/680564733841876926926749214863536422912,1361930.0491747782,19358433063185367095769214552999303959134221/680564733841876926926749214863536422912,28444.660883182238,19358433063185367095769214552999303959134221/926881561427887197751324888244501803736399011,0.02088555201525765,defined
client,bank,10002,2,pooled_SSE,7467959984241537860559248301425117977596591/5316911983139663491615228241121378304,1404567.1637828522,14528777547839088854039594308587760994442205/10633823966279326983230456482242756608,1366279.674547083,407142420643986867078902294262474960750977/10633823966279326983230456482242756608,38287.48923576944,407142420643986867078902294262474960750977/14528777547839088854039594308587760994442205,0.028023171206482025,defined
client,bank,10003,2,pooled_SSE,14974818831796684953777199958968190731573741/10633823966279326983230456482242756608,1408225.1953091368,1871814183591967205156855772141929185577508543/1361129467683753853853498429727072845824,1375191.8741258685,44962626878008468926625822605999228063930305/1361129467683753853853498429727072845824,33033.321183268316,44962626878008468926625822605999228063930305/1871814183591967205156855772141929185577508543,0.024020881598261132,defined
client,bank,10004,2,pooled_SSE,7624924574883175452071015352351922804397412613/5444517870735015415413993718908291383296,1400477.4630033132,118779522725545026150702355720043865537166625/85070591730234615865843651857942052864,1396246.579572457,23035120448293778426064586269115410018748613/5444517870735015415413993718908291383296,4230.883430856296,23035120448293778426064586269115410018748613/7601889454434881673644950766082807394378664000,0.0030301835598063416,defined
client,credit,10000,0,Phi_A,670087797153/44728057856,14.981374762801416,670087797153/44728057856,14.981374762801416,0,0.0,0,0.0,defined
client,credit,10001,0,Phi_A,389173887937/22364028928,17.401778954495548,389173887937/22364028928,17.401778954495548,0,0.0,0,0.0,defined
client,credit,10002,0,Phi_A,420684018515/22364028928,18.810743800652983,420684018515/22364028928,18.810743800652983,0,0.0,0,0.0,defined
client,credit,10003,0,Phi_A,401280634945/22364028928,17.943128057869412,401280634945/22364028928,17.943128057869412,0,0.0,0,0.0,defined
client,credit,10004,0,Phi_A,1344201391539/89456115712,15.026377803688646,1344201391539/89456115712,15.026377803688646,0,0.0,0,0.0,defined
client,credit,10000,0,Phi_B,8085069687643/408843976704,19.77544038394023,8085069687643/408843976704,19.77544038394023,0,0.0,0,0.0,defined
client,credit,10001,0,Phi_B,2801177970173/136281325568,20.554378661185698,2801177970173/136281325568,20.554378661185698,0,0.0,0,0.0,defined
client,credit,10002,0,Phi_B,2907748782879/136281325568,21.336369974095437,2907748782879/136281325568,21.336369974095437,0,0.0,0,0.0,defined
client,credit,10003,0,Phi_B,8249178487483/408843976704,20.176837516320667,8249178487483/408843976704,20.176837516320667,0,0.0,0,0.0,defined
client,credit,10004,0,Phi_B,1279395013915/68140662784,18.77579350777041,1279395013915/68140662784,18.77579350777041,0,0.0,0,0.0,defined
client,credit,10000,0,Phi,8085069687643/408843976704,19.77544038394023,8085069687643/408843976704,19.77544038394023,0,0.0,0,0.0,defined
client,credit,10001,0,Phi,2801177970173/136281325568,20.554378661185698,2801177970173/136281325568,20.554378661185698,0,0.0,0,0.0,defined
client,credit,10002,0,Phi,2907748782879/136281325568,21.336369974095437,2907748782879/136281325568,21.336369974095437,0,0.0,0,0.0,defined
client,credit,10003,0,Phi,8249178487483/408843976704,20.176837516320667,8249178487483/408843976704,20.176837516320667,0,0.0,0,0.0,defined
client,credit,10004,0,Phi,1279395013915/68140662784,18.77579350777041,1279395013915/68140662784,18.77579350777041,0,0.0,0,0.0,defined
client,credit,10000,0,G,37884165316077695/1089978041892864,34.756815146741644,37884165316077695/1089978041892864,34.756815146741644,0,0.0,0,0.0,defined
client,credit,10001,0,G,1723807431488215/45415751745536,37.95615761568124,1723807431488215/45415751745536,37.95615761568124,0,0.0,0,0.0,defined
client,credit,10002,0,G,1823311352493763/45415751745536,40.14711377474842,1823311352493763/45415751745536,40.14711377474842,0,0.0,0,0.0,defined
client,credit,10003,0,G,2596870339598693/68123627618304,38.11996557419008,2596870339598693/68123627618304,38.11996557419008,0,0.0,0,0.0,defined
client,credit,10004,0,G,24562416331860857/726652027928576,33.802171311459055,24562416331860857/726652027928576,33.802171311459055,0,0.0,0,0.0,defined
client,credit,10000,0,population_average,1346463611707/71185727488,18.914797378926522,1346463611707/71185727488,18.914797378926522,0,0.0,0,0.0,defined
client,credit,10001,0,population_average,1422889923181/71185727488,19.9884158439044,1422889923181/71185727488,19.9884158439044,0,0.0,0,0.0,defined
client,credit,10002,0,population_average,10405982422697/498300092416,20.88296305995803,10405982422697/498300092416,20.88296305995803,0,0.0,0,0.0,defined
client,credit,10003,0,population_average,1407757289609/71185727488,19.77583624254328,1407757289609/71185727488,19.77583624254328,0,0.0,0,0.0,defined
client,credit,10004,0,population_average,9020571475029/498300092416,18.102688745837682,9020571475029/498300092416,18.102688745837682,0,0.0,0,0.0,defined
client,credit,10000,0,pooled_SSE,9425245281949/16777216,561788.3969514966,9425245281949/16777216,561788.3969514966,0,0.0,0,0.0,defined
client,credit,10001,0,pooled_SSE,9960229462267/16777216,593675.9389798045,9960229462267/16777216,593675.9389798045,0,0.0,0,0.0,defined
client,credit,10002,0,pooled_SSE,10405982422697/16777216,620244.8858438134,10405982422697/16777216,620244.8858438134,0,0.0,0,0.0,defined
client,credit,10003,0,pooled_SSE,9854301027263/16777216,587362.112239778,9854301027263/16777216,587362.112239778,0,0.0,0,0.0,defined
client,credit,10004,0,pooled_SSE,9020571475029/16777216,537667.958440125,9020571475029/16777216,537667.958440125,0,0.0,0,0.0,defined
client,credit,10000,1,Phi_A,23192156578377910476067702360719431783209/1771860918381292858580774811353699319808,13.089151827766152,384806944280851081177707713808722076276205/28349774694100685737292396981659189116928,13.573545061045078,-13732439026804513560624476037211167744861/28349774694100685737292396981659189116928,-0.48439323327892625,-13732439026804513560624476037211167744861/384806944280851081177707713808722076276205,-0.035686567591623045,defined
client,credit,10001,1,Phi_A,112968468056875274869334092919173749162937593/7257542321689775548746853627304752413933568,15.565664387413836,113330170068837070078152009072061584912597241/7257542321689775548746853627304752413933568,15.615502472529899,-353224621056440633611246243054527099277/7087443673525171434323099245414797279232,-0.04983808511606172,-361702011961795208817916152887835749659648/113330170068837070078152009072061584912597241,-0.0031915774214588788,defined
client,credit,10002,1,Phi_A,387970158853865318747697964706951033325805/28349774694100685737292396981659189116928,13.685123181405677,1705110932041955954865705145894419167790569/113399098776402742949169587926636756467712,15.036371103830792,-153230296626494679874913287066615034487349/113399098776402742949169587926636756467712,-1.3512479224251157,-153230296626494679874913287066615034487349/1705110932041955954865705145894419167790569,-0.08986529483040362,defined
client,credit,10003,1,Phi_A,745551848837095938836528205653073032309229/56699549388201371474584793963318378233856,13.149167090069293,24642735675598469447537707570486472846015165/1814385580422443887186713406826188103483392,13.581862610405498,-785076512811399404768804989588135812119837/1814385580422443887186713406826188103483392,-0.4326955203362065,-785076512811399404768804989588135812119837/24642735675598469447537707570486472846015165,-0.031858334364588896,defined
client,credit,10004,1,Phi_A,185566371810237863318228593723032330850753/14174887347050342868646198490829594558464,13.091206107458232,11864338498209284247228639217162993866873/885930459190646429290387405676849659904,13.391952353741296,-4263044161110684637429633751575571019215/14174887347050342868646198490829594558464,-0.3007462462830636,-4263044161110684637429633751575571019215/189829415971348547955658227474607901869968,-0.022457236879210106,defined
client,credit,10000,1,Phi_B,18124866342388498810903673072594520267457/1349664876220108954449703093832154873856,13.429160572918859,858673180511019524245525090057040088295883/64783914058565229813585748503943433945088,13.254419603835165,11320403923628418677851217427496884542053/64783914058565229813585748503943433945088,0.17474096908369374,11320403923628418677851217427496884542053/858673180511019524245525090057040088295883,0.013183600210840802,defined
client,credit,10001,1,Phi_B,513993238817876883955635378857400952758551275/33169363997985397664555903234019038179885056,15.49602334398378,128337149864711184193252386169242447405332269/8292340999496349416138975808504759544971264,15.476588561964103,214879786344049060875278060143721045740733/11056454665995132554851967744673012726628352,0.019434782019676366,644639359032147182625834180431163137222199/513348599458844736773009544676969789621329076,0.0012557536140386958,defined
client,credit,10002,1,Phi_B,1759507421575038356699094436208987248245979/129567828117130459627171497007886867890176,13.579817205737431,1130794784563446279941250467849371584805541/86378552078086973084780998005257911926784,13.091152344637566,126630489459737873574437468869859742075335/259135656234260919254342994015773735780352,0.4886648610998665,126630489459737873574437468869859742075335/3392384353690338839823751403548114754416623,0.037327872156344956,defined
client,credit,10003,1,Phi_B,852074828297921294621919527239366217914343/64783914058565229813585748503943433945088,13.152567897142463,107832739535858994416125830373655049038798533/8292340999496349416138975808504759544971264,13.003895949576654,410946162091643765159956370994608951412457/2764113666498783138712991936168253181657088,0.14867194756580923,1232838486274931295479869112983826854237371/107832739535858994416125830373655049038798533,0.01143287735785438,defined
client,credit,10004,1,Phi_B,2219907131077072671764236226330448451343/168708109527513619306212886729019359232,13.15827162840113,52851197030381334511815227240736199036235/4048994628660326863349109281496464621568,13.052918533475056,426574115468409610526442191194563795997/4048994628660326863349109281496464621568,0.10535309492607263,426574115468409610526442191194563795997/52851197030381334511815227240736199036235,0.008071229024825963,defined
client,credit,10000,1,Phi,18124866342388498810903673072594520267457/1349664876220108954449703093832154873856,13.429160572918859,384806944280851081177707713808722076276205/28349774694100685737292396981659189116928,13.573545061045078,-33249613589658111294891444929881999477030047/230285219840179870244026140682017593196806144,-0.14438448812621868,-33249613589658111294891444929881999477030047/3125786808393353332406519759268249425591613215,-0.010637198128924323,defined
client,credit,10001,1,Phi,112968468056875274869334092919173749162937593/7257542321689775548746853627304752413933568,15.565664387413836,113330170068837070078152009072061584912597241/7257542321689775548746853627304752413933568,15.615502472529899,-353224621056440633611246243054527099277/7087443673525171434323099245414797279232,-0.04983808511606172,-361702011961795208817916152887835749659648/113330170068837070078152009072061584912597241,-0.0031915774214588788,defined
client,credit,10002,1,Phi,387970158853865318747697964706951033325805/28349774694100685737292396981659189116928,13.685123181405677,1705110932041955954865705145894419167790569/113399098776402742949169587926636756467712,15.036371103830792,-153230296626494679874913287066615034487349/113399098776402742949169587926636756467712,-1.3512479224251157,-153230296626494679874913287066615034487349/1705110932041955954865705145894419167790569,-0.08986529483040362,defined
client,credit,10003,1,Phi,852074828297921294621919527239366217914343/64783914058565229813585748503943433945088,13.152567897142463,24642735675598469447537707570486472846015165/1814385580422443887186713406826188103483392,13.581862610405498,-18981163664641010072764806122426370522876115757/44214762209314535086853019010947377893786779648,-0.42929471326303614,-18981163664641010072764806122426370522876115757/600518825678659101967046395785184856784543555885,-0.03160794108859118,defined
client,credit,10004,1,Phi,2219907131077072671764236226330448451343/168708109527513619306212886729019359232,13.15827162840113,11864338498209284247228639217162993866873/885930459190646429290387405676849659904,13.391952353741296,-1681663037730404053462975890663390040122371/7196413120005620945125816896313049787400192,-0.23368072534016648,-1681663037730404053462975890663390040122371/96374021620954015940238236361014999180609379,-0.01744933966068684,defined
client,credit,10000,1,G,381673462561394718116574715922271908507168155/14392826240011241890251633792626099574800384,26.51831240068501,18534251222149572203773838838173023778362135957/690855659520539610732078422046052779590418432,26.82796466488024,-213925019202625734178252473903972170018064517/690855659520539610732078422046052779590418432,-0.3096522641952325,-1085913803059013879077423725400873959482561/94082493513449605095298674305446821209960081,-0.011542145222838685,defined
client,credit,10001,1,G,5493540547454913118542250350415006973460221602117/176859048837258140347412076043789511575147118592,31.061687731397615,5498917646722050697208173201294671680996008799161/176859048837258140347412076043789511575147118592,31.092091034494,-448091605594798222160237573305392294648933087/14738254069771511695617673003649125964595593216,-0.03040330309638535,-5377099267137578665922850879664707535787197044/5498917646722050697208173201294671680996008799161,-0.000977846844159034,defined
client,credit,10002,1,G,18836138372947948470482223235810009738764102073/690855659520539610732078422046052779590418432,27.26494038714311,25909411683561399350667617889246065480329081211/921140879360719480976104562728070372787224576,28.127523448468356,-2383681558892404170073960724498157485930835341/2763422638082158442928313688184211118361673728,-0.8625830613252491,-2383681558892404170073960724498157485930835341/77728235050684198052002853667738196440987243633,-0.030666868446685796,defined
client,credit,10003,1,G,36341404942249256305203655520520939420020709005/1381711319041079221464156844092105559180836864,26.301734987211756,1175482992883859260193829323337513578259417333841/44214762209314535086853019010947377893786779648,26.585758559982153,-4186011577294352809104115560281172272918215227/14738254069771511695617673003649125964595593216,-0.2840235727703973,-12558034731883058427312346680843516818754645681/1175482992883859260193829323337513578259417333841,-0.010683297680959153,defined
client,credit,10004,1,G,3022433375546139953922375034337817369748458747/115142609920089935122013070341008796598403072,26.24947773585936,570924647428855323437713500730650410803033157/21589239360016862835377450688939149362200576,26.444870887216354,-67494232223265313236290908676954463603154271/345427829760269805366039211023026389795209216,-0.19539315135699098,-67494232223265313236290908676954463603154271/9134794358861685175003416011690406572848530512,-0.007388697497912365,defined
client,credit,10000,1,population_average,131941354632708903341489740796286553387951/9869850175701946585278993374346628562944,13.368121327467385,2102153305302890129668757893922802252867971/157917602811231145364463893989546057007104,13.311709827660735,8908368820452323795077958817782601339245/157917602811231145364463893989546057007104,0.056411499806649536,8908368820452323795077958817782601339245/2102153305302890129668757893922802252867971,0.0042377350871509135,defined
client,credit,10001,1,population_average,156740426718688039706242367944143675480372217/10106726579918793303325689215330947648454656,15.508525483425855,89525538503954543835880221964147339219132331/5775272331382167601900393837331970084831232,15.501526744891844,282937347070351973807918027543327387562551/40426906319675173213302756861323790593818624,0.006998738534010716,282937347070351973807918027543327387562551/626678769527681806851161553749031374533926317,0.00045148704699793406,defined
client,credit,10002,1,population_average,268434697553612959430849050114492285196473/19739700351403893170557986748693257125888,13.598722005652016,8489879639422633634513207952990648676623815/631670411244924581457855575958184228028416,13.440363025221327,100030682292981067273961650673104449663321/631670411244924581457855575958184228028416,0.15835898043069024,100030682292981067273961650673104449663321/8489879639422633634513207952990648676623815,0.011782343983828703,defined
client,credit,10003,1,population_average,4153851162028781117324206314610537903966601/315835205622462290728927787979092114014208,13.151957375499617,66237737605728731931831768972070760942406849/5053363289959396651662844607665473824227328,13.10765401279134,223880986731765945355532061697845521058767/5053363289959396651662844607665473824227328,0.04430336270827756,223880986731765945355532061697845521058767/66237737605728731931831768972070760942406849,0.0033799612550837344,defined
client,credit,10004,1,population_average,1038010710143833769275695304633924536166465/78958801405615572682231946994773028503552,13.146231853387913,16178883882147654689760966614474798225777/1233731271962743323159874171793328570368,13.113782757900482,2562141686383869130993441307537449716737/78958801405615572682231946994773028503552,0.03244909548743034,2562141686383869130993441307537449716737/1035448568457449900144701863326387086449728,0.002474426798620038,defined
client,credit,10000,1,pooled_SSE,131941354632708903341489740796286553387951/332306998946228968225951765070086144,397046.57154710876,2102153305302890129668757893922802252867971/5316911983139663491615228241121378304,395371.09359135147,8908368820452323795077958817782601339245/5316911983139663491615228241121378304,1675.4779557572979,8908368820452323795077958817782601339245/2102153305302890129668757893922802252867971,0.0042377350871509135,defined
client,credit,10001,1,pooled_SSE,156740426718688039706242367944143675480372217/340282366920938463463374607431768211456,460618.7153832313,626678769527681806851161553749031374533926317/1361129467683753853853498429727072845824,460410.84585003264,282937347070351973807918027543327387562551/1361129467683753853853498429727072845824,207.86953319865228,282937347070351973807918027543327387562551/626678769527681806851161553749031374533926317,0.00045148704699793406,defined
client,credit,10002,1,pooled_SSE,268434697553612959430849050114492285196473/664613997892457936451903530140172288,403895.64228987054,8489879639422633634513207952990648676623815/21267647932558653966460912964485513216,399192.2222120986,100030682292981067273961650673104449663321/21267647932558653966460912964485513216,4703.420077771931,100030682292981067273961650673104449663321/8489879639422633634513207952990648676623815,0.011782343983828703,defined
client,credit,10003,1,pooled_SSE,4153851162028781117324206314610537903966601/10633823966279326983230456482242756608,390626.2860097141,66237737605728731931831768972070760942406849/170141183460469231731687303715884105728,389310.4318339156,223880986731765945355532061697845521058767/170141183460469231731687303715884105728,1315.854175798552,223880986731765945355532061697845521058767/66237737605728731931831768972070760942406849,0.0033799612550837344,defined
client,credit,10004,1,pooled_SSE,1038010710143833769275695304633924536166465/2658455991569831745807614120560689152,390456.2322774744,16178883882147654689760966614474798225777/41538374868278621028243970633760768,389492.46169240226,2562141686383869130993441307537449716737/2658455991569831745807614120560689152,963.7705850721687,2562141686383869130993441307537449716737/1035448568457449900144701863326387086449728,0.002474426798620038,defined
client,credit,10000,2,Phi_A,1463908751108919300970288747327550050448251/113399098776402742949169587926636756467712,12.909350840568978,47166798664648821564236248015900781258781/3543721836762585717161549622707398639616,13.309960780595206,-45428806159842989085271189181274949832741/113399098776402742949169587926636756467712,-0.40060994002622785,-45428806159842989085271189181274949832741/1509337557268762290055559936508825000280992,-0.03009850642161795,defined
client,credit,10001,2,Phi_A,5805332388104213503166725705521169182433/442965229595323214645193702838424829952,13.105616423681273,24280024253805734326283377684138430452211/1771860918381292858580774811353699319808,13.70312082733168,-1058694701388880313616474862053753722479/1771860918381292858580774811353699319808,-0.5975044036504089,-1058694701388880313616474862053753722479/24280024253805734326283377684138430452211,-0.043603527340914286,defined
client,credit,10002,2,Phi_A,5812420142768731078005118907446449095303/442965229595323214645193702838424829952,13.121617125747646,403016183406000663194678827318581940199/27685326849707700915324606427401551872,14.557031802218209,-635838791727279533109742329650861947881/442965229595323214645193702838424829952,-1.435414676470563,-635838791727279533109742329650861947881/6448258934496010611114861237097311043184,-0.09860627468381526,defined
client,credit,10003,2,Phi_A,728918634364720490111534771485221463672915/56699549388201371474584793963318378233856,12.8558100060739,47741237363071057571790061821009034253109/3543721836762585717161549622707398639616,13.472061172466544,-34941163444416431037106217650923084376829/56699549388201371474584793963318378233856,-0.6162511663926442,-34941163444416431037106217650923084376829/763859797809136921148640989136144548049744,-0.04574290143902437,defined
client,credit,10004,2,Phi_A,364555383151990074555505915902682097684187/28349774694100685737292396981659189116928,12.859198603361406,761578004176079120214134829105941393442149/56699549388201371474584793963318378233856,13.431817578687074,-32467237872098971103122997300577198073775/56699549388201371474584793963318378233856,-0.572618975325668,-32467237872098971103122997300577198073775/761578004176079120214134829105941393442149,-0.042631533072208384,defined
client,credit,10000,2,Phi_B,27030572584646810947422235877577632833078253/2073085249874087354034743952126189886242816,13.0388138096533,418665845338771642108621978652500577500699/32391957029282614906792874251971716972544,12.924993848327658,235958482965425852470429243817595873033517/2073085249874087354034743952126189886242816,0.1138199613256412,235958482965425852470429243817595873033517/26794614101681385094951806633760036960044736,0.008806190754231436,defined
client,credit,10001,2,Phi_B,26243042443712443465098534074930408669899/2024497314330163431674554640748232310784,12.962745002403405,1654386667337079998622646652445855022529705/129567828117130459627171497007886867890176,12.768498873358437,25168049060516383143659528349691132343831/129567828117130459627171497007886867890176,0.1942461290449682,3595435580073769020522789764241590334833/236340952476725714088949521777979288932815,0.015212918211573336,defined
client,credit,10002,2,Phi_B,13320720441388328574969749621213401477957/1012248657165081715837277320374116155392,13.159533823136433,8531354801472579054692100011786227292333/674832438110054477224851546916077436928,12.642182443638328,1047376478358919985863199207068121078915/2024497314330163431674554640748232310784,0.5173513794981056,1047376478358919985863199207068121078915/25594064404417737164076300035358681876999,0.04092263197470639,defined
client,credit,10003,2,Phi_B,1669275195641046703460657332555232856263563/129567828117130459627171497007886867890176,12.883408018015144,205458282131979017579129991980688044315917/16195978514641307453396437125985858486272,12.685759118922201,25608938585214562827617396709728501736227/129567828117130459627171497007886867890176,0.19764889909294348,25608938585214562827617396709728501736227/1643666257055832140633039935845504354527336,0.015580376171428989,defined
client,credit,10004,2,Phi_B,1665825363778704073820631159723721203434327/129567828117130459627171497007886867890176,12.856782335448143,13130261204965324635035202277078178125804283/1036542624937043677017371976063094943121408,12.667362527192566,196341705264307955529847000711591501670333/1036542624937043677017371976063094943121408,0.18941980825557767,196341705264307955529847000711591501670333/13130261204965324635035202277078178125804283,0.01495337390470645,defined
client,credit,10000,2,Phi,27030572584646810947422235877577632833078253/2073085249874087354034743952126189886242816,13.0388138096533,47166798664648821564236248015900781258781/3543721836762585717161549622707398639616,13.309960780595206,-749293677748269253450099667972571865354182799/2763422638082158442928313688184211118361673728,-0.2711469709419064,-749293677748269253450099667972571865354182799/36781046933082468246363940092783556431847494048,-0.020371733276420743,defined
client,credit,10001,2,Phi,5805332388104213503166725705521169182433/442965229595323214645193702838424829952,13.105616423681273,24280024253805734326283377684138430452211/1771860918381292858580774811353699319808,13.70312082733168,-1058694701388880313616474862053753722479/1771860918381292858580774811353699319808,-0.5975044036504089,-1058694701388880313616474862053753722479/24280024253805734326283377684138430452211,-0.043603527340914286,defined
client,credit,10002,2,Phi,13320720441388328574969749621213401477957/1012248657165081715837277320374116155392,13.159533823136433,403016183406000663194678827318581940199/27685326849707700915324606427401551872,14.557031802218209,-1885682398471018332347580440775582431302181/1349327460001053927211090668058696835137536,-1.3974979790817756,-1885682398471018332347580440775582431302181/19642202746841660322782256685853046601418862,-0.09600157491370075,defined
client,credit,10003,2,Phi,1669275195641046703460657332555232856263563/129567828117130459627171497007886867890176,12.883408018015144,47741237363071057571790061821009034253109/3543721836762585717161549622707398639616,13.472061172466544,-101668590811841948220847808736212914028696963/172713914880134902683019605511513194897604608,-0.5886531544513997,-101668590811841948220847808736212914028696963/2326812426601357203933904033032338311428026442,-0.043694364723822404,defined
client,credit,10004,2,Phi,364555383151990074555505915902682097684187/28349774694100685737292396981659189116928,12.859198603361406,761578004176079120214134829105941393442149/56699549388201371474584793963318378233856,13.431817578687074,-32467237872098971103122997300577198073775/56699549388201371474584793963318378233856,-0.572618975325668,-32467237872098971103122997300577198073775/761578004176079120214134829105941393442149,-0.042631533072208384,defined
client,credit,10000,2,G,17926436402776863359564701727109012936466684967/690855659520539610732078422046052779590418432,25.948164650222278,2265570860331992330560459322987052678112097723/86356957440067451341509802755756597448802304,26.234954628922864,-198130479879075284918972856787408488430096817/690855659520539610732078422046052779590418432,-0.28678997870058665,-198130479879075284918972856787408488430096817/18124566882655938644483674583896421424896781784,-0.010931598043795109,defined
client,credit,10001,2,G,281398047275586327414575322405374310834611245/10794619680008431417688725344469574681100288,26.068361426084678,4572017071724295397352786510849402391791816201/172713914880134902683019605511513194897604608,26.47161970069012,-69648315314914158719581352363413418438036281/172713914880134902683019605511513194897604608,-0.4032582746054407,-69648315314914158719581352363413418438036281/4572017071724295397352786510849402391791816201,-0.015233607885161924,defined
client,credit,10002,2,G,283695029246096343563384152616182231364372255/10794619680008431417688725344469574681100288,26.28115094888408,24467097781590721428426073772946405381625797/899551640000702618140727112039131223425024,27.19921424585654,-9910144132992313577728732659174633215137309/10794619680008431417688725344469574681100288,-0.9180632969724574,-9910144132992313577728732659174633215137309/293605173379088657141112885275356864579509564,-0.03375330216064286,defined
client,credit,10003,2,G,35564168887149995669232440640692365027439901467/1381711319041079221464156844092105559180836864,25.739218024089045,2258909773628390723698873133757197808006482665/86356957440067451341509802755756597448802304,26.157820291388745,-578387490904255909949529499422799900663821173/1381711319041079221464156844092105559180836864,-0.41860226729970074,-578387490904255909949529499422799900663821173/36142556378054251579181970140115164928103722640,-0.016002949123306968,defined
client,credit,10004,2,G,17766030971698896248454729008279341495177784567/690855659520539610732078422046052779590418432,25.715980938809547,9015383142496412454750044071456974314622209555/345427829760269805366039211023026389795209216,26.09918010587964,-264735313293928661045359134634607134066634543/690855659520539610732078422046052779590418432,-0.3831991670700903,-9128803906687195208460659814986452898849467/621750561551476721017244418721170642387738590,-0.014682421651389842,defined
client,credit,10000,2,population_average,32886207589082488151303390866887833034871257/2526681644979698325831422303832736912113664,13.015572284076464,512999442668069285237094474684302140018261/39479400702807786341115973497386514251776,12.994104103297207,54243258326053896129344487092496073702553/2526681644979698325831422303832736912113664,0.021468180779256715,54243258326053896129344487092496073702553/32831964330756434255174046379795336961168704,0.0016521478209343607,defined
client,credit,10001,2,population_average,8012093707954164242066314945112894463083/616865635981371661579937085896664285184,12.988393647844758,2042867055397971747843180695392069909765081/157917602811231145364463893989546057007104,12.936284613184887,8228933838294298125795930556831072784167/157917602811231145364463893989546057007104,0.05210903465987171,8228933838294298125795930556831072784167/2042867055397971747843180695392069909765081,0.00402812988566758,defined
client,credit,10002,2,population_average,32453861025545388227944618149873252051217/2467462543925486646319748343586657140736,13.152726919985799,32042323338913747775191161272455992920183/2467462543925486646319748343586657140736,12.985941131222852,29395549045117175196675491244089937931/176247324566106189022839167399046938624,0.16678578876294717,411537686631640452753456877417259131034/32042323338913747775191161272455992920183,0.012843565751421314,defined
client,credit,10003,2,population_average,4067469025646813897032849436595687176200041/315835205622462290728927787979092114014208,12.878453551846642,126599759747525037575460026900848539284513/9869850175701946585278993374346628562944,12.826918088300284,16276713726012694618128575768533919095625/315835205622462290728927787979092114014208,0.051535463546357387,16276713726012694618128575768533919095625/4051192311920801202414720860827153257104416,0.0040177588405560976,defined
client,credit,10004,2,population_average,1015190373465347074188068537813201650559257/78958801405615572682231946994773028503552,12.857216110085815,16176573221669641115891741593501943699572879/1263340822489849162915711151916368456056832,12.804599466506687,66472753775912071117355011509282709375233/1263340822489849162915711151916368456056832,0.052616643579129,66472753775912071117355011509282709375233/16176573221669641115891741593501943699572879,0.00410919870760188,defined
client,credit,10000,2,pooled_SSE,32886207589082488151303390866887833034871257/85070591730234615865843651857942052864,386575.512409355,512999442668069285237094474684302140018261/1329227995784915872903807060280344576,385937.88597203034,54243258326053896129344487092496073702553/85070591730234615865843651857942052864,637.6264373247037,54243258326053896129344487092496073702553/32831964330756434255174046379795336961168704,0.0016521478209343607,defined
client,credit,10001,2,pooled_SSE,8012093707954164242066314945112894463083/20769187434139310514121985316880384,385768.2797346371,2042867055397971747843180695392069909765081/5316911983139663491615228241121378304,384220.58929620427,8228933838294298125795930556831072784167/5316911983139663491615228241121378304,1547.6904384328498,8228933838294298125795930556831072784167/2042867055397971747843180695392069909765081,0.00402812988566758,defined
client,credit,10002,2,pooled_SSE,32453861025545388227944618149873252051217/83076749736557242056487941267521536,390649.1422504982,32042323338913747775191161272455992920183/83076749736557242056487941267521536,385695.4375384499,205768843315820226376728438708629565517/41538374868278621028243970633760768,4953.704712048294,411537686631640452753456877417259131034/32042323338913747775191161272455992920183,0.012843565751421314,defined
client,credit,10003,2,pooled_SSE,4067469025646813897032849436595687176200041/10633823966279326983230456482242756608,382502.9489433971,126599759747525037575460026900848539284513/332306998946228968225951765070086144,380972.29414060677,16276713726012694618128575768533919095625/10633823966279326983230456482242756608,1530.6548027903607,16276713726012694618128575768533919095625/4051192311920801202414720860827153257104416,0.0040177588405560976,defined
client,credit,10004,2,pooled_SSE,1015190373465347074188068537813201650559257/2658455991569831745807614120560689152,381872.1756856588,16176573221669641115891741593501943699572879/42535295865117307932921825928971026432,380309.4087547151,66472753775912071117355011509282709375233/42535295865117307932921825928971026432,1562.7669309437103,66472753775912071117355011509282709375233/16176573221669641115891741593501943699572879,0.00410919870760188,defined
