case_id,population,dataset,seed,method,T,n0,n1,retained_identity_sha256,output_sha256,ambiguous_rows,Phi_A_exact,Phi_A,Phi_B_exact,Phi_B,Phi_exact,Phi,G_exact,G,population_average_exact,population_average,pooled_SSE_exact,pooled_SSE
record_adult_s10000,record,adult,10000,fair,0,9774,20358,ee96b8382cdf1149ca3b9ad3519f2d3b1839ff69a9788a169b003a39867021fd,6b2d029aa36259ce6b5ae16e19b5964d72a3a4600de7538186881df50cbce698,0,4985542345207/40995127296,121.61304706311894,662141124699/6325010432,104.68617116408892,4985542345207/40995127296,121.61304706311894,6994982604690091/30910325981184,226.29921822720786,27848895057287/252765536256,110.17678861520798,27848895057287/8388608,3319846.994553447
record_adult_s10000,record,adult,10000,fair,1,9774,20358,ee96b8382cdf1149ca3b9ad3519f2d3b1839ff69a9788a169b003a39867021fd,6b2d029aa36259ce6b5ae16e19b5964d72a3a4600de7538186881df50cbce698,0,1323224670745919742044988971431569329785041595/13303679417141010167564093652152409995083776,99.46306050046745,74041298191957338120133172097770879492502851/769718713975162804354153362010659694313472,96.19266992948089,1323224670745919742044988971431569329785041595/13303679417141010167564093652152409995083776,99.46306050046745,981308799890005757941748591618776688102109258431/5015487140262160833171663306861458568146583552,195.65573042994833,3988711405656383914369783166951320991515144231/41013553120246871124313614684536158990368768,97.2534955448009,3988711405656383914369783166951320991515144231/1361129467683753853853498429727072845824,2930442.3277559406
record_adult_s10000,record,adult,10000,fair,2,9774,20358,ee96b8382cdf1149ca3b9ad3519f2d3b1839ff69a9788a169b003a39867021fd,6b2d029aa36259ce6b5ae16e19b5964d72a3a4600de7538186881df50cbce698,0,107784095507486981331309453318789880891284107/1108639951428417513963674471012700832923648,97.22191173844448,224742072307285233151415180732730376488680441/2309156141925488413062460086031979082940416,97.32649439629674,224742072307285233151415180732730376488680441/2309156141925488413062460086031979082940416,97.32649439629674,423504786947610516470363602155249912710756605/2176860737961007306064089976936396947980288,194.5484061347412,83131541953693053620681158512880064344991137/854449023338476481756533639261169978966016,97.29257063093605,249394625861079160862043475538640193034973411/85070591730234615865843651857942052864,2931619.7382513653
record_adult_s10000,record,adult,10000,lloyd,0,9774,20358,ee96b8382cdf1149ca3b9ad3519f2d3b1839ff69a9788a169b003a39867021fd,6b2d029aa36259ce6b5ae16e19b5964d72a3a4600de7538186881df50cbce698,0,4985542345207/40995127296,121.61304706311894,662141124699/6325010432,104.68617116408892,4985542345207/40995127296,121.61304706311894,6994982604690091/30910325981184,226.29921822720786,27848895057287/252765536256,110.17678861520798,27848895057287/8388608,3319846.994553447
record_adult_s10000,record,adult,10000,lloyd,1,9774,20358,ee96b8382cdf1149ca3b9ad3519f2d3b1839ff69a9788a169b003a39867021fd,6b2d029aa36259ce6b5ae16e19b5964d72a3a4600de7538186881df50cbce698,0,87554855607307446403083055492784638145663632451/851435482697024650724101993737754239685361664,102.83204938789592,156201298165757770033176367788126639440764004005/1773431916998775101231969346072559935698239488,88.07854232718518,87554855607307446403083055492784638145663632451/851435482697024650724101993737754239685361664,102.83204938789592,15320153882989265917491808622607682579923368539733/80247794244194573330746612909783337090345336832,190.9105917150811,10156506407211050684844142636704636566101151519/109369474987324989664836305825429757307650048,92.86417813003222,30469519221633152054532427910113909698303454557/10889035741470030830827987437816582766592,2798183.415414131
record_adult_s10000,record,adult,10000,lloyd,2,9774,20358,ee96b8382cdf1149ca3b9ad3519f2d3b1839ff69a9788a169b003a39867021fd,6b2d029aa36259ce6b5ae16e19b5964d72a3a4600de7538186881df50cbce698,0,21721241579050868747677614178107035839708569793/212858870674256162681025498434438559921340416,102.04527304991431,38800205138835798186000357142869959133241486349/443357979249693775307992336518139983924559872,87.51439458583421,21721241579050868747677614178107035839708569793/212858870674256162681025498434438559921340416,102.04527304991431,7605872602715728494770262594002907557343419920565/40123897122097286665373306454891668545172668416,189.55966763574853,1120767531812716054327369839277351758758334373/12152163887480554407204033980603306367516672,92.22781573636915,30260723358943333466838985660488497486475028071/10889035741470030830827987437816582766592,2779008.5437682755
record_adult_s10001,record,adult,10001,fair,0,9775,20357,f9ce01588c5513b4e51aa40d60ee94f817cc35ac74344d194bd891b54a2cd8ac,a29b5ff4c1b0955935868b56e644e744542a059f511fb757f5205184f6f3e836,0,780195769757/6559891456,118.93424990186301,35687437245291/341533786112,104.4916746057678,780195769757/6559891456,118.93424990186301,14918116623926015/66769855184896,223.4259245076308,862380179519/7898923008,109.176931924211,862380179519/262144,3289719.312740326
record_adult_s10001,record,adult,10001,fair,1,9775,20357,f9ce01588c5513b4e51aa40d60ee94f817cc35ac74344d194bd891b54a2cd8ac,a29b5ff4c1b0955935868b56e644e744542a059f511fb757f5205184f6f3e836,0,947545922159917081928947107726305844634079/9783118048976980824572019963663336079360,96.85520683858066,82891102724766531810656945197176765973491487/865891017926193037590489610436063185076224,95.72925577088273,947545922159917081928947107726305844634079/9783118048976980824572019963663336079360,96.85520683858066,38354145964105734353278673667335064253118988213/199154934123024398645812610400294532567531520,192.58446260946337,246323608833126015585274394551089528740879689/2563347070015429445269600917783509936898048,96.09452099346161,246323608833126015585274394551089528740879689/85070591730234615865843651857942052864,2895520.1065749857
record_adult_s10001,record,adult,10001,fair,2,9775,20357,f9ce01588c5513b4e51aa40d60ee94f817cc35ac74344d194bd891b54a2cd8ac,a29b5ff4c1b0955935868b56e644e744542a059f511fb757f5205184f6f3e836,0,249597747816920814964283708766660629887426121/2661008109321738784283589430116427413585920,93.79819134806789,2603268360525043299396816379587225302182673291/27708512573638177202895667533954021922439168,93.95193457630012,2603268360525043299396816379587225302182673291/27708512573638177202895667533954021922439168,93.95193457630012,5085225498567758340274349740727967954192729914551/27085071040731318215830515014440056429184286720,187.750125924368,160469045817068640592426455142522018817491829/1708898046676952963513067278522339957932032,93.90205935872511,481407137451205921777279365427566056452475487/170141183460469231731687303715884105728,2829456.8525971053
record_adult_s10001,record,adult,10001,lloyd,0,9775,20357,f9ce01588c5513b4e51aa40d60ee94f817cc35ac74344d194bd891b54a2cd8ac,a29b5ff4c1b0955935868b56e644e744542a059f511fb757f5205184f6f3e836,0,780195769757/6559891456,118.93424990186301,35687437245291/341533786112,104.4916746057678,780195769757/6559891456,118.93424990186301,14918116623926015/66769855184896,223.4259245076308,862380179519/7898923008,109.176931924211,862380179519/262144,3289719.312740326
record_adult_s10001,record,adult,10001,lloyd,1,9775,20357,f9ce01588c5513b4e51aa40d60ee94f817cc35ac74344d194bd891b54a2cd8ac,a29b5ff4c1b0955935868b56e644e744542a059f511fb757f5205184f6f3e836,0,1341115621454334674585432439101494960033943857/13305040546608693921417947150582137067929600,100.79755989891892,2425410299938121949658477108093156405613144263/27708512573638177202895667533954021922439168,87.5330385740609,1341115621454334674585432439101494960033943857/13305040546608693921417947150582137067929600,100.79755989891892,25504738193920516514223630947199868383139740133887/135425355203656591079152575072200282145921433600,188.3305984729798,470815740174057078030488693399331420705886015/5126694140030858890539201835567019873796096,91.83612817815246,470815740174057078030488693399331420705886015/170141183460469231731687303715884105728,2767206.21426409
record_adult_s10001,record,adult,10001,lloyd,2,9775,20357,f9ce01588c5513b4e51aa40d60ee94f817cc35ac74344d194bd891b54a2cd8ac,a29b5ff4c1b0955935868b56e644e744542a059f511fb757f5205184f6f3e836,0,266374934972830010465956346611667184924362587/2661008109321738784283589430116427413585920,100.10301510908435,150829178063991764353231150161394204861516187/1731782035852386075180979220872126370152448,87.0947815264485,266374934972830010465956346611667184924362587/2661008109321738784283589430116427413585920,100.10301510908435,10140531241083562912024543725022119611573475512919/54170142081462636431661030028880112858368573440,187.19779663553285,3745141523888018281981480135640643202406071927/41013553120246871124313614684536158990368768,91.3147298627775,3745141523888018281981480135640643202406071927/1361129467683753853853498429727072845824,2751495.4402252114
record_adult_s10002,record,adult,10002,fair,0,9775,20357,06144fda5836499e2ba09ad2569a4547b4cdfec48dd6a4bca5082cdd53e3c626,568cfc5b01fd51e7e65c6f2990ddc194df218e222039dcebe413549ba0ff177a,0,858082880689/7130316800,120.34288303838056,9687653701665/85383446528,113.46056051377715,858082880689/7130316800,120.34288303838056,33937004495016473/145151859097600,233.80344355215772,58486521062507/505531072512,115.69322687107167,58486521062507/16777216,3486068.3120791316
record_adult_s10002,record,adult,10002,fair,1,9775,20357,06144fda5836499e2ba09ad2569a4547b4cdfec48dd6a4bca5082cdd53e3c626,568cfc5b01fd51e7e65c6f2990ddc194df218e222039dcebe413549ba0ff177a,0,2589581372187126731401318224019091124425576379/26610081093217387842835894301164274135859200,97.3158015984845,10664994540393859956506169302249310637717429445/110834050294552708811582670135816087689756672,96.22489218837133,2589581372187126731401318224019091124425576379/26610081093217387842835894301164274135859200,97.3158015984845,209682537619576658817121075102200287523550789519481/1083402841629252728633220600577602257167371468800,193.54069378685583,15844157284768113419308805750287492886568582203/164054212480987484497254458738144635961475072,96.57878968883118,15844157284768113419308805750287492886568582203/5444517870735015415413993718908291383296,2910112.090903861
record_adult_s10002,record,adult,10002,fair,2,9775,20357,06144fda5836499e2ba09ad2569a4547b4cdfec48dd6a4bca5082cdd53e3c626,568cfc5b01fd51e7e65c6f2990ddc194df218e222039dcebe413549ba0ff177a,0,321447687722458852979290908032304534432212199/3326260136652173480354486787645534266982400,96.63937110041871,167077760758356551350328739069665390768910085/1731782035852386075180979220872126370152448,96.47736106473734,321447687722458852979290908032304534432212199/3326260136652173480354486787645534266982400,96.63937110041871,13076451024617836027897278712437540186500928058543/67712677601828295539576287536100141072960716800,193.11673216515604,989758730755885058380605864310966097507852539/10253388280061717781078403671134039747592192,96.52991808381292,989758730755885058380605864310966097507852539/340282366920938463463374607431768211456,2908639.4917014507
record_adult_s10002,record,adult,10002,lloyd,0,9775,20357,06144fda5836499e2ba09ad2569a4547b4cdfec48dd6a4bca5082cdd53e3c626,568cfc5b01fd51e7e65c6f2990ddc194df218e222039dcebe413549ba0ff177a,0,858082880689/7130316800,120.34288303838056,9687653701665/85383446528,113.46056051377715,858082880689/7130316800,120.34288303838056,33937004495016473/145151859097600,233.80344355215772,58486521062507/505531072512,115.69322687107167,58486521062507/16777216,3486068.3120791316
record_adult_s10002,record,adult,10002,lloyd,1,9775,20357,06144fda5836499e2ba09ad2569a4547b4cdfec48dd6a4bca5082cdd53e3c626,568cfc5b01fd51e7e65c6f2990ddc194df218e222039dcebe413549ba0ff177a,0,335657011158759535115194315757296825747168559/3326260136652173480354486787645534266982400,100.911232846807,304189454683624560546361720138160179073229957/3463564071704772150361958441744252740304896,87.82556014155153,335657011158759535115194315757296825747168559/3326260136652173480354486787645534266982400,100.911232846807,12779873615223728015021382314572322982616756014913/67712677601828295539576287536100141072960716800,188.73679298835853,944035920526008656207917756033617183893628473/10253388280061717781078403671134039747592192,92.07063018980163,944035920526008656207917756033617183893628473/340282366920938463463374607431768211456,2774272.228879103
record_adult_s10002,record,adult,10002,lloyd,2,9775,20357,06144fda5836499e2ba09ad2569a4547b4cdfec48dd6a4bca5082cdd53e3c626,568cfc5b01fd51e7e65c6f2990ddc194df218e222039dcebe413549ba0ff177a,0,5316901717161526898766451937175038239399838557/53220162186434775685671788602328548271718400,99.90389917520292,9645515528305015384135908206650974117141283879/110834050294552708811582670135816087689756672,87.02664481421623,5316901717161526898766451937175038239399838557/53220162186434775685671788602328548271718400,99.90389917520292,101260541272719364229058582402542762717259281711037/541701420814626364316610300288801128583685734400,186.93054398941914,3740604311366635570725590035956503089135280609/41013553120246871124313614684536158990368768,91.20410271208709,3740604311366635570725590035956503089135280609/1361129467683753853853498429727072845824,2748162.022920608
record_adult_s10003,record,adult,10003,fair,0,9774,20358,9cb96b186419ecc4fe863a040129e2bfdcfee2069c1d077b7476423bd4d225a9,29dae073ea0e2a1e98cf10721cc72b2ada7ac748cb215f110617604e3e27a435,0,9402226117903/81990254592,114.67492282699168,11615037456829/113850187776,102.02036275672695,9402226117903/81990254592,114.67492282699168,13396243831957009/61820651962368,216.69528558371863,53649564606293/505531072512,106.12515733149024,53649564606293/16777216,3197763.240712464
record_adult_s10003,record,adult,10003,fair,1,9774,20358,9cb96b186419ecc4fe863a040129e2bfdcfee2069c1d077b7476423bd4d225a9,29dae073ea0e2a1e98cf10721cc72b2ada7ac748cb215f110617604e3e27a435,0,1284735134457420585222091160482233981477970003/13303679417141010167564093652152409995083776,96.56991078739576,10763962975577971769431544084449721278424717357/110839494812423443826998084129534995981139968,97.11306419967094,10763962975577971769431544084449721278424717357/110839494812423443826998084129534995981139968,97.11306419967094,3885657881341403132782022949292608395463652606141/20061948561048643332686653227445834272586334208,193.6829749870667,5300967837802551370106636242126219068112199123/54684737493662494832418152912714878653825024,96.9368800283057,15902903513407654110319908726378657204336597369/5444517870735015415413993718908291383296,2920902.0690129073
record_adult_s10003,record,adult,10003,fair,2,9774,20358,9cb96b186419ecc4fe863a040129e2bfdcfee2069c1d077b7476423bd4d225a9,29dae073ea0e2a1e98cf10721cc72b2ada7ac748cb215f110617604e3e27a435,0,79025249772108867044630700129500769306619775/831479963571313135472755853259525624692736,95.0416765699143,836613534600857702315311113036488115545541/8847341539944400050047739793225973497856,94.56100805238218,79025249772108867044630700129500769306619775/831479963571313135472755853259525624692736,95.0416765699143,8197843331744052677535721816143357424615287167/43236958105708283044583304369495332484022272,189.60268462229647,971169396680907049091411402025573271698637703/10253388280061717781078403671134039747592192,94.71692382599026,971169396680907049091411402025573271698637703/340282366920938463463374607431768211456,2854010.3487247387
record_adult_s10003,record,adult,10003,lloyd,0,9774,20358,9cb96b186419ecc4fe863a040129e2bfdcfee2069c1d077b7476423bd4d225a9,29dae073ea0e2a1e98cf10721cc72b2ada7ac748cb215f110617604e3e27a435,0,9402226117903/81990254592,114.67492282699168,11615037456829/113850187776,102.02036275672695,9402226117903/81990254592,114.67492282699168,13396243831957009/61820651962368,216.69528558371863,53649564606293/505531072512,106.12515733149024,53649564606293/16777216,3197763.240712464
record_adult_s10003,record,adult,10003,lloyd,1,9774,20358,9cb96b186419ecc4fe863a040129e2bfdcfee2069c1d077b7476423bd4d225a9,29dae073ea0e2a1e98cf10721cc72b2ada7ac748cb215f110617604e3e27a435,0,593063613361108396904511563588792160188378561/5912746407618226741139597178734404442259456,100.30256203732681,38706471217037663806377591643675279809805896559/443357979249693775307992336518139983924559872,87.30297644026082,593063613361108396904511563588792160188378561/5912746407618226741139597178734404442259456,100.30256203732681,15054930650820780311742375028532312843651541107071/80247794244194573330746612909783337090345336832,187.60553847758763,60056761298037566094940007932871797576587524755/656216849923949937989017834952578543845900288,91.51968789737363,60056761298037566094940007932871797576587524755/21778071482940061661655974875633165533184,2757671.235723662
record_adult_s10003,record,adult,10003,lloyd,2,9774,20358,9cb96b186419ecc4fe863a040129e2bfdcfee2069c1d077b7476423bd4d225a9,29dae073ea0e2a1e98cf10721cc72b2ada7ac748cb215f110617604e3e27a435,0,153773768696438801105478928392054441351272135183089/1549990994278672430829298562822151718111662833664,99.20945945108625,2516898636519058828345426946200027747330453637804219/29055908528107931258584585766052821986479955771392,86.62261013398623,153773768696438801105478928392054441351272135183089/1549990994278672430829298562822151718111662833664,99.20945945108625,122164131299620812510176535162055717721459807889848077/657389930448441944725476252956945097444108999327744,185.83206958507247,975215638696752009573684325432129429872975713613005/10751456869153995784012068207863046862371230318592,90.70544118487351,975215638696752009573684325432129429872975713613005/356811923176489970264571492362373784095686656,2733136.3537826086
record_adult_s10004,record,adult,10004,fair,0,9770,20362,ae88468f8c4ac1563b057648bd07a40c9d2515ee6480c53e566e35c07e5ee84e,c105df29e48531cff18e033a8c0a1b655985d94896b0360d47998da835b959a4,0,20063486062439/163913400320,122.4029641461287,17214640749203/170808836096,100.78308091466548,20063486062439/163913400320,122.4029641461287,372453391721404769/1668802328657920,223.18604506079416,6054751951205/56170119168,107.79311208323695,54492767560845/16777216,3248022.0532920957
record_adult_s10004,record,adult,10004,fair,1,9770,20362,ae88468f8c4ac1563b057648bd07a40c9d2515ee6480c53e566e35c07e5ee84e,c105df29e48531cff18e033a8c0a1b655985d94896b0360d47998da835b959a4,0,1315971944457812180777325832265803193571462239/13298234899270275152148679658433501703700480,98.95839217955344,1309379060164435206436034378440619120631844485/13857659110488297986082467513051328643334144,94.48775220436903,1315971944457812180777325832265803193571462239/13298234899270275152148679658433501703700480,98.95839217955344,26190543784331517779374010175662991122324177673709/135389329509470671324025707602511480845374586880,193.44614438392247,3934730064786682593649394589147041434835151209/41013553120246871124313614684536158990368768,95.93731255740074,3934730064786682593649394589147041434835151209/1361129467683753853853498429727072845824,2890783.1019795993
record_adult_s10004,record,adult,10004,fair,2,9770,20362,ae88468f8c4ac1563b057648bd07a40c9d2515ee6480c53e566e35c07e5ee84e,c105df29e48531cff18e033a8c0a1b655985d94896b0360d47998da835b959a4,0,4018419646062913364007300133528286293892603/41556984060219609850464623932604692824064,96.69661398526614,83536363886139318093948586093636301206579869/866103694405518624130154219565708040208384,96.45076499007143,4018419646062913364007300133528286293892603/41556984060219609850464623932604692824064,96.69661398526614,163438088349891155695704413932385631795069714299/846183309434191695775160672515696755283591168,193.14737897533757,123720560346768451734021587428919164145505899/1281673535007714722634800458891754968449024,96.53047907088425,123720560346768451734021587428919164145505899/42535295865117307932921825928971026432,2908656.3953638845
record_adult_s10004,record,adult,10004,lloyd,0,9770,20362,ae88468f8c4ac1563b057648bd07a40c9d2515ee6480c53e566e35c07e5ee84e,c105df29e48531cff18e033a8c0a1b655985d94896b0360d47998da835b959a4,0,20063486062439/163913400320,122.4029641461287,17214640749203/170808836096,100.78308091466548,20063486062439/163913400320,122.4029641461287,372453391721404769/1668802328657920,223.18604506079416,6054751951205/56170119168,107.79311208323695,54492767560845/16777216,3248022.0532920957
record_adult_s10004,record,adult,10004,lloyd,1,9770,20362,ae88468f8c4ac1563b057648bd07a40c9d2515ee6480c53e566e35c07e5ee84e,c105df29e48531cff18e033a8c0a1b655985d94896b0360d47998da835b959a4,0,171232228842050572124538103223958560232986469/1662279362408784394018584957304187712962560,103.0105003493038,302579792263184340988064396760063183766350145/3464414777622074496520616878262832160833536,87.33936658441078,171232228842050572124538103223958560232986469/1662279362408784394018584957304187712962560,103.0105003493038,1610708803523286190263308503548015377215327849607/8461833094341916957751606725156967552835911680,190.3498669337146,236906010552617456556301249992010871999668307/2563347070015429445269600917783509936898048,92.42057516276618,236906010552617456556301249992010871999668307/85070591730234615865843651857942052864,2784816.7708044704
record_adult_s10004,record,adult,10004,lloyd,2,9770,20362,ae88468f8c4ac1563b057648bd07a40c9d2515ee6480c53e566e35c07e5ee84e,c105df29e48531cff18e033a8c0a1b655985d94896b0360d47998da835b959a4,0,5573548675744916481274260938459653264381974983989/54469570147411047023200991880943622978357166080,102.32408041152549,9865956493925502685525888192798830255500640110201/113521943433120137101987573866916484246193307648,86.9079245435742,5573548675744916481274260938459653264381974983989/54469570147411047023200991880943622978357166080,102.32408041152549,52469748270292537657323607218140007841396757125161947/277277346835395934871604649169943512771327153930240,189.23200495509968,2573250861611736527800024855209747253313769182365/27998585596755197354198094291310017870758412288,91.90645908591736,7719752584835209583400074565629241759941307547095/2787593149816327892691964784081045188247552,2769325.4251768617
record_bank_s10000,record,bank,10000,fair,0,17978,27188,76455f81315def06755c3d3b20095ab7ed37e8c420b6d2e7ab2cac7aa67669ae,3f7e3834fefbeb4f07e2b403d1fe890b4a58567033189b1ad2402a898ab02b14,0,1760448768215/37702598656,46.693035254079014,2762171999825/65162706944,42.3888467708804,1760448768215/37702598656,46.693035254079014,52179496169415165/585747572719616,89.08188202495941,33418794144495/757759737856,44.1020979011763,33418794144495/16777216,1991915.3538045287
record_bank_s10000,record,bank,10000,fair,1,17978,27188,76455f81315def06755c3d3b20095ab7ed37e8c420b6d2e7ab2cac7aa67669ae,3f7e3834fefbeb4f07e2b403d1fe890b4a58567033189b1ad2402a898ab02b14,0,99762174934347028267653181986639353614027215/3058798196252315848072274346204164452777984,32.61482730589324,151129861972016945119919683948003647636560171/4625798495923237472321114413427457066532864,32.671086322763344,151129861972016945119919683948003647636560171/4625798495923237472321114413427457066532864,32.671086322763344,2714673335323973821953435394934980161634125337829/41581302679853981638694497462299411571063914496,65.28591362865659,125446018453181986693786432967321500625293693/3842298346087776660196694379815810759655424,32.64869282753927,125446018453181986693786432967321500625293693/85070591730234615865843651857942052864,1474610.8602486385
record_bank_s10000,record,bank,10000,fair,2,17978,27188,76455f81315def06755c3d3b20095ab7ed37e8c420b6d2e7ab2cac7aa67669ae,3f7e3834fefbeb4f07e2b403d1fe890b4a58567033189b1ad2402a898ab02b14,0,6272893866806755878313648729061157234517565733/195763084560148214276625558157066524977790976,32.043292947192036,2370262814823156919069308820685765584866563403/74012775934771799557137830614839313064525824,32.02504952539671,6272893866806755878313648729061157234517565733/195763084560148214276625558157066524977790976,32.043292947192036,85249444497576234795925904389717379407746971146335/1330601685755327412438223918793581170274045263872,64.06834247258875,15753945126099383554590884011804219573983819345/491814188299235412505176880616423777235894272,32.03231118764346,15753945126099383554590884011804219573983819345/10889035741470030830827987437816582766592,1446771.3671011042
record_bank_s10000,record,bank,10000,lloyd,0,17978,27188,76455f81315def06755c3d3b20095ab7ed37e8c420b6d2e7ab2cac7aa67669ae,3f7e3834fefbeb4f07e2b403d1fe890b4a58567033189b1ad2402a898ab02b14,0,1760448768215/37702598656,46.693035254079014,2762171999825/65162706944,42.3888467708804,1760448768215/37702598656,46.693035254079014,52179496169415165/585747572719616,89.08188202495941,33418794144495/757759737856,44.1020979011763,33418794144495/16777216,1991915.3538045287
record_bank_s10000,record,bank,10000,lloyd,1,17978,27188,76455f81315def06755c3d3b20095ab7ed37e8c420b6d2e7ab2cac7aa67669ae,3f7e3834fefbeb4f07e2b403d1fe890b4a58567033189b1ad2402a898ab02b14,0,51034019206594044445926276627020881906678821/1529399098126157924036137173102082226388992,33.368673532710766,36971269607749445334229239543616360505967897/1156449623980809368080278603356864266633216,31.969632607501254,51034019206594044445926276627020881906678821/1529399098126157924036137173102082226388992,33.368673532710766,339606485525639742104173768245714199453920686235/5197662834981747704836812182787426446382989312,65.33830614021203,124976558422092935114384755714253602918614615/3842298346087776660196694379815810759655424,32.52651074046447,124976558422092935114384755714253602918614615/85070591730234615865843651857942052864,1469092.3841038183
record_bank_s10000,record,bank,10000,lloyd,2,17978,27188,76455f81315def06755c3d3b20095ab7ed37e8c420b6d2e7ab2cac7aa67669ae,3f7e3834fefbeb4f07e2b403d1fe890b4a58567033189b1ad2402a898ab02b14,0,6255396804641822945545250293987070579691221/191174887265769740504517146637760278298624,32.720808125523426,9070927252674580793276007735513245627710475/289112405995202342020069650839216066658304,31.375088251401802,6255396804641822945545250293987070579691221/191174887265769740504517146637760278298624,32.720808125523426,166574429236592747872500166030988802407811918049/2598831417490873852418406091393713223191494656,64.09589637692523,478947626791137616838164313421884881481303/15008977914405377578893337421155510779904,31.91074232519533,478947626791137616838164313421884881481303/332306998946228968225951765070086144,1441280.5878597724
record_bank_s10001,record,bank,10001,fair,0,17980,27186,08b69632debf53194ab3a3e39ca5a10022f6324ede8178d9ac1b4652cd3ea66f,cd0d3d684384c4f0e2fb5770b38880c7a28087fe97f22b6e7d65556717c45a24,0,14605474972817/301654343680,48.41791699280397,2313989935229/57013174272,40.58693389337268,14605474972817/301654343680,48.41791699280397,364954377447171161/4100387493642240,89.00485088617664,33117394454649/757759737856,43.7043469059878,33117394454649/16777216,1973950.532355845
record_bank_s10001,record,bank,10001,fair,1,17980,27186,08b69632debf53194ab3a3e39ca5a10022f6324ede8178d9ac1b4652cd3ea66f,cd0d3d684384c4f0e2fb5770b38880c7a28087fe97f22b6e7d65556717c45a24,0,117863216366406095380155409251026674952597/3296485429546591364801441509495254548480,35.75420516347235,1699984515884872050951281131885399000989913/48181856391211630561017198321041930190848,35.28266951945316,117863216366406095380155409251026674952597/3296485429546591364801441509495254548480,35.75420516347235,1061033433280496353962381310200875554517090037/14936375481275605473915331479522998359162880,71.03687468292551,2129496705570098229719587565983992644148763/60035911657621510315573349684622043119616,35.4703817560795,2129496705570098229719587565983992644148763/1329227995784915872903807060280344576,1602055.2623950865
record_bank_s10001,record,bank,10001,fair,2,17980,27186,08b69632debf53194ab3a3e39ca5a10022f6324ede8178d9ac1b4652cd3ea66f,cd0d3d684384c4f0e2fb5770b38880c7a28087fe97f22b6e7d65556717c45a24,0,421990120310900402973563886711583325998069587/12236553914476947146142950883246384883957760,34.48602631592609,27685923230756142092291673035847772428946337/804427515401098527627417571968700051881984,34.41692719443039,421990120310900402973563886711583325998069587/12236553914476947146142950883246384883957760,34.48602631592609,498292610948239855567078397638817219801086695547/7231803363455875763370483971998613466419036160,68.90295351035648,48125743391740530504376016660731004175628879/1397199398577373330980616138114840276238336,34.44443466032271,529383177309145835548136183268041045931917669/340282366920938463463374607431768211456,1555717.3358681358
record_bank_s10001,record,bank,10001,lloyd,0,17980,27186,08b69632debf53194ab3a3e39ca5a10022f6324ede8178d9ac1b4652cd3ea66f,cd0d3d684384c4f0e2fb5770b38880c7a28087fe97f22b6e7d65556717c45a24,0,14605474972817/301654343680,48.41791699280397,2313989935229/57013174272,40.58693389337268,14605474972817/301654343680,48.41791699280397,364954377447171161/4100387493642240,89.00485088617664,33117394454649/757759737856,43.7043469059878,33117394454649/16777216,1973950.532355845
record_bank_s10001,record,bank,10001,lloyd,1,17980,27186,08b69632debf53194ab3a3e39ca5a10022f6324ede8178d9ac1b4652cd3ea66f,cd0d3d684384c4f0e2fb5770b38880c7a28087fe97f22b6e7d65556717c45a24,0,28761247684289014249861349084671573762432493/764784619654809196633934430202899055247360,37.60699018407379,76416724675746288101890033329445865372225477/2312729106778158266928825519410012649160704,33.04179657348704,28761247684289014249861349084671573762432493/764784619654809196633934430202899055247360,37.60699018407379,45902801074376258482272563620237491687556149779/649732333435488838115316919359250428623585280,70.64878675756083,133939220044324316601612731498789012897090463/3842298346087776660196694379815810759655424,34.85914106089681,133939220044324316601612731498789012897090463/85070591730234615865843651857942052864,1574447.9651564653
record_bank_s10001,record,bank,10001,lloyd,2,17980,27186,08b69632debf53194ab3a3e39ca5a10022f6324ede8178d9ac1b4652cd3ea66f,cd0d3d684384c4f0e2fb5770b38880c7a28087fe97f22b6e7d65556717c45a24,0,220929910030174165533162959051133155663997/5974879841053196848702612735960148869120,36.976460766988524,290504580981439086879673784495329269013577/9034098073352180730190724685195361910784,32.156456419079454,220929910030174165533162959051133155663997/5974879841053196848702612735960148869120,36.976460766988524,5614736450063294823140551424995063113372768451/81216541679436104764414614919906303577948160,69.13291718606798,255717245505806626206418371773231212338787/7504488957202688789446668710577755389952,34.075237762909,255717245505806626206418371773231212338787/166153499473114484112975882535043072,1539042.1887995477
record_bank_s10002,record,bank,10002,fair,0,17978,27188,a6ab6e56fa7280997db309aec0805110848411a37ba10226b1a6084eba3a9d57,243971e1b6b351c44da04649badae3ab44ef0b27e9b21a6bc8e8c7b74041b065,0,14612086301371/301620789248,48.44522268442373,2929865919393/65162706944,44.9623113709946,14612086301371/301620789248,48.44522268442373,54713236346686159/585747572719616,93.40753405541834,17560573868561/378879868928,46.348659057148545,17560573868561/8388608,2093383.534975171
record_bank_s10002,record,bank,10002,fair,1,17978,27188,a6ab6e56fa7280997db309aec0805110848411a37ba10226b1a6084eba3a9d57,243971e1b6b351c44da04649badae3ab44ef0b27e9b21a6bc8e8c7b74041b065,0,12918248374262483570794794407788208448299045/382349774531539481009034293275520556597248,33.786467875102346,9735065898400286095333707510626549840885027/289112405995202342020069650839216066658304,33.67225237149399,12918248374262483570794794407788208448299045/382349774531539481009034293275520556597248,33.786467875102346,21914230195072784067705864300344813667850514571/324853927186359231552300761424214152898936832,67.45872024659634,32388380171063055761462209429041308130069099/960574586521944165049173594953952689913856,33.71771502755986,32388380171063055761462209429041308130069099/21267647932558653966460912964485513216,1522894.3169347686
record_bank_s10002,record,bank,10002,fair,2,17978,27188,a6ab6e56fa7280997db309aec0805110848411a37ba10226b1a6084eba3a9d57,243971e1b6b351c44da04649badae3ab44ef0b27e9b21a6bc8e8c7b74041b065,0,12401293066812580955088864130816863233996901/382349774531539481009034293275520556597248,32.43441971950114,1171889188673964343076646765647863019924083/36139050749400292752508706354902008332288,32.42722662529843,12401293066812580955088864130816863233996901/382349774531539481009034293275520556597248,32.43441971950114,168564484311047236591066831708431344890257592793/2598831417490873852418406091393713223191494656,64.86164634479958,31151520085596010444315212381182671552782229/960574586521944165049173594953952689913856,32.43008978447959,31151520085596010444315212381182671552782229/21267647932558653966460912964485513216,1464737.4352058053
record_bank_s10002,record,bank,10002,lloyd,0,17978,27188,a6ab6e56fa7280997db309aec0805110848411a37ba10226b1a6084eba3a9d57,243971e1b6b351c44da04649badae3ab44ef0b27e9b21a6bc8e8c7b74041b065,0,14612086301371/301620789248,48.44522268442373,2929865919393/65162706944,44.9623113709946,14612086301371/301620789248,48.44522268442373,54713236346686159/585747572719616,93.40753405541834,17560573868561/378879868928,46.348659057148545,17560573868561/8388608,2093383.534975171
record_bank_s10002,record,bank,10002,lloyd,1,17978,27188,a6ab6e56fa7280997db309aec0805110848411a37ba10226b1a6084eba3a9d57,243971e1b6b351c44da04649badae3ab44ef0b27e9b21a6bc8e8c7b74041b065,0,3365412894069145414300696598388976540282816737/97881542280074107138312779078533262488895488,34.3825078321661,2460159887513707312876379662802846081921264115/74012775934771799557137830614839313064525824,33.23966513135341,3365412894069145414300696598388976540282816737/97881542280074107138312779078533262488895488,34.3825078321661,11247272167462174104111902892046164243673137122781/166325210719415926554777989849197646284255657984,67.62217296351952,8285732669096560040053455923994668704125344967/245907094149617706252588440308211888617947136,33.69456541198952,8285732669096560040053455923994668704125344967/5444517870735015415413993718908291383296,1521848.741397919
record_bank_s10002,record,bank,10002,lloyd,2,17978,27188,a6ab6e56fa7280997db309aec0805110848411a37ba10226b1a6084eba3a9d57,243971e1b6b351c44da04649badae3ab44ef0b27e9b21a6bc8e8c7b74041b065,0,405763289479211115117009906192225892903757475/12235192785009263392289097384816657811111936,33.16362043566311,1179036223671312303310137727883816283835296249/37006387967385899778568915307419656532262912,31.86034326588179,405763289479211115117009906192225892903757475/12235192785009263392289097384816657811111936,33.16362043566311,21630248928942218092256093365501862151662836212561/332650421438831853109555979698395292568511315968,65.0239637015449,1990562802629734533544157540268268069642811199/61476773537404426563147110077052972154486784,32.37910332783832,1990562802629734533544157540268268069642811199/1361129467683753853853498429727072845824,1462434.5809051457
record_bank_s10003,record,bank,10003,fair,0,17980,27186,4feb8735ef1c36697863b50c164135233d4d1991d64ff4f8f771ab6bf4562f67,c76dcdfb62dcdc83d9672fd724bea276198a67fbd09c6cb46631e4fd1616603d,0,7304447559117/150827171840,48.42925495457596,19815872677223/456105394176,43.44581960715978,7304447559117/150827171840,48.42925495457596,94180851677597383/1025096873410560,91.87507456173574,34424767795457/757759737856,45.42966071654611,34424767795457/16777216,2051876.0559235215
record_bank_s10003,record,bank,10003,fair,1,17980,27186,4feb8735ef1c36697863b50c164135233d4d1991d64ff4f8f771ab6bf4562f67,c76dcdfb62dcdc83d9672fd724bea276198a67fbd09c6cb46631e4fd1616603d,0,51755279764023162271818209763820597454609773/1529569239309618393267868860405798110494720,33.836506667317174,104659964746993643351203609716660583766450967/3083638809037544355905100692546683532214272,33.9404097653252,104659964746993643351203609716660583766450967/3083638809037544355905100692546683532214272,33.9404097653252,939452886759314323370876842556131578163870859591/13860956446623761879793427612997342477303152640,67.77691643264238,521001013297073579140883668205264141117791993/15369193384351106640786777519263243038621696,33.899047286863876,521001013297073579140883668205264141117791993/340282366920938463463374607431768211456,1531084.3697584937
record_bank_s10003,record,bank,10003,fair,2,17980,27186,4feb8735ef1c36697863b50c164135233d4d1991d64ff4f8f771ab6bf4562f67,c76dcdfb62dcdc83d9672fd724bea276198a67fbd09c6cb46631e4fd1616603d,0,1581547944025058635950071607764174948919827/47799038728425574789620901887681190952960,33.08744246951831,76464890984771515890629775665881222789502413/2312729106778158266928825519410012649160704,33.0626231843011,1581547944025058635950071607764174948919827/47799038728425574789620901887681190952960,33.08744246951831,687677384226669916543890015447550977729488681011/10395717334967821409845070709748006857977364480,66.15006565381941,127074425193573392241032067114334821154936877/3842298346087776660196694379815810759655424,33.072503420501015,127074425193573392241032067114334821154936877/85070591730234615865843651857942052864,1493752.6894903488
record_bank_s10003,record,bank,10003,lloyd,0,17980,27186,4feb8735ef1c36697863b50c164135233d4d1991d64ff4f8f771ab6bf4562f67,c76dcdfb62dcdc83d9672fd724bea276198a67fbd09c6cb46631e4fd1616603d,0,7304447559117/150827171840,48.42925495457596,19815872677223/456105394176,43.44581960715978,7304447559117/150827171840,48.42925495457596,94180851677597383/1025096873410560,91.87507456173574,34424767795457/757759737856,45.42966071654611,34424767795457/16777216,2051876.0559235215
record_bank_s10003,record,bank,10003,lloyd,1,17980,27186,4feb8735ef1c36697863b50c164135233d4d1991d64ff4f8f771ab6bf4562f67,c76dcdfb62dcdc83d9672fd724bea276198a67fbd09c6cb46631e4fd1616603d,0,13201383959113886318316224477722236195224479/382392309827404598316967215101449527623680,34.523141862011876,3211231835768090305198398172928715878600771/96363712782423261122034396642083860381696,33.32407752925247,13201383959113886318316224477722236195224479/382392309827404598316967215101449527623680,34.523141862011876,117553419125855282595758012257817763697803976929/1732619555827970234974178451624667809662894080,67.84721939126435,32468774973722428149506613515294531466829105/960574586521944165049173594953952689913856,33.801409520197296,32468774973722428149506613515294531466829105/21267647932558653966460912964485513216,1526674.4623892312
record_bank_s10003,record,bank,10003,lloyd,2,17980,27186,4feb8735ef1c36697863b50c164135233d4d1991d64ff4f8f771ab6bf4562f67,c76dcdfb62dcdc83d9672fd724bea276198a67fbd09c6cb46631e4fd1616603d,0,6446597342496947807521084601766796258995271/191196154913702299158483607550724763811840,33.71719135987156,18734957081491440864793960386497304791898455/578182276694539566732206379852503162290176,32.403201960113584,6446597342496947807521084601766796258995271/191196154913702299158483607550724763811840,33.71719135987156,21480278719733129779360369366140180823513284241/324866166717744419057658459679625214311792640,66.12039331998515,31628151766485336479836129590030897309888997/960574586521944165049173594953952689913856,32.92628413271352,31628151766485336479836129590030897309888997/21267647932558653966460912964485513216,1487148.5491381388
record_bank_s10004,record,bank,10004,fair,0,17983,27183,257ff84316dd148b25d3471d17d228a03fb4e0a785334a7acebee71a795cb93e,48a902980e66d4bf58bd1a676d8760fb1aaec49ed0195db47c1d41b0313160e3,0,14424259977703/301704675328,47.809202698041,6579982461017/152018354176,43.284131687144786,14424259977703/301704675328,47.809202698041,124513022127217797/1366873031573504,91.09333438518578,17082103680377/378879868928,45.08580444959766,17082103680377/8388608,2036345.4437705278
record_bank_s10004,record,bank,10004,fair,1,17983,27183,257ff84316dd148b25d3471d17d228a03fb4e0a785334a7acebee71a795cb93e,48a902980e66d4bf58bd1a676d8760fb1aaec49ed0195db47c1d41b0313160e3,0,1853638334080609155437925370481378526300019/54636587538743182039838085405763283451904,33.9266857170789,117926592342386060256669992471835837960597/3487894260939619250499589726175624167424,33.81025441712138,1853638334080609155437925370481378526300019/54636587538743182039838085405763283451904,33.9266857170789,606950102516809690291204971419092346033976809/8960400356353881854533446006545178486112256,67.73694013420027,130087204077259014302434115382305759304276343/3842298346087776660196694379815810759655424,33.85661194418014,130087204077259014302434115382305759304276343/85070591730234615865843651857942052864,1529167.7350708402
record_bank_s10004,record,bank,10004,fair,2,17983,27183,257ff84316dd148b25d3471d17d228a03fb4e0a785334a7acebee71a795cb93e,48a902980e66d4bf58bd1a676d8760fb1aaec49ed0195db47c1d41b0313160e3,0,806011653135174504384438386025194734898420827/24477191217356945553847462261781950986452992,32.92909084125739,406950633481873725329627429311680127548981193/12333194106682493669766549271757007056011264,32.99636979372405,406950633481873725329627429311680127548981193/12333194106682493669766549271757007056011264,32.99636979372405,7310732415481175693415043138543116613313959953583/110893914810235641831705927777003128944125280256,65.92546063498145,1013431776790397840186660336980117558772682203/30738386768702213281573555038526486077243392,32.96958244478441,1013431776790397840186660336980117558772682203/680564733841876926926749214863536422912,1489104.1607011326
record_bank_s10004,record,bank,10004,lloyd,0,17983,27183,257ff84316dd148b25d3471d17d228a03fb4e0a785334a7acebee71a795cb93e,48a902980e66d4bf58bd1a676d8760fb1aaec49ed0195db47c1d41b0313160e3,0,14424259977703/301704675328,47.809202698041,6579982461017/152018354176,43.284131687144786,14424259977703/301704675328,47.809202698041,124513022127217797/1366873031573504,91.09333438518578,17082103680377/378879868928,45.08580444959766,17082103680377/8388608,2036345.4437705278
record_bank_s10004,record,bank,10004,lloyd,1,17983,27183,257ff84316dd148b25d3471d17d228a03fb4e0a785334a7acebee71a795cb93e,48a902980e66d4bf58bd1a676d8760fb1aaec49ed0195db47c1d41b0313160e3,0,212414500451371416519632351392422979834521117/6119297804339236388461865565445487746613248,34.7122345150038,51025863232372081650793616402269874369214377/1541649263335311708720818658969625882001408,33.098230866065585,212414500451371416519632351392422979834521117/6119297804339236388461865565445487746613248,34.7122345150038,3759883985605370693736831943490782921843760124319/55446957405117820915852963888501564472062640128,67.81046538106938,518569679845603906424394049806042226049807379/15369193384351106640786777519263243038621696,33.740852032847144,518569679845603906424394049806042226049807379/340282366920938463463374607431768211456,1523939.322915574
record_bank_s10004,record,bank,10004,lloyd,2,17983,27183,257ff84316dd148b25d3471d17d228a03fb4e0a785334a7acebee71a795cb93e,48a902980e66d4bf58bd1a676d8760fb1aaec49ed0195db47c1d41b0313160e3,0,415893171901801323426198061350509176992330547/12238595608678472776923731130890975493226496,33.98209935189693,1181208956498112591123169582243870786402047631/36999582320047481009299647815271021168033792,31.924926781081478,415893171901801323426198061350509176992330547/12238595608678472776923731130890975493226496,33.98209935189693,43852128848318889475556642400873310268233065066475/665363488861413850990235566662018773664751681536,65.9070261329784,182999572754701385270505973176808103671518975/5588797594309493323922464552459361104953344,32.74399719557411,2012995300301715237975565704944889140386708725/1361129467683753853853498429727072845824,1478915.3773353002
record_credit_s10000,record,credit,10000,fair,0,5374,24596,75b0d63f253fbf64d5143b5665d37827bd944a08ede4d26fd1a86e535f9e0817,3574ce5d0ce42ce0ff002f994833c8052b619e965712822adc1730eabb05d7fc,0,388433100037/22540189696,17.232911757878046,7613643563421/412652404736,18.450500896249306,7613643563421/412652404736,18.450500896249306,39565661311932331/1108797011525632,35.68341265412735,9167375963569/502813163520,18.232171766132286,9167375963569/16777216,546418.1878309846
record_credit_s10000,record,credit,10000,fair,1,5374,24596,75b0d63f253fbf64d5143b5665d37827bd944a08ede4d26fd1a86e535f9e0817,3574ce5d0ce42ce0ff002f994833c8052b619e965712822adc1730eabb05d7fc,0,6223528623643766376288683338204378748379033/457169359958280825663043785084580592091136,13.613179641373378,14437521864175245922590987749643771576845557/1046198137098425305918145230548971366121472,13.799988121004443,14437521864175245922590987749643771576845557/1046198137098425305918145230548971366121472,13.799988121004443,9632762344478050655225137241238942393845835697/351391799297933599625257029310635757596049408,27.41316776237782,35098572351994258221470658837491921902070147/2549565634155131437499334246182523324334080,13.766490998230424,35098572351994258221470658837491921902070147/85070591730234615865843651857942052864,412581.7352169658
record_credit_s10000,record,credit,10000,fair,2,5374,24596,75b0d63f253fbf64d5143b5665d37827bd944a08ede4d26fd1a86e535f9e0817,3574ce5d0ce42ce0ff002f994833c8052b619e965712822adc1730eabb05d7fc,0,47101690809176995901478193927015098007845/3571635624674068950492529570973285875712,13.18770887035132,431951975413963915311335893746784849534447/32693691784325790809942038454655355191296,13.212089300390755,431951975413963915311335893746784849534447/32693691784325790809942038454655355191296,13.212089300390755,2319168145079838431634317204326474241300014709/87847949824483399906314257327658939399012352,26.399798170742073,526155357032317907114292281600815045550137/39836963033673928710927097596601926942720,13.20771758097027,526155357032317907114292281600815045550137/1329227995784915872903807060280344576,395835.295901679
record_credit_s10000,record,credit,10000,lloyd,0,5374,24596,75b0d63f253fbf64d5143b5665d37827bd944a08ede4d26fd1a86e535f9e0817,3574ce5d0ce42ce0ff002f994833c8052b619e965712822adc1730eabb05d7fc,0,388433100037/22540189696,17.232911757878046,7613643563421/412652404736,18.450500896249306,7613643563421/412652404736,18.450500896249306,39565661311932331/1108797011525632,35.68341265412735,9167375963569/502813163520,18.232171766132286,9167375963569/16777216,546418.1878309846
record_credit_s10000,record,credit,10000,lloyd,1,5374,24596,75b0d63f253fbf64d5143b5665d37827bd944a08ede4d26fd1a86e535f9e0817,3574ce5d0ce42ce0ff002f994833c8052b619e965712822adc1730eabb05d7fc,0,400426038121471598141595371154492067243425/28573084997392551603940236567786287005696,14.014098868148562,1781808054614233802788170145630325608715657/130774767137303163239768153818621420765184,13.62501416457103,400426038121471598141595371154492067243425/28573084997392551603940236567786287005696,14.014098868148562,9712157659566303942037153055766628353578611009/351391799297933599625257029310635757596049408,27.639113032719592,1091117046367852700464882758392408837979541/79673926067347857421854195193203853885440,13.694781972279594,1091117046367852700464882758392408837979541/2658455991569831745807614120560689152,410432.6157092195
record_credit_s10000,record,credit,10000,lloyd,2,5374,24596,75b0d63f253fbf64d5143b5665d37827bd944a08ede4d26fd1a86e535f9e0817,3574ce5d0ce42ce0ff002f994833c8052b619e965712822adc1730eabb05d7fc,0,1571354093197914408099321910742082915554823/114292339989570206415760946271145148022784,13.748551244478055,1698700744407570374525986127123443952103771/130774767137303163239768153818621420765184,12.989514579858277,1571354093197914408099321910742082915554823/114292339989570206415760946271145148022784,13.748551244478055,18791074119520258888105379876314455646352271981/702783598595867199250514058621271515192098816,26.73806582433633,929573007869799545133696268803984302663323/70821267615420317708314840171736759009280,13.12561945258656,8366157070828195906203266419235858723969907/21267647932558653966460912964485513216,393374.8149940192
record_credit_s10001,record,credit,10001,fair,0,5378,24592,738fb12cd08ef16c92202e0e116105a8cb73a10b2550b22484f62aef72eac26a,3ef612f8b57ab38cc661aa8c73068e3deb7fbc0c4ebe71cadc6db9f7c20bcd91,0,183738950547/11278483456,16.291104319460022,3595096307125/206292647936,17.427166421560205,3595096307125/206292647936,17.427166421560205,18704230513562773/554720930299904,33.71827074102023,4330052109313/251406581760,17.22330449346228,4330052109313/8388608,516182.4356690645
record_credit_s10001,record,credit,10001,fair,1,5378,24592,738fb12cd08ef16c92202e0e116105a8cb73a10b2550b22484f62aef72eac26a,3ef612f8b57ab38cc661aa8c73068e3deb7fbc0c4ebe71cadc6db9f7c20bcd91,0,46947408923735616939200865638314207144997/3574294080665638782238337185093846564864,13.134735940639956,434261523778429647961204985016427582466655/32688374872342651146450423226414233812992,13.28489181473058,434261523778429647961204985016427582466655/32688374872342651146450423226414233812992,13.28489181473058,2322259917692703615136507892486596751362601519/87899040031729388932805188055827874723135488,26.419627755370538,528156341625900881839606716293055996756649/39836963033673928710927097596601926942720,13.257946926814018,528156341625900881839606716293055996756649/1329227995784915872903807060280344576,397340.6693966161
record_credit_s10001,record,credit,10001,fair,2,5378,24592,738fb12cd08ef16c92202e0e116105a8cb73a10b2550b22484f62aef72eac26a,3ef612f8b57ab38cc661aa8c73068e3deb7fbc0c4ebe71cadc6db9f7c20bcd91,0,23454118147172303512890790258394338108122013/1830038569300807056506028638768049441210368,12.816187888396959,107735762647209287193498696266258772235764989/8368223967319718693491308345962043856125952,12.874388050313652,107735762647209287193498696266258772235764989/8368223967319718693491308345962043856125952,12.874388050313652,578093302495976417257823151277186619919440327269/22502154248122723566798128142291935929122684928,25.690575938710612,7288326710798977261466082584702950574660389/566570140923362541666518721373894072074240,12.863944257494568,65594940397190795353194743262326555171943501/170141183460469231731687303715884105728,385532.4093971122
record_credit_s10001,record,credit,10001,lloyd,0,5378,24592,738fb12cd08ef16c92202e0e116105a8cb73a10b2550b22484f62aef72eac26a,3ef612f8b57ab38cc661aa8c73068e3deb7fbc0c4ebe71cadc6db9f7c20bcd91,0,183738950547/11278483456,16.291104319460022,3595096307125/206292647936,17.427166421560205,3595096307125/206292647936,17.427166421560205,18704230513562773/554720930299904,33.71827074102023,4330052109313/251406581760,17.22330449346228,4330052109313/8388608,516182.4356690645
record_credit_s10001,record,credit,10001,lloyd,1,5378,24592,738fb12cd08ef16c92202e0e116105a8cb73a10b2550b22484f62aef72eac26a,3ef612f8b57ab38cc661aa8c73068e3deb7fbc0c4ebe71cadc6db9f7c20bcd91,0,25428905438762454514897993674118726810956089/1830038569300807056506028638768049441210368,13.89528388381341,108907864737883633769706336884996049394341677/8368223967319718693491308345962043856125952,13.014453862994065,25428905438762454514897993674118726810956089/1830038569300807056506028638768049441210368,13.89528388381341,605527069555192231921926070100718241688900839797/22502154248122723566798128142291935929122684928,26.909737746807476,67168385088323044142302165279557388102648883/5099131268310262874998668492365046648668160,13.172515386249534,67168385088323044142302165279557388102648883/170141183460469231731687303715884105728,394780.2861258986
record_credit_s10001,record,credit,10001,lloyd,2,5378,24592,738fb12cd08ef16c92202e0e116105a8cb73a10b2550b22484f62aef72eac26a,3ef612f8b57ab38cc661aa8c73068e3deb7fbc0c4ebe71cadc6db9f7c20bcd91,0,24022616354078090313198224337658649182381/1787147040332819391119168592546923282432,13.44188016538604,413784465198617804351330216471261359267897/32688374872342651146450423226414233812992,12.65845937017558,24022616354078090313198224337658649182381/1787147040332819391119168592546923282432,13.44188016538604,2294194789678060069865068417914624796457602137/87899040031729388932805188055827874723135488,26.10033953556162,509874930614930165604123113821895955997421/39836963033673928710927097596601926942720,12.79904118654668,509874930614930165604123113821895955997421/1329227995784915872903807060280344576,383587.264360804
record_credit_s10002,record,credit,10002,fair,0,5380,24590,1fdc056845115882934cb0bbf641f1543bc40d049df488dc7d8a75e686772ea8,b968ed200f0ca5b89178c98c4d15006601f3c7a36705701b431c9ca064f475bf,0,806888419807/45130711040,17.878921054264868,1627843529839/82510348288,19.7289620467612,1627843529839/82510348288,19.7289620467612,1043397042984717/27744104611840,37.60788310102607,9752994488809/502813163520,19.396855922649415,9752994488809/16777216,581323.7720018029
record_credit_s10002,record,credit,10002,fair,1,5380,24590,1fdc056845115882934cb0bbf641f1543bc40d049df488dc7d8a75e686772ea8,b968ed200f0ca5b89178c98c4d15006601f3c7a36705701b431c9ca064f475bf,0,94815506832873758209921105467492523612513/7151246617322847396222481984308253818880,13.258598382441054,107693803973684061382950317310564221413229/8171429104087770328676153903073418280960,13.179310816000358,94815506832873758209921105467492523612513/7151246617322847396222481984308253818880,13.258598382441054,92981679490680934306861016239379664008887655/3516983086399376349462216639882799228125184,26.43790919844141,175196907575870001247240791569916469755143/13278987677891309570309032532200642314240,13.193543952718773,525590722727610003741722374709749409265429/1329227995784915872903807060280344576,395410.5122629817
record_credit_s10002,record,credit,10002,fair,2,5380,24590,1fdc056845115882934cb0bbf641f1543bc40d049df488dc7d8a75e686772ea8,b968ed200f0ca5b89178c98c4d15006601f3c7a36705701b431c9ca064f475bf,0,734585106846018374612724025843220577102649/57209972938582779169779855874466030551040,12.840158264619793,2677836796680584836812453565704489126968771/209188585064646920414109539918679507992576,12.801065583253672,734585106846018374612724025843220577102649/57209972938582779169779855874466030551040,12.840158264619793,7214380047004104971858126804969496673963824777/281358646911950107956977331190623938250014720,25.641223847873466,16327524410786997682513163931895327943254451/1274782817077565718749667123091261662167040,12.808083221750493,16327524410786997682513163931895327943254451/42535295865117307932921825928971026432,383858.25415586226
record_credit_s10002,record,credit,10002,lloyd,0,5380,24590,1fdc056845115882934cb0bbf641f1543bc40d049df488dc7d8a75e686772ea8,b968ed200f0ca5b89178c98c4d15006601f3c7a36705701b431c9ca064f475bf,0,806888419807/45130711040,17.878921054264868,1627843529839/82510348288,19.7289620467612,1627843529839/82510348288,19.7289620467612,1043397042984717/27744104611840,37.60788310102607,9752994488809/502813163520,19.396855922649415,9752994488809/16777216,581323.7720018029
record_credit_s10002,record,credit,10002,lloyd,1,5380,24590,1fdc056845115882934cb0bbf641f1543bc40d049df488dc7d8a75e686772ea8,b968ed200f0ca5b89178c98c4d15006601f3c7a36705701b431c9ca064f475bf,0,391801850507988364661489978676348035734151/28604986469291389584889927937233015275520,13.696977305988364,340740255286109662494015439323806157874655/26148573133080865051763692489834938499072,13.030931116277056,391801850507988364661489978676348035734151/28604986469291389584889927937233015275520,13.696977305988364,1880032037118778380811505389346178384553099259/70339661727987526989244332797655984562503680,26.72790842226542,349250521156422779521927862549229804184571/26557975355782619140618065064401284628480,13.150494963479153,1047751563469268338565783587647689412553713/2658455991569831745807614120560689152,394120.3340554702
record_credit_s10002,record,credit,10002,lloyd,2,5380,24590,1fdc056845115882934cb0bbf641f1543bc40d049df488dc7d8a75e686772ea8,b968ed200f0ca5b89178c98c4d15006601f3c7a36705701b431c9ca064f475bf,0,6064992050897639838172057269184773931859/446952913582677962263905124019265863680,13.569644288213661,25631046155519067062943236909624247649889/2042857276021942582169038475768354570240,12.546665132392617,6064992050897639838172057269184773931859/446952913582677962263905124019265863680,13.569644288213661,28703318284826554441928550282303204334081563/1099057214499805109206942699963374758789120,26.116309420606278,7924009551604176725278823544702255395437/622452547401155136108235899946905108480,12.730303032236367,7924009551604176725278823544702255395437/20769187434139310514121985316880384,381527.18187612394
record_credit_s10003,record,credit,10003,fair,0,5379,24591,87d06f2d956350a90cc26351810f290bdad49f6b0a0b92bf980c5c3aa30020b9,ecca150cb24169d1a2ecbe61c7d5e9262e34b076f900089fc7435e5fd47b8861,0,1371512610631/90244644864,15.19771741246131,7398857842331/412568518656,17.9336461890835,7398857842331/412568518656,17.9336461890835,12254220490320895/369867676975104,33.13136360154481,1461728408827/83802193920,17.44260311636242,4385185226481/8388608,522754.8153973818
record_credit_s10003,record,credit,10003,fair,1,5379,24591,87d06f2d956350a90cc26351810f290bdad49f6b0a0b92bf980c5c3aa30020b9,ecca150cb24169d1a2ecbe61c7d5e9262e34b076f900089fc7435e5fd47b8861,0,986614102879700910012397035889391837151/74478306138823567503641439346333057024,13.246999751051066,13815619964246543829712987978795112144773/1021470176385839569705547481854811045888,13.52523087177043,13815619964246543829712987978795112144773/1021470176385839569705547481854811045888,13.52523087177043,24516616999904389082395121477767835371479115/915748013129905174241023317482838102638592,26.772230622821496,8387731136442823279875089543231643828113/622452547401155136108235899946905108480,13.475294095048726,8387731136442823279875089543231643828113/20769187434139310514121985316880384,403854.56402861036
record_credit_s10003,record,credit,10003,fair,2,5379,24591,87d06f2d956350a90cc26351810f290bdad49f6b0a0b92bf980c5c3aa30020b9,ecca150cb24169d1a2ecbe61c7d5e9262e34b076f900089fc7435e5fd47b8861,0,123345142671306482134731357453557194205325/9533223185769416640466104236330631299072,12.938451168900377,3395130079327666316590254226234766895965299/261496365154774929844620155354831627747328,12.983469492274399,3395130079327666316590254226234766895965299/261496365154774929844620155354831627747328,12.983469492274399,12153829039094701109996683449919786969872075257/468862982722511449211403938551213108550959104,25.921920661174774,4135200935355505209398642370956110061197249/318695704269391429687416780772815415541760,12.97538962702819,4135200935355505209398642370956110061197249/10633823966279326983230456482242756608,388872.42712203483
record_credit_s10003,record,credit,10003,lloyd,0,5379,24591,87d06f2d956350a90cc26351810f290bdad49f6b0a0b92bf980c5c3aa30020b9,ecca150cb24169d1a2ecbe61c7d5e9262e34b076f900089fc7435e5fd47b8861,0,1371512610631/90244644864,15.19771741246131,7398857842331/412568518656,17.9336461890835,7398857842331/412568518656,17.9336461890835,12254220490320895/369867676975104,33.13136360154481,1461728408827/83802193920,17.44260311636242,4385185226481/8388608,522754.8153973818
record_credit_s10003,record,credit,10003,lloyd,1,5379,24591,87d06f2d956350a90cc26351810f290bdad49f6b0a0b92bf980c5c3aa30020b9,ecca150cb24169d1a2ecbe61c7d5e9262e34b076f900089fc7435e5fd47b8861,0,1524078882129430101286809438002710726967/111717459208235351255462159019499585536,13.642262301084282,975430387962759652167061635992268964385/72962155456131397836110534418200788992,13.368990840042255,1524078882129430101286809438002710726967/111717459208235351255462159019499585536,13.642262301084282,588940509431798450823732560872552085736777/21803524122140599386691031368639002443776,27.011253141126534,4176045798934373833228120444974296738831/311226273700577568054117949973452554240,13.418037459626674,4176045798934373833228120444974296738831/10384593717069655257060992658440192,402138.5826650114
record_credit_s10003,record,credit,10003,lloyd,2,5379,24591,87d06f2d956350a90cc26351810f290bdad49f6b0a0b92bf980c5c3aa30020b9,ecca150cb24169d1a2ecbe61c7d5e9262e34b076f900089fc7435e5fd47b8861,0,97042984050910169487148258314100696155221/7149917389327062480349578177247973474304,13.572602138840052,69579172271606308355668583193572024953601/5447840940724477705096253236558992244736,12.771880278566533,97042984050910169487148258314100696155221/7149917389327062480349578177247973474304,13.572602138840052,1543994075563251324576436891397131250835186095/58607872840313931151425492318901638568869888,26.344482417406585,514518017680548019621159757475532845876827/39836963033673928710927097596601926942720,12.915593421256265,514518017680548019621159757475532845876827/1329227995784915872903807060280344576,387080.3348350503
record_credit_s10004,record,credit,10004,fair,0,5380,24590,b7803be9c9df2af9ca058b0d6ef62e5048d400eb01fe0289fd5585e74298ed48,6f1bd4546a113d1c76b064842e98d5e00e023d70c42c124033942d56ce8a4c6b,0,1400734011621/90261422080,15.518634421464236,1483129572161/82510348288,17.975073465744913,1483129572161/82510348288,17.975073465744913,7434023483689129/221952836894720,33.49370788720915,4408190936213/251406581760,17.534111101439606,4408190936213/8388608,525497.309710145
record_credit_s10004,record,credit,10004,fair,1,5380,24590,b7803be9c9df2af9ca058b0d6ef62e5048d400eb01fe0289fd5585e74298ed48,6f1bd4546a113d1c76b064842e98d5e00e023d70c42c124033942d56ce8a4c6b,0,768572547020979517272986614582596915585179/57209972938582779169779855874466030551040,13.434240702159975,6978396930173777475493676078311833183736257/522971462661617301035273849796698769981440,13.343743260211255,768572547020979517272986614582596915585179/57209972938582779169779855874466030551040,13.434240702159975,1883554333670667386941036475162244470924504147/70339661727987526989244332797655984562503680,26.77798396237123,1703108404843147302007929861495405402981323/127478281707756571874966712309126166216704,13.359988713587434,8515542024215736510039649307477027014906615/21267647932558653966460912964485513216,400398.86174621544
record_credit_s10004,record,credit,10004,fair,2,5380,24590,b7803be9c9df2af9ca058b0d6ef62e5048d400eb01fe0289fd5585e74298ed48,6f1bd4546a113d1c76b064842e98d5e00e023d70c42c124033942d56ce8a4c6b,0,1469217837854282689144568480490514675089339/114419945877165558339559711748932061102080,12.840574487175054,677500474062570941480653571380219709810399/52297146266161730103527384979669876998144,12.954826839202504,677500474062570941480653571380219709810399/52297146266161730103527384979669876998144,12.954826839202504,7257759213740312797772410107551757624824631221/281358646911950107956977331190623938250014720,25.795401326377558,8244222578479992103951104194292711773193329/637391408538782859374833561545630831083520,12.934317074307351,8244222578479992103951104194292711773193329/21267647932558653966460912964485513216,387641.48271699133
record_credit_s10004,record,credit,10004,lloyd,0,5380,24590,b7803be9c9df2af9ca058b0d6ef62e5048d400eb01fe0289fd5585e74298ed48,6f1bd4546a113d1c76b064842e98d5e00e023d70c42c124033942d56ce8a4c6b,0,1400734011621/90261422080,15.518634421464236,1483129572161/82510348288,17.975073465744913,1483129572161/82510348288,17.975073465744913,7434023483689129/221952836894720,33.49370788720915,4408190936213/251406581760,17.534111101439606,4408190936213/8388608,525497.309710145
record_credit_s10004,record,credit,10004,lloyd,1,5380,24590,b7803be9c9df2af9ca058b0d6ef62e5048d400eb01fe0289fd5585e74298ed48,6f1bd4546a113d1c76b064842e98d5e00e023d70c42c124033942d56ce8a4c6b,0,25632379519715855656168608032970416224169/1787811654330711849055620496077063454720,14.337293001544749,53050384611362808967269741249110816918717/4085714552043885164338076951536709140480,12.984359023521177,25632379519715855656168608032970416224169/1787811654330711849055620496077063454720,14.337293001544749,120112235080807671507300848737117492499771063/4396228857999220436827770799853499035156480,27.321652025065926,43911049580813824530236030177064016687201/3319746919472827392577258133050160578560,13.22722805260916,131733148742441473590708090531192050061603/332306998946228968225951765070086144,396420.0247366965
record_credit_s10004,record,credit,10004,lloyd,2,5380,24590,b7803be9c9df2af9ca058b0d6ef62e5048d400eb01fe0289fd5585e74298ed48,6f1bd4546a113d1c76b064842e98d5e00e023d70c42c124033942d56ce8a4c6b,0,50075610954063881829753974918002482944051/3575623308661423698111240992154126909440,14.004722150894096,408336971321973205252045038106859175926903/32685716416351081314704615612293673123840,12.492826105463669,50075610954063881829753974918002482944051/3575623308661423698111240992154126909440,14.004722150894096,58244643155413469408041284893528305970939579/2198114428999610218413885399926749517578240,26.497548256357767,11299737627335577086923399732063647595889/885265845192753971353935502146709487616,12.764230867706436,508488193230100968911552987942864141815005/1329227995784915872903807060280344576,382543.99910516187
client_adult_s10000,client,adult,10000,fair,0,9685,20177,f70e2f6251dbc391a401bb3a64bfcd75744639fdb1563511f936278ae852f575,20430a6e453bbee0271430c66fcb5a147d8ecfbeb3fca68e93b6f22d88423d71,0,351573533373/3124756480,112.51229835772675,17632415235535/169256943616,104.17543209062292,351573533373/3124756480,112.51229835772675,27323547716207617/126096422993920,216.68773044834967,26773327103233/250500612096,106.87928815508279,26773327103233/8388608,3191629.302887082
client_adult_s10000,client,adult,10000,fair,1,9685,20177,f70e2f6251dbc391a401bb3a64bfcd75744639fdb1563511f936278ae852f575,20430a6e453bbee0271430c66fcb5a147d8ecfbeb3fca68e93b6f22d88423d71,0,2484864885768852287336244374345894058747229/25747146278353820458146742757630274437120,96.51030288579716,163763997341907137298754761904479942613229811/1716469329340943844325127363537696800636928,95.4074707555573,2484864885768852287336244374345894058747229/25747146278353820458146742757630274437120,96.51030288579716,3190442115861430867989108756762555585756101584591/16624005454667041132288858515862593514168647680,191.91777364135444,243279673686510410493514581883548552493141139/2540378010248266098985823131781865582624768,95.76514703917437,243279673686510410493514581883548552493141139/85070591730234615865843651857942052864,2859738.820883825
client_adult_s10000,client,adult,10000,fair,2,9685,20177,f70e2f6251dbc391a401bb3a64bfcd75744639fdb1563511f936278ae852f575,20430a6e453bbee0271430c66fcb5a147d8ecfbeb3fca68e93b6f22d88423d71,0,501896470267947458697098690300832570808982353/5273015557806862429828452916762680204722176,95.1820575467247,2607081489366099265920780034060203515795527185/27463509269455101509202037816603148810190848,94.92892782881515,501896470267947458697098690300832570808982353/5273015557806862429828452916762680204722176,95.1820575467247,20226598770400644430308462126149127201404709251171/106393634909869063246648694501520598490679345152,190.11098537553985,7723645330071935825327053519624569885635966135/81292096327944515167546340217019698643992576,95.01102418264122,7723645330071935825327053519624569885635966135/2722258935367507707706996859454145691648,2837219.204142032
client_adult_s10000,client,adult,10000,lloyd,0,9685,20177,f70e2f6251dbc391a401bb3a64bfcd75744639fdb1563511f936278ae852f575,20430a6e453bbee0271430c66fcb5a147d8ecfbeb3fca68e93b6f22d88423d71,0,351573533373/3124756480,112.51229835772675,17632415235535/169256943616,104.17543209062292,351573533373/3124756480,112.51229835772675,27323547716207617/126096422993920,216.68773044834967,26773327103233/250500612096,106.87928815508279,26773327103233/8388608,3191629.302887082
client_adult_s10000,client,adult,10000,lloyd,1,9685,20177,f70e2f6251dbc391a401bb3a64bfcd75744639fdb1563511f936278ae852f575,20430a6e453bbee0271430c66fcb5a147d8ecfbeb3fca68e93b6f22d88423d71,0,50539008294811887255946471086673428467982717/507020726712198310560428165073334635069440,99.67838715891293,4830795904170221064380701153338912978057789725/54927018538910203018404075633206297620381696,87.94935593942886,50539008294811887255946471086673428467982717/507020726712198310560428165073334635069440,99.67838715891293,7677845230064492489616550147700729233447002468761/40920628811488101248711036346738691727184363520,187.6277430983418,7458824335500439201689917649845931258392891009/81292096327944515167546340217019698643992576,91.75337668019314,7458824335500439201689917649845931258392891009/2722258935367507707706996859454145691648,2739939.3344239276
client_adult_s10000,client,adult,10000,lloyd,2,9685,20177,f70e2f6251dbc391a401bb3a64bfcd75744639fdb1563511f936278ae852f575,20430a6e453bbee0271430c66fcb5a147d8ecfbeb3fca68e93b6f22d88423d71,0,326303021106942055272797450537471002152905047/3295634723629289018642783072976675127951360,99.01067577889934,2401440300016276266552028893234097771128153563/27463509269455101509202037816603148810190848,87.44113057274718,326303021106942055272797450537471002152905047/3295634723629289018642783072976675127951360,99.01067577889934,49593213533156715038513336468950446555132827790931/265984087274672658116621736253801496226698362880,186.45180635164652,176507256402097356554438985494475322844751131/1935526103046297980179674767071897586761728,91.19342597565334,3706652384444044487643218695383981779739773751/1361129467683753853853498429727072845824,2723218.0864849603
client_adult_s10001,client,adult,10001,fair,0,9685,20177,f70e2f6251dbc391a401bb3a64bfcd75744639fdb1563511f936278ae852f575,cf1aeeaa3348d77cad20c420041bcb8dd0e0c9ca609d2fd3f41beee1f3c87f78,0,19032484747429/162487336960,117.13211074481629,4314000610885/42314235904,101.95151864900375,19032484747429/162487336960,117.13211074481629,718267212080244733/3278506997841920,219.08362939382002,17848163211503/167000408064,106.8749676627317,53544489634509/16777216,3191500.2843444943
client_adult_s10001,client,adult,10001,fair,1,9685,20177,f70e2f6251dbc391a401bb3a64bfcd75744639fdb1563511f936278ae852f575,cf1aeeaa3348d77cad20c420041bcb8dd0e0c9ca609d2fd3f41beee1f3c87f78,0,20148598442730137444971316826143904519036789/205977170226830563665173942061042195496960,97.81957107451116,326632600854079067871689050115768439331051815/3432938658681887688650254727075393601273856,95.14664645347699,20148598442730137444971316826143904519036789/205977170226830563665173942061042195496960,97.81957107451116,6415742905503483638154798527180061826766079161499/33248010909334082264577717031725187028337295360,192.96621752798816,162607129465306722477153194908306558494448709/1693585340165510732657215421187910388416512,96.01354334433212,487821388395920167431459584724919675483346127/170141183460469231731687303715884105728,2867156.431348446
client_adult_s10001,client,adult,10001,fair,2,9685,20177,f70e2f6251dbc391a401bb3a64bfcd75744639fdb1563511f936278ae852f575,cf1aeeaa3348d77cad20c420041bcb8dd0e0c9ca609d2fd3f41beee1f3c87f78,0,323322212791358900314022934284131793706745521023/3374729956996391955090209866728115331022192640,95.80683992834943,667144322480962031991030431737750387720490558855/7030658372980505986355721681050406095408857088,94.89073243053049,323322212791358900314022934284131793706745521023/3374729956996391955090209866728115331022192640,95.80683992834943,6492482525359682905734585238215519853346977720095873/34045963171158100238927582240486591517017390448640,190.69757235887994,495233267636160466152526683010941090713618039939/5202694164988448970722965773889260713215524864,95.18784920490516,495233267636160466152526683010941090713618039939/174224571863520493293247799005065324265472,2842499.552956878
client_adult_s10001,client,adult,10001,lloyd,0,9685,20177,f70e2f6251dbc391a401bb3a64bfcd75744639fdb1563511f936278ae852f575,cf1aeeaa3348d77cad20c420041bcb8dd0e0c9ca609d2fd3f41beee1f3c87f78,0,19032484747429/162487336960,117.13211074481629,4314000610885/42314235904,101.95151864900375,19032484747429/162487336960,117.13211074481629,718267212080244733/3278506997841920,219.08362939382002,17848163211503/167000408064,106.8749676627317,53544489634509/16777216,3191500.2843444943
client_adult_s10001,client,adult,10001,lloyd,1,9685,20177,f70e2f6251dbc391a401bb3a64bfcd75744639fdb1563511f936278ae852f575,cf1aeeaa3348d77cad20c420041bcb8dd0e0c9ca609d2fd3f41beee1f3c87f78,0,133079484988377407469697870059598773244505189/1318253889451715607457113229190670051180544,100.95133119138943,150727041099462982969365458226356193191283979/1716469329340943844325127363537696800636928,87.81225421449051,133079484988377407469697870059598773244505189/1318253889451715607457113229190670051180544,100.95133119138943,5020810997487769334609381064868140017446517737037/26598408727467265811662173625380149622669836288,188.76358540587992,623737917912530300367804338702947803917599259/6774341360662042930628861684751641553666048,92.07358836897667,1871213753737590901103413016108843411752797777/680564733841876926926749214863536422912,2749501.4958743816
client_adult_s10001,client,adult,10001,lloyd,2,9685,20177,f70e2f6251dbc391a401bb3a64bfcd75744639fdb1563511f936278ae852f575,cf1aeeaa3348d77cad20c420041bcb8dd0e0c9ca609d2fd3f41beee1f3c87f78,0,530100336492620547808077540919222181018215721/5273015557806862429828452916762680204722176,100.53077421851916,4792686668632087897761467116569261566827896469/54927018538910203018404075633206297620381696,87.25554009884875,530100336492620547808077540919222181018215721/5273015557806862429828452916762680204722176,100.53077421851916,9989634283275979525543771173960902800675087031535/53196817454934531623324347250760299245339672576,187.7863143173679,3721594175547595318400927410582686235959487537/40646048163972257583773170108509849321996288,91.56103344989717,3721594175547595318400927410582686235959487537/1361129467683753853853498429727072845824,2734195.580880829
client_adult_s10002,client,adult,10002,fair,0,9685,20177,f70e2f6251dbc391a401bb3a64bfcd75744639fdb1563511f936278ae852f575,e55957d901792a72499d3cb920a49609e7a9a31b7d84576813043202c2114a97,0,19079500517639/162487336960,117.42146110952547,2159697182891/21157117952,102.07898768588385,19079500517639/162487336960,117.42146110952547,719633757405191463/3278506997841920,219.5004487954093,53634655443895/501001224192,107.05493889839369,53634655443895/16777216,3196874.5853838325
client_adult_s10002,client,adult,10002,fair,1,9685,20177,f70e2f6251dbc391a401bb3a64bfcd75744639fdb1563511f936278ae852f575,e55957d901792a72499d3cb920a49609e7a9a31b7d84576813043202c2114a97,0,526166062390452021460908003210100804152040133/5273015557806862429828452916762680204722176,99.78465957898548,10546222742122576812517916211043695045810046765/109854037077820406036808151266412595240763392,96.0021408648974,526166062390452021460908003210100804152040133/5273015557806862429828452916762680204722176,99.78465957898548,41660938733195732159880685262332045154485488110887/212787269819738126493297389003041196981358690304,195.7868004438829,752756350763195096529856963959271575587164195/7742104412185191920718699068287590347046912,97.22890711451039,15807883366027097027126996243144703087330448095/5444517870735015415413993718908291383296,2903449.624253509
client_adult_s10002,client,adult,10002,fair,2,9685,20177,f70e2f6251dbc391a401bb3a64bfcd75744639fdb1563511f936278ae852f575,e55957d901792a72499d3cb920a49609e7a9a31b7d84576813043202c2114a97,0,10255164201646317855886138454705218059240454763/105460311156137248596569058335253604094443520,97.24193006090444,42604598385503046507232125523322375576965951437/439416148311281624147232605065650380963053568,96.9572887779309,10255164201646317855886138454705218059240454763/105460311156137248596569058335253604094443520,97.24193006090444,826462431556832516178972366894551577025504551173447/4255745396394762529865947780060823939627173806080,194.19921883883532,63114926788795682219004402432732811695446860963/650336770623556121340370721736157589151940608,97.04960512732474,63114926788795682219004402432732811695446860963/21778071482940061661655974875633165533184,2898095.308312171
client_adult_s10002,client,adult,10002,lloyd,0,9685,20177,f70e2f6251dbc391a401bb3a64bfcd75744639fdb1563511f936278ae852f575,e55957d901792a72499d3cb920a49609e7a9a31b7d84576813043202c2114a97,0,19079500517639/162487336960,117.42146110952547,2159697182891/21157117952,102.07898768588385,19079500517639/162487336960,117.42146110952547,719633757405191463/3278506997841920,219.5004487954093,53634655443895/501001224192,107.05493889839369,53634655443895/16777216,3196874.5853838325
client_adult_s10002,client,adult,10002,lloyd,1,9685,20177,f70e2f6251dbc391a401bb3a64bfcd75744639fdb1563511f936278ae852f575,e55957d901792a72499d3cb920a49609e7a9a31b7d84576813043202c2114a97,0,344293235749126149382045821350859658366745008189/3374729956996391955090209866728115331022192640,102.02097357015113,623469851909266250852182484459894895123841704329/7030658372980505986355721681050406095408857088,88.67872947792779,344293235749126149382045821350859658366745008189/3374729956996391955090209866728115331022192640,102.02097357015113,6492555066725680977792462949695188693070110468327909/34045963171158100238927582240486591517017390448640,190.69970304807893,161293847943065400039038050968459092248431118753/1734231388329482990240988591296420237738508288,93.00595585369575,483881543829196200117114152905377276745293356259/174224571863520493293247799005065324265472,2777343.8537030625
client_adult_s10002,client,adult,10002,lloyd,2,9685,20177,f70e2f6251dbc391a401bb3a64bfcd75744639fdb1563511f936278ae852f575,e55957d901792a72499d3cb920a49609e7a9a31b7d84576813043202c2114a97,0,169579326953649010395770420637383217349617984509/1687364978498195977545104933364057665511096320,100.4994942496552,609632752099188383839612454827941251733384163919/7030658372980505986355721681050406095408857088,86.71062079222416,169579326953649010395770420637383217349617984509/1687364978498195977545104933364057665511096320,100.4994942496552,12747497363968191662997566179409573375964309774431701/68091926342316200477855164480973183034034780897280,187.21011504187936,316263802002162134877051098700902562144206710979/3468462776658965980481977182592840475477016576,91.18270033931476,948791406006486404631153296102707686432620132937/348449143727040986586495598010130648530944,2722897.7975326176
client_adult_s10003,client,adult,10003,fair,0,9685,20177,f70e2f6251dbc391a401bb3a64bfcd75744639fdb1563511f936278ae852f575,845eaaa43b9b1838ef5a88f07a4278a52604567f9637278d9c51c938994e3ce1,0,19379709313183/162487336960,119.26904382680456,8679456170935/84628471808,102.55952855472127,19379709313183/162487336960,119.26904382680456,727266526874115291/3278506997841920,221.82857238152582,54097533996923/501001224192,107.97884592831068,54097533996923/16777216,3224464.297111213
client_adult_s10003,client,adult,10003,fair,1,9685,20177,f70e2f6251dbc391a401bb3a64bfcd75744639fdb1563511f936278ae852f575,845eaaa43b9b1838ef5a88f07a4278a52604567f9637278d9c51c938994e3ce1,0,263696092565550110256380552473160460377069375/2636507778903431214914226458381340102361088,100.0171873853624,2599207791838318673201660983230980490131049677/27463509269455101509202037816603148810190848,94.64223112700154,263696092565550110256380552473160460377069375/2636507778903431214914226458381340102361088,100.0171873853624,2588815388121481961158651932942341954602993000931/13299204363733632905831086812690074811334918144,194.65941851236394,163237010611086217686815156066532616334016523/1693585340165510732657215421187910388416512,96.38546504844768,489711031833258653060445468199597849002049569/170141183460469231731687303715884105728,2878262.7572767446
client_adult_s10003,client,adult,10003,fair,2,9685,20177,f70e2f6251dbc391a401bb3a64bfcd75744639fdb1563511f936278ae852f575,845eaaa43b9b1838ef5a88f07a4278a52604567f9637278d9c51c938994e3ce1,0,4049708264562604925835946115480998661456995/41195434045366112733034788412208439099392,98.30478445992095,40866265252740736087313156679433453395059951/429117332335235961081281840884424200159232,95.23331306696114,4049708264562604925835946115480998661456995/41195434045366112733034788412208439099392,98.30478445992095,80434459724319242694858734630061354609224456601/415600136366676028307221462896564837854216192,193.5380975268821,30557403287776880358246443628419223351172463/317547251281033262373227891472733197828096,96.22946873104311,30557403287776880358246443628419223351172463/10633823966279326983230456482242756608,2873604.3952464093
client_adult_s10003,client,adult,10003,lloyd,0,9685,20177,f70e2f6251dbc391a401bb3a64bfcd75744639fdb1563511f936278ae852f575,845eaaa43b9b1838ef5a88f07a4278a52604567f9637278d9c51c938994e3ce1,0,19379709313183/162487336960,119.26904382680456,8679456170935/84628471808,102.55952855472127,19379709313183/162487336960,119.26904382680456,727266526874115291/3278506997841920,221.82857238152582,54097533996923/501001224192,107.97884592831068,54097533996923/16777216,3224464.297111213
client_adult_s10003,client,adult,10003,lloyd,1,9685,20177,f70e2f6251dbc391a401bb3a64bfcd75744639fdb1563511f936278ae852f575,845eaaa43b9b1838ef5a88f07a4278a52604567f9637278d9c51c938994e3ce1,0,1109359179283601837488864376371208259665970134775/10799135862388454256288671573529969059271016448,102.72666196814046,1221065217365114220494154239197993350763408828491/14061316745961011972711443362100812190817714176,86.83861116462327,1109359179283601837488864376371208259665970134775/10799135862388454256288671573529969059271016448,102.72666196814046,41305166768695044235790230612653974018710062615651711/217894164295411841529136526339114185708911298871296,189.56527313276374,1701701959482102550155283977271109789381902366867/18498468142181151895903878307161815869210755072,91.99150688601046,15315317635338922951397555795439988104437121301803/5575186299632655785383929568162090376495104,2747050.3786300444
client_adult_s10003,client,adult,10003,lloyd,2,9685,20177,f70e2f6251dbc391a401bb3a64bfcd75744639fdb1563511f936278ae852f575,845eaaa43b9b1838ef5a88f07a4278a52604567f9637278d9c51c938994e3ce1,0,21000984030369663163727587967169391226865193/205977170226830563665173942061042195496960,101.957823807573,588684846930584149761980842884746200398520429/6865877317363775377300509454150787202547712,85.74065916409585,21000984030369663163727587967169391226865193/205977170226830563665173942061042195496960,101.957823807573,12481202419015006588917289141955995859411014341441/66496021818668164529155434063450374056674590720,187.69848297166885,132100084488071251483088892908493780004051931/1451644577284723485134756075303923190071296,91.00029480712298,924700591416498760381622250359456460028363517/340282366920938463463374607431768211456,2717450.8035303066
client_adult_s10004,client,adult,10004,fair,0,9685,20177,f70e2f6251dbc391a401bb3a64bfcd75744639fdb1563511f936278ae852f575,84c24c4cb6586b1d648d7bd6b247611cbf731b7a17a915b661db341fe140e4e8,0,4973395372947/40621834240,122.43158060178722,5223621716679/42314235904,123.44832903352052,5223621716679/42314235904,123.44832903352052,201529751092023849/819626749460480,245.87990963530774,5140212935435/41750102016,123.1185718651682,15420638806305/4194304,3676566.793037653
client_adult_s10004,client,adult,10004,fair,1,9685,20177,f70e2f6251dbc391a401bb3a64bfcd75744639fdb1563511f936278ae852f575,84c24c4cb6586b1d648d7bd6b247611cbf731b7a17a915b661db341fe140e4e8,0,156453426013288821129702619779602490383293211/1647817361814644509321391536488337563975680,94.94585361146811,651840297188055635577724407912985394308415639/6865877317363775377300509454150787202547712,94.93911222962785,156453426013288821129702619779602490383293211/1647817361814644509321391536488337563975680,94.94585361146811,12626594831606575918438280409223342440804419700409/66496021818668164529155434063450374056674590720,189.88496584109595,321582383071544425945709882490730125025000687/3387170680331021465314430842375820776833024,94.94129862983958,964747149214633277837129647472190375075002061/340282366920938463463374607431768211456,2835137.0596842696
client_adult_s10004,client,adult,10004,fair,2,9685,20177,f70e2f6251dbc391a401bb3a64bfcd75744639fdb1563511f936278ae852f575,84c24c4cb6586b1d648d7bd6b247611cbf731b7a17a915b661db341fe140e4e8,0,307983026813438285725060286697973700509784687/3295634723629289018642783072976675127951360,93.45180902641864,640070539461801867787983531769573835305152141/6865877317363775377300509454150787202547712,93.22487278400185,307983026813438285725060286697973700509784687/3295634723629289018642783072976675127951360,93.45180902641864,775828544168893461287572619368333621882270257199/4156001363666760283072214628965648378542161920,186.6766818104205,237013391568810038378260954616886883953734207/2540378010248266098985823131781865582624768,93.29847393288024,237013391568810038378260954616886883953734207/85070591730234615865843651857942052864,2786079.02858367
client_adult_s10004,client,adult,10004,lloyd,0,9685,20177,f70e2f6251dbc391a401bb3a64bfcd75744639fdb1563511f936278ae852f575,84c24c4cb6586b1d648d7bd6b247611cbf731b7a17a915b661db341fe140e4e8,0,4973395372947/40621834240,122.43158060178722,5223621716679/42314235904,123.44832903352052,5223621716679/42314235904,123.44832903352052,201529751092023849/819626749460480,245.87990963530774,5140212935435/41750102016,123.1185718651682,15420638806305/4194304,3676566.793037653
client_adult_s10004,client,adult,10004,lloyd,1,9685,20177,f70e2f6251dbc391a401bb3a64bfcd75744639fdb1563511f936278ae852f575,84c24c4cb6586b1d648d7bd6b247611cbf731b7a17a915b661db341fe140e4e8,0,24955095734543997128726024832892483540008047/253510363356099155280214082536667317534720,98.43816798720079,620274489680249885229870015030877983293260259/6865877317363775377300509454150787202547712,90.34162147225938,24955095734543997128726024832892483540008047/253510363356099155280214082536667317534720,98.43816798720079,482811730723840197281279082125637868970110628637/2557539300718006328044439771671168232949022720,188.77978945946015,67477909587808703421664881275605733522383205/725822288642361742567378037651961595035648,92.96753577797257,472345367114660923951654168929240134656682435/170141183460469231731687303715884105728,2776196.553401817
client_adult_s10004,client,adult,10004,lloyd,2,9685,20177,f70e2f6251dbc391a401bb3a64bfcd75744639fdb1563511f936278ae852f575,84c24c4cb6586b1d648d7bd6b247611cbf731b7a17a915b661db341fe140e4e8,0,8629541706790374286862202552535992358754003/88473415399444000500477397932259734978560,97.53824544728275,4864295192063421968664090247431372780229066195/54927018538910203018404075633206297620381696,88.55924318225217,8629541706790374286862202552535992358754003/88473415399444000500477397932259734978560,97.53824544728275,664415713519941191935203187888076666360048339737/3570256205029163196196264916158409345324810240,186.09748862953492,275403652618035315042556541040262907523620707/3010818382516463524723938526556285134962688,91.47136015153826,7435898620686953506149026608087098503137759089/2722258935367507707706996859454145691648,2731517.7568452354
client_bank_s10000,client,bank,10000,fair,0,17098,25854,8e731c66d4b1a1dca6c1d9a484a0fcbf09515aec1e31574b8bae98e07adbd19f,a1d43ff0ff675679a996a15b6899dd19dd5b5c46ebf18627bb6c19b1e68e4970,0,12870268746301/286856839168,44.866522212368885,3058036176677/72293023744,42.300570903023036,12870268746301/286856839168,44.866522212368885,107744290576634355/1236066119974912,87.16709311539192,31218485806363/720614981632,43.32200495701809,31218485806363/16777216,1860766.7569138408
client_bank_s10000,client,bank,10000,fair,1,17098,25854,8e731c66d4b1a1dca6c1d9a484a0fcbf09515aec1e31574b8bae98e07adbd19f,a1d43ff0ff675679a996a15b6899dd19dd5b5c46ebf18627bb6c19b1e68e4970,0,97162019811591697034545501759991297617664171/2909073954807102924148389518934186439737344,33.39963896450147,293099462407215543056136832977642911673670753/8797660314373943034382087100540935338983424,33.3156148264032,97162019811591697034545501759991297617664171/2909073954807102924148389518934186439737344,33.39963896450147,5017734164328177412718053187628684260505300744431/75211198027582839000932462622524456212969291776,66.71525379090467,69631928861485562446461119499660786701285585/2087972603426878411811266591201329745494016,33.34906250551486,487423502030398937125227836497625506908999095/340282366920938463463374607431768211456,1432408.9327368743
client_bank_s10000,client,bank,10000,fair,2,17098,25854,8e731c66d4b1a1dca6c1d9a484a0fcbf09515aec1e31574b8bae98e07adbd19f,a1d43ff0ff675679a996a15b6899dd19dd5b5c46ebf18627bb6c19b1e68e4970,0,379092980638938609313982283605942123290470143/11636295819228411696593558075736745758949376,32.578492892257515,381461034906125146296602030285692126178148027/11730213752498590712509449467387913785311232,32.51952973362247,379092980638938609313982283605942123290470143/11636295819228411696593558075736745758949376,32.578492892257515,6528133694558836810757550077028391205214259175197/100281597370110452001243283496699274950625722368,65.09802262587998,146351466615096358270597742928381586547337259/4497171761227122733131958811818248682602496,32.543001331833075,1902569065996252657517770658068960625115384367/1361129467683753853853498429727072845824,1397786.9932048942
client_bank_s10000,client,bank,10000,lloyd,0,17098,25854,8e731c66d4b1a1dca6c1d9a484a0fcbf09515aec1e31574b8bae98e07adbd19f,a1d43ff0ff675679a996a15b6899dd19dd5b5c46ebf18627bb6c19b1e68e4970,0,12870268746301/286856839168,44.866522212368885,3058036176677/72293023744,42.300570903023036,12870268746301/286856839168,44.866522212368885,107744290576634355/1236066119974912,87.16709311539192,31218485806363/720614981632,43.32200495701809,31218485806363/16777216,1860766.7569138408
client_bank_s10000,client,bank,10000,lloyd,1,17098,25854,8e731c66d4b1a1dca6c1d9a484a0fcbf09515aec1e31574b8bae98e07adbd19f,a1d43ff0ff675679a996a15b6899dd19dd5b5c46ebf18627bb6c19b1e68e4970,0,12848307906148132879174203758795651301581817/363634244350887865518548689866773304967168,35.33305266417701,17107802499194467733370792804309251975439407/549853769648371439648880443783808458686464,31.11336766888916,12848307906148132879174203758795651301581817/363634244350887865518548689866773304967168,35.33305266417701,156172339934195209190835919836995589756789819401/2350349938361963718779139456953889256655290368,66.44642033306617,3744513800667825076568124570388112909627653/114186001749907413145928641706322720456704,32.7931072397923,3744513800667825076568124570388112909627653/2658455991569831745807614120560689152,1408529.542163559
client_bank_s10000,client,bank,10000,lloyd,2,17098,25854,8e731c66d4b1a1dca6c1d9a484a0fcbf09515aec1e31574b8bae98e07adbd19f,a1d43ff0ff675679a996a15b6899dd19dd5b5c46ebf18627bb6c19b1e68e4970,0,50049794170968076525559359076206233953279833/1454536977403551462074194759467093219868672,34.40943403192843,1068658613158613216020311866035610300147993455/35190641257495772137528348402163741355933696,30.367693652953367,50049794170968076525559359076206233953279833/1454536977403551462074194759467093219868672,34.40943403192843,19487861511862653587692139499188320236989970465851/300844792110331356003729850490097824851877167104,64.77712768488179,1869455319894102440429261611254910043400470783/58463232895952595530715464553637232873832448,31.976598407090908,1869455319894102440429261611254910043400470783/1361129467683753853853498429727072845824,1373458.8547813685
client_bank_s10001,client,bank,10001,fair,0,17098,25854,8e731c66d4b1a1dca6c1d9a484a0fcbf09515aec1e31574b8bae98e07adbd19f,75f268556980570ba033c29648690692c6e65086ec3a811bbd78d739ae980181,0,13544613204873/286856839168,47.21732709653295,18036049229683/433758142464,41.58088912689382,13544613204873/286856839168,47.21732709653295,164640699881976619/1854099179962368,88.79821622342678,7895165608639/180153745408,43.82459876567408,7895165608639/4194304,1882354.1661832333
client_bank_s10001,client,bank,10001,fair,1,17098,25854,8e731c66d4b1a1dca6c1d9a484a0fcbf09515aec1e31574b8bae98e07adbd19f,75f268556980570ba033c29648690692c6e65086ec3a811bbd78d739ae980181,0,195552319793448788885729963923173229804217501/5818147909614205848296779037868372879474688,33.6107508491333,294165242004537559174078369998976183199860889/8797660314373943034382087100540935338983424,33.43675835311799,195552319793448788885729963923173229804217501/5818147909614205848296779037868372879474688,33.6107508491333,78792554560417251364141050449314183310230162117/1175174969180981859389569728476944628327645184,67.04750920225129,4150148828796494475083121473916520449187105/123862781559221600700668357105163628969984,33.50601994039843,244858780898993174029904166961074706502039195/170141183460469231731687303715884105728,1439150.5684799936
client_bank_s10001,client,bank,10001,fair,2,17098,25854,8e731c66d4b1a1dca6c1d9a484a0fcbf09515aec1e31574b8bae98e07adbd19f,75f268556980570ba033c29648690692c6e65086ec3a811bbd78d739ae980181,0,11780516505182337111579671467457430679290489/363634244350887865518548689866773304967168,32.396609197825605,35578966645327361079784038489928957872389849/1099707539296742879297760887567616917372928,32.353116964242986,11780516505182337111579671467457430679290489/363634244350887865518548689866773304967168,32.396609197825605,608738059575887753553854571170047073633437121707/9401399753447854875116557827815557026621161472,64.74972616206858,59139999655692035302943381424843819230970827/1826976027998518610334858267301163527307264,32.37043001624978,59139999655692035302943381424843819230970827/42535295865117307932921825928971026432,1390374.7100579604
client_bank_s10001,client,bank,10001,lloyd,0,17098,25854,8e731c66d4b1a1dca6c1d9a484a0fcbf09515aec1e31574b8bae98e07adbd19f,75f268556980570ba033c29648690692c6e65086ec3a811bbd78d739ae980181,0,13544613204873/286856839168,47.21732709653295,18036049229683/433758142464,41.58088912689382,13544613204873/286856839168,47.21732709653295,164640699881976619/1854099179962368,88.79821622342678,7895165608639/180153745408,43.82459876567408,7895165608639/4194304,1882354.1661832333
client_bank_s10001,client,bank,10001,lloyd,1,17098,25854,8e731c66d4b1a1dca6c1d9a484a0fcbf09515aec1e31574b8bae98e07adbd19f,75f268556980570ba033c29648690692c6e65086ec3a811bbd78d739ae980181,0,51133670347051000663446441682327070595519387/1454536977403551462074194759467093219868672,35.15460324585774,34704503263721749232154321073594738826544341/1099707539296742879297760887567616917372928,31.557938837006695,51133670347051000663446441682327070595519387/1454536977403551462074194759467093219868672,35.15460324585774,1254382553379442753947746733343764886044534258167/18802799506895709750233115655631114053242322944,66.71254208286445,120542676874494499127755083829516548248608069/3653952055997037220669716534602327054614528,32.989671190856,120542676874494499127755083829516548248608069/85070591730234615865843651857942052864,1416972.3569896468
client_bank_s10001,client,bank,10001,lloyd,2,17098,25854,8e731c66d4b1a1dca6c1d9a484a0fcbf09515aec1e31574b8bae98e07adbd19f,75f268556980570ba033c29648690692c6e65086ec3a811bbd78d739ae980181,0,394734147499194595853966764409318840029995531/11636295819228411696593558075736745758949376,33.922663503184204,66518426741086575237169765479397870463300435/2199415078593485758595521775135233834745856,30.243689510224126,394734147499194595853966764409318840029995531/11636295819228411696593558075736745758949376,33.922663503184204,9652056566398481594224742964186243801793795579757/150422396055165678001864925245048912425938583552,64.16635301340833,926881561427887197751324888244501803736399011/29231616447976297765357732276818616436916224,31.70818702679219,926881561427887197751324888244501803736399011/680564733841876926926749214863536422912,1361930.0491747782
client_bank_s10002,client,bank,10002,fair,0,17098,25854,8e731c66d4b1a1dca6c1d9a484a0fcbf09515aec1e31574b8bae98e07adbd19f,2efa6f004076a2101a61f5d2e34e7ae8792da172a66f1a341f97740bb8e23b43,0,12543470431065/286856839168,43.727283851575926,6486345632443/144586047488,44.861490753326926,6486345632443/144586047488,44.861490753326926,27375395724803573/309016529993728,88.58877460490285,16001253664197/360307490816,44.409994441021595,16001253664197/8388608,1907498.0812307596
client_bank_s10002,client,bank,10002,fair,1,17098,25854,8e731c66d4b1a1dca6c1d9a484a0fcbf09515aec1e31574b8bae98e07adbd19f,2efa6f004076a2101a61f5d2e34e7ae8792da172a66f1a341f97740bb8e23b43,0,388425477015792555879987699561118640183313737/11636295819228411696593558075736745758949376,33.380508973821236,390492189373027089966533189297011077076760399/11730213752498590712509449467387913785311232,33.28943509574584,388425477015792555879987699561118640183313737/11636295819228411696593558075736745758949376,33.380508973821236,6685768487872108838697626230117868139029022436517/100281597370110452001243283496699274950625722368,66.66994406956708,1948327522150666381659574967013270511596908671/58463232895952595530715464553637232873832448,33.32568908082996,1948327522150666381659574967013270511596908671/1361129467683753853853498429727072845824,1431404.9973998084
client_bank_s10002,client,bank,10002,fair,2,17098,25854,8e731c66d4b1a1dca6c1d9a484a0fcbf09515aec1e31574b8bae98e07adbd19f,2efa6f004076a2101a61f5d2e34e7ae8792da172a66f1a341f97740bb8e23b43,0,2979032297553273771273628306021105686646875/90908561087721966379637172466693326241792,32.76954625515043,374077307224022007440468332950334357579143/11455286867674404992685009245496009555968,32.65542902112981,2979032297553273771273628306021105686646875/90908561087721966379637172466693326241792,32.76954625515043,25628597767989713246852319484214578095537758403/391724989726993953129856576158981542775881728,65.42497527628025,7467959984241537860559248301425117977596591/228372003499814826291857283412645440913408,32.7008559271478,7467959984241537860559248301425117977596591/5316911983139663491615228241121378304,1404567.1637828522
client_bank_s10002,client,bank,10002,lloyd,0,17098,25854,8e731c66d4b1a1dca6c1d9a484a0fcbf09515aec1e31574b8bae98e07adbd19f,2efa6f004076a2101a61f5d2e34e7ae8792da172a66f1a341f97740bb8e23b43,0,12543470431065/286856839168,43.727283851575926,6486345632443/144586047488,44.861490753326926,6486345632443/144586047488,44.861490753326926,27375395724803573/309016529993728,88.58877460490285,16001253664197/360307490816,44.409994441021595,16001253664197/8388608,1907498.0812307596
client_bank_s10002,client,bank,10002,lloyd,1,17098,25854,8e731c66d4b1a1dca6c1d9a484a0fcbf09515aec1e31574b8bae98e07adbd19f,2efa6f004076a2101a61f5d2e34e7ae8792da172a66f1a341f97740bb8e23b43,0,12781176672181166268535703502538917584782963/363634244350887865518548689866773304967168,35.148440694842826,16921696019940486550665794638172987605154111/549853769648371439648880443783808458686464,30.774902263126833,12781176672181166268535703502538917584782963/363634244350887865518548689866773304967168,35.148440694842826,38735731264469644484375364692382682331868982205/587587484590490929694784864238472314163822592,65.92334295796965,14851436346060826409600749070355952594968537/456744006999629652583714566825290881826816,32.51588662021102,14851436346060826409600749070355952594968537/10633823966279326983230456482242756608,1396622.3621113037
client_bank_s10002,client,bank,10002,lloyd,2,17098,25854,8e731c66d4b1a1dca6c1d9a484a0fcbf09515aec1e31574b8bae98e07adbd19f,2efa6f004076a2101a61f5d2e34e7ae8792da172a66f1a341f97740bb8e23b43,0,12545966146203124432576114026775976494393247/363634244350887865518548689866773304967168,34.50160797863946,5503862983158351091834358196799848498163721/183284589882790479882960147927936152895488,30.029054743107658,12545966146203124432576114026775976494393247/363634244350887865518548689866773304967168,34.50160797863946,12639136595876250833007800445727448440642769019/195862494863496976564928288079490771387940864,64.53066272174712,14528777547839088854039594308587760994442205/456744006999629652583714566825290881826816,31.809454147585278,14528777547839088854039594308587760994442205/10633823966279326983230456482242756608,1366279.674547083
client_bank_s10003,client,bank,10003,fair,0,17098,25854,8e731c66d4b1a1dca6c1d9a484a0fcbf09515aec1e31574b8bae98e07adbd19f,dae5e12afa8d7407140777bafc520bd9948287a0e3c62cfdd35b3785ae49c507,0,14110027359667/286856839168,49.18839446391358,4369423704133/108439535616,40.29364086919146,14110027359667/286856839168,49.18839446391358,331817136664947377/3708198359924736,89.48203533310503,4512531739457/102944997376,43.83439559452576,31587722176199/16777216,1882774.9595760703
client_bank_s10003,client,bank,10003,fair,1,17098,25854,8e731c66d4b1a1dca6c1d9a484a0fcbf09515aec1e31574b8bae98e07adbd19f,dae5e12afa8d7407140777bafc520bd9948287a0e3c62cfdd35b3785ae49c507,0,3085462225042003785705503162963327345423765/90908561087721966379637172466693326241792,33.94028228061706,3086672869427002723108475917775029986590863/91642294941395239941480073963968076447744,33.68175001947424,3085462225042003785705503162963327345423765/90908561087721966379637172466693326241792,33.94028228061706,52978479816143434905064386879476686418227294557/783449979453987906259713152317963085551763456,67.6220323000913,15430943058365015740736434079251744650620119/456744006999629652583714566825290881826816,33.78466454268666,15430943058365015740736434079251744650620119/10633823966279326983230456482242756608,1451118.9114374775
client_bank_s10003,client,bank,10003,fair,2,17098,25854,8e731c66d4b1a1dca6c1d9a484a0fcbf09515aec1e31574b8bae98e07adbd19f,dae5e12afa8d7407140777bafc520bd9948287a0e3c62cfdd35b3785ae49c507,0,5966058599223647189759844725373142049949701/181817122175443932759274344933386652483584,32.81351353403733,1126095029071629720502169404199381085203005/34365860603023214978055027736488028667904,32.76784021444135,5966058599223647189759844725373142049949701/181817122175443932759274344933386652483584,32.81351353403733,154139130740430987066609882656902678458903702787/2350349938361963718779139456953889256655290368,65.58135374847868,14974818831796684953777199958968190731573741/456744006999629652583714566825290881826816,32.78602149630138,14974818831796684953777199958968190731573741/10633823966279326983230456482242756608,1408225.1953091368
client_bank_s10003,client,bank,10003,lloyd,0,17098,25854,8e731c66d4b1a1dca6c1d9a484a0fcbf09515aec1e31574b8bae98e07adbd19f,dae5e12afa8d7407140777bafc520bd9948287a0e3c62cfdd35b3785ae49c507,0,14110027359667/286856839168,49.18839446391358,4369423704133/108439535616,40.29364086919146,14110027359667/286856839168,49.18839446391358,331817136664947377/3708198359924736,89.48203533310503,4512531739457/102944997376,43.83439559452576,31587722176199/16777216,1882774.9595760703
client_bank_s10003,client,bank,10003,lloyd,1,17098,25854,8e731c66d4b1a1dca6c1d9a484a0fcbf09515aec1e31574b8bae98e07adbd19f,dae5e12afa8d7407140777bafc520bd9948287a0e3c62cfdd35b3785ae49c507,0,103471511999096990288849929441399130371119063/2909073954807102924148389518934186439737344,35.56853954438503,34618611683081596011103414543907738823591001/1099707539296742879297760887567616917372928,31.4798348161003,103471511999096990288849929441399130371119063/2909073954807102924148389518934186439737344,35.56853954438503,2521394280726985050659655401632435595118973997597/37605599013791419500466231311262228106484645888,67.04837436048533,241945958731423374333263587617030085665483067/7307904111994074441339433069204654109229056,33.107434775222394,241945958731423374333263587617030085665483067/170141183460469231731687303715884105728,1422030.5384653525
client_bank_s10003,client,bank,10003,lloyd,2,17098,25854,8e731c66d4b1a1dca6c1d9a484a0fcbf09515aec1e31574b8bae98e07adbd19f,dae5e12afa8d7407140777bafc520bd9948287a0e3c62cfdd35b3785ae49c507,0,800277353321472313652393453503940263730040087/23272591638456823393187116151473491517898752,34.387117934860896,44647367927937287146019263276582871743644519/1466276719062323839063681183423489223163904,30.44948293013139,800277353321472313652393453503940263730040087/23272591638456823393187116151473491517898752,34.387117934860896,6501917902789711142018712845160534360704078678331/100281597370110452001243283496699274950625722368,64.83660086499228,1871814183591967205156855772141929185577508543/58463232895952595530715464553637232873832448,32.01694622196565,1871814183591967205156855772141929185577508543/1361129467683753853853498429727072845824,1375191.8741258685
client_bank_s10004,client,bank,10004,fair,0,17098,25854,8e731c66d4b1a1dca6c1d9a484a0fcbf09515aec1e31574b8bae98e07adbd19f,4e03ddd816b32d2469cc9ab7b670fa17f5362ecf4ff0a4eafacc88f5c2f0cfc8,0,1533502599521/35857104896,42.767050044022604,1175432878477/27109883904,43.35809340384404,1175432878477/27109883904,43.35809340384404,39921139460207713/463524794990592,86.12514344786665,3884368356475/90076872704,43.12281543387228,3884368356475/2097152,1852211.1685156822
client_bank_s10004,client,bank,10004,fair,1,17098,25854,8e731c66d4b1a1dca6c1d9a484a0fcbf09515aec1e31574b8bae98e07adbd19f,4e03ddd816b32d2469cc9ab7b670fa17f5362ecf4ff0a4eafacc88f5c2f0cfc8,0,48440307463358006045323189050757812023662399/1454536977403551462074194759467093219868672,33.302905471559264,73439516848219882960510827221871251330516015/2199415078593485758595521775135233834745856,33.39047620569377,73439516848219882960510827221871251330516015/2199415078593485758595521775135233834745856,33.39047620569377,313505571028565180894324981694730890913616311027/4700699876723927437558278913907778513310580736,66.69338167725303,60939912155788944502917008136314531677089207/1826976027998518610334858267301163527307264,33.35561672505884,60939912155788944502917008136314531677089207/42535295865117307932921825928971026432,1432690.449574727
client_bank_s10004,client,bank,10004,fair,2,17098,25854,8e731c66d4b1a1dca6c1d9a484a0fcbf09515aec1e31574b8bae98e07adbd19f,4e03ddd816b32d2469cc9ab7b670fa17f5362ecf4ff0a4eafacc88f5c2f0cfc8,0,3034234643104197714348263288758835193575521195/93090366553827293572748464605893966071595008,32.59450741715281,765114988629829622953792010598847935136981903/23460427504997181425018898934775827570622464,32.61300283069678,765114988629829622953792010598847935136981903/23460427504997181425018898934775827570622464,32.61300283069678,26156453152728814844390602308480922844089037406749/401126389480441808004973133986797099802502889472,65.20751024784958,7624924574883175452071015352351922804397412613/233852931583810382122861858214548931495329792,32.60564031950347,7624924574883175452071015352351922804397412613/5444517870735015415413993718908291383296,1400477.4630033132
client_bank_s10004,client,bank,10004,lloyd,0,17098,25854,8e731c66d4b1a1dca6c1d9a484a0fcbf09515aec1e31574b8bae98e07adbd19f,4e03ddd816b32d2469cc9ab7b670fa17f5362ecf4ff0a4eafacc88f5c2f0cfc8,0,1533502599521/35857104896,42.767050044022604,1175432878477/27109883904,43.35809340384404,1175432878477/27109883904,43.35809340384404,39921139460207713/463524794990592,86.12514344786665,3884368356475/90076872704,43.12281543387228,3884368356475/2097152,1852211.1685156822
client_bank_s10004,client,bank,10004,lloyd,1,17098,25854,8e731c66d4b1a1dca6c1d9a484a0fcbf09515aec1e31574b8bae98e07adbd19f,4e03ddd816b32d2469cc9ab7b670fa17f5362ecf4ff0a4eafacc88f5c2f0cfc8,0,12359442728692820009891943260577777800704469/363634244350887865518548689866773304967168,33.988665591039904,375533284389353993863260716246765594490785/11455286867674404992685009245496009555968,32.78252991193689,12359442728692820009891943260577777800704469/363634244350887865518548689866773304967168,33.988665591039904,104623783489850758119216637320927229620063092361/1566899958907975812519426304635926171103526912,66.7711955029768,30385040379381811715328457640422526336262149/913488013999259305167429133650581763653632,33.26265907568487,30385040379381811715328457640422526336262149/21267647932558653966460912964485513216,1428697.7326188167
client_bank_s10004,client,bank,10004,lloyd,2,17098,25854,8e731c66d4b1a1dca6c1d9a484a0fcbf09515aec1e31574b8bae98e07adbd19f,4e03ddd816b32d2469cc9ab7b670fa17f5362ecf4ff0a4eafacc88f5c2f0cfc8,0,24148115606964019638677269258835743804251749/727268488701775731037097379733546609934336,33.20385247279181,70483291511616986873347817202372377928663127/2199415078593485758595521775135233834745856,32.04638005696072,24148115606964019638677269258835743804251749/727268488701775731037097379733546609934336,33.20385247279181,1226887040035261384518612608681020779227265791369/18802799506895709750233115655631114053242322944,65.25023252975254,118779522725545026150702355720043865537166625/3653952055997037220669716534602327054614528,32.50713772519224,118779522725545026150702355720043865537166625/85070591730234615865843651857942052864,1396246.579572457
client_credit_s10000,client,credit,10000,fair,0,5332,24369,da921b6ebf3f702de3e887683a59137d09d3596196be9f4a6f97ca5e3de0123e,1f80716df6ec45c647301c9407c5f6ce6dc2d6ab60b44edf3e30e32993da509d,0,670087797153/44728057856,14.981374762801416,8085069687643/408843976704,19.77544038394023,8085069687643/408843976704,19.77544038394023,37884165316077695/1089978041892864,34.756815146741644,1346463611707/71185727488,18.914797378926522,9425245281949/16777216,561788.3969514966
client_credit_s10000,client,credit,10000,fair,1,5332,24369,da921b6ebf3f702de3e887683a59137d09d3596196be9f4a6f97ca5e3de0123e,1f80716df6ec45c647301c9407c5f6ce6dc2d6ab60b44edf3e30e32993da509d,0,23192156578377910476067702360719431783209/1771860918381292858580774811353699319808,13.089151827766152,18124866342388498810903673072594520267457/1349664876220108954449703093832154873856,13.429160572918859,18124866342388498810903673072594520267457/1349664876220108954449703093832154873856,13.429160572918859,381673462561394718116574715922271908507168155/14392826240011241890251633792626099574800384,26.51831240068501,131941354632708903341489740796286553387951/9869850175701946585278993374346628562944,13.368121327467385,131941354632708903341489740796286553387951/332306998946228968225951765070086144,397046.57154710876
client_credit_s10000,client,credit,10000,fair,2,5332,24369,da921b6ebf3f702de3e887683a59137d09d3596196be9f4a6f97ca5e3de0123e,1f80716df6ec45c647301c9407c5f6ce6dc2d6ab60b44edf3e30e32993da509d,0,1463908751108919300970288747327550050448251/113399098776402742949169587926636756467712,12.909350840568978,27030572584646810947422235877577632833078253/2073085249874087354034743952126189886242816,13.0388138096533,27030572584646810947422235877577632833078253/2073085249874087354034743952126189886242816,13.0388138096533,17926436402776863359564701727109012936466684967/690855659520539610732078422046052779590418432,25.948164650222278,32886207589082488151303390866887833034871257/2526681644979698325831422303832736912113664,13.015572284076464,32886207589082488151303390866887833034871257/85070591730234615865843651857942052864,386575.512409355
client_credit_s10000,client,credit,10000,lloyd,0,5332,24369,da921b6ebf3f702de3e887683a59137d09d3596196be9f4a6f97ca5e3de0123e,1f80716df6ec45c647301c9407c5f6ce6dc2d6ab60b44edf3e30e32993da509d,0,670087797153/44728057856,14.981374762801416,8085069687643/408843976704,19.77544038394023,8085069687643/408843976704,19.77544038394023,37884165316077695/1089978041892864,34.756815146741644,1346463611707/71185727488,18.914797378926522,9425245281949/16777216,561788.3969514966
client_credit_s10000,client,credit,10000,lloyd,1,5332,24369,da921b6ebf3f702de3e887683a59137d09d3596196be9f4a6f97ca5e3de0123e,1f80716df6ec45c647301c9407c5f6ce6dc2d6ab60b44edf3e30e32993da509d,0,384806944280851081177707713808722076276205/28349774694100685737292396981659189116928,13.573545061045078,858673180511019524245525090057040088295883/64783914058565229813585748503943433945088,13.254419603835165,384806944280851081177707713808722076276205/28349774694100685737292396981659189116928,13.573545061045078,18534251222149572203773838838173023778362135957/690855659520539610732078422046052779590418432,26.82796466488024,2102153305302890129668757893922802252867971/157917602811231145364463893989546057007104,13.311709827660735,2102153305302890129668757893922802252867971/5316911983139663491615228241121378304,395371.09359135147
client_credit_s10000,client,credit,10000,lloyd,2,5332,24369,da921b6ebf3f702de3e887683a59137d09d3596196be9f4a6f97ca5e3de0123e,1f80716df6ec45c647301c9407c5f6ce6dc2d6ab60b44edf3e30e32993da509d,0,47166798664648821564236248015900781258781/3543721836762585717161549622707398639616,13.309960780595206,418665845338771642108621978652500577500699/32391957029282614906792874251971716972544,12.924993848327658,47166798664648821564236248015900781258781/3543721836762585717161549622707398639616,13.309960780595206,2265570860331992330560459322987052678112097723/86356957440067451341509802755756597448802304,26.234954628922864,512999442668069285237094474684302140018261/39479400702807786341115973497386514251776,12.994104103297207,512999442668069285237094474684302140018261/1329227995784915872903807060280344576,385937.88597203034
client_credit_s10001,client,credit,10001,fair,0,5332,24369,da921b6ebf3f702de3e887683a59137d09d3596196be9f4a6f97ca5e3de0123e,73eec1ccf3abb0be7626adacc9d2850b193b2271aa68c341b81af24f294ae58a,0,389173887937/22364028928,17.401778954495548,2801177970173/136281325568,20.554378661185698,2801177970173/136281325568,20.554378661185698,1723807431488215/45415751745536,37.95615761568124,1422889923181/71185727488,19.9884158439044,9960229462267/16777216,593675.9389798045
client_credit_s10001,client,credit,10001,fair,1,5332,24369,da921b6ebf3f702de3e887683a59137d09d3596196be9f4a6f97ca5e3de0123e,73eec1ccf3abb0be7626adacc9d2850b193b2271aa68c341b81af24f294ae58a,0,112968468056875274869334092919173749162937593/7257542321689775548746853627304752413933568,15.565664387413836,513993238817876883955635378857400952758551275/33169363997985397664555903234019038179885056,15.49602334398378,112968468056875274869334092919173749162937593/7257542321689775548746853627304752413933568,15.565664387413836,5493540547454913118542250350415006973460221602117/176859048837258140347412076043789511575147118592,31.061687731397615,156740426718688039706242367944143675480372217/10106726579918793303325689215330947648454656,15.508525483425855,156740426718688039706242367944143675480372217/340282366920938463463374607431768211456,460618.7153832313
client_credit_s10001,client,credit,10001,fair,2,5332,24369,da921b6ebf3f702de3e887683a59137d09d3596196be9f4a6f97ca5e3de0123e,73eec1ccf3abb0be7626adacc9d2850b193b2271aa68c341b81af24f294ae58a,0,5805332388104213503166725705521169182433/442965229595323214645193702838424829952,13.105616423681273,26243042443712443465098534074930408669899/2024497314330163431674554640748232310784,12.962745002403405,5805332388104213503166725705521169182433/442965229595323214645193702838424829952,13.105616423681273,281398047275586327414575322405374310834611245/10794619680008431417688725344469574681100288,26.068361426084678,8012093707954164242066314945112894463083/616865635981371661579937085896664285184,12.988393647844758,8012093707954164242066314945112894463083/20769187434139310514121985316880384,385768.2797346371
client_credit_s10001,client,credit,10001,lloyd,0,5332,24369,da921b6ebf3f702de3e887683a59137d09d3596196be9f4a6f97ca5e3de0123e,73eec1ccf3abb0be7626adacc9d2850b193b2271aa68c341b81af24f294ae58a,0,389173887937/22364028928,17.401778954495548,2801177970173/136281325568,20.554378661185698,2801177970173/136281325568,20.554378661185698,1723807431488215/45415751745536,37.95615761568124,1422889923181/71185727488,19.9884158439044,9960229462267/16777216,593675.9389798045
client_credit_s10001,client,credit,10001,lloyd,1,5332,24369,da921b6ebf3f702de3e887683a59137d09d3596196be9f4a6f97ca5e3de0123e,73eec1ccf3abb0be7626adacc9d2850b193b2271aa68c341b81af24f294ae58a,0,113330170068837070078152009072061584912597241/7257542321689775548746853627304752413933568,15.615502472529899,128337149864711184193252386169242447405332269/8292340999496349416138975808504759544971264,15.476588561964103,113330170068837070078152009072061584912597241/7257542321689775548746853627304752413933568,15.615502472529899,5498917646722050697208173201294671680996008799161/176859048837258140347412076043789511575147118592,31.092091034494,89525538503954543835880221964147339219132331/5775272331382167601900393837331970084831232,15.501526744891844,626678769527681806851161553749031374533926317/1361129467683753853853498429727072845824,460410.84585003264
client_credit_s10001,client,credit,10001,lloyd,2,5332,24369,da921b6ebf3f702de3e887683a59137d09d3596196be9f4a6f97ca5e3de0123e,73eec1ccf3abb0be7626adacc9d2850b193b2271aa68c341b81af24f294ae58a,0,24280024253805734326283377684138430452211/1771860918381292858580774811353699319808,13.70312082733168,1654386667337079998622646652445855022529705/129567828117130459627171497007886867890176,12.768498873358437,24280024253805734326283377684138430452211/1771860918381292858580774811353699319808,13.70312082733168,4572017071724295397352786510849402391791816201/172713914880134902683019605511513194897604608,26.47161970069012,2042867055397971747843180695392069909765081/157917602811231145364463893989546057007104,12.936284613184887,2042867055397971747843180695392069909765081/5316911983139663491615228241121378304,384220.58929620427
client_credit_s10002,client,credit,10002,fair,0,5332,24369,da921b6ebf3f702de3e887683a59137d09d3596196be9f4a6f97ca5e3de0123e,ec313da74ac9baad8f891e133c3efb7abc6176a849ec26dcf8dde08c05781d18,0,420684018515/22364028928,18.810743800652983,2907748782879/136281325568,21.336369974095437,2907748782879/136281325568,21.336369974095437,1823311352493763/45415751745536,40.14711377474842,10405982422697/498300092416,20.88296305995803,10405982422697/16777216,620244.8858438134
client_credit_s10002,client,credit,10002,fair,1,5332,24369,da921b6ebf3f702de3e887683a59137d09d3596196be9f4a6f97ca5e3de0123e,ec313da74ac9baad8f891e133c3efb7abc6176a849ec26dcf8dde08c05781d18,0,387970158853865318747697964706951033325805/28349774694100685737292396981659189116928,13.685123181405677,1759507421575038356699094436208987248245979/129567828117130459627171497007886867890176,13.579817205737431,387970158853865318747697964706951033325805/28349774694100685737292396981659189116928,13.685123181405677,18836138372947948470482223235810009738764102073/690855659520539610732078422046052779590418432,27.26494038714311,268434697553612959430849050114492285196473/19739700351403893170557986748693257125888,13.598722005652016,268434697553612959430849050114492285196473/664613997892457936451903530140172288,403895.64228987054
client_credit_s10002,client,credit,10002,fair,2,5332,24369,da921b6ebf3f702de3e887683a59137d09d3596196be9f4a6f97ca5e3de0123e,ec313da74ac9baad8f891e133c3efb7abc6176a849ec26dcf8dde08c05781d18,0,5812420142768731078005118907446449095303/442965229595323214645193702838424829952,13.121617125747646,13320720441388328574969749621213401477957/1012248657165081715837277320374116155392,13.159533823136433,13320720441388328574969749621213401477957/1012248657165081715837277320374116155392,13.159533823136433,283695029246096343563384152616182231364372255/10794619680008431417688725344469574681100288,26.28115094888408,32453861025545388227944618149873252051217/2467462543925486646319748343586657140736,13.152726919985799,32453861025545388227944618149873252051217/83076749736557242056487941267521536,390649.1422504982
client_credit_s10002,client,credit,10002,lloyd,0,5332,24369,da921b6ebf3f702de3e887683a59137d09d3596196be9f4a6f97ca5e3de0123e,ec313da74ac9baad8f891e133c3efb7abc6176a849ec26dcf8dde08c05781d18,0,420684018515/22364028928,18.810743800652983,2907748782879/136281325568,21.336369974095437,2907748782879/136281325568,21.336369974095437,1823311352493763/45415751745536,40.14711377474842,10405982422697/498300092416,20.88296305995803,10405982422697/16777216,620244.8858438134
client_credit_s10002,client,credit,10002,lloyd,1,5332,24369,da921b6ebf3f702de3e887683a59137d09d3596196be9f4a6f97ca5e3de0123e,ec313da74ac9baad8f891e133c3efb7abc6176a849ec26dcf8dde08c05781d18,0,1705110932041955954865705145894419167790569/113399098776402742949169587926636756467712,15.036371103830792,1130794784563446279941250467849371584805541/86378552078086973084780998005257911926784,13.091152344637566,1705110932041955954865705145894419167790569/113399098776402742949169587926636756467712,15.036371103830792,25909411683561399350667617889246065480329081211/921140879360719480976104562728070372787224576,28.127523448468356,8489879639422633634513207952990648676623815/631670411244924581457855575958184228028416,13.440363025221327,8489879639422633634513207952990648676623815/21267647932558653966460912964485513216,399192.2222120986
client_credit_s10002,client,credit,10002,lloyd,2,5332,24369,da921b6ebf3f702de3e887683a59137d09d3596196be9f4a6f97ca5e3de0123e,ec313da74ac9baad8f891e133c3efb7abc6176a849ec26dcf8dde08c05781d18,0,403016183406000663194678827318581940199/27685326849707700915324606427401551872,14.557031802218209,8531354801472579054692100011786227292333/674832438110054477224851546916077436928,12.642182443638328,403016183406000663194678827318581940199/27685326849707700915324606427401551872,14.557031802218209,24467097781590721428426073772946405381625797/899551640000702618140727112039131223425024,27.19921424585654,32042323338913747775191161272455992920183/2467462543925486646319748343586657140736,12.985941131222852,32042323338913747775191161272455992920183/83076749736557242056487941267521536,385695.4375384499
client_credit_s10003,client,credit,10003,fair,0,5332,24369,da921b6ebf3f702de3e887683a59137d09d3596196be9f4a6f97ca5e3de0123e,2d6cb857723b07783ca57e16c2f8d29091c27e01ef6fbf9ba11be6e879080cd2,0,401280634945/22364028928,17.943128057869412,8249178487483/408843976704,20.176837516320667,8249178487483/408843976704,20.176837516320667,2596870339598693/68123627618304,38.11996557419008,1407757289609/71185727488,19.77583624254328,9854301027263/16777216,587362.112239778
client_credit_s10003,client,credit,10003,fair,1,5332,24369,da921b6ebf3f702de3e887683a59137d09d3596196be9f4a6f97ca5e3de0123e,2d6cb857723b07783ca57e16c2f8d29091c27e01ef6fbf9ba11be6e879080cd2,0,745551848837095938836528205653073032309229/56699549388201371474584793963318378233856,13.149167090069293,852074828297921294621919527239366217914343/64783914058565229813585748503943433945088,13.152567897142463,852074828297921294621919527239366217914343/64783914058565229813585748503943433945088,13.152567897142463,36341404942249256305203655520520939420020709005/1381711319041079221464156844092105559180836864,26.301734987211756,4153851162028781117324206314610537903966601/315835205622462290728927787979092114014208,13.151957375499617,4153851162028781117324206314610537903966601/10633823966279326983230456482242756608,390626.2860097141
client_credit_s10003,client,credit,10003,fair,2,5332,24369,da921b6ebf3f702de3e887683a59137d09d3596196be9f4a6f97ca5e3de0123e,2d6cb857723b07783ca57e16c2f8d29091c27e01ef6fbf9ba11be6e879080cd2,0,728918634364720490111534771485221463672915/56699549388201371474584793963318378233856,12.8558100060739,1669275195641046703460657332555232856263563/129567828117130459627171497007886867890176,12.883408018015144,1669275195641046703460657332555232856263563/129567828117130459627171497007886867890176,12.883408018015144,35564168887149995669232440640692365027439901467/1381711319041079221464156844092105559180836864,25.739218024089045,4067469025646813897032849436595687176200041/315835205622462290728927787979092114014208,12.878453551846642,4067469025646813897032849436595687176200041/10633823966279326983230456482242756608,382502.9489433971
client_credit_s10003,client,credit,10003,lloyd,0,5332,24369,da921b6ebf3f702de3e887683a59137d09d3596196be9f4a6f97ca5e3de0123e,2d6cb857723b07783ca57e16c2f8d29091c27e01ef6fbf9ba11be6e879080cd2,0,401280634945/22364028928,17.943128057869412,8249178487483/408843976704,20.176837516320667,8249178487483/408843976704,20.176837516320667,2596870339598693/68123627618304,38.11996557419008,1407757289609/71185727488,19.77583624254328,9854301027263/16777216,587362.112239778
client_credit_s10003,client,credit,10003,lloyd,1,5332,24369,da921b6ebf3f702de3e887683a59137d09d3596196be9f4a6f97ca5e3de0123e,2d6cb857723b07783ca57e16c2f8d29091c27e01ef6fbf9ba11be6e879080cd2,0,24642735675598469447537707570486472846015165/1814385580422443887186713406826188103483392,13.581862610405498,107832739535858994416125830373655049038798533/8292340999496349416138975808504759544971264,13.003895949576654,24642735675598469447537707570486472846015165/1814385580422443887186713406826188103483392,13.581862610405498,1175482992883859260193829323337513578259417333841/44214762209314535086853019010947377893786779648,26.585758559982153,66237737605728731931831768972070760942406849/5053363289959396651662844607665473824227328,13.10765401279134,66237737605728731931831768972070760942406849/170141183460469231731687303715884105728,389310.4318339156
client_credit_s10003,client,credit,10003,lloyd,2,5332,24369,da921b6ebf3f702de3e887683a59137d09d3596196be9f4a6f97ca5e3de0123e,2d6cb857723b07783ca57e16c2f8d29091c27e01ef6fbf9ba11be6e879080cd2,0,47741237363071057571790061821009034253109/3543721836762585717161549622707398639616,13.472061172466544,205458282131979017579129991980688044315917/16195978514641307453396437125985858486272,12.685759118922201,47741237363071057571790061821009034253109/3543721836762585717161549622707398639616,13.472061172466544,2258909773628390723698873133757197808006482665/86356957440067451341509802755756597448802304,26.157820291388745,126599759747525037575460026900848539284513/9869850175701946585278993374346628562944,12.826918088300284,126599759747525037575460026900848539284513/332306998946228968225951765070086144,380972.29414060677
client_credit_s10004,client,credit,10004,fair,0,5332,24369,da921b6ebf3f702de3e887683a59137d09d3596196be9f4a6f97ca5e3de0123e,1b26f188603228147a0cc88d6b90fcd8889fd6c71f8f18880c7e67a8402404db,0,1344201391539/89456115712,15.026377803688646,1279395013915/68140662784,18.77579350777041,1279395013915/68140662784,18.77579350777041,24562416331860857/726652027928576,33.802171311459055,9020571475029/498300092416,18.102688745837682,9020571475029/16777216,537667.958440125
client_credit_s10004,client,credit,10004,fair,1,5332,24369,da921b6ebf3f702de3e887683a59137d09d3596196be9f4a6f97ca5e3de0123e,1b26f188603228147a0cc88d6b90fcd8889fd6c71f8f18880c7e67a8402404db,0,185566371810237863318228593723032330850753/14174887347050342868646198490829594558464,13.091206107458232,2219907131077072671764236226330448451343/168708109527513619306212886729019359232,13.15827162840113,2219907131077072671764236226330448451343/168708109527513619306212886729019359232,13.15827162840113,3022433375546139953922375034337817369748458747/115142609920089935122013070341008796598403072,26.24947773585936,1038010710143833769275695304633924536166465/78958801405615572682231946994773028503552,13.146231853387913,1038010710143833769275695304633924536166465/2658455991569831745807614120560689152,390456.2322774744
client_credit_s10004,client,credit,10004,fair,2,5332,24369,da921b6ebf3f702de3e887683a59137d09d3596196be9f4a6f97ca5e3de0123e,1b26f188603228147a0cc88d6b90fcd8889fd6c71f8f18880c7e67a8402404db,0,364555383151990074555505915902682097684187/28349774694100685737292396981659189116928,12.859198603361406,1665825363778704073820631159723721203434327/129567828117130459627171497007886867890176,12.856782335448143,364555383151990074555505915902682097684187/28349774694100685737292396981659189116928,12.859198603361406,17766030971698896248454729008279341495177784567/690855659520539610732078422046052779590418432,25.715980938809547,1015190373465347074188068537813201650559257/78958801405615572682231946994773028503552,12.857216110085815,1015190373465347074188068537813201650559257/2658455991569831745807614120560689152,381872.1756856588
client_credit_s10004,client,credit,10004,lloyd,0,5332,24369,da921b6ebf3f702de3e887683a59137d09d3596196be9f4a6f97ca5e3de0123e,1b26f188603228147a0cc88d6b90fcd8889fd6c71f8f18880c7e67a8402404db,0,1344201391539/89456115712,15.026377803688646,1279395013915/68140662784,18.77579350777041,1279395013915/68140662784,18.77579350777041,24562416331860857/726652027928576,33.802171311459055,9020571475029/498300092416,18.102688745837682,9020571475029/16777216,537667.958440125
client_credit_s10004,client,credit,10004,lloyd,1,5332,24369,da921b6ebf3f702de3e887683a59137d09d3596196be9f4a6f97ca5e3de0123e,1b26f188603228147a0cc88d6b90fcd8889fd6c71f8f18880c7e67a8402404db,0,11864338498209284247228639217162993866873/885930459190646429290387405676849659904,13.391952353741296,52851197030381334511815227240736199036235/4048994628660326863349109281496464621568,13.052918533475056,11864338498209284247228639217162993866873/885930459190646429290387405676849659904,13.391952353741296,570924647428855323437713500730650410803033157/21589239360016862835377450688939149362200576,26.444870887216354,16178883882147654689760966614474798225777/1233731271962743323159874171793328570368,13.113782757900482,16178883882147654689760966614474798225777/41538374868278621028243970633760768,389492.46169240226
client_credit_s10004,client,credit,10004,lloyd,2,5332,24369,da921b6ebf3f702de3e887683a59137d09d3596196be9f4a6f97ca5e3de0123e,1b26f188603228147a0cc88d6b90fcd8889fd6c71f8f18880c7e67a8402404db,0,761578004176079120214134829105941393442149/56699549388201371474584793963318378233856,13.431817578687074,13130261204965324635035202277078178125804283/1036542624937043677017371976063094943121408,12.667362527192566,761578004176079120214134829105941393442149/56699549388201371474584793963318378233856,13.431817578687074,9015383142496412454750044071456974314622209555/345427829760269805366039211023026389795209216,26.09918010587964,16176573221669641115891741593501943699572879/1263340822489849162915711151916368456056832,12.804599466506687,16176573221669641115891741593501943699572879/42535295865117307932921825928971026432,380309.4087547151
