population,dataset,method,T,metric,n,undefined,mean_exact,mean,sample_variance_exact,sample_variance,min_exact,min,max_exact,max,sample_sd
record,adult,fair,0,Phi_A,5,0,104049271331701878569/870023644053504000,119.59361339529657,3350555362376587930195713866296611799/360660190812842331259418758348800000,9.290061525296798,9402226117903/81990254592,114.67492282699168,20063486062439/163913400320,122.4029641461287,3.0479602237064705
record,adult,fair,0,Phi_B,5,0,427528063428373983371/4068271907395338240,105.08836999100525,34296889150451138372179682604289925626463/1391925333881426909418365527424929628160,24.639891462290727,17214640749203/170808836096,100.78308091466548,9687653701665/85383446528,113.46056051377715,4.963858525611979
record,adult,fair,0,Phi,5,0,104049271331701878569/870023644053504000,119.59361339529657,3350555362376587930195713866296611799/360660190812842331259418758348800000,9.290061525296798,9402226117903/81990254592,114.67492282699168,20063486062439/163913400320,122.4029641461287,3.0479602237064705
record,adult,fair,0,G,5,0,24688127488605970342825169473/109880316688138729095168000,224.68198338630182,337807626652305324417682813811438779042474513779361586814601/8807432593102578055200004579312863879179100363109171200000,38.35483531453364,13396243831957009/61820651962368,216.69528558371863,33937004495016473/145151859097600,233.80344355215772,6.193128071865916
record,adult,fair,0,population_average,5,0,55503794966687/505531072512,109.79304336504357,6745822611329057123078605/511123330550266003980288,13.198033054109716,53649564606293/505531072512,106.12515733149024,58486521062507/505531072512,115.69322687107167,3.6329097228130673
record,adult,fair,0,pooled_SSE,5,0,55503794966687/16777216,3308283.9826754928,6745822611329057123078605/562949953421312,11982988133.015228,53649564606293/16777216,3197763.240712464,58486521062507/16777216,3486068.3120791316,109466.83576780334
record,adult,fair,1,Phi_A,5,0,31074642953705547549547695079003191190091113458288053/317631166443986616942541045236111605311998001152000,97.83247438089636,11337584166972727208225024517800690655701552241809493252222979035529616430235003569095010207754573403/6725970526437835323522230028432828274807685668502881559668409834296219359661592709522892888473600000,1.6856428559132066,1284735134457420585222091160482233981477970003/13303679417141010167564093652152409995083776,96.56991078739576,1323224670745919742044988971431569329785041595/13303679417141010167564093652152409995083776,99.46306050046745,1.2983230938072412
record,adult,fair,1,Phi_B,5,0,2204152247542773165145196891976242136668754421147419559/22971997045822307692185502186000553980167703291232256,95.94952685855498,242356536009465625212705315986898381153414522391492672236298464356516623649192380113140340134527493563993/263856324136634415887804220778959489707223744395282769169569630027883143225994955042123945436081467424768,0.9185170634150296,1309379060164435206436034378440619120631844485/13857659110488297986082467513051328643334144,94.48775220436903,10763962975577971769431544084449721278424717357/110839494812423443826998084129534995981139968,97.11306419967094,0.9583929587674513
record,adult,fair,1,Phi,5,0,93825188691361405814432676881181969567652788243073409123/957975597995063636698703792432112601620985971474432000,97.94110506335139,85761479353434557455787950610968192390491279057489693042076453785564542576056962466091610518973133561914593/61181149756933318188601026029512284791689059608233347404423130965675991127637920653553871574135314841600000,1.401763119754311,947545922159917081928947107726305844634079/9783118048976980824572019963663336079360,96.85520683858066,1323224670745919742044988971431569329785041595/13303679417141010167564093652152409995083776,99.46306050046745,1.1839607762735684
record,adult,fair,1,G,5,0,12824807134329665065346525748749837439264225886231611297031686947/66181621885937627304872332965654998583277008893435443150848000,193.78200123945135,1262869823168132964425227357052235413088041806865702406159267814644039837872646975676594191064157846957864436678591741673907/985501591976974127567873368955499398256213415552367769481367967805999903090894721250130646819171838837033397668701798400000,1.2814487905947893,38354145964105734353278673667335064253118988213/199154934123024398645812610400294532567531520,192.58446260946337,981308799890005757941748591618776688102109258431/5015487140262160833171663306861458568146583552,195.65573042994833,1.1320109498564002
record,adult,fair,1,population_average,5,0,6600461470439008213263582229360777469643555119/68355921867078118540522691140893598317281280,96.56019976256003,82607679257236492825251898559683181496613873759383124441435217832011231938403026099383553/269137846327569897334675530265422634691193138825833459261163912144405100905117540774051840,0.30693445899353006,3934730064786682593649394589147041434835151209/41013553120246871124313614684536158990368768,95.93731255740074,3988711405656383914369783166951320991515144231/41013553120246871124313614684536158990368768,97.2534955448009,0.554016659490967
record,adult,fair,1,pooled_SSE,5,0,19801384411317024639790746688082332408930665357/6805647338418769269267492148635364229120,2909551.9392454587,82607679257236492825251898559683181496613873759383124441435217832011231938403026099383553/296427748447529460284341721622241044104371160744039843941011415060257611878236160,278677282.0354193,3934730064786682593649394589147041434835151209/1361129467683753853853498429727072845824,2890783.1019795993,3988711405656383914369783166951320991515144231/1361129467683753853853498429727072845824,2930442.3277559406,16693.629983781815
record,adult,fair,2,Phi_A,5,0,30454334241135352425558495017133658700719278928453349/317631166443986616942541045236111605311998001152000,95.8795529484223,20382067704223840322020479755186523493403023368049991246273372597215417576592255208397132499914461113/10088955789656752985283345042649242412211528502754322339502614751444329039492389064284339332710400000,2.0202356050682306,249597747816920814964283708766660629887426121/2661008109321738784283589430116427413585920,93.79819134806789,107784095507486981331309453318789880891284107/1108639951428417513963674471012700832923648,97.22191173844448,1.421349923512233
record,adult,fair,2,Phi_B,5,0,91652058705870254026037411269966233314773171640911583/957166543575929487174395924416689749173654303801344,95.75351261595756,1867181957179824567669455486378522186497552317231569222744742840726943296445198328535113932335027998693/916167792141091721832653544371387117038971334705842948505450104263483136201371371674041477208616206336,2.0380349246028446,2603268360525043299396816379587225302182673291/27708512573638177202895667533954021922439168,93.95193457630012,224742072307285233151415180732730376488680441/2309156141925488413062460086031979082940416,97.32649439629674,1.4275976059810567
record,adult,fair,2,Phi,5,0,233850442185755072277888304951574849954266429720961740679681/2437688656048188806534439137817564528899801427663126528000,95.9312181256392,287569762237222061093555112203133597768011116191414631128456095565366287918640990827955777632756898550808052004517/148558149595650623751817102005895222586047028867911645866783755977023597912603891174044957244791192603433369600000,1.935738719282226,2603268360525043299396816379587225302182673291/27708512573638177202895667533954021922439168,93.95193457630012,224742072307285233151415180732730376488680441/2309156141925488413062460086031979082940416,97.32649439629674,1.3913082761495477
record,adult,fair,2,G,5,0,297248134828708183988997938095590209270555198113849727940326401/1551131762951663139957945303882539029295554895939893198848000,191.63306556437985,495727154741249353240598569723590004007002804884938604198575011511445265928857283447170420305283430687139637606576611447803/61593849498560882972992085559718712391013338472022985592585497987874993943180920078133165426198239927314587354293862400000,8.048322337002688,5085225498567758340274349740727967954192729914551/27085071040731318215830515014440056429184286720,187.750125924368,423504786947610516470363602155249912710756605/2176860737961007306064089976936396947980288,194.5484061347412,2.8369565271612265
record,adult,fair,2,population_average,5,0,1227771347139417052086730649694396391853845513/12816735350077147226348004588917549684490240,95.79439019406972,2120833168421212958644941703658098186472070013437962438347672412100433712073180438372163/1051319712217069911463576290099307166762473198538411950238921531814082425410615393648640,2.0173056243268808,160469045817068640592426455142522018817491829/1708898046676952963513067278522339957932032,93.90205935872511,83131541953693053620681158512880064344991137/854449023338476481756533639261169978966016,97.29257063093605,1.4203188460084872
record,adult,fair,2,pooled_SSE,5,0,1227771347139417052086730649694396391853845513/425352958651173079329218259289710264320,2886476.565327709,2120833168421212958644941703658098186472070013437962438347672412100433712073180438372163/1157920892373161954235709850086879078532699846656405640394575840079131296399360,1831587271.97206,481407137451205921777279365427566056452475487/170141183460469231731687303715884105728,2829456.8525971053,249394625861079160862043475538640193034973411/85070591730234615865843651857942052864,2931619.7382513653,42797.04746792774
record,adult,lloyd,0,Phi_A,5,0,104049271331701878569/870023644053504000,119.59361339529657,3350555362376587930195713866296611799/360660190812842331259418758348800000,9.290061525296798,9402226117903/81990254592,114.67492282699168,20063486062439/163913400320,122.4029641461287,3.0479602237064705
record,adult,lloyd,0,Phi_B,5,0,427528063428373983371/4068271907395338240,105.08836999100525,34296889150451138372179682604289925626463/1391925333881426909418365527424929628160,24.639891462290727,17214640749203/170808836096,100.78308091466548,9687653701665/85383446528,113.46056051377715,4.963858525611979
record,adult,lloyd,0,Phi,5,0,104049271331701878569/870023644053504000,119.59361339529657,3350555362376587930195713866296611799/360660190812842331259418758348800000,9.290061525296798,9402226117903/81990254592,114.67492282699168,20063486062439/163913400320,122.4029641461287,3.0479602237064705
record,adult,lloyd,0,G,5,0,24688127488605970342825169473/109880316688138729095168000,224.68198338630182,337807626652305324417682813811438779042474513779361586814601/8807432593102578055200004579312863879179100363109171200000,38.35483531453364,13396243831957009/61820651962368,216.69528558371863,33937004495016473/145151859097600,233.80344355215772,6.193128071865916
record,adult,lloyd,0,population_average,5,0,55503794966687/505531072512,109.79304336504357,6745822611329057123078605/511123330550266003980288,13.198033054109716,53649564606293/505531072512,106.12515733149024,58486521062507/505531072512,115.69322687107167,3.6329097228130673
record,adult,lloyd,0,pooled_SSE,5,0,55503794966687/16777216,3308283.9826754928,6745822611329057123078605/562949953421312,11982988133.015228,53649564606293/16777216,3197763.240712464,58486521062507/16777216,3486068.3120791316,109466.83576780334
record,adult,lloyd,1,Phi_A,5,0,4129541838743060191608394116977718733279595013451831501/40656789304830286968645253790222285479935744147456000,101.5707809040505,521087300494653034013031291376871579620304050150460535558433508943197548723737283040736742996804254008881/330594903315472481821764650357530375363347365978253634420821680175327773966086604858469231254254387200000,1.576210931471626,593063613361108396904511563588792160188378561/5912746407618226741139597178734404442259456,100.30256203732681,171232228842050572124538103223958560232986469/1662279362408784394018584957304187712962560,103.0105003493038,1.2554723937513026
record,adult,lloyd,1,Phi_B,5,0,32203393964266443690372531952307412306082936343643857317/367551952733156923074968034976008863682683252659716096,87.61589681349385,4945055324225886573800614174497202431313851476030632856251797628073571971852497313006802060026964713958637/45031479319318940311518587012942419576699519043461592604939883524758723110569805660522486687757903773827072,0.10981329947347322,38706471217037663806377591643675279809805896559/443357979249693775307992336518139983924559872,87.30297644026082,156201298165757770033176367788126639440764004005/1773431916998775101231969346072559935698239488,88.07854232718518,0.33138089787052183
record,adult,lloyd,1,Phi,5,0,4129541838743060191608394116977718733279595013451831501/40656789304830286968645253790222285479935744147456000,101.5707809040505,521087300494653034013031291376871579620304050150460535558433508943197548723737283040736742996804254008881/330594903315472481821764650357530375363347365978253634420821680175327773966086604858469231254254387200000,1.576210931471626,593063613361108396904511563588792160188378561/5912746407618226741139597178734404442259456,100.30256203732681,171232228842050572124538103223958560232986469/1662279362408784394018584957304187712962560,103.0105003493038,1.2554723937513026
record,adult,lloyd,1,G,5,0,12520681170559260361213130796170369480872225127426113654726868833/66181621885937627304872332965654998583277008893435443150848000,189.18667771754434,489449467338792976705606931554559029872873415907839450795088960881433357080718508260386410396348779626208930253953263948045817/252288407546105376657375582452607845953590634381406148987230199758335975191269048640033445585707990742280549803187660390400000,1.9400394655443958,15054930650820780311742375028532312843651541107071/80247794244194573330746612909783337090345336832,187.60553847758763,15320153882989265917491808622607682579923368539733/80247794244194573330746612909783337090345336832,190.9105917150811,1.3928529949511528
record,adult,lloyd,1,population_average,5,0,302326452098717799067627272892320321824655152653/3281084249619749689945089174762892719229501440,92.14223991162523,292033042082199817791948088972971885445655298084239596254052820539521046366612946320568867/1076551385310279589338702121061690538764772555303333837044655648577620403620470163096207360,0.2712671648256076,60056761298037566094940007932871797576587524755/656216849923949937989017834952578543845900288,91.51968789737363,10156506407211050684844142636704636566101151519/109369474987324989664836305825429757307650048,92.86417813003222,0.5208331448992158
record,adult,lloyd,1,pooled_SSE,5,0,302326452098717799067627272892320321824655152653/108890357414700308308279874378165827665920,2776429.9730170914,292033042082199817791948088972971885445655298084239596254052820539521046366612946320568867/1185710993790117841137366886488964176417484642976159375764045660241030447512944640,246293610.8475456,60056761298037566094940007932871797576587524755/21778071482940061661655974875633165533184,2757671.235723662,30469519221633152054532427910113909698303454557/10889035741470030830827987437816582766592,2798183.415414131,15693.744322103174
record,adult,lloyd,2,Phi_A,5,0,67089789116614517147881653420057018070720555312355660162279/666120835970339421694283838099001925303267232111919104000,100.71714543936267,169894912889542587509961182806104279420602371121378877508338474588022746577597550350296104839199259015620712614641/88743393622764767513277104643404229344511315872771400439410563612550270954051386310675003553705228368032563200000,1.9144513856630399,153773768696438801105478928392054441351272135183089/1549990994278672430829298562822151718111662833664,99.20945945108625,5573548675744916481274260938459653264381974983989/54469570147411047023200991880943622978357166080,102.32408041152549,1.383637013693635
record,adult,lloyd,2,Phi_B,5,0,2620559257862854718523271557915405119529416597727041350435843/30109855967900215138301381425234646112885412057883942584320,87.03327112081188,6341108279520437815224835748741552577942552763857337104980813797243444847717510619200485302012360883782295388892803/60440228427179746759796369786474381504073311847061482146966327432777475640817721011568674561411112585656954687324160,0.10491535926540053,2516898636519058828345426946200027747330453637804219/29055908528107931258584585766052821986479955771392,86.62261013398623,38800205138835798186000357142869959133241486349/443357979249693775307992336518139983924559872,87.51439458583421,0.32390640510091884
record,adult,lloyd,2,Phi,5,0,67089789116614517147881653420057018070720555312355660162279/666120835970339421694283838099001925303267232111919104000,100.71714543936267,169894912889542587509961182806104279420602371121378877508338474588022746577597550350296104839199259015620712614641/88743393622764767513277104643404229344511315872771400439410563612550270954051386310675003553705228368032563200000,1.9144513856630399,153773768696438801105478928392054441351272135183089/1549990994278672430829298562822151718111662833664,99.20945945108625,5573548675744916481274260938459653264381974983989/54469570147411047023200991880943622978357166080,102.32408041152549,1.383637013693635
record,adult,lloyd,2,G,5,0,407162948082491501368725530428367430375834501727749370782429856417289/2168639385958404171526056606618582993576821027420092601166987264000,187.75041656017453,21430417527085494793821447286234721682575180091591330898819418606419007082734865295679723108973866838210432297058433446972116908568889/8465394215394079725884296279866423189716232097187754690573884606137500912709124286296694727631338947218482233293673733808770252800000,2.5315321391784553,122164131299620812510176535162055717721459807889848077/657389930448441944725476252956945097444108999327744,185.83206958507247,7605872602715728494770262594002907557343419920565/40123897122097286665373306454891668545172668416,189.55966763574853,1.591078922988566
record,adult,lloyd,2,population_average,5,0,4917270708818509966854315955018721778232093118668877/53757284345769978920060341039315234311856151592960,91.47170971640492,208665200447951109454385263105031522876859445704883711441068528990643088505993805817588976365805929/577969124046393206103254484630724207808414795238271273734623662777818568881529918330249589104312320,0.36103174333444443,975215638696752009573684325432129429872975713613005/10751456869153995784012068207863046862371230318592,90.70544118487351,1120767531812716054327369839277351758758334373/12152163887480554407204033980603306367516672,92.22781573636915,0.6008591709664124
record,adult,lloyd,2,pooled_SSE,5,0,4917270708818509966854315955018721778232093118668877/1784059615882449851322857461811868920478433280,2756225.557174713,208665200447951109454385263105031522876859445704883711441068528990643088505993805817588976365805929/636573742604526901958889277627930675328583873020605078323793890423244156176042720682311680,327794231.0253047,975215638696752009573684325432129429872975713613005/356811923176489970264571492362373784095686656,2733136.3537826086,30260723358943333466838985660488497486475028071/10889035741470030830827987437816582766592,2779008.5437682755,18105.08853955994
record,bank,fair,0,Phi_A,5,0,11692908895825876188667/243810897054452940800,47.958926516784736,6816007937624075528516189632545901970659/11888750704499409936887383592353660928000,0.5733157425064429,1760448768215/37702598656,46.693035254079014,14612086301371/301620789248,48.44522268442373,0.7571761634563273
record,bank,fair,0,Phi_B,5,0,71787151430722821947/1672050257627709440,42.93360866591045,1659389910952341360917136202101332373743/644141275553177743182490667765402173440,2.576127278177113,2313989935229/57013174272,40.58693389337268,2929865919393/65162706944,44.9623113709946,1.6050318620442128
record,bank,fair,0,Phi,5,0,11692908895825876188667/243810897054452940800,47.958926516784736,6816007937624075528516189632545901970659/11888750704499409936887383592353660928000,0.5733157425064429,1760448768215/37702598656,46.693035254079014,14612086301371/301620789248,48.44522268442373,0.7571761634563273
record,bank,fair,0,G,5,0,883427169775757262416073286557327/9719468909081005676150181068800,90.89253518269518,1204984341962025793221959993435668582983727834524996358080579707/340085073148532332497341918443485100412725130535693277200384000,3.5431850354565495,364954377447171161/4100387493642240,89.00485088617664,54713236346686159/585747572719616,93.40753405541834,1.882334995545838
record,bank,fair,0,population_average,5,0,15476937408407/344436244480,44.93411380609128,6422557276823402292823423/5741998203155938394767360,1.1185230384247442,33117394454649/757759737856,43.7043469059878,17560573868561/378879868928,46.348659057148545,1.0576024954701764
record,bank,fair,0,pooled_SSE,5,0,170246311492477/83886080,2029494.1841659187,6422557276823402292823423/2814749767106560,2281750709.0250196,33117394454649/16777216,1973950.532355845,17560573868561/8388608,2093383.534975171,47767.67431040598
record,bank,fair,1,Phi_A,5,0,3000929468688422626963290942903316368694212112520033/88304865712360090911427598038290626659859877068800,33.9837385457728,15821065657837096438455700444234334093349500964491187512707314862321398508127368084561410642785175467/12476398893564718121759329803885487361135983519920310436362371233260962321135762404562956927893504000,1.2680794989648452,99762174934347028267653181986639353614027215/3058798196252315848072274346204164452777984,32.61482730589324,117863216366406095380155409251026674952597/3296485429546591364801441509495254548480,35.75420516347235,1.1260903600354837
record,bank,fair,1,Phi_B,5,0,5198286294767912516834917889898428326510237340631/153453430783242097941172454588720022626227978240,33.87533447923141,6425592245404773729189175872964887325532639012484382377352225052168485518007990103836668451244553/7384638819444584973490486082794790605680512224159503290139897975827417879614771463918961672847360,0.8701295219050479,151129861972016945119919683948003647636560171/4625798495923237472321114413427457066532864,32.671086322763344,1699984515884872050951281131885399000989913/48181856391211630561017198321041930190848,35.28266951945316,0.9328073337538936
record,bank,fair,1,Phi,5,0,455701278810796081177795247665094944344244482742230339931/13396764672171212701172681784719361356667109483164467200,34.01577096874843,1406073015469027611810135295188285712652206029292858390868947515831333158000007461574382266295909311567350762777/1148629143561821824748576424954210210210433739170186816688726246360922080155361953629100857257932573823205376000,1.2241314120838773,151129861972016945119919683948003647636560171/4625798495923237472321114413427457066532864,32.671086322763344,117863216366406095380155409251026674952597/3296485429546591364801441509495254548480,35.75420516347235,1.1064047234551546
record,bank,fair,1,G,5,0,540455213135565653791392301387447005190972063079814351875899/7964376597605785950847159321015660326538596587741275750400,67.85907302500422,980192335710873621142640919592414239681343682467302599011288866174287018805005353161499742395313088721553154126547939/231977305923623187415054601723241573226986370881916525239428965390229874868474065206640870431934528028273675337728000,4.225380287990735,2714673335323973821953435394934980161634125337829/41581302679853981638694497462299411571063914496,65.28591362865659,1061033433280496353962381310200875554517090037/14936375481275605473915331479522998359162880,71.03687468292551,2.0555729828908373
record,bank,fair,1,population_average,5,0,2606499142781791622117375629360336227819261049/76845966921755533203933887596316215193108480,33.91848976844453,109121145001359397728233707933783241234287351690629342055532712063433297538714793777611/107369138766173555989745675945766231886449262375692844817288079642857832605405182689280,1.0163175960552437,125446018453181986693786432967321500625293693/3842298346087776660196694379815810759655424,32.64869282753927,2129496705570098229719587565983992644148763/60035911657621510315573349684622043119616,35.4703817560795,1.0081257838460653
record,bank,fair,1,pooled_SSE,5,0,2606499142781791622117375629360336227819261049/1701411834604692317316873037158841057280,1531962.5088815654,1200332595014953375010570787271615653577160868596922762610859832697766272925862731553721/578960446186580977117854925043439539266349923328202820197287920039565648199680,2073254922.544611,125446018453181986693786432967321500625293693/85070591730234615865843651857942052864,1474610.8602486385,2129496705570098229719587565983992644148763/1329227995784915872903807060280344576,1602055.2623950865,45533.00915319139
record,bank,fair,2,Phi_A,5,0,2610686093578186658580359326535316155048913170824305389/79121159678274641456639127842308401487234449853644800,32.996054458679,1081767840765482990879255569849851225616371983791815166189393937847125195467054594178171070218871570442461/1252031581767006592954792264479516427664718218191042992909836678000204090850616028822701853627968913408000,0.8640100269984976,6272893866806755878313648729061157234517565733/195763084560148214276625558157066524977790976,32.043292947192036,421990120310900402973563886711583325998069587/12236553914476947146142950883246384883957760,34.48602631592609,0.9295213967405471
record,bank,fair,2,Phi_B,5,0,100230937147589868597244923383671019927346541678706417/3038623454997446726591920476783998400035515933917184,32.98563926463014,68332054056078650928823986320987447566637422294606698753729177639252570093554652539210160526102958175197/83099092511345581368633330609357396780758453193256158764633723221413945598064268227158888027439134408704,0.8222960322550962,2370262814823156919069308820685765584866563403/74012775934771799557137830614839313064525824,32.02504952539671,27685923230756142092291673035847772428946337/804427515401098527627417571968700051881984,34.41692719443039,0.9068053993305819
record,bank,fair,2,Phi,5,0,1315969158457908775135448979347663391473026106276587583/39866364224258829240872331500815015618964096653721600,33.00951024917233,274210622786071258861268381078184389392585165299325813797272811888714514797902465345079709347192384836949/317865399292252856750588516553410095685454387909322642487181683603699063481163753201122957339826061312000,0.8626626974707481,6272893866806755878313648729061157234517565733/195763084560148214276625558157066524977790976,32.043292947192036,421990120310900402973563886711583325998069587/12236553914476947146142950883246384883957760,34.48602631592609,0.928796370293698
record,bank,fair,2,G,5,0,208116026812520599968991606816748295965422371542229301199100753279/3154147992703014621685902200220473990439733483836352917982412800,65.98169372330914,60351593477677563536365273792042820574440307929047368277471166697281131107103396525937077754174730584140796560438737019738799029/17907569207770421482503634291269153925080022024874114879210956264679914937374041494786327974803965333987870361458538197286912000,3.3701722873414837,85249444497576234795925904389717379407746971146335/1330601685755327412438223918793581170274045263872,64.06834247258875,498292610948239855567078397638817219801086695547/7231803363455875763370483971998613466419036160,68.90295351035648,1.8358028999164053
record,bank,fair,2,population_average,5,0,16224843987448193457891860119572759785404904301/491814188299235412505176880616423777235894272,32.98978429954624,202773296831000616008312643799483965969345628185845070375399105169943456453857920235326757/241881195812435786933699058770622167193792898279960840804386585819430125293456795562409984,0.8383177375567427,15753945126099383554590884011804219573983819345/491814188299235412505176880616423777235894272,32.03231118764346,48125743391740530504376016660731004175628879/1397199398577373330980616138114840276238336,34.44443466032271,0.9155969296348381
record,bank,fair,2,pooled_SSE,5,0,16224843987448193457891860119572759785404904301/10889035741470030830827987437816582766592,1490016.5976733053,202773296831000616008312643799483965969345628185845070375399105169943456453857920235326757/118571099379011784113736688648896417641748464297615937576404566024103044751294464,1710140986.2350776,15753945126099383554590884011804219573983819345/10889035741470030830827987437816582766592,1446771.3671011042,529383177309145835548136183268041045931917669/340282366920938463463374607431768211456,1555717.3358681358,41353.8509238871
record,bank,lloyd,0,Phi_A,5,0,11692908895825876188667/243810897054452940800,47.958926516784736,6816007937624075528516189632545901970659/11888750704499409936887383592353660928000,0.5733157425064429,1760448768215/37702598656,46.693035254079014,14612086301371/301620789248,48.44522268442373,0.7571761634563273
record,bank,lloyd,0,Phi_B,5,0,71787151430722821947/1672050257627709440,42.93360866591045,1659389910952341360917136202101332373743/644141275553177743182490667765402173440,2.576127278177113,2313989935229/57013174272,40.58693389337268,2929865919393/65162706944,44.9623113709946,1.6050318620442128
record,bank,lloyd,0,Phi,5,0,11692908895825876188667/243810897054452940800,47.958926516784736,6816007937624075528516189632545901970659/11888750704499409936887383592353660928000,0.5733157425064429,1760448768215/37702598656,46.693035254079014,14612086301371/301620789248,48.44522268442373,0.7571761634563273
record,bank,lloyd,0,G,5,0,883427169775757262416073286557327/9719468909081005676150181068800,90.89253518269518,1204984341962025793221959993435668582983727834524996358080579707/340085073148532332497341918443485100412725130535693277200384000,3.5431850354565495,364954377447171161/4100387493642240,89.00485088617664,54713236346686159/585747572719616,93.40753405541834,1.882334995545838
record,bank,lloyd,0,population_average,5,0,15476937408407/344436244480,44.93411380609128,6422557276823402292823423/5741998203155938394767360,1.1185230384247442,33117394454649/757759737856,43.7043469059878,17560573868561/378879868928,46.348659057148545,1.0576024954701764
record,bank,lloyd,0,pooled_SSE,5,0,170246311492477/83886080,2029494.1841659187,6422557276823402292823423/2814749767106560,2281750709.0250196,33117394454649/16777216,1973950.532355845,17560573868561/8388608,2093383.534975171,47767.67431040598
record,bank,lloyd,1,Phi_A,5,0,1381404398424687849184939580200202655712281198899221873/39560579839137320728319563921154200743617224926822400,34.91870958519327,791603418703649569734258253470412592404529326029825840681640277523814456069716378870715202738865128219889/313007895441751648238698066119879106916179554547760748227459169500051022712654007205675463406992228352000,2.52902061012375,51034019206594044445926276627020881906678821/1529399098126157924036137173102082226388992,33.368673532710766,28761247684289014249861349084671573762432493/764784619654809196633934430202899055247360,37.60699018407379,1.590289473688281
record,bank,lloyd,1,Phi_B,5,0,42889754047005857237979857506062514264830862822944077/1302267194998905739967965918621713600015221114535936,32.934680541531954,25224432078786873541438844043371079659781462505402025807940732558255775456100039072879277594149080010525/83099092511345581368633330609357396780758453193256158764633723221413945598064268227158888027439134408704,0.30354642050204056,36971269607749445334229239543616360505967897/1156449623980809368080278603356864266633216,31.969632607501254,3211231835768090305198398172928715878600771/96363712782423261122034396642083860381696,33.32407752925247,0.5509504700987563
record,bank,lloyd,1,Phi,5,0,1381404398424687849184939580200202655712281198899221873/39560579839137320728319563921154200743617224926822400,34.91870958519327,791603418703649569734258253470412592404529326029825840681640277523814456069716378870715202738865128219889/313007895441751648238698066119879106916179554547760748227459169500051022712654007205675463406992228352000,2.52902061012375,51034019206594044445926276627020881906678821/1529399098126157924036137173102082226388992,33.368673532710766,28761247684289014249861349084671573762432493/764784619654809196633934430202899055247360,37.60699018407379,1.590289473688281
record,bank,lloyd,1,G,5,0,80257362849864337109644401983729718909367462984058880525519215671/1182805497263630483132213325082677746414900056438632344243404800,67.85339012672522,992976935014147036500306601315436421958036848953793701282188986242341996830886431398081341315009220159091293143905802287143581/279805768871412835664119285801080530079375344138658044987671191635623670896469398356036374606311958343560474397789659332608000,3.5488079428072057,339606485525639742104173768245714199453920686235/5197662834981747704836812182787426446382989312,65.33830614021203,45902801074376258482272563620237491687556149779/649732333435488838115316919359250428623585280,70.64878675756083,1.8838280024479956
record,bank,lloyd,1,population_average,5,0,41465463761749868258941292962441471788635638903/1229535470748088531262942201541059443089735680,33.72449575327905,206329735434739476308294107336984439037886314240733547747519850604695622108729181797662409/302351494765544733667123823463277708992241122849951051005483232274287656616820994453012480,0.6824167864449808,124976558422092935114384755714253602918614615/3842298346087776660196694379815810759655424,32.52651074046447,133939220044324316601612731498789012897090463/3842298346087776660196694379815810759655424,34.85914106089681,0.8260852174231064
record,bank,lloyd,1,pooled_SSE,5,0,41465463761749868258941292962441471788635638903/27222589353675077077069968594541456916480,1523200.5751926014,206329735434739476308294107336984439037886314240733547747519850604695622108729181797662409/148213874223764730142170860811120522052185580372019921970505707530128805939118080,1392108104.0175414,124976558422092935114384755714253602918614615/85070591730234615865843651857942052864,1469092.3841038183,133939220044324316601612731498789012897090463/85070591730234615865843651857942052864,1574447.9651564653,37310.96493013202
record,bank,lloyd,2,Phi_A,5,0,33737298099239113043409121136028656002450451334320097/989014495978433018207989098028855018590430623170560,34.11203600798871,1370965063353843003144905751629876589137613634773290903983919708665136868027762070112908507509850017909/489074836627736950372965728312311104556530553980876169105404952343829722988521886258867911573425356800,2.803180537373186,6255396804641822945545250293987070579691221/191174887265769740504517146637760278298624,32.720808125523426,220929910030174165533162959051133155663997/5974879841053196848702612735960148869120,36.976460766988524,1.6742701506546624
record,bank,lloyd,2,Phi_B,5,0,242664494454505725727442196044342232240029456444379251/7596558637493616816479801191959996000088789834792960,31.944003335511624,73643432525652274811181626335783188308163215949442818231130246989007425482223164808393530764542781217/501806114198946747395128808027520511961101770490677287226049053269407884046281812965935314175357091840,0.14675674616522408,9070927252674580793276007735513245627710475/289112405995202342020069650839216066658304,31.375088251401802,18734957081491440864793960386497304791898455/578182276694539566732206379852503162290176,32.403201960113584,0.3830884312599691
record,bank,lloyd,2,Phi,5,0,33737298099239113043409121136028656002450451334320097/989014495978433018207989098028855018590430623170560,34.11203600798871,1370965063353843003144905751629876589137613634773290903983919708665136868027762070112908507509850017909/489074836627736950372965728312311104556530553980876169105404952343829722988521886258867911573425356800,2.803180537373186,6255396804641822945545250293987070579691221/191174887265769740504517146637760278298624,32.720808125523426,220929910030174165533162959051133155663997/5974879841053196848702612735960148869120,36.976460766988524,1.6742701506546624
record,bank,lloyd,2,G,5,0,10417526195060646867206096281569358737400013536026430166254703377/157707399635150731084295110011023699521986674191817645899120640,66.05603934350033,11679550384139457681919888781259310380908940869616588924695803050095652742730380017388015119357599504196843323660708893008043/3244124856480148819294136646969049624108699642187339652030970337804332416190949546156943473696370531519541732148285905305600,3.600216052353695,166574429236592747872500166030988802407811918049/2598831417490873852418406091393713223191494656,64.09589637692523,5614736450063294823140551424995063113372768451/81216541679436104764414614919906303577948160,69.13291718606798,1.8974235300411173
record,bank,lloyd,2,population_average,5,0,2521091242626644716670333967079371300972293981/76845966921755533203933887596316215193108480,32.807072948846056,24688874467367437928439374236457198713994952426877986890500347999037964913879086393549737/37793936845693091708390477932909713624030140356243881375685404034285957077102624306626560,0.6532496090092007,478947626791137616838164313421884881481303/15008977914405377578893337421155510779904,31.91074232519533,255717245505806626206418371773231212338787/7504488957202688789446668710577755389952,34.075237762909,0.8082385842121129
record,bank,lloyd,2,pooled_SSE,5,0,2521091242626644716670333967079371300972293981/1701411834604692317316873037158841057280,1481764.2568075808,24688874467367437928439374236457198713994952426877986890500347999037964913879086393549737/18526734277970591267771357601390065256523197546502490246313213441266100742389760,1332608008.3484547,478947626791137616838164313421884881481303/332306998946228968225951765070086144,1441280.5878597724,255717245505806626206418371773231212338787/166153499473114484112975882535043072,1539042.1887995477,36504.903894524294
record,credit,fair,0,Phi_A,5,0,11523047608630963154267/701604200047813066752,16.423857793105697,1966013589005354569890627843639720122079469/1538276417264786552807666269225722524467200,1.2780626205666785,1371512610631/90244644864,15.19771741246131,806888419807/45130711040,17.878921054264868,1.1305143168340146
record,credit,fair,0,Phi_B,5,0,7019673334092414097040167/383524371010397751214080,18.303069803879826,5637566999297690874269596293132112415084723371/7354547157946061149424857495883495105699512320,0.7665416888661464,3595096307125/206292647936,17.427166421560205,1627843529839/82510348288,19.7289620467612,0.8755236655089035
record,credit,fair,0,Phi,5,0,7019673334092414097040167/383524371010397751214080,18.303069803879826,5637566999297690874269596293132112415084723371/7354547157946061149424857495883495105699512320,0.7665416888661464,3595096307125/206292647936,17.427166421560205,1627843529839/82510348288,19.7289620467612,0.8755236655089035
record,credit,fair,0,G,5,0,4219467838779512285034654315376357037/121504208139213098845017944547655680,34.726927596985526,52774315759828282781369380649624562771081364540863558666487048511154203/14763272595537218656159527086134379876400918307738169766970583836262400,3.574703062502646,12254220490320895/369867676975104,33.13136360154481,1043397042984717/27744104611840,37.60788310102607,1.8906885154627258
record,credit,fair,0,population_average,5,0,5645903374549/314258227200,17.9658092800092,1978492318838553110698763/2528210774089902587904000,0.7825662081322173,4330052109313/251406581760,17.22330449346228,9752994488809/502813163520,19.396855922649415,0.8846277229050745
record,credit,fair,0,pooled_SSE,5,0,5645903374549/10485760,538435.3041218758,1978492318838553110698763/2814749767106560,702901672.4539449,4330052109313/8388608,516182.4356690645,9752994488809/16777216,581323.7720018029,26512.292855465083
record,credit,fair,1,Phi_A,5,0,197704514114490422703673492214138150864737988711068493/14823149755220949490341640897563250971109584220979200,13.337550883533085,1547825649798781580591946960610693604830448002400216836137015597120950787665806122750940515470058083159/43945153733141378958459791390261519664617858887844909431799210722955329978288486928618803627481366528000,0.03522175981447265,46947408923735616939200865638314207144997/3574294080665638782238337185093846564864,13.134735940639956,6223528623643766376288683338204378748379033/457169359958280825663043785084580592091136,13.613179641373378,0.18767461153409282
record,credit,fair,1,Phi_B,5,0,32638459664510087462466789408576961207385929803625652801/2430874495567424266101409342000076580094078657914470400,13.426632976743413,70095860267908003356774402034260935198398485362990883611862261812516800492070264391279873206565510308024431/1181830162640035875588397680761231978421039545109693211257112910090532536036210114832290388806552342495232000,0.059311280490019054,107693803973684061382950317310564221413229/8171429104087770328676153903073418280960,13.179310816000358,14437521864175245922590987749643771576845557/1046198137098425305918145230548971366121472,13.799988121004443,0.24353907384651657
record,credit,fair,1,Phi,5,0,3579483656389410222008375129628098989484817919560078791/265923236806684476446229814151289385947664562415206400,13.460589978421297,677926083546676568127100897047330723451587223435004374678130516259416892062007295106627359613204246504071/14143033574748797893166853779381367594970669450510538005854111914794417770693740933146525312717990920192000,0.047933569553073596,94815506832873758209921105467492523612513/7151246617322847396222481984308253818880,13.258598382441054,14437521864175245922590987749643771576845557/1046198137098425305918145230548971366121472,13.799988121004443,0.21893736445173903
record,credit,fair,1,G,5,0,2576468919387724265684220295324352113986592158132243294831425042779/96265551486205750613556102641734064561510630191067049151483084800,26.7641838602765,599216543551188318221147890483133805074011546913422342421210872779260945305321111452510696838077923988280822626045218684564131907/3706822561177332080304465804051872448568185530268044182736084687478865923908493508861656316403334572895240398101054152209596416000,0.16165234069387713,2322259917692703615136507892486596751362601519/87899040031729388932805188055827874723135488,26.419627755370538,9632762344478050655225137241238942393845835697/351391799297933599625257029310635757596049408,27.41316776237782,0.4020601207454889
record,credit,fair,1,population_average,5,0,56985566434117235031067561553552129689020149/4249276056925219062498890410304205540556800,13.410652937279876,1656122322083053294866002841066967135228318141741715993839814199687613062483930654479/32501424614324287598133543733965620829038802553020173030233886708666618801377247232000,0.05095537631766313,175196907575870001247240791569916469755143/13278987677891309570309032532200642314240,13.193543952718773,35098572351994258221470658837491921902070147/2549565634155131437499334246182523324334080,13.766490998230424,0.22573297569841924
record,credit,fair,1,pooled_SSE,5,0,170956699302351705093202684660656389067060447/425352958651173079329218259289710264320,401917.2685302779,1656122322083053294866002841066967135228318141741715993839814199687613062483930654479/36185027886661311069865932815214971204146870208012676262330495002472853012480,45768164.86836371,525590722727610003741722374709749409265429/1329227995784915872903807060280344576,395410.5122629817,35098572351994258221470658837491921902070147/85070591730234615865843651857942052864,412581.7352169658,6765.217281681625
record,credit,fair,2,Phi_A,5,0,766334082044093318022882354955665906234057989070046139/59292599020883797961366563590253003884438336883916800,12.924616135888702,16762792874557622917056494996979984253151114895332928558460755681230413572438965175042427910192846497701/703122459730262063335356662244184314633885742205518550908787371567285279652615790857900858039701864448000,0.023840502664341446,23454118147172303512890790258394338108122013/1830038569300807056506028638768049441210368,12.816187888396959,47101690809176995901478193927015098007845/3571635624674068950492529570973285875712,13.18770887035132,0.15440370029355335
record,credit,fair,2,Phi_B,5,0,201706853534846954575068336650756740886340276723019884293/15557596771631515303049019788800490112602103410652610560,12.965167853086996,1168837098501904072408210307341592017277218665723505797186368381979262402849495926735274073828552720755162489/48407763461735869464100769003980061836125779767693033933091344797308212676043166303530614325516383948604702720,0.024145653814926123,2677836796680584836812453565704489126968771/209188585064646920414109539918679507992576,12.801065583253672,431951975413963915311335893746784849534447/32693691784325790809942038454655355191296,13.212089300390755,0.1553887184287396
record,credit,fair,2,Phi,5,0,271459320623018052753715223227359455550846290094652992215429/20924967657844388082600931615936659201449829087327761203200,12.972986389360221,1860329175395264051395691341364320274650850227682498831990409695342448099264486359971943170681466024354693245482841/87570854296366731257294893647425031363097438744250890710810570021950489436278988922244469580217276472624622338048000,0.021243702489179075,734585106846018374612724025843220577102649/57209972938582779169779855874466030551040,12.840158264619793,431951975413963915311335893746784849534447/32693691784325790809942038454655355191296,13.212089300390755,0.1457521954866515
record,credit,fair,2,G,5,0,638027349390716222722493553790440324625967828444861182078727219945689/24643981180468672157070362276283920527746721328913164582779669708800,25.889783988975697,11281723976983303965142218714735245145113446219495988600336494225386852824113122665474571011827146150029867489166112645100038893409201/121465161684658817607416735467171756394682303455823271779896023039307478594633515298378754175904467284631237364975342459604055359488000,0.0928803273342878,7214380047004104971858126804969496673963824777/281358646911950107956977331190623938250014720,25.641223847873466,2319168145079838431634317204326474241300014709/87847949824483399906314257327658939399012352,26.399798170742073,0.3047627394126254
record,credit,fair,2,population_average,5,0,36707768814889277597318213613827960882231273/2832850704616812708332593606869470360371200,12.957890352310175,3072802121380503429024900756890350993642119847203042191787204936408646376704779917279/130005698457297150392534174935862483316155210212080692120935546834666475205508988928000,0.023635903332266808,16327524410786997682513163931895327943254451/1274782817077565718749667123091261662167040,12.808083221750493,526155357032317907114292281600815045550137/39836963033673928710927097596601926942720,13.20771758097027,0.153739725940522
record,credit,fair,2,pooled_SSE,5,0,330369919334003498375863922524451647940081457/850705917302346158658436518579420528640,388347.97385873593,3072802121380503429024900756890350993642119847203042191787204936408646376704779917279/144740111546645244279463731260859884816587480832050705049321980009891412049920,21229789.645355046,16327524410786997682513163931895327943254451/42535295865117307932921825928971026432,383858.25415586226,526155357032317907114292281600815045550137/1329227995784915872903807060280344576,395835.295901679,4607.579586437444
record,credit,lloyd,0,Phi_A,5,0,11523047608630963154267/701604200047813066752,16.423857793105697,1966013589005354569890627843639720122079469/1538276417264786552807666269225722524467200,1.2780626205666785,1371512610631/90244644864,15.19771741246131,806888419807/45130711040,17.878921054264868,1.1305143168340146
record,credit,lloyd,0,Phi_B,5,0,7019673334092414097040167/383524371010397751214080,18.303069803879826,5637566999297690874269596293132112415084723371/7354547157946061149424857495883495105699512320,0.7665416888661464,3595096307125/206292647936,17.427166421560205,1627843529839/82510348288,19.7289620467612,0.8755236655089035
record,credit,lloyd,0,Phi,5,0,7019673334092414097040167/383524371010397751214080,18.303069803879826,5637566999297690874269596293132112415084723371/7354547157946061149424857495883495105699512320,0.7665416888661464,3595096307125/206292647936,17.427166421560205,1627843529839/82510348288,19.7289620467612,0.8755236655089035
record,credit,lloyd,0,G,5,0,4219467838779512285034654315376357037/121504208139213098845017944547655680,34.726927596985526,52774315759828282781369380649624562771081364540863558666487048511154203/14763272595537218656159527086134379876400918307738169766970583836262400,3.574703062502646,12254220490320895/369867676975104,33.13136360154481,1043397042984717/27744104611840,37.60788310102607,1.8906885154627258
record,credit,lloyd,0,population_average,5,0,5645903374549/314258227200,17.9658092800092,1978492318838553110698763/2528210774089902587904000,0.7825662081322173,4330052109313/251406581760,17.22330449346228,9752994488809/502813163520,19.396855922649415,0.8846277229050745
record,credit,lloyd,0,pooled_SSE,5,0,5645903374549/10485760,538435.3041218758,1978492318838553110698763/2814749767106560,702901672.4539449,4330052109313/8388608,516182.4356690645,9752994488809/16777216,581323.7720018029,26512.292855465083
record,credit,lloyd,1,Phi_A,5,0,495111573237118908797425845958731209541588806979228529/35575559412530278776819938154151802330663002130350080,13.917183072115874,98223728308595807915703377165921071541294176095645327397347468706378815256582112270252451810766694769173/1265620427514471714003641992039531766340994335969933391635817268821113503374708423544221544471463356006400,0.0776091521385251,1524078882129430101286809438002710726967/111717459208235351255462159019499585536,13.642262301084282,25632379519715855656168608032970416224169/1787811654330711849055620496077063454720,14.337293001544749,0.2785841921906645
record,credit,lloyd,1,Phi_B,5,0,146738694915517512096153230792568114285128394060952897327/11112569122593939502177871277714635794715788150466150400,13.204749801481118,1967150903349500587992004717454110629618209090726668273443629508930878878610031655205365628861333119942295329/24697838500885647685765698471418398895982540697802568333209869794545006467368962399760517513018563239084032000,0.07964870704288393,53050384611362808967269741249110816918717/4085714552043885164338076951536709140480,12.984359023521177,1781808054614233802788170145630325608715657/130774767137303163239768153818621420765184,13.62501416457103,0.28222102516092584
record,credit,lloyd,1,Phi,5,0,495111573237118908797425845958731209541588806979228529/35575559412530278776819938154151802330663002130350080,13.917183072115874,98223728308595807915703377165921071541294176095645327397347468706378815256582112270252451810766694769173/1265620427514471714003641992039531766340994335969933391635817268821113503374708423544221544471463356006400,0.0776091521385251,1524078882129430101286809438002710726967/111717459208235351255462159019499585536,13.642262301084282,25632379519715855656168608032970416224169/1787811654330711849055620496077063454720,14.337293001544749,0.2785841921906645
record,credit,lloyd,1,G,5,0,2893473607423631315735034664071871298568436983921347117743096653039/106683901214150095918053516347549439514055070687935777414630604800,27.12193287359699,35798833529353800884356268124151161042064501332628244570612207100554063898391343371455733508872023837559830298588713839388080852121/275431205634146978701625250492452962346218375183272725124480777866910382300756270517865655727674528990093508764116422810893549568000,0.12997377492841206,1880032037118778380811505389346178384553099259/70339661727987526989244332797655984562503680,26.72790842226542,9712157659566303942037153055766628353578611009/351391799297933599625257029310635757596049408,27.639113032719592,0.3605187580812017
record,credit,lloyd,1,population_average,5,0,339923682643769606002316879148552883537324979/25495656341551314374993342461825233243340800,13.332611566848824,6772254083550782952082163510027446910785064065966319152254473946325991309546393553641/130005698457297150392534174935862483316155210212080692120935546834666475205508988928000,0.05209197876641737,349250521156422779521927862549229804184571/26557975355782619140618065064401284628480,13.150494963479153,1091117046367852700464882758392408837979541/79673926067347857421854195193203853885440,13.694781972279594,0.22823667270273937
record,credit,lloyd,1,pooled_SSE,5,0,339923682643769606002316879148552883537324979/850705917302346158658436518579420528640,399578.3686584592,6772254083550782952082163510027446910785064065966319152254473946325991309546393553641/144740111546645244279463731260859884816587480832050705049321980009891412049920,46789062.21077698,1047751563469268338565783587647689412553713/2658455991569831745807614120560689152,394120.3340554702,1091117046367852700464882758392408837979541/2658455991569831745807614120560689152,410432.6157092195,6840.253080901099
record,credit,lloyd,2,Phi_A,5,0,151946327085265522534978882254661181607514539964458341/11117362316415712117756230673172438228332188165734400,13.667479997562381,1172761309451993129115999638962673475487296864517026195637713230710949745063933770592054445409230487761/24719148974892025664133632657022104811347545624412761555387056031662373112787273897348077040458268672000,0.0474434338594424,24022616354078090313198224337658649182381/1787147040332819391119168592546923282432,13.44188016538604,50075610954063881829753974918002482944051/3575623308661423698111240992154126909440,14.004722150894096,0.2178151368923712
record,credit,lloyd,2,Phi_B,5,0,20086159427058825972713398540352271823928446402954889/1582600583051708506576438373697966523498749126246400,12.691869093291334,160873693041712716340923606477701246804206979145044600203491068586150018215832435174863722103774682828317/4103576953611235679126380835976499925073053976075323650198308715592126861236840676501008294467195633664000,0.039203284076381316,408336971321973205252045038106859175926903/32685716416351081314704615612293673123840,12.492826105463669,1698700744407570374525986127123443952103771/130774767137303163239768153818621420765184,12.989514579858277,0.19799819210382028
record,credit,lloyd,2,Phi,5,0,151946327085265522534978882254661181607514539964458341/11117362316415712117756230673172438228332188165734400,13.667479997562381,1172761309451993129115999638962673475487296864517026195637713230710949745063933770592054445409230487761/24719148974892025664133632657022104811347545624412761555387056031662373112787273897348077040458268672000,0.0474434338594424,24022616354078090313198224337658649182381/1787147040332819391119168592546923282432,13.44188016538604,50075610954063881829753974918002482944051/3575623308661423698111240992154126909440,14.004722150894096,0.2178151368923712
record,credit,lloyd,2,G,5,0,92272628256307241703350614957953826356293602959320972648293983643/3500565508589300022311131005153965984054932006947892696417566720,26.359349090853716,53545167288060949958931551897834586277238270513604096568700728861513627249357029986062744511598740988763330258971438691132680271/741364512235466416060893160810374489713637106053608836547216937495773184781698701772331263280666914579048079620210830441919283200,0.07222515564793362,2294194789678060069865068417914624796457602137/87899040031729388932805188055827874723135488,26.10033953556162,18791074119520258888105379876314455646352271981/702783598595867199250514058621271515192098816,26.73806582433633,0.26874738258806097
record,credit,lloyd,2,population_average,5,0,41006441116080139339078155476855655347925443/3186957042693914296874167807728154155417600,12.866957592066461,52363496522866283683509227442435433370108760847548636387101630599250592299767329329/2031339038395267974883346483372851301814925159563760814389617919291663675086077952000,0.025777822181880964,7924009551604176725278823544702255395437/622452547401155136108235899946905108480,12.730303032236367,929573007869799545133696268803984302663323/70821267615420317708314840171736759009280,13.12561945258656,0.16055473266733986
record,credit,lloyd,2,pooled_SSE,5,0,41006441116080139339078155476855655347925443/106338239662793269832304564822427566080,385622.71903423185,52363496522866283683509227442435433370108760847548636387101630599250592299767329329/2261564242916331941866620800950935700259179388000792266395655937654553313280,23153663.083805446,7924009551604176725278823544702255395437/20769187434139310514121985316880384,381527.18187612394,8366157070828195906203266419235858723969907/21267647932558653966460912964485513216,393374.8149940192,4811.825338040175
client,adult,fair,0,Phi_A,5,0,19133419961087/162487336960,117.75329892813205,688407676531319806720883/52804269344705164083200,13.036970022961759,351573533373/3124756480,112.51229835772675,4973395372947/40621834240,122.43158060178722,3.6106744554115866
client,adult,fair,0,Phi_B,5,0,90419394350789/846284718080,106.84275920275046,97308735620791857038567/1119059100087101685760,86.9558503328536,4314000610885/42314235904,101.95151864900375,5223621716679/42314235904,123.44832903352052,9.325012082182715
client,adult,fair,0,Phi,5,0,1933608489622744439/16392534989209600,117.95664861447871,1679152214304319765674761406964747/107486081348984392315373092864000,15.622043275095967,351573533373/3124756480,112.51229835772675,5223621716679/42314235904,123.44832903352052,3.9524730581113348
client,adult,fair,0,G,5,0,147267949653961797/655701399568384,224.5960581308825,3114705138037858361991810023257897/21497216269796878463074618572800,144.88876601264656,27323547716207617/126096422993920,216.68773044834967,201529751092023849/819626749460480,245.87990963530774,12.036974952729883
client,adult,fair,0,population_average,5,0,276505888507013/2505006120960,110.38132250193742,18254406915083717257189699/358574609488403780075520,50.90825293271096,17848163211503/167000408064,106.8749676627317,5140212935435/41750102016,123.1185718651682,7.135001957442686
client,adult,fair,0,pooled_SSE,5,0,276505888507013/83886080,3296207.052552855,127780848405586020800327893/2814749767106560,45396876801.925865,53544489634509/16777216,3191500.2843444943,15420638806305/4194304,3676566.793037653,213065.4284531535
client,adult,fair,1,Phi_A,5,0,12894568297517144683132230250332363765257457279/131825388945171560745711322919067005118054400,97.81551490722487,623715518831311411892993608846101394045215809768503677456337723608868306661990113503241/133676409004198156439132370785249772597023240337218080436479886773103328339083395072000,4.665860816262078,156453426013288821129702619779602490383293211/1647817361814644509321391536488337563975680,94.94585361146811,263696092565550110256380552473160460377069375/2636507778903431214914226458381340102361088,100.0171873853624,2.1600603732910053
client,adult,fair,1,Phi_B,5,0,52305637721697328633582505036166689701109261681/549270185389102030184040756332062976203816960,95.22752028611221,16060915151339373240381014969240394915993430140753313741660272050328048504917385796818911/60339547311475702671505538089889293711839078979889344847888877394676045727057454636728320,0.266175599038424,2599207791838318673201660983230980490131049677/27463509269455101509202037816603148810190848,94.64223112700154,10546222742122576812517916211043695045810046765/109854037077820406036808151266412595240763392,96.0021408648974,0.5159220862091717
client,adult,fair,1,Phi,5,0,12894568297517144683132230250332363765257457279/131825388945171560745711322919067005118054400,97.81551490722487,623715518831311411892993608846101394045215809768503677456337723608868306661990113503241/133676409004198156439132370785249772597023240337218080436479886773103328339083395072000,4.665860816262078,156453426013288821129702619779602490383293211/1647817361814644509321391536488337563975680,94.94585361146811,263696092565550110256380552473160460377069375/2636507778903431214914226458381340102361088,100.0171873853624,2.1600603732910053
client,adult,fair,1,G,5,0,1026927510412645484359364580797186597138442630417251/5319681745493453162332434725076029924533967257600,193.0430351933371,2327752728197926394637326286893919984545891347091089279976671446692646470264323635107021043628477/435369444205173424378280696618430468151375302540570087114593814287740939635580828876751765504000,5.34661483294391,12626594831606575918438280409223342440804419700409/66496021818668164529155434063450374056674590720,189.88496584109595,41660938733195732159880685262332045154485488110887/212787269819738126493297389003041196981358690304,195.7868004438829,2.3122748177809465
client,adult,fair,1,population_average,5,0,78094774316731617999846965536831417231624176239/812920963279445151675463402170196986439925760,96.06687223526083,92934806243795493692654688520335709635557093207926337715555771843836720063815230682258441/132168098507836202537897427504365678903596887551530209566933355829460662605010678862315520,0.7031561117472339,321582383071544425945709882490730125025000687/3387170680331021465314430842375820776833024,94.94129862983958,752756350763195096529856963959271575587164195/7742104412185191920718699068287590347046912,97.22890711451039,0.8385440428190006
client,adult,fair,1,pooled_SSE,5,0,78094774316731617999846965536831417231624176239/27222589353675077077069968594541456916480,2868748.938689359,92934806243795493692654688520335709635557093207926337715555771843836720063815230682258441/148213874223764730142170860811120522052185580372019921970505707530128805939118080,627031758.8722355,964747149214633277837129647472190375075002061/340282366920938463463374607431768211456,2835137.0596842696,15807883366027097027126996243144703087330448095/5444517870735015415413993718908291383296,2903449.624253509,25040.602206660995
client,adult,fair,2,Phi_A,5,0,1619827928705456845375464965986160096588765329247/16873649784981959775451049333640576655110963200,95.99748420446363,200072897201588232574399598514118791353198968229409374731158230932724759314473618860278343409/56944011413244347472567363836583839129970348011809506776653448087153648219196100966350848000,3.5135019861817143,307983026813438285725060286697973700509784687/3295634723629289018642783072976675127951360,93.45180902641864,4049708264562604925835946115480998661456995/41195434045366112733034788412208439099392,98.30478445992095,1.874433777486341
client,adult,fair,2,Phi_B,5,0,668243176047304304170379604879640360954547754155/7030658372980505986355721681050406095408857088,95.0470269776479,87027030685902775341375202013564001946625813979013466965186583210012833977297905816715446469/49430157157560895628497336803237309408738573500325351299390568361718616659605466838407839744,1.7606059881319034,640070539461801867787983531769573835305152141/6865877317363775377300509454150787202547712,93.22487278400185,42604598385503046507232125523322375576965951437/439416148311281624147232605065650380963053568,96.9572887779309,1.32687828685675
client,adult,fair,2,Phi,5,0,1619827928705456845375464965986160096588765329247/16873649784981959775451049333640576655110963200,95.99748420446363,200072897201588232574399598514118791353198968229409374731158230932724759314473618860278343409/56944011413244347472567363836583839129970348011809506776653448087153648219196100966350848000,3.5135019861817143,307983026813438285725060286697973700509784687/3295634723629289018642783072976675127951360,93.45180902641864,4049708264562604925835946115480998661456995/41195434045366112733034788412208439099392,98.30478445992095,1.874433777486341
client,adult,fair,2,G,5,0,32521471958790356849295694492499668374047746521586297/170229815855790501194637911202432957585086952243200,191.04451118211153,52508370039747295645130964099688137173961417461195738900617886247724470949972484191491275297798531909/5795638041259268625323672633384546392031108027420068999669472855798407388428851994007319502389248000,9.059980914256396,775828544168893461287572619368333621882270257199/4156001363666760283072214628965648378542161920,186.6766818104205,826462431556832516178972366894551577025504551173447/4255745396394762529865947780060823939627173806080,194.19921883883532,3.0099802182500133
client,adult,fair,2,population_average,5,0,826840634823663061037893831730726983560250683337/8671156941647414951204942956482101188692541440,95.3552842357589,271084253034399199950413528250083047147101711160792056202588932734825759123539156377692750341/135340132872024271398806965764470455197283212852766934596539756369367718507530935155011092480,2.002984977787281,237013391568810038378260954616886883953734207/2540378010248266098985823131781865582624768,93.29847393288024,63114926788795682219004402432732811695446860963/650336770623556121340370721736157589151940608,97.04960512732474,1.41526851791004
client,adult,fair,2,pooled_SSE,5,0,2480521904470989183113681495192180950680752050011/871122859317602466466238995025326621327360,2847499.4978482323,271084253034399199950413528250083047147101711160792056202588932734825759123539156377692750341/151771007205135083665582961470587414581438034300948400097797844510851897281656913920,1786139909.2383912,237013391568810038378260954616886883953734207/85070591730234615865843651857942052864,2786079.02858367,63114926788795682219004402432732811695446860963/21778071482940061661655974875633165533184,2898095.308312171,42262.748481829614
client,adult,lloyd,0,Phi_A,5,0,19133419961087/162487336960,117.75329892813205,688407676531319806720883/52804269344705164083200,13.036970022961759,351573533373/3124756480,112.51229835772675,4973395372947/40621834240,122.43158060178722,3.6106744554115866
client,adult,lloyd,0,Phi_B,5,0,90419394350789/846284718080,106.84275920275046,97308735620791857038567/1119059100087101685760,86.9558503328536,4314000610885/42314235904,101.95151864900375,5223621716679/42314235904,123.44832903352052,9.325012082182715
client,adult,lloyd,0,Phi,5,0,1933608489622744439/16392534989209600,117.95664861447871,1679152214304319765674761406964747/107486081348984392315373092864000,15.622043275095967,351573533373/3124756480,112.51229835772675,5223621716679/42314235904,123.44832903352052,3.9524730581113348
client,adult,lloyd,0,G,5,0,147267949653961797/655701399568384,224.5960581308825,3114705138037858361991810023257897/21497216269796878463074618572800,144.88876601264656,27323547716207617/126096422993920,216.68773044834967,201529751092023849/819626749460480,245.87990963530774,12.036974952729883
client,adult,lloyd,0,population_average,5,0,276505888507013/2505006120960,110.38132250193742,18254406915083717257189699/358574609488403780075520,50.90825293271096,17848163211503/167000408064,106.8749676627317,5140212935435/41750102016,123.1185718651682,7.135001957442686
client,adult,lloyd,0,pooled_SSE,5,0,276505888507013/83886080,3296207.052552855,127780848405586020800327893/2814749767106560,45396876801.925865,53544489634509/16777216,3191500.2843444943,15420638806305/4194304,3676566.793037653,213065.4284531535
client,adult,lloyd,1,Phi_A,5,0,5440772270316849593833353729432954175314476944519/53995679311942271281443357867649845296355082240,100.76310437515895,8786807774172802933158127247824245169461400331777555604673961088359744805119156727169786005949/2915533384358110590595449028433092563454481818204646746964656542062266788822840369477163417600,3.013790828571604,24955095734543997128726024832892483540008047/253510363356099155280214082536667317534720,98.43816798720079,1109359179283601837488864376371208259665970134775/10799135862388454256288671573529969059271016448,102.72666196814046,1.7360273121617655
client,adult,lloyd,1,Phi_B,5,0,6209766748203175836115794327946092907801481773149/70306583729805059863557216810504060954088570880,88.32411445374596,840961597665406541285195449590302339828373527235538721627311290133867580662358052906365891533/494301571575608956284973368032373094087385735003253512993905683617186166596054668384078397440,1.7013128139261278,1221065217365114220494154239197993350763408828491/14061316745961011972711443362100812190817714176,86.83861116462327,620274489680249885229870015030877983293260259/6865877317363775377300509454150787202547712,90.34162147225938,1.3043438250423574
client,adult,lloyd,1,Phi,5,0,5440772270316849593833353729432954175314476944519/53995679311942271281443357867649845296355082240,100.76310437515895,8786807774172802933158127247824245169461400331777555604673961088359744805119156727169786005949/2915533384358110590595449028433092563454481818204646746964656542062266788822840369477163417600,3.013790828571604,24955095734543997128726024832892483540008047/253510363356099155280214082536667317534720,98.43816798720079,1109359179283601837488864376371208259665970134775/10799135862388454256288671573529969059271016448,102.72666196814046,1.7360273121617655
client,adult,lloyd,1,G,5,0,206005007628339487011225927104621372094611962866276767/1089470821477059207645682631695570928544556494356480,189.0872188289049,1530556483462895647314547500634691398472431588869183570794432625690129571179610570838232690728105224021/1186946670849898214466288155317155101087970924015630131132308040867513833150228888372699034089317990400,1.289490523080502,7677845230064492489616550147700729233447002468761/40920628811488101248711036346738691727184363520,187.6277430983418,6492555066725680977792462949695188693070110468327909/34045963171158100238927582240486591517017390448640,190.69970304807893,1.1355573623029802
client,adult,lloyd,1,population_average,5,0,76881995337209654658093123270733514138984238907787/832431066398151835315674523822281714114483978240,92.35839271336972,15847068338438685066856049491244091849851800594471279012999625713573076766934086313789338320483/46196098686984284637459444314272582040672669987077780342285570174077514583903892532910452899840,0.34303910479140926,7458824335500439201689917649845931258392891009/81292096327944515167546340217019698643992576,91.75337668019314,161293847943065400039038050968459092248431118753/1734231388329482990240988591296420237738508288,93.00595585369575,0.585695402740545
client,adult,lloyd,1,pooled_SSE,5,0,76881995337209654658093123270733514138984238907787/27875931498163278926919647840810451882475520,2758006.323206647,47541205015316055200568148473732275549555401783413837038998877140719230300802258941368014961449/155413511378058325673556952545881512531392547124171161700144992779112342816416679854080,305901363.3613071,7458824335500439201689917649845931258392891009/2722258935367507707706996859454145691648,2739939.3344239276,483881543829196200117114152905377276745293356259/174224571863520493293247799005065324265472,2777343.8537030625,17490.036116638155
client,adult,lloyd,2,Phi_A,5,0,168580252409347243406063971223147513514874081113/1687364978498195977545104933364057665511096320,99.90740270038589,622026618167106401114331582703292248108644599892811529124708439750025750084020357173103337/219015428512478259509874476294553227422962876968498102987128646489052493150754234485964800,2.840104107696079,8629541706790374286862202552535992358754003/88473415399444000500477397932259734978560,97.53824544728275,21000984030369663163727587967169391226865193/205977170226830563665173942061042195496960,101.957823807573,1.6852608426282498
client,adult,lloyd,2,Phi_B,5,0,612661686065859708067134315440386317354713523267/7030658372980505986355721681050406095408857088,87.14143876203362,52652895591778322545673665892937392386172253976933129508155660730246576565476708750620432685/49430157157560895628497336803237309408738573500325351299390568361718616659605466838407839744,1.0651978188931264,588684846930584149761980842884746200398520429/6865877317363775377300509454150787202547712,85.74065916409585,4864295192063421968664090247431372780229066195/54927018538910203018404075633206297620381696,88.55924318225217,1.0320842111441906
client,adult,lloyd,2,Phi,5,0,168580252409347243406063971223147513514874081113/1687364978498195977545104933364057665511096320,99.90740270038589,622026618167106401114331582703292248108644599892811529124708439750025750084020357173103337/219015428512478259509874476294553227422962876968498102987128646489052493150754234485964800,2.840104107696079,8629541706790374286862202552535992358754003/88473415399444000500477397932259734978560,97.53824544728275,21000984030369663163727587967169391226865193/205977170226830563665173942061042195496960,101.957823807573,1.6852608426282498
client,adult,lloyd,2,G,5,0,12736515935274649933038501339779036243959629142074897/68091926342316200477855164480973183034034780897280,187.04884146241952,200924303601741591240167917000019188008454806951218258956027582178230961175629833036573340440398777/356654648692878069250687546669818239509606647841235015364275252664517377749467815015835046300876800,0.5633581514726343,664415713519941191935203187888076666360048339737/3570256205029163196196264916158409345324810240,186.09748862953492,9989634283275979525543771173960902800675087031535/53196817454934531623324347250760299245339672576,187.7863143173679,0.7505718829483519
client,adult,lloyd,2,population_average,5,0,316607396961518064959754085962227114794820561831/3468462776658965980481977182592840475477016576,91.2817629447053,815057908794504409863167028644367040978304318321260392720770503399202540659380091306131899/15467443756802773874149367515939480593975224326030506811033115013642024972289249732001267712,0.05269506206777263,132100084488071251483088892908493780004051931/1451644577284723485134756075303923190071296,91.00029480712298,3721594175547595318400927410582686235959487537/40646048163972257583773170108509849321996288,91.56103344989717,0.2295540504277209
client,adult,lloyd,2,pooled_SSE,5,0,949822190884554194879262257886681344384461685493/348449143727040986586495598010130648530944,2725856.0050547896,5705405361561530869042169200510569286848130228248822749045393523794417784615660639142923293/121416805764108066932466369176469931665150427440758720078238275608681517825325531136,46990244.27183623,924700591416498760381622250359456460028363517/340282366920938463463374607431768211456,2717450.8035303066,3721594175547595318400927410582686235959487537/1361129467683753853853498429727072845824,2734195.580880829,6854.943053872602
client,bank,fair,0,Phi_A,5,0,32668200269037/717142097920,45.55331553368279,354245971573258769730027/51429278860909886832640,6.888021364859392,1533502599521/35857104896,42.767050044022604,14110027359667/286856839168,49.18839446391358,2.6245040226411147
client,bank,fair,0,Phi_B,5,0,15354654009873/361465118720,42.47893701125586,1891386282670806936547411/627153753846065733304320,3.015825499045081,4369423704133/108439535616,40.29364086919146,6486345632443/144586047488,44.861490753326926,1.736613226669969
client,bank,fair,0,Phi,5,0,212750304986526299/4635247949905920,45.898365585997276,363650949945545476383021843290791/68753675382742509586357923348480,5.289185602386335,1175432878477/27109883904,43.35809340384404,14110027359667/286856839168,49.18839446391358,2.2998229502260243
client,bank,fair,0,G,5,0,27203421208968471/309016529993728,88.03225254493864,5640744985598813135201975774915/3055718905899667092727018815488,1.8459633098804489,39921139460207713/463524794990592,86.12514344786665,331817136664947377/3708198359924736,89.48203533310503,1.3586623237141924
client,bank,fair,0,population_average,5,0,2460380071833/56298045440,43.70276183842236,1315952741944240116566683/5192859517524876973834240,0.25341581791364837,3884368356475/90076872704,43.12281543387228,16001253664197/360307490816,44.409994441021595,0.503404229137627
client,bank,fair,0,pooled_SSE,5,0,2460380071833/1310720,1877121.0264839171,1315952741944240116566683/2814749767106560,467520330.69603276,3884368356475/2097152,1852211.1685156822,16001253664197/8388608,1907498.0812307596,21622.21844991935
client,bank,fair,1,Phi_A,5,0,390127964072259490944503910342559737333189307/11636295819228411696593558075736745758949376,33.526817307926464,4497340228584837611783743674508157672954891357157189703521365839526135475499363369881/67701690196296306450608402330599553834458287924417532357519498797676146023197665394688,0.06642877327796566,48440307463358006045323189050757812023662399/1454536977403551462074194759467093219868672,33.302905471559264,3085462225042003785705503162963327345423765/90908561087721966379637172466693326241792,33.94028228061706,0.2577377994745157
client,bank,fair,1,Phi_B,5,0,5880850037197580851862288367773061146863555397/175953206287478860687641742010818706779668480,33.422806900087004,151035505659569611840929706156085384218266612402841114426860492770354749982156780174789/6191906160568818094615990702944280984306582737070768873819906391153752946611339741102080,0.02439240869336669,390492189373027089966533189297011077076760399/11730213752498590712509449467387913785311232,33.28943509574584,3086672869427002723108475917775029986590863/91642294941395239941480073963968076447744,33.68175001947424,0.15618069244745553
client,bank,fair,1,Phi,5,0,25229093557463314879450123821476397355288271500841/752111980275828390009324626225244562129692917760,33.54433145475337,3289862501476032637169071665014168644960441865035619613119376407386403441136114834247033312553/56567243087442807317633202692119332049340163284811838565180782547491860844752669515710212341760,0.05815843802729604,388425477015792555879987699561118640183313737/11636295819228411696593558075736745758949376,33.380508973821236,3085462225042003785705503162963327345423765/90908561087721966379637172466693326241792,33.94028228061706,0.24116060629235456
client,bank,fair,1,G,5,0,100707228883623103096966723746074596989597916804843/1504223960551656780018649252450489124259385835520,66.94962420801347,74728136254069323443885001139368078101567413157592707697426179732461375952345751159582110979599/452537944699542458541065621536954656394721306278494708521446260379934886758021356125681698734080,0.16513120530408615,6685768487872108838697626230117868139029022436517/100281597370110452001243283496699274950625722368,66.66994406956708,52978479816143434905064386879476686418227294557/783449979453987906259713152317963085551763456,67.6220323000913,0.40636339070355015
client,bank,fair,1,population_average,5,0,1397447096845739394472475353028379788599349781/41759452068537568236225331824026594909880320,33.46421055889775,635220272042369790470373091736761303717087149609206485056392055585098866280560353336779/17089748003231968548799080492999803036321407766729144663716939106729621242955095888363520,0.03716966873486014,1948327522150666381659574967013270511596908671/58463232895952595530715464553637232873832448,33.32568908082996,15430943058365015740736434079251744650620119/456744006999629652583714566825290881826816,33.78466454268666,0.1927943690434452
client,bank,fair,1,pooled_SSE,5,0,9782129677920175761307327471198658520195448467/6805647338418769269267492148635364229120,1437354.7719257763,635220272042369790470373091736761303717087149609206485056392055585098866280560353336779/9263367138985295633885678800695032628261598773251245123156606720633050371194880,68573366.73713566,1948327522150666381659574967013270511596908671/1361129467683753853853498429727072845824,1431404.9973998084,15430943058365015740736434079251744650620119/10633823966279326983230456482242756608,1451118.9114374775,8280.903739154059
client,bank,fair,2,Phi_A,5,0,3037588357807888918473150667606427077299658887/93090366553827293572748464605893966071595008,32.63053385928474,241630953749745097634529808279161014211466835901168790130475214114955154369052308228129/8665816345125927225677875498316742890810660854325444141762495846102546690969301170520064,0.027883230399366816,11780516505182337111579671467457430679290489/363634244350887865518548689866773304967168,32.396609197825605,5966058599223647189759844725373142049949701/181817122175443932759274344933386652483584,32.81351353403733,0.16698272485310214
client,bank,fair,2,Phi_B,5,0,11465738635750279737049847054313336621774793039/351906412574957721375283484021637413559336960,32.58178375282668,4178647706339313459610683585846954596174614092118083168456451103999248696709580158479/171997393349133835961555297304007805119627298251965802050552955309826470739203881697280,0.024294831595832185,35578966645327361079784038489928957872389849/1099707539296742879297760887567616917372928,32.353116964242986,1126095029071629720502169404199381085203005/34365860603023214978055027736488028667904,32.76784021444135,0.1558679941355254
client,bank,fair,2,Phi,5,0,32726130083713902845320650209768876263138173234327/1002815973701104520012432834966992749506257223680,32.63423294199353,5554849869884255935156774953896033134687656008545939705440559780511415824572495838502005499159/201127975422018870462695831794202069508765025012664314898420560168859949670231713833636310548480,0.027618484490925414,11780516505182337111579671467457430679290489/363634244350887865518548689866773304967168,32.396609197825605,5966058599223647189759844725373142049949701/181817122175443932759274344933386652483584,32.81351353403733,0.1661880997271628
client,bank,fair,2,G,5,0,392375722700971183189590378335390843700368863542067/6016895842206627120074597009801956497037543342080,65.21231761211142,246475247953737447132799691548113096402313304426410223524057987244322957251447211025045893105173/2413535705064226445552349981530424834105180300151971778781046722026319396042780566003635726581760,0.10212206408903261,608738059575887753553854571170047073633437121707/9401399753447854875116557827815557026621161472,64.74972616206858,154139130740430987066609882656902678458903702787/2350349938361963718779139456953889256655290368,65.58135374847868,0.31956543005937393
client,bank,fair,2,population_average,5,0,38119419060540004066465447446658808630047880513/1169264657919051910614309291072744657476648960,32.601189818207104,6887296659851690239588591464496925310940389737737491381548237020738330407434788022928019/273435968051711496780785287887996848581142524267666314619471025707673939887281534213816320,0.02518796890154986,59139999655692035302943381424843819230970827/1826976027998518610334858267301163527307264,32.37043001624978,14974818831796684953777199958968190731573741/456744006999629652583714566825290881826816,32.78602149630138,0.1587071797416546
client,bank,fair,2,pooled_SSE,5,0,38119419060540004066465447446658808630047880513/27222589353675077077069968594541456916480,1400286.3050716314,6887296659851690239588591464496925310940389737737491381548237020738330407434788022928019/148213874223764730142170860811120522052185580372019921970505707530128805939118080,46468636.596420445,59139999655692035302943381424843819230970827/42535295865117307932921825928971026432,1390374.7100579604,14974818831796684953777199958968190731573741/10633823966279326983230456482242756608,1408225.1953091368,6816.790784263549
client,bank,lloyd,0,Phi_A,5,0,32668200269037/717142097920,45.55331553368279,354245971573258769730027/51429278860909886832640,6.888021364859392,1533502599521/35857104896,42.767050044022604,14110027359667/286856839168,49.18839446391358,2.6245040226411147
client,bank,lloyd,0,Phi_B,5,0,15354654009873/361465118720,42.47893701125586,1891386282670806936547411/627153753846065733304320,3.015825499045081,4369423704133/108439535616,40.29364086919146,6486345632443/144586047488,44.861490753326926,1.736613226669969
client,bank,lloyd,0,Phi,5,0,212750304986526299/4635247949905920,45.898365585997276,363650949945545476383021843290791/68753675382742509586357923348480,5.289185602386335,1175432878477/27109883904,43.35809340384404,14110027359667/286856839168,49.18839446391358,2.2998229502260243
client,bank,lloyd,0,G,5,0,27203421208968471/309016529993728,88.03225254493864,5640744985598813135201975774915/3055718905899667092727018815488,1.8459633098804489,39921139460207713/463524794990592,86.12514344786665,331817136664947377/3708198359924736,89.48203533310503,1.3586623237141924
client,bank,lloyd,0,population_average,5,0,2460380071833/56298045440,43.70276183842236,1315952741944240116566683/5192859517524876973834240,0.25341581791364837,3884368356475/90076872704,43.12281543387228,16001253664197/360307490816,44.409994441021595,0.503404229137627
client,bank,lloyd,0,pooled_SSE,5,0,2460380071833/1310720,1877121.0264839171,1315952741944240116566683/2814749767106560,467520330.69603276,3884368356475/2097152,1852211.1685156822,16001253664197/8388608,1907498.0812307596,21622.21844991935
client,bank,lloyd,1,Phi_A,5,0,509650271149375944876557616981352045058711829/14545369774035514620741947594670932198686720,35.0386603480605,3954789653289142918203202630003342685928434162516720888479964055740000054934958217629/10578389093171297882907562864156180286634107488190239430862421687136897816124635217920,0.3738555670864944,12359442728692820009891943260577777800704469/363634244350887865518548689866773304967168,33.988665591039904,103471511999096990288849929441399130371119063/2909073954807102924148389518934186439737344,35.56853954438503,0.6114372961199656
client,bank,lloyd,1,Phi_B,5,0,86716653643225618611101969631078226941218869/2749268848241857198244402218919042293432320,31.541714699411976,6999748028244654325923119267823065089150554669313734945918276355492260162410651931083/12093566719860972841046856841688048797473794408341345456679504670222173723850272931840,0.5787993063079676,16921696019940486550665794638172987605154111/549853769648371439648880443783808458686464,30.774902263126833,375533284389353993863260716246765594490785/11455286867674404992685009245496009555968,32.78252991193689,0.7607886081612734
client,bank,lloyd,1,Phi,5,0,509650271149375944876557616981352045058711829/14545369774035514620741947594670932198686720,35.0386603480605,3954789653289142918203202630003342685928434162516720888479964055740000054934958217629/10578389093171297882907562864156180286634107488190239430862421687136897816124635217920,0.3738555670864944,12359442728692820009891943260577777800704469/363634244350887865518548689866773304967168,33.988665591039904,103471511999096990288849929441399130371119063/2909073954807102924148389518934186439737344,35.56853954438503,0.6114372961199656
client,bank,lloyd,1,G,5,0,12518974431115469347469746221726639983437808702131/188027995068957097502331156556311140532423229440,66.58037504747247,638625578516807290431056654832259352215514409841424288565237709612666600192443495290905263803/3535452692965175457352075168257458253083760205300739910323798909218241302797041844731888271360,0.18063474015294873,38735731264469644484375364692382682331868982205/587587484590490929694784864238472314163822592,65.92334295796965,2521394280726985050659655401632435595118973997597/37605599013791419500466231311262228106484645888,67.04837436048533,0.4250114588489924
client,bank,lloyd,1,population_average,5,0,1203383500295180893765373374029977860588462781/36539520559970372206697165346023270546145280,32.93375178035332,11210639404022016463042551515601411433962734066473944223018211963589269694077441333333/133513656275249754287492816351560961221260998177571442685288586771325165960586686627840,0.08396623773758641,14851436346060826409600749070355952594968537/456744006999629652583714566825290881826816,32.51588662021102,30385040379381811715328457640422526336262149/913488013999259305167429133650581763653632,33.26265907568487,0.2897692836336978
client,bank,lloyd,1,pooled_SSE,5,0,1203383500295180893765373374029977860588462781/850705917302346158658436518579420528640,1414570.5064697356,11210639404022016463042551515601411433962734066473944223018211963589269694077441333333/72370055773322622139731865630429942408293740416025352524660990004945706024960,154907154.40562826,14851436346060826409600749070355952594968537/10633823966279326983230456482242756608,1396622.3621113037,30385040379381811715328457640422526336262149/21267647932558653966460912964485513216,1428697.7326188167,12446.170270634588
client,bank,lloyd,2,Phi_A,5,0,3966223887835199321891820641538283984419732253/116362958192284116965935580757367457589493760,34.08493518428096,24814128796539747824689684959934987505007719365274485065886448735643265845684988403347/84627112745370383063260502913249442293072859905521915446899373497095182528997081743360,0.2932172443505374,24148115606964019638677269258835743804251749/727268488701775731037097379733546609934336,33.20385247279181,12545966146203124432576114026775976494393247/363634244350887865518548689866773304967168,34.50160797863946,0.5414953779586096
client,bank,lloyd,2,Phi_B,5,0,1077792925647753702185050456273498821582862667/35190641257495772137528348402163741355933696,30.627260178675453,810476232264354632003435493942077760349604717704233737305850306931146827393822685185441/1238381232113763618923198140588856196861316547414153774763981278230750589322267948220416,0.6544642402896982,5503862983158351091834358196799848498163721/183284589882790479882960147927936152895488,30.029054743107658,70483291511616986873347817202372377928663127/2199415078593485758595521775135233834745856,32.04638005696072,0.8089896416454899
client,bank,lloyd,2,Phi,5,0,3966223887835199321891820641538283984419732253/116362958192284116965935580757367457589493760,34.08493518428096,24814128796539747824689684959934987505007719365274485065886448735643265845684988403347/84627112745370383063260502913249442293072859905521915446899373497095182528997081743360,0.2932172443505374,24148115606964019638677269258835743804251749/727268488701775731037097379733546609934336,33.20385247279181,12545966146203124432576114026775976494393247/363634244350887865518548689866773304967168,34.50160797863946,0.5414953779586096
client,bank,lloyd,2,G,5,0,48670817402429426816997773593288052097576671767723/752111980275828390009324626225244562129692917760,64.71219536295641,144829089534466055632529506645352117321423207817986250434954002481110906353335870407050357549337/905075889399084917082131243073909312789442612556989417042892520759869773516042712251363397468160,0.16001872465150266,9652056566398481594224742964186243801793795579757/150422396055165678001864925245048912425938583552,64.16635301340833,1226887040035261384518612608681020779227265791369/18802799506895709750233115655631114053242322944,65.25023252975254,0.4000234051296282
client,bank,lloyd,2,population_average,5,0,2338797129018491958204268230726444523083511397/73079041119940744413394330692046541092290560,32.00366470572525,3242086388146010065608667831541421229802467722844161952027109172541475388254064995732183/34179496006463937097598160985999606072642815533458289327433878213459242485910191776727040,0.09485471604183032,926881561427887197751324888244501803736399011/29231616447976297765357732276818616436916224,31.70818702679219,118779522725545026150702355720043865537166625/3653952055997037220669716534602327054614528,32.50713772519224,0.30798492827057355
client,bank,lloyd,2,pooled_SSE,5,0,2338797129018491958204268230726444523083511397/1701411834604692317316873037158841057280,1374621.406440311,3242086388146010065608667831541421229802467722844161952027109172541475388254064995732183/18526734277970591267771357601390065256523197546502490246313213441266100742389760,174995028.23878935,926881561427887197751324888244501803736399011/680564733841876926926749214863536422912,1361930.0491747782,118779522725545026150702355720043865537166625/85070591730234615865843651857942052864,1396246.579572457,13228.568639077674
client,credit,fair,0,Phi_A,5,0,7528931151433/447280578560,16.8326806759016,3801064510540862422147/1250374474731052072960,3.039940903590861,670087797153/44728057856,14.981374762801416,420684018515/22364028928,18.810743800652983,1.743542630276318
client,credit,fair,0,Phi_B,5,0,10284349629443/511054970880,20.123764008662487,15657627951817278015343/17411812217410509864960,0.8992532056003235,1279395013915/68140662784,18.77579350777041,2907748782879/136281325568,21.336369974095437,0.9482896211602885
client,credit,fair,0,Phi,5,0,10284349629443/511054970880,20.123764008662487,15657627951817278015343/17411812217410509864960,0.8992532056003235,1279395013915/68140662784,18.77579350777041,2907748782879/136281325568,21.336369974095437,0.9482896211602885
client,credit,fair,0,G,5,0,402817132126031081/10899780418928640,36.95644468456409,6762339931336224204976509005999/990043443173834990830045102080,6.83034666605925,24562416331860857/726652027928576,33.802171311459055,1823311352493763/45415751745536,40.14711377474842,2.61349319227337
client,credit,fair,0,population_average,5,0,9733265933841/498300092416,19.53294025423398,140189940633412369690913/124151491050897070358528,1.129184510365165,9020571475029/498300092416,18.102688745837682,10405982422697/498300092416,20.88296305995803,1.0626309379860748
client,credit,fair,0,pooled_SSE,5,0,9733265933841/16777216,580147.8584910035,140189940633412369690913/140737488355328,996109439.4371085,9020571475029/16777216,537667.958440125,10405982422697/16777216,620244.8858438134,31561.201489124403
client,credit,fair,1,Phi_A,5,0,3211125942493488928830495039119005856835707/234114268441605662862801729913056529481728,13.716062518822637,59609040180794305024656962143942913058291038891425835352444510244284698665151999625085/52671920551118217515518367739162226661757196744331621426049983229500608771270717210624,1.1317043228553552,23192156578377910476067702360719431783209/1771860918381292858580774811353699319808,13.089151827766152,112968468056875274869334092919173749162937593/7257542321689775548746853627304752413933568,15.565664387413836,1.0638159252687258
client,credit,fair,1,Phi_B,5,0,760859222428987752248005992630638977032111097/55282273329975662774259838723365063633141760,13.763168129636732,1781738107675218060102313473353826394804963316786985223359905860180260861280832679310867/1833677846718083072741446546676476882709382352805035969115589805349392572918148953538560,0.9716745560645634,852074828297921294621919527239366217914343/64783914058565229813585748503943433945088,13.152567897142463,513993238817876883955635378857400952758551275/33169363997985397664555903234019038179885056,15.49602334398378,0.9857355406317474
client,credit,fair,1,Phi,5,0,283759188031830869959699698870399789280389286267/20565005678750946552024660005091803671528734720,13.798157533456394,160276414649506129012406674139173973245160936479410997005531559767178641056748819270637024458001/156395615778098299825942858218116079918748401575682602790039900174598887335997925243400560312320,1.024813987605088,852074828297921294621919527239366217914343/64783914058565229813585748503943433945088,13.152567897142463,112968468056875274869334092919173749162937593/7257542321689775548746853627304752413933568,15.565664387413836,1.0123309674237413
client,credit,fair,1,G,5,0,261287666412158946231107586746288326924905348489/9508551012755813997172692260418790944900382720,27.47923064845937,72559186410606423571364816131364249412900690799534162842749275922387757630013000673994378800721/17377290642010922202882539802012897768749822397298066976671100019399876370666436138155617812480,4.175517801100079,3022433375546139953922375034337817369748458747/115142609920089935122013070341008796598403072,26.24947773585936,5493540547454913118542250350415006973460221602117/176859048837258140347412076043789511575147118592,31.061687731397615,2.0434083784452093
client,credit,fair,1,population_average,5,0,695075547093363510178186177238840709726466969/50533632899593966516628446076654738242273280,13.754711609086558,508585591808440244901978281350599119623986509688668244091583738334499308495422237999841/510729610806185143202510428531970088543526564320370044243548240487438732859524440391680,0.9958020468122838,1038010710143833769275695304633924536166465/78958801405615572682231946994773028503552,13.146231853387913,156740426718688039706242367944143675480372217/10106726579918793303325689215330947648454656,15.508525483425855,0.9978988159188705
client,credit,fair,1,pooled_SSE,5,0,695075547093363510178186177238840709726466969/1701411834604692317316873037158841057280,408528.68950147985,508585591808440244901978281350599119623986509688668244091583738334499308495422237999841/578960446186580977117854925043439539266349923328202820197287920039565648199680,878446179.11003,1038010710143833769275695304633924536166465/2658455991569831745807614120560689152,390456.2322774744,156740426718688039706242367944143675480372217/340282366920938463463374607431768211456,460618.7153832313,29638.59273160637
client,credit,fair,2,Phi_A,5,0,1470822440069958878439074834965686329526249/113399098776402742949169587926636756467712,12.97031859988664,113120029121416026807941555805411045365072936361520100692854776549614214781067391/6429677801650173036562300749409451496796532805704543631109617093444898531649257472,0.017593421103058046,728918634364720490111534771485221463672915/56699549388201371474584793963318378233856,12.8558100060739,5812420142768731078005118907446449095303/442965229595323214645193702838424829952,13.121617125747646,0.13264019414588493
client,credit,fair,2,Phi_B,5,0,26909178492337532482744359574202936498615401/2073085249874087354034743952126189886242816,12.980256597731286,21668007913186254678355291188679961940520888956348488275103483660940753949428546647/1432560817748502400579255114590997564616704963128934350871554535429212947592303869952,0.015125366856843804,1665825363778704073820631159723721203434327/129567828117130459627171497007886867890176,12.856782335448143,13320720441388328574969749621213401477957/1012248657165081715837277320374116155392,13.159533823136433,0.12298523023860956
client,credit,fair,2,Phi,5,0,35950233188155013315184991186753178576332612105/2763422638082158442928313688184211118361673728,13.009314135569511,135733791296459377571623520521366002066587119863128150795056615302431544982849582601391751/7636504676664956046188616123931449214782636795687627089357417000712836295703023693525417984,0.017774334861762643,364555383151990074555505915902682097684187/28349774694100685737292396981659189116928,12.859198603361406,13320720441388328574969749621213401477957/1012248657165081715837277320374116155392,13.159533823136433,0.13332042177312012
client,credit,fair,2,G,5,0,35856203486175379354090022982845662258439745707/1381711319041079221464156844092105559180836864,25.950575197617926,35456618111571041134642488958187935518381032389540441730932014279342432372021975069986363/636375389722079670515718010327620767898553066307302257446451416726069691308585307793784832,0.055716513687079874,17766030971698896248454729008279341495177784567/690855659520539610732078422046052779590418432,25.715980938809547,283695029246096343563384152616182231364372255/10794619680008431417688725344469574681100288,26.28115094888408,0.23604345720032122
client,credit,fair,2,population_average,5,0,32792468252617367996500658914065681816720397/2526681644979698325831422303832736912113664,12.978472502767895,90249637982708979721675341424583568882713654999220697267263646945235946571907971513/6384120135077314290031380356649626106794082054004625553044353006092984160744055504896,0.014136582030597396,1015190373465347074188068537813201650559257/78958801405615572682231946994773028503552,12.857216110085815,32453861025545388227944618149873252051217/2467462543925486646319748343586657140736,13.152726919985799,0.11889735922465812
client,credit,fair,2,pooled_SSE,5,0,32792468252617367996500658914065681816720397/85070591730234615865843651857942052864,385473.61180470925,90249637982708979721675341424583568882713654999220697267263646945235946571907971513/7237005577332262213973186563042994240829374041602535252466099000494570602496,12470577.370478855,1015190373465347074188068537813201650559257/2658455991569831745807614120560689152,381872.1756856588,32453861025545388227944618149873252051217/83076749736557242056487941267521536,390649.1422504982,3531.3704663315707
client,credit,lloyd,0,Phi_A,5,0,7528931151433/447280578560,16.8326806759016,3801064510540862422147/1250374474731052072960,3.039940903590861,670087797153/44728057856,14.981374762801416,420684018515/22364028928,18.810743800652983,1.743542630276318
client,credit,lloyd,0,Phi_B,5,0,10284349629443/511054970880,20.123764008662487,15657627951817278015343/17411812217410509864960,0.8992532056003235,1279395013915/68140662784,18.77579350777041,2907748782879/136281325568,21.336369974095437,0.9482896211602885
client,credit,lloyd,0,Phi,5,0,10284349629443/511054970880,20.123764008662487,15657627951817278015343/17411812217410509864960,0.8992532056003235,1279395013915/68140662784,18.77579350777041,2907748782879/136281325568,21.336369974095437,0.9482896211602885
client,credit,lloyd,0,G,5,0,402817132126031081/10899780418928640,36.95644468456409,6762339931336224204976509005999/990043443173834990830045102080,6.83034666605925,24562416331860857/726652027928576,33.802171311459055,1823311352493763/45415751745536,40.14711377474842,2.61349319227337
client,credit,lloyd,0,population_average,5,0,9733265933841/498300092416,19.53294025423398,140189940633412369690913/124151491050897070358528,1.129184510365165,9020571475029/498300092416,18.102688745837682,10405982422697/498300092416,20.88296305995803,1.0626309379860748
client,credit,lloyd,0,pooled_SSE,5,0,9733265933841/16777216,580147.8584910035,140189940633412369690913/140737488355328,996109439.4371085,9020571475029/16777216,537667.958440125,10405982422697/16777216,620244.8858438134,31561.201489124403
client,credit,lloyd,1,Phi_A,5,0,516731451135144462314498155893282400319386413/36287711608448877743734268136523762069667840,14.239846720310512,271438533136199330733853902587316959714440347992237985162372864675933042188701731396599/263359602755591087577591838695811133308785983721658107130249916147503043856353586053120,1.0306764222609563,11864338498209284247228639217162993866873/885930459190646429290387405676849659904,13.391952353741296,113330170068837070078152009072061584912597241/7257542321689775548746853627304752413933568,15.615502472529899,1.015222351143313
client,credit,lloyd,1,Phi_B,5,0,281437803671146246833681529186383017756772521/20730852498740873540347439521261898862428160,13.575794998697708,782461017544273138079675544105166229671773446437405861159639475997054277492943834037923/687629192519281152278042455003678831016018382301888488418346177006022214844305857576960,1.1379112842454444,107832739535858994416125830373655049038798533/8292340999496349416138975808504759544971264,13.003895949576654,128337149864711184193252386169242447405332269/8292340999496349416138975808504759544971264,15.476588561964103,1.06672924598768
client,credit,lloyd,1,Phi,5,0,516731451135144462314498155893282400319386413/36287711608448877743734268136523762069667840,14.239846720310512,271438533136199330733853902587316959714440347992237985162372864675933042188701731396599/263359602755591087577591838695811133308785983721658107130249916147503043856353586053120,1.0306764222609563,11864338498209284247228639217162993866873/885930459190646429290387405676849659904,13.391952353741296,113330170068837070078152009072061584912597241/7257542321689775548746853627304752413933568,15.615502472529899,1.015222351143313
client,credit,lloyd,1,G,5,0,24597239686108749707079524869937752818816016154173/884295244186290701737060380218947557875735592960,27.81564171900822,594284633145475833711503410217676215023755521023031158183695582225229703599184705290188815000719/156395615778098299825942858218116079918748401575682602790039900174598887335997925243400560312320,3.799880387879132,570924647428855323437713500730650410803033157/21589239360016862835377450688939149362200576,26.444870887216354,5498917646722050697208173201294671680996008799161/176859048837258140347412076043789511575147118592,31.092091034494,1.949328188858698
client,credit,lloyd,1,population_average,5,0,2768233880504314436983950389384346542373566581/202134531598375866066513784306618952969093120,13.695007273693145,8494616310346180441213392225410669361996692239737964255019765232978078952442712837301141/8171673772898962291240166856511521416696425029125920707896771847799019725752391046266880,1.039519754021293,66237737605728731931831768972070760942406849/5053363289959396651662844607665473824227328,13.10765401279134,89525538503954543835880221964147339219132331/5775272331382167601900393837331970084831232,15.501526744891844,1.01956841556675
client,credit,lloyd,1,pooled_SSE,5,0,2768233880504314436983950389384346542373566581/6805647338418769269267492148635364229120,406755.41103596013,8494616310346180441213392225410669361996692239737964255019765232978078952442712837301141/9263367138985295633885678800695032628261598773251245123156606720633050371194880,917011728.337551,66237737605728731931831768972070760942406849/170141183460469231731687303715884105728,389310.4318339156,626678769527681806851161553749031374533926317/1361129467683753853853498429727072845824,460410.84585003264,30282.201510748044
client,credit,lloyd,2,Phi_A,5,0,3882444500356870043054326110737384029630693/283497746941006857372923969816591891169280,13.694798432259743,4060287204638957001007501860218209786599308420416906679508344937358455344275444889/16074194504125432591405751873523628741991332014261359077774042733612246329123143680,0.2525966202285836,47166798664648821564236248015900781258781/3543721836762585717161549622707398639616,13.309960780595206,403016183406000663194678827318581940199/27685326849707700915324606427401551872,14.557031802218209,0.5025899125814043
client,credit,lloyd,2,Phi_B,5,0,22005384208670398574854554639464238914435489/1727571041561739461695619960105158238535680,12.737759362287838,70906868350742425134645869146623957360446193733723569246942898765665473784381955229/5372103066556884002172206679716240867312643611733503815768329507859548553471139512320,0.013199089345876684,8531354801472579054692100011786227292333/674832438110054477224851546916077436928,12.642182443638328,418665845338771642108621978652500577500699/32391957029282614906792874251971716972544,12.924993848327658,0.11488728974902612
client,credit,lloyd,2,Phi,5,0,3882444500356870043054326110737384029630693/283497746941006857372923969816591891169280,13.694798432259743,4060287204638957001007501860218209786599308420416906679508344937358455344275444889/16074194504125432591405751873523628741991332014261359077774042733612246329123143680,0.2525966202285836,47166798664648821564236248015900781258781/3543721836762585717161549622707398639616,13.309960780595206,403016183406000663194678827318581940199/27685326849707700915324606427401551872,14.557031802218209,0.5025899125814043
client,credit,lloyd,2,G,5,0,15217568456639124165002853082981400236408156519/575713049600449675610065351705043982992015360,26.43255779454758,60775565211523640384917274532766963890373981067306628544450329389208328376848844024751217/298300963932224845554242817341072234952446749831547933178024101590345167800899363028336640,0.20373908421339224,9015383142496412454750044071456974314622209555/345427829760269805366039211023026389795209216,26.09918010587964,24467097781590721428426073772946405381625797/899551640000702618140727112039131223425024,27.19921424585654,0.45137466057964776
client,credit,lloyd,2,population_average,5,0,11649418661062667985254424051620321837404177/902386301778463687796936537083120325754880,12.909569480502382,62928244780146056452664116831800512672470371160037950432740688171254236390157902421/7980150168846642862539225445812032633492602567505781941305441257616230200930069381120,0.007885596567569476,16176573221669641115891741593501943699572879/1263340822489849162915711151916368456056832,12.804599466506687,512999442668069285237094474684302140018261/39479400702807786341115973497386514251776,12.994104103297207,0.08880088156977653
client,credit,lloyd,2,pooled_SSE,5,0,81545930627438675896780968361342252861829239/212676479325586539664609129644855132160,383427.12314040127,62928244780146056452664116831800512672470371160037950432740688171254236390157902421/9046256971665327767466483203803742801036717552003169065582623750618213253120,6956274.288609069,16176573221669641115891741593501943699572879/42535295865117307932921825928971026432,380309.4087547151,512999442668069285237094474684302140018261/1329227995784915872903807060280344576,385937.88597203034,2637.4749835039324
