population,dataset,seed,method,T_from,T_to,metric,before_exact,before,after_exact,after,change_exact,change,relative_change_exact,relative_change,relative_status
record,adult,10000,fair,0,1,Phi_A,4985542345207/40995127296,121.61304706311894,1323224670745919742044988971431569329785041595/13303679417141010167564093652152409995083776,99.46306050046745,-98225440107832237006491778112386518678187799/4434559805713670055854697884050803331694592,-22.1499865626515,-294676320323496711019475334337159556034563397/1617900991069416453064464305768728885819604992,-0.18213495260220997,defined
record,adult,10000,fair,0,1,Phi_B,662141124699/6325010432,104.68617116408892,74041298191957338120133172097770879492502851/769718713975162804354153362010659694313472,96.19266992948089,-6537606847448957111521870559662370732952253/769718713975162804354153362010659694313472,-8.493501234608038,-6537606847448957111521870559662370732952253/80578905039406295231655042657433250225455104,-0.08113298194176015,defined
record,adult,10000,fair,0,1,Phi,4985542345207/40995127296,121.61304706311894,1323224670745919742044988971431569329785041595/13303679417141010167564093652152409995083776,99.46306050046745,-98225440107832237006491778112386518678187799/4434559805713670055854697884050803331694592,-22.1499865626515,-294676320323496711019475334337159556034563397/1617900991069416453064464305768728885819604992,-0.18213495260220997,defined
record,adult,10000,fair,0,1,G,6994982604690091/30910325981184,226.29921822720786,981308799890005757941748591618776688102109258431/5015487140262160833171663306861458568146583552,195.65573042994833,-51230672993311888197672903203956386773649093739/1671829046754053611057221102287152856048861184,-30.64348779725954,-153692018979935664593018709611869160320947281217/1135000818869941422534767301230645848423056539648,-0.13541137277148263,defined
record,adult,10000,fair,0,1,population_average,27848895057287/252765536256,110.17678861520798,3988711405656383914369783166951320991515144231/41013553120246871124313614684536158990368768,97.2534955448009,-176676722277219722344754224828334967473614835/13671184373415623708104538228178719663456256,-12.923293070407082,-530030166831659167034262674485004902420844505/4518741572488043081404045841436325893935988736,-0.1172959679877913,defined
record,adult,10000,fair,0,1,pooled_SSE,27848895057287/8388608,3319846.994553447,3988711405656383914369783166951320991515144231/1361129467683753853853498429727072845824,2930442.3277559406,-530030166831659167034262674485004902420844505/1361129467683753853853498429727072845824,-389404.6667975062,-530030166831659167034262674485004902420844505/4518741572488043081404045841436325893935988736,-0.1172959679877913,defined
record,adult,10000,fair,1,2,Phi_A,1323224670745919742044988971431569329785041595/13303679417141010167564093652152409995083776,99.46306050046745,107784095507486981331309453318789880891284107/1108639951428417513963674471012700832923648,97.22191173844448,-29815524656075966069275531606090759089632311/13303679417141010167564093652152409995083776,-2.241148762022964,-29815524656075966069275531606090759089632311/1323224670745919742044988971431569329785041595,-0.02253247336997469,defined
record,adult,10000,fair,1,2,Phi_B,74041298191957338120133172097770879492502851/769718713975162804354153362010659694313472,96.19266992948089,224742072307285233151415180732730376488680441/2309156141925488413062460086031979082940416,97.32649439629674,163636108213326174438479027463608625698243/144322258870343025816403755376998692683776,1.1338244668158528,2618177731413218791015664439417738011171888/222123894575872014360399516293312638477508553,0.011787015243958431,defined
record,adult,10000,fair,1,2,Phi,1323224670745919742044988971431569329785041595/13303679417141010167564093652152409995083776,99.46306050046745,224742072307285233151415180732730376488680441/2309156141925488413062460086031979082940416,97.32649439629674,-10715919819788216346087069678211259595546763463/5015487140262160833171663306861458568146583552,-2.136566104170709,-10715919819788216346087069678211259595546763463/498855700871211742750960842229701637328960681315,-0.021481001021084287,defined
record,adult,10000,fair,1,2,G,981308799890005757941748591618776688102109258431/5015487140262160833171663306861458568146583552,195.65573042994833,423504786947610516470363602155249912710756605/2176860737961007306064089976936396947980288,194.5484061347412,-5553770762711127994030852253080889216526040511/5015487140262160833171663306861458568146583552,-1.1073242952071114,-5553770762711127994030852253080889216526040511/981308799890005757941748591618776688102109258431,-0.005659554630849786,defined
record,adult,10000,fair,1,2,population_average,3988711405656383914369783166951320991515144231/41013553120246871124313614684536158990368768,97.2534955448009,83131541953693053620681158512880064344991137/854449023338476481756533639261169978966016,97.29257063093605,1602608120882659422912441666922097044430345/41013553120246871124313614684536158990368768,0.03907508613516129,1602608120882659422912441666922097044430345/3988711405656383914369783166951320991515144231,0.0004017859298143265,defined
record,adult,10000,fair,1,2,pooled_SSE,3988711405656383914369783166951320991515144231/1361129467683753853853498429727072845824,2930442.3277559406,249394625861079160862043475538640193034973411/85070591730234615865843651857942052864,2931619.7382513653,1602608120882659422912441666922097044430345/1361129467683753853853498429727072845824,1177.4104954246798,1602608120882659422912441666922097044430345/3988711405656383914369783166951320991515144231,0.0004017859298143265,defined
record,adult,10000,fair,0,2,Phi_A,4985542345207/40995127296,121.61304706311894,107784095507486981331309453318789880891284107/1108639951428417513963674471012700832923648,97.22191173844448,-81122961244893169272187716485812578781048927/3325919854285252541891023413038102498770944,-24.391135324674465,-81122961244893169272187716485812578781048927/404475247767354113266116076442182221454901248,-0.20056347500293376,defined
record,adult,10000,fair,0,2,Phi_B,662141124699/6325010432,104.68617116408892,224742072307285233151415180732730376488680441/2309156141925488413062460086031979082940416,97.32649439629674,-16994642810933652543549947239569374187684871/2309156141925488413062460086031979082940416,-7.359676767792186,-16994642810933652543549947239569374187684871/241736715118218885694965127972299750676365312,-0.07030228239273706,defined
record,adult,10000,fair,0,2,Phi,4985542345207/40995127296,121.61304706311894,224742072307285233151415180732730376488680441/2309156141925488413062460086031979082940416,97.32649439629674,-30452223145436619100107317680830103055144291033/1253871785065540208292915826715364642036645888,-24.28655266682221,-30452223145436619100107317680830103055144291033/152487168408292500701325760818702697488497770496,-0.19970351252047105,defined
record,adult,10000,fair,0,2,G,6994982604690091/30910325981184,226.29921822720786,423504786947610516470363602155249912710756605/2176860737961007306064089976936396947980288,194.5484061347412,-622053866182214033543162351034961131005755163/19591746641649065754576809792427572531822592,-31.75081209246665,-622053866182214033543162351034961131005755163/4433596948710708681776434770432210345402564608,-0.14030455934049382,defined
record,adult,10000,fair,0,2,population_average,27848895057287/252765536256,110.17678861520798,83131541953693053620681158512880064344991137/854449023338476481756533639261169978966016,97.29257063093605,-33026722419423531725709389551130175336025885/2563347070015429445269600917783509936898048,-12.88421798427192,-33026722419423531725709389551130175336025885/282421348280502692587752865089770368370999296,-0.11694130992753841,defined
record,adult,10000,fair,0,2,pooled_SSE,27848895057287/8388608,3319846.994553447,249394625861079160862043475538640193034973411/85070591730234615865843651857942052864,2931619.7382513653,-33026722419423531725709389551130175336025885/85070591730234615865843651857942052864,-388227.2563020815,-33026722419423531725709389551130175336025885/282421348280502692587752865089770368370999296,-0.11694130992753841,defined
record,adult,10001,fair,0,1,Phi_A,780195769757/6559891456,118.93424990186301,947545922159917081928947107726305844634079/9783118048976980824572019963663336079360,96.85520683858066,-3672032039841139962845894472974752253493297/166313006832608674017724339382276713349120,-22.07904306328236,-3672032039841139962845894472974752253493297/19780312716559730355637995304321951612272640,-0.1856407475685144,defined
record,adult,10001,fair,0,1,Phi_B,35687437245291/341533786112,104.4916746057678,82891102724766531810656945197176765973491487/865891017926193037590489610436063185076224,95.72925577088273,-7587299764434279725430893746987008550277345/865891017926193037590489610436063185076224,-8.76241883488507,-7587299764434279725430893746987008550277345/90478402489200811536087838944163774523768832,-0.08385757877787324,defined
record,adult,10001,fair,0,1,Phi,780195769757/6559891456,118.93424990186301,947545922159917081928947107726305844634079/9783118048976980824572019963663336079360,96.85520683858066,-3672032039841139962845894472974752253493297/166313006832608674017724339382276713349120,-22.07904306328236,-3672032039841139962845894472974752253493297/19780312716559730355637995304321951612272640,-0.1856407475685144,defined
record,adult,10001,fair,0,1,G,14918116623926015/66769855184896,223.4259245076308,38354145964105734353278673667335064253118988213/199154934123024398645812610400294532567531520,192.58446260946337,-104417898313984119950088668337066235055947465979/3385633880091414776978814376805007053648035840,-30.841461898167427,-104417898313984119950088668337066235055947465979/756438379703781603955826120681762327358970265600,-0.13803886888297998,defined
record,adult,10001,fair,0,1,population_average,862380179519/7898923008,109.176931924211,246323608833126015585274394551089528740879689/2563347070015429445269600917783509936898048,96.09452099346161,-33534759728074259265091259858847778368021175/2563347070015429445269600917783509936898048,-13.082410930749383,-33534759728074259265091259858847778368021175/279858368561200274850365654409937307108900864,-0.11982761101796667,defined
record,adult,10001,fair,0,1,pooled_SSE,862380179519/262144,3289719.312740326,246323608833126015585274394551089528740879689/85070591730234615865843651857942052864,2895520.1065749857,-33534759728074259265091259858847778368021175/85070591730234615865843651857942052864,-394199.20616534044,-33534759728074259265091259858847778368021175/279858368561200274850365654409937307108900864,-0.11982761101796667,defined
record,adult,10001,fair,1,2,Phi_A,947545922159917081928947107726305844634079/9783118048976980824572019963663336079360,96.85520683858066,249597747816920814964283708766660629887426121/2661008109321738784283589430116427413585920,93.79819134806789,-8134743010576631320389904534894559853043367/2661008109321738784283589430116427413585920,-3.0570154905127613,-8134743010576631320389904534894559853043367/257732490827497446284673613301555189740469488,-0.03156273772258417,defined
record,adult,10001,fair,1,2,Phi_B,82891102724766531810656945197176765973491487/865891017926193037590489610436063185076224,95.72925577088273,2603268360525043299396816379587225302182673291/27708512573638177202895667533954021922439168,93.95193457630012,-49246926667485718544205866722431208969054293/27708512573638177202895667533954021922439168,-1.7773211945826044,-49246926667485718544205866722431208969054293/2652515287192529017941022246309656511151727584,-0.018566123597956553,defined
record,adult,10001,fair,1,2,Phi,947545922159917081928947107726305844634079/9783118048976980824572019963663336079360,96.85520683858066,2603268360525043299396816379587225302182673291/27708512573638177202895667533954021922439168,93.95193457630012,-9251215938170933158607336699219619516447710783/3186478945968390378333001766404712521080504320,-2.903272262280532,-9251215938170933158607336699219619516447710783/308627077398550912589241220351750529267455139248,-0.02997538652846139,defined
record,adult,10001,fair,1,2,G,38354145964105734353278673667335064253118988213/199154934123024398645812610400294532567531520,192.58446260946337,5085225498567758340274349740727967954192729914551/27085071040731318215830515014440056429184286720,187.750125924368,-130938352550621531771549878029600784231452482417/27085071040731318215830515014440056429184286720,-4.834336685095366,-130938352550621531771549878029600784231452482417/5216163851118379872045899618757568738424182396968,-0.025102423215203926,defined
record,adult,10001,fair,1,2,population_average,246323608833126015585274394551089528740879689/2563347070015429445269600917783509936898048,96.09452099346161,160469045817068640592426455142522018817491829/1708898046676952963513067278522339957932032,93.90205935872511,-11240080215046109393269423674613001029283891/5126694140030858890539201835567019873796096,-2.1924616347365036,-11240080215046109393269423674613001029283891/492647217666252031170548789102179057481759378,-0.02281567785623991,defined
record,adult,10001,fair,1,2,pooled_SSE,246323608833126015585274394551089528740879689/85070591730234615865843651857942052864,2895520.1065749857,481407137451205921777279365427566056452475487/170141183460469231731687303715884105728,2829456.8525971053,-11240080215046109393269423674613001029283891/170141183460469231731687303715884105728,-66063.25397788032,-11240080215046109393269423674613001029283891/492647217666252031170548789102179057481759378,-0.02281567785623991,defined
record,adult,10001,fair,0,2,Phi_A,780195769757/6559891456,118.93424990186301,249597747816920814964283708766660629887426121/2661008109321738784283589430116427413585920,93.79819134806789,-66887255648034870725924216102490595908936119/2661008109321738784283589430116427413585920,-25.13605855379512,-66887255648034870725924216102490595908936119/316485003464955685690207924869151225796362240,-0.2113441550649691,defined
record,adult,10001,fair,0,2,Phi_B,35687437245291/341533786112,104.4916746057678,2603268360525043299396816379587225302182673291/27708512573638177202895667533954021922439168,93.95193457630012,-292040519129382669757994466626015482577929333/27708512573638177202895667533954021922439168,-10.539740029467675,-292040519129382669757994466626015482577929333/2895308879654425969154810846213240784760602624,-0.10086679220361443,defined
record,adult,10001,fair,0,2,Phi,780195769757/6559891456,118.93424990186301,2603268360525043299396816379587225302182673291/27708512573638177202895667533954021922439168,93.95193457630012,-270659114141928648654957340893657207553883967155/10834028416292527286332206005776022571673714688,-24.98231532556289,-270659114141928648654957340893657207553883967155/1288537043107220578719112545312262300707309223936,-0.21005148093317702,defined
record,adult,10001,fair,0,2,G,14918116623926015/66769855184896,223.4259245076308,5085225498567758340274349740727967954192729914551/27085071040731318215830515014440056429184286720,187.750125924368,-966281539062494491372259224726130664679032210249/27085071040731318215830515014440056429184286720,-35.6757985832628,-966281539062494491372259224726130664679032210249/6051507037630252831646608965454098618871762124800,-0.1596761819913353,defined
record,adult,10001,fair,0,2,population_average,862380179519/7898923008,109.176931924211,160469045817068640592426455142522018817491829/1708898046676952963513067278522339957932032,93.90205935872511,-78309599671194627923451943392308557765326241/5126694140030858890539201835567019873796096,-15.274872565485888,-78309599671194627923451943392308557765326241/559716737122400549700731308819874614217801728,-0.13990934070293784,defined
record,adult,10001,fair,0,2,pooled_SSE,862380179519/262144,3289719.312740326,481407137451205921777279365427566056452475487/170141183460469231731687303715884105728,2829456.8525971053,-78309599671194627923451943392308557765326241/170141183460469231731687303715884105728,-460262.4601432207,-78309599671194627923451943392308557765326241/559716737122400549700731308819874614217801728,-0.13990934070293784,defined
record,adult,10002,fair,0,1,Phi_A,858082880689/7130316800,120.34288303838056,2589581372187126731401318224019091124425576379/26610081093217387842835894301164274135859200,97.3158015984845,-612752504455755461362457962339495197729108037/26610081093217387842835894301164274135859200,-23.027081439896072,-612752504455755461362457962339495197729108037/3202333876642882192763776186358586322154684416,-0.1913456023199321,defined
record,adult,10002,fair,0,1,Phi_B,9687653701665/85383446528,113.46056051377715,10664994540393859956506169302249310637717429445/110834050294552708811582670135816087689756672,96.22489218837133,-1910298930038258474457874779777878741509235515/110834050294552708811582670135816087689756672,-17.235668325405825,-382059786007651694891574955955575748301847103/2515058694086423686192808816405437875845332992,-0.1519088945741014,defined
record,adult,10002,fair,0,1,Phi,858082880689/7130316800,120.34288303838056,2589581372187126731401318224019091124425576379/26610081093217387842835894301164274135859200,97.3158015984845,-612752504455755461362457962339495197729108037/26610081093217387842835894301164274135859200,-23.027081439896072,-612752504455755461362457962339495197729108037/3202333876642882192763776186358586322154684416,-0.1913456023199321,defined
record,adult,10002,fair,0,1,G,33937004495016473/145151859097600,233.80344355215772,209682537619576658817121075102200287523550789519481/1083402841629252728633220600577602257167371468800,193.54069378685583,-43620777507535604441736839451018972178595681777543/1083402841629252728633220600577602257167371468800,-40.2627497653019,-43620777507535604441736839451018972178595681777543/253303315127112263258857914553219259702146471297024,-0.17220768502633255,defined
record,adult,10002,fair,0,1,population_average,58486521062507/505531072512,115.69322687107167,15844157284768113419308805750287492886568582203/164054212480987484497254458738144635961475072,96.57878968883118,-1045267979649923132394263568152289712322483863/54684737493662494832418152912714878653825024,-19.114437182240493,-3135803938949769397182790704456869136967451589/18979961223717882816491596454744362023536033792,-0.16521656193012568,defined
record,adult,10002,fair,0,1,pooled_SSE,58486521062507/16777216,3486068.3120791316,15844157284768113419308805750287492886568582203/5444517870735015415413993718908291383296,2910112.090903861,-3135803938949769397182790704456869136967451589/5444517870735015415413993718908291383296,-575956.2211752705,-3135803938949769397182790704456869136967451589/18979961223717882816491596454744362023536033792,-0.16521656193012568,defined
record,adult,10002,fair,1,2,Phi_A,2589581372187126731401318224019091124425576379/26610081093217387842835894301164274135859200,97.3158015984845,321447687722458852979290908032304534432212199/3326260136652173480354486787645534266982400,96.63937110041871,-17999870407455907566990959760654848967878787/26610081093217387842835894301164274135859200,-0.6764304980657828,-5999956802485302522330319920218282989292929/863193790729042243800439408006363708141858793,-0.0069508804012802464,defined
record,adult,10002,fair,1,2,Phi_B,10664994540393859956506169302249310637717429445/110834050294552708811582670135816087689756672,96.22489218837133,167077760758356551350328739069665390768910085/1731782035852386075180979220872126370152448,96.47736106473734,27982148140959329914869998209274371492815995/110834050294552708811582670135816087689756672,0.2524688763660079,5596429628191865982973999641854874298563199/2132998908078771991301233860449862127543485889,0.0026237376901578745,defined
record,adult,10002,fair,1,2,Phi,2589581372187126731401318224019091124425576379/26610081093217387842835894301164274135859200,97.3158015984845,321447687722458852979290908032304534432212199/3326260136652173480354486787645534266982400,96.63937110041871,-17999870407455907566990959760654848967878787/26610081093217387842835894301164274135859200,-0.6764304980657828,-5999956802485302522330319920218282989292929/863193790729042243800439408006363708141858793,-0.0069508804012802464,defined
record,adult,10002,fair,1,2,G,209682537619576658817121075102200287523550789519481/1083402841629252728633220600577602257167371468800,193.54069378685583,13076451024617836027897278712437540186500928058543/67712677601828295539576287536100141072960716800,193.11673216515604,-459321225691282370764615703199644539535940582793/1083402841629252728633220600577602257167371468800,-0.4239616216997749,-459321225691282370764615703199644539535940582793/209682537619576658817121075102200287523550789519481,-0.002190555450662376,defined
record,adult,10002,fair,1,2,population_average,15844157284768113419308805750287492886568582203/164054212480987484497254458738144635961475072,96.57878968883118,989758730755885058380605864310966097507852539/10253388280061717781078403671134039747592192,96.52991808381292,-8017592673952485219111921312035326442941579/164054212480987484497254458738144635961475072,-0.04887160501825979,-8017592673952485219111921312035326442941579/15844157284768113419308805750287492886568582203,-0.0005060283440672639,defined
record,adult,10002,fair,1,2,pooled_SSE,15844157284768113419308805750287492886568582203/5444517870735015415413993718908291383296,2910112.090903861,989758730755885058380605864310966097507852539/340282366920938463463374607431768211456,2908639.4917014507,-8017592673952485219111921312035326442941579/5444517870735015415413993718908291383296,-1472.5992024102038,-8017592673952485219111921312035326442941579/15844157284768113419308805750287492886568582203,-0.0005060283440672639,defined
record,adult,10002,fair,0,2,Phi_A,858082880689/7130316800,120.34288303838056,321447687722458852979290908032304534432212199/3326260136652173480354486787645534266982400,96.63937110041871,-78844046857901421116181115262518755837123353/3326260136652173480354486787645534266982400,-23.703511937961853,-78844046857901421116181115262518755837123353/400291734580360274095472023294823290269335552,-0.19696646232417558,defined
record,adult,10002,fair,0,2,Phi_B,9687653701665/85383446528,113.46056051377715,167077760758356551350328739069665390768910085/1731782035852386075180979220872126370152448,96.47736106473734,-29411199717145299133484449712009443281506555/1731782035852386075180979220872126370152448,-16.98319944903982,-5882239943429059826696889942401888656301311/39297792095100370096762637756334966810083328,-0.14968372597610782,defined
record,adult,10002,fair,0,2,Phi,858082880689/7130316800,120.34288303838056,321447687722458852979290908032304534432212199/3326260136652173480354486787645534266982400,96.63937110041871,-78844046857901421116181115262518755837123353/3326260136652173480354486787645534266982400,-23.703511937961853,-78844046857901421116181115262518755837123353/400291734580360274095472023294823290269335552,-0.19696646232417558,defined
record,adult,10002,fair,0,2,G,33937004495016473/145151859097600,233.80344355215772,13076451024617836027897278712437540186500928058543/67712677601828295539576287536100141072960716800,193.11673216515604,-2755006170826680425781340947138663544883226397521/67712677601828295539576287536100141072960716800,-40.68671138700167,-2755006170826680425781340947138663544883226397521/15831457195444516453678619659576203731384154456064,-0.17402100999391454,defined
record,adult,10002,fair,0,2,population_average,58486521062507/505531072512,115.69322687107167,989758730755885058380605864310966097507852539/10253388280061717781078403671134039747592192,96.52991808381292,-196488845726482617650118914110556528963149573/10253388280061717781078403671134039747592192,-19.163308787258753,-196488845726482617650118914110556528963149573/1186247576482367676030724778421522626471002112,-0.16563898601094695,defined
record,adult,10002,fair,0,2,pooled_SSE,58486521062507/16777216,3486068.3120791316,989758730755885058380605864310966097507852539/340282366920938463463374607431768211456,2908639.4917014507,-196488845726482617650118914110556528963149573/340282366920938463463374607431768211456,-577428.8203776807,-196488845726482617650118914110556528963149573/1186247576482367676030724778421522626471002112,-0.16563898601094695,defined
record,adult,10003,fair,0,1,Phi_A,9402226117903/81990254592,114.67492282699168,1284735134457420585222091160482233981477970003/13303679417141010167564093652152409995083776,96.56991078739576,-240863276018262375600394972834292738451185581/13303679417141010167564093652152409995083776,-18.105012039595916,-240863276018262375600394972834292738451185581/1525598410475682960822486133316526719929155584,-0.15788117919129255,defined
record,adult,10003,fair,0,1,Phi_B,11615037456829/113850187776,102.02036275672695,10763962975577971769431544084449721278424717357/110839494812423443826998084129534995981139968,97.11306419967094,-18755948033028367530016203162598213016642735/3822051545255980821620623590673620551073792,-4.90729855705601,-543922492957822658370469891715348177482639315/11307885468535794427802013976165069455907356672,-0.048101167496901846,defined
record,adult,10003,fair,0,1,Phi,9402226117903/81990254592,114.67492282699168,10763962975577971769431544084449721278424717357/110839494812423443826998084129534995981139968,97.11306419967094,-352325104417717014653199609755922742258292779055/20061948561048643332686653227445834272586334208,-17.56185862732074,-352325104417717014653199609755922742258292779055/2300602402997329904920309089041322293653166620672,-0.15314471720915,defined
record,adult,10003,fair,0,1,G,13396243831957009/61820651962368,216.69528558371863,3885657881341403132782022949292608395463652606141/20061948561048643332686653227445834272586334208,193.6829749870667,-5306572315642592684717823786604499651824661749/230597109897110842904444289970641773248118784,-23.012310596651925,-461671791460905563570450669434591469708745572163/4347329672802308696352473618727199865172398178304,-0.10619663706417504,defined
record,adult,10003,fair,0,1,population_average,53649564606293/505531072512,106.12515733149024,5300967837802551370106636242126219068112199123/54684737493662494832418152912714878653825024,96.9368800283057,-1507375597030872160772049783052519131287381639/164054212480987484497254458738144635961475072,-9.188277303184545,-1507375597030872160772049783052519131287381639/17410279110438526271091958509431176335623979008,-0.08657963421890855,defined
record,adult,10003,fair,0,1,pooled_SSE,53649564606293/16777216,3197763.240712464,15902903513407654110319908726378657204336597369/5444517870735015415413993718908291383296,2920902.0690129073,-1507375597030872160772049783052519131287381639/5444517870735015415413993718908291383296,-276861.17169955675,-1507375597030872160772049783052519131287381639/17410279110438526271091958509431176335623979008,-0.08657963421890855,defined
record,adult,10003,fair,1,2,Phi_A,1284735134457420585222091160482233981477970003/13303679417141010167564093652152409995083776,96.56991078739576,79025249772108867044630700129500769306619775/831479963571313135472755853259525624692736,95.0416765699143,-20331138103678712507999958410221672572053603/13303679417141010167564093652152409995083776,-1.5282342174814612,-20331138103678712507999958410221672572053603/1284735134457420585222091160482233981477970003,-0.015825159255308384,defined
record,adult,10003,fair,1,2,Phi_B,10763962975577971769431544084449721278424717357/110839494812423443826998084129534995981139968,97.11306419967094,836613534600857702315311113036488115545541/8847341539944400050047739793225973497856,94.56100805238218,-282868614098426474825326460328598166870179709/110839494812423443826998084129534995981139968,-2.5520561472887655,-40409802014060924975046637189799738124311387/1537708996511138824204506297778531611203531051,-0.026279225852060106,defined
record,adult,10003,fair,1,2,Phi,10763962975577971769431544084449721278424717357/110839494812423443826998084129534995981139968,97.11306419967094,79025249772108867044630700129500769306619775/831479963571313135472755853259525624692736,95.0416765699143,-41556072078170146214259946560804989564751910417/20061948561048643332686653227445834272586334208,-2.071387629756638,-312451669760677791084661252336879620787608349/14648701493079796167421875784100748506728374749,-0.021329649587595412,defined
record,adult,10003,fair,1,2,G,3885657881341403132782022949292608395463652606141/20061948561048643332686653227445834272586334208,193.6829749870667,8197843331744052677535721816143357424615287167/43236958105708283044583304369495332484022272,189.60268462229647,-27286191804054230135149342200696850147386453551/6687316187016214444228884409148611424195444736,-4.080290364770226,-81858575412162690405448026602090550442159360653/3885657881341403132782022949292608395463652606141,-0.02106685094568942,defined
record,adult,10003,fair,1,2,population_average,5300967837802551370106636242126219068112199123/54684737493662494832418152912714878653825024,96.9368800283057,971169396680907049091411402025573271698637703/10253388280061717781078403671134039747592192,94.71692382599026,-364193166513141324857326293969484857158394121/164054212480987484497254458738144635961475072,-2.2199562023154282,-364193166513141324857326293969484857158394121/15902903513407654110319908726378657204336597369,-0.022901048617071214,defined
record,adult,10003,fair,1,2,pooled_SSE,15902903513407654110319908726378657204336597369/5444517870735015415413993718908291383296,2920902.0690129073,971169396680907049091411402025573271698637703/340282366920938463463374607431768211456,2854010.3487247387,-364193166513141324857326293969484857158394121/5444517870735015415413993718908291383296,-66891.7202881685,-364193166513141324857326293969484857158394121/15902903513407654110319908726378657204336597369,-0.022901048617071214,defined
record,adult,10003,fair,0,2,Phi_A,9402226117903/81990254592,114.67492282699168,79025249772108867044630700129500769306619775/831479963571313135472755853259525624692736,95.0416765699143,-1813850098069035334086075911420238965439161/92386662619034792830306205917725069410304,-19.633246257077378,-16324650882621318006774683202782150688952449/95349900654730185051405383332282919995572224,-0.17120784364248284,defined
record,adult,10003,fair,0,2,Phi_B,11615037456829/113850187776,102.02036275672695,836613534600857702315311113036488115545541/8847341539944400050047739793225973497856,94.56100805238218,-17224814730338523608245757334248882174017063/2309156141925488413062460086031979082940416,-7.459354704344776,-17224814730338523608245757334248882174017063/235580947261162383912541957836772280331403264,-0.0731163319045631,defined
record,adult,10003,fair,0,2,Phi,9402226117903/81990254592,114.67492282699168,79025249772108867044630700129500769306619775/831479963571313135472755853259525624692736,95.0416765699143,-1813850098069035334086075911420238965439161/92386662619034792830306205917725069410304,-19.633246257077378,-16324650882621318006774683202782150688952449/95349900654730185051405383332282919995572224,-0.17120784364248284,defined
record,adult,10003,fair,0,2,G,13396243831957009/61820651962368,216.69528558371863,8197843331744052677535721816143357424615287167/43236958105708283044583304369495332484022272,189.60268462229647,-11323549309855588624497889500764208753143852767/417957261688513402764305275571788214012215296,-27.092600961422153,-33970647929566765873493668502292626259431558301/271708104550144293522029601170449991573274886144,-0.1250262592859,defined
record,adult,10003,fair,0,2,population_average,53649564606293/505531072512,106.12515733149024,971169396680907049091411402025573271698637703/10253388280061717781078403671134039747592192,94.71692382599026,-38991015907166947617278668271291749759286995/3417796093353905927026134557044679915864064,-11.408233505499974,-116973047721500842851836004813875249277860985/1088142444402407891943247406839448520976498688,-0.1074979184234843,defined
record,adult,10003,fair,0,2,pooled_SSE,53649564606293/16777216,3197763.240712464,971169396680907049091411402025573271698637703/340282366920938463463374607431768211456,2854010.3487247387,-116973047721500842851836004813875249277860985/340282366920938463463374607431768211456,-343752.8919877252,-116973047721500842851836004813875249277860985/1088142444402407891943247406839448520976498688,-0.1074979184234843,defined
record,adult,10004,fair,0,1,Phi_A,20063486062439/163913400320,122.4029641461287,1315971944457812180777325832265803193571462239/13298234899270275152148679658433501703700480,98.95839217955344,-311771425124364665902219729799422545722749857/13298234899270275152148679658433501703700480,-23.44457196657526,-311771425124364665902219729799422545722749857/1627743369582176846679545562065225739294212096,-0.19153598223803106,defined
record,adult,10004,fair,0,1,Phi_B,17214640749203/170808836096,100.78308091466548,1309379060164435206436034378440619120631844485/13857659110488297986082467513051328643334144,94.48775220436903,-87238519255758049690132607602800797276336507/13857659110488297986082467513051328643334144,-6.295328710296443,-87238519255758049690132607602800797276336507/1396617579420193256126166986043419917908180992,-0.06246414232590083,defined
record,adult,10004,fair,0,1,Phi,20063486062439/163913400320,122.4029641461287,1315971944457812180777325832265803193571462239/13298234899270275152148679658433501703700480,98.95839217955344,-311771425124364665902219729799422545722749857/13298234899270275152148679658433501703700480,-23.44457196657526,-311771425124364665902219729799422545722749857/1627743369582176846679545562065225739294212096,-0.19153598223803106,defined
record,adult,10004,fair,0,1,G,372453391721404769/1668802328657920,223.18604506079416,26190543784331517779374010175662991122324177673709/135389329509470671324025707602511480845374586880,193.44614438392247,-4026465212319912809023094645367284727393123967507/135389329509470671324025707602511480845374586880,-29.739900676871702,-4026465212319912809023094645367284727393123967507/30217008996651430588397104821030275849717301641216,-0.1332516137770656,defined
record,adult,10004,fair,0,1,population_average,6054751951205/56170119168,107.79311208323695,3934730064786682593649394589147041434835151209/41013553120246871124313614684536158990368768,95.93731255740074,-486248463635880765282484945005024140275422871/41013553120246871124313614684536158990368768,-11.855799525836202,-486248463635880765282484945005024140275422871/4420978528422563358931879534152065575110574080,-0.10998661506944203,defined
record,adult,10004,fair,0,1,pooled_SSE,54492767560845/16777216,3248022.0532920957,3934730064786682593649394589147041434835151209/1361129467683753853853498429727072845824,2890783.1019795993,-486248463635880765282484945005024140275422871/1361129467683753853853498429727072845824,-357238.95131249644,-486248463635880765282484945005024140275422871/4420978528422563358931879534152065575110574080,-0.10998661506944203,defined
record,adult,10004,fair,1,2,Phi_A,1315971944457812180777325832265803193571462239/13298234899270275152148679658433501703700480,98.95839217955344,4018419646062913364007300133528286293892603/41556984060219609850464623932604692824064,96.69661398526614,-30077657717679904294989789536751579525829279/13298234899270275152148679658433501703700480,-2.261778194287302,-30077657717679904294989789536751579525829279/1315971944457812180777325832265803193571462239,-0.022855850266680317,defined
record,adult,10004,fair,1,2,Phi_B,1309379060164435206436034378440619120631844485/13857659110488297986082467513051328643334144,94.48775220436903,83536363886139318093948586093636301206579869/866103694405518624130154219565708040208384,96.45076499007143,27202762013793883067142999057561698673433419/13857659110488297986082467513051328643334144,1.9630127857024005,9067587337931294355714333019187232891144473/436459686721478402145344792813539706877281495,0.020775314682654,defined
record,adult,10004,fair,1,2,Phi,1315971944457812180777325832265803193571462239/13298234899270275152148679658433501703700480,98.95839217955344,4018419646062913364007300133528286293892603/41556984060219609850464623932604692824064,96.69661398526614,-30077657717679904294989789536751579525829279/13298234899270275152148679658433501703700480,-2.261778194287302,-30077657717679904294989789536751579525829279/1315971944457812180777325832265803193571462239,-0.022855850266680317,defined
record,adult,10004,fair,1,2,G,26190543784331517779374010175662991122324177673709/135389329509470671324025707602511480845374586880,193.44614438392247,163438088349891155695704413932385631795069714299/846183309434191695775160672515696755283591168,193.14737897533757,-40449648348932868061303946481290035113023385869/135389329509470671324025707602511480845374586880,-0.2987654085849015,-40449648348932868061303946481290035113023385869/26190543784331517779374010175662991122324177673709,-0.0015444371328071414,defined
record,adult,10004,fair,1,2,population_average,3934730064786682593649394589147041434835151209/41013553120246871124313614684536158990368768,95.93731255740074,123720560346768451734021587428919164145505899/1281673535007714722634800458891754968449024,96.53047907088425,24327866309907861839296208578371817821037559/41013553120246871124313614684536158990368768,0.5931665134835171,24327866309907861839296208578371817821037559/3934730064786682593649394589147041434835151209,0.006182855217344312,defined
record,adult,10004,fair,1,2,pooled_SSE,3934730064786682593649394589147041434835151209/1361129467683753853853498429727072845824,2890783.1019795993,123720560346768451734021587428919164145505899/42535295865117307932921825928971026432,2908656.3953638845,24327866309907861839296208578371817821037559/1361129467683753853853498429727072845824,17873.293384285338,24327866309907861839296208578371817821037559/3934730064786682593649394589147041434835151209,0.006182855217344312,defined
record,adult,10004,fair,0,2,Phi_A,20063486062439/163913400320,122.4029641461287,4018419646062913364007300133528286293892603/41556984060219609850464623932604692824064,96.69661398526614,-5341391919406946409331398739627720707009049/207784920301098049252323119663023464120320,-25.706350160862563,-5341391919406946409331398739627720707009049/25433490149721513229367899407269152176472064,-0.2100141147739974,defined
record,adult,10004,fair,0,2,Phi_B,17214640749203/170808836096,100.78308091466548,83536363886139318093948586093636301206579869/866103694405518624130154219565708040208384,96.45076499007143,-3752234827622760413936850534077443662681443/866103694405518624130154219565708040208384,-4.332315924594043,-3752234827622760413936850534077443662681443/87288598713762078507885436627713744869261312,-0.042986539856449506,defined
record,adult,10004,fair,0,2,Phi,20063486062439/163913400320,122.4029641461287,4018419646062913364007300133528286293892603/41556984060219609850464623932604692824064,96.69661398526614,-5341391919406946409331398739627720707009049/207784920301098049252323119663023464120320,-25.706350160862563,-5341391919406946409331398739627720707009049/25433490149721513229367899407269152176472064,-0.2100141147739974,defined
record,adult,10004,fair,0,2,G,372453391721404769/1668802328657920,223.18604506079416,163438088349891155695704413932385631795069714299/846183309434191695775160672515696755283591168,193.14737897533757,-127091089395901427408887455995267961328317104793/4230916547170958478875803362578483776417955840,-30.038666085456605,-127091089395901427408887455995267961328317104793/944281531145357205887409525657196120303665676288,-0.13459025216954895,defined
record,adult,10004,fair,0,2,population_average,6054751951205/56170119168,107.79311208323695,123720560346768451734021587428919164145505899/1281673535007714722634800458891754968449024,96.53047907088425,-14435018666436653232599648013332885076699541/1281673535007714722634800458891754968449024,-11.262633012352685,-14435018666436653232599648013332885076699541/138155579013205104966621235442252049222205440,-0.10448379116891786,defined
record,adult,10004,fair,0,2,pooled_SSE,54492767560845/16777216,3248022.0532920957,123720560346768451734021587428919164145505899/42535295865117307932921825928971026432,2908656.3953638845,-14435018666436653232599648013332885076699541/42535295865117307932921825928971026432,-339365.65792821115,-14435018666436653232599648013332885076699541/138155579013205104966621235442252049222205440,-0.10448379116891786,defined
record,adult,10000,lloyd,0,1,Phi_A,4985542345207/40995127296,121.61304706311894,87554855607307446403083055492784638145663632451/851435482697024650724101993737754239685361664,102.83204938789592,-15990807821135206593042660076414010546791087037/851435482697024650724101993737754239685361664,-18.780997675223016,-15990807821135206593042660076414010546791087037/103545663428442652996125715569198648692454719488,-0.15443242422398482,defined
record,adult,10000,lloyd,0,1,Phi_B,662141124699/6325010432,104.68617116408892,156201298165757770033176367788126639440764004005/1773431916998775101231969346072559935698239488,88.07854232718518,-29452499045034334180556850494599569078684555611/1773431916998775101231969346072559935698239488,-16.60762883690374,-29452499045034334180556850494599569078684555611/185653797210792104213733218282726208519448559616,-0.15864205035135287,defined
record,adult,10000,lloyd,0,1,Phi,4985542345207/40995127296,121.61304706311894,87554855607307446403083055492784638145663632451/851435482697024650724101993737754239685361664,102.83204938789592,-15990807821135206593042660076414010546791087037/851435482697024650724101993737754239685361664,-18.780997675223016,-15990807821135206593042660076414010546791087037/103545663428442652996125715569198648692454719488,-0.15443242422398482,defined
record,adult,10000,lloyd,0,1,G,6994982604690091/30910325981184,226.29921822720786,15320153882989265917491808622607682579923368539733/80247794244194573330746612909783337090345336832,190.9105917150811,-946619739643265614354822732360883664948512031545/26749264748064857776915537636594445696781778944,-35.388626512126756,-2839859218929796843064468197082650994845536094635/18160013101919062760556276819690333574768904634368,-0.15637980011312294,defined
record,adult,10000,lloyd,0,1,population_average,27848895057287/252765536256,110.17678861520798,10156506407211050684844142636704636566101151519/109369474987324989664836305825429757307650048,92.86417813003222,-5680413358271192596699938821376697453184455331/328108424961974968994508917476289271922950144,-17.312610485175764,-5680413358271192596699938821376697453184455331/36149932579904344651232366731490607151487909888,-0.1571348257902124,defined
record,adult,10000,lloyd,0,1,pooled_SSE,27848895057287/8388608,3319846.994553447,30469519221633152054532427910113909698303454557/10889035741470030830827987437816582766592,2798183.415414131,-5680413358271192596699938821376697453184455331/10889035741470030830827987437816582766592,-521663.57913931605,-5680413358271192596699938821376697453184455331/36149932579904344651232366731490607151487909888,-0.1571348257902124,defined
record,adult,10000,lloyd,1,2,Phi_A,87554855607307446403083055492784638145663632451/851435482697024650724101993737754239685361664,102.83204938789592,21721241579050868747677614178107035839708569793/212858870674256162681025498434438559921340416,102.04527304991431,-669889291103971412372598780356494786829353279/851435482697024650724101993737754239685361664,-0.7867763379816122,-39405252417880671316035222373911458048785487/5150285623959261553122532676046155185039037203,-0.007651080987541045,defined
record,adult,10000,lloyd,1,2,Phi_B,156201298165757770033176367788126639440764004005/1773431916998775101231969346072559935698239488,88.07854232718518,38800205138835798186000357142869959133241486349/443357979249693775307992336518139983924559872,87.51439458583421,-1000477610414577289174939216646802907798058609/1773431916998775101231969346072559935698239488,-0.5641477413509686,-1000477610414577289174939216646802907798058609/156201298165757770033176367788126639440764004005,-0.006405053108796125,defined
record,adult,10000,lloyd,1,2,Phi,87554855607307446403083055492784638145663632451/851435482697024650724101993737754239685361664,102.83204938789592,21721241579050868747677614178107035839708569793/212858870674256162681025498434438559921340416,102.04527304991431,-669889291103971412372598780356494786829353279/851435482697024650724101993737754239685361664,-0.7867763379816122,-39405252417880671316035222373911458048785487/5150285623959261553122532676046155185039037203,-0.007651080987541045,defined
record,adult,10000,lloyd,1,2,G,15320153882989265917491808622607682579923368539733/80247794244194573330746612909783337090345336832,190.9105917150811,7605872602715728494770262594002907557343419920565/40123897122097286665373306454891668545172668416,189.55966763574853,-108408677557808927951283434601867465236528698603/80247794244194573330746612909783337090345336832,-1.3509240793325807,-108408677557808927951283434601867465236528698603/15320153882989265917491808622607682579923368539733,-0.007076213358286206,defined
record,adult,10000,lloyd,1,2,population_average,10156506407211050684844142636704636566101151519/109369474987324989664836305825429757307650048,92.86417813003222,1120767531812716054327369839277351758758334373/12152163887480554407204033980603306367516672,92.22781573636915,-34799310448303097948907041604235368638071081/54684737493662494832418152912714878653825024,-0.636362393663059,-69598620896606195897814083208470737276142162/10156506407211050684844142636704636566101151519,-0.006852614285478287,defined
record,adult,10000,lloyd,1,2,pooled_SSE,30469519221633152054532427910113909698303454557/10889035741470030830827987437816582766592,2798183.415414131,30260723358943333466838985660488497486475028071/10889035741470030830827987437816582766592,2779008.5437682755,-104397931344909293846721124812706105914213243/5444517870735015415413993718908291383296,-19174.871645855295,-69598620896606195897814083208470737276142162/10156506407211050684844142636704636566101151519,-0.006852614285478287,defined
record,adult,10000,lloyd,0,2,Phi_A,4985542345207/40995127296,121.61304706311894,21721241579050868747677614178107035839708569793/212858870674256162681025498434438559921340416,102.04527304991431,-1388391426019931500451271571397542111135036693/70952956891418720893675166144812853307113472,-19.567774013204627,-4165174278059794501353814714192626333405110079/25886415857110663249031428892299662173113679872,-0.16090193022668586,defined
record,adult,10000,lloyd,0,2,Phi_B,662141124699/6325010432,104.68617116408892,38800205138835798186000357142869959133241486349/443357979249693775307992336518139983924559872,87.51439458583421,-7613244163862227867432947427811592996620653555/443357979249693775307992336518139983924559872,-17.171776578254708,-7613244163862227867432947427811592996620653555/46413449302698026053433304570681552129862139904,-0.16403099270236027,defined
record,adult,10000,lloyd,0,2,Phi,4985542345207/40995127296,121.61304706311894,21721241579050868747677614178107035839708569793/212858870674256162681025498434438559921340416,102.04527304991431,-1388391426019931500451271571397542111135036693/70952956891418720893675166144812853307113472,-19.567774013204627,-4165174278059794501353814714192626333405110079/25886415857110663249031428892299662173113679872,-0.16090193022668586,defined
record,adult,10000,lloyd,0,2,G,6994982604690091/30910325981184,226.29921822720786,7605872602715728494770262594002907557343419920565/40123897122097286665373306454891668545172668416,189.55966763574853,-1474133948243802885507875815842259230041032396619/40123897122097286665373306454891668545172668416,-36.739550591459334,-1474133948243802885507875815842259230041032396619/9080006550959531380278138409845166787384452317184,-0.16234943664088256,defined
record,adult,10000,lloyd,0,2,population_average,27848895057287/252765536256,110.17678861520798,1120767531812716054327369839277351758758334373/12152163887480554407204033980603306367516672,92.22781573636915,-5889209220961011184393381071002109665012881817/328108424961974968994508917476289271922950144,-17.94897287883882,-5889209220961011184393381071002109665012881817/36149932579904344651232366731490607151487909888,-0.16291065572373453,defined
record,adult,10000,lloyd,0,2,pooled_SSE,27848895057287/8388608,3319846.994553447,30260723358943333466838985660488497486475028071/10889035741470030830827987437816582766592,2779008.5437682755,-5889209220961011184393381071002109665012881817/10889035741470030830827987437816582766592,-540838.4507851714,-5889209220961011184393381071002109665012881817/36149932579904344651232366731490607151487909888,-0.16291065572373453,defined
record,adult,10001,lloyd,0,1,Phi_A,780195769757/6559891456,118.93424990186301,1341115621454334674585432439101494960033943857/13305040546608693921417947150582137067929600,100.79755989891892,-241309395870443753865607185244261168947867343/13305040546608693921417947150582137067929600,-18.136690002944096,-241309395870443753865607185244261168947867343/1582425017324778428451039624345756128981811200,-0.15249341563014304,defined
record,adult,10001,lloyd,0,1,Phi_B,35687437245291/341533786112,104.4916746057678,2425410299938121949658477108093156405613144263/27708512573638177202895667533954021922439168,87.5330385740609,-469898579716304019496333738120084379147458361/27708512573638177202895667533954021922439168,-16.9586360317069,-469898579716304019496333738120084379147458361/2895308879654425969154810846213240784760602624,-0.16229652836639297,defined
record,adult,10001,lloyd,0,1,Phi,780195769757/6559891456,118.93424990186301,1341115621454334674585432439101494960033943857/13305040546608693921417947150582137067929600,100.79755989891892,-241309395870443753865607185244261168947867343/13305040546608693921417947150582137067929600,-18.136690002944096,-241309395870443753865607185244261168947867343/1582425017324778428451039624345756128981811200,-0.15249341563014304,defined
record,adult,10001,lloyd,0,1,G,14918116623926015/66769855184896,223.4259245076308,25504738193920516514223630947199868383139740133887/135425355203656591079152575072200282145921433600,188.3305984729798,-4752796994230747644009413880070624711219070490113/135425355203656591079152575072200282145921433600,-35.095326034650995,-4752796994230747644009413880070624711219070490113/30257535188151264158233044827270493094358810624000,-0.1570781282968457,defined
record,adult,10001,lloyd,0,1,population_average,862380179519/7898923008,109.176931924211,470815740174057078030488693399331420705886015/5126694140030858890539201835567019873796096,91.83612817815246,-9877888549815941296693623935615910390212857/569632682225650987837689092840779985977344,-17.340803746058537,-88900996948343471670242615420543193511915713/559716737122400549700731308819874614217801728,-0.15883212177180675,defined
record,adult,10001,lloyd,0,1,pooled_SSE,862380179519/262144,3289719.312740326,470815740174057078030488693399331420705886015/170141183460469231731687303715884105728,2767206.21426409,-88900996948343471670242615420543193511915713/170141183460469231731687303715884105728,-522513.0984762359,-88900996948343471670242615420543193511915713/559716737122400549700731308819874614217801728,-0.15883212177180675,defined
record,adult,10001,lloyd,1,2,Phi_A,1341115621454334674585432439101494960033943857/13305040546608693921417947150582137067929600,100.79755989891892,266374934972830010465956346611667184924362587/2661008109321738784283589430116427413585920,100.10301510908435,-4620473295092311127825353021579517706065461/6652520273304346960708973575291068533964800,-0.694544789834559,-9240946590184622255650706043159035412130922/1341115621454334674585432439101494960033943857,-0.006890492096545368,defined
record,adult,10001,lloyd,1,2,Phi_B,2425410299938121949658477108093156405613144263/27708512573638177202895667533954021922439168,87.5330385740609,150829178063991764353231150161394204861516187/1731782035852386075180979220872126370152448,87.0947815264485,-12143450914253720006778705510849127828885271/27708512573638177202895667533954021922439168,-0.43825704761239964,-12143450914253720006778705510849127828885271/2425410299938121949658477108093156405613144263,-0.005006761501162723,defined
record,adult,10001,lloyd,1,2,Phi,1341115621454334674585432439101494960033943857/13305040546608693921417947150582137067929600,100.79755989891892,266374934972830010465956346611667184924362587/2661008109321738784283589430116427413585920,100.10301510908435,-4620473295092311127825353021579517706065461/6652520273304346960708973575291068533964800,-0.694544789834559,-9240946590184622255650706043159035412130922/1341115621454334674585432439101494960033943857,-0.006890492096545368,defined
record,adult,10001,lloyd,1,2,G,25504738193920516514223630947199868383139740133887/135425355203656591079152575072200282145921433600,188.3305984729798,10140531241083562912024543725022119611573475512919/54170142081462636431661030028880112858368573440,187.19779663553285,-306820182423218468324543269289138708412102703179/270850710407313182158305150144400564291842867200,-1.1328018374469586,-34091131380357607591615918809904300934678078131/5667719598649003669827473543822192974031053363086,-0.0060149643585903235,defined
record,adult,10001,lloyd,1,2,population_average,470815740174057078030488693399331420705886015/5126694140030858890539201835567019873796096,91.83612817815246,3745141523888018281981480135640643202406071927/41013553120246871124313614684536158990368768,91.3147298627775,-21384397504438342262429411554008163241016193/41013553120246871124313614684536158990368768,-0.5213983153749646,-21384397504438342262429411554008163241016193/3766525921392456624243909547194651365647088120,-0.005677485818691164,defined
record,adult,10001,lloyd,1,2,pooled_SSE,470815740174057078030488693399331420705886015/170141183460469231731687303715884105728,2767206.21426409,3745141523888018281981480135640643202406071927/1361129467683753853853498429727072845824,2751495.4402252114,-21384397504438342262429411554008163241016193/1361129467683753853853498429727072845824,-15710.774038878433,-21384397504438342262429411554008163241016193/3766525921392456624243909547194651365647088120,-0.005677485818691164,defined
record,adult,10001,lloyd,0,2,Phi_A,780195769757/6559891456,118.93424990186301,266374934972830010465956346611667184924362587/2661008109321738784283589430116427413585920,100.10301510908435,-50110068492125675224251578257484040871999653/2661008109321738784283589430116427413585920,-18.831234792778655,-50110068492125675224251578257484040871999653/316485003464955685690207924869151225796362240,-0.15833315305151371,defined
record,adult,10001,lloyd,0,2,Phi_B,35687437245291/341533786112,104.4916746057678,150829178063991764353231150161394204861516187/1731782035852386075180979220872126370152448,87.0947815264485,-30127626914409858718944527726933344186021477/1731782035852386075180979220872126370152448,-17.396893079319298,-30127626914409858718944527726933344186021477/180956804978401623072175677888327549047537664,-0.16649070985755848,defined
record,adult,10001,lloyd,0,2,Phi,780195769757/6559891456,118.93424990186301,266374934972830010465956346611667184924362587/2661008109321738784283589430116427413585920,100.10301510908435,-50110068492125675224251578257484040871999653/2661008109321738784283589430116427413585920,-18.831234792778655,-50110068492125675224251578257484040871999653/316485003464955685690207924869151225796362240,-0.15833315305151371,defined
record,adult,10001,lloyd,0,2,G,14918116623926015/66769855184896,223.4259245076308,10140531241083562912024543725022119611573475512919/54170142081462636431661030028880112858368573440,187.19779663553285,-1962482834176942751268674205886077626170048736681/54170142081462636431661030028880112858368573440,-36.22812787209795,-1962482834176942751268674205886077626170048736681/12103014075260505663293217930908197237743524249600,-0.16214827331221643,defined
record,adult,10001,lloyd,0,2,population_average,862380179519/7898923008,109.176931924211,3745141523888018281981480135640643202406071927/41013553120246871124313614684536158990368768,91.3147298627775,-732592373091186115624370334918353711336341897/41013553120246871124313614684536158990368768,-17.862202061433504,-732592373091186115624370334918353711336341897/4477733896979204397605850470558996913742413824,-0.16360784047158586,defined
record,adult,10001,lloyd,0,2,pooled_SSE,862380179519/262144,3289719.312740326,3745141523888018281981480135640643202406071927/1361129467683753853853498429727072845824,2751495.4402252114,-732592373091186115624370334918353711336341897/1361129467683753853853498429727072845824,-538223.8725151143,-732592373091186115624370334918353711336341897/4477733896979204397605850470558996913742413824,-0.16360784047158586,defined
record,adult,10002,lloyd,0,1,Phi_A,858082880689/7130316800,120.34288303838056,335657011158759535115194315757296825747168559/3326260136652173480354486787645534266982400,100.911232846807,-64634723421600738980277707537526464522166993/3326260136652173480354486787645534266982400,-19.43165019157357,-64634723421600738980277707537526464522166993/400291734580360274095472023294823290269335552,-0.16146904329503473,defined
record,adult,10002,lloyd,0,1,Phi_B,9687653701665/85383446528,113.46056051377715,304189454683624560546361720138160179073229957/3463564071704772150361958441744252740304896,87.82556014155153,-88788466267379140421264657425189489027603323/3463564071704772150361958441744252740304896,-25.635000372225626,-29596155422459713473754885808396496342534441/130992640317001233655875459187783222700277760,-0.22593754390198742,defined
record,adult,10002,lloyd,0,1,Phi,858082880689/7130316800,120.34288303838056,335657011158759535115194315757296825747168559/3326260136652173480354486787645534266982400,100.911232846807,-64634723421600738980277707537526464522166993/3326260136652173480354486787645534266982400,-19.43165019157357,-64634723421600738980277707537526464522166993/400291734580360274095472023294823290269335552,-0.16146904329503473,defined
record,adult,10002,lloyd,0,1,G,33937004495016473/145151859097600,233.80344355215772,12779873615223728015021382314572322982616756014913/67712677601828295539576287536100141072960716800,188.73679298835853,-3051583580220788438657237345003880748767398441151/67712677601828295539576287536100141072960716800,-45.0666505637992,-3051583580220788438657237345003880748767398441151/15831457195444516453678619659576203731384154456064,-0.19275443457592004,defined
record,adult,10002,lloyd,0,1,population_average,58486521062507/505531072512,115.69322687107167,944035920526008656207917756033617183893628473/10253388280061717781078403671134039747592192,92.07063018980163,-26912406217373224424756335820878382508597071/1139265364451301975675378185681559971954688,-23.622596681270036,-242211655956359019822807022387905442577373639/1186247576482367676030724778421522626471002112,-0.20418305652062949,defined
record,adult,10002,lloyd,0,1,pooled_SSE,58486521062507/16777216,3486068.3120791316,944035920526008656207917756033617183893628473/340282366920938463463374607431768211456,2774272.228879103,-242211655956359019822807022387905442577373639/340282366920938463463374607431768211456,-711796.0832000287,-242211655956359019822807022387905442577373639/1186247576482367676030724778421522626471002112,-0.20418305652062949,defined
record,adult,10002,lloyd,1,2,Phi_A,335657011158759535115194315757296825747168559/3326260136652173480354486787645534266982400,100.911232846807,5316901717161526898766451937175038239399838557/53220162186434775685671788602328548271718400,99.90389917520292,-53610461378625663076657114941710972554858387/53220162186434775685671788602328548271718400,-1.0073336716040744,-53610461378625663076657114941710972554858387/5370512178540152561843109052116749211954696944,-0.009982374044852908,defined
record,adult,10002,lloyd,1,2,Phi_B,304189454683624560546361720138160179073229957/3463564071704772150361958441744252740304896,87.82556014155153,9645515528305015384135908206650974117141283879/110834050294552708811582670135816087689756672,87.02664481421623,-88547021570970553347666837770151613202074745/110834050294552708811582670135816087689756672,-0.7989153273353079,-88547021570970553347666837770151613202074745/9734062549875985937483575044421125730343358624,-0.009096615222808349,defined
record,adult,10002,lloyd,1,2,Phi,335657011158759535115194315757296825747168559/3326260136652173480354486787645534266982400,100.911232846807,5316901717161526898766451937175038239399838557/53220162186434775685671788602328548271718400,99.90389917520292,-53610461378625663076657114941710972554858387/53220162186434775685671788602328548271718400,-1.0073336716040744,-53610461378625663076657114941710972554858387/5370512178540152561843109052116749211954696944,-0.009982374044852908,defined
record,adult,10002,lloyd,1,2,G,12779873615223728015021382314572322982616756014913/67712677601828295539576287536100141072960716800,188.73679298835853,101260541272719364229058582402542762717259281711037/541701420814626364316610300288801128583685734400,186.93054398941914,-978447649070459891112476114035821143674766408267/541701420814626364316610300288801128583685734400,-1.8062489989393822,-978447649070459891112476114035821143674766408267/102238988921789824120171058516578583860934048119304,-0.009570200755985048,defined
record,adult,10002,lloyd,1,2,population_average,944035920526008656207917756033617183893628473/10253388280061717781078403671134039747592192,92.07063018980163,3740604311366635570725590035956503089135280609/41013553120246871124313614684536158990368768,91.20410271208709,-11846456912466351368693662725988548813077761/13671184373415623708104538228178719663456256,-0.8665274777145456,-35539370737399054106080988177965646439233283/3776143682104034624831671024134468735574513892,-0.009411551500497148,defined
record,adult,10002,lloyd,1,2,pooled_SSE,944035920526008656207917756033617183893628473/340282366920938463463374607431768211456,2774272.228879103,3740604311366635570725590035956503089135280609/1361129467683753853853498429727072845824,2748162.022920608,-35539370737399054106080988177965646439233283/1361129467683753853853498429727072845824,-26110.205958494687,-35539370737399054106080988177965646439233283/3776143682104034624831671024134468735574513892,-0.009411551500497148,defined
record,adult,10002,lloyd,0,2,Phi_A,858082880689/7130316800,120.34288303838056,5316901717161526898766451937175038239399838557/53220162186434775685671788602328548271718400,99.90389917520292,-43510641444969499470444017421685376196381211/2128806487457391027426871544093141930868736,-20.438983863177643,-1087766036124237486761100435542134404909530275/6404667753285764385527552372717172644309368832,-0.16983957295305205,defined
record,adult,10002,lloyd,0,2,Phi_B,9687653701665/85383446528,113.46056051377715,9645515528305015384135908206650974117141283879/110834050294552708811582670135816087689756672,87.02664481421623,-2929777942127103046828135875376215262085381081/110834050294552708811582670135816087689756672,-26.433915699560934,-2929777942127103046828135875376215262085381081/12575293470432118430964044082027189379226664960,-0.23297889222353302,defined
record,adult,10002,lloyd,0,2,Phi,858082880689/7130316800,120.34288303838056,5316901717161526898766451937175038239399838557/53220162186434775685671788602328548271718400,99.90389917520292,-43510641444969499470444017421685376196381211/2128806487457391027426871544093141930868736,-20.438983863177643,-1087766036124237486761100435542134404909530275/6404667753285764385527552372717172644309368832,-0.16983957295305205,defined
record,adult,10002,lloyd,0,2,G,33937004495016473/145151859097600,233.80344355215772,101260541272719364229058582402542762717259281711037/541701420814626364316610300288801128583685734400,186.93054398941914,-1015644651633470696014814994962674685352558157499/21668056832585054572664412011552045143347429376,-46.87289956273858,-25391116290836767400370374874066867133813953937475/126651657563556131629428957276609629851073235648512,-0.20047993669640712,defined
record,adult,10002,lloyd,0,2,population_average,58486521062507/505531072512,115.69322687107167,3740604311366635570725590035956503089135280609/41013553120246871124313614684536158990368768,91.20410271208709,-334795331520945044465769692576529138916242613/13671184373415623708104538228178719663456256,-24.48912415898458,-1004385994562835133397309077729587416748727839/4744990305929470704122899113686090505884008448,-0.2116729286691538,defined
record,adult,10002,lloyd,0,2,pooled_SSE,58486521062507/16777216,3486068.3120791316,3740604311366635570725590035956503089135280609/1361129467683753853853498429727072845824,2748162.022920608,-1004385994562835133397309077729587416748727839/1361129467683753853853498429727072845824,-737906.2891585234,-1004385994562835133397309077729587416748727839/4744990305929470704122899113686090505884008448,-0.2116729286691538,defined
record,adult,10003,lloyd,0,1,Phi_A,9402226117903/81990254592,114.67492282699168,593063613361108396904511563588792160188378561/5912746407618226741139597178734404442259456,100.30256203732681,-764821121652756271149340460966977438021215287/53214717668564040670256374608609639980335104,-14.37236078966487,-764821121652756271149340460966977438021215287/6102393641902731843289944533266106879716622336,-0.12533133169270352,defined
record,adult,10003,lloyd,0,1,Phi_B,11615037456829/113850187776,102.02036275672695,38706471217037663806377591643675279809805896559/443357979249693775307992336518139983924559872,87.30297644026082,-6525070657105513904830464260984998013823530129/443357979249693775307992336518139983924559872,-14.717386316466122,-6525070657105513904830464260984998013823530129/45231541874143177711208055904660277823629426688,-0.14425930195485115,defined
record,adult,10003,lloyd,0,1,Phi,9402226117903/81990254592,114.67492282699168,593063613361108396904511563588792160188378561/5912746407618226741139597178734404442259456,100.30256203732681,-764821121652756271149340460966977438021215287/53214717668564040670256374608609639980335104,-14.37236078966487,-764821121652756271149340460966977438021215287/6102393641902731843289944533266106879716622336,-0.12533133169270352,defined
record,adult,10003,lloyd,0,1,G,13396243831957009/61820651962368,216.69528558371863,15054930650820780311742375028532312843651541107071/80247794244194573330746612909783337090345336832,187.60553847758763,-259376448932050497074168827375165179670894622905/8916421582688285925638512545531481898927259648,-29.089747106130993,-2334388040388454473667519446376486617038051606145/17389318691209234785409894474908799460689592713216,-0.134242639509997,defined
record,adult,10003,lloyd,0,1,population_average,53649564606293/505531072512,106.12515733149024,60056761298037566094940007932871797576587524755/656216849923949937989017834952578543845900288,91.51968789737363,-9584355143716538989427826104852907765908391277/656216849923949937989017834952578543845900288,-14.605469434116612,-9584355143716538989427826104852907765908391277/69641116441754105084367834037724705342495916032,-0.13762494964785102,defined
record,adult,10003,lloyd,0,1,pooled_SSE,53649564606293/16777216,3197763.240712464,60056761298037566094940007932871797576587524755/21778071482940061661655974875633165533184,2757671.235723662,-9584355143716538989427826104852907765908391277/21778071482940061661655974875633165533184,-440092.0049888018,-9584355143716538989427826104852907765908391277/69641116441754105084367834037724705342495916032,-0.13762494964785102,defined
record,adult,10003,lloyd,1,2,Phi_A,593063613361108396904511563588792160188378561/5912746407618226741139597178734404442259456,100.30256203732681,153773768696438801105478928392054441351272135183089/1549990994278672430829298562822151718111662833664,99.20945945108625,-1694299164495598492657350933365890689150174311695/1549990994278672430829298562822151718111662833664,-1.093102586240563,-1694299164495598492657350933365890689150174311695/155468067860934399598136279325420332040422309494784,-0.010898052492754606,defined
record,adult,10003,lloyd,1,2,Phi_B,38706471217037663806377591643675279809805896559/443357979249693775307992336518139983924559872,87.30297644026082,2516898636519058828345426946200027747330453637804219/29055908528107931258584585766052821986479955771392,86.62261013398623,-19768661160721506869334899759875390284985599086405/29055908528107931258584585766052821986479955771392,-0.6803663062746022,-19768661160721506869334899759875390284985599086405/2536667297679780335214761845959903137615439236890624,-0.007793162776530985,defined
record,adult,10003,lloyd,1,2,Phi,593063613361108396904511563588792160188378561/5912746407618226741139597178734404442259456,100.30256203732681,153773768696438801105478928392054441351272135183089/1549990994278672430829298562822151718111662833664,99.20945945108625,-1694299164495598492657350933365890689150174311695/1549990994278672430829298562822151718111662833664,-1.093102586240563,-1694299164495598492657350933365890689150174311695/155468067860934399598136279325420332040422309494784,-0.010898052492754606,defined
record,adult,10003,lloyd,1,2,G,15054930650820780311742375028532312843651541107071/80247794244194573330746612909783337090345336832,187.60553847758763,122164131299620812510176535162055717721459807889848077/657389930448441944725476252956945097444108999327744,185.83206958507247,-1165860591903019803617001071680989093733616859277555/657389930448441944725476252956945097444108999327744,-1.7734688925151652,-1165860591903019803617001071680989093733616859277555/123329991891523832313793536233736706815193424749125632,-0.009453179830973026,defined
record,adult,10003,lloyd,1,2,population_average,60056761298037566094940007932871797576587524755/656216849923949937989017834952578543845900288,91.51968789737363,975215638696752009573684325432129429872975713613005/10751456869153995784012068207863046862371230318592,90.70544118487351,-8754338410295473325812764540042101621834291972915/10751456869153995784012068207863046862371230318592,-0.8142467125001199,-1750867682059094665162552908008420324366858394583/196793995421409496579899417994434306298962001117184,-0.00889695683198988,defined
record,adult,10003,lloyd,1,2,pooled_SSE,60056761298037566094940007932871797576587524755/21778071482940061661655974875633165533184,2757671.235723662,975215638696752009573684325432129429872975713613005/356811923176489970264571492362373784095686656,2733136.3537826086,-8754338410295473325812764540042101621834291972915/356811923176489970264571492362373784095686656,-24534.881941053613,-1750867682059094665162552908008420324366858394583/196793995421409496579899417994434306298962001117184,-0.00889695683198988,defined
record,adult,10003,lloyd,0,2,Phi_A,9402226117903/81990254592,114.67492282699168,153773768696438801105478928392054441351272135183089/1549990994278672430829298562822151718111662833664,99.20945945108625,-215741960595000526378088864200020349714985029000583/13949918948508051877463687065399365463004965502976,-15.465463375905435,-215741960595000526378088864200020349714985029000583/1599705878862949736327399219728510321876434245648384,-0.1348635167536842,defined
record,adult,10003,lloyd,0,2,Phi_B,11615037456829/113850187776,102.02036275672695,2516898636519058828345426946200027747330453637804219/29055908528107931258584585766052821986479955771392,86.62261013398623,-447395691744788466136304205567788220118924469620549/29055908528107931258584585766052821986479955771392,-15.397752622740724,-447395691744788466136304205567788220118924469620549/2964294328263847294481731151767815967449378107424768,-0.15092822850921922,defined
record,adult,10003,lloyd,0,2,Phi,9402226117903/81990254592,114.67492282699168,153773768696438801105478928392054441351272135183089/1549990994278672430829298562822151718111662833664,99.20945945108625,-215741960595000526378088864200020349714985029000583/13949918948508051877463687065399365463004965502976,-15.465463375905435,-215741960595000526378088864200020349714985029000583/1599705878862949736327399219728510321876434245648384,-0.1348635167536842,defined
record,adult,10003,lloyd,0,2,G,13396243831957009/61820651962368,216.69528558371863,122164131299620812510176535162055717721459807889848077/657389930448441944725476252956945097444108999327744,185.83206958507247,-20289167418765238851901320376397167460509335616817395/657389930448441944725476252956945097444108999327744,-30.863215998646158,-20289167418765238851901320376397167460509335616817395/142453298718386051362077855538452885181969143506665472,-0.14242679952869755,defined
record,adult,10003,lloyd,0,2,population_average,53649564606293/505531072512,106.12515733149024,975215638696752009573684325432129429872975713613005/10751456869153995784012068207863046862371230318592,90.70544118487351,-594209365895868272862359381512373270460492382277/38535687703060916788573721175136368682334158848,-15.419716146616732,-165784413084947248128598267441952142458477374655283/1141000051781699257702282592874081572331453088268288,-0.1452974632438192,defined
record,adult,10003,lloyd,0,2,pooled_SSE,53649564606293/16777216,3197763.240712464,975215638696752009573684325432129429872975713613005/356811923176489970264571492362373784095686656,2733136.3537826086,-165784413084947248128598267441952142458477374655283/356811923176489970264571492362373784095686656,-464626.8869298554,-165784413084947248128598267441952142458477374655283/1141000051781699257702282592874081572331453088268288,-0.1452974632438192,defined
record,adult,10004,lloyd,0,1,Phi_A,20063486062439/163913400320,122.4029641461287,171232228842050572124538103223958560232986469/1662279362408784394018584957304187712962560,103.0105003493038,-32235692355721533710405092034194657178790043/1662279362408784394018584957304187712962560,-19.392463796824902,-32235692355721533710405092034194657178790043/203467921197772105834943195258153217411776512,-0.15843132502635754,defined
record,adult,10004,lloyd,0,1,Phi_B,17214640749203/170808836096,100.78308091466548,302579792263184340988064396760063183766350145/3464414777622074496520616878262832160833536,87.33936658441078,-46574602591863973043477349750791795710695103/3464414777622074496520616878262832160833536,-13.443714330254682,-46574602591863973043477349750791795710695103/349154394855048314031541746510854979477045248,-0.13339257153328815,defined
record,adult,10004,lloyd,0,1,Phi,20063486062439/163913400320,122.4029641461287,171232228842050572124538103223958560232986469/1662279362408784394018584957304187712962560,103.0105003493038,-32235692355721533710405092034194657178790043/1662279362408784394018584957304187712962560,-19.392463796824902,-32235692355721533710405092034194657178790043/203467921197772105834943195258153217411776512,-0.15843132502635754,defined
record,adult,10004,lloyd,0,1,G,372453391721404769/1668802328657920,223.18604506079416,1610708803523286190263308503548015377215327849607/8461833094341916957751606725156967552835911680,190.3498669337146,-277854258767428221511510547766376863392003502969/8461833094341916957751606725156967552835911680,-32.836178127079584,-277854258767428221511510547766376863392003502969/1888563062290714411774819051314392240607331352576,-0.14712469194987196,defined
record,adult,10004,lloyd,0,1,population_average,6054751951205/56170119168,107.79311208323695,236906010552617456556301249992010871999668307/2563347070015429445269600917783509936898048,92.42057516276618,-39405147473792753376941220892493226444742573/2563347070015429445269600917783509936898048,-15.372536920470766,-39405147473792753376941220892493226444742573/276311158026410209933242470884504098444410880,-0.1426114955155968,defined
record,adult,10004,lloyd,0,1,pooled_SSE,54492767560845/16777216,3248022.0532920957,236906010552617456556301249992010871999668307/85070591730234615865843651857942052864,2784816.7708044704,-39405147473792753376941220892493226444742573/85070591730234615865843651857942052864,-463205.28248762514,-39405147473792753376941220892493226444742573/276311158026410209933242470884504098444410880,-0.1426114955155968,defined
record,adult,10004,lloyd,1,2,Phi_A,171232228842050572124538103223958560232986469/1662279362408784394018584957304187712962560,103.0105003493038,5573548675744916481274260938459653264381974983989/54469570147411047023200991880943622978357166080,102.32408041152549,-37388998951396666102603627983020837332525632203/54469570147411047023200991880943622978357166080,-0.6864199377783005,-37388998951396666102603627983020837332525632203/5610937674696313147376864566442674101714500616192,-0.006663591919762379,defined
record,adult,10004,lloyd,1,2,Phi_B,302579792263184340988064396760063183766350145/3464414777622074496520616878262832160833536,87.33936658441078,9865956493925502685525888192798830255500640110201/113521943433120137101987573866916484246193307648,86.9079245435742,-48978138954521799971005960234920150155121441159/113521943433120137101987573866916484246193307648,-0.4314420408365946,-48978138954521799971005960234920150155121441159/9914934632880024485496894153033750405655761551360,-0.004939834781371116,defined
record,adult,10004,lloyd,1,2,Phi,171232228842050572124538103223958560232986469/1662279362408784394018584957304187712962560,103.0105003493038,5573548675744916481274260938459653264381974983989/54469570147411047023200991880943622978357166080,102.32408041152549,-37388998951396666102603627983020837332525632203/54469570147411047023200991880943622978357166080,-0.6864199377783005,-37388998951396666102603627983020837332525632203/5610937674696313147376864566442674101714500616192,-0.006663591919762379,defined
record,adult,10004,lloyd,1,2,G,1610708803523286190263308503548015377215327849607/8461833094341916957751606725156967552835911680,190.3498669337146,52469748270292537657323607218140007841396757125161947/277277346835395934871604649169943512771327153930240,189.23200495509968,-309957803558504225224485826121360039195105850760229/277277346835395934871604649169943512771327153930240,-1.1178619786148951,-309957803558504225224485826121360039195105850760229/52779706073851041882548093044261367880591862975922176,-0.005872670134327793,defined
record,adult,10004,lloyd,1,2,population_average,236906010552617456556301249992010871999668307/2563347070015429445269600917783509936898048,92.42057516276618,2573250861611736527800024855209747253313769182365/27998585596755197354198094291310017870758412288,91.90645908591736,-43183568952959233036804794108970493743823536681/83995756790265592062594282873930053612275236864,-0.514116076848823,-43183568952959233036804794108970493743823536681/7762936153788168816436879359738212253685131083776,-0.005562788112315783,defined
record,adult,10004,lloyd,1,2,pooled_SSE,236906010552617456556301249992010871999668307/85070591730234615865843651857942052864,2784816.7708044704,7719752584835209583400074565629241759941307547095/2787593149816327892691964784081045188247552,2769325.4251768617,-43183568952959233036804794108970493743823536681/2787593149816327892691964784081045188247552,-15491.345627608735,-43183568952959233036804794108970493743823536681/7762936153788168816436879359738212253685131083776,-0.005562788112315783,defined
record,adult,10004,lloyd,0,2,Phi_A,20063486062439/163913400320,122.4029641461287,5573548675744916481274260938459653264381974983989/54469570147411047023200991880943622978357166080,102.32408041152549,-1093688166063679882725157683759511363767117761227/54469570147411047023200991880943622978357166080,-20.078883734603203,-1093688166063679882725157683759511363767117761227/6667236841808596363999418622219164628149092745216,-0.16403919524883703,defined
record,adult,10004,lloyd,0,2,Phi_B,17214640749203/170808836096,100.78308091466548,9865956493925502685525888192798830255500640110201/113521943433120137101987573866916484246193307648,86.9079245435742,-1575134716684720468659671756868865712003178576263/113521943433120137101987573866916484246193307648,-13.875156371091277,-1575134716684720468659671756868865712003178576263/11441091210610223154185559949667695967503818686464,-0.1376734690502226,defined
record,adult,10004,lloyd,0,2,Phi,20063486062439/163913400320,122.4029641461287,5573548675744916481274260938459653264381974983989/54469570147411047023200991880943622978357166080,102.32408041152549,-1093688166063679882725157683759511363767117761227/54469570147411047023200991880943622978357166080,-20.078883734603203,-1093688166063679882725157683759511363767117761227/6667236841808596363999418622219164628149092745216,-0.16403919524883703,defined
record,adult,10004,lloyd,0,2,G,372453391721404769/1668802328657920,223.18604506079416,52469748270292537657323607218140007841396757125161947/277277346835395934871604649169943512771327153930240,189.23200495509968,-9414686154849592187713663455329997098824276636048421/277277346835395934871604649169943512771327153930240,-33.95404010569448,-9414686154849592187713663455329997098824276636048421/61884434425142129845037270673470004940221033761210368,-0.15213334729976358,defined
record,adult,10004,lloyd,0,2,population_average,6054751951205/56170119168,107.79311208323695,2573250861611736527800024855209747253313769182365/27998585596755197354198094291310017870758412288,91.90645908591736,-444803813791400058564138240104729512628382722915/27998585596755197354198094291310017870758412288,-15.88665299731959,-88960762758280011712827648020945902525676544583/603610935080627317272832619062895353188430381056,-0.14738096609597884,defined
record,adult,10004,lloyd,0,2,pooled_SSE,54492767560845/16777216,3248022.0532920957,7719752584835209583400074565629241759941307547095/2787593149816327892691964784081045188247552,2769325.4251768617,-1334411441374200175692414720314188537885148168745/2787593149816327892691964784081045188247552,-478696.6281152339,-88960762758280011712827648020945902525676544583/603610935080627317272832619062895353188430381056,-0.14738096609597884,defined
record,bank,10000,fair,0,1,Phi_A,1760448768215/37702598656,46.693035254079014,99762174934347028267653181986639353614027215/3058798196252315848072274346204164452777984,32.61482730589324,-43062397078375649987407159471768413805098545/3058798196252315848072274346204164452777984,-14.07820794818577,-8612479415675129997481431894353682761019709/28564914402544535651012068291681553483825152,-0.3015055215746748,defined
record,bank,10000,fair,0,1,Phi_B,2762171999825/65162706944,42.3888467708804,151129861972016945119919683948003647636560171/4625798495923237472321114413427457066532864,32.671086322763344,-44952401664642175291736962344519514582755029/4625798495923237472321114413427457066532864,-9.71776044811705,-2365915877086430278512471702343132346460791/10320119138771532653245086646974903274700800,-0.22925276784818782,defined
record,bank,10000,fair,0,1,Phi,1760448768215/37702598656,46.693035254079014,151129861972016945119919683948003647636560171/4625798495923237472321114413427457066532864,32.671086322763344,-583050902674491768516332242776990401690556204321/41581302679853981638694497462299411571063914496,-14.021948931315666,-583050902674491768516332242776990401690556204321/1941557231940952088199290281785595190295595581440,-0.3003006520140653,defined
record,bank,10000,fair,0,1,G,52179496169415165/585747572719616,89.08188202495941,2714673335323973821953435394934980161634125337829/41581302679853981638694497462299411571063914496,65.28591362865659,-989467364446907099626236480374105733850894576411/41581302679853981638694497462299411571063914496,-23.79596839630282,-989467364446907099626236480374105733850894576411/3704140699770880921579671875309085895485019914240,-0.26712467064442513,defined
record,bank,10000,fair,0,1,population_average,33418794144495/757759737856,44.1020979011763,125446018453181986693786432967321500625293693/3842298346087776660196694379815810759655424,32.64869282753927,-44007399371508912639572060908143964193926787/3842298346087776660196694379815810759655424,-11.45340507363703,-44007399371508912639572060908143964193926787/169453417824690899333358493875465464819220480,-0.2597020463584691,defined
record,bank,10000,fair,0,1,pooled_SSE,33418794144495/16777216,1991915.3538045287,125446018453181986693786432967321500625293693/85070591730234615865843651857942052864,1474610.8602486385,-44007399371508912639572060908143964193926787/85070591730234615865843651857942052864,-517304.4935558901,-44007399371508912639572060908143964193926787/169453417824690899333358493875465464819220480,-0.2597020463584691,defined
record,bank,10000,fair,1,2,Phi_A,99762174934347028267653181986639353614027215/3058798196252315848072274346204164452777984,32.61482730589324,6272893866806755878313648729061157234517565733/195763084560148214276625558157066524977790976,32.043292947192036,-111885328991453930816154918083761396780176027/195763084560148214276625558157066524977790976,-0.5715343587012043,-37295109663817976938718306027920465593392009/2128259731932736603043267882381639543765913920,-0.017523758545179617,defined
record,bank,10000,fair,1,2,Phi_B,151129861972016945119919683948003647636560171/4625798495923237472321114413427457066532864,32.671086322763344,2370262814823156919069308820685765584866563403/74012775934771799557137830614839313064525824,32.02504952539671,-47814976729114202849406122482292777318399333/74012775934771799557137830614839313064525824,-0.6460367973666333,-47814976729114202849406122482292777318399333/2418077791552271121918714943168058362184962736,-0.01977396132422177,defined
record,bank,10000,fair,1,2,Phi,151129861972016945119919683948003647636560171/4625798495923237472321114413427457066532864,32.671086322763344,6272893866806755878313648729061157234517565733/195763084560148214276625558157066524977790976,32.043292947192036,-835342923841210524956786836846667512345365780607/1330601685755327412438223918793581170274045263872,-0.6277933755713085,-835342923841210524956786836846667512345365780607/43472202536526730229854657248275353235361260067808,-0.019215564777039507,defined
record,bank,10000,fair,1,2,G,2714673335323973821953435394934980161634125337829/41581302679853981638694497462299411571063914496,65.28591362865659,85249444497576234795925904389717379407746971146335/1330601685755327412438223918793581170274045263872,64.06834247258875,-1620102232790927506584028248201985764545039664193/1330601685755327412438223918793581170274045263872,-1.2175711560678375,-1620102232790927506584028248201985764545039664193/86869546730367162302509932637919365172292010810528,-0.01864982947153545,defined
record,bank,10000,fair,1,2,population_average,125446018453181986693786432967321500625293693/3842298346087776660196694379815810759655424,32.64869282753927,15753945126099383554590884011804219573983819345/491814188299235412505176880616423777235894272,32.03231118764346,-27558657809810067473979946182993864186706669/44710380754475946591379716419674888839626752,-0.6163816398958127,-303145235907910742213779408012932506053773359/16057090362007294296804663419817152080037592704,-0.018879213423696185,defined
record,bank,10000,fair,1,2,pooled_SSE,125446018453181986693786432967321500625293693/85070591730234615865843651857942052864,1474610.8602486385,15753945126099383554590884011804219573983819345/10889035741470030830827987437816582766592,1446771.3671011042,-303145235907910742213779408012932506053773359/10889035741470030830827987437816582766592,-27839.49314753428,-303145235907910742213779408012932506053773359/16057090362007294296804663419817152080037592704,-0.018879213423696185,defined
record,bank,10000,fair,0,2,Phi_A,1760448768215/37702598656,46.693035254079014,6272893866806755878313648729061157234517565733/195763084560148214276625558157066524977790976,32.043292947192036,-2867878742007495530010213124276939880306482907/195763084560148214276625558157066524977790976,-14.649742306886974,-2867878742007495530010213124276939880306482907/9140772608814251408323861853338097114824048640,-0.31374577015974137,defined
record,bank,10000,fair,0,2,Phi_B,2762171999825/65162706944,42.3888467708804,2370262814823156919069308820685765584866563403/74012775934771799557137830614839313064525824,32.02504952539671,-767053403363389007517197519994605010642479797/74012775934771799557137830614839313064525824,-10.363797245483683,-767053403363389007517197519994605010642479797/3137316218186545926586506340680370595509043200,-0.24449349380750873,defined
record,bank,10000,fair,0,2,Phi,1760448768215/37702598656,46.693035254079014,6272893866806755878313648729061157234517565733/195763084560148214276625558157066524977790976,32.043292947192036,-2867878742007495530010213124276939880306482907/195763084560148214276625558157066524977790976,-14.649742306886974,-2867878742007495530010213124276939880306482907/9140772608814251408323861853338097114824048640,-0.31374577015974137,defined
record,bank,10000,fair,0,2,G,52179496169415165/585747572719616,89.08188202495941,85249444497576234795925904389717379407746971146335/1330601685755327412438223918793581170274045263872,64.06834247258875,-33283057895091954694623595620173369247773666109345/1330601685755327412438223918793581170274045263872,-25.01353955237066,-2218870526339463646308239708011557949851577740623/7902166826177879299369966667326049910368042483712,-0.280792670560802,defined
record,bank,10000,fair,0,2,population_average,33418794144495/757759737856,44.1020979011763,15753945126099383554590884011804219573983819345/491814188299235412505176880616423777235894272,32.03231118764346,-5936092355461051560079003204255359922876402095/491814188299235412505176880616423777235894272,-12.069786713532844,-395739490364070104005266880283690661525093473/1446002498770695674311325814403971966457348096,-0.27367828942239314,defined
record,bank,10000,fair,0,2,pooled_SSE,33418794144495/16777216,1991915.3538045287,15753945126099383554590884011804219573983819345/10889035741470030830827987437816582766592,1446771.3671011042,-5936092355461051560079003204255359922876402095/10889035741470030830827987437816582766592,-545143.9867034244,-395739490364070104005266880283690661525093473/1446002498770695674311325814403971966457348096,-0.27367828942239314,defined
record,bank,10001,fair,0,1,Phi_A,14605474972817/301654343680,48.41791699280397,117863216366406095380155409251026674952597/3296485429546591364801441509495254548480,35.75420516347235,-242125300870337274386153697726752803688147/19119615491370229915848360755072476381184,-12.66371182933162,-1210626504351686371930768488633764018440735/4628659778977463137955275356913537592066048,-0.26155011648299004,defined
record,bank,10001,fair,0,1,Phi_B,2313989935229/57013174272,40.58693389337268,1699984515884872050951281131885399000989913/48181856391211630561017198321041930190848,35.28266951945316,-766707912975630897919575976073896846212469/144545569173634891683051594963125790572544,-5.304264373919518,-766707912975630897919575976073896846212469/5866661460630247050773419371730093849182208,-0.13068896477508088,defined
record,bank,10001,fair,0,1,Phi,14605474972817/301654343680,48.41791699280397,117863216366406095380155409251026674952597/3296485429546591364801441509495254548480,35.75420516347235,-242125300870337274386153697726752803688147/19119615491370229915848360755072476381184,-12.66371182933162,-1210626504351686371930768488633764018440735/4628659778977463137955275356913537592066048,-0.26155011648299004,defined
record,bank,10001,fair,0,1,G,364954377447171161/4100387493642240,89.00485088617664,1061033433280496353962381310200875554517090037/14936375481275605473915331479522998359162880,71.03687468292551,-4669750042260678925190384818180617390023001433/259892933374195535246126767743700171449434112,-17.967976203251137,-23348750211303394625951924090903086950115007165/115658658906706577420679098078379260193101840384,-0.20187636993212182,defined
record,bank,10001,fair,0,1,population_average,33117394454649/757759737856,43.7043469059878,2129496705570098229719587565983992644148763/60035911657621510315573349684622043119616,35.4703817560795,-494333604331829317462586116176915216163301/60035911657621510315573349684622043119616,-8.233965149908306,-494333604331829317462586116176915216163301/2623830309901927547182173682160907860312064,-0.18840151455918897,defined
record,bank,10001,fair,0,1,pooled_SSE,33117394454649/16777216,1973950.532355845,2129496705570098229719587565983992644148763/1329227995784915872903807060280344576,1602055.2623950865,-494333604331829317462586116176915216163301/1329227995784915872903807060280344576,-371895.26996075857,-494333604331829317462586116176915216163301/2623830309901927547182173682160907860312064,-0.18840151455918897,defined
record,bank,10001,fair,1,2,Phi_A,117863216366406095380155409251026674952597/3296485429546591364801441509495254548480,35.75420516347235,421990120310900402973563886711583325998069587/12236553914476947146142950883246384883957760,34.48602631592609,-15518138841199023077572992428227691425970477/12236553914476947146142950883246384883957760,-1.2681788475462576,-15518138841199023077572992428227691425970477/437508259152099426051136879139811017424040064,-0.03546936204421264,defined
record,bank,10001,fair,1,2,Phi_B,1699984515884872050951281131885399000989913/48181856391211630561017198321041930190848,35.28266951945316,27685923230756142092291673035847772428946337/804427515401098527627417571968700051881984,34.41692719443039,-16017819792399599442583474819494450514360841/18501832854225266135430604155280101193285632,-0.865742325022767,-16017819792399599442583474819494450514360841/652794054099790867565291954643993216380126592,-0.024537324891061276,defined
record,bank,10001,fair,1,2,Phi,117863216366406095380155409251026674952597/3296485429546591364801441509495254548480,35.75420516347235,421990120310900402973563886711583325998069587/12236553914476947146142950883246384883957760,34.48602631592609,-15518138841199023077572992428227691425970477/12236553914476947146142950883246384883957760,-1.2681788475462576,-15518138841199023077572992428227691425970477/437508259152099426051136879139811017424040064,-0.03546936204421264,defined
record,bank,10001,fair,1,2,G,1061033433280496353962381310200875554517090037/14936375481275605473915331479522998359162880,71.03687468292551,498292610948239855567078397638817219801086695547/7231803363455875763370483971998613466419036160,68.90295351035648,-354938261202090719682275124704154119677320654451/166331477359485142557521131355968109727637831680,-2.133921172569025,-354938261202090719682275124704154119677320654451/11815668313011607397725078270396950175102314652032,-0.03003962635031206,defined
record,bank,10001,fair,1,2,population_average,2129496705570098229719587565983992644148763/60035911657621510315573349684622043119616,35.4703817560795,48125743391740530504376016660731004175628879/1397199398577373330980616138114840276238336,34.44443466032271,-15767979316799311260078233623861070970165659/15369193384351106640786777519263243038621696,-1.0259470957567784,-15767979316799311260078233623861070970165659/545151156625945146808214416891902116902083328,-0.02892405000915827,defined
record,bank,10001,fair,1,2,pooled_SSE,2129496705570098229719587565983992644148763/1329227995784915872903807060280344576,1602055.2623950865,529383177309145835548136183268041045931917669/340282366920938463463374607431768211456,1555717.3358681358,-15767979316799311260078233623861070970165659/340282366920938463463374607431768211456,-46337.92652695066,-15767979316799311260078233623861070970165659/545151156625945146808214416891902116902083328,-0.02892405000915827,defined
record,bank,10001,fair,0,2,Phi_A,14605474972817/301654343680,48.41791699280397,421990120310900402973563886711583325998069587/12236553914476947146142950883246384883957760,34.48602631592609,-170478331398214878684711358973349485786384557/12236553914476947146142950883246384883957760,-13.931890676877877,-170478331398214878684711358973349485786384557/592468451709115281658275245684932811784454144,-0.2877424627529615,defined
record,bank,10001,fair,0,2,Phi_B,2313989935229/57013174272,40.58693389337268,27685923230756142092291673035847772428946337/804427515401098527627417571968700051881984,34.41692719443039,-114156432653280354376289199756953246829556873/18501832854225266135430604155280101193285632,-6.170006698942285,-114156432653280354376289199756953246829556873/750932666960671622498997679581452012695322624,-0.15201953207777955,defined
record,bank,10001,fair,0,2,Phi,14605474972817/301654343680,48.41791699280397,421990120310900402973563886711583325998069587/12236553914476947146142950883246384883957760,34.48602631592609,-170478331398214878684711358973349485786384557/12236553914476947146142950883246384883957760,-13.931890676877877,-170478331398214878684711358973349485786384557/592468451709115281658275245684932811784454144,-0.2877424627529615,defined
record,bank,10001,fair,0,2,G,364954377447171161/4100387493642240,89.00485088617664,498292610948239855567078397638817219801086695547/7231803363455875763370483971998613466419036160,68.90295351035648,-3343578288248925231804121408339749249292041571571/166331477359485142557521131355968109727637831680,-20.101897375820162,-3343578288248925231804121408339749249292041571571/14804308340058441909846924554032545304717035569152,-0.22585170556071557,defined
record,bank,10001,fair,0,2,population_average,33117394454649/757759737856,43.7043469059878,48125743391740530504376016660731004175628879/1397199398577373330980616138114840276238336,34.44443466032271,-142317382025747616530500279365151366307970715/15369193384351106640786777519263243038621696,-9.259912245665085,-142317382025747616530500279365151366307970715/671700559334893452078636462633192412239888384,-0.2118762297394361,defined
record,bank,10001,fair,0,2,pooled_SSE,33117394454649/16777216,1973950.532355845,529383177309145835548136183268041045931917669/340282366920938463463374607431768211456,1555717.3358681358,-142317382025747616530500279365151366307970715/340282366920938463463374607431768211456,-418233.1964877092,-142317382025747616530500279365151366307970715/671700559334893452078636462633192412239888384,-0.2118762297394361,defined
record,bank,10002,fair,0,1,Phi_A,14612086301371/301620789248,48.44522268442373,12918248374262483570794794407788208448299045/382349774531539481009034293275520556597248,33.786467875102346,-5604771596257153112985284504104507595071451/382349774531539481009034293275520556597248,-14.658754809321389,-5604771596257153112985284504104507595071451/18523019970519636683780078911892716043370496,-0.3025841145330212,defined
record,bank,10002,fair,0,1,Phi_B,2929865919393/65162706944,44.9623113709946,9735065898400286095333707510626549840885027/289112405995202342020069650839216066658304,33.67225237149399,-3264096121173407613336576124144365350013661/289112405995202342020069650839216066658304,-11.290058999500607,-3264096121173407613336576124144365350013661/12999162019573693708670283634770915190898688,-0.25110050295999414,defined
record,bank,10002,fair,0,1,Phi,14612086301371/301620789248,48.44522268442373,12918248374262483570794794407788208448299045/382349774531539481009034293275520556597248,33.786467875102346,-5604771596257153112985284504104507595071451/382349774531539481009034293275520556597248,-14.658754809321389,-5604771596257153112985284504104507595071451/18523019970519636683780078911892716043370496,-0.3025841145330212,defined
record,bank,10002,fair,0,1,G,54713236346686159/585747572719616,93.40753405541834,21914230195072784067705864300344813667850514571/324853927186359231552300761424214152898936832,67.45872024659634,-8429574071623453843155432694291504781871681397/324853927186359231552300761424214152898936832,-25.948813808821996,-495857298330791402538554864370088516580687141/1784929662746837524168311587919783438218952704,-0.2778021502358328,defined
record,bank,10002,fair,0,1,population_average,17560573868561/378879868928,46.348659057148545,32388380171063055761462209429041308130069099/960574586521944165049173594953952689913856,33.71771502755986,-12132963838603968339658436752393238295098773/960574586521944165049173594953952689913856,-12.630944029588683,-12132963838603968339658436752393238295098773/44521344009667024101120646181434546425167872,-0.2725201610259005,defined
record,bank,10002,fair,0,1,pooled_SSE,17560573868561/8388608,2093383.534975171,32388380171063055761462209429041308130069099/21267647932558653966460912964485513216,1522894.3169347686,-12132963838603968339658436752393238295098773/21267647932558653966460912964485513216,-570489.2180404024,-12132963838603968339658436752393238295098773/44521344009667024101120646181434546425167872,-0.2725201610259005,defined
record,bank,10002,fair,1,2,Phi_A,12918248374262483570794794407788208448299045/382349774531539481009034293275520556597248,33.786467875102346,12401293066812580955088864130816863233996901/382349774531539481009034293275520556597248,32.43441971950114,-8077426678904728370405160577677268973471/5974215227055304390766160832430008696832,-1.3520481556012,-516955307449902615705930276971345214302144/12918248374262483570794794407788208448299045,-0.040017446055600876,defined
record,bank,10002,fair,1,2,Phi_B,9735065898400286095333707510626549840885027/289112405995202342020069650839216066658304,33.67225237149399,1171889188673964343076646765647863019924083/36139050749400292752508706354902008332288,32.42722662529843,-51421769858367335817219055063377954498909/41301772285028906002867092977030866665472,-1.245025746195563,-359952389008571350720533385443645681492363/9735065898400286095333707510626549840885027,-0.03697482818968082,defined
record,bank,10002,fair,1,2,Phi,12918248374262483570794794407788208448299045/382349774531539481009034293275520556597248,33.786467875102346,12401293066812580955088864130816863233996901/382349774531539481009034293275520556597248,32.43441971950114,-8077426678904728370405160577677268973471/5974215227055304390766160832430008696832,-1.3520481556012,-516955307449902615705930276971345214302144/12918248374262483570794794407788208448299045,-0.040017446055600876,defined
record,bank,10002,fair,1,2,G,21914230195072784067705864300344813667850514571/324853927186359231552300761424214152898936832,67.45872024659634,168564484311047236591066831708431344890257592793/2598831417490873852418406091393713223191494656,64.86164634479958,-964193892790719421511440384903880636078074825/371261631070124836059772298770530460455927808,-2.597073901796763,-6749357249535035950580082694327164452546523775/175313841560582272541646914402758509342804116568,-0.03849871287660248,defined
record,bank,10002,fair,1,2,population_average,32388380171063055761462209429041308130069099/960574586521944165049173594953952689913856,33.71771502755986,31151520085596010444315212381182671552782229/960574586521944165049173594953952689913856,32.43008978447959,-618430042733522658573498523929318288643435/480287293260972082524586797476976344956928,-1.287625243080267,-1236860085467045317146997047858636577286870/32388380171063055761462209429041308130069099,-0.038188389753807464,defined
record,bank,10002,fair,1,2,pooled_SSE,32388380171063055761462209429041308130069099/21267647932558653966460912964485513216,1522894.3169347686,31151520085596010444315212381182671552782229/21267647932558653966460912964485513216,1464737.4352058053,-618430042733522658573498523929318288643435/10633823966279326983230456482242756608,-58156.88172896334,-1236860085467045317146997047858636577286870/32388380171063055761462209429041308130069099,-0.038188389753807464,defined
record,bank,10002,fair,0,2,Phi_A,14612086301371/301620789248,48.44522268442373,12401293066812580955088864130816863233996901/382349774531539481009034293275520556597248,32.43441971950114,-6121726903707055728691214781075852809373595/382349774531539481009034293275520556597248,-16.01080296492259,-6121726903707055728691214781075852809373595/18523019970519636683780078911892716043370496,-0.33049291710801515,defined
record,bank,10002,fair,0,2,Phi_B,2929865919393/65162706944,44.9623113709946,1171889188673964343076646765647863019924083/36139050749400292752508706354902008332288,32.42722662529843,-453006063772747370507138688698501378938253/36139050749400292752508706354902008332288,-12.535084745696171,-12243407128993172175868613208067604836169/43916087903965181448210417685036875644928,-0.27879093319438675,defined
record,bank,10002,fair,0,2,Phi,14612086301371/301620789248,48.44522268442373,12401293066812580955088864130816863233996901/382349774531539481009034293275520556597248,32.43441971950114,-6121726903707055728691214781075852809373595/382349774531539481009034293275520556597248,-16.01080296492259,-6121726903707055728691214781075852809373595/18523019970519636683780078911892716043370496,-0.33049291710801515,defined
record,bank,10002,fair,0,2,G,54713236346686159/585747572719616,93.40753405541834,168564484311047236591066831708431344890257592793/2598831417490873852418406091393713223191494656,64.86164634479958,-74185949822522666695823544248659202707519974951/2598831417490873852418406091393713223191494656,-28.54588771061876,-74185949822522666695823544248659202707519974951/242750434133569903286890375957090547597777567744,-0.3056058378940032,defined
record,bank,10002,fair,0,2,population_average,17560573868561/378879868928,46.348659057148545,31151520085596010444315212381182671552782229/960574586521944165049173594953952689913856,32.43008978447959,-13369823924071013656805433800251874872385643/960574586521944165049173594953952689913856,-13.91856927266895,-13369823924071013656805433800251874872385643/44521344009667024101120646181434546425167872,-0.3003014446546805,defined
record,bank,10002,fair,0,2,pooled_SSE,17560573868561/8388608,2093383.534975171,31151520085596010444315212381182671552782229/21267647932558653966460912964485513216,1464737.4352058053,-13369823924071013656805433800251874872385643/21267647932558653966460912964485513216,-628646.0997693657,-13369823924071013656805433800251874872385643/44521344009667024101120646181434546425167872,-0.3003014446546805,defined
record,bank,10003,fair,0,1,Phi_A,7304447559117/150827171840,48.42925495457596,51755279764023162271818209763820597454609773/1529569239309618393267868860405798110494720,33.836506667317174,-22320618897179159447232410356429907763094163/1529569239309618393267868860405798110494720,-14.592748287258788,-22320618897179159447232410356429907763094163/74075898661202321719050620120250505217703936,-0.30132093299692514,defined
record,bank,10003,fair,0,1,Phi_B,19815872677223/456105394176,43.44581960715978,104659964746993643351203609716660583766450967/3083638809037544355905100692546683532214272,33.9404097653252,-87933752052265582667308836602376052322260667/9250916427112633067715302077640050596642816,-9.505409841834577,-12561964578895083238186976657482293188894381/57416235184749501817274237964622543374516224,-0.21878767457452006,defined
record,bank,10003,fair,0,1,Phi,7304447559117/150827171840,48.42925495457596,104659964746993643351203609716660583766450967/3083638809037544355905100692546683532214272,33.9404097653252,-200829252130079012554376493853320754252635971367/13860956446623761879793427612997342477303152640,-14.48884518925076,-66943084043359670851458831284440251417545323789/223758597889271813139345573176570026094277689344,-0.29917547157891483,defined
record,bank,10003,fair,0,1,G,94180851677597383/1025096873410560,91.87507456173574,939452886759314323370876842556131578163870859591/13860956446623761879793427612997342477303152640,67.77691643264238,-1002070560813646422822013528477583827636039613483/41582869339871285639380282838992027431909457920,-24.098158129093363,-1002070560813646422822013528477583827636039613483/3820429221091589392934644056145978562127652192256,-0.2622926647303076,defined
record,bank,10003,fair,0,1,population_average,34424767795457/757759737856,45.42966071654611,521001013297073579140883668205264141117791993/15369193384351106640786777519263243038621696,33.899047286863876,-177216227640982220456238478028095683374637319/15369193384351106640786777519263243038621696,-11.530613429682234,-177216227640982220456238478028095683374637319/698217240938055799597122146233359824492429312,-0.2538124486913156,defined
record,bank,10003,fair,0,1,pooled_SSE,34424767795457/16777216,2051876.0559235215,521001013297073579140883668205264141117791993/340282366920938463463374607431768211456,1531084.3697584937,-177216227640982220456238478028095683374637319/340282366920938463463374607431768211456,-520791.6861650278,-177216227640982220456238478028095683374637319/698217240938055799597122146233359824492429312,-0.2538124486913156,defined
record,bank,10003,fair,1,2,Phi_A,51755279764023162271818209763820597454609773/1529569239309618393267868860405798110494720,33.836506667317174,1581547944025058635950071607764174948919827/47799038728425574789620901887681190952960,33.08744246951831,-1145745555221285921415918315366999089175309/1529569239309618393267868860405798110494720,-0.7490641977988692,-1145745555221285921415918315366999089175309/51755279764023162271818209763820597454609773,-0.022137752137468537,defined
record,bank,10003,fair,1,2,Phi_B,104659964746993643351203609716660583766450967/3083638809037544355905100692546683532214272,33.9404097653252,76464890984771515890629775665881222789502413/2312729106778158266928825519410012649160704,33.0626231843011,-8120330301894866491091726486456860141343249/9250916427112633067715302077640050596642816,-0.8777865810240985,-8120330301894866491091726486456860141343249/313979894240980930053610829149981751299352901,-0.025862580537282676,defined
record,bank,10003,fair,1,2,Phi,104659964746993643351203609716660583766450967/3083638809037544355905100692546683532214272,33.9404097653252,1581547944025058635950071607764174948919827/47799038728425574789620901887681190952960,33.08744246951831,-11822942537573823376314660570502815642629983897/13860956446623761879793427612997342477303152640,-0.8529672958068953,-11822942537573823376314660570502815642629983897/470446541537736426863660225676389324030197096665,-0.025131319913477262,defined
record,bank,10003,fair,1,2,G,939452886759314323370876842556131578163870859591/13860956446623761879793427612997342477303152640,67.77691643264238,687677384226669916543890015447550977729488681011/10395717334967821409845070709748006857977364480,66.15006565381941,-67649123371263303937070465878190823573657854729/41582869339871285639380282838992027431909457920,-1.6268507788229676,-67649123371263303937070465878190823573657854729/2818358660277942970112630527668394734491612578773,-0.024003021448161545,defined
record,bank,10003,fair,1,2,population_average,521001013297073579140883668205264141117791993/15369193384351106640786777519263243038621696,33.899047286863876,127074425193573392241032067114334821154936877/3842298346087776660196694379815810759655424,33.072503420501015,-12703312522780010176755399747924856498044485/15369193384351106640786777519263243038621696,-0.8265438663628573,-12703312522780010176755399747924856498044485/521001013297073579140883668205264141117791993,-0.024382510203558107,defined
record,bank,10003,fair,1,2,pooled_SSE,521001013297073579140883668205264141117791993/340282366920938463463374607431768211456,1531084.3697584937,127074425193573392241032067114334821154936877/85070591730234615865843651857942052864,1493752.6894903488,-12703312522780010176755399747924856498044485/340282366920938463463374607431768211456,-37331.68026814481,-12703312522780010176755399747924856498044485/521001013297073579140883668205264141117791993,-0.024382510203558107,defined
record,bank,10003,fair,0,2,Phi_A,7304447559117/150827171840,48.42925495457596,1581547944025058635950071607764174948919827/47799038728425574789620901887681190952960,33.08744246951831,-733323889137513917770260270993653339133421/47799038728425574789620901887681190952960,-15.341812485057655,-733323889137513917770260270993653339133421/2314871833162572553720331878757828288053248,-0.31678811700587695,defined
record,bank,10003,fair,0,2,Phi_B,19815872677223/456105394176,43.44581960715978,76464890984771515890629775665881222789502413/2312729106778158266928825519410012649160704,33.0626231843011,-24013520588540112289600140772208228115900979/2312729106778158266928825519410012649160704,-10.383196422858676,-24013520588540112289600140772208228115900979/100478411573311628180229916438089450905403392,-0.23899184125755443,defined
record,bank,10003,fair,0,2,Phi,7304447559117/150827171840,48.42925495457596,1581547944025058635950071607764174948919827/47799038728425574789620901887681190952960,33.08744246951831,-733323889137513917770260270993653339133421/47799038728425574789620901887681190952960,-15.341812485057655,-733323889137513917770260270993653339133421/2314871833162572553720331878757828288053248,-0.31678811700587695,defined
record,bank,10003,fair,0,2,G,94180851677597383/1025096873410560,91.87507456173574,687677384226669916543890015447550977729488681011/10395717334967821409845070709748006857977364480,66.15006565381941,-267429921046227431689770998588943662802424367053/10395717334967821409845070709748006857977364480,-25.725008907916333,-267429921046227431689770998588943662802424367053/955107305272897348233661014036494640531913048064,-0.2799998697212521,defined
record,bank,10003,fair,0,2,population_average,34424767795457/757759737856,45.42966071654611,127074425193573392241032067114334821154936877/3842298346087776660196694379815810759655424,33.072503420501015,-47479885040940557658248469444005134968170451/3842298346087776660196694379815810759655424,-12.357157296045091,-47479885040940557658248469444005134968170451/174554310234513949899280536558339956123107328,-0.2720063742748676,defined
record,bank,10003,fair,0,2,pooled_SSE,34424767795457/16777216,2051876.0559235215,127074425193573392241032067114334821154936877/85070591730234615865843651857942052864,1493752.6894903488,-47479885040940557658248469444005134968170451/85070591730234615865843651857942052864,-558123.3664331726,-47479885040940557658248469444005134968170451/174554310234513949899280536558339956123107328,-0.2720063742748676,defined
record,bank,10004,fair,0,1,Phi_A,14424259977703/301704675328,47.809202698041,1853638334080609155437925370481378526300019/54636587538743182039838085405763283451904,33.9266857170789,-5309453480018970705478527618635180705631195/382456112771202274278866597840342984163328,-13.882516980962098,-5309453480018970705478527618635180705631195/18284921818583234793544005212004830389731328,-0.2903733214009641,defined
record,bank,10004,fair,0,1,Phi_B,6579982461017/152018354176,43.284131687144786,117926592342386060256669992471835837960597/3487894260939619250499589726175624167424,33.81025441712138,-7302697957130369159822788225812299270017631/770824631667655854360409329484812941000704,-9.473877270023406,-7302697957130369159822788225812299270017631/33364474864797688476546856562088019459309568,-0.2188764542742834,defined
record,bank,10004,fair,0,1,Phi,14424259977703/301704675328,47.809202698041,1853638334080609155437925370481378526300019/54636587538743182039838085405763283451904,33.9266857170789,-5309453480018970705478527618635180705631195/382456112771202274278866597840342984163328,-13.882516980962098,-5309453480018970705478527618635180705631195/18284921818583234793544005212004830389731328,-0.2903733214009641,defined
record,bank,10004,fair,0,1,G,124513022127217797/1366873031573504,91.09333438518578,606950102516809690291204971419092346033976809/8960400356353881854533446006545178486112256,67.73694013420027,-323760249292883002850456955674596067267624089853/13861739351279455228963240972125391118015660032,-23.356394250985506,-323760249292883002850456955674596067267624089853/1262712057886387593730951046459931926582186213376,-0.25640069505221535,defined
record,bank,10004,fair,0,1,population_average,17082103680377/378879868928,45.08580444959766,130087204077259014302434115382305759304276343/3842298346087776660196694379815810759655424,33.85661194418014,-43145907791466990301382475151977620632577673/3842298346087776660196694379815810759655424,-11.229192505417519,-43145907791466990301382475151977620632577673/173233111868726004603816590534283379936854016,-0.2490627070427647,defined
record,bank,10004,fair,0,1,pooled_SSE,17082103680377/8388608,2036345.4437705278,130087204077259014302434115382305759304276343/85070591730234615865843651857942052864,1529167.7350708402,-43145907791466990301382475151977620632577673/85070591730234615865843651857942052864,-507177.7086996877,-43145907791466990301382475151977620632577673/173233111868726004603816590534283379936854016,-0.2490627070427647,defined
record,bank,10004,fair,1,2,Phi_A,1853638334080609155437925370481378526300019/54636587538743182039838085405763283451904,33.9266857170789,806011653135174504384438386025194734898420827/24477191217356945553847462261781950986452992,32.92909084125739,-24418320532938397251752179950462844883987685/24477191217356945553847462261781950986452992,-0.9975948758215034,-24418320532938397251752179950462844883987685/830429973668112901636190565975657579782408512,-0.029404430604882462,defined
record,bank,10004,fair,1,2,Phi_B,117926592342386060256669992471835837960597/3487894260939619250499589726175624167424,33.81025441712138,406950633481873725329627429311680127548981193/12333194106682493669766549271757007056011264,32.99636979372405,-10037797040803383737957664068731395479689799/12333194106682493669766549271757007056011264,-0.8138846233973245,-10037797040803383737957664068731395479689799/416988430522677109067585093380411523028670992,-0.024072123603576807,defined
record,bank,10004,fair,1,2,Phi,1853638334080609155437925370481378526300019/54636587538743182039838085405763283451904,33.9266857170789,406950633481873725329627429311680127548981193/12333194106682493669766549271757007056011264,32.99636979372405,-29476107071747971303261808141927085242153533359/31683975660067326237630265079143751126892937216,-0.930315923354845,-29476107071747971303261808141927085242153533359/1074932284486681571675074674043633332915486218176,-0.027421361789151083,defined
record,bank,10004,fair,1,2,G,606950102516809690291204971419092346033976809/8960400356353881854533446006545178486112256,67.73694013420027,7310732415481175693415043138543116613313959953583/110893914810235641831705927777003128944125280256,65.92546063498145,-200882053266861033628909587739570261202537034601/110893914810235641831705927777003128944125280256,-1.811479499218828,-200882053266861033628909587739570261202537034601/7511614468748036727043952726282686874516496988184,-0.026742859887528562,defined
record,bank,10004,fair,1,2,population_average,130087204077259014302434115382305759304276343/3842298346087776660196694379815810759655424,33.85661194418014,1013431776790397840186660336980117558772682203/30738386768702213281573555038526486077243392,32.96958244478441,-2478714166152206748437507825302592332866231/2794398797154746661961232276229680552476672,-0.8870294993957306,-27265855827674274232812586078328515661528541/1040697632618072114419472923058446074434210744,-0.026199594361603233,defined
record,bank,10004,fair,1,2,pooled_SSE,130087204077259014302434115382305759304276343/85070591730234615865843651857942052864,1529167.7350708402,1013431776790397840186660336980117558772682203/680564733841876926926749214863536422912,1489104.1607011326,-27265855827674274232812586078328515661528541/680564733841876926926749214863536422912,-40063.57436970757,-27265855827674274232812586078328515661528541/1040697632618072114419472923058446074434210744,-0.026199594361603233,defined
record,bank,10004,fair,0,2,Phi_A,14424259977703/301704675328,47.809202698041,806011653135174504384438386025194734898420827/24477191217356945553847462261781950986452992,32.92909084125739,-52031906179164646057482563934730630006340595/3496741602479563650549637465968850140921856,-14.880111856783602,-364223343254152522402377947543114410044384165/1170234996389327026786816333568309144942804992,-0.3112394898272027,defined
record,bank,10004,fair,0,2,Phi_B,6579982461017/152018354176,43.284131687144786,406950633481873725329627429311680127548981193/12333194106682493669766549271757007056011264,32.99636979372405,-126880964354889290295122275681728183799971895/12333194106682493669766549271757007056011264,-10.28776189342073,-126880964354889290295122275681728183799971895/533831597836763015624749704993408311348953088,-0.23767975681665704,defined
record,bank,10004,fair,0,2,Phi,14424259977703/301704675328,47.809202698041,406950633481873725329627429311680127548981193/12333194106682493669766549271757007056011264,32.99636979372405,-3285306060379156987112652737150505428613427238793/221787829620471283663411855554006257888250560512,-14.812832904316943,-3285306060379156987112652737150505428613427238793/10603499302283692189715342798462449162326756032512,-0.3098322512900619,defined
record,bank,10004,fair,0,2,G,124513022127217797/1366873031573504,91.09333438518578,7310732415481175693415043138543116613313959953583/110893914810235641831705927777003128944125280256,65.92546063498145,-398709149658560722347509319019476971334789964775/15841987830033663118815132539571875563446468608,-25.167873750204333,-2790964047609925056432565233136338799343529753425/10101696463091100749847608371679455412657489707008,-0.2762866670768976,defined
record,bank,10004,fair,0,2,population_average,17082103680377/378879868928,45.08580444959766,1013431776790397840186660336980117558772682203/30738386768702213281573555038526486077243392,32.96958244478441,-372433118159410196643872387294149480722149925/30738386768702213281573555038526486077243392,-12.116222004813249,-372433118159410196643872387294149480722149925/1385864894949808036830532724274267039494832128,-0.2687369595092447,defined
record,bank,10004,fair,0,2,pooled_SSE,17082103680377/8388608,2036345.4437705278,1013431776790397840186660336980117558772682203/680564733841876926926749214863536422912,1489104.1607011326,-372433118159410196643872387294149480722149925/680564733841876926926749214863536422912,-547241.2830693952,-372433118159410196643872387294149480722149925/1385864894949808036830532724274267039494832128,-0.2687369595092447,defined
record,bank,10000,lloyd,0,1,Phi_A,1760448768215/37702598656,46.693035254079014,51034019206594044445926276627020881906678821/1529399098126157924036137173102082226388992,33.368673532710766,-20378266799767294681603894102183001802884059/1529399098126157924036137173102082226388992,-13.324361721368245,-20378266799767294681603894102183001802884059/71412286006361339127530170729203883709562880,-0.2853607962914395,defined
record,bank,10000,lloyd,0,1,Phi_B,2762171999825/65162706944,42.3888467708804,36971269607749445334229239543616360505967897/1156449623980809368080278603356864266633216,31.969632607501254,-12049296301415334768684922029514430048860903/1156449623980809368080278603356864266633216,-10.419214163379145,-12049296301415334768684922029514430048860903/49020565909164780102914161573130790554828800,-0.24580084048280285,defined
record,bank,10000,lloyd,0,1,Phi,1760448768215/37702598656,46.693035254079014,51034019206594044445926276627020881906678821/1529399098126157924036137173102082226388992,33.368673532710766,-20378266799767294681603894102183001802884059/1529399098126157924036137173102082226388992,-13.324361721368245,-20378266799767294681603894102183001802884059/71412286006361339127530170729203883709562880,-0.2853607962914395,defined
record,bank,10000,lloyd,0,1,G,52179496169415165/585747572719616,89.08188202495941,339606485525639742104173768245714199453920686235/5197662834981747704836812182787426446382989312,65.33830614021203,-123411101945720373093285216167921537481706803045/5197662834981747704836812182787426446382989312,-23.74357588474739,-8227406796381358206219014411194769165447120203/30867839164757341013163932294242382462375165952,-0.2665365318403892,defined
record,bank,10000,lloyd,0,1,population_average,33418794144495/757759737856,44.1020979011763,124976558422092935114384755714253602918614615/3842298346087776660196694379815810759655424,32.52651074046447,-44476859402597964218973738161211861900605865/3842298346087776660196694379815810759655424,-11.57558716071183,-2965123960173197614598249210747457460040391/11296894521646059955557232925031030987948032,-0.2624724834326551,defined
record,bank,10000,lloyd,0,1,pooled_SSE,33418794144495/16777216,1991915.3538045287,124976558422092935114384755714253602918614615/85070591730234615865843651857942052864,1469092.3841038183,-44476859402597964218973738161211861900605865/85070591730234615865843651857942052864,-522822.9697007105,-2965123960173197614598249210747457460040391/11296894521646059955557232925031030987948032,-0.2624724834326551,defined
record,bank,10000,lloyd,1,2,Phi_A,51034019206594044445926276627020881906678821/1529399098126157924036137173102082226388992,33.368673532710766,6255396804641822945545250293987070579691221/191174887265769740504517146637760278298624,32.720808125523426,-990844769459460881564274275124317269149053/1529399098126157924036137173102082226388992,-0.6478654071873445,-990844769459460881564274275124317269149053/51034019206594044445926276627020881906678821,-0.019415377915824334,defined
record,bank,10000,lloyd,1,2,Phi_B,36971269607749445334229239543616360505967897/1156449623980809368080278603356864266633216,31.969632607501254,9070927252674580793276007735513245627710475/289112405995202342020069650839216066658304,31.375088251401802,-687560597051122161125208601563377995125997/1156449623980809368080278603356864266633216,-0.5945443560994507,-687560597051122161125208601563377995125997/36971269607749445334229239543616360505967897,-0.018597159479397603,defined
record,bank,10000,lloyd,1,2,Phi,51034019206594044445926276627020881906678821/1529399098126157924036137173102082226388992,33.368673532710766,6255396804641822945545250293987070579691221/191174887265769740504517146637760278298624,32.720808125523426,-990844769459460881564274275124317269149053/1529399098126157924036137173102082226388992,-0.6478654071873445,-990844769459460881564274275124317269149053/51034019206594044445926276627020881906678821,-0.019415377915824334,defined
record,bank,10000,lloyd,1,2,G,339606485525639742104173768245714199453920686235/5197662834981747704836812182787426446382989312,65.33830614021203,166574429236592747872500166030988802407811918049/2598831417490873852418406091393713223191494656,64.09589637692523,-6457627052454246359173436183736594638296850137/5197662834981747704836812182787426446382989312,-1.2424097632867952,-6457627052454246359173436183736594638296850137/339606485525639742104173768245714199453920686235,-0.019015028651349786,defined
record,bank,10000,lloyd,1,2,population_average,124976558422092935114384755714253602918614615/3842298346087776660196694379815810759655424,32.52651074046447,478947626791137616838164313421884881481303/15008977914405377578893337421155510779904,31.91074232519533,-2365965963561705203814691478251073259401047/3842298346087776660196694379815810759655424,-0.6157684152691393,-2365965963561705203814691478251073259401047/124976558422092935114384755714253602918614615,-0.01893127794070746,defined
record,bank,10000,lloyd,1,2,pooled_SSE,124976558422092935114384755714253602918614615/85070591730234615865843651857942052864,1469092.3841038183,478947626791137616838164313421884881481303/332306998946228968225951765070086144,1441280.5878597724,-2365965963561705203814691478251073259401047/85070591730234615865843651857942052864,-27811.796244045945,-2365965963561705203814691478251073259401047/124976558422092935114384755714253602918614615,-0.01893127794070746,defined
record,bank,10000,lloyd,0,2,Phi_A,1760448768215/37702598656,46.693035254079014,6255396804641822945545250293987070579691221/191174887265769740504517146637760278298624,32.720808125523426,-2671138946153344445396021047163414884004139/191174887265769740504517146637760278298624,-13.97222712855559,-2671138946153344445396021047163414884004139/8926535750795167390941271341150485463695360,-0.299235786504905,defined
record,bank,10000,lloyd,0,2,Phi_B,2762171999825/65162706944,42.3888467708804,9070927252674580793276007735513245627710475/289112405995202342020069650839216066658304,31.375088251401802,-3184214224616614232452532657769452010996725/289112405995202342020069650839216066658304,-11.013758519478595,-127368568984664569298101306310778080439869/490205659091647801029141615731307905548288,-0.2598268025315718,defined
record,bank,10000,lloyd,0,2,Phi,1760448768215/37702598656,46.693035254079014,6255396804641822945545250293987070579691221/191174887265769740504517146637760278298624,32.720808125523426,-2671138946153344445396021047163414884004139/191174887265769740504517146637760278298624,-13.97222712855559,-2671138946153344445396021047163414884004139/8926535750795167390941271341150485463695360,-0.299235786504905,defined
record,bank,10000,lloyd,0,2,G,52179496169415165/585747572719616,89.08188202495941,166574429236592747872500166030988802407811918049/2598831417490873852418406091393713223191494656,64.09589637692523,-64934364499087309726229326175829066060001826591/2598831417490873852418406091393713223191494656,-24.985985648034184,-64934364499087309726229326175829066060001826591/231508793735680057598729492206817868467813744640,-0.2804833607021626,defined
record,bank,10000,lloyd,0,2,population_average,33418794144495/757759737856,44.1020979011763,478947626791137616838164313421884881481303/15008977914405377578893337421155510779904,31.91074232519533,-182979786586561208682767303279152090468777/15008977914405377578893337421155510779904,-12.19135557598097,-182979786586561208682767303279152090468777/661927413377698825520931616701036971950080,-0.27643482183771123,defined
record,bank,10000,lloyd,0,2,pooled_SSE,33418794144495/16777216,1991915.3538045287,478947626791137616838164313421884881481303/332306998946228968225951765070086144,1441280.5878597724,-182979786586561208682767303279152090468777/332306998946228968225951765070086144,-550634.7659447565,-182979786586561208682767303279152090468777/661927413377698825520931616701036971950080,-0.27643482183771123,defined
record,bank,10001,lloyd,0,1,Phi_A,14605474972817/301654343680,48.41791699280397,28761247684289014249861349084671573762432493/764784619654809196633934430202899055247360,37.60699018407379,-266710662823570672702608186149571837874061/24670471601768038601094659038803195330560,-10.81092680873018,-8268030547530690853780853770636726974095891/37029278231819705103642202855308300736528384,-0.2232835999602572,defined
record,bank,10001,lloyd,0,1,Phi_B,2313989935229/57013174272,40.58693389337268,76416724675746288101890033329445865372225477/2312729106778158266928825519410012649160704,33.04179657348704,-17449858694337664710484676618235636214689851/2312729106778158266928825519410012649160704,-7.545137319885641,-2492836956333952101497810945462233744955693/13409511910011993258910672849668785940987904,-0.18590064821619018,defined
record,bank,10001,lloyd,0,1,Phi,14605474972817/301654343680,48.41791699280397,28761247684289014249861349084671573762432493/764784619654809196633934430202899055247360,37.60699018407379,-266710662823570672702608186149571837874061/24670471601768038601094659038803195330560,-10.81092680873018,-8268030547530690853780853770636726974095891/37029278231819705103642202855308300736528384,-0.2232835999602572,defined
record,bank,10001,lloyd,0,1,G,364954377447171161/4100387493642240,89.00485088617664,45902801074376258482272563620237491687556149779/649732333435488838115316919359250428623585280,70.64878675756083,-384726721902484846066676948998456077709508723/20959107530177059294042481269653239633018880,-18.35606412861582,-11926528378977030228066985418952138408994770413/57829329453353288710339549039189630096550920192,-0.2062366707640505,defined
record,bank,10001,lloyd,0,1,population_average,33117394454649/757759737856,43.7043469059878,133939220044324316601612731498789012897090463/3842298346087776660196694379815810759655424,34.85914106089681,-33985919789399046418046384159509090162881633/3842298346087776660196694379815810759655424,-8.845205845090991,-1258737769977742459927643857759595931958579/6219449623471235667394782061418448261480448,-0.2023873246319838,defined
record,bank,10001,lloyd,0,1,pooled_SSE,33117394454649/16777216,1973950.532355845,133939220044324316601612731498789012897090463/85070591730234615865843651857942052864,1574447.9651564653,-33985919789399046418046384159509090162881633/85070591730234615865843651857942052864,-399502.5671993797,-1258737769977742459927643857759595931958579/6219449623471235667394782061418448261480448,-0.2023873246319838,defined
record,bank,10001,lloyd,1,2,Phi_A,28761247684289014249861349084671573762432493/764784619654809196633934430202899055247360,37.60699018407379,220929910030174165533162959051133155663997/5974879841053196848702612735960148869120,36.976460766988524,-482219200426721061616490326126529837440877/764784619654809196633934430202899055247360,-0.6305294170852626,-482219200426721061616490326126529837440877/28761247684289014249861349084671573762432493,-0.016766282385243525,defined
record,bank,10001,lloyd,1,2,Phi_B,76416724675746288101890033329445865372225477/2312729106778158266928825519410012649160704,33.04179657348704,290504580981439086879673784495329269013577/9034098073352180730190724685195361910784,32.156456419079454,-682517314832627286897848166213857501583255/770909702259386088976275173136670883053568,-0.8853401544075812,-2047551944497881860693544498641572504749765/76416724675746288101890033329445865372225477,-0.026794552543126064,defined
record,bank,10001,lloyd,1,2,Phi,28761247684289014249861349084671573762432493/764784619654809196633934430202899055247360,37.60699018407379,220929910030174165533162959051133155663997/5974879841053196848702612735960148869120,36.976460766988524,-482219200426721061616490326126529837440877/764784619654809196633934430202899055247360,-0.6305294170852626,-482219200426721061616490326126529837440877/28761247684289014249861349084671573762432493,-0.016766282385243525,defined
record,bank,10001,lloyd,1,2,G,45902801074376258482272563620237491687556149779/649732333435488838115316919359250428623585280,70.64878675756083,5614736450063294823140551424995063113372768451/81216541679436104764414614919906303577948160,69.13291718606798,-328303157956633299049384073425662260191334057/216577444478496279371772306453083476207861760,-1.5158695714928436,-984909473869899897148152220276986780574002171/45902801074376258482272563620237491687556149779,-0.021456413352075227,defined
record,bank,10001,lloyd,1,2,population_average,133939220044324316601612731498789012897090463/3842298346087776660196694379815810759655424,34.85914106089681,255717245505806626206418371773231212338787/7504488957202688789446668710577755389952,34.075237762909,-3011990345351323983926525150894632179631519/3842298346087776660196694379815810759655424,-0.7839032979878121,-3011990345351323983926525150894632179631519/133939220044324316601612731498789012897090463,-0.02248773991930497,defined
record,bank,10001,lloyd,1,2,pooled_SSE,133939220044324316601612731498789012897090463/85070591730234615865843651857942052864,1574447.9651564653,255717245505806626206418371773231212338787/166153499473114484112975882535043072,1539042.1887995477,-3011990345351323983926525150894632179631519/85070591730234615865843651857942052864,-35405.77635691752,-3011990345351323983926525150894632179631519/133939220044324316601612731498789012897090463,-0.02248773991930497,defined
record,bank,10001,lloyd,0,2,Phi_A,14605474972817/301654343680,48.41791699280397,220929910030174165533162959051133155663997/5974879841053196848702612735960148869120,36.976460766988524,-68361326155917280589041750755962943840131/5974879841053196848702612735960148869120,-11.441456225815443,-68361326155917280589041750755962943840131/289291236186091446122204709807096099504128,-0.2363062464565733,defined
record,bank,10001,lloyd,0,2,Phi_B,2313989935229/57013174272,40.58693389337268,290504580981439086879673784495329269013577/9034098073352180730190724685195361910784,32.156456419079454,-3311380882954406686681083749469634633057/392786872754442640443074986312841822208,-8.430477474293221,-76161760307951353793664926237801596560311/366666341289390440673338710733130865573888,-0.20771407607288633,defined
record,bank,10001,lloyd,0,2,Phi,14605474972817/301654343680,48.41791699280397,220929910030174165533162959051133155663997/5974879841053196848702612735960148869120,36.976460766988524,-68361326155917280589041750755962943840131/5974879841053196848702612735960148869120,-11.441456225815443,-68361326155917280589041750755962943840131/289291236186091446122204709807096099504128,-0.2363062464565733,defined
record,bank,10001,lloyd,0,2,G,364954377447171161/4100387493642240,89.00485088617664,5614736450063294823140551424995063113372768451/81216541679436104764414614919906303577948160,69.13291718606798,-70170857895907228941386617604506115160699851/3531153986062439337583244126952447981649920,-19.871933700108663,-1613929731605866265651892204903640648696096573/7228666181669161088792443629898703762068865024,-0.2232679848598564,defined
record,bank,10001,lloyd,0,2,population_average,33117394454649/757759737856,43.7043469059878,255717245505806626206418371773231212338787/7504488957202688789446668710577755389952,34.075237762909,-72261543231934317191353338496882270200221/7504488957202688789446668710577755389952,-9.629109143078802,-72261543231934317191353338496882270200221/327978788737740943397771710270113482539008,-0.2203238310320008,defined
record,bank,10001,lloyd,0,2,pooled_SSE,33117394454649/16777216,1973950.532355845,255717245505806626206418371773231212338787/166153499473114484112975882535043072,1539042.1887995477,-72261543231934317191353338496882270200221/166153499473114484112975882535043072,-434908.3435562972,-72261543231934317191353338496882270200221/327978788737740943397771710270113482539008,-0.2203238310320008,defined
record,bank,10002,lloyd,0,1,Phi_A,14612086301371/301620789248,48.44522268442373,3365412894069145414300696598388976540282816737/97881542280074107138312779078533262488895488,34.3825078321661,-1376480218383881576747003603055558766820030239/97881542280074107138312779078533262488895488,-14.062714852257633,-1376480218383881576747003603055558766820030239/4741893112453026991047700201444535307102846976,-0.29028073508637464,defined
record,bank,10002,lloyd,0,1,Phi_B,2929865919393/65162706944,44.9623113709946,2460159887513707312876379662802846081921264115/74012775934771799557137830614839313064525824,33.23966513135341,-867625589497158276543212947698508206948800013/74012775934771799557137830614839313064525824,-11.722646239641186,-289208529832386092181070982566169402316266671/1109261825670288529806530870167118096290021376,-0.2607216106599787,defined
record,bank,10002,lloyd,0,1,Phi,14612086301371/301620789248,48.44522268442373,3365412894069145414300696598388976540282816737/97881542280074107138312779078533262488895488,34.3825078321661,-1376480218383881576747003603055558766820030239/97881542280074107138312779078533262488895488,-14.062714852257633,-1376480218383881576747003603055558766820030239/4741893112453026991047700201444535307102846976,-0.29028073508637464,defined
record,bank,10002,lloyd,0,1,G,54713236346686159/585747572719616,93.40753405541834,11247272167462174104111902892046164243673137122781/166325210719415926554777989849197646284255657984,67.62217296351952,-4288755617086299706249081169207630802584627212835/166325210719415926554777989849197646284255657984,-25.785361091898817,-4288755617086299706249081169207630802584627212835/15536027784548473810360984061253795046257764335616,-0.27605226230038854,defined
record,bank,10002,lloyd,0,1,population_average,17560573868561/378879868928,46.348659057148545,8285732669096560040053455923994668704125344967/245907094149617706252588440308211888617947136,33.69456541198952,-3111731397378198129833429498452575180717630265/245907094149617706252588440308211888617947136,-12.65409364515902,-3111731397378198129833429498452575180717630265/11397464066474758169886885422447243884842975232,-0.2730196278074916,defined
record,bank,10002,lloyd,0,1,pooled_SSE,17560573868561/8388608,2093383.534975171,8285732669096560040053455923994668704125344967/5444517870735015415413993718908291383296,1521848.741397919,-3111731397378198129833429498452575180717630265/5444517870735015415413993718908291383296,-571534.7935772523,-3111731397378198129833429498452575180717630265/11397464066474758169886885422447243884842975232,-0.2730196278074916,defined
record,bank,10002,lloyd,1,2,Phi_A,3365412894069145414300696598388976540282816737/97881542280074107138312779078533262488895488,34.3825078321661,405763289479211115117009906192225892903757475/12235192785009263392289097384816657811111936,33.16362043566311,-119306578235456493364617348851169397052756937/97881542280074107138312779078533262488895488,-1.2188873965029863,-39768859411818831121539116283723132350918979/1121804298023048471433565532796325513427605579,-0.035450799646518864,defined
record,bank,10002,lloyd,1,2,Phi_B,2460159887513707312876379662802846081921264115/74012775934771799557137830614839313064525824,33.23966513135341,1179036223671312303310137727883816283835296249/37006387967385899778568915307419656532262912,31.86034326588179,-102087440171082706256104207035213514250671617/74012775934771799557137830614839313064525824,-1.3793218654716233,-34029146723694235418701402345071171416890539/820053295837902437625459887600948693973754705,-0.041496262372708856,defined
record,bank,10002,lloyd,1,2,Phi,3365412894069145414300696598388976540282816737/97881542280074107138312779078533262488895488,34.3825078321661,405763289479211115117009906192225892903757475/12235192785009263392289097384816657811111936,33.16362043566311,-119306578235456493364617348851169397052756937/97881542280074107138312779078533262488895488,-1.2188873965029863,-39768859411818831121539116283723132350918979/1121804298023048471433565532796325513427605579,-0.035450799646518864,defined
record,bank,10002,lloyd,1,2,G,11247272167462174104111902892046164243673137122781/166325210719415926554777989849197646284255657984,67.62217296351952,21630248928942218092256093365501862151662836212561/332650421438831853109555979698395292568511315968,65.0239637015449,-864295405982130115967712418590466335683438033001/332650421438831853109555979698395292568511315968,-2.5982092619746093,-96032822886903346218634713176718481742604225889/2499393814991594245358200642676925387482919360618,-0.03842244559896469,defined
record,bank,10002,lloyd,1,2,population_average,8285732669096560040053455923994668704125344967/245907094149617706252588440308211888617947136,33.69456541198952,1990562802629734533544157540268268069642811199/61476773537404426563147110077052972154486784,32.37910332783832,-323481458577621905876825762921596425554100171/245907094149617706252588440308211888617947136,-1.3154620841512017,-35942384286402433986313973657955158394900019/920636963232951115561495102666074300458371663,-0.03904077907124813,defined
record,bank,10002,lloyd,1,2,pooled_SSE,8285732669096560040053455923994668704125344967/5444517870735015415413993718908291383296,1521848.741397919,1990562802629734533544157540268268069642811199/1361129467683753853853498429727072845824,1462434.5809051457,-323481458577621905876825762921596425554100171/5444517870735015415413993718908291383296,-59414.16049277318,-35942384286402433986313973657955158394900019/920636963232951115561495102666074300458371663,-0.03904077907124813,defined
record,bank,10002,lloyd,0,2,Phi_A,14612086301371/301620789248,48.44522268442373,405763289479211115117009906192225892903757475/12235192785009263392289097384816657811111936,33.16362043566311,-186973349577417258763952618988341020484098397/12235192785009263392289097384816657811111936,-15.281602248760619,-186973349577417258763952618988341020484098397/592736639056628373880962525180566913387855872,-0.3154408505521022,defined
record,bank,10002,lloyd,0,2,Phi_B,2929865919393/65162706944,44.9623113709946,1179036223671312303310137727883816283835296249/37006387967385899778568915307419656532262912,31.86034326588179,-484856514834120491399658577366860860599735815/37006387967385899778568915307419656532262912,-13.101968105112809,-161618838278040163799886192455620286866578605/554630912835144264903265435083559048145010688,-0.2913989006705058,defined
record,bank,10002,lloyd,0,2,Phi,14612086301371/301620789248,48.44522268442373,405763289479211115117009906192225892903757475/12235192785009263392289097384816657811111936,33.16362043566311,-186973349577417258763952618988341020484098397/12235192785009263392289097384816657811111936,-15.281602248760619,-186973349577417258763952618988341020484098397/592736639056628373880962525180566913387855872,-0.3154408505521022,defined
record,bank,10002,lloyd,0,2,G,54713236346686159/585747572719616,93.40753405541834,21630248928942218092256093365501862151662836212561/332650421438831853109555979698395292568511315968,65.0239637015449,-9441806640154729528465874757005727940852692458671/332650421438831853109555979698395292568511315968,-28.383570353873427,-9441806640154729528465874757005727940852692458671/31072055569096947620721968122507590092515528671232,-0.3038681048686454,defined
record,bank,10002,lloyd,0,2,population_average,17560573868561/378879868928,46.348659057148545,1990562802629734533544157540268268069642811199/61476773537404426563147110077052972154486784,32.37910332783832,-858803213988955008927563815343542901567932609/61476773537404426563147110077052972154486784,-13.96955572931022,-858803213988955008927563815343542901567932609/2849366016618689542471721355611810971210743808,-0.30140150790739306,defined
record,bank,10002,lloyd,0,2,pooled_SSE,17560573868561/8388608,2093383.534975171,1990562802629734533544157540268268069642811199/1361129467683753853853498429727072845824,1462434.5809051457,-858803213988955008927563815343542901567932609/1361129467683753853853498429727072845824,-630948.9540700255,-858803213988955008927563815343542901567932609/2849366016618689542471721355611810971210743808,-0.30140150790739306,defined
record,bank,10003,lloyd,0,1,Phi_A,7304447559117/150827171840,48.42925495457596,13201383959113886318316224477722236195224479/382392309827404598316967215101449527623680,34.523141862011876,-1063518141237338822289286110468078021840301/76478461965480919663393443020289905524736,-13.906113092564087,-5317590706186694111446430552340390109201505/18518974665300580429762655030062626304425984,-0.287142825253192,defined
record,bank,10003,lloyd,0,1,Phi_B,19815872677223/456105394176,43.44581960715978,3211231835768090305198398172928715878600771/96363712782423261122034396642083860381696,33.32407752925247,-2926105939359682606933545035975033727373111/289091138347269783366103189926251581145088,-10.121742077907305,-2926105939359682606933545035975033727373111/12559801446663953522528739554761181363175424,-0.23297390104338747,defined
record,bank,10003,lloyd,0,1,Phi,7304447559117/150827171840,48.42925495457596,13201383959113886318316224477722236195224479/382392309827404598316967215101449527623680,34.523141862011876,-1063518141237338822289286110468078021840301/76478461965480919663393443020289905524736,-13.906113092564087,-5317590706186694111446430552340390109201505/18518974665300580429762655030062626304425984,-0.287142825253192,defined
record,bank,10003,lloyd,0,1,G,94180851677597383/1025096873410560,91.87507456173574,117553419125855282595758012257817763697803976929/1732619555827970234974178451624667809662894080,67.84721939126435,-24978679051776565265911294048958805834508918649/1039571733496782140984507070974800685797736448,-24.027855170471394,-124893395258882826329556470244794029172544593245/477553652636448674116830507018247320265956524032,-0.2615274630805965,defined
record,bank,10003,lloyd,0,1,population_average,34424767795457/757759737856,45.42966071654611,32468774973722428149506613515294531466829105/960574586521944165049173594953952689913856,33.801409520197296,-11169802584906059325313520624290457563947727/960574586521944165049173594953952689913856,-11.628251196348808,-11169802584906059325313520624290457563947727/43638577558628487474820134139584989030776832,-0.2559616561722117,defined
record,bank,10003,lloyd,0,1,pooled_SSE,34424767795457/16777216,2051876.0559235215,32468774973722428149506613515294531466829105/21267647932558653966460912964485513216,1526674.4623892312,-11169802584906059325313520624290457563947727/21267647932558653966460912964485513216,-525201.5935342903,-11169802584906059325313520624290457563947727/43638577558628487474820134139584989030776832,-0.2559616561722117,defined
record,bank,10003,lloyd,1,2,Phi_A,13201383959113886318316224477722236195224479/382392309827404598316967215101449527623680,34.523141862011876,6446597342496947807521084601766796258995271/191196154913702299158483607550724763811840,33.71719135987156,-308189274119990703274055274188643677233937/382392309827404598316967215101449527623680,-0.8059505021403125,-308189274119990703274055274188643677233937/13201383959113886318316224477722236195224479,-0.02334522464269551,defined
record,bank,10003,lloyd,1,2,Phi_B,3211231835768090305198398172928715878600771/96363712782423261122034396642083860381696,33.32407752925247,18734957081491440864793960386497304791898455/578182276694539566732206379852503162290176,32.403201960113584,-532433933117100966396428651074990479706171/578182276694539566732206379852503162290176,-0.920875569138886,-532433933117100966396428651074990479706171/19267391014608541831190389037572295271604626,-0.02763394030428974,defined
record,bank,10003,lloyd,1,2,Phi,13201383959113886318316224477722236195224479/382392309827404598316967215101449527623680,34.523141862011876,6446597342496947807521084601766796258995271/191196154913702299158483607550724763811840,33.71719135987156,-308189274119990703274055274188643677233937/382392309827404598316967215101449527623680,-0.8059505021403125,-308189274119990703274055274188643677233937/13201383959113886318316224477722236195224479,-0.02334522464269551,defined
record,bank,10003,lloyd,1,2,G,117553419125855282595758012257817763697803976929/1732619555827970234974178451624667809662894080,67.84721939126435,21480278719733129779360369366140180823513284241/324866166717744419057658459679625214311792640,66.12039331998515,-8975797861835771317508126915210397917199382931/5197858667483910704922535354874003428988682240,-1.7268260712791985,-8975797861835771317508126915210397917199382931/352660257377565847787274036773453291093411930787,-0.025451685224133675,defined
record,bank,10003,lloyd,1,2,population_average,32468774973722428149506613515294531466829105/960574586521944165049173594953952689913856,33.801409520197296,31628151766485336479836129590030897309888997/960574586521944165049173594953952689913856,32.92628413271352,-210155801809272917417620981315908539235027/240143646630486041262293398738488172478464,-0.8751253874837837,-840623207237091669670483925263634156940108/32468774973722428149506613515294531466829105,-0.025890203985750104,defined
record,bank,10003,lloyd,1,2,pooled_SSE,32468774973722428149506613515294531466829105/21267647932558653966460912964485513216,1526674.4623892312,31628151766485336479836129590030897309888997/21267647932558653966460912964485513216,1487148.5491381388,-210155801809272917417620981315908539235027/5316911983139663491615228241121378304,-39525.91325109257,-840623207237091669670483925263634156940108/32468774973722428149506613515294531466829105,-0.025890203985750104,defined
record,bank,10003,lloyd,0,2,Phi_A,7304447559117/150827171840,48.42925495457596,6446597342496947807521084601766796258995271/191196154913702299158483607550724763811840,33.71719135987156,-2812889990153342407360242913264516893217721/191196154913702299158483607550724763811840,-14.7120635947044,-2812889990153342407360242913264516893217721/9259487332650290214881327515031313152212992,-0.30378463613581347,defined
record,bank,10003,lloyd,0,2,Phi_B,19815872677223/456105394176,43.44581960715978,18734957081491440864793960386497304791898455/578182276694539566732206379852503162290176,32.403201960113584,-2128215270612155393421172907675019311484131/192727425564846522244068793284167720763392,-11.04261764704619,-6384645811836466180263518723025057934452393/25119602893327907045057479109522362726350848,-0.2541698544737867,defined
record,bank,10003,lloyd,0,2,Phi,7304447559117/150827171840,48.42925495457596,6446597342496947807521084601766796258995271/191196154913702299158483607550724763811840,33.71719135987156,-2812889990153342407360242913264516893217721/191196154913702299158483607550724763811840,-14.7120635947044,-2812889990153342407360242913264516893217721/9259487332650290214881327515031313152212992,-0.30378463613581347,defined
record,bank,10003,lloyd,0,2,G,94180851677597383/1025096873410560,91.87507456173574,21480278719733129779360369366140180823513284241/324866166717744419057658459679625214311792640,66.12039331998515,-2788941523348304117647179107500092231036332837/108288722239248139685886153226541738103930880,-25.754681241750593,-8366824570044912352941537322500276693108998511/29847103289778042132301906688640457516622282752,-0.28032283363693655,defined
record,bank,10003,lloyd,0,2,population_average,34424767795457/757759737856,45.42966071654611,31628151766485336479836129590030897309888997/960574586521944165049173594953952689913856,32.92628413271352,-12010425792143150994984004549554091720887835/960574586521944165049173594953952689913856,-12.503376583832592,-12010425792143150994984004549554091720887835/43638577558628487474820134139584989030776832,-0.2752249606671328,defined
record,bank,10003,lloyd,0,2,pooled_SSE,34424767795457/16777216,2051876.0559235215,31628151766485336479836129590030897309888997/21267647932558653966460912964485513216,1487148.5491381388,-12010425792143150994984004549554091720887835/21267647932558653966460912964485513216,-564727.5067853829,-12010425792143150994984004549554091720887835/43638577558628487474820134139584989030776832,-0.2752249606671328,defined
record,bank,10004,lloyd,0,1,Phi_A,14424259977703/301704675328,47.809202698041,212414500451371416519632351392422979834521117/6119297804339236388461865565445487746613248,34.7122345150038,-80144248645960340177071731999654306401180131/6119297804339236388461865565445487746613248,-13.096968183037195,-80144248645960340177071731999654306401180131/292558749097331756696704083392077286235701248,-0.27394240949292903,defined
record,bank,10004,lloyd,0,1,Phi_B,6579982461017/152018354176,43.284131687144786,51025863232372081650793616402269874369214377/1541649263335311708720818658969625882001408,33.098230866065585,-15703086497223295302300096721906164549404759/1541649263335311708720818658969625882001408,-10.1859008210792,-15703086497223295302300096721906164549404759/66728949729595376953093713124176038918619136,-0.23532644468190575,defined
record,bank,10004,lloyd,0,1,Phi,14424259977703/301704675328,47.809202698041,212414500451371416519632351392422979834521117/6119297804339236388461865565445487746613248,34.7122345150038,-80144248645960340177071731999654306401180131/6119297804339236388461865565445487746613248,-13.096968183037195,-80144248645960340177071731999654306401180131/292558749097331756696704083392077286235701248,-0.27394240949292903,defined
record,bank,10004,lloyd,0,1,G,124513022127217797/1366873031573504,91.09333438518578,3759883985605370693736831943490782921843760124319/55446957405117820915852963888501564472062640128,67.81046538106938,-1290964245940179681186972242348944784484984729185/55446957405117820915852963888501564472062640128,-23.282869004116392,-1290964245940179681186972242348944784484984729185/5050848231545550374923804185839727706328744853504,-0.25559355315357535,defined
record,bank,10004,lloyd,0,1,population_average,17082103680377/378879868928,45.08580444959766,518569679845603906424394049806042226049807379/15369193384351106640786777519263243038621696,33.740852032847144,-174362767629300111990872312331091293697608685/15369193384351106640786777519263243038621696,-11.344952416750514,-174362767629300111990872312331091293697608685/692932447474904018415266362137133519747416064,-0.2516302538071217,defined
record,bank,10004,lloyd,0,1,pooled_SSE,17082103680377/8388608,2036345.4437705278,518569679845603906424394049806042226049807379/340282366920938463463374607431768211456,1523939.322915574,-174362767629300111990872312331091293697608685/340282366920938463463374607431768211456,-512406.12085495377,-174362767629300111990872312331091293697608685/692932447474904018415266362137133519747416064,-0.2516302538071217,defined
record,bank,10004,lloyd,1,2,Phi_A,212414500451371416519632351392422979834521117/6119297804339236388461865565445487746613248,34.7122345150038,415893171901801323426198061350509176992330547/12238595608678472776923731130890975493226496,33.98209935189693,-8935829000941509613066641434336782676711687/12238595608678472776923731130890975493226496,-0.7301351631068724,-8935829000941509613066641434336782676711687/424829000902742833039264702784845959669042234,-0.021033943026378305,defined
record,bank,10004,lloyd,1,2,Phi_B,51025863232372081650793616402269874369214377/1541649263335311708720818658969625882001408,33.098230866065585,1181208956498112591123169582243870786402047631/36999582320047481009299647815271021168033792,31.924926781081478,-43411761078817368495877211410606198459097417/36999582320047481009299647815271021168033792,-1.1733040849841048,-43411761078817368495877211410606198459097417/1224620717576929959619046793654476984861145048,-0.035449148014344505,defined
record,bank,10004,lloyd,1,2,Phi,212414500451371416519632351392422979834521117/6119297804339236388461865565445487746613248,34.7122345150038,415893171901801323426198061350509176992330547/12238595608678472776923731130890975493226496,33.98209935189693,-8935829000941509613066641434336782676711687/12238595608678472776923731130890975493226496,-0.7301351631068724,-8935829000941509613066641434336782676711687/424829000902742833039264702784845959669042234,-0.021033943026378305,defined
record,bank,10004,lloyd,1,2,G,3759883985605370693736831943490782921843760124319/55446957405117820915852963888501564472062640128,67.81046538106938,43852128848318889475556642400873310268233065066475/665363488861413850990235566662018773664751681536,65.9070261329784,-1266478978945558849285340921016084793892056425353/665363488861413850990235566662018773664751681536,-1.9034392480909772,-1266478978945558849285340921016084793892056425353/45118607827264448324841983321889395062125121491828,-0.02806999240300686,defined
record,bank,10004,lloyd,1,2,population_average,518569679845603906424394049806042226049807379/15369193384351106640786777519263243038621696,33.740852032847144,182999572754701385270505973176808103671518975/5588797594309493323922464552459361104953344,32.74399719557411,-61283419080700387722010494279279763812520791/61476773537404426563147110077052972154486784,-0.9968548372730329,-20427806360233462574003498093093254604173597/691426239794138541899192066408056301399743172,-0.029544447671403858,defined
record,bank,10004,lloyd,1,2,pooled_SSE,518569679845603906424394049806042226049807379/340282366920938463463374607431768211456,1523939.322915574,2012995300301715237975565704944889140386708725/1361129467683753853853498429727072845824,1478915.3773353002,-61283419080700387722010494279279763812520791/1361129467683753853853498429727072845824,-45023.94558027381,-20427806360233462574003498093093254604173597/691426239794138541899192066408056301399743172,-0.029544447671403858,defined
record,bank,10004,lloyd,0,2,Phi_A,14424259977703/301704675328,47.809202698041,415893171901801323426198061350509176992330547/12238595608678472776923731130890975493226496,33.98209935189693,-3453557679446167142187961335380518275083101/249767257319968832182116961854917867208704,-13.827103346144067,-169224326292862189967210105433645395479071949/585117498194663513393408166784154572471402496,-0.28921426348552426,defined
record,bank,10004,lloyd,0,2,Phi_B,6579982461017/152018354176,43.284131687144786,1181208956498112591123169582243870786402047631/36999582320047481009299647815271021168033792,31.924926781081478,-420285837012176455751079532736354147644811633/36999582320047481009299647815271021168033792,-11.359204906063304,-420285837012176455751079532736354147644811633/1601494793510289046874249114980224934046859264,-0.26243347072703194,defined
record,bank,10004,lloyd,0,2,Phi,14424259977703/301704675328,47.809202698041,415893171901801323426198061350509176992330547/12238595608678472776923731130890975493226496,33.98209935189693,-3453557679446167142187961335380518275083101/249767257319968832182116961854917867208704,-13.827103346144067,-169224326292862189967210105433645395479071949/585117498194663513393408166784154572471402496,-0.28921426348552426,defined
record,bank,10004,lloyd,0,2,G,124513022127217797/1366873031573504,91.09333438518578,43852128848318889475556642400873310268233065066475/665363488861413850990235566662018773664751681536,65.9070261329784,-342001018984239082112836894473539228728813738277/13578846711457425530412970748204464768668401664,-25.186308252207372,-16758049930227715023529007829203422207711873175573/60610178778546604499085650230076732475944938242048,-0.2764890364613038,defined
record,bank,10004,lloyd,0,2,population_average,17082103680377/378879868928,45.08580444959766,182999572754701385270505973176808103671518975/5588797594309493323922464552459361104953344,32.74399719557411,-758734489597900835685499743603644938602955531/61476773537404426563147110077052972154486784,-12.341807254023548,-758734489597900835685499743603644938602955531/2771729789899616073661065448548534078989664256,-0.27374042461237896,defined
record,bank,10004,lloyd,0,2,pooled_SSE,17082103680377/8388608,2036345.4437705278,2012995300301715237975565704944889140386708725/1361129467683753853853498429727072845824,1478915.3773353002,-758734489597900835685499743603644938602955531/1361129467683753853853498429727072845824,-557430.0664352275,-758734489597900835685499743603644938602955531/2771729789899616073661065448548534078989664256,-0.27374042461237896,defined
record,credit,10000,fair,0,1,Phi_A,388433100037/22540189696,17.232911757878046,6223528623643766376288683338204378748379033/457169359958280825663043785084580592091136,13.613179641373378,-1654830614922872441998573520987851078803559/457169359958280825663043785084580592091136,-3.6197321165046685,-1654830614922872441998573520987851078803559/7878359238566638818287256859192229827182592,-0.210047620933816,defined
record,credit,10000,fair,0,1,Phi_B,7613643563421/412652404736,18.450500896249306,14437521864175245922590987749643771576845557/1046198137098425305918145230548971366121472,13.799988121004443,-4865357802013606109986615257081351311457035/1046198137098425305918145230548971366121472,-4.650512775244866,-4865357802013606109986615257081351311457035/19302879666188852032577603006725122888302592,-0.2520534700600047,defined
record,credit,10000,fair,0,1,Phi,7613643563421/412652404736,18.450500896249306,14437521864175245922590987749643771576845557/1046198137098425305918145230548971366121472,13.799988121004443,-4865357802013606109986615257081351311457035/1046198137098425305918145230548971366121472,-4.650512775244866,-4865357802013606109986615257081351311457035/19302879666188852032577603006725122888302592,-0.2520534700600047,defined
record,credit,10000,fair,0,1,G,39565661311932331/1108797011525632,35.68341265412735,9632762344478050655225137241238942393845835697/351391799297933599625257029310635757596049408,27.41316776237782,-2906096233146412782922907972041485907181017167/351391799297933599625257029310635757596049408,-8.270244891749535,-2906096233146412782922907972041485907181017167/12538858577624463438148045213280428301026852864,-0.23176720713098467,defined
record,credit,10000,fair,0,1,population_average,9167375963569/502813163520,18.232171766132286,35098572351994258221470658837491921902070147/2549565634155131437499334246182523324334080,13.766490998230424,-11385546218950084661971804035150553701717629/2549565634155131437499334246182523324334080,-4.465680767901862,-11385546218950084661971804035150553701717629/46484118570944342883442462872642475603787776,-0.24493411016438646,defined
record,credit,10000,fair,0,1,pooled_SSE,9167375963569/16777216,546418.1878309846,35098572351994258221470658837491921902070147/85070591730234615865843651857942052864,412581.7352169658,-11385546218950084661971804035150553701717629/85070591730234615865843651857942052864,-133836.4526140188,-11385546218950084661971804035150553701717629/46484118570944342883442462872642475603787776,-0.24493411016438646,defined
record,credit,10000,fair,1,2,Phi_A,6223528623643766376288683338204378748379033/457169359958280825663043785084580592091136,13.613179641373378,47101690809176995901478193927015098007845/3571635624674068950492529570973285875712,13.18770887035132,-194512200069110900899474515546446203374873/457169359958280825663043785084580592091136,-0.4254707710220588,-64837400023036966966491505182148734458291/2074509541214588792096227779401459582793011,-0.03125432722043583,defined
record,credit,10000,fair,1,2,Phi_B,14437521864175245922590987749643771576845557/1046198137098425305918145230548971366121472,13.799988121004443,431951975413963915311335893746784849534447/32693691784325790809942038454655355191296,13.212089300390755,-55914422811672784784385377249696035613023/95108921554402300538013202777179215101952,-0.5878988206136869,-615058650928400632628239149746656391743253/14437521864175245922590987749643771576845557,-0.042601400483734356,defined
record,credit,10000,fair,1,2,Phi,14437521864175245922590987749643771576845557/1046198137098425305918145230548971366121472,13.799988121004443,431951975413963915311335893746784849534447/32693691784325790809942038454655355191296,13.212089300390755,-55914422811672784784385377249696035613023/95108921554402300538013202777179215101952,-0.5878988206136869,-615058650928400632628239149746656391743253/14437521864175245922590987749643771576845557,-0.042601400483734356,defined
record,credit,10000,fair,1,2,G,9632762344478050655225137241238942393845835697/351391799297933599625257029310635757596049408,27.41316776237782,2319168145079838431634317204326474241300014709/87847949824483399906314257327658939399012352,26.399798170742073,-32371796741699720789806220357549584422343351/31944709027084872693205184482785068872368128,-1.013369591635746,-356089764158696928687868423933045428645776861/9632762344478050655225137241238942393845835697,-0.03696652646712749,defined
record,credit,10000,fair,1,2,population_average,35098572351994258221470658837491921902070147/2549565634155131437499334246182523324334080,13.766490998230424,526155357032317907114292281600815045550137/39836963033673928710927097596601926942720,13.20771758097027,-1424629501925912166155952815039758986861379/2549565634155131437499334246182523324334080,-0.5587734172601532,-1424629501925912166155952815039758986861379/35098572351994258221470658837491921902070147,-0.04058938601942784,defined
record,credit,10000,fair,1,2,pooled_SSE,35098572351994258221470658837491921902070147/85070591730234615865843651857942052864,412581.7352169658,526155357032317907114292281600815045550137/1329227995784915872903807060280344576,395835.295901679,-1424629501925912166155952815039758986861379/85070591730234615865843651857942052864,-16746.43931528679,-1424629501925912166155952815039758986861379/35098572351994258221470658837491921902070147,-0.04058938601942784,defined
record,credit,10000,fair,0,2,Phi_A,388433100037/22540189696,17.232911757878046,47101690809176995901478193927015098007845/3571635624674068950492529570973285875712,13.18770887035132,-14447990742124869866391000285424197517019/3571635624674068950492529570973285875712,-4.045202887526727,-14447990742124869866391000285424197517019/61549681551301865767869194212439295524864,-0.23473705107771226,defined
record,credit,10000,fair,0,2,Phi_B,7613643563421/412652404736,18.450500896249306,431951975413963915311335893746784849534447/32693691784325790809942038454655355191296,13.212089300390755,-13174078011879823900516476939490403132693/2514899368025060831534002958050411937792,-5.238411595858553,-171263014154437710706714200213375240725009/603214989568401626018050093960160090259456,-0.2839170397223979,defined
record,credit,10000,fair,0,2,Phi,7613643563421/412652404736,18.450500896249306,431951975413963915311335893746784849534447/32693691784325790809942038454655355191296,13.212089300390755,-13174078011879823900516476939490403132693/2514899368025060831534002958050411937792,-5.238411595858553,-171263014154437710706714200213375240725009/603214989568401626018050093960160090259456,-0.2839170397223979,defined
record,credit,10000,fair,0,2,G,39565661311932331/1108797011525632,35.68341265412735,2319168145079838431634317204326474241300014709/87847949824483399906314257327658939399012352,26.399798170742073,-62734346102021340607899546076433294919746039/6757534601883338454331865948281456876847104,-9.28361448338528,-815546499326277427902694098993632833956698507/3134714644406115859537011303320107075256713216,-0.2601661050014924,defined
record,credit,10000,fair,0,2,population_average,9167375963569/502813163520,18.232171766132286,526155357032317907114292281600815045550137/39836963033673928710927097596601926942720,13.20771758097027,-66719665212895816813165400261407878586349/13278987677891309570309032532200642314240,-5.024454185162015,-200158995638687450439496200784223635759047/726314352671005357553788482385038681309184,-0.27558177103702697,defined
record,credit,10000,fair,0,2,pooled_SSE,9167375963569/16777216,546418.1878309846,526155357032317907114292281600815045550137/1329227995784915872903807060280344576,395835.295901679,-200158995638687450439496200784223635759047/1329227995784915872903807060280344576,-150582.8919293056,-200158995638687450439496200784223635759047/726314352671005357553788482385038681309184,-0.27558177103702697,defined
record,credit,10001,fair,0,1,Phi_A,183738950547/11278483456,16.291104319460022,46947408923735616939200865638314207144997/3574294080665638782238337185093846564864,13.134735940639956,-11281788812816760289542673870715104990171/3574294080665638782238337185093846564864,-3.156368378820066,-11281788812816760289542673870715104990171/58229197736552377228743539509029312135168,-0.19374796925520427,defined
record,credit,10001,fair,0,1,Phi_B,3595096307125/206292647936,17.427166421560205,434261523778429647961204985016427582466655/32688374872342651146450423226414233812992,13.28489181473058,-135404225172232502476063345172248423421345/32688374872342651146450423226414233812992,-4.1422746068296235,-27080845034446500495212669034449684684269/113933149790132430087453666037735201177600,-0.2376906553038344,defined
record,credit,10001,fair,0,1,Phi,3595096307125/206292647936,17.427166421560205,434261523778429647961204985016427582466655/32688374872342651146450423226414233812992,13.28489181473058,-135404225172232502476063345172248423421345/32688374872342651146450423226414233812992,-4.1422746068296235,-27080845034446500495212669034449684684269/113933149790132430087453666037735201177600,-0.2376906553038344,defined
record,credit,10001,fair,0,1,G,18704230513562773/554720930299904,33.71827074102023,2322259917692703615136507892486596751362601519/87899040031729388932805188055827874723135488,26.419627755370538,-641543711972922968198567770996801872498281937/87899040031729388932805188055827874723135488,-7.29864298564969,-641543711972922968198567770996801872498281937/2963803629665626583335075663483398623860883456,-0.21645958779168553,defined
record,credit,10001,fair,0,1,population_average,4330052109313/251406581760,17.22330449346228,528156341625900881839606716293055996756649/39836963033673928710927097596601926942720,13.257946926814018,-157967802797866023055148692913678633401687/39836963033673928710927097596601926942720,-3.965357566648262,-157967802797866023055148692913678633401687/686124144423766904894755409206734630158336,-0.23023210024263668,defined
record,credit,10001,fair,0,1,pooled_SSE,4330052109313/8388608,516182.4356690645,528156341625900881839606716293055996756649/1329227995784915872903807060280344576,397340.6693966161,-157967802797866023055148692913678633401687/1329227995784915872903807060280344576,-118841.76627244841,-157967802797866023055148692913678633401687/686124144423766904894755409206734630158336,-0.23023210024263668,defined
record,credit,10001,fair,1,2,Phi_A,46947408923735616939200865638314207144997/3574294080665638782238337185093846564864,13.134735940639956,23454118147172303512890790258394338108122013/1830038569300807056506028638768049441210368,12.816187888396959,-582955221780332359980052948422535950116451/1830038569300807056506028638768049441210368,-0.31854805224299665,-582955221780332359980052948422535950116451/24037073368952635872870843206816874058238464,-0.02425233774646224,defined
record,credit,10001,fair,1,2,Phi_B,434261523778429647961204985016427582466655/32688374872342651146450423226414233812992,13.28489181473058,107735762647209287193498696266258772235764989/8368223967319718693491308345962043856125952,12.874388050313652,-3435187440068702684569779897946688875698691/8368223967319718693491308345962043856125952,-0.4105037644169278,-3435187440068702684569779897946688875698691/111170950087277989878068476164205461111463680,-0.030900045716725538,defined
record,credit,10001,fair,1,2,Phi,434261523778429647961204985016427582466655/32688374872342651146450423226414233812992,13.28489181473058,107735762647209287193498696266258772235764989/8368223967319718693491308345962043856125952,12.874388050313652,-3435187440068702684569779897946688875698691/8368223967319718693491308345962043856125952,-0.4105037644169278,-3435187440068702684569779897946688875698691/111170950087277989878068476164205461111463680,-0.030900045716725538,defined
record,credit,10001,fair,1,2,G,2322259917692703615136507892486596751362601519/87899040031729388932805188055827874723135488,26.419627755370538,578093302495976417257823151277186619919440327269/22502154248122723566798128142291935929122684928,25.690575938710612,-16405236433355708217122869199382148429385661595/22502154248122723566798128142291935929122684928,-0.7290518166599245,-16405236433355708217122869199382148429385661595/594498538929332125474946020476568768348825988864,-0.027595082845621247,defined
record,credit,10001,fair,1,2,population_average,528156341625900881839606716293055996756649/39836963033673928710927097596601926942720,13.257946926814018,7288326710798977261466082584702950574660389/566570140923362541666518721373894072074240,12.863944257494568,-2009071330924517522274916423184612412907571/5099131268310262874998668492365046648668160,-0.39400266931945027,-2009071330924517522274916423184612412907571/67604011728115312875469659685511167584851072,-0.02971822647159533,defined
record,credit,10001,fair,1,2,pooled_SSE,528156341625900881839606716293055996756649/1329227995784915872903807060280344576,397340.6693966161,65594940397190795353194743262326555171943501/170141183460469231731687303715884105728,385532.4093971122,-2009071330924517522274916423184612412907571/170141183460469231731687303715884105728,-11808.259999503924,-2009071330924517522274916423184612412907571/67604011728115312875469659685511167584851072,-0.02971822647159533,defined
record,credit,10001,fair,0,2,Phi_A,183738950547/11278483456,16.291104319460022,23454118147172303512890790258394338108122013/1830038569300807056506028638768049441210368,12.816187888396959,-6359231093942513628225901970228669705084003/1830038569300807056506028638768049441210368,-3.4749164310630625,-6359231093942513628225901970228669705084003/29813349241114817141116692228623007813206016,-0.21330146581359813,defined
record,credit,10001,fair,0,2,Phi_B,3595096307125/206292647936,17.427166421560205,107735762647209287193498696266258772235764989/8368223967319718693491308345962043856125952,12.874388050313652,-38098669084160223318441996262042285271563011/8368223967319718693491308345962043856125952,-4.552778371246552,-38098669084160223318441996262042285271563011/145834431731369510511940692528301057507328000,-0.261246048905233,defined
record,credit,10001,fair,0,2,Phi,3595096307125/206292647936,17.427166421560205,107735762647209287193498696266258772235764989/8368223967319718693491308345962043856125952,12.874388050313652,-38098669084160223318441996262042285271563011/8368223967319718693491308345962043856125952,-4.552778371246552,-38098669084160223318441996262042285271563011/145834431731369510511940692528301057507328000,-0.261246048905233,defined
record,credit,10001,fair,0,2,G,18704230513562773/554720930299904,33.71827074102023,578093302495976417257823151277186619919440327269/22502154248122723566798128142291935929122684928,25.690575938710612,-180640426698423988075956218574563427788945837467/22502154248122723566798128142291935929122684928,-8.027694802309615,-180640426698423988075956218574563427788945837467/758733729194400405333779369851750047708386164736,-0.2380814503794662,defined
record,credit,10001,fair,0,2,population_average,4330052109313/251406581760,17.22330449346228,7288326710798977261466082584702950574660389/566570140923362541666518721373894072074240,12.863944257494568,-22228950089051368473333949116135477488323507/5099131268310262874998668492365046648668160,-4.359360235967713,-22228950089051368473333949116135477488323507/87823890486242163826528692378462032660267008,-0.2531082370181903,defined
record,credit,10001,fair,0,2,pooled_SSE,4330052109313/8388608,516182.4356690645,65594940397190795353194743262326555171943501/170141183460469231731687303715884105728,385532.4093971122,-22228950089051368473333949116135477488323507/170141183460469231731687303715884105728,-130650.02627195235,-22228950089051368473333949116135477488323507/87823890486242163826528692378462032660267008,-0.2531082370181903,defined
record,credit,10002,fair,0,1,Phi_A,806888419807/45130711040,17.878921054264868,94815506832873758209921105467492523612513/7151246617322847396222481984308253818880,13.258598382441054,-33041066877820128705975420795746529797791/7151246617322847396222481984308253818880,-4.620322671823817,-33041066877820128705975420795746529797791/127856573710693886915896526263239053410304,-0.2584229024671305,defined
record,credit,10002,fair,0,1,Phi_B,1627843529839/82510348288,19.7289620467612,107693803973684061382950317310564221413229/8171429104087770328676153903073418280960,13.179310816000358,-53520010688663439237786846405108716181651/8171429104087770328676153903073418280960,-6.549651230760843,-53520010688663439237786846405108716181651/161213814662347500620737163715672937594880,-0.3319815414129232,defined
record,credit,10002,fair,0,1,Phi,1627843529839/82510348288,19.7289620467612,94815506832873758209921105467492523612513/7151246617322847396222481984308253818880,13.258598382441054,-113780797851335249897630377971564046141012293/17584915431996881747311083199413996140625920,-6.470363664320147,-113780797851335249897630377971564046141012293/346932129153371821335826376316128161704181760,-0.3279627001655849,defined
record,credit,10002,fair,0,1,G,1043397042984717/27744104611840,37.60788310102607,92981679490680934306861016239379664008887655/3516983086399376349462216639882799228125184,26.43790919844141,-196423046454563417727710853200534673995681021/17584915431996881747311083199413996140625920,-11.16997390258466,-196423046454563417727710853200534673995681021/661331443907968089262015934397432994040119296,-0.2970115034812982,defined
record,credit,10002,fair,0,1,population_average,9752994488809/502813163520,19.396855922649415,175196907575870001247240791569916469755143/13278987677891309570309032532200642314240,13.193543952718773,-49424221926494777131424561283236278904879/7967392606734785742185419519320385388544,-6.203311969930639,-247121109632473885657122806416181394524395/772711832360083889398845181125930803789824,-0.319810179271741,defined
record,credit,10002,fair,0,1,pooled_SSE,9752994488809/16777216,581323.7720018029,525590722727610003741722374709749409265429/1329227995784915872903807060280344576,395410.5122629817,-247121109632473885657122806416181394524395/1329227995784915872903807060280344576,-185913.25973882127,-247121109632473885657122806416181394524395/772711832360083889398845181125930803789824,-0.319810179271741,defined
record,credit,10002,fair,1,2,Phi_A,94815506832873758209921105467492523612513/7151246617322847396222481984308253818880,13.258598382441054,734585106846018374612724025843220577102649/57209972938582779169779855874466030551040,12.840158264619793,-4787789563394338213328963579343922359491/11441994587716555833955971174893206110208,-0.4184401178212603,-23938947816971691066644817896719611797455/758524054662990065679368843739940188900104,-0.031559905938128345,defined
record,credit,10002,fair,1,2,Phi_B,107693803973684061382950317310564221413229/8171429104087770328676153903073418280960,13.179310816000358,2677836796680584836812453565704489126968771/209188585064646920414109539918679507992576,12.801065583253672,-395622925228635672955372787229774706049457/1045942925323234602070547699593397539962880,-0.3782452327466852,-395622925228635672955372787229774706049457/13784806908631559857017640615752220340893312,-0.02869992505886394,defined
record,credit,10002,fair,1,2,Phi,94815506832873758209921105467492523612513/7151246617322847396222481984308253818880,13.258598382441054,734585106846018374612724025843220577102649/57209972938582779169779855874466030551040,12.840158264619793,-4787789563394338213328963579343922359491/11441994587716555833955971174893206110208,-0.4184401178212603,-23938947816971691066644817896719611797455/758524054662990065679368843739940188900104,-0.031559905938128345,defined
record,credit,10002,fair,1,2,G,92981679490680934306861016239379664008887655/3516983086399376349462216639882799228125184,26.43790919844141,7214380047004104971858126804969496673963824777/281358646911950107956977331190623938250014720,25.641223847873466,-224154312250369772690754494180876446747187623/281358646911950107956977331190623938250014720,-0.7966853505679455,-224154312250369772690754494180876446747187623/7438534359254474744548881299150373120711012400,-0.03013420405479388,defined
record,credit,10002,fair,1,2,population_average,175196907575870001247240791569916469755143/13278987677891309570309032532200642314240,13.193543952718773,16327524410786997682513163931895327943254451/1274782817077565718749667123091261662167040,12.808083221750493,-491378716496522437221952058816653153239277/1274782817077565718749667123091261662167040,-0.3854607309682806,-491378716496522437221952058816653153239277/16818903127283520119735115990711981096493728,-0.029215859843999634,defined
record,credit,10002,fair,1,2,pooled_SSE,525590722727610003741722374709749409265429/1329227995784915872903807060280344576,395410.5122629817,16327524410786997682513163931895327943254451/42535295865117307932921825928971026432,383858.25415586226,-491378716496522437221952058816653153239277/42535295865117307932921825928971026432,-11552.25810711937,-491378716496522437221952058816653153239277/16818903127283520119735115990711981096493728,-0.029215859843999634,defined
record,credit,10002,fair,0,2,Phi_A,806888419807/45130711040,17.878921054264868,734585106846018374612724025843220577102649/57209972938582779169779855874466030551040,12.840158264619793,-288267482839532720714448184262691850179783/57209972938582779169779855874466030551040,-5.038762789645077,-288267482839532720714448184262691850179783/1022852589685551095327172210105912427282432,-0.2818270059111381,defined
record,credit,10002,fair,0,2,Phi_B,1627843529839/82510348288,19.7289620467612,2677836796680584836812453565704489126968771/209188585064646920414109539918679507992576,12.801065583253672,-1449236858675511179078417825416738075460157/209188585064646920414109539918679507992576,-6.927896463507529,-1449236858675511179078417825416738075460157/4127073655356096015890871391121227202428928,-0.3511536211123101,defined
record,credit,10002,fair,0,2,Phi,1627843529839/82510348288,19.7289620467612,734585106846018374612724025843220577102649/57209972938582779169779855874466030551040,12.840158264619793,-969112255492615387513922630980545894538040189/140679323455975053978488665595311969125007360,-6.888803782141408,-969112255492615387513922630980545894538040189/2775457033226974570686611010529025293633454080,-0.34917213413527276,defined
record,credit,10002,fair,0,2,G,1043397042984717/27744104611840,37.60788310102607,7214380047004104971858126804969496673963824777/281358646911950107956977331190623938250014720,25.641223847873466,-3366923055523384456334128145389431230678083959/281358646911950107956977331190623938250014720,-11.966659253152605,-1122307685174461485444709381796477076892694653/3527101034175829809397418316786309301547302912,-0.3181955022835655,defined
record,credit,10002,fair,0,2,population_average,9752994488809/502813163520,19.396855922649415,16327524410786997682513163931895327943254451/1274782817077565718749667123091261662167040,12.808083221750493,-2799751408245228926083293954711485926006639/424927605692521906249889041030420554055680,-6.58877270089892,-8399254224735686778249881864134457778019917/24726778635522684460763045796029785721274368,-0.33968250974145303,defined
record,credit,10002,fair,0,2,pooled_SSE,9752994488809/16777216,581323.7720018029,16327524410786997682513163931895327943254451/42535295865117307932921825928971026432,383858.25415586226,-8399254224735686778249881864134457778019917/42535295865117307932921825928971026432,-197465.51784594063,-8399254224735686778249881864134457778019917/24726778635522684460763045796029785721274368,-0.33968250974145303,defined
record,credit,10003,fair,0,1,Phi_A,1371512610631/90244644864,15.19771741246131,986614102879700910012397035889391837151/74478306138823567503641439346333057024,13.246999751051066,-435858441530766470879789501599448539235/223434918416470702510924318038999171072,-1.9507176614102444,-435858441530766470879789501599448539235/3395700750169869200916980609267624050688,-0.12835596349559447,defined
record,credit,10003,fair,0,1,Phi_B,7398857842331/412568518656,17.9336461890835,13815619964246543829712987978795112144773/1021470176385839569705547481854811045888,13.52523087177043,-1501021590585940107357645270179079102505/340490058795279856568515827284937015296,-4.408415317313072,-4503064771757820322072935810537237307515/18318684736004364151785923789332349452288,-0.24581812704638642,defined
record,credit,10003,fair,0,1,Phi,7398857842331/412568518656,17.9336461890835,13815619964246543829712987978795112144773/1021470176385839569705547481854811045888,13.52523087177043,-1501021590585940107357645270179079102505/340490058795279856568515827284937015296,-4.408415317313072,-4503064771757820322072935810537237307515/18318684736004364151785923789332349452288,-0.24581812704638642,defined
record,credit,10003,fair,0,1,G,12254220490320895/369867676975104,33.13136360154481,24516616999904389082395121477767835371479115/915748013129905174241023317482838102638592,26.772230622821496,-5823363390494732299639204226451973084241845/915748013129905174241023317482838102638592,-6.359132978723316,-1164672678098946459927840845290394616848369/6067996078079824276406865140843961691144192,-0.19193695300928723,defined
record,credit,10003,fair,0,1,population_average,1461728408827/83802193920,17.44260311636242,8387731136442823279875089543231643828113/622452547401155136108235899946905108480,13.475294095048726,-493892321328858679295272531213668584675/124490509480231027221647179989381021696,-3.9673090213136954,-2469461606644293396476362656068342923375/10857192743087116676351452199299986751488,-0.22744936606349042,defined
record,credit,10003,fair,0,1,pooled_SSE,4385185226481/8388608,522754.8153973818,8387731136442823279875089543231643828113/20769187434139310514121985316880384,403854.56402861036,-2469461606644293396476362656068342923375/20769187434139310514121985316880384,-118900.25136877145,-2469461606644293396476362656068342923375/10857192743087116676351452199299986751488,-0.22744936606349042,defined
record,credit,10003,fair,1,2,Phi_A,986614102879700910012397035889391837151/74478306138823567503641439346333057024,13.246999751051066,123345142671306482134731357453557194205325/9533223185769416640466104236330631299072,12.938451168900377,-2941462497295234346855463140284960950003/9533223185769416640466104236330631299072,-0.30854858215068964,-980487499098411448951821046761653650001/42095535056200572160528940197947385051776,-0.023291959534173637,defined
record,credit,10003,fair,1,2,Phi_B,13815619964246543829712987978795112144773/1021470176385839569705547481854811045888,13.52523087177043,3395130079327666316590254226234766895965299/261496365154774929844620155354831627747328,12.983469492274399,-47222877173149634605423565445593937698863/87165455051591643281540051784943875915776,-0.5417613794960318,-141668631519448903816270696336781813096589/3536798710847115220406524922571548709061888,-0.040055610483277174,defined
record,credit,10003,fair,1,2,Phi,13815619964246543829712987978795112144773/1021470176385839569705547481854811045888,13.52523087177043,3395130079327666316590254226234766895965299/261496365154774929844620155354831627747328,12.983469492274399,-47222877173149634605423565445593937698863/87165455051591643281540051784943875915776,-0.5417613794960318,-141668631519448903816270696336781813096589/3536798710847115220406524922571548709061888,-0.040055610483277174,defined
record,credit,10003,fair,1,2,G,24516616999904389082395121477767835371479115/915748013129905174241023317482838102638592,26.772230622821496,12153829039094701109996683449919786969872075257/468862982722511449211403938551213108550959104,25.921920661174774,-132892954952115366729872915565781580108410541/156287660907503816403801312850404369516986368,-0.8503099616467213,-398678864856346100189618746697344740325231623/12552507903951047210186302196617131710197306880,-0.03176089335349929,defined
record,credit,10003,fair,1,2,population_average,8387731136442823279875089543231643828113/622452547401155136108235899946905108480,13.475294095048726,4135200935355505209398642370956110061197249/318695704269391429687416780772815415541760,12.97538962702819,-53105802167740103299134491726163859598869/106231901423130476562472260257605138513920,-0.4999044680205364,-159317406503220309897403475178491578796607/4294518341858725519296045846134601639993856,-0.037097852150345126,defined
record,credit,10003,fair,1,2,pooled_SSE,8387731136442823279875089543231643828113/20769187434139310514121985316880384,403854.56402861036,4135200935355505209398642370956110061197249/10633823966279326983230456482242756608,388872.42712203483,-159317406503220309897403475178491578796607/10633823966279326983230456482242756608,-14982.136906575475,-159317406503220309897403475178491578796607/4294518341858725519296045846134601639993856,-0.037097852150345126,defined
record,credit,10003,fair,0,2,Phi_A,1371512610631/90244644864,15.19771741246131,123345142671306482134731357453557194205325/9533223185769416640466104236330631299072,12.938451168900377,-64614268007823811313179445625584295872089/28599669557308249921398312708991893897216,-2.259266243560934,-64614268007823811313179445625584295872089/434649696021743257717373517986255878488064,-0.14865826112205885,defined
record,credit,10003,fair,0,2,Phi_B,7398857842331/412568518656,17.9336461890835,3395130079327666316590254226234766895965299/261496365154774929844620155354831627747328,12.983469492274399,-431484404363150302088980754611438187940143/87165455051591643281540051784943875915776,-4.950176696809104,-1294453213089450906266942263834314563820429/4689583292417117222857196490069081459785728,-0.2760273423829648,defined
record,credit,10003,fair,0,2,Phi,7398857842331/412568518656,17.9336461890835,3395130079327666316590254226234766895965299/261496365154774929844620155354831627747328,12.983469492274399,-431484404363150302088980754611438187940143/87165455051591643281540051784943875915776,-4.950176696809104,-1294453213089450906266942263834314563820429/4689583292417117222857196490069081459785728,-0.2760273423829648,defined
record,credit,10003,fair,0,2,G,12254220490320895/369867676975104,33.13136360154481,12153829039094701109996683449919786969872075257/468862982722511449211403938551213108550959104,25.921920661174774,-3380240920789649037604891310640754959457056263/468862982722511449211403938551213108550959104,-7.209442940370037,-3380240920789649037604891310640754959457056263/15534069959884350147601574760560541929329131520,-0.21760175726766295,defined
record,credit,10003,fair,0,2,population_average,1461728408827/83802193920,17.44260311636242,4135200935355505209398642370956110061197249/318695704269391429687416780772815415541760,12.97538962702819,-1423681749105098528893301155085483155564607/318695704269391429687416780772815415541760,-4.467213489334232,-1423681749105098528893301155085483155564607/5558882684460603738291943526041593216761856,-0.25610933525992247,defined
record,credit,10003,fair,0,2,pooled_SSE,4385185226481/8388608,522754.8153973818,4135200935355505209398642370956110061197249/10633823966279326983230456482242756608,388872.42712203483,-1423681749105098528893301155085483155564607/10633823966279326983230456482242756608,-133882.38827534692,-1423681749105098528893301155085483155564607/5558882684460603738291943526041593216761856,-0.25610933525992247,defined
record,credit,10004,fair,0,1,Phi_A,1400734011621/90261422080,15.518634421464236,768572547020979517272986614582596915585179/57209972938582779169779855874466030551040,13.434240702159975,-119248108274748636591181856653570051252069/57209972938582779169779855874466030551040,-2.08439371930426,-119248108274748636591181856653570051252069/887820655295728153864168471236166966837248,-0.1343155372241568,defined
record,credit,10004,fair,0,1,Phi_B,1483129572161/82510348288,17.975073465744913,6978396930173777475493676078311833183736257/522971462661617301035273849796698769981440,13.343743260211255,-2422053531656866130488156511894687791951423/522971462661617301035273849796698769981440,-4.631330205533659,-2422053531656866130488156511894687791951423/9400450461830643605981832590206520975687680,-0.25765292221806946,defined
record,credit,10004,fair,0,1,Phi,1483129572161/82510348288,17.975073465744913,768572547020979517272986614582596915585179/57209972938582779169779855874466030551040,13.434240702159975,-638801281107854497034838881506948327036030759/140679323455975053978488665595311969125007360,-4.5408327635849375,-638801281107854497034838881506948327036030759/2528721174232443130009112966765554142459985920,-0.2526183145920599,defined
record,credit,10004,fair,0,1,G,7434023483689129/221952836894720,33.49370788720915,1883554333670667386941036475162244470924504147/70339661727987526989244332797655984562503680,26.77798396237123,-472381749131651943239515143605399886031885229/70339661727987526989244332797655984562503680,-6.715723924837919,-472381749131651943239515143605399886031885229/2355936082802319330180551618767644356956389376,-0.2005070309758859,defined
record,credit,10004,fair,0,1,population_average,4408190936213/251406581760,17.534111101439606,1703108404843147302007929861495405402981323/127478281707756571874966712309126166216704,13.359988713587434,-886849916068787801223506741733942631485187/212463802846260953124944520515210277027840,-4.174122387852171,-2660549748206363403670520225201827894455561/11176091772422099913710169532678854909362176,-0.23805725672112701,defined
record,credit,10004,fair,0,1,pooled_SSE,4408190936213/8388608,525497.309710145,8515542024215736510039649307477027014906615/21267647932558653966460912964485513216,400398.86174621544,-2660549748206363403670520225201827894455561/21267647932558653966460912964485513216,-125098.44796392959,-2660549748206363403670520225201827894455561/11176091772422099913710169532678854909362176,-0.23805725672112701,defined
record,credit,10004,fair,1,2,Phi_A,768572547020979517272986614582596915585179/57209972938582779169779855874466030551040,13.434240702159975,1469217837854282689144568480490514675089339/114419945877165558339559711748932061102080,12.840574487175054,-67927256187676345401404748674679156081019/114419945877165558339559711748932061102080,-0.5936662149849206,-67927256187676345401404748674679156081019/1537145094041959034545973229165193831170358,-0.04419052986667643,defined
record,credit,10004,fair,1,2,Phi_B,6978396930173777475493676078311833183736257/522971462661617301035273849796698769981440,13.343743260211255,677500474062570941480653571380219709810399/52297146266161730103527384979669876998144,12.954826839202504,-203392189548068060687140364509636085632267/522971462661617301035273849796698769981440,-0.3889164210087514,-203392189548068060687140364509636085632267/6978396930173777475493676078311833183736257,-0.029145976014723934,defined
record,credit,10004,fair,1,2,Phi,768572547020979517272986614582596915585179/57209972938582779169779855874466030551040,13.434240702159975,677500474062570941480653571380219709810399/52297146266161730103527384979669876998144,12.954826839202504,-67443617896272800391315978245814796033981851/140679323455975053978488665595311969125007360,-0.4794138629574727,-67443617896272800391315978245814796033981851/1889919893124588632974274085258605815423955161,-0.0356859664484344,defined
record,credit,10004,fair,1,2,G,1883554333670667386941036475162244470924504147/70339661727987526989244332797655984562503680,26.77798396237123,7257759213740312797772410107551757624824631221/281358646911950107956977331190623938250014720,25.795401326377558,-276458120942356749991735793097220258873385367/281358646911950107956977331190623938250014720,-0.982582635993672,-276458120942356749991735793097220258873385367/7534217334682669547764145900648977883698016588,-0.03669367482534943,defined
record,credit,10004,fair,1,2,population_average,1703108404843147302007929861495405402981323/127478281707756571874966712309126166216704,13.359988713587434,8244222578479992103951104194292711773193329/637391408538782859374833561545630831083520,12.934317074307351,-135659722867872203044272556592157620856643/318695704269391429687416780772815415541760,-0.4256716392800824,-271319445735744406088545113184315241713286/8515542024215736510039649307477027014906615,-0.03186167656318182,defined
record,credit,10004,fair,1,2,pooled_SSE,8515542024215736510039649307477027014906615/21267647932558653966460912964485513216,400398.86174621544,8244222578479992103951104194292711773193329/21267647932558653966460912964485513216,387641.48271699133,-135659722867872203044272556592157620856643/10633823966279326983230456482242756608,-12757.37902922407,-271319445735744406088545113184315241713286/8515542024215736510039649307477027014906615,-0.03186167656318182,defined
record,credit,10004,fair,0,2,Phi_A,1400734011621/90261422080,15.518634421464236,1469217837854282689144568480490514675089339/114419945877165558339559711748932061102080,12.840574487175054,-306423472737173618583768461981819258585157/114419945877165558339559711748932061102080,-2.678059934289181,-102141157579057872861256153993939752861719/591880436863818769242778980824111311224832,-0.17257059233157043,defined
record,credit,10004,fair,0,2,Phi_B,1483129572161/82510348288,17.975073465744913,677500474062570941480653571380219709810399/52297146266161730103527384979669876998144,12.954826839202504,-262544572120493419117529687640432387758369/52297146266161730103527384979669876998144,-5.02024662654241,-262544572120493419117529687640432387758369/940045046183064360598183259020652097568768,-0.27928935234170205,defined
record,credit,10004,fair,0,2,Phi,1483129572161/82510348288,17.975073465744913,677500474062570941480653571380219709810399/52297146266161730103527384979669876998144,12.954826839202504,-262544572120493419117529687640432387758369/52297146266161730103527384979669876998144,-5.02024662654241,-262544572120493419117529687640432387758369/940045046183064360598183259020652097568768,-0.27928935234170205,defined
record,credit,10004,fair,0,2,G,7434023483689129/221952836894720,33.49370788720915,7257759213740312797772410107551757624824631221/281358646911950107956977331190623938250014720,25.795401326377558,-2165985117468964522949796367518819803000926283/281358646911950107956977331190623938250014720,-7.698306560831591,-2165985117468964522949796367518819803000926283/9423744331209277320722206475070577427825557504,-0.22984336600640992,defined
record,credit,10004,fair,0,2,population_average,4408190936213/251406581760,17.534111101439606,8244222578479992103951104194292711773193329/637391408538782859374833561545630831083520,12.934317074307351,-2931869193942107809759065338386143136168847/637391408538782859374833561545630831083520,-4.599794027132254,-2931869193942107809759065338386143136168847/11176091772422099913710169532678854909362176,-0.26233402996714195,defined
record,credit,10004,fair,0,2,pooled_SSE,4408190936213/8388608,525497.309710145,8244222578479992103951104194292711773193329/21267647932558653966460912964485513216,387641.48271699133,-2931869193942107809759065338386143136168847/21267647932558653966460912964485513216,-137855.82699315366,-2931869193942107809759065338386143136168847/11176091772422099913710169532678854909362176,-0.26233402996714195,defined
record,credit,10000,lloyd,0,1,Phi_A,388433100037/22540189696,17.232911757878046,400426038121471598141595371154492067243425/28573084997392551603940236567786287005696,14.014098868148562,-91971414288943328001358182545022296955487/28573084997392551603940236567786287005696,-3.2188128897294854,-91971414288943328001358182545022296955487/492397452410414926142953553699514364198912,-0.18678288004683835,defined
record,credit,10000,lloyd,0,1,Phi_B,7613643563421/412652404736,18.450500896249306,1781808054614233802788170145630325608715657/130774767137303163239768153818621420765184,13.62501416457103,-631051903659372701284030230210314752322167/130774767137303163239768153818621420765184,-4.825486731678276,-631051903659372701284030230210314752322167/2412859958273606504072200375840640361037824,-0.2615368958714406,defined
record,credit,10000,lloyd,0,1,Phi,7613643563421/412652404736,18.450500896249306,400426038121471598141595371154492067243425/28573084997392551603940236567786287005696,14.014098868148562,-779457645531661481248331267712928603574496219/175695899648966799812628514655317878798024704,-4.436402028100746,-259819215177220493749443755904309534524832073/1080559117980196779407000401647300108351438848,-0.2404488665672267,defined
record,credit,10000,lloyd,0,1,G,39565661311932331/1108797011525632,35.68341265412735,9712157659566303942037153055766628353578611009/351391799297933599625257029310635757596049408,27.639113032719592,-2826700918058159496110892157513799947448241855/351391799297933599625257029310635757596049408,-8.044299621407761,-2826700918058159496110892157513799947448241855/12538858577624463438148045213280428301026852864,-0.2254352659421803,defined
record,credit,10000,lloyd,0,1,population_average,9167375963569/502813163520,18.232171766132286,1091117046367852700464882758392408837979541/79673926067347857421854195193203853885440,13.694781972279594,-9770585377679946341694438010207257422671/2153349353171563714104167437654158213120,-4.53738979385269,-361511658974158014642694206377668524638827/1452628705342010715107576964770077362618368,-0.24886721406833467,defined
record,credit,10000,lloyd,0,1,pooled_SSE,9167375963569/16777216,546418.1878309846,1091117046367852700464882758392408837979541/2658455991569831745807614120560689152,410432.6157092195,-361511658974158014642694206377668524638827/2658455991569831745807614120560689152,-135985.57212176514,-361511658974158014642694206377668524638827/1452628705342010715107576964770077362618368,-0.24886721406833467,defined
record,credit,10000,lloyd,1,2,Phi_A,400426038121471598141595371154492067243425/28573084997392551603940236567786287005696,14.014098868148562,1571354093197914408099321910742082915554823/114292339989570206415760946271145148022784,13.748551244478055,-30350059287971984467059573875885353418877/114292339989570206415760946271145148022784,-0.2655476236705066,-10116686429323994822353191291961784472959/533901384161962130855460494872656089657900,-0.01894860498480191,defined
record,credit,10000,lloyd,1,2,Phi_B,1781808054614233802788170145630325608715657/130774767137303163239768153818621420765184,13.62501416457103,1698700744407570374525986127123443952103771/130774767137303163239768153818621420765184,12.989514579858277,-41553655103331714131092009253440828305943/65387383568651581619884076909310710382592,-0.6354995847127552,-83107310206663428262184018506881656611886/1781808054614233802788170145630325608715657,-0.04664212286584168,defined
record,credit,10000,lloyd,1,2,Phi,400426038121471598141595371154492067243425/28573084997392551603940236567786287005696,14.014098868148562,1571354093197914408099321910742082915554823/114292339989570206415760946271145148022784,13.748551244478055,-30350059287971984467059573875885353418877/114292339989570206415760946271145148022784,-0.2655476236705066,-10116686429323994822353191291961784472959/533901384161962130855460494872656089657900,-0.01894860498480191,defined
record,credit,10000,lloyd,1,2,G,9712157659566303942037153055766628353578611009/351391799297933599625257029310635757596049408,27.639113032719592,18791074119520258888105379876314455646352271981/702783598595867199250514058621271515192098816,26.73806582433633,-633241199612348995968926235218801060804950037/702783598595867199250514058621271515192098816,-0.9010472083832618,-633241199612348995968926235218801060804950037/19424315319132607884074306111533256707157222018,-0.03260043863623947,defined
record,credit,10000,lloyd,1,2,population_average,1091117046367852700464882758392408837979541/79673926067347857421854195193203853885440,13.694781972279594,929573007869799545133696268803984302663323/70821267615420317708314840171736759009280,13.12561945258656,-362779300114625697515795647903411979866421/637391408538782859374833561545630831083520,-0.569162519693034,-362779300114625697515795647903411979866421/8728936370942821603719062067139270703836328,-0.041560538958934065,defined
record,credit,10000,lloyd,1,2,pooled_SSE,1091117046367852700464882758392408837979541/2658455991569831745807614120560689152,410432.6157092195,8366157070828195906203266419235858723969907/21267647932558653966460912964485513216,393374.8149940192,-362779300114625697515795647903411979866421/21267647932558653966460912964485513216,-17057.80071520023,-362779300114625697515795647903411979866421/8728936370942821603719062067139270703836328,-0.041560538958934065,defined
record,credit,10000,lloyd,0,2,Phi_A,388433100037/22540189696,17.232911757878046,1571354093197914408099321910742082915554823/114292339989570206415760946271145148022784,13.748551244478055,-398235716443745296472492304055974541240825/114292339989570206415760946271145148022784,-3.484360513399992,-398235716443745296472492304055974541240825/1969589809641659704571814214798057456795648,-0.20219221001970908,defined
record,credit,10000,lloyd,0,2,Phi_B,7613643563421/412652404736,18.450500896249306,1698700744407570374525986127123443952103771/130774767137303163239768153818621420765184,12.989514579858277,-64923564896912375413292204428836037175823/11888615194300287567251650347147401887744,-5.460986316391032,-238053071288678709848738082905732136311351/804286652757868834690733458613546787012608,-0.29598038270609567,defined
record,credit,10000,lloyd,0,2,Phi,7613643563421/412652404736,18.450500896249306,1571354093197914408099321910742082915554823/114292339989570206415760946271145148022784,13.748551244478055,-3304453096688385657481274390614533452470659549/702783598595867199250514058621271515192098816,-4.701949651771253,-1101484365562795219160424796871511150823553183/4322236471920787117628001606589200433405755392,-0.25484130096040286,defined
record,credit,10000,lloyd,0,2,G,39565661311932331/1108797011525632,35.68341265412735,18791074119520258888105379876314455646352271981/702783598595867199250514058621271515192098816,26.73806582433633,-571513003248060726199155504567854632336493977/63889418054169745386410368965570137744736256,-8.945346829791024,-6286643035728667988190710550246400955701433747/25077717155248926876296090426560856602053705728,-0.2506864160246274,defined
record,credit,10000,lloyd,0,2,population_average,9167375963569/502813163520,18.232171766132286,929573007869799545133696268803984302663323/70821267615420317708314840171736759009280,13.12561945258656,-3254872571907889814657349298924760176977037/637391408538782859374833561545630831083520,-5.106552313545725,-3254872571907889814657349298924760176977037/11621029642736085720860615718160618900946944,-0.2800846974813803,defined
record,credit,10000,lloyd,0,2,pooled_SSE,9167375963569/16777216,546418.1878309846,8366157070828195906203266419235858723969907/21267647932558653966460912964485513216,393374.8149940192,-3254872571907889814657349298924760176977037/21267647932558653966460912964485513216,-153043.37283696537,-3254872571907889814657349298924760176977037/11621029642736085720860615718160618900946944,-0.2800846974813803,defined
record,credit,10001,lloyd,0,1,Phi_A,183738950547/11278483456,16.291104319460022,25428905438762454514897993674118726810956089/1830038569300807056506028638768049441210368,13.89528388381341,-4384443802352362626218698554504281002249927/1830038569300807056506028638768049441210368,-2.395820435646612,-4384443802352362626218698554504281002249927/29813349241114817141116692228623007813206016,-0.14706310810279208,defined
record,credit,10001,lloyd,0,1,Phi_B,3595096307125/206292647936,17.427166421560205,108907864737883633769706336884996049394341677/8368223967319718693491308345962043856125952,13.014453862994065,-36926566993485876742234355643305008112986323/8368223967319718693491308345962043856125952,-4.412712558566138,-36926566993485876742234355643305008112986323/145834431731369510511940692528301057507328000,-0.25320883796156923,defined
record,credit,10001,lloyd,0,1,Phi,3595096307125/206292647936,17.427166421560205,25428905438762454514897993674118726810956089/1830038569300807056506028638768049441210368,13.89528388381341,-9934370706328684131427848998954709846211115207/2812769281015340445849766017786491991140335616,-3.5318825377467933,-9934370706328684131427848998954709846211115207/49018598365706576720826065276075192954650624000,-0.20266533596519096,defined
record,credit,10001,lloyd,0,1,G,18704230513562773/554720930299904,33.71827074102023,605527069555192231921926070100718241688900839797/22502154248122723566798128142291935929122684928,26.909737746807476,-153206659639208173411853299751031806019485324939/22502154248122723566798128142291935929122684928,-6.808532994212751,-153206659639208173411853299751031806019485324939/758733729194400405333779369851750047708386164736,-0.20192414511725765,defined
record,credit,10001,lloyd,0,1,population_average,4330052109313/251406581760,17.22330449346228,67168385088323044142302165279557388102648883/5099131268310262874998668492365046648668160,13.172515386249534,-4131101079583823936845305419780928911523625/1019826253662052574999733698473009329733632,-4.050789107212744,-2950786485417017097746646728414949222516875/12546270069463166260932670339780290380038144,-0.23519232959914088,defined
record,credit,10001,lloyd,0,1,pooled_SSE,4330052109313/8388608,516182.4356690645,67168385088323044142302165279557388102648883/170141183460469231731687303715884105728,394780.2861258986,-20655505397919119684226527098904644557618125/170141183460469231731687303715884105728,-121402.14954316596,-2950786485417017097746646728414949222516875/12546270069463166260932670339780290380038144,-0.23519232959914088,defined
record,credit,10001,lloyd,1,2,Phi_A,25428905438762454514897993674118726810956089/1830038569300807056506028638768049441210368,13.89528388381341,24022616354078090313198224337658649182381/1787147040332819391119168592546923282432,13.44188016538604,-829746292186490034183011952356270048197945/1830038569300807056506028638768049441210368,-0.45340371842736993,-829746292186490034183011952356270048197945/25428905438762454514897993674118726810956089,-0.03263004356143735,defined
record,credit,10001,lloyd,1,2,Phi_B,108907864737883633769706336884996049394341677/8368223967319718693491308345962043856125952,13.014453862994065,413784465198617804351330216471261359267897/32688374872342651146450423226414233812992,12.65845937017558,-2979041647037475855765801468353141421760045/8368223967319718693491308345962043856125952,-0.3559944928184853,-425577378148210836537971638336163060251435/15558266391126233395672333840713721342048811,-0.02735377884974009,defined
record,credit,10001,lloyd,1,2,Phi,25428905438762454514897993674118726810956089/1830038569300807056506028638768049441210368,13.89528388381341,24022616354078090313198224337658649182381/1787147040332819391119168592546923282432,13.44188016538604,-829746292186490034183011952356270048197945/1830038569300807056506028638768049441210368,-0.45340371842736993,-829746292186490034183011952356270048197945/25428905438762454514897993674118726810956089,-0.03263004356143735,defined
record,credit,10001,lloyd,1,2,G,605527069555192231921926070100718241688900839797/22502154248122723566798128142291935929122684928,26.909737746807476,2294194789678060069865068417914624796457602137/87899040031729388932805188055827874723135488,26.10033953556162,-18213203397608854036468555114574293795754692725/22502154248122723566798128142291935929122684928,-0.8093982112458552,-2023689266400983781829839457174921532861632525/67280785506132470213547341122302026854322315533,-0.0300782645621242,defined
record,credit,10001,lloyd,1,2,population_average,67168385088323044142302165279557388102648883/5099131268310262874998668492365046648668160,13.172515386249534,509874930614930165604123113821895955997421/39836963033673928710927097596601926942720,12.79904118654668,-380878793922396588994881342070941146995799/1019826253662052574999733698473009329733632,-0.37347419970285567,-1904393969611982944974406710354705734978995/67168385088323044142302165279557388102648883,-0.028352534709712027,defined
record,credit,10001,lloyd,1,2,pooled_SSE,67168385088323044142302165279557388102648883/170141183460469231731687303715884105728,394780.2861258986,509874930614930165604123113821895955997421/1329227995784915872903807060280344576,383587.264360804,-1904393969611982944974406710354705734978995/170141183460469231731687303715884105728,-11193.021765094585,-1904393969611982944974406710354705734978995/67168385088323044142302165279557388102648883,-0.028352534709712027,defined
record,credit,10001,lloyd,0,2,Phi_A,183738950547/11278483456,16.291104319460022,24022616354078090313198224337658649182381/1787147040332819391119168592546923282432,13.44188016538604,-5091982514198098301173545416856006885203/1787147040332819391119168592546923282432,-2.849224154073982,-5091982514198098301173545416856006885203/29114598868276188614371769754514656067584,-0.17489447604055497,defined
record,credit,10001,lloyd,0,2,Phi_B,3595096307125/206292647936,17.427166421560205,413784465198617804351330216471261359267897/32688374872342651146450423226414233812992,12.65845937017558,-155881283752044346085938113717414646620103/32688374872342651146450423226414233812992,-4.768707051384624,-155881283752044346085938113717414646620103/569665748950662150437268330188676005888000,-0.27363639825490893,defined
record,credit,10001,lloyd,0,2,Phi,3595096307125/206292647936,17.427166421560205,24022616354078090313198224337658649182381/1787147040332819391119168592546923282432,13.44188016538604,-10946963630292304017546033564185836826456403/2746845000991543404150162126744621085097984,-3.9852862561741635,-10946963630292304017546033564185836826456403/47869724966510328828931704371167180619776000,-0.2286824007856908,defined
record,credit,10001,lloyd,0,2,G,18704230513562773/554720930299904,33.71827074102023,2294194789678060069865068417914624796457602137/87899040031729388932805188055827874723135488,26.10033953556162,-669608839987566513470007245568773827403281319/87899040031729388932805188055827874723135488,-7.617931205458606,-669608839987566513470007245568773827403281319/2963803629665626583335075663483398623860883456,-0.22592888182106421,defined
record,credit,10001,lloyd,0,2,population_average,4330052109313/251406581760,17.22330449346228,509874930614930165604123113821895955997421/39836963033673928710927097596601926942720,12.79904118654668,-1305549731917309179930609595443249438229/295088615064251323784645167382236495872,-4.4242633069156,-176249213808836739290632295384838674160915/686124144423766904894755409206734630158336,-0.2568765656204352,defined
record,credit,10001,lloyd,0,2,pooled_SSE,4330052109313/8388608,516182.4356690645,509874930614930165604123113821895955997421/1329227995784915872903807060280344576,383587.264360804,-176249213808836739290632295384838674160915/1329227995784915872903807060280344576,-132595.17130826053,-176249213808836739290632295384838674160915/686124144423766904894755409206734630158336,-0.2568765656204352,defined
record,credit,10002,lloyd,0,1,Phi_A,806888419807/45130711040,17.878921054264868,391801850507988364661489978676348035734151/28604986469291389584889927937233015275520,13.696977305988364,-23924888866957436600419225275321635581413/5720997293858277916977985587446603055104,-4.181943748276506,-119624444334787183002096126376608177907065/511426294842775547663586105052956213641216,-0.23390358599289962,defined
record,credit,10002,lloyd,0,1,Phi_B,1627843529839/82510348288,19.7289620467612,340740255286109662494015439323806157874655/26148573133080865051763692489834938499072,13.030931116277056,-175143951633402339492343484566347242428961/26148573133080865051763692489834938499072,-6.698030930484145,-175143951633402339492343484566347242428961/515884206919512001986358923890153400303616,-0.3395024489686078,defined
record,credit,10002,lloyd,0,1,Phi,1627843529839/82510348288,19.7289620467612,391801850507988364661489978676348035734151/28604986469291389584889927937233015275520,13.696977305988364,-424287766214343896640701647699372826946449731/70339661727987526989244332797655984562503680,-6.031984740772837,-424287766214343896640701647699372826946449731/1387728516613487285343305505264512646816727040,-0.30574262986952605,defined
record,credit,10002,lloyd,0,1,G,1043397042984717/27744104611840,37.60788310102607,1880032037118778380811505389346178384553099259/70339661727987526989244332797655984562503680,26.72790842226542,-153058747702618795247311669648710718321475585/14067932345597505397848866559531196912500736,-10.879974678760652,-765293738513093976236558348243553591607377925/2645325775631872357048063737589731976160477184,-0.2893003748584777,defined
record,credit,10002,lloyd,0,1,population_average,9752994488809/502813163520,19.396855922649415,349250521156422779521927862549229804184571/26557975355782619140618065064401284628480,13.150494963479153,-99534420250179888046381354920834439005187/15934785213469571484370839038640770777088,-6.246360959170262,-497672101250899440231906774604172195025935/1545423664720167778797690362251861607579648,-0.3220295590212886,defined
record,credit,10002,lloyd,0,1,pooled_SSE,9752994488809/16777216,581323.7720018029,1047751563469268338565783587647689412553713/2658455991569831745807614120560689152,394120.3340554702,-497672101250899440231906774604172195025935/2658455991569831745807614120560689152,-187203.43794633274,-497672101250899440231906774604172195025935/1545423664720167778797690362251861607579648,-0.3220295590212886,defined
record,credit,10002,lloyd,1,2,Phi_A,391801850507988364661489978676348035734151/28604986469291389584889927937233015275520,13.696977305988364,6064992050897639838172057269184773931859/446952913582677962263905124019265863680,13.569644288213661,-728471850107883003695662689704500819035/5720997293858277916977985587446603055104,-0.12733301777470285,-3642359250539415018478313448522504095175/391801850507988364661489978676348035734151,-0.0092964319740117,defined
record,credit,10002,lloyd,1,2,Phi_B,340740255286109662494015439323806157874655/26148573133080865051763692489834938499072,13.030931116277056,25631046155519067062943236909624247649889/2042857276021942582169038475768354570240,12.546665132392617,-63314322477328020441710034403078939780379/130742865665404325258818462449174692495360,-0.48426598388443864,-63314322477328020441710034403078939780379/1703701276430548312470077196619030789373275,-0.0371628074435554,defined
record,credit,10002,lloyd,1,2,Phi,391801850507988364661489978676348035734151/28604986469291389584889927937233015275520,13.696977305988364,6064992050897639838172057269184773931859/446952913582677962263905124019265863680,13.569644288213661,-728471850107883003695662689704500819035/5720997293858277916977985587446603055104,-0.12733301777470285,-3642359250539415018478313448522504095175/391801850507988364661489978676348035734151,-0.0092964319740117,defined
record,credit,10002,lloyd,1,2,G,1880032037118778380811505389346178384553099259/70339661727987526989244332797655984562503680,26.72790842226542,28703318284826554441928550282303204334081563/1099057214499805109206942699963374758789120,26.116309420606278,-43019666889878896528078171278773307171879227/70339661727987526989244332797655984562503680,-0.6115990016591415,-43019666889878896528078171278773307171879227/1880032037118778380811505389346178384553099259,-0.0228824115975216,defined
record,credit,10002,lloyd,1,2,population_average,349250521156422779521927862549229804184571/26557975355782619140618065064401284628480,13.150494963479153,7924009551604176725278823544702255395437/622452547401155136108235899946905108480,12.730303032236367,-33478340863933717730094173925800721937777/79673926067347857421854195193203853885440,-0.42019193124278437,-33478340863933717730094173925800721937777/1047751563469268338565783587647689412553713,-0.031952556341774116,defined
record,credit,10002,lloyd,1,2,pooled_SSE,1047751563469268338565783587647689412553713/2658455991569831745807614120560689152,394120.3340554702,7924009551604176725278823544702255395437/20769187434139310514121985316880384,381527.18187612394,-33478340863933717730094173925800721937777/2658455991569831745807614120560689152,-12593.152179346249,-33478340863933717730094173925800721937777/1047751563469268338565783587647689412553713,-0.031952556341774116,defined
record,credit,10002,lloyd,0,2,Phi_A,806888419807/45130711040,17.878921054264868,6064992050897639838172057269184773931859/446952913582677962263905124019265863680,13.569644288213661,-385208761204145618814295124453533381257/89390582716535592452781024803853172736,-4.30927676605121,-1926043806020728094071475622267666906285/7991035856918367932243532891452440838144,-0.24102554919125094,defined
record,credit,10002,lloyd,0,2,Phi_B,1627843529839/82510348288,19.7289620467612,25631046155519067062943236909624247649889/2042857276021942582169038475768354570240,12.546665132392617,-14672407510067808092241054019293986748831/2042857276021942582169038475768354570240,-7.1822969143685835,-14672407510067808092241054019293986748831/40303453665586875155184290928918234398720,-0.36404839227452734,defined
record,credit,10002,lloyd,0,2,Phi,1627843529839/82510348288,19.7289620467612,6064992050897639838172057269184773931859/446952913582677962263905124019265863680,13.569644288213661,-6769442618928442471424059694832651008070079/1099057214499805109206942699963374758789120,-6.15931775854754,-6769442618928442471424059694832651008070079/21683258072085738833489148519758010106511360,-0.3121967462834003,defined
record,credit,10002,lloyd,0,2,G,1043397042984717/27744104611840,37.60788310102607,28703318284826554441928550282303204334081563/1099057214499805109206942699963374758789120,26.116309420606278,-12629896959421451136947445617536357793425893/1099057214499805109206942699963374758789120,-11.491573680419792,-4209965653140483712315815205845452597808631/13777738414749335192958665299946520709169152,-0.30556289620317034,defined
record,credit,10002,lloyd,0,2,population_average,9752994488809/502813163520,19.396855922649415,7924009551604176725278823544702255395437/622452547401155136108235899946905108480,12.730303032236367,-1383204276340711348859377470130137804593/207484182467051712036078633315635036160,-6.666552890413046,-4149612829022134046578132410390413413779/12073622380626310771856955955092668809216,-0.34369244773471835,defined
record,credit,10002,lloyd,0,2,pooled_SSE,9752994488809/16777216,581323.7720018029,7924009551604176725278823544702255395437/20769187434139310514121985316880384,381527.18187612394,-4149612829022134046578132410390413413779/20769187434139310514121985316880384,-199796.59012567898,-4149612829022134046578132410390413413779/12073622380626310771856955955092668809216,-0.34369244773471835,defined
record,credit,10003,lloyd,0,1,Phi_A,1371512610631/90244644864,15.19771741246131,1524078882129430101286809438002710726967/111717459208235351255462159019499585536,13.642262301084282,-173771492955504499171680866631101298377/111717459208235351255462159019499585536,-1.5554551113770299,-173771492955504499171680866631101298377/1697850375084934600458490304633812025344,-0.10234794273129728,defined
record,credit,10003,lloyd,0,1,Phi_B,7398857842331/412568518656,17.9336461890835,975430387962759652167061635992268964385/72962155456131397836110534418200788992,13.368990840042255,-777109884087621503574510147573430658483/170245029397639928284257913642468507648,-4.564655349041248,-122701560645413921617027918037910103971/482070650947483267152261152350851301376,-0.2545302444864685,defined
record,credit,10003,lloyd,0,1,Phi,7398857842331/412568518656,17.9336461890835,1524078882129430101286809438002710726967/111717459208235351255462159019499585536,13.642262301084282,-3929826269012973921828103713828231455027693/915748013129905174241023317482838102638592,-4.2913838879992205,-3929826269012973921828103713828231455027693/16422700865827912462076080677136451283976192,-0.2392923247594488,defined
record,credit,10003,lloyd,0,1,G,12254220490320895/369867676975104,33.13136360154481,588940509431798450823732560872552085736777/21803524122140599386691031368639002443776,27.011253141126534,-2802239497131793223718779073786310427388163/457874006564952587120511658741419051319296,-6.120110460418277,-2802239497131793223718779073786310427388163/15169990195199560691017162852109904227860480,-0.18472256481869992,defined
record,credit,10003,lloyd,0,1,population_average,1461728408827/83802193920,17.44260311636242,4176045798934373833228120444974296738831/311226273700577568054117949973452554240,13.418037459626674,-1252550572609184504947605654675696636913/311226273700577568054117949973452554240,-4.0245656567357475,-1252550572609184504947605654675696636913/5428596371543558338175726099649993375744,-0.2307319400600484,defined
record,credit,10003,lloyd,0,1,pooled_SSE,4385185226481/8388608,522754.8153973818,4176045798934373833228120444974296738831/10384593717069655257060992658440192,402138.5826650114,-1252550572609184504947605654675696636913/10384593717069655257060992658440192,-120616.23273237035,-1252550572609184504947605654675696636913/5428596371543558338175726099649993375744,-0.2307319400600484,defined
record,credit,10003,lloyd,1,2,Phi_A,1524078882129430101286809438002710726967/111717459208235351255462159019499585536,13.642262301084282,97042984050910169487148258314100696155221/7149917389327062480349578177247973474304,13.572602138840052,-166021468457785665069181906024263456889/2383305796442354160116526059082657824768,-0.06966016224422894,-498064405373356995207545718072790370667/97541048456283526482355804032173486525888,-0.005106203114031343,defined
record,credit,10003,lloyd,1,2,Phi_B,975430387962759652167061635992268964385/72962155456131397836110534418200788992,13.368990840042255,69579172271606308355668583193572024953601/5447840940724477705096253236558992244736,12.771880278566533,-9758890088839237018416056881552173161437/16343522822173433115288759709676976734208,-0.5971105614757208,-513625794149433527285055625344851219023/11499810889666219057127463498014118316960,-0.044663847003865075,defined
record,credit,10003,lloyd,1,2,Phi,1524078882129430101286809438002710726967/111717459208235351255462159019499585536,13.642262301084282,97042984050910169487148258314100696155221/7149917389327062480349578177247973474304,13.572602138840052,-166021468457785665069181906024263456889/2383305796442354160116526059082657824768,-0.06966016224422894,-498064405373356995207545718072790370667/97541048456283526482355804032173486525888,-0.005106203114031343,defined
record,credit,10003,lloyd,1,2,G,588940509431798450823732560872552085736777/21803524122140599386691031368639002443776,27.011253141126534,1543994075563251324576436891397131250835186095/58607872840313931151425492318901638568869888,26.344482417406585,-39078013789422911237756232228288755625270481/58607872840313931151425492318901638568869888,-0.6667707237199498,-39078013789422911237756232228288755625270481/1583072089352674235814193123625420006460456576,-0.024684923732943898,defined
record,credit,10003,lloyd,1,2,population_average,4176045798934373833228120444974296738831/311226273700577568054117949973452554240,13.418037459626674,514518017680548019621159757475532845876827/39836963033673928710927097596601926942720,12.915593421256265,-20015844583051831032039659481177136693541/39836963033673928710927097596601926942720,-0.5024440383704091,-20015844583051831032039659481177136693541/534533862263599850653199416956709982570368,-0.03744541926359985,defined
record,credit,10003,lloyd,1,2,pooled_SSE,4176045798934373833228120444974296738831/10384593717069655257060992658440192,402138.5826650114,514518017680548019621159757475532845876827/1329227995784915872903807060280344576,387080.3348350503,-20015844583051831032039659481177136693541/1329227995784915872903807060280344576,-15058.24782996116,-20015844583051831032039659481177136693541/534533862263599850653199416956709982570368,-0.03744541926359985,defined
record,credit,10003,lloyd,0,2,Phi_A,1371512610631/90244644864,15.19771741246131,97042984050910169487148258314100696155221/7149917389327062480349578177247973474304,13.572602138840052,-11619439954525644942195121182463273466795/7149917389327062480349578177247973474304,-1.6251152736212586,-11619439954525644942195121182463273466795/108662424005435814429343379496563969622016,-0.10693153646143938,defined
record,credit,10003,lloyd,0,2,Phi_B,7398857842331/412568518656,17.9336461890835,69579172271606308355668583193572024953601/5447840940724477705096253236558992244736,12.771880278566533,-84361438961250901361569031048601516375805/16343522822173433115288759709676976734208,-5.161765910516968,-4440075734802679019029949002557974546095/15426260830319464548872356875227241644032,-0.2878257915927335,defined
record,credit,10003,lloyd,0,2,Phi,7398857842331/412568518656,17.9336461890835,97042984050910169487148258314100696155221/7149917389327062480349578177247973474304,13.572602138840052,-255591515147675738286714889936049475790129751/58607872840313931151425492318901638568869888,-4.36104405024345,-255591515147675738286714889936049475790129751/1051052855412986397572869163336732882174476288,-0.24317665265962965,defined
record,credit,10003,lloyd,0,2,G,12254220490320895/369867676975104,33.13136360154481,1543994075563251324576436891397131250835186095/58607872840313931151425492318901638568869888,26.344482417406585,-132588223140764147957919984557645496776985115/19535957613437977050475164106300546189623296,-6.786881184138227,-79552933884458488774751990734587298066191069/388351748997108753690039369014013548233228288,-0.20484762612734042,defined
record,credit,10003,lloyd,0,2,population_average,1461728408827/83802193920,17.44260311636242,514518017680548019621159757475532845876827/39836963033673928710927097596601926942720,12.915593421256265,-36068463575405489533066636655933261243681/7967392606734785742185419519320385388544,-4.527009695106157,-180342317877027447665333183279666306218405/694860335557575467286492940755199152095232,-0.2595375050905959,defined
record,credit,10003,lloyd,0,2,pooled_SSE,4385185226481/8388608,522754.8153973818,514518017680548019621159757475532845876827/1329227995784915872903807060280344576,387080.3348350503,-180342317877027447665333183279666306218405/1329227995784915872903807060280344576,-135674.4805623315,-180342317877027447665333183279666306218405/694860335557575467286492940755199152095232,-0.2595375050905959,defined
record,credit,10004,lloyd,0,1,Phi_A,1400734011621/90261422080,15.518634421464236,25632379519715855656168608032970416224169/1787811654330711849055620496077063454720,14.337293001544749,-422403191655129830417331338631960297899/357562330866142369811124099215412690944,-1.1813414199194865,-2112015958275649152086656693159801489495/27744395477991504808255264726130217713664,-0.0761240575578958,defined
record,credit,10004,lloyd,0,1,Phi_B,1483129572161/82510348288,17.975073465744913,53050384611362808967269741249110816918717/4085714552043885164338076951536709140480,12.984359023521177,-20390634621689094204463325861877628203843/4085714552043885164338076951536709140480,-4.990714442223735,-20390634621689094204463325861877628203843/73441019233051903171733067110988445122560,-0.27764640026281595,defined
record,credit,10004,lloyd,0,1,Phi,1483129572161/82510348288,17.975073465744913,25632379519715855656168608032970416224169/1787811654330711849055620496077063454720,14.337293001544749,-15992515455782558754266173058349313456642989/4396228857999220436827770799853499035156480,-3.6377804642001634,-15992515455782558754266173058349313456642989/79022536694763847812784780211423566951874560,-0.20237917086306656,defined
record,credit,10004,lloyd,0,1,G,7434023483689129/221952836894720,33.49370788720915,120112235080807671507300848737117492499771063/4396228857999220436827770799853499035156480,27.321652025065926,-27133770094337286628983627435860279810003273/4396228857999220436827770799853499035156480,-6.172055862143221,-1596104123196310978175507496227075282941369/8661529716184997537428498598410457194692608,-0.1842750848287017,defined
record,credit,10004,lloyd,0,1,population_average,4408190936213/251406581760,17.534111101439606,43911049580813824530236030177064016687201/3319746919472827392577258133050160578560,13.22722805260916,-42893285201653837561013308416915057897181/9959240758418482177731774399150481735680,-4.306883048830446,-2523134423626696327118429906877356346893/10272143173182077126571846996947476938752,-0.24562882166731778,defined
record,credit,10004,lloyd,0,1,pooled_SSE,4408190936213/8388608,525497.309710145,131733148742441473590708090531192050061603/332306998946228968225951765070086144,396420.0247366965,-42893285201653837561013308416915057897181/332306998946228968225951765070086144,-129077.28497344848,-2523134423626696327118429906877356346893/10272143173182077126571846996947476938752,-0.24562882166731778,defined
record,credit,10004,lloyd,1,2,Phi_A,25632379519715855656168608032970416224169/1787811654330711849055620496077063454720,14.337293001544749,50075610954063881829753974918002482944051/3575623308661423698111240992154126909440,14.004722150894096,-1189148085367829482583241147938349504287/3575623308661423698111240992154126909440,-0.3325708506506523,-1189148085367829482583241147938349504287/51264759039431711312337216065940832448338,-0.023196209397047262,defined
record,credit,10004,lloyd,1,2,Phi_B,53050384611362808967269741249110816918717/4085714552043885164338076951536709140480,12.984359023521177,408336971321973205252045038106859175926903/32685716416351081314704615612293673123840,12.492826105463669,-16066105568929266486112891886027359422833/32685716416351081314704615612293673123840,-0.4915329180575088,-16066105568929266486112891886027359422833/424403076890902471738157929992886535349736,-0.037855770713602147,defined
record,credit,10004,lloyd,1,2,Phi,25632379519715855656168608032970416224169/1787811654330711849055620496077063454720,14.337293001544749,50075610954063881829753974918002482944051/3575623308661423698111240992154126909440,14.004722150894096,-1189148085367829482583241147938349504287/3575623308661423698111240992154126909440,-0.3325708506506523,-1189148085367829482583241147938349504287/51264759039431711312337216065940832448338,-0.023196209397047262,defined
record,credit,10004,lloyd,1,2,G,120112235080807671507300848737117492499771063/4396228857999220436827770799853499035156480,27.321652025065926,58244643155413469408041284893528305970939579/2198114428999610218413885399926749517578240,26.497548256357767,-724589753996146538243655790012176111578381/879245771599844087365554159970699807031296,-0.824103768708161,-3622948769980732691218278950060880557891905/120112235080807671507300848737117492499771063,-0.03016302850032995,defined
record,credit,10004,lloyd,1,2,population_average,43911049580813824530236030177064016687201/3319746919472827392577258133050160578560,13.22722805260916,11299737627335577086923399732063647595889/885265845192753971353935502146709487616,12.764230867706436,-6148133913221641817093124727301352810469/13278987677891309570309032532200642314240,-0.4629971849027244,-6148133913221641817093124727301352810469/175644198323255298120944120708256066748804,-0.03500334182348924,defined
record,credit,10004,lloyd,1,2,pooled_SSE,131733148742441473590708090531192050061603/332306998946228968225951765070086144,396420.0247366965,508488193230100968911552987942864141815005/1329227995784915872903807060280344576,382543.99910516187,-18444401739664925451279374181904058431407/1329227995784915872903807060280344576,-13876.02563153465,-6148133913221641817093124727301352810469/175644198323255298120944120708256066748804,-0.03500334182348924,defined
record,credit,10004,lloyd,0,2,Phi_A,1400734011621/90261422080,15.518634421464236,50075610954063881829753974918002482944051/3575623308661423698111240992154126909440,14.004722150894096,-5413180001919127786756554534257952483277/3575623308661423698111240992154126909440,-1.5139122705701387,-5413180001919127786756554534257952483277/55488790955983009616510529452260435427328,-0.09755447737567723,defined
record,credit,10004,lloyd,0,2,Phi_B,1483129572161/82510348288,17.975073465744913,408336971321973205252045038106859175926903/32685716416351081314704615612293673123840,12.492826105463669,-179191182542442020121819498781048385053577/32685716416351081314704615612293673123840,-5.482247360281243,-179191182542442020121819498781048385053577/587528153864415225373864536887907560980480,-0.30499165250861193,defined
record,credit,10004,lloyd,0,2,Phi,1483129572161/82510348288,17.975073465744913,50075610954063881829753974918002482944051/3575623308661423698111240992154126909440,14.004722150894096,-34909146053484610206204536099479028344327711/8792457715998440873655541599706998070312960,-3.9703513148508156,-34909146053484610206204536099479028344327711/158045073389527695625569560422847133903749120,-0.22088095063517332,defined
record,credit,10004,lloyd,0,2,G,7434023483689129/221952836894720,33.49370788720915,58244643155413469408041284893528305970939579/2198114428999610218413885399926749517578240,26.497548256357767,-15378359432159009660100953192960580183947589/2198114428999610218413885399926749517578240,-6.996159630851382,-15378359432159009660100953192960580183947589/73623002587572479068142238086488886154887168,-0.2088798186934428,defined
record,credit,10004,lloyd,0,2,population_average,4408190936213/251406581760,17.534111101439606,11299737627335577086923399732063647595889/885265845192753971353935502146709487616,12.764230867706436,-190017542546280275695332607849564290020131/39836963033673928710927097596601926942720,-4.76988023373317,-190017542546280275695332607849564290020131/698505735776381244606885595792428431835136,-0.27203433388428505,defined
record,credit,10004,lloyd,0,2,pooled_SSE,4408190936213/8388608,525497.309710145,508488193230100968911552987942864141815005/1329227995784915872903807060280344576,382543.99910516187,-190017542546280275695332607849564290020131/1329227995784915872903807060280344576,-142953.31060498313,-190017542546280275695332607849564290020131/698505735776381244606885595792428431835136,-0.27203433388428505,defined
client,adult,10000,fair,0,1,Phi_A,351573533373/3124756480,112.51229835772675,2484864885768852287336244374345894058747229/25747146278353820458146742757630274437120,96.51030288579716,-412005718161326503538462129064884799838883/25747146278353820458146742757630274437120,-16.001995471929586,-412005718161326503538462129064884799838883/2896870603930178790874706503410778858586112,-0.14222441195763427,defined
client,adult,10000,fair,0,1,Phi_B,17632415235535/169256943616,104.17543209062292,163763997341907137298754761904479942613229811/1716469329340943844325127363537696800636928,95.4074707555573,-15049936712487419878425271139886877532659469/1716469329340943844325127363537696800636928,-8.767961335065625,-15049936712487419878425271139886877532659469/178813934054394557177180033044366820145889280,-0.08416534646516576,defined
client,adult,10000,fair,0,1,Phi,351573533373/3124756480,112.51229835772675,2484864885768852287336244374345894058747229/25747146278353820458146742757630274437120,96.51030288579716,-412005718161326503538462129064884799838883/25747146278353820458146742757630274437120,-16.001995471929586,-412005718161326503538462129064884799838883/2896870603930178790874706503410778858586112,-0.14222441195763427,defined
client,adult,10000,fair,0,1,G,27323547716207617/126096422993920,216.68773044834967,3190442115861430867989108756762555585756101584591/16624005454667041132288858515862593514168647680,191.91777364135444,-411775897071355377103206363090354188306979510577/16624005454667041132288858515862593514168647680,-24.76995680699521,-411775897071355377103206363090354188306979510577/3602218012932786245092315119852909774063081095168,-0.11431176447205188,defined
client,adult,10000,fair,0,1,population_average,26773327103233/250500612096,106.87928815508279,243279673686510410493514581883548552493141139/2540378010248266098985823131781865582624768,95.76514703917437,-1045708136801846962653928121109747819537175/94088074453639485147623078954883910467584,-11.114141115908417,-28234119693649867991656059269963191127503725/271513793380160278485170641153511743620644864,-0.10398779134626815,defined
client,adult,10000,fair,0,1,pooled_SSE,26773327103233/8388608,3191629.302887082,243279673686510410493514581883548552493141139/85070591730234615865843651857942052864,2859738.820883825,-28234119693649867991656059269963191127503725/85070591730234615865843651857942052864,-331890.48200325714,-28234119693649867991656059269963191127503725/271513793380160278485170641153511743620644864,-0.10398779134626815,defined
client,adult,10000,fair,1,2,Phi_A,2484864885768852287336244374345894058747229/25747146278353820458146742757630274437120,96.51030288579716,501896470267947458697098690300832570808982353/5273015557806862429828452916762680204722176,95.1820575467247,-35019291687567448746820787826032662112250731/26365077789034312149142264583813401023610880,-1.3282453390724518,-35019291687567448746820787826032662112250731/2544501643027304742232314239330195516157162496,-0.013762731017891373,defined
client,adult,10000,fair,1,2,Phi_B,163763997341907137298754761904479942613229811/1716469329340943844325127363537696800636928,95.4074707555573,2607081489366099265920780034060203515795527185/27463509269455101509202037816603148810190848,94.92892782881515,-13142468104414930859296156411475566016149791/27463509269455101509202037816603148810190848,-0.47854292674213983,-4380822701471643619765385470491855338716597/873407985823504732260025396823893027270558992,-0.005015780451493267,defined
client,adult,10000,fair,1,2,Phi,2484864885768852287336244374345894058747229/25747146278353820458146742757630274437120,96.51030288579716,501896470267947458697098690300832570808982353/5273015557806862429828452916762680204722176,95.1820575467247,-35019291687567448746820787826032662112250731/26365077789034312149142264583813401023610880,-1.3282453390724518,-35019291687567448746820787826032662112250731/2544501643027304742232314239330195516157162496,-0.013762731017891373,defined
client,adult,10000,fair,1,2,G,3190442115861430867989108756762555585756101584591/16624005454667041132288858515862593514168647680,191.91777364135444,20226598770400644430308462126149127201404709251171/106393634909869063246648694501520598490679345152,190.11098537553985,-961153855562565624109169585656142737171704451057/531968174549345316233243472507602992453396725760,-1.8067882658145917,-961153855562565624109169585656142737171704451057/102094147707565787775651480216401778744195250706912,-0.009414387378164463,defined
client,adult,10000,fair,1,2,population_average,243279673686510410493514581883548552493141139/2540378010248266098985823131781865582624768,95.76514703917437,7723645330071935825327053519624569885635966135/81292096327944515167546340217019698643992576,95.01102418264122,-8757746842342472923630442949854827734935759/11613156618277787881078048602431385520570368,-0.7541228565331475,-61304227896397310465413100648983794144550313/7784949557968333135792466620273553679780516448,-0.007874710997150777,defined
client,adult,10000,fair,1,2,pooled_SSE,243279673686510410493514581883548552493141139/85070591730234615865843651857942052864,2859738.820883825,7723645330071935825327053519624569885635966135/2722258935367507707706996859454145691648,2837219.204142032,-61304227896397310465413100648983794144550313/2722258935367507707706996859454145691648,-22519.616741792852,-61304227896397310465413100648983794144550313/7784949557968333135792466620273553679780516448,-0.007874710997150777,defined
client,adult,10000,fair,0,2,Phi_A,351573533373/3124756480,112.51229835772675,501896470267947458697098690300832570808982353/5273015557806862429828452916762680204722176,95.1820575467247,-456913147084765788370206007988474697147266923/26365077789034312149142264583813401023610880,-17.330240811002035,-456913147084765788370206007988474697147266923/2966395498424503081855699459492637551192178688,-0.15402974664957494,defined
client,adult,10000,fair,0,2,Phi_B,17632415235535/169256943616,104.17543209062292,2607081489366099265920780034060203515795527185/27463509269455101509202037816603148810190848,94.92892782881515,-253941455504213648914100494649665606538701295/27463509269455101509202037816603148810190848,-9.246504261807765,-50788291100842729782820098929933121307740259/572204588974062582966976105741973824466845696,-0.08875897201716589,defined
client,adult,10000,fair,0,2,Phi,351573533373/3124756480,112.51229835772675,501896470267947458697098690300832570808982353/5273015557806862429828452916762680204722176,95.1820575467247,-456913147084765788370206007988474697147266923/26365077789034312149142264583813401023610880,-17.330240811002035,-456913147084765788370206007988474697147266923/2966395498424503081855699459492637551192178688,-0.15402974664957494,defined
client,adult,10000,fair,0,2,G,27323547716207617/126096422993920,216.68773044834967,20226598770400644430308462126149127201404709251171/106393634909869063246648694501520598490679345152,190.11098537553985,-14137982561845937691411773204547476762995048789521/531968174549345316233243472507602992453396725760,-26.576745072809803,-14137982561845937691411773204547476762995048789521/115270976413849159842954083835293112770018595045376,-0.12264997661759494,defined
client,adult,10000,fair,0,2,population_average,26773327103233/250500612096,106.87928815508279,7723645330071935825327053519624569885635966135/81292096327944515167546340217019698643992576,95.01102418264122,-964796058093193086198406997287805910224669513/81292096327944515167546340217019698643992576,-11.868263972441564,-964796058093193086198406997287805910224669513/8688441388165128911525460516912375795860635648,-0.11104362853933504,defined
client,adult,10000,fair,0,2,pooled_SSE,26773327103233/8388608,3191629.302887082,7723645330071935825327053519624569885635966135/2722258935367507707706996859454145691648,2837219.204142032,-964796058093193086198406997287805910224669513/2722258935367507707706996859454145691648,-354410.09874505,-964796058093193086198406997287805910224669513/8688441388165128911525460516912375795860635648,-0.11104362853933504,defined
client,adult,10001,fair,0,1,Phi_A,19032484747429/162487336960,117.13211074481629,20148598442730137444971316826143904519036789/205977170226830563665173942061042195496960,97.81957107451116,-61199111864351622543531327910813993168331/3168879541951239441002676031708341469184,-19.312539670305117,-3977942271182855465329536314202909555941515/24126540713912992910300853140346814074978304,-0.16487826905449837,defined
client,adult,10001,fair,0,1,Phi_B,4314000610885/42314235904,101.95151864900375,326632600854079067871689050115768439331051815/3432938658681887688650254727075393601273856,95.14664645347699,-23360708827413319870947465807790064100484825/3432938658681887688650254727075393601273856,-6.804872195526763,-4672141765482663974189493161558012820096965/69998661936298477548527303184711700686307328,-0.06674615822991725,defined
client,adult,10001,fair,0,1,Phi,19032484747429/162487336960,117.13211074481629,20148598442730137444971316826143904519036789/205977170226830563665173942061042195496960,97.81957107451116,-61199111864351622543531327910813993168331/3168879541951239441002676031708341469184,-19.312539670305117,-3977942271182855465329536314202909555941515/24126540713912992910300853140346814074978304,-0.16487826905449837,defined
client,adult,10001,fair,0,1,G,718267212080244733/3278506997841920,219.08362939382002,6415742905503483638154798527180061826766079161499/33248010909334082264577717031725187028337295360,192.96621752798816,-13359261455980766165257825231412671072231555621/511507860143601265608887954334233646589804544,-26.11741186583188,-868351994638749800741758640041823619695051115365/7284094900142233438896557167221885446461130276864,-0.11921206499132704,defined
client,adult,10001,fair,0,1,population_average,17848163211503/167000408064,106.8749676627317,162607129465306722477153194908306558494448709/1693585340165510732657215421187910388416512,96.01354334433212,-18394748998958721197861252107137780182672315/1693585340165510732657215421187910388416512,-10.86142431839959,-18394748998958721197861252107137780182672315/181001878464265443675014447015444338677121024,-0.10162739279299983,defined
client,adult,10001,fair,0,1,pooled_SSE,53544489634509/16777216,3191500.2843444943,487821388395920167431459584724919675483346127/170141183460469231731687303715884105728,2867156.431348446,-55184246996876163593583756321413340548016945/170141183460469231731687303715884105728,-324343.8529960486,-18394748998958721197861252107137780182672315/181001878464265443675014447015444338677121024,-0.10162739279299983,defined
client,adult,10001,fair,1,2,Phi_A,20148598442730137444971316826143904519036789/205977170226830563665173942061042195496960,97.81957107451116,323322212791358900314022934284131793706745521023/3374729956996391955090209866728115331022192640,95.80683992834943,-6792424094331671584387120595409937933153229953/3374729956996391955090209866728115331022192640,-2.0127311461617294,-6792424094331671584387120595409937933153229953/330114636885690571898410054879541731639898750976,-0.02057595554808343,defined
client,adult,10001,fair,1,2,Phi_B,326632600854079067871689050115768439331051815/3432938658681887688650254727075393601273856,95.14664645347699,667144322480962031991030431737750387720490558855/7030658372980505986355721681050406095408857088,94.89073243053049,-1799244068191899010188742899343376029503558265/7030658372980505986355721681050406095408857088,-0.2559140229464948,-359848813638379802037748579868675205900711653/133788713309830786200243834927418752749998823424,-0.0026896799045001214,defined
client,adult,10001,fair,1,2,Phi,20148598442730137444971316826143904519036789/205977170226830563665173942061042195496960,97.81957107451116,323322212791358900314022934284131793706745521023/3374729956996391955090209866728115331022192640,95.80683992834943,-6792424094331671584387120595409937933153229953/3374729956996391955090209866728115331022192640,-2.0127311461617294,-6792424094331671584387120595409937933153229953/330114636885690571898410054879541731639898750976,-0.02057595554808343,defined
client,adult,10001,fair,1,2,G,6415742905503483638154798527180061826766079161499/33248010909334082264577717031725187028337295360,192.96621752798816,6492482525359682905734585238215519853346977720095873/34045963171158100238927582240486591517017390448640,190.69757235887994,-77238209875884339735928453616863457261487341279103/34045963171158100238927582240486591517017390448640,-2.268645169108224,-25746069958628113245309484538954485753829113759701/2189906911745189081823504563944127770202821687124992,-0.011756696058879716,defined
client,adult,10001,fair,1,2,population_average,162607129465306722477153194908306558494448709/1693585340165510732657215421187910388416512,96.01354334433212,495233267636160466152526683010941090713618039939/5202694164988448970722965773889260713215524864,95.18784920490516,-4295834081261785297287931747376656981328394109/5202694164988448970722965773889260713215524864,-0.8256941394269565,-4295834081261785297287931747376656981328394109/499529101717422251449814614758317747694946434048,-0.008599767393916297,defined
client,adult,10001,fair,1,2,pooled_SSE,487821388395920167431459584724919675483346127/170141183460469231731687303715884105728,2867156.431348446,495233267636160466152526683010941090713618039939/174224571863520493293247799005065324265472,2842499.552956878,-4295834081261785297287931747376656981328394109/174224571863520493293247799005065324265472,-24656.878391567774,-4295834081261785297287931747376656981328394109/499529101717422251449814614758317747694946434048,-0.008599767393916297,defined
client,adult,10001,fair,0,2,Phi_A,19032484747429/162487336960,117.13211074481629,323322212791358900314022934284131793706745521023/3374729956996391955090209866728115331022192640,95.80683992834943,-71967030265391575528346243567310408097699011713/3374729956996391955090209866728115331022192640,-21.325270816466848,-71967030265391575528346243567310408097699011713/395289243056750475842369177851442201804444532736,-0.1820616966676715,defined
client,adult,10001,fair,0,2,Phi_B,4314000610885/42314235904,101.95151864900375,667144322480962031991030431737750387720490558855/7030658372980505986355721681050406095408857088,94.89073243053049,-49641975746734378105889152873697427307296479865/7030658372980505986355721681050406095408857088,-7.060786218473258,-1418342164192410803025404367819926494494185139/20479608520791326002769130988898509000793915392,-0.06925631233392378,defined
client,adult,10001,fair,0,2,Phi,19032484747429/162487336960,117.13211074481629,323322212791358900314022934284131793706745521023/3374729956996391955090209866728115331022192640,95.80683992834943,-71967030265391575528346243567310408097699011713/3374729956996391955090209866728115331022192640,-21.325270816466848,-71967030265391575528346243567310408097699011713/395289243056750475842369177851442201804444532736,-0.1820616966676715,defined
client,adult,10001,fair,0,2,G,718267212080244733/3278506997841920,219.08362939382002,6492482525359682905734585238215519853346977720095873/34045963171158100238927582240486591517017390448640,190.69757235887994,-966430652385964135695489301019690843829219683412863/34045963171158100238927582240486591517017390448640,-28.386057034940105,-966430652385964135695489301019690843829219683412863/7458913177745647041430074539235210697176197403508736,-0.12956722103555232,defined
client,adult,10001,fair,0,2,population_average,17848163211503/167000408064,106.8749676627317,495233267636160466152526683010941090713618039939/5202694164988448970722965773889260713215524864,95.18784920490516,-60804503006062976817117698220503917702497745789/5202694164988448970722965773889260713215524864,-11.687118457826546,-60804503006062976817117698220503917702497745789/556037770642223442969644381231445008416115785728,-0.10935318824804616,defined
client,adult,10001,fair,0,2,pooled_SSE,53544489634509/16777216,3191500.2843444943,495233267636160466152526683010941090713618039939/174224571863520493293247799005065324265472,2842499.552956878,-60804503006062976817117698220503917702497745789/174224571863520493293247799005065324265472,-349000.73138761637,-60804503006062976817117698220503917702497745789/556037770642223442969644381231445008416115785728,-0.10935318824804616,defined
client,adult,10002,fair,0,1,Phi_A,19079500517639/162487336960,117.42146110952547,526166062390452021460908003210100804152040133/5273015557806862429828452916762680204722176,99.78465957898548,-35768895715572773701711449530375678675083779/2028082906848793242241712660293338540277760,-17.636801530539984,-464995644302446058122248843894883822776089127/3095825956254706165426788859945387843536289792,-0.15020083521264624,defined
client,adult,10002,fair,0,1,Phi_B,2159697182891/21157117952,102.07898768588385,10546222742122576812517916211043695045810046765/109854037077820406036808151266412595240763392,96.0021408648974,-667566155988879566629670929254962772494530771/109854037077820406036808151266412595240763392,-6.076846820986441,-667566155988879566629670929254962772494530771/11213788898111456379147587140298657818304577536,-0.0595308295933149,defined
client,adult,10002,fair,0,1,Phi,19079500517639/162487336960,117.42146110952547,526166062390452021460908003210100804152040133/5273015557806862429828452916762680204722176,99.78465957898548,-35768895715572773701711449530375678675083779/2028082906848793242241712660293338540277760,-17.636801530539984,-464995644302446058122248843894883822776089127/3095825956254706165426788859945387843536289792,-0.15020083521264624,defined
client,adult,10002,fair,0,1,G,719633757405191463/3278506997841920,219.5004487954093,41660938733195732159880685262332045154485488110887/212787269819738126493297389003041196981358690304,195.7868004438829,-1940754803917938987097968676643727402762756242161/81841257622976202497422072693477383454368727040,-23.713648351526423,-25229812450933206832273592796368456235915831148093/233534506116911867631677019108028682008343271702528,-0.10803462353568717,defined
client,adult,10002,fair,0,1,population_average,53634655443895/501001224192,107.05493889839369,752756350763195096529856963959271575587164195/7742104412185191920718699068287590347046912,97.22890711451039,-1597557444593771682874168617044730418046709025/162584192655889030335092680434039397287985152,-9.826031783883302,-319511488918754336574833723408946083609341805/3481088162124173742000232972037886701075431424,-0.09178494598188722,defined
client,adult,10002,fair,0,1,pooled_SSE,53634655443895/16777216,3196874.5853838325,15807883366027097027126996243144703087330448095/5444517870735015415413993718908291383296,2903449.624253509,-1597557444593771682874168617044730418046709025/5444517870735015415413993718908291383296,-293424.9611303232,-319511488918754336574833723408946083609341805/3481088162124173742000232972037886701075431424,-0.09178494598188722,defined
client,adult,10002,fair,1,2,Phi_A,526166062390452021460908003210100804152040133/5273015557806862429828452916762680204722176,99.78465957898548,10255164201646317855886138454705218059240454763/105460311156137248596569058335253604094443520,97.24193006090444,-268157046162722573332021609496798023800347897/105460311156137248596569058335253604094443520,-2.5427295180810514,-268157046162722573332021609496798023800347897/10523321247809040429218160064202016083040802660,-0.025482168589935707,defined
client,adult,10002,fair,1,2,Phi_B,10546222742122576812517916211043695045810046765/109854037077820406036808151266412595240763392,96.0021408648974,42604598385503046507232125523322375576965951437/439416148311281624147232605065650380963053568,96.9572887779309,419707417012739257160460679147595393725764377/439416148311281624147232605065650380963053568,0.9551479130334993,419707417012739257160460679147595393725764377/42184890968490307250071664844174780183240187060,0.00994923555275363,defined
client,adult,10002,fair,1,2,Phi,526166062390452021460908003210100804152040133/5273015557806862429828452916762680204722176,99.78465957898548,10255164201646317855886138454705218059240454763/105460311156137248596569058335253604094443520,97.24193006090444,-268157046162722573332021609496798023800347897/105460311156137248596569058335253604094443520,-2.5427295180810514,-268157046162722573332021609496798023800347897/10523321247809040429218160064202016083040802660,-0.025482168589935707,defined
client,adult,10002,fair,1,2,G,41660938733195732159880685262332045154485488110887/212787269819738126493297389003041196981358690304,195.7868004438829,826462431556832516178972366894551577025504551173447/4255745396394762529865947780060823939627173806080,194.19921883883532,-6756343107082127018641338352089326064205211044293/4255745396394762529865947780060823939627173806080,-1.587581605047552,-6756343107082127018641338352089326064205211044293/833218774663914643197613705246640903089709762217740,-0.008108726438392307,defined
client,adult,10002,fair,1,2,population_average,752756350763195096529856963959271575587164195/7742104412185191920718699068287590347046912,97.22890711451039,63114926788795682219004402432732811695446860963/650336770623556121340370721736157589151940608,97.04960512732474,-116606675312705889503582539846000653874931417/650336770623556121340370721736157589151940608,-0.17930198718565618,-116606675312705889503582539846000653874931417/63231533464108388108507984972578812349321792380,-0.0018441222112523083,defined
client,adult,10002,fair,1,2,pooled_SSE,15807883366027097027126996243144703087330448095/5444517870735015415413993718908291383296,2903449.624253509,63114926788795682219004402432732811695446860963/21778071482940061661655974875633165533184,2898095.308312171,-116606675312705889503582539846000653874931417/21778071482940061661655974875633165533184,-5354.315941338065,-116606675312705889503582539846000653874931417/63231533464108388108507984972578812349321792380,-0.0018441222112523083,defined
client,adult,10002,fair,0,2,Phi_A,19079500517639/162487336960,117.42146110952547,10255164201646317855886138454705218059240454763/105460311156137248596569058335253604094443520,97.24193006090444,-425627924674501361164203397015266662980940881/21092062231227449719313811667050720818888704,-20.179531048621033,-2128139623372506805821016985076333314904704405/12383303825018824661707155439781551374145159168,-0.17185556079734413,defined
client,adult,10002,fair,0,2,Phi_B,2159697182891/21157117952,102.07898768588385,42604598385503046507232125523322375576965951437/439416148311281624147232605065650380963053568,96.9572887779309,-2250557206942779009358223037872255696252358707/439416148311281624147232605065650380963053568,-5.121698907952942,-2250557206942779009358223037872255696252358707/44855155592445825516590348561194631273218310144,-0.050173880286835996,defined
client,adult,10002,fair,0,2,Phi,19079500517639/162487336960,117.42146110952547,10255164201646317855886138454705218059240454763/105460311156137248596569058335253604094443520,97.24193006090444,-425627924674501361164203397015266662980940881/21092062231227449719313811667050720818888704,-20.179531048621033,-2128139623372506805821016985076333314904704405/12383303825018824661707155439781551374145159168,-0.17185556079734413,defined
client,adult,10002,fair,0,2,G,719633757405191463/3278506997841920,219.5004487954093,826462431556832516178972366894551577025504551173447/4255745396394762529865947780060823939627173806080,194.19921883883532,-21535118582162990869547141907512630201573707127333/851149079278952505973189556012164787925434761216,-25.301229956573977,-107675592910814954347735709537563151007868535636665/934138024467647470526708076432114728033373086810112,-0.11526732676595389,defined
client,adult,10002,fair,0,2,population_average,53634655443895/501001224192,107.05493889839369,63114926788795682219004402432732811695446860963/650336770623556121340370721736157589151940608,97.04960512732474,-2168945484562597540333419002674974108687255839/216778923541185373780123573912052529717313536,-10.005333771068958,-6506836453687792621000257008024922326061767517/69621763242483474840004659440757734021508628480,-0.09345980553559573,defined
client,adult,10002,fair,0,2,pooled_SSE,53634655443895/16777216,3196874.5853838325,63114926788795682219004402432732811695446860963/21778071482940061661655974875633165533184,2898095.308312171,-6506836453687792621000257008024922326061767517/21778071482940061661655974875633165533184,-298779.2770716612,-6506836453687792621000257008024922326061767517/69621763242483474840004659440757734021508628480,-0.09345980553559573,defined
client,adult,10003,fair,0,1,Phi_A,19379709313183/162487336960,119.26904382680456,263696092565550110256380552473160460377069375/2636507778903431214914226458381340102361088,100.0171873853624,-253788346330971837039879076257949093524048837/13182538894517156074571132291906700511805440,-19.251856441442154,-253788346330971837039879076257949093524048837/1572268809158722388321781838623751395409395712,-0.16141536666797263,defined
client,adult,10003,fair,0,1,Phi_B,8679456170935/84628471808,102.55952855472127,2599207791838318673201660983230980490131049677/27463509269455101509202037816603148810190848,94.64223112700154,-217436771295214100739935781174502483807269683/27463509269455101509202037816603148810190848,-7.917297427719739,-217436771295214100739935781174502483807269683/2816644563133532773941596764405482973938319360,-0.07719709264747075,defined
client,adult,10003,fair,0,1,Phi,19379709313183/162487336960,119.26904382680456,263696092565550110256380552473160460377069375/2636507778903431214914226458381340102361088,100.0171873853624,-253788346330971837039879076257949093524048837/13182538894517156074571132291906700511805440,-19.251856441442154,-253788346330971837039879076257949093524048837/1572268809158722388321781838623751395409395712,-0.16141536666797263,defined
client,adult,10003,fair,0,1,G,727266526874115291/3278506997841920,221.82857238152582,2588815388121481961158651932942341954602993000931/13299204363733632905831086812690074811334918144,194.65941851236394,-1806640648478541830404979540582923853927035066001/66496021818668164529155434063450374056674590720,-27.169153869161892,-1806640648478541830404979540582923853927035066001/14750717589085951636198239205294633626942000070656,-0.12247815318593547,defined
client,adult,10003,fair,0,1,population_average,54097533996923/501001224192,107.97884592831068,163237010611086217686815156066532616334016523/1693585340165510732657215421187910388416512,96.38546504844768,-58903139703273242222476857179056447166414815/5080756020496532197971646263563731165249536,-11.593380879862984,-58903139703273242222476857179056447166414815/548614171536531895282922325378654296168464384,-0.10736714937257306,defined
client,adult,10003,fair,0,1,pooled_SSE,54097533996923/16777216,3224464.297111213,489711031833258653060445468199597849002049569/170141183460469231731687303715884105728,2878262.7572767446,-58903139703273242222476857179056447166414815/170141183460469231731687303715884105728,-346201.53983446845,-58903139703273242222476857179056447166414815/548614171536531895282922325378654296168464384,-0.10736714937257306,defined
client,adult,10003,fair,1,2,Phi_A,263696092565550110256380552473160460377069375/2636507778903431214914226458381340102361088,100.0171873853624,4049708264562604925835946115480998661456995/41195434045366112733034788412208439099392,98.30478445992095,-4514763633543395002880001082376546043821695/2636507778903431214914226458381340102361088,-1.7124029254414574,-902952726708679000576000216475309208764339/52739218513110022051276110494632092075413875,-0.017121086587284586,defined
client,adult,10003,fair,1,2,Phi_B,2599207791838318673201660983230980490131049677/27463509269455101509202037816603148810190848,94.64223112700154,40866265252740736087313156679433453395059951/429117332335235961081281840884424200159232,95.23331306696114,16233184337088436386381044252760527152787187/27463509269455101509202037816603148810190848,0.5910819399596167,16233184337088436386381044252760527152787187/2599207791838318673201660983230980490131049677,0.006245435393069261,defined
client,adult,10003,fair,1,2,Phi,263696092565550110256380552473160460377069375/2636507778903431214914226458381340102361088,100.0171873853624,4049708264562604925835946115480998661456995/41195434045366112733034788412208439099392,98.30478445992095,-4514763633543395002880001082376546043821695/2636507778903431214914226458381340102361088,-1.7124029254414574,-902952726708679000576000216475309208764339/52739218513110022051276110494632092075413875,-0.017121086587284586,defined
client,adult,10003,fair,1,2,G,2588815388121481961158651932942341954602993000931/13299204363733632905831086812690074811334918144,194.65941851236394,80434459724319242694858734630061354609224456601/415600136366676028307221462896564837854216192,193.5380975268821,-14912676943266194923172424780378607107810389699/13299204363733632905831086812690074811334918144,-1.121320985481841,-14912676943266194923172424780378607107810389699/2588815388121481961158651932942341954602993000931,-0.005760425023619493,defined
client,adult,10003,fair,1,2,population_average,163237010611086217686815156066532616334016523/1693585340165510732657215421187910388416512,96.38546504844768,30557403287776880358246443628419223351172463/317547251281033262373227891472733197828096,96.22946873104311,-792579228828567328502370144890275383290161/5080756020496532197971646263563731165249536,-0.15599631740457204,-792579228828567328502370144890275383290161/489711031833258653060445468199597849002049569,-0.0016184630880409327,defined
client,adult,10003,fair,1,2,pooled_SSE,489711031833258653060445468199597849002049569/170141183460469231731687303715884105728,2878262.7572767446,30557403287776880358246443628419223351172463/10633823966279326983230456482242756608,2873604.3952464093,-792579228828567328502370144890275383290161/170141183460469231731687303715884105728,-4658.36203033533,-792579228828567328502370144890275383290161/489711031833258653060445468199597849002049569,-0.0016184630880409327,defined
client,adult,10003,fair,0,2,Phi_A,19379709313183/162487336960,119.26904382680456,4049708264562604925835946115480998661456995/41195434045366112733034788412208439099392,98.30478445992095,-4318158820292012688348110651091122245986833/205977170226830563665173942061042195496960,-20.96425936688361,-4318158820292012688348110651091122245986833/24566700143105037317527841228496115553271808,-0.17577284678601657,defined
client,adult,10003,fair,0,2,Phi_B,8679456170935/84628471808,102.55952855472127,40866265252740736087313156679433453395059951/429117332335235961081281840884424200159232,95.23331306696114,-3143806046220713505524292764402218072726289/429117332335235961081281840884424200159232,-7.326215487760123,-3143806046220713505524292764402218072726289/44010071298961449592837449443835671467786240,-0.07143378670906404,defined
client,adult,10003,fair,0,2,Phi,19379709313183/162487336960,119.26904382680456,4049708264562604925835946115480998661456995/41195434045366112733034788412208439099392,98.30478445992095,-4318158820292012688348110651091122245986833/205977170226830563665173942061042195496960,-20.96425936688361,-4318158820292012688348110651091122245986833/24566700143105037317527841228496115553271808,-0.17577284678601657,defined
client,adult,10003,fair,0,2,G,727266526874115291/3278506997841920,221.82857238152582,80434459724319242694858734630061354609224456601/415600136366676028307221462896564837854216192,193.5380975268821,-58787626037339775156901302015150527795815219203/2078000681833380141536107314482824189271080960,-28.290474854643733,-6531958448593308350766811335016725310646135467/51217769406548443181243886129495255649104166912,-0.127533051991096,defined
client,adult,10003,fair,0,2,population_average,54097533996923/501001224192,107.97884592831068,30557403287776880358246443628419223351172463/317547251281033262373227891472733197828096,96.22946873104311,-3730982433256363096936201707746670159356561/317547251281033262373227891472733197828096,-11.749377197267556,-196367496487177005101905353039298429439819/1804651880054381234483297122956099658448896,-0.10881184269248631,defined
client,adult,10003,fair,0,2,pooled_SSE,54097533996923/16777216,3224464.297111213,30557403287776880358246443628419223351172463/10633823966279326983230456482242756608,2873604.3952464093,-3730982433256363096936201707746670159356561/10633823966279326983230456482242756608,-350859.90186480375,-196367496487177005101905353039298429439819/1804651880054381234483297122956099658448896,-0.10881184269248631,defined
client,adult,10004,fair,0,1,Phi_A,4973395372947/40621834240,122.43158060178722,156453426013288821129702619779602490383293211/1647817361814644509321391536488337563975680,94.94585361146811,-45291458136745206632670719039339648988325093/1647817361814644509321391536488337563975680,-27.48572699031911,-45291458136745206632670719039339648988325093/201744884150034027762373338818942139371618304,-0.2244986698302732,defined
client,adult,10004,fair,0,1,Phi_B,5223621716679/42314235904,123.44832903352052,651840297188055635577724407912985394308415639/6865877317363775377300509454150787202547712,94.93911222962785,-195740784989652961598957771879032912464871273/6865877317363775377300509454150787202547712,-28.509216803892684,-195740784989652961598957771879032912464871273/847581082177708597176682179792018306773286912,-0.2309404835779627,defined
client,adult,10004,fair,0,1,Phi,5223621716679/42314235904,123.44832903352052,156453426013288821129702619779602490383293211/1647817361814644509321391536488337563975680,94.94585361146811,-947650613775425337894073696349809202085934753013/33248010909334082264577717031725187028337295360,-28.502475422052417,-947650613775425337894073696349809202085934753013/4104411390445553881828083455642848650549641871360,-0.2308858746424425,defined
client,adult,10004,fair,0,1,G,201529751092023849/819626749460480,245.87990963530774,12626594831606575918438280409223342440804419700409/66496021818668164529155434063450374056674590720,189.88496584109595,-3723441004275005001540700216761945952497149081927/66496021818668164529155434063450374056674590720,-55.99494379421179,-3723441004275005001540700216761945952497149081927/16350035835881580919978980625985288393301568782336,-0.22773289561259485,defined
client,adult,10004,fair,0,1,population_average,5140212935435/41750102016,123.1185718651682,321582383071544425945709882490730125025000687/3387170680331021465314430842375820776833024,94.94129862983958,-13634461964911589279252343331319629068643879/483881525761574495044918691767974396690432,-28.17727323532862,-95441233754381124954766403319237403480507153/417023616825925550900476285809967528505507840,-0.22886289865501863,defined
client,adult,10004,fair,0,1,pooled_SSE,15420638806305/4194304,3676566.793037653,964747149214633277837129647472190375075002061/340282366920938463463374607431768211456,2835137.0596842696,-286323701263143374864299209957712210441521459/340282366920938463463374607431768211456,-841429.7333533833,-95441233754381124954766403319237403480507153/417023616825925550900476285809967528505507840,-0.22886289865501863,defined
client,adult,10004,fair,1,2,Phi_A,156453426013288821129702619779602490383293211/1647817361814644509321391536488337563975680,94.94585361146811,307983026813438285725060286697973700509784687/3295634723629289018642783072976675127951360,93.45180902641864,-984765042627871306868990572246256051360347/659126944725857803728556614595335025590272,-1.4940445850494732,-4923825213139356534344952861231280256801735/312906852026577642259405239559204980766586422,-0.015735753887297865,defined
client,adult,10004,fair,1,2,Phi_B,651840297188055635577724407912985394308415639/6865877317363775377300509454150787202547712,94.93911222962785,640070539461801867787983531769573835305152141/6865877317363775377300509454150787202547712,93.22487278400185,-5884878863126883894870438071705779501631749/3432938658681887688650254727075393601273856,-1.7142394456259944,-11769757726253767789740876143411559003263498/651840297188055635577724407912985394308415639,-0.018056198392500115,defined
client,adult,10004,fair,1,2,Phi,156453426013288821129702619779602490383293211/1647817361814644509321391536488337563975680,94.94585361146811,307983026813438285725060286697973700509784687/3295634723629289018642783072976675127951360,93.45180902641864,-984765042627871306868990572246256051360347/659126944725857803728556614595335025590272,-1.4940445850494732,-4923825213139356534344952861231280256801735/312906852026577642259405239559204980766586422,-0.015735753887297865,defined
client,adult,10004,fair,1,2,G,12626594831606575918438280409223342440804419700409/66496021818668164529155434063450374056674590720,189.88496584109595,775828544168893461287572619368333621882270257199/4156001363666760283072214628965648378542161920,186.6766818104205,-42667624980856107567423699866000898137619117045/13299204363733632905831086812690074811334918144,-3.2082840306754674,-213338124904280537837118499330004490688095585225/12626594831606575918438280409223342440804419700409,-0.016895934949164432,defined
client,adult,10004,fair,1,2,population_average,321582383071544425945709882490730125025000687/3387170680331021465314430842375820776833024,94.94129862983958,237013391568810038378260954616886883953734207/2540378010248266098985823131781865582624768,93.29847393288024,-16693582939393124324085829004642839260065233/10161512040993064395943292527127462330499072,-1.642824696959341,-16693582939393124324085829004642839260065233/964747149214633277837129647472190375075002061,-0.01730358358973414,defined
client,adult,10004,fair,1,2,pooled_SSE,964747149214633277837129647472190375075002061/340282366920938463463374607431768211456,2835137.0596842696,237013391568810038378260954616886883953734207/85070591730234615865843651857942052864,2786079.02858367,-16693582939393124324085829004642839260065233/340282366920938463463374607431768211456,-49058.03110059984,-16693582939393124324085829004642839260065233/964747149214633277837129647472190375075002061,-0.01730358358973414,defined
client,adult,10004,fair,0,2,Phi_A,4973395372947/40621834240,122.43158060178722,307983026813438285725060286697973700509784687/3295634723629289018642783072976675127951360,93.45180902641864,-95506741486629769799686390939910578233451921/3295634723629289018642783072976675127951360,-28.979771575368584,-95506741486629769799686390939910578233451921/403489768300068055524746677637884278743236608,-0.23670176790109615,defined
client,adult,10004,fair,0,2,Phi_B,5223621716679/42314235904,123.44832903352052,640070539461801867787983531769573835305152141/6865877317363775377300509454150787202547712,93.22487278400185,-207510542715906729388698648022444471468134771/6865877317363775377300509454150787202547712,-30.223456249518676,-69170180905302243129566216007481490489378257/282527027392569532392227393264006102257762304,-0.2448267747821192,defined
client,adult,10004,fair,0,2,Phi,5223621716679/42314235904,123.44832903352052,307983026813438285725060286697973700509784687/3295634723629289018642783072976675127951360,93.45180902641864,-1994649248876363472581625506580681945913358113121/66496021818668164529155434063450374056674590720,-29.996520007101893,-1994649248876363472581625506580681945913358113121/8208822780891107763656166911285697301099283742720,-0.2429884652303134,defined
client,adult,10004,fair,0,2,G,201529751092023849/819626749460480,245.87990963530774,775828544168893461287572619368333621882270257199/4156001363666760283072214628965648378542161920,186.6766818104205,-246048695573705346211113669755746902699077791697/4156001363666760283072214628965648378542161920,-59.203227824887264,-246048695573705346211113669755746902699077791697/1021877239742598807498686289124080524581348048896,-0.24078107037170401,defined
client,adult,10004,fair,0,2,population_average,5140212935435/41750102016,123.1185718651682,237013391568810038378260954616886883953734207/2540378010248266098985823131781865582624768,93.29847393288024,-75754321050634124797096259740588762425396673/2540378010248266098985823131781865582624768,-29.82009793228796,-75754321050634124797096259740588762425396673/312767712619444163175357214357475646379130880,-0.2422063339472868,defined
client,adult,10004,fair,0,2,pooled_SSE,15420638806305/4194304,3676566.793037653,237013391568810038378260954616886883953734207/85070591730234615865843651857942052864,2786079.02858367,-75754321050634124797096259740588762425396673/85070591730234615865843651857942052864,-890487.764453983,-75754321050634124797096259740588762425396673/312767712619444163175357214357475646379130880,-0.2422063339472868,defined
client,adult,10000,lloyd,0,1,Phi_A,351573533373/3124756480,112.51229835772675,50539008294811887255946471086673428467982717/507020726712198310560428165073334635069440,99.67838715891293,-6507058982582402779740056980492678285713027/507020726712198310560428165073334635069440,-12.83391119881382,-2169019660860800926580018993497559428571009/19015355759131430011895509355722035584565248,-0.1140667410242487,defined
client,adult,10000,lloyd,0,1,Phi_B,17632415235535/169256943616,104.17543209062292,4830795904170221064380701153338912978057789725/54927018538910203018404075633206297620381696,87.94935593942886,-891249985570404765289059904080825266610667235/54927018538910203018404075633206297620381696,-16.226076151194057,-178249997114080953057811980816165053322133447/1144409177948125165933952211483947648933691392,-0.1557572243816458,defined
client,adult,10000,lloyd,0,1,Phi,351573533373/3124756480,112.51229835772675,50539008294811887255946471086673428467982717/507020726712198310560428165073334635069440,99.67838715891293,-6507058982582402779740056980492678285713027/507020726712198310560428165073334635069440,-12.83391119881382,-2169019660860800926580018993497559428571009/19015355759131430011895509355722035584565248,-0.1140667410242487,defined
client,adult,10000,lloyd,0,1,G,27323547716207617/126096422993920,216.68773044834967,7677845230064492489616550147700729233447002468761/40920628811488101248711036346738691727184363520,187.6277430983418,-1189152955616212113687610147321817902708274073191/40920628811488101248711036346738691727184363520,-29.059987350007876,-1189152955616212113687610147321817902708274073191/8866998185680704603304160295022547136155276541952,-0.13410998070762803,defined
client,adult,10000,lloyd,0,1,population_average,26773327103233/250500612096,106.87928815508279,7458824335500439201689917649845931258392891009/81292096327944515167546340217019698643992576,91.75337668019314,-1229617052664689709835542867066444537467744639/81292096327944515167546340217019698643992576,-15.125911474889637,-1229617052664689709835542867066444537467744639/8688441388165128911525460516912375795860635648,-0.14152331790366912,defined
client,adult,10000,lloyd,0,1,pooled_SSE,26773327103233/8388608,3191629.302887082,7458824335500439201689917649845931258392891009/2722258935367507707706996859454145691648,2739939.3344239276,-1229617052664689709835542867066444537467744639/2722258935367507707706996859454145691648,-451689.96846315434,-1229617052664689709835542867066444537467744639/8688441388165128911525460516912375795860635648,-0.14152331790366912,defined
client,adult,10000,lloyd,1,2,Phi_A,50539008294811887255946471086673428467982717/507020726712198310560428165073334635069440,99.67838715891293,326303021106942055272797450537471002152905047/3295634723629289018642783072976675127951360,99.01067577889934,-4401065618670423781709223051812565777965227/6591269447258578037285566145953350255902720,-0.6677113800135879,-4401065618670423781709223051812565777965227/657007107832554534327304124126754570083775321,-0.006698657542974533,defined
client,adult,10000,lloyd,1,2,Phi_B,4830795904170221064380701153338912978057789725/54927018538910203018404075633206297620381696,87.94935593942886,2401440300016276266552028893234097771128153563/27463509269455101509202037816603148810190848,87.44113057274718,-27915304137668531276643366870717435801482599/54927018538910203018404075633206297620381696,-0.5082253666816702,-27915304137668531276643366870717435801482599/4830795904170221064380701153338912978057789725,-0.0057786138539966956,defined
client,adult,10000,lloyd,1,2,Phi,50539008294811887255946471086673428467982717/507020726712198310560428165073334635069440,99.67838715891293,326303021106942055272797450537471002152905047/3295634723629289018642783072976675127951360,99.01067577889934,-4401065618670423781709223051812565777965227/6591269447258578037285566145953350255902720,-0.6677113800135879,-4401065618670423781709223051812565777965227/657007107832554534327304124126754570083775321,-0.006698657542974533,defined
client,adult,10000,lloyd,1,2,G,7677845230064492489616550147700729233447002468761/40920628811488101248711036346738691727184363520,187.6277430983418,49593213533156715038513336468950446555132827790931/265984087274672658116621736253801496226698362880,186.45180635164652,-625560924524972287988478982208586924545376512031/531968174549345316233243472507602992453396725760,-1.175936746695258,-625560924524972287988478982208586924545376512031/99811987990838402365015151920109480034811032093893,-0.006267392696179858,defined
client,adult,10000,lloyd,1,2,population_average,7458824335500439201689917649845931258392891009/81292096327944515167546340217019698643992576,91.75337668019314,176507256402097356554438985494475322844751131/1935526103046297980179674767071897586761728,91.19342597565334,-45519566612350226403480259077967698913343507/81292096327944515167546340217019698643992576,-0.559950704539805,-45519566612350226403480259077967698913343507/7458824335500439201689917649845931258392891009,-0.006102780353158184,defined
client,adult,10000,lloyd,1,2,pooled_SSE,7458824335500439201689917649845931258392891009/2722258935367507707706996859454145691648,2739939.3344239276,3706652384444044487643218695383981779739773751/1361129467683753853853498429727072845824,2723218.0864849603,-45519566612350226403480259077967698913343507/2722258935367507707706996859454145691648,-16721.247938967656,-45519566612350226403480259077967698913343507/7458824335500439201689917649845931258392891009,-0.006102780353158184,defined
client,adult,10000,lloyd,0,2,Phi_A,351573533373/3124756480,112.51229835772675,326303021106942055272797450537471002152905047/3295634723629289018642783072976675127951360,99.01067577889934,-44496416196120829959164981899108691746117289/3295634723629289018642783072976675127951360,-13.501622578827407,-44496416196120829959164981899108691746117289/370799437303062885231962432436579693899022336,-0.12000130453205864,defined
client,adult,10000,lloyd,0,2,Phi_B,17632415235535/169256943616,104.17543209062292,2401440300016276266552028893234097771128153563/27463509269455101509202037816603148810190848,87.44113057274718,-459582644854036648282851635475771351206074917/27463509269455101509202037816603148810190848,-16.73430151787573,-459582644854036648282851635475771351206074917/2861022944870312914834880528709869122334228480,-0.16063577738097065,defined
client,adult,10000,lloyd,0,2,Phi,351573533373/3124756480,112.51229835772675,326303021106942055272797450537471002152905047/3295634723629289018642783072976675127951360,99.01067577889934,-44496416196120829959164981899108691746117289/3295634723629289018642783072976675127951360,-13.501622578827407,-44496416196120829959164981899108691746117289/370799437303062885231962432436579693899022336,-0.12000130453205864,defined
client,adult,10000,lloyd,0,2,G,27323547716207617/126096422993920,216.68773044834967,49593213533156715038513336468950446555132827790931/265984087274672658116621736253801496226698362880,186.45180635164652,-8042274673767864882963705448696109829876469731757/265984087274672658116621736253801496226698362880,-30.235924096703137,-8042274673767864882963705448696109829876469731757/57635488206924579921477041917646556385009297522688,-0.1395368534902361,defined
client,adult,10000,lloyd,0,2,population_average,26773327103233/250500612096,106.87928815508279,176507256402097356554438985494475322844751131/1935526103046297980179674767071897586761728,91.19342597565334,-637568309638519968119511563072206118190544073/40646048163972257583773170108509849321996288,-15.685862179429442,-637568309638519968119511563072206118190544073/4344220694082564455762730258456187897930317824,-0.14676241253281103,defined
client,adult,10000,lloyd,0,2,pooled_SSE,26773327103233/8388608,3191629.302887082,3706652384444044487643218695383981779739773751/1361129467683753853853498429727072845824,2723218.0864849603,-637568309638519968119511563072206118190544073/1361129467683753853853498429727072845824,-468411.216402122,-637568309638519968119511563072206118190544073/4344220694082564455762730258456187897930317824,-0.14676241253281103,defined
client,adult,10001,lloyd,0,1,Phi_A,19032484747429/162487336960,117.13211074481629,133079484988377407469697870059598773244505189/1318253889451715607457113229190670051180544,100.95133119138943,-106651877903328735781137950193104184176779783/6591269447258578037285566145953350255902720,-16.180779553426856,-106651877903328735781137950193104184176779783/772049302845215773129627300491098050399305728,-0.13814127868555415,defined
client,adult,10001,lloyd,0,1,Phi_B,4314000610885/42314235904,101.95151864900375,150727041099462982969365458226356193191283979/1716469329340943844325127363537696800636928,87.81225421449051,-24269613741283210901952799735423058524484341/1716469329340943844325127363537696800636928,-14.139264434513246,-24269613741283210901952799735423058524484341/174996654840746193871318257961779251715768320,-0.138686158106105,defined
client,adult,10001,lloyd,0,1,Phi,19032484747429/162487336960,117.13211074481629,133079484988377407469697870059598773244505189/1318253889451715607457113229190670051180544,100.95133119138943,-106651877903328735781137950193104184176779783/6591269447258578037285566145953350255902720,-16.180779553426856,-106651877903328735781137950193104184176779783/772049302845215773129627300491098050399305728,-0.13814127868555415,defined
client,adult,10001,lloyd,0,1,G,718267212080244733/3278506997841920,219.08362939382002,5020810997487769334609381064868140017446517737037/26598408727467265811662173625380149622669836288,188.76358540587992,-4032324613130087082539323344546841698611932422271/132992043637336329058310868126900748113349181440,-30.320043987940103,-4032324613130087082539323344546841698611932422271/29136379600568933755586228668887541785844521107456,-0.1383948406908918,defined
client,adult,10001,lloyd,0,1,population_average,17848163211503/167000408064,106.8749676627317,623737917912530300367804338702947803917599259/6774341360662042930628861684751641553666048,92.07358836897667,-100269595944531474332253449358829550790884837/6774341360662042930628861684751641553666048,-14.801379293755035,-100269595944531474332253449358829550790884837/724007513857061774700057788061777354708484096,-0.138492479740103,defined
client,adult,10001,lloyd,0,1,pooled_SSE,53544489634509/16777216,3191500.2843444943,1871213753737590901103413016108843411752797777/680564733841876926926749214863536422912,2749501.4958743816,-300808787833594422996760348076488652372654511/680564733841876926926749214863536422912,-441998.7884701129,-100269595944531474332253449358829550790884837/724007513857061774700057788061777354708484096,-0.138492479740103,defined
client,adult,10001,lloyd,1,2,Phi_A,133079484988377407469697870059598773244505189/1318253889451715607457113229190670051180544,100.95133119138943,530100336492620547808077540919222181018215721/5273015557806862429828452916762680204722176,100.53077421851916,-2217603460889082070713939319172911959805035/5273015557806862429828452916762680204722176,-0.42055697287026805,-2217603460889082070713939319172911959805035/532317939953509629878791480238395092978020756,-0.004165937862403732,defined
client,adult,10001,lloyd,1,2,Phi_B,150727041099462982969365458226356193191283979/1716469329340943844325127363537696800636928,87.81225421449051,4792686668632087897761467116569261566827896469/54927018538910203018404075633206297620381696,87.25554009884875,-30578646550727557258227546674136615293190859/54927018538910203018404075633206297620381696,-0.5567141156417529,-30578646550727557258227546674136615293190859/4823265315182815455019694663243398182121087328,-0.0063398226206779875,defined
client,adult,10001,lloyd,1,2,Phi,133079484988377407469697870059598773244505189/1318253889451715607457113229190670051180544,100.95133119138943,530100336492620547808077540919222181018215721/5273015557806862429828452916762680204722176,100.53077421851916,-2217603460889082070713939319172911959805035/5273015557806862429828452916762680204722176,-0.42055697287026805,-2217603460889082070713939319172911959805035/532317939953509629878791480238395092978020756,-0.004165937862403732,defined
client,adult,10001,lloyd,1,2,G,5020810997487769334609381064868140017446517737037/26598408727467265811662173625380149622669836288,188.76358540587992,9989634283275979525543771173960902800675087031535/53196817454934531623324347250760299245339672576,187.7863143173679,-51987711699559143674990955775377234217948442539/53196817454934531623324347250760299245339672576,-0.9772710885120209,-51987711699559143674990955775377234217948442539/10041621994975538669218762129736280034893035474074,-0.005177222536914046,defined
client,adult,10001,lloyd,1,2,population_average,623737917912530300367804338702947803917599259/6774341360662042930628861684751641553666048,92.07358836897667,3721594175547595318400927410582686235959487537/40646048163972257583773170108509849321996288,91.56103344989717,-20833331927586483805898621635000587546108017/40646048163972257583773170108509849321996288,-0.5125549190795055,-20833331927586483805898621635000587546108017/3742427507475181802206826032217686823505595554,-0.0055667963870973235,defined
client,adult,10001,lloyd,1,2,pooled_SSE,1871213753737590901103413016108843411752797777/680564733841876926926749214863536422912,2749501.4958743816,3721594175547595318400927410582686235959487537/1361129467683753853853498429727072845824,2734195.580880829,-20833331927586483805898621635000587546108017/1361129467683753853853498429727072845824,-15305.914993552193,-20833331927586483805898621635000587546108017/3742427507475181802206826032217686823505595554,-0.0055667963870973235,defined
client,adult,10001,lloyd,0,2,Phi_A,19032484747429/162487336960,117.13211074481629,530100336492620547808077540919222181018215721/5273015557806862429828452916762680204722176,100.53077421851916,-437695528917760353478121497368281296506144307/26365077789034312149142264583813401023610880,-16.601336526297125,-437695528917760353478121497368281296506144307/3088197211380863092518509201964392201597222912,-0.14173172856472085,defined
client,adult,10001,lloyd,0,2,Phi_B,4314000610885/42314235904,101.95151864900375,4792686668632087897761467116569261566827896469/54927018538910203018404075633206297620381696,87.25554009884875,-807206286271790306120717138207674488076689771/54927018538910203018404075633206297620381696,-14.695978550154999,-807206286271790306120717138207674488076689771/5599892954903878203882184254776936054904586240,-0.14414673508444698,defined
client,adult,10001,lloyd,0,2,Phi,19032484747429/162487336960,117.13211074481629,530100336492620547808077540919222181018215721/5273015557806862429828452916762680204722176,100.53077421851916,-437695528917760353478121497368281296506144307/26365077789034312149142264583813401023610880,-16.601336526297125,-437695528917760353478121497368281296506144307/3088197211380863092518509201964392201597222912,-0.14173172856472085,defined
client,adult,10001,lloyd,0,2,G,718267212080244733/3278506997841920,219.08362939382002,9989634283275979525543771173960902800675087031535/53196817454934531623324347250760299245339672576,187.7863143173679,-8324587784757969883453601467970569568313607057237/265984087274672658116621736253801496226698362880,-31.297315076452122,-8324587784757969883453601467970569568313607057237/58272759201137867511172457337775083571689042214912,-0.14285556233958832,defined
client,adult,10001,lloyd,0,2,population_average,17848163211503/167000408064,106.8749676627317,3721594175547595318400927410582686235959487537/40646048163972257583773170108509849321996288,91.56103344989717,-622450907594775329799419317787977892291417039/40646048163972257583773170108509849321996288,-15.31393421283454,-622450907594775329799419317787977892291417039/4344045083142370648200346728370664128250904576,-0.14328831669134298,defined
client,adult,10001,lloyd,0,2,pooled_SSE,53544489634509/16777216,3191500.2843444943,3721594175547595318400927410582686235959487537/1361129467683753853853498429727072845824,2734195.580880829,-622450907594775329799419317787977892291417039/1361129467683753853853498429727072845824,-457304.70346366504,-622450907594775329799419317787977892291417039/4344045083142370648200346728370664128250904576,-0.14328831669134298,defined
client,adult,10002,lloyd,0,1,Phi_A,19079500517639/162487336960,117.42146110952547,344293235749126149382045821350859658366745008189/3374729956996391955090209866728115331022192640,102.02097357015113,-51972486651476239792583152722149985605900085187/3374729956996391955090209866728115331022192640,-15.40048753937434,-51972486651476239792583152722149985605900085187/396265722400602389174628974073009643972645093376,-0.13115564560220774,defined
client,adult,10002,lloyd,0,1,Phi_B,2159697182891/21157117952,102.07898768588385,623469851909266250852182484459894895123841704329/7030658372980505986355721681050406095408857088,88.67872947792779,-94212637569866957413263092519219205247651257975/7030658372980505986355721681050406095408857088,-13.40025820795605,-94212637569866957413263092519219205247651257975/717682489479133208265445576979114100371492962304,-0.1312734237646552,defined
client,adult,10002,lloyd,0,1,Phi,19079500517639/162487336960,117.42146110952547,344293235749126149382045821350859658366745008189/3374729956996391955090209866728115331022192640,102.02097357015113,-51972486651476239792583152722149985605900085187/3374729956996391955090209866728115331022192640,-15.40048753937434,-51972486651476239792583152722149985605900085187/396265722400602389174628974073009643972645093376,-0.13115564560220774,defined
client,adult,10002,lloyd,0,1,G,719633757405191463/3278506997841920,219.5004487954093,6492555066725680977792462949695188693070110468327909/34045963171158100238927582240486591517017390448640,190.69970304807893,-980549129015498786421201661761729131196874226152987/34045963171158100238927582240486591517017390448640,-28.800745747330392,-980549129015498786421201661761729131196874226152987/7473104195741179764213664611456917824266984694480896,-0.13121041849975815,defined
client,adult,10002,lloyd,0,1,population_average,53634655443895/501001224192,107.05493889839369,161293847943065400039038050968459092248431118753/1734231388329482990240988591296420237738508288,93.00595585369575,-10441794587238799800417588945812085060967953083/743242023569778424388995110555608673316503552,-14.048983044697934,-73092562110671598602923122620684595426775671581/556974105939867798720037275526061872172069027840,-0.13123152644112837,defined
client,adult,10002,lloyd,0,1,pooled_SSE,53634655443895/16777216,3196874.5853838325,483881543829196200117114152905377276745293356259/174224571863520493293247799005065324265472,2777343.8537030625,-73092562110671598602923122620684595426775671581/174224571863520493293247799005065324265472,-419530.7316807697,-73092562110671598602923122620684595426775671581/556974105939867798720037275526061872172069027840,-0.13123152644112837,defined
client,adult,10002,lloyd,1,2,Phi_A,344293235749126149382045821350859658366745008189/3374729956996391955090209866728115331022192640,102.02097357015113,169579326953649010395770420637383217349617984509/1687364978498195977545104933364057665511096320,100.4994942496552,-5134581841828128590504980076093223667509039171/3374729956996391955090209866728115331022192640,-1.5214793204959298,-5134581841828128590504980076093223667509039171/344293235749126149382045821350859658366745008189,-0.014913397385388978,defined
client,adult,10002,lloyd,1,2,Phi_B,623469851909266250852182484459894895123841704329/7030658372980505986355721681050406095408857088,88.67872947792779,609632752099188383839612454827941251733384163919/7030658372980505986355721681050406095408857088,86.71062079222416,-6918549905038933506285014815976821695228770205/3515329186490252993177860840525203047704428544,-1.9681086857036274,-13837099810077867012570029631953643390457540410/623469851909266250852182484459894895123841704329,-0.022193695120468447,defined
client,adult,10002,lloyd,1,2,Phi,344293235749126149382045821350859658366745008189/3374729956996391955090209866728115331022192640,102.02097357015113,169579326953649010395770420637383217349617984509/1687364978498195977545104933364057665511096320,100.4994942496552,-5134581841828128590504980076093223667509039171/3374729956996391955090209866728115331022192640,-1.5214793204959298,-5134581841828128590504980076093223667509039171/344293235749126149382045821350859658366745008189,-0.014913397385388978,defined
client,adult,10002,lloyd,1,2,G,6492555066725680977792462949695188693070110468327909/34045963171158100238927582240486591517017390448640,190.69970304807893,12747497363968191662997566179409573375964309774431701/68091926342316200477855164480973183034034780897280,187.21011504187936,-237612769483170292587359719980804010175911162224117/68091926342316200477855164480973183034034780897280,-3.4895880061995572,-237612769483170292587359719980804010175911162224117/12985110133451361955584925899390377386140220936655818,-0.018298864394769233,defined
client,adult,10002,lloyd,1,2,population_average,161293847943065400039038050968459092248431118753/1734231388329482990240988591296420237738508288,93.00595585369575,316263802002162134877051098700902562144206710979/3468462776658965980481977182592840475477016576,91.18270033931476,-2107964627989555067008334412005207450885175509/1156154258886321993493992394197613491825672192,-1.8232555143809916,-6323893883968665201025003236015622352655526527/322587695886130800078076101936918184496862237506,-0.01960364255864525,defined
client,adult,10002,lloyd,1,2,pooled_SSE,483881543829196200117114152905377276745293356259/174224571863520493293247799005065324265472,2777343.8537030625,948791406006486404631153296102707686432620132937/348449143727040986586495598010130648530944,2722897.7975326176,-18971681651905995603075009708046867057966579581/348449143727040986586495598010130648530944,-54446.05617044517,-6323893883968665201025003236015622352655526527/322587695886130800078076101936918184496862237506,-0.01960364255864525,defined
client,adult,10002,lloyd,0,2,Phi_A,19079500517639/162487336960,117.42146110952547,169579326953649010395770420637383217349617984509/1687364978498195977545104933364057665511096320,100.4994942496552,-28553534246652184191544066399121604636704562179/1687364978498195977545104933364057665511096320,-16.92196685987027,-28553534246652184191544066399121604636704562179/198132861200301194587314487036504821986322546688,-0.14411306672539376,defined
client,adult,10002,lloyd,0,2,Phi_B,2159697182891/21157117952,102.07898768588385,609632752099188383839612454827941251733384163919/7030658372980505986355721681050406095408857088,86.71062079222416,-108049737379944824425833122151172848638108798385/7030658372980505986355721681050406095408857088,-15.368366893659678,-108049737379944824425833122151172848638108798385/717682489479133208265445576979114100371492962304,-0.15055367654067084,defined
client,adult,10002,lloyd,0,2,Phi,19079500517639/162487336960,117.42146110952547,169579326953649010395770420637383217349617984509/1687364978498195977545104933364057665511096320,100.4994942496552,-28553534246652184191544066399121604636704562179/1687364978498195977545104933364057665511096320,-16.92196685987027,-28553534246652184191544066399121604636704562179/198132861200301194587314487036504821986322546688,-0.14411306672539376,defined
client,adult,10002,lloyd,0,2,G,719633757405191463/3278506997841920,219.5004487954093,12747497363968191662997566179409573375964309774431701/68091926342316200477855164480973183034034780897280,187.21011504187936,-2198711027514167865429763043504262272569659614530091/68091926342316200477855164480973183034034780897280,-32.29033375352995,-2198711027514167865429763043504262272569659614530091/14946208391482359528427329222913835648533969388961792,-0.1471082812392194,defined
client,adult,10002,lloyd,0,2,population_average,53634655443895/501001224192,107.05493889839369,316263802002162134877051098700902562144206710979/3468462776658965980481977182592840475477016576,91.18270033931476,-165156805873249192808921254949416057911517922743/10405388329976897941445931547778521426431049728,-15.872238559078927,-165156805873249192808921254949416057911517922743/1113948211879735597440074551052123744344138055680,-0.14826255306299635,defined
client,adult,10002,lloyd,0,2,pooled_SSE,53634655443895/16777216,3196874.5853838325,948791406006486404631153296102707686432620132937/348449143727040986586495598010130648530944,2722897.7975326176,-165156805873249192808921254949416057911517922743/348449143727040986586495598010130648530944,-473976.7878512149,-165156805873249192808921254949416057911517922743/1113948211879735597440074551052123744344138055680,-0.14826255306299635,defined
client,adult,10003,lloyd,0,1,Phi_A,19379709313183/162487336960,119.26904382680456,1109359179283601837488864376371208259665970134775/10799135862388454256288671573529969059271016448,102.72666196814046,-68709011222778285778592040703603416712848781729/4153513793226328560111027528280757330488852480,-16.54238185866409,-893217145896117715121696529146844417267034162477/6440013042314126902566018411002885715596884836352,-0.13869803368832198,defined
client,adult,10003,lloyd,0,1,Phi_B,8679456170935/84628471808,102.55952855472127,1221065217365114220494154239197993350763408828491/14061316745961011972711443362100812190817714176,86.83861116462327,-221056798959254559763943304177613931893010683829/14061316745961011972711443362100812190817714176,-15.720917390097991,-221056798959254559763943304177613931893010683829/1442122016324368780258097543375607282656419512320,-0.15328578057678957,defined
client,adult,10003,lloyd,0,1,Phi,19379709313183/162487336960,119.26904382680456,1109359179283601837488864376371208259665970134775/10799135862388454256288671573529969059271016448,102.72666196814046,-68709011222778285778592040703603416712848781729/4153513793226328560111027528280757330488852480,-16.54238185866409,-893217145896117715121696529146844417267034162477/6440013042314126902566018411002885715596884836352,-0.13869803368832198,defined
client,adult,10003,lloyd,0,1,G,727266526874115291/3278506997841920,221.82857238152582,41305166768695044235790230612653974018710062615651711/217894164295411841529136526339114185708911298871296,189.56527313276374,-2703840241239154648347753698175185173097493544566873/83805447805927631357360202438120840657273576488960,-32.26329924876208,-3905547015123223380946755341808600805585268453263261/26852861886620470178607994571060808593757525461958656,-0.14544248697265208,defined
client,adult,10003,lloyd,0,1,population_average,54097533996923/501001224192,107.97884592831068,1701701959482102550155283977271109789381902366867/18498468142181151895903878307161815869210755072,91.99150688601046,-380238791081450599033320423223965124630159947587/23783744754232909580447843537779477546128113664,-15.98733904230021,-2661671537570154193233242962567755872411119633109/17976989172909077144630798758007743976848240934912,-0.14805991770753435,defined
client,adult,10003,lloyd,0,1,pooled_SSE,54097533996923/16777216,3224464.297111213,15315317635338922951397555795439988104437121301803/5575186299632655785383929568162090376495104,2747050.3786300444,-2661671537570154193233242962567755872411119633109/5575186299632655785383929568162090376495104,-477413.91848116886,-2661671537570154193233242962567755872411119633109/17976989172909077144630798758007743976848240934912,-0.14805991770753435,defined
client,adult,10003,lloyd,1,2,Phi_A,1109359179283601837488864376371208259665970134775/10799135862388454256288671573529969059271016448,102.72666196814046,21000984030369663163727587967169391226865193/205977170226830563665173942061042195496960,101.957823807573,-41513938760784207052117061790388404554501520083/53995679311942271281443357867649845296355082240,-0.768838160567461,-41513938760784207052117061790388404554501520083/5546795896418009187444321881856041298329850673875,-0.007484309777396521,defined
client,adult,10003,lloyd,1,2,Phi_B,1221065217365114220494154239197993350763408828491/14061316745961011972711443362100812190817714176,86.83861116462327,588684846930584149761980842884746200398520429/6865877317363775377300509454150787202547712,85.74065916409585,-15438650851277881781617472970033132347238989899/14061316745961011972711443362100812190817714176,-1.0979520005274397,-15438650851277881781617472970033132347238989899/1221065217365114220494154239197993350763408828491,-0.012643592358311789,defined
client,adult,10003,lloyd,1,2,Phi,1109359179283601837488864376371208259665970134775/10799135862388454256288671573529969059271016448,102.72666196814046,21000984030369663163727587967169391226865193/205977170226830563665173942061042195496960,101.957823807573,-41513938760784207052117061790388404554501520083/53995679311942271281443357867649845296355082240,-0.768838160567461,-41513938760784207052117061790388404554501520083/5546795896418009187444321881856041298329850673875,-0.007484309777396521,defined
client,adult,10003,lloyd,1,2,G,41305166768695044235790230612653974018710062615651711/217894164295411841529136526339114185708911298871296,189.56527313276374,12481202419015006588917289141955995859411014341441/66496021818668164529155434063450374056674590720,187.69848297166885,-2033813410333353226130287761462833932960254108089211/1089470821477059207645682631695570928544556494356480,-1.8667901610949007,-677937803444451075376762587154277977653418036029737/68841944614491740392983717687756623364516771026086185,-0.009847743366937663,defined
client,adult,10003,lloyd,1,2,population_average,1701701959482102550155283977271109789381902366867/18498468142181151895903878307161815869210755072,91.99150688601046,132100084488071251483088892908493780004051931/1451644577284723485134756075303923190071296,91.00029480712298,-165023145571007261305056845550653463332413439275/166486213279630367063134904764456342822896795648,-0.9912120788874828,-165023145571007261305056845550653463332413439275/15315317635338922951397555795439988104437121301803,-0.010775039049156184,defined
client,adult,10003,lloyd,1,2,pooled_SSE,15315317635338922951397555795439988104437121301803/5575186299632655785383929568162090376495104,2747050.3786300444,924700591416498760381622250359456460028363517/340282366920938463463374607431768211456,2717450.8035303066,-165023145571007261305056845550653463332413439275/5575186299632655785383929568162090376495104,-29599.575099738013,-165023145571007261305056845550653463332413439275/15315317635338922951397555795439988104437121301803,-0.010775039049156184,defined
client,adult,10003,lloyd,0,2,Phi_A,19379709313183/162487336960,119.26904382680456,21000984030369663163727587967169391226865193/205977170226830563665173942061042195496960,101.957823807573,-713143222547074830760050652265344865281323/41195434045366112733034788412208439099392,-17.311220019231552,-3565716112735374153800253261326724326406615/24566700143105037317527841228496115553271808,-0.14514428441607932,defined
client,adult,10003,lloyd,0,2,Phi_B,8679456170935/84628471808,102.55952855472127,588684846930584149761980842884746200398520429/6865877317363775377300509454150787202547712,85.74065916409585,-115476293852799043723418348216624543086059411/6865877317363775377300509454150787202547712,-16.81886939062543,-954349535973545815896019406748963166000491/5819513560193249532937183397531989615575040,-0.16399129001116283,defined
client,adult,10003,lloyd,0,2,Phi,19379709313183/162487336960,119.26904382680456,21000984030369663163727587967169391226865193/205977170226830563665173942061042195496960,101.957823807573,-713143222547074830760050652265344865281323/41195434045366112733034788412208439099392,-17.311220019231552,-3565716112735374153800253261326724326406615/24566700143105037317527841228496115553271808,-0.14514428441607932,defined
client,adult,10003,lloyd,0,2,G,727266526874115291/3278506997841920,221.82857238152582,12481202419015006588917289141955995859411014341441/66496021818668164529155434063450374056674590720,187.69848297166885,-453903034014189009456190012667727553506197145843/13299204363733632905831086812690074811334918144,-34.13008940985698,-108072150955759287965759526825649417501475510915/702415123289807220771344724061649220330571431936,-0.15385795005323388,defined
client,adult,10003,lloyd,0,2,population_average,54097533996923/501001224192,107.97884592831068,132100084488071251483088892908493780004051931/1451644577284723485134756075303923190071296,91.00029480712298,-19169750184062781131580266710872459145396139/1129056893443673821771476947458606925611008,-16.978551121187692,-9080407981924475272853810547255375384661329/57748860161740199503465507934595189070364672,-0.157239605361777,defined
client,adult,10003,lloyd,0,2,pooled_SSE,54097533996923/16777216,3224464.297111213,924700591416498760381622250359456460028363517/340282366920938463463374607431768211456,2717450.8035303066,-172527751656565030184222400397852132308565251/340282366920938463463374607431768211456,-507013.4935809069,-9080407981924475272853810547255375384661329/57748860161740199503465507934595189070364672,-0.157239605361777,defined
client,adult,10004,lloyd,0,1,Phi_A,4973395372947/40621834240,122.43158060178722,24955095734543997128726024832892483540008047/253510363356099155280214082536667317534720,98.43816798720079,-79073523750996092851308354810281992723131997/3295634723629289018642783072976675127951360,-23.993412614586443,-1083198955493097162346689791921671133193589/5527257100000932267462283255313483270455296,-0.19597404931515028,defined
client,adult,10004,lloyd,0,1,Phi_B,5223621716679/42314235904,123.44832903352052,620274489680249885229870015030877983293260259/6865877317363775377300509454150787202547712,90.34162147225938,-227306592497458711946812164761140323480026653/6865877317363775377300509454150787202547712,-33.106707561261146,-227306592497458711946812164761140323480026653/847581082177708597176682179792018306773286912,-0.268182711102323,defined
client,adult,10004,lloyd,0,1,Phi,5223621716679/42314235904,123.44832903352052,24955095734543997128726024832892483540008047/253510363356099155280214082536667317534720,98.43816798720079,-127928939586498674830323220891781998159356385121/5115078601436012656088879543342336465898045440,-25.01016104631975,-127928939586498674830323220891781998159356385121/631447906222392904896628223945053638546098749440,-0.20259618937027993,defined
client,adult,10004,lloyd,0,1,G,201529751092023849/819626749460480,245.87990963530774,482811730723840197281279082125637868970110628637/2557539300718006328044439771671168232949022720,188.77978945946015,-1898465418530867895332862245359351900039346218887/33248010909334082264577717031725187028337295360,-57.10012017584759,-632821806176955965110954081786450633346448739629/2725005972646930153329830104330881398883594797056,-0.23222767675707717,defined
client,adult,10004,lloyd,0,1,population_average,5140212935435/41750102016,123.1185718651682,67477909587808703421664881275605733522383205/725822288642361742567378037651961595035648,92.96753577797257,-153190058124227402399060259785711158101579325/5080756020496532197971646263563731165249536,-30.15103608719563,-30638011624845480479812051957142231620315865/125107085047777665270142885742990258551652352,-0.2448942968589269,defined
client,adult,10004,lloyd,0,1,pooled_SSE,15420638806305/4194304,3676566.793037653,472345367114660923951654168929240134656682435/170141183460469231731687303715884105728,2776196.553401817,-153190058124227402399060259785711158101579325/170141183460469231731687303715884105728,-900370.2396358359,-30638011624845480479812051957142231620315865/125107085047777665270142885742990258551652352,-0.2448942968589269,defined
client,adult,10004,lloyd,1,2,Phi_A,24955095734543997128726024832892483540008047/253510363356099155280214082536667317534720,98.43816798720079,8629541706790374286862202552535992358754003/88473415399444000500477397932259734978560,97.53824544728275,-11863263884522081951285110982546282626071997/13182538894517156074571132291906700511805440,-0.8999225399180287,-11863263884522081951285110982546282626071997/1297664978196287850693753291310409144080418444,-0.009142008210017066,defined
client,adult,10004,lloyd,1,2,Phi_B,620274489680249885229870015030877983293260259/6865877317363775377300509454150787202547712,90.34162147225938,4864295192063421968664090247431372780229066195/54927018538910203018404075633206297620381696,88.55924318225217,-97900725378577113174869872815651086117015877/54927018538910203018404075633206297620381696,-1.7823782900072105,-97900725378577113174869872815651086117015877/4962195917441999081838960120247023866346082072,-0.019729314804854525,defined
client,adult,10004,lloyd,1,2,Phi,24955095734543997128726024832892483540008047/253510363356099155280214082536667317534720,98.43816798720079,8629541706790374286862202552535992358754003/88473415399444000500477397932259734978560,97.53824544728275,-11863263884522081951285110982546282626071997/13182538894517156074571132291906700511805440,-0.8999225399180287,-11863263884522081951285110982546282626071997/1297664978196287850693753291310409144080418444,-0.009142008210017066,defined
client,adult,10004,lloyd,1,2,G,482811730723840197281279082125637868970110628637/2557539300718006328044439771671168232949022720,188.77978945946015,664415713519941191935203187888076666360048339737/3570256205029163196196264916158409345324810240,186.09748862953492,-1426898676087523436160774086809253458135808135683/531968174549345316233243472507602992453396725760,-2.6823008299252393,-1426898676087523436160774086809253458135808135683/100424839990558761034506049082132676745783010756496,-0.014208622848905415,defined
client,adult,10004,lloyd,1,2,population_average,67477909587808703421664881275605733522383205/725822288642361742567378037651961595035648,92.96753577797257,275403652618035315042556541040262907523620707/3010818382516463524723938526556285134962688,91.47136015153826,-121627253147621277077440094780743651369159871/81292096327944515167546340217019698643992576,-1.4961756264343176,-121627253147621277077440094780743651369159871/7557525873834574783226466702867842154506918960,-0.016093527852642262,defined
client,adult,10004,lloyd,1,2,pooled_SSE,472345367114660923951654168929240134656682435/170141183460469231731687303715884105728,2776196.553401817,7435898620686953506149026608087098503137759089/2722258935367507707706996859454145691648,2731517.7568452354,-121627253147621277077440094780743651369159871/2722258935367507707706996859454145691648,-44678.79655658159,-121627253147621277077440094780743651369159871/7557525873834574783226466702867842154506918960,-0.016093527852642262,defined
client,adult,10004,lloyd,0,2,Phi_A,4973395372947/40621834240,122.43158060178722,8629541706790374286862202552535992358754003/88473415399444000500477397932259734978560,97.53824544728275,-65631471777701290671303706044734850703719997/2636507778903431214914226458381340102361088,-24.893335154504474,-328157358888506453356518530223674253518599985/1613959073200272222098986710551537114972946432,-0.20332446115737796,defined
client,adult,10004,lloyd,0,2,Phi_B,5223621716679/42314235904,123.44832903352052,4864295192063421968664090247431372780229066195/54927018538910203018404075633206297620381696,88.55924318225217,-1916353465358246808749367190904773673957229101/54927018538910203018404075633206297620381696,-34.88908585126836,-1916353465358246808749367190904773673957229101/6780648657421668777413457438336146454186295296,-0.28262096477462045,defined
client,adult,10004,lloyd,0,2,Phi,5223621716679/42314235904,123.44832903352052,8629541706790374286862202552535992358754003/88473415399444000500477397932259734978560,97.53824544728275,-46252818348294853279918705843406041938475078589/1785128102514581598098132458079204672662405120,-25.91008358623778,-46252818348294853279918705843406041938475078589/220371081366204235265937366745924759761054597120,-0.20988606155375572,defined
client,adult,10004,lloyd,0,2,G,201529751092023849/819626749460480,245.87990963530774,664415713519941191935203187888076666360048339737/3570256205029163196196264916158409345324810240,186.09748862953492,-6360469074516281952297314002511776771753069527575/106393634909869063246648694501520598490679345152,-59.78242100577283,-31802345372581409761486570012558883858765347637875/130800286687052647359831845007882307146412550258688,-0.24313666413186374,defined
client,adult,10004,lloyd,0,2,population_average,5140212935435/41750102016,123.1185718651682,275403652618035315042556541040262907523620707/3010818382516463524723938526556285134962688,91.47136015153826,-857556061045086571820801417117374060331476357/27097365442648171722515446739006566214664192,-31.647211713629947,-857556061045086571820801417117374060331476357/3336188934607404407203810286479740228044062720,-0.2570466115241168,defined
client,adult,10004,lloyd,0,2,pooled_SSE,15420638806305/4194304,3676566.793037653,7435898620686953506149026608087098503137759089/2722258935367507707706996859454145691648,2731517.7568452354,-2572668183135259715462404251352122180994429071/2722258935367507707706996859454145691648,-945049.0361924175,-857556061045086571820801417117374060331476357/3336188934607404407203810286479740228044062720,-0.2570466115241168,defined
client,bank,10000,fair,0,1,Phi_A,12870268746301/286856839168,44.866522212368885,97162019811591697034545501759991297617664171/2909073954807102924148389518934186439737344,33.39963896450147,-33358011399184976274814513728322779528849237/2909073954807102924148389518934186439737344,-11.466883247867415,-33358011399184976274814513728322779528849237/130520031210776673309360015488314077146513408,-0.25557771546434244,defined
client,bank,10000,fair,0,1,Phi_B,3058036176677/72293023744,42.300570903023036,293099462407215543056136832977642911673670753/8797660314373943034382087100540935338983424,33.3156148264032,-79046591501671383909455959174827528539022239/8797660314373943034382087100540935338983424,-8.984956076619842,-79046591501671383909455959174827528539022239/372146053908886926965592792152470440212692992,-0.21240744237751472,defined
client,bank,10000,fair,0,1,Phi,12870268746301/286856839168,44.866522212368885,97162019811591697034545501759991297617664171/2909073954807102924148389518934186439737344,33.39963896450147,-33358011399184976274814513728322779528849237/2909073954807102924148389518934186439737344,-11.466883247867415,-33358011399184976274814513728322779528849237/130520031210776673309360015488314077146513408,-0.25557771546434244,defined
client,bank,10000,fair,0,1,G,107744290576634355/1236066119974912,87.16709311539192,5017734164328177412718053187628684260505300744431/75211198027582839000932462622524456212969291776,66.71525379090467,-1538207337462317037650993432917657683418969294609/75211198027582839000932462622524456212969291776,-20.451839324487256,-1538207337462317037650993432917657683418969294609/6555941501790494450369046620546341943924270039040,-0.2346279839504695,defined
client,bank,10000,fair,0,1,population_average,31218485806363/720614981632,43.32200495701809,69631928861485562446461119499660786701285585/2087972603426878411811266591201329745494016,33.34906250551486,-145762614300041336459084986631473087596720713/14615808223988148882678866138409308218458112,-9.972942451503222,-145762614300041336459084986631473087596720713/633186116330440273584312823129098594505719808,-0.2302050069334943,defined
client,bank,10000,fair,0,1,pooled_SSE,31218485806363/16777216,1860766.7569138408,487423502030398937125227836497625506908999095/340282366920938463463374607431768211456,1432408.9327368743,-145762614300041336459084986631473087596720713/340282366920938463463374607431768211456,-428357.82417696645,-145762614300041336459084986631473087596720713/633186116330440273584312823129098594505719808,-0.2302050069334943,defined
client,bank,10000,fair,1,2,Phi_A,97162019811591697034545501759991297617664171/2909073954807102924148389518934186439737344,33.39963896450147,379092980638938609313982283605942123290470143/11636295819228411696593558075736745758949376,32.578492892257515,-9555098607428178824199723434023067180186541/11636295819228411696593558075736745758949376,-0.8211460722439562,-9555098607428178824199723434023067180186541/388648079246366788138182007039965190470656684,-0.024585477499224004,defined
client,bank,10000,fair,1,2,Phi_B,293099462407215543056136832977642911673670753/8797660314373943034382087100540935338983424,33.3156148264032,381461034906125146296602030285692126178148027/11730213752498590712509449467387913785311232,32.51952973362247,-903701448725378494669072292048234456781901/1135181976048250714113817690392378753417216,-0.796085092780725,-28014744910486733334741241053495268160238931/1172397849628862172224547331910571646694683012,-0.023895254430358403,defined
client,bank,10000,fair,1,2,Phi,97162019811591697034545501759991297617664171/2909073954807102924148389518934186439737344,33.39963896450147,379092980638938609313982283605942123290470143/11636295819228411696593558075736745758949376,32.578492892257515,-9555098607428178824199723434023067180186541/11636295819228411696593558075736745758949376,-0.8211460722439562,-9555098607428178824199723434023067180186541/388648079246366788138182007039965190470656684,-0.024585477499224004,defined
client,bank,10000,fair,1,2,G,5017734164328177412718053187628684260505300744431/75211198027582839000932462622524456212969291776,66.71525379090467,6528133694558836810757550077028391205214259175197/100281597370110452001243283496699274950625722368,65.09802262587998,-15694695923748361890308468368695594399304046843/9704670713236495354959027435164445962963779584,-1.6172311650246813,-486535573636199218599562519429563426378425452133/20070936657312709650872212750514737042021202977724,-0.024240800613504667,defined
client,bank,10000,fair,1,2,population_average,69631928861485562446461119499660786701285585/2087972603426878411811266591201329745494016,33.34906250551486,146351466615096358270597742928381586547337259/4497171761227122733131958811818248682602496,32.543001331833075,-47124942125343090983140687921541402520612013/58463232895952595530715464553637232873832448,-0.806061173681785,-645547152401960150453982026322484966035781/26708137097556106143848100630006877090904060,-0.024170429784899902,defined
client,bank,10000,fair,1,2,pooled_SSE,487423502030398937125227836497625506908999095/340282366920938463463374607431768211456,1432408.9327368743,1902569065996252657517770658068960625115384367/1361129467683753853853498429727072845824,1397786.9932048942,-47124942125343090983140687921541402520612013/1361129467683753853853498429727072845824,-34621.93953198003,-645547152401960150453982026322484966035781/26708137097556106143848100630006877090904060,-0.024170429784899902,defined
client,bank,10000,fair,0,2,Phi_A,12870268746301/286856839168,44.866522212368885,379092980638938609313982283605942123290470143/11636295819228411696593558075736745758949376,32.578492892257515,-142987144204168083923457778347314185295583489/11636295819228411696593558075736745758949376,-12.28802932011137,-142987144204168083923457778347314185295583489/522080124843106693237440061953256308586053632,-0.2738796927907148,defined
client,bank,10000,fair,0,2,Phi_B,3058036176677/72293023744,42.300570903023036,381461034906125146296602030285692126178148027/11730213752498590712509449467387913785311232,32.51952973362247,-114733703639057422990855025917601794105442629/11730213752498590712509449467387913785311232,-9.781041169400567,-114733703639057422990855025917601794105442629/496194738545182569287457056203293920283590656,-0.2312271669293607,defined
client,bank,10000,fair,0,2,Phi,12870268746301/286856839168,44.866522212368885,379092980638938609313982283605942123290470143/11636295819228411696593558075736745758949376,32.578492892257515,-142987144204168083923457778347314185295583489/11636295819228411696593558075736745758949376,-12.28802932011137,-142987144204168083923457778347314185295583489/522080124843106693237440061953256308586053632,-0.2738796927907148,defined
client,bank,10000,fair,0,2,G,107744290576634355/1236066119974912,87.16709311539192,6528133694558836810757550077028391205214259175197/100281597370110452001243283496699274950625722368,65.09802262587998,-2213121641161822456401178750366731386684767543523/100281597370110452001243283496699274950625722368,-22.069070489511937,-2213121641161822456401178750366731386684767543523/8741255335720659267158728827395122591899026718720,-0.2531812143866823,defined
client,bank,10000,fair,0,2,population_average,31218485806363/720614981632,43.32200495701809,146351466615096358270597742928381586547337259/4497171761227122733131958811818248682602496,32.543001331833075,-90025057046501205259925804921061964701070695/8351890413707513647245066364805318981976064,-10.779003625185007,-4962011018311090053696697909034911440216495/19942869805683158223127962933199955732463616,-0.2488112827621758,defined
client,bank,10000,fair,0,2,pooled_SSE,31218485806363/16777216,1860766.7569138408,1902569065996252657517770658068960625115384367/1361129467683753853853498429727072845824,1397786.9932048942,-630175399325508436819480634447433752907494865/1361129467683753853853498429727072845824,-462979.76370894647,-4962011018311090053696697909034911440216495/19942869805683158223127962933199955732463616,-0.2488112827621758,defined
client,bank,10001,fair,0,1,Phi_A,13544613204873/286856839168,47.21732709653295,195552319793448788885729963923173229804217501/5818147909614205848296779037868372879474688,33.6107508491333,-79165073150814576539110161925011014723738467/5818147909614205848296779037868372879474688,-13.60657624739965,-79165073150814576539110161925011014723738467/274717392944263365424840125848184244527955968,-0.28816913375002856,defined
client,bank,10001,fair,0,1,Phi_B,18036049229683/433758142464,41.58088912689382,294165242004537559174078369998976183199860889/8797660314373943034382087100540935338983424,33.43675835311799,-71649296103519232519611645594397924710152039/8797660314373943034382087100540935338983424,-8.144130773775837,-71649296103519232519611645594397924710152039/365814538108056791693690015593374107910012928,-0.19586235274868977,defined
client,bank,10001,fair,0,1,Phi,13544613204873/286856839168,47.21732709653295,195552319793448788885729963923173229804217501/5818147909614205848296779037868372879474688,33.6107508491333,-79165073150814576539110161925011014723738467/5818147909614205848296779037868372879474688,-13.60657624739965,-79165073150814576539110161925011014723738467/274717392944263365424840125848184244527955968,-0.28816913375002856,defined
client,bank,10001,fair,0,1,G,164640699881976619/1854099179962368,88.79821622342678,78792554560417251364141050449314183310230162117/1175174969180981859389569728476944628327645184,67.04750920225129,-25560886453274467964550578459236331963763389755/1175174969180981859389569728476944628327645184,-21.750707021175486,-25560886453274467964550578459236331963763389755/104353441013691719328691628908550515273993551872,-0.2449453147397482,defined
client,bank,10001,fair,0,1,population_average,7895165608639/180153745408,43.82459876567408,4150148828796494475083121473916520449187105/123862781559221600700668357105163628969984,33.50601994039843,-75407184627166904529360903759704469716945253/7307904111994074441339433069204654109229056,-10.31857882527565,-75407184627166904529360903759704469716945253/320265965526160078559265070720779176218984448,-0.23545175805141078,defined
client,bank,10001,fair,0,1,pooled_SSE,7895165608639/4194304,1882354.1661832333,244858780898993174029904166961074706502039195/170141183460469231731687303715884105728,1439150.5684799936,-75407184627166904529360903759704469716945253/170141183460469231731687303715884105728,-443203.5977032397,-75407184627166904529360903759704469716945253/320265965526160078559265070720779176218984448,-0.23545175805141078,defined
client,bank,10001,fair,1,2,Phi_A,195552319793448788885729963923173229804217501/5818147909614205848296779037868372879474688,33.6107508491333,11780516505182337111579671467457430679290489/363634244350887865518548689866773304967168,32.396609197825605,-7064055710531395100455220443854338935569677/5818147909614205848296779037868372879474688,-1.2141416513076932,-7064055710531395100455220443854338935569677/195552319793448788885729963923173229804217501,-0.03612360987582643,defined
client,bank,10001,fair,1,2,Phi_B,294165242004537559174078369998976183199860889/8797660314373943034382087100540935338983424,33.43675835311799,35578966645327361079784038489928957872389849/1099707539296742879297760887567616917372928,32.353116964242986,-9533508841918670535806062079544520220742097/8797660314373943034382087100540935338983424,-1.0836413888750025,-9533508841918670535806062079544520220742097/294165242004537559174078369998976183199860889,-0.03240868559777574,defined
client,bank,10001,fair,1,2,Phi,195552319793448788885729963923173229804217501/5818147909614205848296779037868372879474688,33.6107508491333,11780516505182337111579671467457430679290489/363634244350887865518548689866773304967168,32.396609197825605,-7064055710531395100455220443854338935569677/5818147909614205848296779037868372879474688,-1.2141416513076932,-7064055710531395100455220443854338935569677/195552319793448788885729963923173229804217501,-0.03612360987582643,defined
client,bank,10001,fair,1,2,G,78792554560417251364141050449314183310230162117/1175174969180981859389569728476944628327645184,67.04750920225129,608738059575887753553854571170047073633437121707/9401399753447854875116557827815557026621161472,64.74972616206858,-21602376907450257359273832424466392848404175229/9401399753447854875116557827815557026621161472,-2.2977830401826957,-21602376907450257359273832424466392848404175229/630340436483338010913128403594513466481841296936,-0.03427096796767421,defined
client,bank,10001,fair,1,2,population_average,4150148828796494475083121473916520449187105/123862781559221600700668357105163628969984,33.50601994039843,59139999655692035302943381424843819230970827/1826976027998518610334858267301163527307264,32.37043001624978,-8298782276225032818130641261699429578155887/7307904111994074441339433069204654109229056,-1.1355899241486602,-8298782276225032818130641261699429578155887/244858780898993174029904166961074706502039195,-0.033892116287421885,defined
client,bank,10001,fair,1,2,pooled_SSE,244858780898993174029904166961074706502039195/170141183460469231731687303715884105728,1439150.5684799936,59139999655692035302943381424843819230970827/42535295865117307932921825928971026432,1390374.7100579604,-8298782276225032818130641261699429578155887/170141183460469231731687303715884105728,-48775.85842203325,-8298782276225032818130641261699429578155887/244858780898993174029904166961074706502039195,-0.033892116287421885,defined
client,bank,10001,fair,0,2,Phi_A,13544613204873/286856839168,47.21732709653295,11780516505182337111579671467457430679290489/363634244350887865518548689866773304967168,32.396609197825605,-5389320553834123227472836398054084603706759/363634244350887865518548689866773304967168,-14.820717898707343,-1796440184611374409157612132684694867902253/5723279019672153446350835955170505094332416,-0.31388303426001407,defined
client,bank,10001,fair,0,2,Phi_B,18036049229683/433758142464,41.58088912689382,35578966645327361079784038489928957872389849/1099707539296742879297760887567616917372928,32.353116964242986,-109116673313760622386314123217664576520019/11824812250502611605352267608253945348096,-9.227772162650838,-10147850618179737881927213459242805616361767/45726817263507098961711251949171763488751616,-0.22192339693579258,defined
client,bank,10001,fair,0,2,Phi,13544613204873/286856839168,47.21732709653295,11780516505182337111579671467457430679290489/363634244350887865518548689866773304967168,32.396609197825605,-5389320553834123227472836398054084603706759/363634244350887865518548689866773304967168,-14.820717898707343,-1796440184611374409157612132684694867902253/5723279019672153446350835955170505094332416,-0.31388303426001407,defined
client,bank,10001,fair,0,2,G,164640699881976619/1854099179962368,88.79821622342678,608738059575887753553854571170047073633437121707/9401399753447854875116557827815557026621161472,64.74972616206858,-2431069554125225818018047958046849984500121433/101090319929546826614156535782962978780872704,-24.048490061358184,-226089468533646001075678460098357048558511293269/834827528109533754629533031268404122191948414976,-0.2708217696721446,defined
client,bank,10001,fair,0,2,population_average,7895165608639/180153745408,43.82459876567408,59139999655692035302943381424843819230970827/1826976027998518610334858267301163527307264,32.37043001624978,-20926491725847984336872886255350974823775285/1826976027998518610334858267301163527307264,-11.45416874942431,-20926491725847984336872886255350974823775285/80066491381540019639816267680194794054746112,-0.2613639159748763,defined
client,bank,10001,fair,0,2,pooled_SSE,7895165608639/4194304,1882354.1661832333,59139999655692035302943381424843819230970827/42535295865117307932921825928971026432,1390374.7100579604,-20926491725847984336872886255350974823775285/42535295865117307932921825928971026432,-491979.45612527296,-20926491725847984336872886255350974823775285/80066491381540019639816267680194794054746112,-0.2613639159748763,defined
client,bank,10002,fair,0,1,Phi_A,12543470431065/286856839168,43.727283851575926,388425477015792555879987699561118640183313737/11636295819228411696593558075736745758949376,33.380508973821236,-120398133252514472541566179213731342069660343/11636295819228411696593558075736745758949376,-10.346774877754692,-17199733321787781791652311316247334581380049/72689087181186718345936268396407140321853440,-0.23662057110326998,defined
client,bank,10002,fair,0,1,Phi_B,6486345632443/144586047488,44.861490753326926,390492189373027089966533189297011077076760399/11730213752498590712509449467387913785311232,33.28943509574584,-135742686419236794666632937004048509330507953/11730213752498590712509449467387913785311232,-11.572055657581087,-135742686419236794666632937004048509330507953/526234875792263884633166126301059586407268352,-0.2579507605133007,defined
client,bank,10002,fair,0,1,Phi,6486345632443/144586047488,44.861490753326926,388425477015792555879987699561118640183313737/11636295819228411696593558075736745758949376,33.380508973821236,-575665596112981851577601609465018981547969677891/50140798685055226000621641748349637475312861184,-11.480981779505688,-575665596112981851577601609465018981547969677891/2249390976574031974864468606873879202097868570624,-0.25592064790344177,defined
client,bank,10002,fair,0,1,G,27375395724803573/309016529993728,88.58877460490285,6685768487872108838697626230117868139029022436517/100281597370110452001243283496699274950625722368,66.66994406956708,-2198055338568225081968262310911547412222845326171/100281597370110452001243283496699274950625722368,-21.91883053533578,-2198055338568225081968262310911547412222845326171/8883823826440333920665888541029415551251867762688,-0.2474222115961259,defined
client,bank,10002,fair,0,1,population_average,16001253664197/360307490816,44.409994441021595,1948327522150666381659574967013270511596908671/58463232895952595530715464553637232873832448,33.32568908082996,-648024325762739329083031169439608212130844545/58463232895952595530715464553637232873832448,-11.084305360191635,-648024325762739329083031169439608212130844545/2596351847913405710742606136452878723727753216,-0.24959033433143243,defined
client,bank,10002,fair,0,1,pooled_SSE,16001253664197/8388608,1907498.0812307596,1948327522150666381659574967013270511596908671/1361129467683753853853498429727072845824,1431404.9973998084,-648024325762739329083031169439608212130844545/1361129467683753853853498429727072845824,-476093.08383095113,-648024325762739329083031169439608212130844545/2596351847913405710742606136452878723727753216,-0.24959033433143243,defined
client,bank,10002,fair,1,2,Phi_A,388425477015792555879987699561118640183313737/11636295819228411696593558075736745758949376,33.380508973821236,2979032297553273771273628306021105686646875/90908561087721966379637172466693326241792,32.76954625515043,-7109342928973513156963276390417112292513737/11636295819228411696593558075736745758949376,-0.6109627186708051,-7109342928973513156963276390417112292513737/388425477015792555879987699561118640183313737,-0.018302977918939294,defined
client,bank,10002,fair,1,2,Phi_B,390492189373027089966533189297011077076760399/11730213752498590712509449467387913785311232,33.28943509574584,374077307224022007440468332950334357579143/11455286867674404992685009245496009555968,32.65542902112981,-7437026775628554347493616355868694915717967/11730213752498590712509449467387913785311232,-0.6340060746160259,-7437026775628554347493616355868694915717967/390492189373027089966533189297011077076760399,-0.01904526384399498,defined
client,bank,10002,fair,1,2,Phi,388425477015792555879987699561118640183313737/11636295819228411696593558075736745758949376,33.380508973821236,2979032297553273771273628306021105686646875/90908561087721966379637172466693326241792,32.76954625515043,-7109342928973513156963276390417112292513737/11636295819228411696593558075736745758949376,-0.6109627186708051,-7109342928973513156963276390417112292513737/388425477015792555879987699561118640183313737,-0.018302977918939294,defined
client,bank,10002,fair,1,2,G,6685768487872108838697626230117868139029022436517/100281597370110452001243283496699274950625722368,66.66994406956708,25628597767989713246852319484214578095537758403/391724989726993953129856576158981542775881728,65.42497527628025,-124847459266742247503432442158936146571356285349/100281597370110452001243283496699274950625722368,-1.244968793286831,-124847459266742247503432442158936146571356285349/6685768487872108838697626230117868139029022436517,-0.01867361388495785,defined
client,bank,10002,fair,1,2,population_average,1948327522150666381659574967013270511596908671/58463232895952595530715464553637232873832448,33.32568908082996,7467959984241537860559248301425117977596591/228372003499814826291857283412645440913408,32.7008559271478,-36529766184832689356407401848440309332181375/58463232895952595530715464553637232873832448,-0.6248331536821605,-36529766184832689356407401848440309332181375/1948327522150666381659574967013270511596908671,-0.018749294340670818,defined
client,bank,10002,fair,1,2,pooled_SSE,1948327522150666381659574967013270511596908671/1361129467683753853853498429727072845824,1431404.9973998084,7467959984241537860559248301425117977596591/5316911983139663491615228241121378304,1404567.1637828522,-36529766184832689356407401848440309332181375/1361129467683753853853498429727072845824,-26837.83361695616,-36529766184832689356407401848440309332181375/1948327522150666381659574967013270511596908671,-0.018749294340670818,defined
client,bank,10002,fair,0,2,Phi_A,12543470431065/286856839168,43.727283851575926,2979032297553273771273628306021105686646875/90908561087721966379637172466693326241792,32.76954625515043,-9671380171532765905531663804926308734995/882607389201184139608127888026148798464,-10.957737596425495,-66410143844524992551317424793827319980299/265012297014743243969559311861901032423424,-0.2505926879341393,defined
client,bank,10002,fair,0,2,Phi_B,6486345632443/144586047488,44.861490753326926,374077307224022007440468332950334357579143/11455286867674404992685009245496009555968,32.65542902112981,-139823938666860692396607962265544144771705/11455286867674404992685009245496009555968,-12.206061732197114,-139823938666860692396607962265544144771705/513901245890882699837076295215878502350848,-0.27208328406456067,defined
client,bank,10002,fair,0,2,Phi,6486345632443/144586047488,44.861490753326926,2979032297553273771273628306021105686646875/90908561087721966379637172466693326241792,32.76954625515043,-4736716834327568123210596620557236862628213833/391724989726993953129856576158981542775881728,-12.091944498176494,-4736716834327568123210596620557236862628213833/17573367004484624803628660991202181266389598208,-0.26953951585480374,defined
client,bank,10002,fair,0,2,G,27375395724803573/309016529993728,88.58877460490285,25628597767989713246852319484214578095537758403/391724989726993953129856576158981542775881728,65.42497527628025,-88095524796532438162609782807588120403299515/3803155240067902457571423069504675172581376,-23.16379932862261,-9073839054042841130748807629181576401539850045/34702436822032554377601127113396154497077608448,-0.26147555863517535,defined
client,bank,10002,fair,0,2,population_average,16001253664197/360307490816,44.409994441021595,7467959984241537860559248301425117977596591/228372003499814826291857283412645440913408,32.7008559271478,-2674039421670203197029056919093939536964945/228372003499814826291857283412645440913408,-11.709138513873796,-891346473890067732343018973031313178988315/3380666468637247019196101740173019171520512,-0.26365998602913676,defined
client,bank,10002,fair,0,2,pooled_SSE,16001253664197/8388608,1907498.0812307596,7467959984241537860559248301425117977596591/5316911983139663491615228241121378304,1404567.1637828522,-2674039421670203197029056919093939536964945/5316911983139663491615228241121378304,-502930.9174479073,-891346473890067732343018973031313178988315/3380666468637247019196101740173019171520512,-0.26365998602913676,defined
client,bank,10003,fair,0,1,Phi_A,14110027359667/286856839168,49.18839446391358,3085462225042003785705503162963327345423765/90908561087721966379637172466693326241792,33.94028228061706,-1386183937887649076694223533775836884568683/90908561087721966379637172466693326241792,-15.248112183296518,-1386183937887649076694223533775836884568683/4471646162929652862399726696739164229992448,-0.30999410225684626,defined
client,bank,10003,fair,0,1,Phi_B,4369423704133/108439535616,40.29364086919146,3086672869427002723108475917775029986590863/91642294941395239941480073963968076447744,33.68175001947424,-1817786554110293604034137394318382358265427/274926884824185719824440221891904229343232,-6.61189084971722,-1817786554110293604034137394318382358265427/11077805162391301773359565147643472318038016,-0.16409266343495596,defined
client,bank,10003,fair,0,1,Phi,14110027359667/286856839168,49.18839446391358,3085462225042003785705503162963327345423765/90908561087721966379637172466693326241792,33.94028228061706,-1386183937887649076694223533775836884568683/90908561087721966379637172466693326241792,-15.248112183296518,-1386183937887649076694223533775836884568683/4471646162929652862399726696739164229992448,-0.30999410225684626,defined
client,bank,10003,fair,0,1,G,331817136664947377/3708198359924736,89.48203533310503,52978479816143434905064386879476686418227294557/783449979453987906259713152317963085551763456,67.6220323000913,-51378656781236179249740295826268337594449865705/2350349938361963718779139456953889256655290368,-21.860003033013736,-51378656781236179249740295826268337594449865705/210314096229666483964933456464698396849131749376,-0.24429487943180866,defined
client,bank,10003,fair,0,1,population_average,4512531739457/102944997376,43.83439559452576,15430943058365015740736434079251744650620119/456744006999629652583714566825290881826816,33.78466454268666,-4590154429885591757422584461870056127402793/456744006999629652583714566825290881826816,-10.049731051839096,-4590154429885591757422584461870056127402793/20021097488250607498159018541121800778022912,-0.22926587478929797,defined
client,bank,10003,fair,0,1,pooled_SSE,31587722176199/16777216,1882774.9595760703,15430943058365015740736434079251744650620119/10633823966279326983230456482242756608,1451118.9114374775,-4590154429885591757422584461870056127402793/10633823966279326983230456482242756608,-431656.04813859286,-4590154429885591757422584461870056127402793/20021097488250607498159018541121800778022912,-0.22926587478929797,defined
client,bank,10003,fair,1,2,Phi_A,3085462225042003785705503162963327345423765/90908561087721966379637172466693326241792,33.94028228061706,5966058599223647189759844725373142049949701/181817122175443932759274344933386652483584,32.81351353403733,-204865850860360381651161600553512640897829/181817122175443932759274344933386652483584,-1.1267687465797398,-204865850860360381651161600553512640897829/6170924450084007571411006325926654690847530,-0.033198567332577124,defined
client,bank,10003,fair,1,2,Phi_B,3086672869427002723108475917775029986590863/91642294941395239941480073963968076447744,33.68175001947424,1126095029071629720502169404199381085203005/34365860603023214978055027736488028667904,32.76784021444135,-251258375707970405308072519730041278148549/274926884824185719824440221891904229343232,-0.9139098050328864,-251258375707970405308072519730041278148549/9260018608281008169325427753325089959772589,-0.02713367935171061,defined
client,bank,10003,fair,1,2,Phi,3085462225042003785705503162963327345423765/90908561087721966379637172466693326241792,33.94028228061706,5966058599223647189759844725373142049949701/181817122175443932759274344933386652483584,32.81351353403733,-204865850860360381651161600553512640897829/181817122175443932759274344933386652483584,-1.1267687465797398,-204865850860360381651161600553512640897829/6170924450084007571411006325926654690847530,-0.033198567332577124,defined
client,bank,10003,fair,1,2,G,52978479816143434905064386879476686418227294557/783449979453987906259713152317963085551763456,67.6220323000913,154139130740430987066609882656902678458903702787/2350349938361963718779139456953889256655290368,65.58135374847868,-1199077176999829412145819495381845198944545221/587587484590490929694784864238472314163822592,-2.0406785516126265,-4796308707999317648583277981527380795778180884/158935439448430304715193160638430059254681883671,-0.030177716968880143,defined
client,bank,10003,fair,1,2,population_average,15430943058365015740736434079251744650620119/456744006999629652583714566825290881826816,33.78466454268666,14974818831796684953777199958968190731573741/456744006999629652583714566825290881826816,32.78602149630138,-32580301897737913354231008591682422789027/32624571928544975184551040487520777273344,-0.9986430463852821,-456124226568330786959234120283553919046378/15430943058365015740736434079251744650620119,-0.029559063554516117,defined
client,bank,10003,fair,1,2,pooled_SSE,15430943058365015740736434079251744650620119/10633823966279326983230456482242756608,1451118.9114374775,14974818831796684953777199958968190731573741/10633823966279326983230456482242756608,1408225.1953091368,-228062113284165393479617060141776959523189/5316911983139663491615228241121378304,-42893.71612834064,-456124226568330786959234120283553919046378/15430943058365015740736434079251744650620119,-0.029559063554516117,defined
client,bank,10003,fair,0,2,Phi_A,14110027359667/286856839168,49.18839446391358,5966058599223647189759844725373142049949701/181817122175443932759274344933386652483584,32.81351353403733,-2977233726635658535039608668105186410035195/181817122175443932759274344933386652483584,-16.37488092987626,-2977233726635658535039608668105186410035195/8943292325859305724799453393478328459984896,-0.33290130951294766,defined
client,bank,10003,fair,0,2,Phi_B,4369423704133/108439535616,40.29364086919146,1126095029071629720502169404199381085203005/34365860603023214978055027736488028667904,32.76784021444135,-86210205409094333722592079752017651517249/11455286867674404992685009245496009555968,-7.525800654750107,-258630616227283001167776239256052954551747/1384725645298912721669945643455434039754752,-0.1867739050730543,defined
client,bank,10003,fair,0,2,Phi,14110027359667/286856839168,49.18839446391358,5966058599223647189759844725373142049949701/181817122175443932759274344933386652483584,32.81351353403733,-2977233726635658535039608668105186410035195/181817122175443932759274344933386652483584,-16.37488092987626,-2977233726635658535039608668105186410035195/8943292325859305724799453393478328459984896,-0.33290130951294766,defined
client,bank,10003,fair,0,2,G,331817136664947377/3708198359924736,89.48203533310503,154139130740430987066609882656902678458903702787/2350349938361963718779139456953889256655290368,65.58135374847868,-18724988496411832299441191269265239463409348863/783449979453987906259713152317963085551763456,-23.900681584626366,-56174965489235496898323573807795718390228046589/210314096229666483964933456464698396849131749376,-0.267100334672249,defined
client,bank,10003,fair,0,2,population_average,4512531739457/102944997376,43.83439559452576,14974818831796684953777199958968190731573741/456744006999629652583714566825290881826816,32.78602149630138,-5046278656453922544381818582153610046449171/456744006999629652583714566825290881826816,-11.048374098224379,-5046278656453922544381818582153610046449171/20021097488250607498159018541121800778022912,-0.2520480537800355,defined
client,bank,10003,fair,0,2,pooled_SSE,31587722176199/16777216,1882774.9595760703,14974818831796684953777199958968190731573741/10633823966279326983230456482242756608,1408225.1953091368,-5046278656453922544381818582153610046449171/10633823966279326983230456482242756608,-474549.7642669335,-5046278656453922544381818582153610046449171/20021097488250607498159018541121800778022912,-0.2520480537800355,defined
client,bank,10004,fair,0,1,Phi_A,1533502599521/35857104896,42.767050044022604,48440307463358006045323189050757812023662399/1454536977403551462074194759467093219868672,33.302905471559264,-13765948240141057733310934903018480527534273/1454536977403551462074194759467093219868672,-9.464144572463344,-13765948240141057733310934903018480527534273/62206255703499063778634123953776292551196672,-0.2212952392723218,defined
client,bank,10004,fair,0,1,Phi_B,1175432878477/27109883904,43.35809340384404,73439516848219882960510827221871251330516015/2199415078593485758595521775135233834745856,33.39047620569377,-21922927563259443666967750744264056259394513/2199415078593485758595521775135233834745856,-9.967617198150265,-21922927563259443666967750744264056259394513/95362444411479326627478577966135307589910528,-0.22989057902777976,defined
client,bank,10004,fair,0,1,Phi,1175432878477/27109883904,43.35809340384404,73439516848219882960510827221871251330516015/2199415078593485758595521775135233834745856,33.39047620569377,-21922927563259443666967750744264056259394513/2199415078593485758595521775135233834745856,-9.967617198150265,-21922927563259443666967750744264056259394513/95362444411479326627478577966135307589910528,-0.22989057902777976,defined
client,bank,10004,fair,0,1,G,39921139460207713/463524794990592,86.12514344786665,313505571028565180894324981694730890913616311027/4700699876723927437558278913907778513310580736,66.69338167725303,-91342880159652109306854439151008328685249809677/4700699876723927437558278913907778513310580736,-19.43176177061361,-91342880159652109306854439151008328685249809677/404848451188217290201179420845739219598866120704,-0.22562240238677872,defined
client,bank,10004,fair,0,1,population_average,3884368356475/90076872704,43.12281543387228,60939912155788944502917008136314531677089207/1826976027998518610334858267301163527307264,33.35561672505884,-17844437901700250700139342823641268393464393/1826976027998518610334858267301163527307264,-9.767198708813448,-17844437901700250700139342823641268393464393/78784350057489195203056350959955800070553600,-0.22649724074234423,defined
client,bank,10004,fair,0,1,pooled_SSE,3884368356475/2097152,1852211.1685156822,60939912155788944502917008136314531677089207/42535295865117307932921825928971026432,1432690.449574727,-17844437901700250700139342823641268393464393/42535295865117307932921825928971026432,-419520.7189409552,-17844437901700250700139342823641268393464393/78784350057489195203056350959955800070553600,-0.22649724074234423,defined
client,bank,10004,fair,1,2,Phi_A,48440307463358006045323189050757812023662399/1454536977403551462074194759467093219868672,33.302905471559264,3034234643104197714348263288758835193575521195/93090366553827293572748464605893966071595008,32.59450741715281,-65945034550714672552420810489664775938872341/93090366553827293572748464605893966071595008,-0.7083980544064516,-65945034550714672552420810489664775938872341/3100179677654912386900684099248499969514393536,-0.021271358891236224,defined
client,bank,10004,fair,1,2,Phi_B,73439516848219882960510827221871251330516015/2199415078593485758595521775135233834745856,33.39047620569377,765114988629829622953792010598847935136981903/23460427504997181425018898934775827570622464,32.61300283069678,-54719573253547385874970439303336237165566771/70381282514991544275056696804327482711867392,-0.7774733749969939,-54719573253547385874970439303336237165566771/2350064539143036254736346471099880042576512480,-0.023284285321585753,defined
client,bank,10004,fair,1,2,Phi,73439516848219882960510827221871251330516015/2199415078593485758595521775135233834745856,33.39047620569377,765114988629829622953792010598847935136981903/23460427504997181425018898934775827570622464,32.61300283069678,-54719573253547385874970439303336237165566771/70381282514991544275056696804327482711867392,-0.7774733749969939,-54719573253547385874970439303336237165566771/2350064539143036254736346471099880042576512480,-0.023284285321585753,defined
client,bank,10004,fair,1,2,G,313505571028565180894324981694730890913616311027/4700699876723927437558278913907778513310580736,66.69338167725303,26156453152728814844390602308480922844089037406749/401126389480441808004973133986797099802502889472,65.20751024784958,-1788066725126241775775388388408339541618663402665/1203379168441325424014919401960391299407508668416,-1.4858714294034454,-1788066725126241775775388388408339541618663402665/80257426183312686308947195313851108073885775622912,-0.02227914362768365,defined
client,bank,10004,fair,1,2,population_average,60939912155788944502917008136314531677089207/1826976027998518610334858267301163527307264,33.35561672505884,7624924574883175452071015352351922804397412613/233852931583810382122861858214548931495329792,32.60564031950347,-175384181057809444302361689096337250270005883/233852931583810382122861858214548931495329792,-0.7499764055553592,-175384181057809444302361689096337250270005883/7800308755940984896373377041448260054667418496,-0.022484261398528715,defined
client,bank,10004,fair,1,2,pooled_SSE,60939912155788944502917008136314531677089207/42535295865117307932921825928971026432,1432690.449574727,7624924574883175452071015352351922804397412613/5444517870735015415413993718908291383296,1400477.4630033132,-175384181057809444302361689096337250270005883/5444517870735015415413993718908291383296,-32212.98657141379,-175384181057809444302361689096337250270005883/7800308755940984896373377041448260054667418496,-0.022484261398528715,defined
client,bank,10004,fair,0,2,Phi_A,1533502599521/35857104896,42.767050044022604,3034234643104197714348263288758835193575521195/93090366553827293572748464605893966071595008,32.59450741715281,-946965721919742367484320644282847529701065813/93090366553827293572748464605893966071595008,-10.172542626869795,-946965721919742367484320644282847529701065813/3981200365023940081832583933041682723276587008,-0.23785934770807446,defined
client,bank,10004,fair,0,2,Phi_B,1175432878477/27109883904,43.35809340384404,765114988629829622953792010598847935136981903/23460427504997181425018898934775827570622464,32.61300283069678,-756253255277849583217938463119786037466191187/70381282514991544275056696804327482711867392,-10.745090573147259,-756253255277849583217938463119786037466191187/3051598221167338452079314494916329842877136896,-0.24782202651453814,defined
client,bank,10004,fair,0,2,Phi,1175432878477/27109883904,43.35809340384404,765114988629829622953792010598847935136981903/23460427504997181425018898934775827570622464,32.61300283069678,-756253255277849583217938463119786037466191187/70381282514991544275056696804327482711867392,-10.745090573147259,-756253255277849583217938463119786037466191187/3051598221167338452079314494916329842877136896,-0.24782202651453814,defined
client,bank,10004,fair,0,2,G,39921139460207713/463524794990592,86.12514344786665,26156453152728814844390602308480922844089037406749/401126389480441808004973133986797099802502889472,65.20751024784958,-25171844045997181758330124811066471685042614679977/1203379168441325424014919401960391299407508668416,-20.917633200017054,-25171844045997181758330124811066471685042614679977/103641203504183626291501931736509240217309726900224,-0.24287487210606432,defined
client,bank,10004,fair,0,2,population_average,3884368356475/90076872704,43.12281543387228,7624924574883175452071015352351922804397412613/233852931583810382122861858214548931495329792,32.60564031950347,-41685970041956636168138941873261349231075393/3963609009895091222421387427365236127039488,-10.517175114368806,-2459472232475441533920197570522419604633448187/10084396807358616985991212922874342409030860800,-0.24388887897397657,defined
client,bank,10004,fair,0,2,pooled_SSE,3884368356475/2097152,1852211.1685156822,7624924574883175452071015352351922804397412613/5444517870735015415413993718908291383296,1400477.4630033132,-2459472232475441533920197570522419604633448187/5444517870735015415413993718908291383296,-451733.70551236894,-2459472232475441533920197570522419604633448187/10084396807358616985991212922874342409030860800,-0.24388887897397657,defined
client,bank,10000,lloyd,0,1,Phi_A,12870268746301/286856839168,44.866522212368885,12848307906148132879174203758795651301581817/363634244350887865518548689866773304967168,35.33305266417701,-3466695995198951284495798177243608341732359/363634244350887865518548689866773304967168,-9.53346954819187,-3466695995198951284495798177243608341732359/16315003901347084163670001936039259643314176,-0.21248514656577655,defined
client,bank,10000,lloyd,0,1,Phi_B,3058036176677/72293023744,42.300570903023036,17107802499194467733370792804309251975439407/549853769648371439648880443783808458686464,31.11336766888916,-6151325870110965201978756705220150537853905/549853769648371439648880443783808458686464,-11.187203234133877,-6151325870110965201978756705220150537853905/23259128369305432935349549509529402513293312,-0.2644693202789463,defined
client,bank,10000,lloyd,0,1,Phi,12870268746301/286856839168,44.866522212368885,12848307906148132879174203758795651301581817/363634244350887865518548689866773304967168,35.33305266417701,-3466695995198951284495798177243608341732359/363634244350887865518548689866773304967168,-9.53346954819187,-3466695995198951284495798177243608341732359/16315003901347084163670001936039259643314176,-0.21248514656577655,defined
client,bank,10000,lloyd,0,1,G,107744290576634355/1236066119974912,87.16709311539192,156172339934195209190835919836995589756789819401/2350349938361963718779139456953889256655290368,66.44642033306617,-48700831996757742383196787055077595990843619319/2350349938361963718779139456953889256655290368,-20.72067278232575,-48700831996757742383196787055077595990843619319/204873171930952951574032706892073185747633438720,-0.23771210030941026,defined
client,bank,10000,lloyd,0,1,population_average,31218485806363/720614981632,43.32200495701809,3744513800667825076568124570388112909627653/114186001749907413145928641706322720456704,32.7931072397923,-171750390451962794401331337186852837135469/16312285964272487592275520243760388636672,-10.528897717225783,-1202252733163739560809319360307969859948283/4946766533831564637377443930696082769575936,-0.24303809871385287,defined
client,bank,10000,lloyd,0,1,pooled_SSE,31218485806363/16777216,1860766.7569138408,3744513800667825076568124570388112909627653/2658455991569831745807614120560689152,1408529.542163559,-1202252733163739560809319360307969859948283/2658455991569831745807614120560689152,-452237.2147502819,-1202252733163739560809319360307969859948283/4946766533831564637377443930696082769575936,-0.24303809871385287,defined
client,bank,10000,lloyd,1,2,Phi_A,12848307906148132879174203758795651301581817/363634244350887865518548689866773304967168,35.33305266417701,50049794170968076525559359076206233953279833/1454536977403551462074194759467093219868672,34.40943403192843,-1343437453624454991137455958976371253047435/1454536977403551462074194759467093219868672,-0.9236186322485821,-1343437453624454991137455958976371253047435/51393231624592531516696815035182605206327268,-0.026140357614359424,defined
client,bank,10000,lloyd,1,2,Phi_B,17107802499194467733370792804309251975439407/549853769648371439648880443783808458686464,31.11336766888916,1068658613158613216020311866035610300147993455/35190641257495772137528348402163741355933696,30.367693652953367,-26240746789832718915418873440181826280128593/35190641257495772137528348402163741355933696,-0.7456740159357942,-26240746789832718915418873440181826280128593/1094899359948445934935730739475792126428122048,-0.023966355036565443,defined
client,bank,10000,lloyd,1,2,Phi,12848307906148132879174203758795651301581817/363634244350887865518548689866773304967168,35.33305266417701,50049794170968076525559359076206233953279833/1454536977403551462074194759467093219868672,34.40943403192843,-1343437453624454991137455958976371253047435/1454536977403551462074194759467093219868672,-0.9236186322485821,-1343437453624454991137455958976371253047435/51393231624592531516696815035182605206327268,-0.026140357614359424,defined
client,bank,10000,lloyd,1,2,G,156172339934195209190835919836995589756789819401/2350349938361963718779139456953889256655290368,66.44642033306617,19487861511862653587692139499188320236989970465851/300844792110331356003729850490097824851877167104,64.77712768488179,-502197999714333188734858239947115251879126417477/300844792110331356003729850490097824851877167104,-1.6692926481843764,-502197999714333188734858239947115251879126417477/19990059511576986776426997739135435488869096883328,-0.02512238642528761,defined
client,bank,10000,lloyd,1,2,population_average,3744513800667825076568124570388112909627653/114186001749907413145928641706322720456704,32.7931072397923,1869455319894102440429261611254910043400470783/58463232895952595530715464553637232873832448,31.976598407090908,-47735746047823998773618168783803766328887553/58463232895952595530715464553637232873832448,-0.8165088327013941,-47735746047823998773618168783803766328887553/1917191065941926439202879780038713809729358336,-0.02489879433293268,defined
client,bank,10000,lloyd,1,2,pooled_SSE,3744513800667825076568124570388112909627653/2658455991569831745807614120560689152,1408529.542163559,1869455319894102440429261611254910043400470783/1361129467683753853853498429727072845824,1373458.8547813685,-47735746047823998773618168783803766328887553/1361129467683753853853498429727072845824,-35070.68738219028,-47735746047823998773618168783803766328887553/1917191065941926439202879780038713809729358336,-0.02489879433293268,defined
client,bank,10000,lloyd,0,2,Phi_A,12870268746301/286856839168,44.866522212368885,50049794170968076525559359076206233953279833/1454536977403551462074194759467093219868672,34.40943403192843,-15210221434420260129120648667950804619976871/1454536977403551462074194759467093219868672,-10.457088180440453,-15210221434420260129120648667950804619976871/65260015605388336654680007744157038573256704,-0.233071066461167,defined
client,bank,10000,lloyd,0,2,Phi_B,3058036176677/72293023744,42.300570903023036,1068658613158613216020311866035610300147993455/35190641257495772137528348402163741355933696,30.367693652953367,-419925602476934491842059302574271460702778513/35190641257495772137528348402163741355933696,-11.932877250069671,-419925602476934491842059302574271460702778513/1488584215635547707862371168609881760850771968,-0.2820973096894274,defined
client,bank,10000,lloyd,0,2,Phi,12870268746301/286856839168,44.866522212368885,50049794170968076525559359076206233953279833/1454536977403551462074194759467093219868672,34.40943403192843,-15210221434420260129120648667950804619976871/1454536977403551462074194759467093219868672,-10.457088180440453,-15210221434420260129120648667950804619976871/65260015605388336654680007744157038573256704,-0.233071066461167,defined
client,bank,10000,lloyd,0,2,G,107744290576634355/1236066119974912,87.16709311539192,19487861511862653587692139499188320236989970465851/300844792110331356003729850490097824851877167104,64.77712768488179,-6735904495299324213784046982997047538707109690309/300844792110331356003729850490097824851877167104,-22.389965430510124,-6735904495299324213784046982997047538707109690309/26223766007161977801476186482185367775697080156160,-0.25686259149275814,defined
client,bank,10000,lloyd,0,2,population_average,31218485806363/720614981632,43.32200495701809,1869455319894102440429261611254910043400470783/58463232895952595530715464553637232873832448,31.976598407090908,-51022241955973742608306898558575718047877573/4497171761227122733131958811818248682602496,-11.345406549927178,-663289145427658653907989681261484334622408449/2532744465321761094337251292516394378022879232,-0.26188553741184234,defined
client,bank,10000,lloyd,0,2,pooled_SSE,31218485806363/16777216,1860766.7569138408,1869455319894102440429261611254910043400470783/1361129467683753853853498429727072845824,1373458.8547813685,-663289145427658653907989681261484334622408449/1361129467683753853853498429727072845824,-487307.90213247214,-663289145427658653907989681261484334622408449/2532744465321761094337251292516394378022879232,-0.26188553741184234,defined
client,bank,10001,lloyd,0,1,Phi_A,13544613204873/286856839168,47.21732709653295,51133670347051000663446441682327070595519387/1454536977403551462074194759467093219868672,35.15460324585774,-17545677889014840692763589779718990536469605/1454536977403551462074194759467093219868672,-12.062723850675205,-5848559296338280230921196593239663512156535/22893116078688613785403343820682020377329664,-0.2554723994861823,defined
client,bank,10001,lloyd,0,1,Phi_B,18036049229683/433758142464,41.58088912689382,34704503263721749232154321073594738826544341/1099707539296742879297760887567616917372928,31.557938837006695,-3674104666595116576518976958525674887402425/366569179765580959765920295855872305790976,-10.02295028988713,-11022313999785349729556930875577024662207275/45726817263507098961711251949171763488751616,-0.24104704108899036,defined
client,bank,10001,lloyd,0,1,Phi,13544613204873/286856839168,47.21732709653295,51133670347051000663446441682327070595519387/1454536977403551462074194759467093219868672,35.15460324585774,-17545677889014840692763589779718990536469605/1454536977403551462074194759467093219868672,-12.062723850675205,-5848559296338280230921196593239663512156535/22893116078688613785403343820682020377329664,-0.2554723994861823,defined
client,bank,10001,lloyd,0,1,G,164640699881976619/1854099179962368,88.79821622342678,1254382553379442753947746733343764886044534258167/18802799506895709750233115655631114053242322944,66.71254208286445,-138424167613208251770439776397681119446454190595/6267599835631903250077705218543704684414107648,-22.085674140562332,-59324643262803536473045618456149051191337510255/238522150888438215608438008933829749197699547136,-0.24871754276000516,defined
client,bank,10001,lloyd,0,1,population_average,7895165608639/180153745408,43.82459876567408,120542676874494499127755083829516548248608069/3653952055997037220669716534602327054614528,32.989671190856,-39590305888585540151877451530873039860884155/3653952055997037220669716534602327054614528,-10.834927574818087,-39590305888585540151877451530873039860884155/160132982763080039279632535360389588109492224,-0.24723392523800167,defined
client,bank,10001,lloyd,0,1,pooled_SSE,7895165608639/4194304,1882354.1661832333,120542676874494499127755083829516548248608069/85070591730234615865843651857942052864,1416972.3569896468,-39590305888585540151877451530873039860884155/85070591730234615865843651857942052864,-465381.80919358646,-39590305888585540151877451530873039860884155/160132982763080039279632535360389588109492224,-0.24723392523800167,defined
client,bank,10001,lloyd,1,2,Phi_A,51133670347051000663446441682327070595519387/1454536977403551462074194759467093219868672,35.15460324585774,394734147499194595853966764409318840029995531/11636295819228411696593558075736745758949376,33.922663503184204,-14335215277213409453604769049297724734159565/11636295819228411696593558075736745758949376,-1.2319397426735375,-4778405092404469817868256349765908244719855/136356454258802668435857177819538854921385032,-0.03504348304140501,defined
client,bank,10001,lloyd,1,2,Phi_B,34704503263721749232154321073594738826544341/1099707539296742879297760887567616917372928,31.557938837006695,66518426741086575237169765479397870463300435/2199415078593485758595521775135233834745856,30.243689510224126,-2890579786356923227138876667791607189788247/2199415078593485758595521775135233834745856,-1.3142493267825706,-2890579786356923227138876667791607189788247/69409006527443498464308642147189477653088682,-0.041645600923765166,defined
client,bank,10001,lloyd,1,2,Phi,51133670347051000663446441682327070595519387/1454536977403551462074194759467093219868672,35.15460324585774,394734147499194595853966764409318840029995531/11636295819228411696593558075736745758949376,33.922663503184204,-14335215277213409453604769049297724734159565/11636295819228411696593558075736745758949376,-1.2319397426735375,-4778405092404469817868256349765908244719855/136356454258802668435857177819538854921385032,-0.03504348304140501,defined
client,bank,10001,lloyd,1,2,G,1254382553379442753947746733343764886044534258167/18802799506895709750233115655631114053242322944,66.71254208286445,9652056566398481594224742964186243801793795579757/150422396055165678001864925245048912425938583552,64.16635301340833,-383003860637060437357230902563875286562478485579/150422396055165678001864925245048912425938583552,-2.546189069456108,-383003860637060437357230902563875286562478485579/10035060427035542031581973866750119088356274065336,-0.03816657243091496,defined
client,bank,10001,lloyd,1,2,population_average,120542676874494499127755083829516548248608069/3653952055997037220669716534602327054614528,32.989671190856,926881561427887197751324888244501803736399011/29231616447976297765357732276818616436916224,31.70818702679219,-37459853568068795270715782391630582252465541/29231616447976297765357732276818616436916224,-1.281484164063809,-37459853568068795270715782391630582252465541/964341414995955993022040670636132385988864552,-0.03884501172048686,defined
client,bank,10001,lloyd,1,2,pooled_SSE,120542676874494499127755083829516548248608069/85070591730234615865843651857942052864,1416972.3569896468,926881561427887197751324888244501803736399011/680564733841876926926749214863536422912,1361930.0491747782,-37459853568068795270715782391630582252465541/680564733841876926926749214863536422912,-55042.30781486872,-37459853568068795270715782391630582252465541/964341414995955993022040670636132385988864552,-0.03884501172048686,defined
client,bank,10001,lloyd,0,2,Phi_A,13544613204873/286856839168,47.21732709653295,394734147499194595853966764409318840029995531/11636295819228411696593558075736745758949376,33.922663503184204,-154700638389332134995713487287049649025916405/11636295819228411696593558075736745758949376,-13.294663593348742,-51566879463110711665237829095683216341972135/183144928629508910283226750565456163018637312,-0.28156323982864623,defined
client,bank,10001,lloyd,0,2,Phi_B,18036049229683/433758142464,41.58088912689382,66518426741086575237169765479397870463300435/2199415078593485758595521775135233834745856,30.243689510224126,-24935207785927622686252738418945656514202797/2199415078593485758595521775135233834745856,-11.337199616669698,-24935207785927622686252738418945656514202797/91453634527014197923422503898343526977503232,-0.27265409313570904,defined
client,bank,10001,lloyd,0,2,Phi,13544613204873/286856839168,47.21732709653295,394734147499194595853966764409318840029995531/11636295819228411696593558075736745758949376,33.922663503184204,-154700638389332134995713487287049649025916405/11636295819228411696593558075736745758949376,-13.294663593348742,-51566879463110711665237829095683216341972135/183144928629508910283226750565456163018637312,-0.28156323982864623,defined
client,bank,10001,lloyd,0,2,G,164640699881976619/1854099179962368,88.79821622342678,9652056566398481594224742964186243801793795579757/150422396055165678001864925245048912425938583552,64.16635301340833,-3705183883354058479847785536108222153277379059859/150422396055165678001864925245048912425938583552,-24.63186321001844,-3705183883354058479847785536108222153277379059859/13357240449752540074072528500294465955071174639616,-0.2773914190803312,defined
client,bank,10001,lloyd,0,2,population_average,7895165608639/180153745408,43.82459876567408,926881561427887197751324888244501803736399011/29231616447976297765357732276818616436916224,31.70818702679219,-354182300676753116485735394638614901139538781/29231616447976297765357732276818616436916224,-12.116411738881895,-354182300676753116485735394638614901139538781/1281063862104640314237060282883116704875937792,-0.2764751322349164,defined
client,bank,10001,lloyd,0,2,pooled_SSE,7895165608639/4194304,1882354.1661832333,926881561427887197751324888244501803736399011/680564733841876926926749214863536422912,1361930.0491747782,-354182300676753116485735394638614901139538781/680564733841876926926749214863536422912,-520424.11700845516,-354182300676753116485735394638614901139538781/1281063862104640314237060282883116704875937792,-0.2764751322349164,defined
client,bank,10002,lloyd,0,1,Phi_A,12543470431065/286856839168,43.727283851575926,12781176672181166268535703502538917584782963/363634244350887865518548689866773304967168,35.148440694842826,-3119561148703428369637855209175144360622477/363634244350887865518548689866773304967168,-8.578843156733106,-3119561148703428369637855209175144360622477/15900737820884594638173558711714061945405440,-0.19618971043004593,defined
client,bank,10002,lloyd,0,1,Phi_B,6486345632443/144586047488,44.861490753326926,16921696019940486550665794638172987605154111/549853769648371439648880443783808458686464,30.774902263126833,-7745563782821883041513867532189180507686593/549853769648371439648880443783808458686464,-14.086588490200095,-7745563782821883041513867532189180507686593/24667259802762369592179662170362168112840704,-0.3140017920415503,defined
client,bank,10002,lloyd,0,1,Phi,6486345632443/144586047488,44.861490753326926,12781176672181166268535703502538917584782963/363634244350887865518548689866773304967168,35.148440694842826,-15219377737509853763394297572368529192728605265/1566899958907975812519426304635926171103526912,-9.713050058484104,-15219377737509853763394297572368529192728605265/70293468017938499214514643964808725065558392832,-0.21651197709616424,defined
client,bank,10002,lloyd,0,1,G,27375395724803573/309016529993728,88.58877460490285,38735731264469644484375364692382682331868982205/587587484590490929694784864238472314163822592,65.92334295796965,-13317923968579187082026325977711549413747430467/587587484590490929694784864238472314163822592,-22.6654316469332,-13317923968579187082026325977711549413747430467/52053655233048831566401690670094231745616412672,-0.25584992848155735,defined
client,bank,10002,lloyd,0,1,population_average,16001253664197/360307490816,44.409994441021595,14851436346060826409600749070355952594968537/456744006999629652583714566825290881826816,32.51588662021102,-5432562465762655705575861370682162434154535/456744006999629652583714566825290881826816,-11.894107820810577,-1810854155254218568525287123560720811384845/6761332937274494038392203480346038343041024,-0.2678250238604841,defined
client,bank,10002,lloyd,0,1,pooled_SSE,16001253664197/8388608,1907498.0812307596,14851436346060826409600749070355952594968537/10633823966279326983230456482242756608,1396622.3621113037,-5432562465762655705575861370682162434154535/10633823966279326983230456482242756608,-510875.7191194559,-1810854155254218568525287123560720811384845/6761332937274494038392203480346038343041024,-0.2678250238604841,defined
client,bank,10002,lloyd,1,2,Phi_A,12781176672181166268535703502538917584782963/363634244350887865518548689866773304967168,35.148440694842826,12545966146203124432576114026775976494393247/363634244350887865518548689866773304967168,34.50160797863946,-58802631494510458989897368940735272597429/90908561087721966379637172466693326241792,-0.646832716203362,-235210525978041835959589475762941090389716/12781176672181166268535703502538917584782963,-0.01840288511855005,defined
client,bank,10002,lloyd,1,2,Phi_B,16921696019940486550665794638172987605154111/549853769648371439648880443783808458686464,30.774902263126833,5503862983158351091834358196799848498163721/183284589882790479882960147927936152895488,30.029054743107658,-102526767616358318790680011943360527665737/137463442412092859912220110945952114671616,-0.7458475200191763,-410107070465433275162720047773442110662948/16921696019940486550665794638172987605154111,-0.024235577212955727,defined
client,bank,10002,lloyd,1,2,Phi,12781176672181166268535703502538917584782963/363634244350887865518548689866773304967168,35.148440694842826,12545966146203124432576114026775976494393247/363634244350887865518548689866773304967168,34.50160797863946,-58802631494510458989897368940735272597429/90908561087721966379637172466693326241792,-0.646832716203362,-235210525978041835959589475762941090389716/12781176672181166268535703502538917584782963,-0.01840288511855005,defined
client,bank,10002,lloyd,1,2,G,38735731264469644484375364692382682331868982205/587587484590490929694784864238472314163822592,65.92334295796965,12639136595876250833007800445727448440642769019/195862494863496976564928288079490771387940864,64.53066272174712,-204580369210222996337990838800084252485168787/146896871147622732423696216059618078540955648,-1.3926802362225383,-818321476840891985351963355200337009940675148/38735731264469644484375364692382682331868982205,-0.021125752635306447,defined
client,bank,10002,lloyd,1,2,population_average,14851436346060826409600749070355952594968537/456744006999629652583714566825290881826816,32.51588662021102,14528777547839088854039594308587760994442205/456744006999629652583714566825290881826816,31.809454147585278,-80664699555434388890288690442047900131583/114186001749907413145928641706322720456704,-0.7064324726257419,-322658798221737555561154761768191600526332/14851436346060826409600749070355952594968537,-0.021725763805150004,defined
client,bank,10002,lloyd,1,2,pooled_SSE,14851436346060826409600749070355952594968537/10633823966279326983230456482242756608,1396622.3621113037,14528777547839088854039594308587760994442205/10633823966279326983230456482242756608,1366279.674547083,-80664699555434388890288690442047900131583/2658455991569831745807614120560689152,-30342.68756422087,-322658798221737555561154761768191600526332/14851436346060826409600749070355952594968537,-0.021725763805150004,defined
client,bank,10002,lloyd,0,2,Phi_A,12543470431065/286856839168,43.727283851575926,12545966146203124432576114026775976494393247/363634244350887865518548689866773304967168,34.50160797863946,-3354771674681470205597444684938085451012193/363634244350887865518548689866773304967168,-9.225675872936467,-3354771674681470205597444684938085451012193/15900737820884594638173558711714061945405440,-0.21098213884611025,defined
client,bank,10002,lloyd,0,2,Phi_B,6486345632443/144586047488,44.861490753326926,5503862983158351091834358196799848498163721/183284589882790479882960147927936152895488,30.029054743107658,-2718556951095772105558862526654207539449847/183284589882790479882960147927936152895488,-14.83243601021927,-2718556951095772105558862526654207539449847/8222419934254123197393220723454056037613568,-0.3306273545784766,defined
client,bank,10002,lloyd,0,2,Phi,6486345632443/144586047488,44.861490753326926,12545966146203124432576114026775976494393247/363634244350887865518548689866773304967168,34.50160797863946,-16232899893949236034544168623431042351217891509/1566899958907975812519426304635926171103526912,-10.359882774687465,-16232899893949236034544168623431042351217891509/70293468017938499214514643964808725065558392832,-0.23093041717342344,defined
client,bank,10002,lloyd,0,2,G,27375395724803573/309016529993728,88.58877460490285,12639136595876250833007800445727448440642769019/195862494863496976564928288079490771387940864,64.53066272174712,-4712081815140026355792763110970628807896035205/195862494863496976564928288079490771387940864,-24.05811188315574,-4712081815140026355792763110970628807896035205/17351218411016277188800563556698077248538804224,-0.27157065881600156,defined
client,bank,10002,lloyd,0,2,population_average,16001253664197/360307490816,44.409994441021595,14528777547839088854039594308587760994442205/456744006999629652583714566825290881826816,31.809454147585278,-5755221263984393261137016132450354034680867/456744006999629652583714566825290881826816,-12.600540293436318,-5755221263984393261137016132450354034680867/20283998811823482115176610441038115029123072,-0.28373208445613257,defined
client,bank,10002,lloyd,0,2,pooled_SSE,16001253664197/8388608,1907498.0812307596,14528777547839088854039594308587760994442205/10633823966279326983230456482242756608,1366279.674547083,-5755221263984393261137016132450354034680867/10633823966279326983230456482242756608,-541218.4066836768,-5755221263984393261137016132450354034680867/20283998811823482115176610441038115029123072,-0.28373208445613257,defined
client,bank,10003,lloyd,0,1,Phi_A,14110027359667/286856839168,49.18839446391358,103471511999096990288849929441399130371119063/2909073954807102924148389518934186439737344,35.56853954438503,-39621165214651901307941324854254124988639273/2909073954807102924148389518934186439737344,-13.619854919528551,-39621165214651901307941324854254124988639273/143092677213748891596791254295653255359758336,-0.2768916340524304,defined
client,bank,10003,lloyd,0,1,Phi_B,4369423704133/108439535616,40.29364086919146,34618611683081596011103414543907738823591001/1099707539296742879297760887567616917372928,31.4798348161003,-312664805370439067172091807956972595114873/35474436751507834816056802824761836044288,-8.813806053091154,-9692608966483611082334846046666150448561063/44311220649565207093438260590573889272152064,-0.21873938077981422,defined
client,bank,10003,lloyd,0,1,Phi,14110027359667/286856839168,49.18839446391358,103471511999096990288849929441399130371119063/2909073954807102924148389518934186439737344,35.56853954438503,-39621165214651901307941324854254124988639273/2909073954807102924148389518934186439737344,-13.619854919528551,-39621165214651901307941324854254124988639273/143092677213748891596791254295653255359758336,-0.2768916340524304,defined
client,bank,10003,lloyd,0,1,G,331817136664947377/3708198359924736,89.48203533310503,2521394280726985050659655401632435595118973997597/37605599013791419500466231311262228106484645888,67.04837436048533,-27213911578957377186428383929120604982810773949/1213083839154561919369878429395555745370472448,-22.433660972619705,-843631258947678692779279901802738754467133992419/3365025539674663743438935303435174349586107990016,-0.2507057521558194,defined
client,bank,10003,lloyd,0,1,population_average,4512531739457/102944997376,43.83439559452576,241945958731423374333263587617030085665483067/7307904111994074441339433069204654109229056,33.107434775222394,-78391601080586345637280709040918726782883525/7307904111994074441339433069204654109229056,-10.72696081930336,-78391601080586345637280709040918726782883525/320337559812009719970544296657948812448366592,-0.24471560914240123,defined
client,bank,10003,lloyd,0,1,pooled_SSE,31587722176199/16777216,1882774.9595760703,241945958731423374333263587617030085665483067/170141183460469231731687303715884105728,1422030.5384653525,-78391601080586345637280709040918726782883525/170141183460469231731687303715884105728,-460744.42111071787,-78391601080586345637280709040918726782883525/320337559812009719970544296657948812448366592,-0.24471560914240123,defined
client,bank,10003,lloyd,1,2,Phi_A,103471511999096990288849929441399130371119063/2909073954807102924148389518934186439737344,35.56853954438503,800277353321472313652393453503940263730040087/23272591638456823393187116151473491517898752,34.387117934860896,-27494742671303608658405982027252779238912417/23272591638456823393187116151473491517898752,-1.1814216095241359,-3054971407922623184267331336361419915434713/91974677332530658034533270614577004774328056,-0.03321535336163779,defined
client,bank,10003,lloyd,1,2,Phi_B,34618611683081596011103414543907738823591001/1099707539296742879297760887567616917372928,31.4798348161003,44647367927937287146019263276582871743644519/1466276719062323839063681183423489223163904,30.44948293013139,-4532342948514522606355868345882340063430447/4398830157186971517191043550270467669491712,-1.0303518859689123,-4532342948514522606355868345882340063430447/138474446732326384044413658175630955294364004,-0.032730536611391005,defined
client,bank,10003,lloyd,1,2,Phi,103471511999096990288849929441399130371119063/2909073954807102924148389518934186439737344,35.56853954438503,800277353321472313652393453503940263730040087/23272591638456823393187116151473491517898752,34.387117934860896,-27494742671303608658405982027252779238912417/23272591638456823393187116151473491517898752,-1.1814216095241359,-3054971407922623184267331336361419915434713/91974677332530658034533270614577004774328056,-0.03321535336163779,defined
client,bank,10003,lloyd,1,2,G,2521394280726985050659655401632435595118973997597/37605599013791419500466231311262228106484645888,67.04837436048533,6501917902789711142018712845160534360704078678331/100281597370110452001243283496699274950625722368,64.83660086499228,-665400537446746979221104677577881678839555945783/300844792110331356003729850490097824851877167104,-2.2117734954930484,-665400537446746979221104677577881678839555945783/20171154245815880405277243213059484760951791980776,-0.03298772739218786,defined
client,bank,10003,lloyd,1,2,population_average,241945958731423374333263587617030085665483067/7307904111994074441339433069204654109229056,33.107434775222394,1871814183591967205156855772141929185577508543/58463232895952595530715464553637232873832448,32.01694622196565,-4904114327647676116096379138023961518950461/4497171761227122733131958811818248682602496,-1.09048855325675,-63753486259419789509252928794311499746355993/1935567669851386994666108700936240685323864536,-0.03293787515283038,defined
client,bank,10003,lloyd,1,2,pooled_SSE,241945958731423374333263587617030085665483067/170141183460469231731687303715884105728,1422030.5384653525,1871814183591967205156855772141929185577508543/1361129467683753853853498429727072845824,1375191.8741258685,-63753486259419789509252928794311499746355993/1361129467683753853853498429727072845824,-46838.664339483934,-63753486259419789509252928794311499746355993/1935567669851386994666108700936240685323864536,-0.03293787515283038,defined
client,bank,10003,lloyd,0,2,Phi_A,14110027359667/286856839168,49.18839446391358,800277353321472313652393453503940263730040087/23272591638456823393187116151473491517898752,34.387117934860896,-344464064388518819121936580861285779148026601/23272591638456823393187116151473491517898752,-14.801276529052688,-344464064388518819121936580861285779148026601/1144741417709991132774330034365226042878066688,-0.3009099339461354,defined
client,bank,10003,lloyd,0,2,Phi_B,4369423704133/108439535616,40.29364086919146,44647367927937287146019263276582871743644519/1466276719062323839063681183423489223163904,30.44948293013139,-43302778814448966935695252532546941857674699/4398830157186971517191043550270467669491712,-9.844157939060066,-43302778814448966935695252532546941857674699/177244882598260828373753042362295557088608256,-0.24431046008023852,defined
client,bank,10003,lloyd,0,2,Phi,14110027359667/286856839168,49.18839446391358,800277353321472313652393453503940263730040087/23272591638456823393187116151473491517898752,34.387117934860896,-344464064388518819121936580861285779148026601/23272591638456823393187116151473491517898752,-14.801276529052688,-344464064388518819121936580861285779148026601/1144741417709991132774330034365226042878066688,-0.3009099339461354,defined
client,bank,10003,lloyd,0,2,G,331817136664947377/3708198359924736,89.48203533310503,6501917902789711142018712845160534360704078678331/100281597370110452001243283496699274950625722368,64.83660086499228,-7414450609028176521455343891999791714576627885135/300844792110331356003729850490097824851877167104,-24.645434468112754,-7414450609028176521455343891999791714576627885135/26920204317397309947511482427481394796688863920128,-0.2754232665402377,defined
client,bank,10003,lloyd,0,2,population_average,4512531739457/102944997376,43.83439559452576,1871814183591967205156855772141929185577508543/58463232895952595530715464553637232873832448,32.01694622196565,-690886294904110554607498601121661314009424193/58463232895952595530715464553637232873832448,-11.817449372560109,-690886294904110554607498601121661314009424193/2562700478496077759764354373263590499586932736,-0.2695930721133504,defined
client,bank,10003,lloyd,0,2,pooled_SSE,31587722176199/16777216,1882774.9595760703,1871814183591967205156855772141929185577508543/1361129467683753853853498429727072845824,1375191.8741258685,-690886294904110554607498601121661314009424193/1361129467683753853853498429727072845824,-507583.0854502018,-690886294904110554607498601121661314009424193/2562700478496077759764354373263590499586932736,-0.2695930721133504,defined
client,bank,10004,lloyd,0,1,Phi_A,1533502599521/35857104896,42.767050044022604,12359442728692820009891943260577777800704469/363634244350887865518548689866773304967168,33.988665591039904,-3192121197181945934766587727866295337094699/363634244350887865518548689866773304967168,-8.7783844529827,-3192121197181945934766587727866295337094699/15551563925874765944658530988444073137799168,-0.20526046206008128,defined
client,bank,10004,lloyd,0,1,Phi_B,1175432878477/27109883904,43.35809340384404,375533284389353993863260716246765594490785/11455286867674404992685009245496009555968,32.78252991193689,-363438340761302496964570631980567397619997/34365860603023214978055027736488028667904,-10.575563491907149,-363438340761302496964570631980567397619997/1490038193929364478554352780720864181092352,-0.24391209718113532,defined
client,bank,10004,lloyd,0,1,Phi,1175432878477/27109883904,43.35809340384404,12359442728692820009891943260577777800704469/363634244350887865518548689866773304967168,33.988665591039904,-44042868164622106566705440228633752516829605205/4700699876723927437558278913907778513310580736,-9.36942781280413,-44042868164622106566705440228633752516829605205/203813384318434190834578590758122686146536275968,-0.2160940917197585,defined
client,bank,10004,lloyd,0,1,G,39921139460207713/463524794990592,86.12514344786665,104623783489850758119216637320927229620063092361/1566899958907975812519426304635926171103526912,66.7711955029768,-90977100718665015843529508882957530738676843621/4700699876723927437558278913907778513310580736,-19.353947944889846,-1491427880633852718746385391523893946535685961/6636859855544545741002941325339987206538788864,-0.22471890518946072,defined
client,bank,10004,lloyd,0,1,population_average,3884368356475/90076872704,43.12281543387228,30385040379381811715328457640422526336262149/913488013999259305167429133650581763653632,33.26265907568487,-9007134649362785886199717839555373699014651/913488013999259305167429133650581763653632,-9.860156358187409,-9007134649362785886199717839555373699014651/39392175028744597601528175479977900035276800,-0.2286528896358287,defined
client,bank,10004,lloyd,0,1,pooled_SSE,3884368356475/2097152,1852211.1685156822,30385040379381811715328457640422526336262149/21267647932558653966460912964485513216,1428697.7326188167,-9007134649362785886199717839555373699014651/21267647932558653966460912964485513216,-423513.4358968656,-9007134649362785886199717839555373699014651/39392175028744597601528175479977900035276800,-0.2286528896358287,defined
client,bank,10004,lloyd,1,2,Phi_A,12359442728692820009891943260577777800704469/363634244350887865518548689866773304967168,33.988665591039904,24148115606964019638677269258835743804251749/727268488701775731037097379733546609934336,33.20385247279181,-570769850421620381106617262319811797157189/727268488701775731037097379733546609934336,-0.7848131182480954,-570769850421620381106617262319811797157189/24718885457385640019783886521155555601408938,-0.023090436314598593,defined
client,bank,10004,lloyd,1,2,Phi_B,375533284389353993863260716246765594490785/11455286867674404992685009245496009555968,32.78252991193689,70483291511616986873347817202372377928663127/2199415078593485758595521775135233834745856,32.04638005696072,-1619099091138979948398240317006616213567593/2199415078593485758595521775135233834745856,-0.7361498549761627,-1619099091138979948398240317006616213567593/72102390602755966821746057519378994142230720,-0.022455553520538792,defined
client,bank,10004,lloyd,1,2,Phi,12359442728692820009891943260577777800704469/363634244350887865518548689866773304967168,33.988665591039904,24148115606964019638677269258835743804251749/727268488701775731037097379733546609934336,33.20385247279181,-570769850421620381106617262319811797157189/727268488701775731037097379733546609934336,-0.7848131182480954,-570769850421620381106617262319811797157189/24718885457385640019783886521155555601408938,-0.023090436314598593,defined
client,bank,10004,lloyd,1,2,G,104623783489850758119216637320927229620063092361/1566899958907975812519426304635926171103526912,66.7711955029768,1226887040035261384518612608681020779227265791369/18802799506895709750233115655631114053242322944,65.25023252975254,-28598361842947712911987039170105976213491316963/18802799506895709750233115655631114053242322944,-1.520962973224258,-28598361842947712911987039170105976213491316963/1255485401878209097430599647851126755440757108332,-0.022778729087701455,defined
client,bank,10004,lloyd,1,2,population_average,30385040379381811715328457640422526336262149/913488013999259305167429133650581763653632,33.26265907568487,118779522725545026150702355720043865537166625/3653952055997037220669716534602327054614528,32.50713772519224,-46790487999698656112058895621122708608169/61931390779610800350334178552581814484992,-0.7555213504926347,-2760638791982220710611474841646239807881971/121540161517527246861313830561690105345048596,-0.022713798941135274,defined
client,bank,10004,lloyd,1,2,pooled_SSE,30385040379381811715328457640422526336262149/21267647932558653966460912964485513216,1428697.7326188167,118779522725545026150702355720043865537166625/85070591730234615865843651857942052864,1396246.579572457,-2760638791982220710611474841646239807881971/85070591730234615865843651857942052864,-32451.153046359646,-2760638791982220710611474841646239807881971/121540161517527246861313830561690105345048596,-0.022713798941135274,defined
client,bank,10004,lloyd,0,2,Phi_A,1533502599521/35857104896,42.767050044022604,24148115606964019638677269258835743804251749/727268488701775731037097379733546609934336,33.20385247279181,-6955012244785512250639792718052402471346587/727268488701775731037097379733546609934336,-9.563197571230795,-6955012244785512250639792718052402471346587/31103127851749531889317061976888146275598336,-0.22361134474757646,defined
client,bank,10004,lloyd,0,2,Phi_B,1175432878477/27109883904,43.35809340384404,70483291511616986873347817202372377928663127/2199415078593485758595521775135233834745856,32.04638005696072,-8293050966620779918043586921254309887082467/733138359531161919531840591711744611581952,-11.31171334688331,-24879152899862339754130760763762929661247401/95362444411479326627478577966135307589910528,-0.26089046954911627,defined
client,bank,10004,lloyd,0,2,Phi,1175432878477/27109883904,43.35809340384404,24148115606964019638677269258835743804251749/727268488701775731037097379733546609934336,33.20385247279181,-95464078185644499799976121807275712135510192613/9401399753447854875116557827815557026621161472,-10.154240931052225,-95464078185644499799976121807275712135510192613/407626768636868381669157181516245372293072551936,-0.23419482117154097,defined
client,bank,10004,lloyd,0,2,G,39921139460207713/463524794990592,86.12514344786665,1226887040035261384518612608681020779227265791369/18802799506895709750233115655631114053242322944,65.25023252975254,-130835588239202592095368358233978699722732897149/6267599835631903250077705218543704684414107648,-20.874910918114107,-392506764717607776286105074701936099168198691447/1619393804752869160804717683382956878395464482816,-0.24237882321496657,defined
client,bank,10004,lloyd,0,2,population_average,3884368356475/90076872704,43.12281543387228,118779522725545026150702355720043865537166625/3653952055997037220669716534602327054614528,32.50713772519224,-38789177389433364255410346199867734603940575/3653952055997037220669716534602327054614528,-10.615677708680044,-1551567095577334570216413847994709384157623/6302748004599135616244508076796464005644288,-0.24617311281446616,defined
client,bank,10004,lloyd,0,2,pooled_SSE,3884368356475/2097152,1852211.1685156822,118779522725545026150702355720043865537166625/85070591730234615865843651857942052864,1396246.579572457,-38789177389433364255410346199867734603940575/85070591730234615865843651857942052864,-455964.5889432253,-1551567095577334570216413847994709384157623/6302748004599135616244508076796464005644288,-0.24617311281446616,defined
client,credit,10000,fair,0,1,Phi_A,670087797153/44728057856,14.981374762801416,23192156578377910476067702360719431783209/1771860918381292858580774811353699319808,13.089151827766152,-3352755867453729483134593016850505313495/1771860918381292858580774811353699319808,-1.8922229350352646,-3352755867453729483134593016850505313495/26544912445831639959202295377569937096704,-0.12630502640743177,defined
client,credit,10000,fair,0,1,Phi_B,8085069687643/408843976704,19.77544038394023,18124866342388498810903673072594520267457/1349664876220108954449703093832154873856,13.429160572918859,-25696052866801004752210066886775917309885/4048994628660326863349109281496464621568,-6.346279811021371,-25696052866801004752210066886775917309885/80070651893966501184921086104559478112256,-0.32091724319703285,defined
client,credit,10000,fair,0,1,Phi,8085069687643/408843976704,19.77544038394023,18124866342388498810903673072594520267457/1349664876220108954449703093832154873856,13.429160572918859,-25696052866801004752210066886775917309885/4048994628660326863349109281496464621568,-6.346279811021371,-25696052866801004752210066886775917309885/80070651893966501184921086104559478112256,-0.32091724319703285,defined
client,credit,10000,fair,0,1,G,37884165316077695/1089978041892864,34.756815146741644,381673462561394718116574715922271908507168155/14392826240011241890251633792626099574800384,26.51831240068501,-355726015505545848452075050508208346177173295/43178478720033725670754901377878298724401152,-8.238502746056636,-71145203101109169690415010101641669235434659/300149280637946000560359839655004814339735552,-0.23703272901369307,defined
client,credit,10000,fair,0,1,population_average,1346463611707/71185727488,18.914797378926522,131941354632708903341489740796286553387951/9869850175701946585278993374346628562944,13.368121327467385,-54744861601055738987554726790402339933265/9869850175701946585278993374346628562944,-5.546676051459136,-54744861601055738987554726790402339933265/186686216233764642329044467586688893321216,-0.2932453327593578,defined
client,credit,10000,fair,0,1,pooled_SSE,9425245281949/16777216,561788.3969514966,131941354632708903341489740796286553387951/332306998946228968225951765070086144,397046.57154710876,-54744861601055738987554726790402339933265/332306998946228968225951765070086144,-164741.8254043878,-54744861601055738987554726790402339933265/186686216233764642329044467586688893321216,-0.2932453327593578,defined
client,credit,10000,fair,1,2,Phi_A,23192156578377910476067702360719431783209/1771860918381292858580774811353699319808,13.089151827766152,1463908751108919300970288747327550050448251/113399098776402742949169587926636756467712,12.909350840568978,-20389269907266969498044203758493583677125/113399098776402742949169587926636756467712,-0.17980098719717322,-20389269907266969498044203758493583677125/1484298021016186270468332951086043634125376,-0.013736641576405244,defined
client,credit,10000,fair,1,2,Phi_B,18124866342388498810903673072594520267457/1349664876220108954449703093832154873856,13.429160572918859,27030572584646810947422235877577632833078253/2073085249874087354034743952126189886242816,13.0388138096533,-809222117261923226125805961927550297735699/2073085249874087354034743952126189886242816,-0.3903467632655593,-809222117261923226125805961927550297735699/27839794701908734173548041839505183130813952,-0.02906710074289599,defined
client,credit,10000,fair,1,2,Phi,18124866342388498810903673072594520267457/1349664876220108954449703093832154873856,13.429160572918859,27030572584646810947422235877577632833078253/2073085249874087354034743952126189886242816,13.0388138096533,-809222117261923226125805961927550297735699/2073085249874087354034743952126189886242816,-0.3903467632655593,-809222117261923226125805961927550297735699/27839794701908734173548041839505183130813952,-0.02906710074289599,defined
client,credit,10000,fair,1,2,G,381673462561394718116574715922271908507168155/14392826240011241890251633792626099574800384,26.51831240068501,17926436402776863359564701727109012936466684967/690855659520539610732078422046052779590418432,25.948164650222278,-393889800170083110030884637160038671877386473/690855659520539610732078422046052779590418432,-0.5701477504627325,-393889800170083110030884637160038671877386473/18320326202946946469595586364269051608344071440,-0.0215001521155624,defined
client,credit,10000,fair,1,2,population_average,131941354632708903341489740796286553387951/9869850175701946585278993374346628562944,13.368121327467385,32886207589082488151303390866887833034871257/2526681644979698325831422303832736912113664,13.015572284076464,-127254170984427300588283253851646376063457/360954520711385475118774614833248130301952,-0.3525490433909209,-890779196890991104117982776961524632444199/33776986785973479255421373643849357667315456,-0.026372370115054306,defined
client,credit,10000,fair,1,2,pooled_SSE,131941354632708903341489740796286553387951/332306998946228968225951765070086144,397046.57154710876,32886207589082488151303390866887833034871257/85070591730234615865843651857942052864,386575.512409355,-890779196890991104117982776961524632444199/85070591730234615865843651857942052864,-10471.059137753742,-890779196890991104117982776961524632444199/33776986785973479255421373643849357667315456,-0.026372370115054306,defined
client,credit,10000,fair,0,2,Phi_A,670087797153/44728057856,14.981374762801416,1463908751108919300970288747327550050448251/113399098776402742949169587926636756467712,12.909350840568978,-234965645424305656418658156836925923740805/113399098776402742949169587926636756467712,-2.0720239222324377,-234965645424305656418658156836925923740805/1698874396533224957388946904164475974189056,-0.13830666110677972,defined
client,credit,10000,fair,0,2,Phi_B,8085069687643/408843976704,19.77544038394023,27030572584646810947422235877577632833078253/2073085249874087354034743952126189886242816,13.0388138096533,-13965601185064037659257360207956819960396819/2073085249874087354034743952126189886242816,-6.73662657428693,-13965601185064037659257360207956819960396819/40996173769710848606679596085534452793475072,-0.3406562101017882,defined
client,credit,10000,fair,0,2,Phi,8085069687643/408843976704,19.77544038394023,27030572584646810947422235877577632833078253/2073085249874087354034743952126189886242816,13.0388138096533,-13965601185064037659257360207956819960396819/2073085249874087354034743952126189886242816,-6.73662657428693,-13965601185064037659257360207956819960396819/40996173769710848606679596085534452793475072,-0.3406562101017882,defined
client,credit,10000,fair,0,2,G,37884165316077695/1089978041892864,34.756815146741644,17926436402776863359564701727109012936466684967/690855659520539610732078422046052779590418432,25.948164650222278,-6085506048258816685264085445291372210712159193/690855659520539610732078422046052779590418432,-8.808650496519368,-6085506048258816685264085445291372210712159193/24011942451035680044828787172400385147178844160,-0.2534366413990942,defined
client,credit,10000,fair,0,2,population_average,1346463611707/71185727488,18.914797378926522,32886207589082488151303390866887833034871257/2526681644979698325831422303832736912113664,13.015572284076464,-14905463766761260284931992835304523655360039/2526681644979698325831422303832736912113664,-5.899225094850058,-14905463766761260284931992835304523655360039/47791671355843748436235383702192356690231296,-0.3118841284243701,defined
client,credit,10000,fair,0,2,pooled_SSE,9425245281949/16777216,561788.3969514966,32886207589082488151303390866887833034871257/85070591730234615865843651857942052864,386575.512409355,-14905463766761260284931992835304523655360039/85070591730234615865843651857942052864,-175212.88454214155,-14905463766761260284931992835304523655360039/47791671355843748436235383702192356690231296,-0.3118841284243701,defined
client,credit,10001,fair,0,1,Phi_A,389173887937/22364028928,17.401778954495548,112968468056875274869334092919173749162937593/7257542321689775548746853627304752413933568,15.565664387413836,-13325679178066609475499584731756969544086279/7257542321689775548746853627304752413933568,-1.8361145670817098,-13325679178066609475499584731756969544086279/126294147234941884344833677650930718707023872,-0.10551303817173077,defined
client,credit,10001,fair,0,1,Phi_B,2801177970173/136281325568,20.554378661185698,513993238817876883955635378857400952758551275/33169363997985397664555903234019038179885056,15.49602334398378,-167782428747415287324684697876019800121457941/33169363997985397664555903234019038179885056,-5.058355317201918,-167782428747415287324684697876019800121457941/681775667565292171280320076733420752880009216,-0.24609624063966337,defined
client,credit,10001,fair,0,1,Phi,2801177970173/136281325568,20.554378661185698,112968468056875274869334092919173749162937593/7257542321689775548746853627304752413933568,15.565664387413836,-294099753793381427991954712931751453668194311965/58953016279086046782470692014596503858382372864,-4.988714273771861,-294099753793381427991954712931751453668194311965/1211742619819379285755555549714199818118736379904,-0.24270810400084758,defined
client,credit,10001,fair,0,1,G,1723807431488215/45415751745536,37.95615761568124,5493540547454913118542250350415006973460221602117/176859048837258140347412076043789511575147118592,31.061687731397615,-1219349385971523518323668189403123165067452274363/176859048837258140347412076043789511575147118592,-6.894469884283628,-1219349385971523518323668189403123165067452274363/6712889933426436636865918539818130138527673876480,-0.18164298805196338,defined
client,credit,10001,fair,0,1,population_average,1422889923181/71185727488,19.9884158439044,156740426718688039706242367944143675480372217/10106726579918793303325689215330947648454656,15.508525483425855,-45277026981370474200046070651944192416386055/10106726579918793303325689215330947648454656,-4.479890360478543,-45277026981370474200046070651944192416386055/202017453700058513906288438596087867896758272,-0.22412433258660244,defined
client,credit,10001,fair,0,1,pooled_SSE,9960229462267/16777216,593675.9389798045,156740426718688039706242367944143675480372217/340282366920938463463374607431768211456,460618.7153832313,-45277026981370474200046070651944192416386055/340282366920938463463374607431768211456,-133057.2235965732,-45277026981370474200046070651944192416386055/202017453700058513906288438596087867896758272,-0.22412433258660244,defined
client,credit,10001,fair,1,2,Phi_A,112968468056875274869334092919173749162937593/7257542321689775548746853627304752413933568,15.565664387413836,5805332388104213503166725705521169182433/442965229595323214645193702838424829952,13.105616423681273,-17853902210175840833450458959914913277955321/7257542321689775548746853627304752413933568,-2.4600479637325643,-17853902210175840833450458959914913277955321/112968468056875274869334092919173749162937593,-0.15804323557956976,defined
client,credit,10001,fair,1,2,Phi_B,513993238817876883955635378857400952758551275/33169363997985397664555903234019038179885056,15.49602334398378,26243042443712443465098534074930408669899/2024497314330163431674554640748232310784,12.962745002403405,-28009077140030736741153665524580379036975353/11056454665995132554851967744673012726628352,-2.533278341580374,-12003890202870315746208713796248733872989437/73427605545410983422233625551057278965507325,-0.16347925434456068,defined
client,credit,10001,fair,1,2,Phi,112968468056875274869334092919173749162937593/7257542321689775548746853627304752413933568,15.565664387413836,5805332388104213503166725705521169182433/442965229595323214645193702838424829952,13.105616423681273,-17853902210175840833450458959914913277955321/7257542321689775548746853627304752413933568,-2.4600479637325643,-17853902210175840833450458959914913277955321/112968468056875274869334092919173749162937593,-0.15804323557956976,defined
client,credit,10001,fair,1,2,G,5493540547454913118542250350415006973460221602117/176859048837258140347412076043789511575147118592,31.061687731397615,281398047275586327414575322405374310834611245/10794619680008431417688725344469574681100288,26.068361426084678,-294371646963902243393949422708451421581983654679/58953016279086046782470692014596503858382372864,-4.993326305312938,-883114940891706730181848268125354264745950964037/5493540547454913118542250350415006973460221602117,-0.16075515112031757,defined
client,credit,10001,fair,1,2,population_average,156740426718688039706242367944143675480372217/10106726579918793303325689215330947648454656,15.508525483425855,8012093707954164242066314945112894463083/616865635981371661579937085896664285184,12.988393647844758,-25470283407567012764227863883414012597220345/10106726579918793303325689215330947648454656,-2.5201318355810973,-25470283407567012764227863883414012597220345/156740426718688039706242367944143675480372217,-0.16249977074057698,defined
client,credit,10001,fair,1,2,pooled_SSE,156740426718688039706242367944143675480372217/340282366920938463463374607431768211456,460618.7153832313,8012093707954164242066314945112894463083/20769187434139310514121985316880384,385768.2797346371,-25470283407567012764227863883414012597220345/340282366920938463463374607431768211456,-74850.43564859417,-25470283407567012764227863883414012597220345/156740426718688039706242367944143675480372217,-0.16249977074057698,defined
client,credit,10001,fair,0,2,Phi_A,389173887937/22364028928,17.401778954495548,5805332388104213503166725705521169182433/442965229595323214645193702838424829952,13.105616423681273,-1903050621840969867489626690165520191775/442965229595323214645193702838424829952,-4.296162530814274,-1903050621840969867489626690165520191775/7708383009945183370656352395686689374208,-0.24688065180280955,defined
client,credit,10001,fair,0,2,Phi_B,2801177970173/136281325568,20.554378661185698,26243042443712443465098534074930408669899/2024497314330163431674554640748232310784,12.962745002403405,-15369241953583221285897564358505916579125/2024497314330163431674554640748232310784,-7.591633658782292,-1397203813962111025990687668955083325375/3782934945208696795545099857585120477184,-0.3693438650674523,defined
client,credit,10001,fair,0,2,Phi,2801177970173/136281325568,20.554378661185698,5805332388104213503166725705521169182433/442965229595323214645193702838424829952,13.105616423681273,-26802185146889635197880419376412371473695397/3598206560002810472562908448156524893700096,-7.448762237504425,-26802185146889635197880419376412371473695397/73958900135460161484103732282360828742598656,-0.3623929655227407,defined
client,credit,10001,fair,0,2,G,1723807431488215/45415751745536,37.95615761568124,281398047275586327414575322405374310834611245/10794619680008431417688725344469574681100288,26.068361426084678,-128324238700148330597260525972197108753259475/10794619680008431417688725344469574681100288,-11.887796189596566,-25664847740029666119452105194439421750651895/81944457195146931602367169675514283917574144,-0.31319809317804154,defined
client,credit,10001,fair,0,2,population_average,1422889923181/71185727488,19.9884158439044,8012093707954164242066314945112894463083/616865635981371661579937085896664285184,12.988393647844758,-4318073143856047788346797762167859192725/616865635981371661579937085896664285184,-7.00002219605964,-4318073143856047788346797762167859192725/12330166851810212030413112707280753655808,-0.3502039506644717,defined
client,credit,10001,fair,0,2,pooled_SSE,9960229462267/16777216,593675.9389798045,8012093707954164242066314945112894463083/20769187434139310514121985316880384,385768.2797346371,-4318073143856047788346797762167859192725/20769187434139310514121985316880384,-207907.65924516736,-4318073143856047788346797762167859192725/12330166851810212030413112707280753655808,-0.3502039506644717,defined
client,credit,10002,fair,0,1,Phi_A,420684018515/22364028928,18.810743800652983,387970158853865318747697964706951033325805/28349774694100685737292396981659189116928,13.685123181405677,-145310189723098002017208495254905998210835/28349774694100685737292396981659189116928,-5.125620619247307,-29062037944619600403441699050981199642167/106656069715392664152981291992371406307328,-0.2724836760080364,defined
client,credit,10002,fair,0,1,Phi_B,2907748782879/136281325568,21.336369974095437,1759507421575038356699094436208987248245979/129567828117130459627171497007886867890176,13.579817205737431,-1004999695872062524665336588563384228922149/129567828117130459627171497007886867890176,-7.756552768358006,-1004999695872062524665336588563384228922149/2764507117447100881364431024772371477168128,-0.36353666428615855,defined
client,credit,10002,fair,0,1,Phi,2907748782879/136281325568,21.336369974095437,387970158853865318747697964706951033325805/28349774694100685737292396981659189116928,13.685123181405677,-1761969049706032648957498174047531661714638817/230285219840179870244026140682017593196806144,-7.6512467926897605,-1761969049706032648957498174047531661714638817/4913450650075980633145048741362094905420152832,-0.3586011492104405,defined
client,credit,10002,fair,0,1,G,1823311352493763/45415751745536,40.14711377474842,18836138372947948470482223235810009738764102073/690855659520539610732078422046052779590418432,27.26494038714311,-8899722391752012592672928511086768979012736583/690855659520539610732078422046052779590418432,-12.882173387605313,-8899722391752012592672928511086768979012736583/27735860764699961063155151746896778717776838656,-0.3208742092864442,defined
client,credit,10002,fair,0,1,population_average,10405982422697/498300092416,20.88296305995803,268434697553612959430849050114492285196473/19739700351403893170557986748693257125888,13.598722005652016,-143788735699395065835318135477286278391623/19739700351403893170557986748693257125888,-7.284241054306013,-143788735699395065835318135477286278391623/412223433253008025266167185591778563588096,-0.34881261980840056,defined
client,credit,10002,fair,0,1,pooled_SSE,10405982422697/16777216,620244.8858438134,268434697553612959430849050114492285196473/664613997892457936451903530140172288,403895.64228987054,-143788735699395065835318135477286278391623/664613997892457936451903530140172288,-216349.24355394288,-143788735699395065835318135477286278391623/412223433253008025266167185591778563588096,-0.34881261980840056,defined
client,credit,10002,fair,1,2,Phi_A,387970158853865318747697964706951033325805/28349774694100685737292396981659189116928,13.685123181405677,5812420142768731078005118907446449095303/442965229595323214645193702838424829952,13.121617125747646,-15975269716666529755370354630378291226413/28349774694100685737292396981659189116928,-0.5635060556580307,-15975269716666529755370354630378291226413/387970158853865318747697964706951033325805,-0.041176542453317526,defined
client,credit,10002,fair,1,2,Phi_B,1759507421575038356699094436208987248245979/129567828117130459627171497007886867890176,13.579817205737431,13320720441388328574969749621213401477957/1012248657165081715837277320374116155392,13.159533823136433,-54455205077332299102966484693671859067483/129567828117130459627171497007886867890176,-0.42028338260099807,-54455205077332299102966484693671859067483/1759507421575038356699094436208987248245979,-0.030949119287366374,defined
client,credit,10002,fair,1,2,Phi,387970158853865318747697964706951033325805/28349774694100685737292396981659189116928,13.685123181405677,13320720441388328574969749621213401477957/1012248657165081715837277320374116155392,13.159533823136433,-363106382744075253460097464464028076016801373/690855659520539610732078422046052779590418432,-0.5255893582692432,-363106382744075253460097464464028076016801373/9454444801109843952562651701943689731116542045,-0.03840589166076158,defined
client,credit,10002,fair,1,2,G,18836138372947948470482223235810009738764102073/690855659520539610732078422046052779590418432,27.26494038714311,283695029246096343563384152616182231364372255/10794619680008431417688725344469574681100288,26.28115094888408,-679656501197782482425637468374346931444277753/690855659520539610732078422046052779590418432,-0.9837894382590288,-679656501197782482425637468374346931444277753/18836138372947948470482223235810009738764102073,-0.03608258167044952,defined
client,credit,10002,fair,1,2,population_average,268434697553612959430849050114492285196473/19739700351403893170557986748693257125888,13.598722005652016,32453861025545388227944618149873252051217/2467462543925486646319748343586657140736,13.152726919985799,-1257687049892836229613157845072324112391/2819957193057699024365426678384751017984,-0.44599508566621804,-8803809349249853607292104915506268786737/268434697553612959430849050114492285196473,-0.032796838223536726,defined
client,credit,10002,fair,1,2,pooled_SSE,268434697553612959430849050114492285196473/664613997892457936451903530140172288,403895.64228987054,32453861025545388227944618149873252051217/83076749736557242056487941267521536,390649.1422504982,-8803809349249853607292104915506268786737/664613997892457936451903530140172288,-13246.500039372342,-8803809349249853607292104915506268786737/268434697553612959430849050114492285196473,-0.032796838223536726,defined
client,credit,10002,fair,0,2,Phi_A,420684018515/22364028928,18.810743800652983,5812420142768731078005118907446449095303/442965229595323214645193702838424829952,13.121617125747646,-2520085303746320808946544529457567022457/442965229595323214645193702838424829952,-5.689126674905338,-2520085303746320808946544529457567022457/8332505446515051886951663436904016117760,-0.30244028280837304,defined
client,credit,10002,fair,0,2,Phi_B,2907748782879/136281325568,21.336369974095437,13320720441388328574969749621213401477957/1012248657165081715837277320374116155392,13.159533823136433,-8276991413667147060689867759820750687419/1012248657165081715837277320374116155392,-8.176836150959003,-8276991413667147060689867759820750687419/21597711855055475635659617381034152165376,-0.3832346439852013,defined
client,credit,10002,fair,0,2,Phi,2907748782879/136281325568,21.336369974095437,13320720441388328574969749621213401477957/1012248657165081715837277320374116155392,13.159533823136433,-8276991413667147060689867759820750687419/1012248657165081715837277320374116155392,-8.176836150959003,-8276991413667147060689867759820750687419/21597711855055475635659617381034152165376,-0.3832346439852013,defined
client,credit,10002,fair,0,2,G,1823311352493763/45415751745536,40.14711377474842,283695029246096343563384152616182231364372255/10794619680008431417688725344469574681100288,26.28115094888408,-149677795202340548048415093429079936100890849/10794619680008431417688725344469574681100288,-13.865962825864342,-149677795202340548048415093429079936100890849/433372824448436891611799246045262167465263104,-0.34537882109437473,defined
client,credit,10002,fair,0,2,population_average,10405982422697/498300092416,20.88296305995803,32453861025545388227944618149873252051217/2467462543925486646319748343586657140736,13.152726919985799,-19074068131080614930326280049099068397295/2467462543925486646319748343586657140736,-7.730236139972231,-19074068131080614930326280049099068397295/51527929156626003158270898198972320448512,-0.37016950696975315,defined
client,credit,10002,fair,0,2,pooled_SSE,10405982422697/16777216,620244.8858438134,32453861025545388227944618149873252051217/83076749736557242056487941267521536,390649.1422504982,-19074068131080614930326280049099068397295/83076749736557242056487941267521536,-229595.74359331522,-19074068131080614930326280049099068397295/51527929156626003158270898198972320448512,-0.37016950696975315,defined
client,credit,10003,fair,0,1,Phi_A,401280634945/22364028928,17.943128057869412,745551848837095938836528205653073032309229/56699549388201371474584793963318378233856,13.149167090069293,-271815426658892573454900585501923002619411/56699549388201371474584793963318378233856,-4.79396096780012,-271815426658892573454900585501923002619411/1017367275495988512291428791154996034928640,-0.267175319283173,defined
client,credit,10003,fair,0,1,Phi_B,8249178487483/408843976704,20.176837516320667,852074828297921294621919527239366217914343/64783914058565229813585748503943433945088,13.152567897142463,-151686559777677172994265344425817493791411/21594638019521743271195249501314477981696,-7.024269619178204,-455059679333031518982796033277452481374233/1307134507630952813604715560516818699288576,-0.3481353117651071,defined
client,credit,10003,fair,0,1,Phi,8249178487483/408843976704,20.176837516320667,852074828297921294621919527239366217914343/64783914058565229813585748503943433945088,13.152567897142463,-151686559777677172994265344425817493791411/21594638019521743271195249501314477981696,-7.024269619178204,-455059679333031518982796033277452481374233/1307134507630952813604715560516818699288576,-0.3481353117651071,defined
client,credit,10003,fair,0,1,G,2596870339598693/68123627618304,38.11996557419008,36341404942249256305203655520520939420020709005/1381711319041079221464156844092105559180836864,26.301734987211756,-5443127657688483119795848721945956057860689361/460570439680359740488052281364035186393612288,-11.818230586978325,-16329382973065449359387546165837868173582068083/52670787915314705664591201686358807593602777088,-0.3100273153179368,defined
client,credit,10003,fair,0,1,population_average,1407757289609/71185727488,19.77583624254328,4153851162028781117324206314610537903966601/315835205622462290728927787979092114014208,13.151957375499617,-2092054143991018649386084718611732928116343/315835205622462290728927787979092114014208,-6.623878867043666,-2092054143991018649386084718611732928116343/6245905306019799766710291033222270832082944,-0.3349481046366006,defined
client,credit,10003,fair,0,1,pooled_SSE,9854301027263/16777216,587362.112239778,4153851162028781117324206314610537903966601/10633823966279326983230456482242756608,390626.2860097141,-2092054143991018649386084718611732928116343/10633823966279326983230456482242756608,-196735.82623006392,-2092054143991018649386084718611732928116343/6245905306019799766710291033222270832082944,-0.3349481046366006,defined
client,credit,10003,fair,1,2,Phi_A,745551848837095938836528205653073032309229/56699549388201371474584793963318378233856,13.149167090069293,728918634364720490111534771485221463672915/56699549388201371474584793963318378233856,12.8558100060739,-8316607236187724362496717083925784318157/28349774694100685737292396981659189116928,-0.2933570839953917,-16633214472375448724993434167851568636314/745551848837095938836528205653073032309229,-0.022309936590352186,defined
client,credit,10003,fair,1,2,Phi_B,852074828297921294621919527239366217914343/64783914058565229813585748503943433945088,13.152567897142463,1669275195641046703460657332555232856263563/129567828117130459627171497007886867890176,12.883408018015144,-11624820318265295261060573974499859855041/43189276039043486542390499002628955963392,-0.26915987912731754,-34874460954795885783181721923499579565123/1704149656595842589243839054478732435828686,-0.02046443563205596,defined
client,credit,10003,fair,1,2,Phi,852074828297921294621919527239366217914343/64783914058565229813585748503943433945088,13.152567897142463,1669275195641046703460657332555232856263563/129567828117130459627171497007886867890176,12.883408018015144,-11624820318265295261060573974499859855041/43189276039043486542390499002628955963392,-0.26915987912731754,-34874460954795885783181721923499579565123/1704149656595842589243839054478732435828686,-0.02046443563205596,defined
client,credit,10003,fair,1,2,G,36341404942249256305203655520520939420020709005/1381711319041079221464156844092105559180836864,26.301734987211756,35564168887149995669232440640692365027439901467/1381711319041079221464156844092105559180836864,25.739218024089045,-129539342516543439328535813304762398763467923/230285219840179870244026140682017593196806144,-0.5625169631227092,-777236055099260635971214879828574392580807538/36341404942249256305203655520520939420020709005,-0.021387066799821847,defined
client,credit,10003,fair,1,2,population_average,4153851162028781117324206314610537903966601/315835205622462290728927787979092114014208,13.151957375499617,4067469025646813897032849436595687176200041/315835205622462290728927787979092114014208,12.878453551846642,-2699441761936475634104902437964085242705/9869850175701946585278993374346628562944,-0.2735038236529756,-86382136381967220291356878014850727766560/4153851162028781117324206314610537903966601,-0.020795674426566924,defined
client,credit,10003,fair,1,2,pooled_SSE,4153851162028781117324206314610537903966601/10633823966279326983230456482242756608,390626.2860097141,4067469025646813897032849436595687176200041/10633823966279326983230456482242756608,382502.9489433971,-2699441761936475634104902437964085242705/332306998946228968225951765070086144,-8123.337066317029,-86382136381967220291356878014850727766560/4153851162028781117324206314610537903966601,-0.020795674426566924,defined
client,credit,10003,fair,0,2,Phi_A,401280634945/22364028928,17.943128057869412,728918634364720490111534771485221463672915/56699549388201371474584793963318378233856,12.8558100060739,-288448641131268022179894019669774571255725/56699549388201371474584793963318378233856,-5.0873180517955126,-57689728226253604435978803933954914251145/203473455099197702458285758230999206985728,-0.2835245914418105,defined
client,credit,10003,fair,0,2,Phi_B,8249178487483/408843976704,20.176837516320667,1669275195641046703460657332555232856263563/129567828117130459627171497007886867890176,12.883408018015144,-314997939873619641249591262826134847437863/43189276039043486542390499002628955963392,-7.293429498305522,-944993819620858923748773788478404542313589/2614269015261905627209431121033637398577152,-0.3614753547183003,defined
client,credit,10003,fair,0,2,Phi,8249178487483/408843976704,20.176837516320667,1669275195641046703460657332555232856263563/129567828117130459627171497007886867890176,12.883408018015144,-314997939873619641249591262826134847437863/43189276039043486542390499002628955963392,-7.293429498305522,-944993819620858923748773788478404542313589/2614269015261905627209431121033637398577152,-0.3614753547183003,defined
client,credit,10003,fair,0,2,G,2596870339598693/68123627618304,38.11996557419008,35564168887149995669232440640692365027439901467/1381711319041079221464156844092105559180836864,25.739218024089045,-5702206342721569998452920348555480855387625207/460570439680359740488052281364035186393612288,-12.380747550101034,-17106619028164709995358761045666442566162875621/52670787915314705664591201686358807593602777088,-0.32478380721528455,defined
client,credit,10003,fair,0,2,population_average,1407757289609/71185727488,19.77583624254328,4067469025646813897032849436595687176200041/315835205622462290728927787979092114014208,12.878453551846642,-2178436280372985869677441596626583655882903/315835205622462290728927787979092114014208,-6.897382690696642,-2178436280372985869677441596626583655882903/6245905306019799766710291033222270832082944,-0.34877830732934906,defined
client,credit,10003,fair,0,2,pooled_SSE,9854301027263/16777216,587362.112239778,4067469025646813897032849436595687176200041/10633823966279326983230456482242756608,382502.9489433971,-2178436280372985869677441596626583655882903/10633823966279326983230456482242756608,-204859.16329638092,-2178436280372985869677441596626583655882903/6245905306019799766710291033222270832082944,-0.34877830732934906,defined
client,credit,10004,fair,0,1,Phi_A,1344201391539/89456115712,15.026377803688646,185566371810237863318228593723032330850753/14174887347050342868646198490829594558464,13.091206107458232,-27430840791266455742019103525380282363455/14174887347050342868646198490829594558464,-1.9351716962304149,-27430840791266455742019103525380282363455/212997212601504319060247697248412613214208,-0.12878497542870063,defined
client,credit,10004,fair,0,1,Phi_B,1279395013915/68140662784,18.77579350777041,2219907131077072671764236226330448451343/168708109527513619306212886729019359232,13.15827162840113,-947721496497836815157026897241138702577/168708109527513619306212886729019359232,-5.617521879369281,-947721496497836815157026897241138702577/3167628627574909486921263123571587153920,-0.2991895856249407,defined
client,credit,10004,fair,0,1,Phi,1279395013915/68140662784,18.77579350777041,2219907131077072671764236226330448451343/168708109527513619306212886729019359232,13.15827162840113,-947721496497836815157026897241138702577/168708109527513619306212886729019359232,-5.617521879369281,-947721496497836815157026897241138702577/3167628627574909486921263123571587153920,-0.2991895856249407,defined
client,credit,10004,fair,0,1,G,24562416331860857/726652027928576,33.802171311459055,3022433375546139953922375034337817369748458747/115142609920089935122013070341008796598403072,26.24947773585936,-869636850221245054989831407196152233592337157/115142609920089935122013070341008796598403072,-7.552693575599696,-869636850221245054989831407196152233592337157/3892070225767385008912206441533969603340795904,-0.22343811898969063,defined
client,credit,10004,fair,0,1,population_average,9020571475029/498300092416,18.102688745837682,1038010710143833769275695304633924536166465/78958801405615572682231946994773028503552,13.146231853387913,-391355895446435792762317432065977544153023/78958801405615572682231946994773028503552,-4.9564568924497685,-391355895446435792762317432065977544153023/1429366605590269562038012736699902080319488,-0.27379672500801283,defined
client,credit,10004,fair,0,1,pooled_SSE,9020571475029/16777216,537667.958440125,1038010710143833769275695304633924536166465/2658455991569831745807614120560689152,390456.2322774744,-391355895446435792762317432065977544153023/2658455991569831745807614120560689152,-147211.7261626506,-391355895446435792762317432065977544153023/1429366605590269562038012736699902080319488,-0.27379672500801283,defined
client,credit,10004,fair,1,2,Phi_A,185566371810237863318228593723032330850753/14174887347050342868646198490829594558464,13.091206107458232,364555383151990074555505915902682097684187/28349774694100685737292396981659189116928,12.859198603361406,-6577360468485652080951271543382564017319/28349774694100685737292396981659189116928,-0.23200750409682577,-6577360468485652080951271543382564017319/371132743620475726636457187446064661701506,-0.01772239335263754,defined
client,credit,10004,fair,1,2,Phi_B,2219907131077072671764236226330448451343/168708109527513619306212886729019359232,13.15827162840113,1665825363778704073820631159723721203434327/129567828117130459627171497007886867890176,12.856782335448143,-39063312888487738094302262098063207197097/129567828117130459627171497007886867890176,-0.30148929295298643,-39063312888487738094302262098063207197097/1704888676667191811914933421821784410631424,-0.0229125299634524,defined
client,credit,10004,fair,1,2,Phi,2219907131077072671764236226330448451343/168708109527513619306212886729019359232,13.15827162840113,364555383151990074555505915902682097684187/28349774694100685737292396981659189116928,12.859198603361406,-68872097319540204762433780173764813006933255/230285219840179870244026140682017593196806144,-0.2990730250397229,-68872097319540204762433780173764813006933255/3030155474663155580376808335051251492495584256,-0.02272889886192929,defined
client,credit,10004,fair,1,2,G,3022433375546139953922375034337817369748458747/115142609920089935122013070341008796598403072,26.24947773585936,17766030971698896248454729008279341495177784567/690855659520539610732078422046052779590418432,25.715980938809547,-368569281577943475079521197747562723312967915/690855659520539610732078422046052779590418432,-0.5334967970498122,-368569281577943475079521197747562723312967915/18134600253276839723534250206026904218490752482,-0.020324091870254746,defined
client,credit,10004,fair,1,2,population_average,1038010710143833769275695304633924536166465/78958801405615572682231946994773028503552,13.146231853387913,1015190373465347074188068537813201650559257/78958801405615572682231946994773028503552,12.857216110085815,-2852542084810836885953345852590360700901/9869850175701946585278993374346628562944,-0.2890157433020976,-22820336678486695087626766820722885607208/1038010710143833769275695304633924536166465,-0.02198468325565211,defined
client,credit,10004,fair,1,2,pooled_SSE,1038010710143833769275695304633924536166465/2658455991569831745807614120560689152,390456.2322774744,1015190373465347074188068537813201650559257/2658455991569831745807614120560689152,381872.1756856588,-2852542084810836885953345852590360700901/332306998946228968225951765070086144,-8584.0565918156,-22820336678486695087626766820722885607208/1038010710143833769275695304633924536166465,-0.02198468325565211,defined
client,credit,10004,fair,0,2,Phi_A,1344201391539/89456115712,15.026377803688646,364555383151990074555505915902682097684187/28349774694100685737292396981659189116928,12.859198603361406,-61439042051018563564989478594143128744229/28349774694100685737292396981659189116928,-2.1671792003272405,-20479680683672854521663159531381042914743/141998141734336212706831798165608408809472,-0.14422499078888096,defined
client,credit,10004,fair,0,2,Phi_B,1279395013915/68140662784,18.77579350777041,1665825363778704073820631159723721203434327/129567828117130459627171497007886867890176,12.856782335448143,-766913422198826412134898919179257730776233/129567828117130459627171497007886867890176,-5.919011172322268,-766913422198826412134898919179257730776233/2432738785977530485955530078902978934210560,-0.31524692524300874,defined
client,credit,10004,fair,0,2,Phi,1279395013915/68140662784,18.77579350777041,364555383151990074555505915902682097684187/28349774694100685737292396981659189116928,12.859198603361406,-1362504358267115474757254238692741212914917639/230285219840179870244026140682017593196806144,-5.916594904409004,-1362504358267115474757254238692741212914917639/4323787735610730850371628793570227892403568640,-0.3151182346546582,defined
client,credit,10004,fair,0,2,G,24562416331860857/726652027928576,33.802171311459055,17766030971698896248454729008279341495177784567/690855659520539610732078422046052779590418432,25.715980938809547,-5586390382905413805018509640924476124866990857/690855659520539610732078422046052779590418432,-8.086190372649508,-5586390382905413805018509640924476124866990857/23352421354604310053473238649203817620044775424,-0.239221034002282,defined
client,credit,10004,fair,0,2,population_average,9020571475029/498300092416,18.102688745837682,1015190373465347074188068537813201650559257/78958801405615572682231946994773028503552,12.857216110085815,-59168033160703212549992028412385775680033/11279828772230796097461706713539004071936,-5.245472635751867,-414176232124922487849944198886700429760231/1429366605590269562038012736699902080319488,-0.2897620739879289,defined
client,credit,10004,fair,0,2,pooled_SSE,9020571475029/16777216,537667.958440125,1015190373465347074188068537813201650559257/2658455991569831745807614120560689152,381872.1756856588,-414176232124922487849944198886700429760231/2658455991569831745807614120560689152,-155795.78275446617,-414176232124922487849944198886700429760231/1429366605590269562038012736699902080319488,-0.2897620739879289,defined
client,credit,10000,lloyd,0,1,Phi_A,670087797153/44728057856,14.981374762801416,384806944280851081177707713808722076276205/28349774694100685737292396981659189116928,13.573545061045078,-39911654852455158169529012232396917271059/28349774694100685737292396981659189116928,-1.4078297017563384,-39911654852455158169529012232396917271059/424718599133306239347236726041118993547264,-0.09397199683249122,defined
client,credit,10000,lloyd,0,1,Phi_B,8085069687643/408843976704,19.77544038394023,858673180511019524245525090057040088295883/64783914058565229813585748503943433945088,13.254419603835165,-140819083264148164904404095871970520500071/21594638019521743271195249501314477981696,-6.521020780105064,-32496711522495730362554791355070120115401/98548494638728001458364413667150126907392,-0.329753505029442,defined
client,credit,10000,lloyd,0,1,Phi,8085069687643/408843976704,19.77544038394023,384806944280851081177707713808722076276205/28349774694100685737292396981659189116928,13.573545061045078,-4284614483576080300956416117699608116650728099/690855659520539610732078422046052779590418432,-6.201895322895152,-4284614483576080300956416117699608116650728099/13661974908756140298175975395504356393425567744,-0.31361604103298524,defined
client,credit,10000,lloyd,0,1,G,37884165316077695/1089978041892864,34.756815146741644,18534251222149572203773838838173023778362135957/690855659520539610732078422046052779590418432,26.82796466488024,-1825897076295369280351649444742453789605569401/230285219840179870244026140682017593196806144,-7.928850481861403,-5477691228886107841054948334227361368816708203/24011942451035680044828787172400385147178844160,-0.22812361973863737,defined
client,credit,10000,lloyd,0,1,population_average,1346463611707/71185727488,18.914797378926522,2102153305302890129668757893922802252867971/157917602811231145364463893989546057007104,13.311709827660735,-884826154437344147595953587464220040271485/157917602811231145364463893989546057007104,-5.603087551265786,-884826154437344147595953587464220040271485/2986979459740234277264711481387022293139456,-0.29622773318779166,defined
client,credit,10000,lloyd,0,1,pooled_SSE,9425245281949/16777216,561788.3969514966,2102153305302890129668757893922802252867971/5316911983139663491615228241121378304,395371.09359135147,-884826154437344147595953587464220040271485/5316911983139663491615228241121378304,-166417.3033601451,-884826154437344147595953587464220040271485/2986979459740234277264711481387022293139456,-0.29622773318779166,defined
client,credit,10000,lloyd,1,2,Phi_A,384806944280851081177707713808722076276205/28349774694100685737292396981659189116928,13.573545061045078,47166798664648821564236248015900781258781/3543721836762585717161549622707398639616,13.309960780595206,-7472554963660508663817729681515826205957/28349774694100685737292396981659189116928,-0.26358428044987164,-7472554963660508663817729681515826205957/384806944280851081177707713808722076276205,-0.019418971187294035,defined
client,credit,10000,lloyd,1,2,Phi_B,858673180511019524245525090057040088295883/64783914058565229813585748503943433945088,13.254419603835165,418665845338771642108621978652500577500699/32391957029282614906792874251971716972544,12.924993848327658,-7113829944492080009427044250679644431495/21594638019521743271195249501314477981696,-0.32942575550750675,-21341489833476240028281132752038933294485/858673180511019524245525090057040088295883,-0.02485403098391328,defined
client,credit,10000,lloyd,1,2,Phi,384806944280851081177707713808722076276205/28349774694100685737292396981659189116928,13.573545061045078,47166798664648821564236248015900781258781/3543721836762585717161549622707398639616,13.309960780595206,-7472554963660508663817729681515826205957/28349774694100685737292396981659189116928,-0.26358428044987164,-7472554963660508663817729681515826205957/384806944280851081177707713808722076276205,-0.019418971187294035,defined
client,credit,10000,lloyd,1,2,G,18534251222149572203773838838173023778362135957/690855659520539610732078422046052779590418432,26.82796466488024,2265570860331992330560459322987052678112097723/86356957440067451341509802755756597448802304,26.234954628922864,-136561446497877853096721418092200784488451391/230285219840179870244026140682017593196806144,-0.5930100359573784,-409684339493633559290164254276602353465354173/18534251222149572203773838838173023778362135957,-0.02210417537688469,defined
client,credit,10000,lloyd,1,2,population_average,2102153305302890129668757893922802252867971/157917602811231145364463893989546057007104,13.311709827660735,512999442668069285237094474684302140018261/39479400702807786341115973497386514251776,12.994104103297207,-50155534630612988720379995185593692794927/157917602811231145364463893989546057007104,-0.3176057243635281,-50155534630612988720379995185593692794927/2102153305302890129668757893922802252867971,-0.023859123168653153,defined
client,credit,10000,lloyd,1,2,pooled_SSE,2102153305302890129668757893922802252867971/5316911983139663491615228241121378304,395371.09359135147,512999442668069285237094474684302140018261/1329227995784915872903807060280344576,385937.88597203034,-50155534630612988720379995185593692794927/5316911983139663491615228241121378304,-9433.207619321149,-50155534630612988720379995185593692794927/2102153305302890129668757893922802252867971,-0.023859123168653153,defined
client,credit,10000,lloyd,0,2,Phi_A,670087797153/44728057856,14.981374762801416,47166798664648821564236248015900781258781/3543721836762585717161549622707398639616,13.309960780595206,-5923026227014458354168342739239092934627/3543721836762585717161549622707398639616,-1.67141398220621,-1974342075671486118056114246413030978209/17696608297221093306134863585046624731136,-0.11156612852088262,defined
client,credit,10000,lloyd,0,2,Phi_B,8085069687643/408843976704,19.77544038394023,418665845338771642108621978652500577500699/32391957029282614906792874251971716972544,12.924993848327658,-73966456604320122456915570061325082465783/10797319009760871635597624750657238990848,-6.850446535612571,-221899369812960367370746710183975247397349/640565215151732009479368688836475824898048,-0.3464118321822995,defined
client,credit,10000,lloyd,0,2,Phi,8085069687643/408843976704,19.77544038394023,47166798664648821564236248015900781258781/3543721836762585717161549622707398639616,13.309960780595206,-558339146935690404573123796538558410682961779/86356957440067451341509802755756597448802304,-6.465479603345024,-558339146935690404573123796538558410682961779/1707746863594517537271996924438044549178195968,-0.3269449113555865,defined
client,credit,10000,lloyd,0,2,G,37884165316077695/1089978041892864,34.756815146741644,2265570860331992330560459322987052678112097723/86356957440067451341509802755756597448802304,26.234954628922864,-245307315349155891681046357854331821761752599/28785652480022483780503267585252199149600768,-8.521860517818782,-735921946047467675043139073562995465285257797/3001492806379460005603598396550048143397355520,-0.24518531061720947,defined
client,credit,10000,lloyd,0,2,population_average,1346463611707/71185727488,18.914797378926522,512999442668069285237094474684302140018261/39479400702807786341115973497386514251776,12.994104103297207,-233745422266989284079083395662453433266603/39479400702807786341115973497386514251776,-5.920693275629314,-233745422266989284079083395662453433266603/746744864935058569316177870346755573284864,-0.31301912238434637,defined
client,credit,10000,lloyd,0,2,pooled_SSE,9425245281949/16777216,561788.3969514966,512999442668069285237094474684302140018261/1329227995784915872903807060280344576,385937.88597203034,-233745422266989284079083395662453433266603/1329227995784915872903807060280344576,-175850.51097946626,-233745422266989284079083395662453433266603/746744864935058569316177870346755573284864,-0.31301912238434637,defined
client,credit,10001,lloyd,0,1,Phi_A,389173887937/22364028928,17.401778954495548,113330170068837070078152009072061584912597241/7257542321689775548746853627304752413933568,15.615502472529899,-12963977166104814266681668578869133794426631/7257542321689775548746853627304752413933568,-1.786276481965648,-12963977166104814266681668578869133794426631/126294147234941884344833677650930718707023872,-0.10264907321467753,defined
client,credit,10001,lloyd,0,1,Phi_B,2801177970173/136281325568,20.554378661185698,128337149864711184193252386169242447405332269/8292340999496349416138975808504759544971264,15.476588561964103,-42106767026611858626827633014112740814670035/8292340999496349416138975808504759544971264,-5.077790099221594,-42106767026611858626827633014112740814670035/170443916891323042820080019183355188220002304,-0.24704177065738056,defined
client,credit,10001,lloyd,0,1,Phi,2801177970173/136281325568,20.554378661185698,113330170068837070078152009072061584912597241/7257542321689775548746853627304752413933568,15.615502472529899,-291161648350215765510726780021843563873708991261/58953016279086046782470692014596503858382372864,-4.938876188655799,-291161648350215765510726780021843563873708991261/1211742619819379285755555549714199818118736379904,-0.24028340968448889,defined
client,credit,10001,lloyd,0,1,G,1723807431488215/45415751745536,37.95615761568124,5498917646722050697208173201294671680996008799161/176859048837258140347412076043789511575147118592,31.092091034494,-1213972286704385939657745338523458457531665077319/176859048837258140347412076043789511575147118592,-6.864066581187242,-1213972286704385939657745338523458457531665077319/6712889933426436636865918539818130138527673876480,-0.18084197696427035,defined
client,credit,10001,lloyd,0,1,population_average,1422889923181/71185727488,19.9884158439044,89525538503954543835880221964147339219132331/5775272331382167601900393837331970084831232,15.501526744891844,-25913006467507464110570314376474299579015253/5775272331382167601900393837331970084831232,-4.486889099012553,-25913006467507464110570314376474299579015253/115438544971462007946450536340621638798147584,-0.22447447231696757,defined
client,credit,10001,lloyd,0,1,pooled_SSE,9960229462267/16777216,593675.9389798045,626678769527681806851161553749031374533926317/1361129467683753853853498429727072845824,460410.84585003264,-181391045272552248773992200635320097053106771/1361129467683753853853498429727072845824,-133265.09312977185,-25913006467507464110570314376474299579015253/115438544971462007946450536340621638798147584,-0.22447447231696757,defined
client,credit,10001,lloyd,1,2,Phi_A,113330170068837070078152009072061584912597241/7257542321689775548746853627304752413933568,15.615502472529899,24280024253805734326283377684138430452211/1771860918381292858580774811353699319808,13.70312082733168,-13879190725248782277695294077830573780340985/7257542321689775548746853627304752413933568,-1.9123816451982172,-13879190725248782277695294077830573780340985/113330170068837070078152009072061584912597241,-0.12246686576768147,defined
client,credit,10001,lloyd,1,2,Phi_B,128337149864711184193252386169242447405332269/8292340999496349416138975808504759544971264,15.476588561964103,1654386667337079998622646652445855022529705/129567828117130459627171497007886867890176,12.768498873358437,-22456403155138064281403000412707725963431149/8292340999496349416138975808504759544971264,-2.7080896886056656,-22456403155138064281403000412707725963431149/128337149864711184193252386169242447405332269,-0.1749797558915004,defined
client,credit,10001,lloyd,1,2,Phi,113330170068837070078152009072061584912597241/7257542321689775548746853627304752413933568,15.615502472529899,24280024253805734326283377684138430452211/1771860918381292858580774811353699319808,13.70312082733168,-13879190725248782277695294077830573780340985/7257542321689775548746853627304752413933568,-1.9123816451982172,-13879190725248782277695294077830573780340985/113330170068837070078152009072061584912597241,-0.12246686576768147,defined
client,credit,10001,lloyd,1,2,G,5498917646722050697208173201294671680996008799161/176859048837258140347412076043789511575147118592,31.092091034494,4572017071724295397352786510849402391791816201/172713914880134902683019605511513194897604608,26.47161970069012,-817172165276372210318919814184883631801189009337/176859048837258140347412076043789511575147118592,-4.620471333803883,-817172165276372210318919814184883631801189009337/5498917646722050697208173201294671680996008799161,-0.14860600172171975,defined
client,credit,10001,lloyd,1,2,population_average,89525538503954543835880221964147339219132331/5775272331382167601900393837331970084831232,15.501526744891844,2042867055397971747843180695392069909765081/157917602811231145364463893989546057007104,12.936284613184887,-103704803345801039403307295728661477634065581/40426906319675173213302756861323790593818624,-2.5652421317069583,-103704803345801039403307295728661477634065581/626678769527681806851161553749031374533926317,-0.1654831923282829,defined
client,credit,10001,lloyd,1,2,pooled_SSE,626678769527681806851161553749031374533926317/1361129467683753853853498429727072845824,460410.84585003264,2042867055397971747843180695392069909765081/5316911983139663491615228241121378304,384220.58929620427,-103704803345801039403307295728661477634065581/1361129467683753853853498429727072845824,-76190.25655382837,-103704803345801039403307295728661477634065581/626678769527681806851161553749031374533926317,-0.1654831923282829,defined
client,credit,10001,lloyd,0,2,Phi_A,389173887937/22364028928,17.401778954495548,24280024253805734326283377684138430452211/1771860918381292858580774811353699319808,13.70312082733168,-6553507785974999156342031898608327044621/1771860918381292858580774811353699319808,-3.698658127163865,-6553507785974999156342031898608327044621/30833532039780733482625409582746757496832,-0.2125448287118002,defined
client,credit,10001,lloyd,0,2,Phi_B,2801177970173/136281325568,20.554378661185698,1654386667337079998622646652445855022529705/129567828117130459627171497007886867890176,12.768498873358437,-1008799534089842545441103647294069793407831/129567828117130459627171497007886867890176,-7.78587978782726,-1008799534089842545441103647294069793407831/2663186201426922544063750299739924815937536,-0.3787942178242485,defined
client,credit,10001,lloyd,0,2,Phi,2801177970173/136281325568,20.554378661185698,24280024253805734326283377684138430452211/1771860918381292858580774811353699319808,13.70312082733168,-98608963528176666004015052201186844407084671/14392826240011241890251633792626099574800384,-6.851257833854016,-98608963528176666004015052201186844407084671/295835600541840645936414929129443314970394624,-0.3333235193721392,defined
client,credit,10001,lloyd,0,2,G,1723807431488215/45415751745536,37.95615761568124,4572017071724295397352786510849402391791816201/172713914880134902683019605511513194897604608,26.47161970069012,-1983539503887459130836587063191740321614115319/172713914880134902683019605511513194897604608,-11.484537914991124,-1983539503887459130836587063191740321614115319/6555556575611754528189373574041142713405931520,-0.30257377554587855,defined
client,credit,10001,lloyd,0,2,population_average,1422889923181/71185727488,19.9884158439044,2042867055397971747843180695392069909765081/157917602811231145364463893989546057007104,12.936284613184887,-1113655658665442531942576157671803026121767/157917602811231145364463893989546057007104,-7.052131230719512,-1113655658665442531942576157671803026121767/3156522714063414279785756853063872935886848,-0.3528109123700319,defined
client,credit,10001,lloyd,0,2,pooled_SSE,9960229462267/16777216,593675.9389798045,2042867055397971747843180695392069909765081/5316911983139663491615228241121378304,384220.58929620427,-1113655658665442531942576157671803026121767/5316911983139663491615228241121378304,-209455.34968360022,-1113655658665442531942576157671803026121767/3156522714063414279785756853063872935886848,-0.3528109123700319,defined
client,credit,10002,lloyd,0,1,Phi_A,420684018515/22364028928,18.810743800652983,1705110932041955954865705145894419167790569/113399098776402742949169587926636756467712,15.036371103830792,-428010462265897328193920693953008958355991/113399098776402742949169587926636756467712,-3.7743726968221916,-428010462265897328193920693953008958355991/2133121394307853283059625839847428126146560,-0.2006498380298588,defined
client,credit,10002,lloyd,0,1,Phi_B,2907748782879/136281325568,21.336369974095437,1130794784563446279941250467849371584805541/86378552078086973084780998005257911926784,13.091152344637566,-712209960401287640968370215332209399973211/86378552078086973084780998005257911926784,-8.245217629457873,-712209960401287640968370215332209399973211/1843004744964733920909620683181580984778752,-0.386439569592598,defined
client,credit,10002,lloyd,0,1,Phi,2907748782879/136281325568,21.336369974095437,1705110932041955954865705145894419167790569/113399098776402742949169587926636756467712,15.036371103830792,-5803186499327114311206072065348012721717819341/921140879360719480976104562728070372787224576,-6.299998870264645,-5803186499327114311206072065348012721717819341/19653802600303922532580194965448379621680611328,-0.2952704175037036,defined
client,credit,10002,lloyd,0,1,G,1823311352493763/45415751745536,40.14711377474842,25909411683561399350667617889246065480329081211/921140879360719480976104562728070372787224576,28.127523448468356,-11071736002705215400205917773282972810040036997/921140879360719480976104562728070372787224576,-12.019590326280063,-11071736002705215400205917773282972810040036997/36981147686266614750873535662529038290369118208,-0.2993886532844635,defined
client,credit,10002,lloyd,0,1,population_average,10405982422697/498300092416,20.88296305995803,8489879639422633634513207952990648676623815/631670411244924581457855575958184228028416,13.440363025221327,-4701270224673623174004141985946265358195257/631670411244924581457855575958184228028416,-7.442600034736703,-4701270224673623174004141985946265358195257/13191149864096256808517349938936914034819072,-0.3563957860466407,defined
client,credit,10002,lloyd,0,1,pooled_SSE,10405982422697/16777216,620244.8858438134,8489879639422633634513207952990648676623815/21267647932558653966460912964485513216,399192.2222120986,-4701270224673623174004141985946265358195257/21267647932558653966460912964485513216,-221052.66363171482,-4701270224673623174004141985946265358195257/13191149864096256808517349938936914034819072,-0.3563957860466407,defined
client,credit,10002,lloyd,1,2,Phi_A,1705110932041955954865705145894419167790569/113399098776402742949169587926636756467712,15.036371103830792,403016183406000663194678827318581940199/27685326849707700915324606427401551872,14.557031802218209,-54356644810977238420300669197507540735465/113399098776402742949169587926636756467712,-0.47933930161258326,-54356644810977238420300669197507540735465/1705110932041955954865705145894419167790569,-0.03187865598039561,defined
client,credit,10002,lloyd,1,2,Phi_B,1130794784563446279941250467849371584805541/86378552078086973084780998005257911926784,13.091152344637566,8531354801472579054692100011786227292333/674832438110054477224851546916077436928,12.642182443638328,-38781369974956160940661666340734491386917/86378552078086973084780998005257911926784,-0.44896990099923717,-38781369974956160940661666340734491386917/1130794784563446279941250467849371584805541,-0.03429567460370633,defined
client,credit,10002,lloyd,1,2,Phi,1705110932041955954865705145894419167790569/113399098776402742949169587926636756467712,15.036371103830792,403016183406000663194678827318581940199/27685326849707700915324606427401551872,14.557031802218209,-54356644810977238420300669197507540735465/113399098776402742949169587926636756467712,-0.47933930161258326,-54356644810977238420300669197507540735465/1705110932041955954865705145894419167790569,-0.03187865598039561,defined
client,credit,10002,lloyd,1,2,G,25909411683561399350667617889246065480329081211/921140879360719480976104562728070372787224576,28.127523448468356,24467097781590721428426073772946405381625797/899551640000702618140727112039131223425024,27.19921424585654,-855103555212500607959318345748946369544265083/921140879360719480976104562728070372787224576,-0.9283092026118205,-855103555212500607959318345748946369544265083/25909411683561399350667617889246065480329081211,-0.033003588258047306,defined
client,credit,10002,lloyd,1,2,population_average,8489879639422633634513207952990648676623815/631670411244924581457855575958184228028416,13.440363025221327,32042323338913747775191161272455992920183/2467462543925486646319748343586657140736,12.985941131222852,-287044864660714204064270667241914489056967/631670411244924581457855575958184228028416,-0.45442189399847494,-287044864660714204064270667241914489056967/8489879639422633634513207952990648676623815,-0.03381023958547369,defined
client,credit,10002,lloyd,1,2,pooled_SSE,8489879639422633634513207952990648676623815/21267647932558653966460912964485513216,399192.2222120986,32042323338913747775191161272455992920183/83076749736557242056487941267521536,385695.4375384499,-287044864660714204064270667241914489056967/21267647932558653966460912964485513216,-13496.784673648704,-287044864660714204064270667241914489056967/8489879639422633634513207952990648676623815,-0.03381023958547369,defined
client,credit,10002,lloyd,0,2,Phi_A,420684018515/22364028928,18.810743800652983,403016183406000663194678827318581940199/27685326849707700915324606427401551872,14.557031802218209,-117765407001190079739800137487919067161/27685326849707700915324606427401551872,-4.253711998434775,-117765407001190079739800137487919067161/520781590407190742934478964806501007360,-0.22613204685117844,defined
client,credit,10002,lloyd,0,2,Phi_B,2907748782879/136281325568,21.336369974095437,8531354801472579054692100011786227292333/674832438110054477224851546916077436928,12.642182443638328,-5867119768564404702414311575569874151251/674832438110054477224851546916077436928,-8.694187530457109,-5867119768564404702414311575569874151251/14398474570036983757106411587356101443584,-0.4074820384635603,defined
client,credit,10002,lloyd,0,2,Phi,2907748782879/136281325568,21.336369974095437,403016183406000663194678827318581940199/27685326849707700915324606427401551872,14.557031802218209,-1524591192657881449925335547177579705837891/224887910000175654535181778009782805856256,-6.779338171877228,-1524591192657881449925335547177579705837891/4798291650464824837055711661486420806074368,-0.31773624942331086,defined
client,credit,10002,lloyd,0,2,G,1823311352493763/45415751745536,40.14711377474842,24467097781590721428426073772946405381625797/899551640000702618140727112039131223425024,27.19921424585654,-11647304255779019539223863397492108573812795/899551640000702618140727112039131223425024,-12.947899528891885,-11647304255779019539223863397492108573812795/36114402037369740967649937170438513955438592,-0.3225113417003791,defined
client,credit,10002,lloyd,0,2,population_average,10405982422697/498300092416,20.88296305995803,32042323338913747775191161272455992920183/2467462543925486646319748343586657140736,12.985941131222852,-19485605817712255383079736926516327528329/2467462543925486646319748343586657140736,-7.897021928735178,-19485605817712255383079736926516327528329/51527929156626003158270898198972320448512,-0.37815619871862427,defined
client,credit,10002,lloyd,0,2,pooled_SSE,10405982422697/16777216,620244.8858438134,32042323338913747775191161272455992920183/83076749736557242056487941267521536,385695.4375384499,-19485605817712255383079736926516327528329/83076749736557242056487941267521536,-234549.44830536353,-19485605817712255383079736926516327528329/51527929156626003158270898198972320448512,-0.37815619871862427,defined
client,credit,10003,lloyd,0,1,Phi_A,401280634945/22364028928,17.943128057869412,24642735675598469447537707570486472846015165/1814385580422443887186713406826188103483392,13.581862610405498,-7913017140273162945788013746473400271701315/1814385580422443887186713406826188103483392,-4.361265447463914,-1582603428054632589157602749294680054340263/6511150563174326478665144263391974623543296,-0.24306048719031298,defined
client,credit,10003,lloyd,0,1,Phi_B,8249178487483/408843976704,20.176837516320667,107832739535858994416125830373655049038798533/8292340999496349416138975808504759544971264,13.003895949576654,-19826825813634321908425920457499248156713065/2764113666498783138712991936168253181657088,-7.172941566744014,-59480477440902965725277761372497744470139195/167313216976761960141403591746152793508937728,-0.3555037582545805,defined
client,credit,10003,lloyd,0,1,Phi,8249178487483/408843976704,20.176837516320667,24642735675598469447537707570486472846015165/1814385580422443887186713406826188103483392,13.581862610405498,-291595247241435669506917555405301838205112409811/44214762209314535086853019010947377893786779648,-6.594974905915168,-291595247241435669506917555405301838205112409811/892114072920094771473963951190486694989655965696,-0.3268587012499167,defined
client,credit,10003,lloyd,0,1,G,2596870339598693/68123627618304,38.11996557419008,1175482992883859260193829323337513578259417333841/44214762209314535086853019010947377893786779648,26.585758559982153,-169994073468737107024363043541989421578623844325/14738254069771511695617673003649125964595593216,-11.534207014207928,-509982220406211321073089130625968264735871532975/1685465213290070581266918453963481842995288866816,-0.30257653280824065,defined
client,credit,10003,lloyd,0,1,population_average,1407757289609/71185727488,19.77583624254328,66237737605728731931831768972070760942406849/5053363289959396651662844607665473824227328,13.10765401279134,-33696747290588064335532887559485572370920255/5053363289959396651662844607665473824227328,-6.668182229751943,-33696747290588064335532887559485572370920255/99934484896316796267364656531556333313327104,-0.33718838222410247,defined
client,credit,10003,lloyd,0,1,pooled_SSE,9854301027263/16777216,587362.112239778,66237737605728731931831768972070760942406849/170141183460469231731687303715884105728,389310.4318339156,-33696747290588064335532887559485572370920255/170141183460469231731687303715884105728,-198051.68040586245,-33696747290588064335532887559485572370920255/99934484896316796267364656531556333313327104,-0.33718838222410247,defined
client,credit,10003,lloyd,1,2,Phi_A,24642735675598469447537707570486472846015165/1814385580422443887186713406826188103483392,13.581862610405498,47741237363071057571790061821009034253109/3543721836762585717161549622707398639616,13.472061172466544,-199222145706087970781195918129847308423357/1814385580422443887186713406826188103483392,-0.10980143793895399,-199222145706087970781195918129847308423357/24642735675598469447537707570486472846015165,-0.008084416776152013,defined
client,credit,10003,lloyd,1,2,Phi_B,107832739535858994416125830373655049038798533/8292340999496349416138975808504759544971264,13.003895949576654,205458282131979017579129991980688044315917/16195978514641307453396437125985858486272,12.685759118922201,-2638099084285737415611274479542770349049029/8292340999496349416138975808504759544971264,-0.31813683065445175,-2638099084285737415611274479542770349049029/107832739535858994416125830373655049038798533,-0.024464732099368176,defined
client,credit,10003,lloyd,1,2,Phi,24642735675598469447537707570486472846015165/1814385580422443887186713406826188103483392,13.581862610405498,47741237363071057571790061821009034253109/3543721836762585717161549622707398639616,13.472061172466544,-199222145706087970781195918129847308423357/1814385580422443887186713406826188103483392,-0.10980143793895399,-199222145706087970781195918129847308423357/24642735675598469447537707570486472846015165,-0.008084416776152013,defined
client,credit,10003,lloyd,1,2,G,1175482992883859260193829323337513578259417333841/44214762209314535086853019010947377893786779648,26.585758559982153,2258909773628390723698873133757197808006482665/86356957440067451341509802755756597448802304,26.157820291388745,-18921188786123209660006278853828300560098209361/44214762209314535086853019010947377893786779648,-0.4279382685934057,-18921188786123209660006278853828300560098209361/1175482992883859260193829323337513578259417333841,-0.01609652279162551,defined
client,credit,10003,lloyd,1,2,population_average,66237737605728731931831768972070760942406849/5053363289959396651662844607665473824227328,13.10765401279134,126599759747525037575460026900848539284513/9869850175701946585278993374346628562944,12.826918088300284,-1418660614995912693196235198836308828736193/5053363289959396651662844607665473824227328,-0.28073592449105544,-1418660614995912693196235198836308828736193/66237737605728731931831768972070760942406849,-0.021417709394609765,defined
client,credit,10003,lloyd,1,2,pooled_SSE,66237737605728731931831768972070760942406849/170141183460469231731687303715884105728,389310.4318339156,126599759747525037575460026900848539284513/332306998946228968225951765070086144,380972.29414060677,-1418660614995912693196235198836308828736193/170141183460469231731687303715884105728,-8338.137693308838,-1418660614995912693196235198836308828736193/66237737605728731931831768972070760942406849,-0.021417709394609765,defined
client,credit,10003,lloyd,0,2,Phi_A,401280634945/22364028928,17.943128057869412,47741237363071057571790061821009034253109/3543721836762585717161549622707398639616,13.472061172466544,-15844217355428224446424237626178217929931/3543721836762585717161549622707398639616,-4.471066885402868,-15844217355428224446424237626178217929931/63585454718499282018214299447187252183040,-0.24917990168620396,defined
client,credit,10003,lloyd,0,2,Phi_B,8249178487483/408843976704,20.176837516320667,205458282131979017579129991980688044315917/16195978514641307453396437125985858486272,12.685759118922201,-121325344775759185822048898148516630506227/16195978514641307453396437125985858486272,-7.491078397398465,-121325344775759185822048898148516630506227/326783626907738203401178890129204674822144,-0.37127118614793186,defined
client,credit,10003,lloyd,0,2,Phi,8249178487483/408843976704,20.176837516320667,47741237363071057571790061821009034253109/3543721836762585717161549622707398639616,13.472061172466544,-579004085371381498568133825652750170437658587/86356957440067451341509802755756597448802304,-6.704776343854123,-579004085371381498568133825652750170437658587/1742410298672060100535085842168919326151671808,-0.33230065605825265,defined
client,credit,10003,lloyd,0,2,G,2596870339598693/68123627618304,38.11996557419008,2258909773628390723698873133757197808006482665/86356957440067451341509802755756597448802304,26.157820291388745,-1033014471078778380338076971640227666593690903/86356957440067451341509802755756597448802304,-11.962145282801334,-1033014471078778380338076971640227666593690903/3291924244707169104036950105397425474600173568,-0.3138026255433073,defined
client,credit,10003,lloyd,0,2,population_average,1407757289609/71185727488,19.77583624254328,126599759747525037575460026900848539284513/9869850175701946585278993374346628562944,12.826918088300284,-68584781065593705134236567887347424218079/9869850175701946585278993374346628562944,-6.948918154242999,-68584781065593705134236567887347424218079/195184540813118742709696594788195963502592,-0.3513842888369978,defined
client,credit,10003,lloyd,0,2,pooled_SSE,9854301027263/16777216,587362.112239778,126599759747525037575460026900848539284513/332306998946228968225951765070086144,380972.29414060677,-68584781065593705134236567887347424218079/332306998946228968225951765070086144,-206389.8180991713,-68584781065593705134236567887347424218079/195184540813118742709696594788195963502592,-0.3513842888369978,defined
client,credit,10004,lloyd,0,1,Phi_A,1344201391539/89456115712,15.026377803688646,11864338498209284247228639217162993866873/885930459190646429290387405676849659904,13.391952353741296,-1447987289384735694036841860862794459015/885930459190646429290387405676849659904,-1.6344254499473512,-482662429794911898012280620287598153005/4437441929198006647088493692675262775296,-0.10877042167448601,defined
client,credit,10004,lloyd,0,1,Phi_B,1279395013915/68140662784,18.77579350777041,52851197030381334511815227240736199036235/4048994628660326863349109281496464621568,13.052918533475056,-23171890031416493174295087724981892657845/4048994628660326863349109281496464621568,-5.722874974295354,-4634378006283298634859017544996378531569/15204617412359565537222062993143618338816,-0.3048006984060049,defined
client,credit,10004,lloyd,0,1,Phi,1279395013915/68140662784,18.77579350777041,11864338498209284247228639217162993866873/885930459190646429290387405676849659904,13.391952353741296,-38744345116881323133875163438054622457002141/7196413120005620945125816896313049787400192,-5.383841154029114,-38744345116881323133875163438054622457002141/135118366737835339074113399799069621637611520,-0.28674373478814613,defined
client,credit,10004,lloyd,0,1,G,24562416331860857/726652027928576,33.802171311459055,570924647428855323437713500730650410803033157/21589239360016862835377450688939149362200576,26.444870887216354,-158838519902529365733325207056968889823366075/21589239360016862835377450688939149362200576,-7.3573004242427045,-158838519902529365733325207056968889823366075/729763167331384689171038707787619300626399232,-0.217657627862165,defined
client,credit,10004,lloyd,0,1,population_average,9020571475029/498300092416,18.102688745837682,16178883882147654689760966614474798225777/1233731271962743323159874171793328570368,13.113782757900482,-6154969330200307217082982396461171779215/1233731271962743323159874171793328570368,-4.988905987937199,-6154969330200307217082982396461171779215/22333853212347961906843949010935970004992,-0.2755892264393205,defined
client,credit,10004,lloyd,0,1,pooled_SSE,9020571475029/16777216,537667.958440125,16178883882147654689760966614474798225777/41538374868278621028243970633760768,389492.46169240226,-6154969330200307217082982396461171779215/41538374868278621028243970633760768,-148175.49674772276,-6154969330200307217082982396461171779215/22333853212347961906843949010935970004992,-0.2755892264393205,defined
client,credit,10004,lloyd,1,2,Phi_A,11864338498209284247228639217162993866873/885930459190646429290387405676849659904,13.391952353741296,761578004176079120214134829105941393442149/56699549388201371474584793963318378233856,13.431817578687074,2260340290684928391501919207509785962277/56699549388201371474584793963318378233856,0.03986522494577855,2260340290684928391501919207509785962277/759317663885394191822632909898431607479872,0.002976804568352683,defined
client,credit,10004,lloyd,1,2,Phi_B,52851197030381334511815227240736199036235/4048994628660326863349109281496464621568,13.052918533475056,13130261204965324635035202277078178125804283/1036542624937043677017371976063094943121408,12.667362527192566,-133215078270765666663165298850096275823959/345514208312347892339123992021031647707136,-0.3855560062824915,-399645234812296999989495896550288827471877/13529906439777621635024698173628466953276160,-0.029537915623521902,defined
client,credit,10004,lloyd,1,2,Phi,11864338498209284247228639217162993866873/885930459190646429290387405676849659904,13.391952353741296,761578004176079120214134829105941393442149/56699549388201371474584793963318378233856,13.431817578687074,2260340290684928391501919207509785962277/56699549388201371474584793963318378233856,0.03986522494577855,2260340290684928391501919207509785962277/759317663885394191822632909898431607479872,0.002976804568352683,defined
client,credit,10004,lloyd,1,2,G,570924647428855323437713500730650410803033157/21589239360016862835377450688939149362200576,26.444870887216354,9015383142496412454750044071456974314622209555/345427829760269805366039211023026389795209216,26.09918010587964,-39803738788424240084457313411144086075440319/115142609920089935122013070341008796598403072,-0.3456907813367129,-119411216365272720253371940233432258226320957/9134794358861685175003416011690406572848530512,-0.013072129669720657,defined
client,credit,10004,lloyd,1,2,population_average,16178883882147654689760966614474798225777/1233731271962743323159874171793328570368,13.113782757900482,16176573221669641115891741593501943699572879/1263340822489849162915711151916368456056832,12.804599466506687,-390603873649557286423488219720249683622769/1263340822489849162915711151916368456056832,-0.3091832913937963,-390603873649557286423488219720249683622769/16567177095319198402315229813222193383195648,-0.023576972190387003,defined
client,credit,10004,lloyd,1,2,pooled_SSE,16178883882147654689760966614474798225777/41538374868278621028243970633760768,389492.46169240226,16176573221669641115891741593501943699572879/42535295865117307932921825928971026432,380309.4087547151,-390603873649557286423488219720249683622769/42535295865117307932921825928971026432,-9183.052937687144,-390603873649557286423488219720249683622769/16567177095319198402315229813222193383195648,-0.023576972190387003,defined
client,credit,10004,lloyd,0,2,Phi_A,1344201391539/89456115712,15.026377803688646,761578004176079120214134829105941393442149/56699549388201371474584793963318378233856,13.431817578687074,-90410846229938156026855959887709059414683/56699549388201371474584793963318378233856,-1.5945602250015727,-90410846229938156026855959887709059414683/851988850406017276240990788993650452856832,-0.1061174053942756,defined
client,credit,10004,lloyd,0,2,Phi_B,1279395013915/68140662784,18.77579350777041,13130261204965324635035202277078178125804283/1036542624937043677017371976063094943121408,12.667362527192566,-6331649082854919252609038354145653347880197/1036542624937043677017371976063094943121408,-6.108430980577845,-6331649082854919252609038354145653347880197/19461910287820243887644240631223831473684480,-0.3253354367180197,defined
client,credit,10004,lloyd,0,2,Phi,1279395013915/68140662784,18.77579350777041,761578004176079120214134829105941393442149/56699549388201371474584793963318378233856,13.431817578687074,-2461277343299171007243840370312893845876560953/460570439680359740488052281364035186393612288,-5.343975929083336,-2461277343299171007243840370312893845876560953/8647575471221461700743257587140455784807137280,-0.28462051027945734,defined
client,credit,10004,lloyd,0,2,G,24562416331860857/726652027928576,33.802171311459055,9015383142496412454750044071456974314622209555/345427829760269805366039211023026389795209216,26.09918010587964,-2660827534805742571986575253144934495400178157/345427829760269805366039211023026389795209216,-7.702991205579417,-2660827534805742571986575253144934495400178157/11676210677302155026736619324601908810022387712,-0.2278845087968676,defined
client,credit,10004,lloyd,0,2,population_average,9020571475029/498300092416,18.102688745837682,16176573221669641115891741593501943699572879/1263340822489849162915711151916368456056832,12.804599466506687,-6693292467774671876716462193696489585538929/1263340822489849162915711151916368456056832,-5.298089279330996,-6693292467774671876716462193696489585538929/22869865689444312992608203787198433285111808,-0.2926686391019773,defined
client,credit,10004,lloyd,0,2,pooled_SSE,9020571475029/16777216,537667.958440125,16176573221669641115891741593501943699572879/42535295865117307932921825928971026432,380309.4087547151,-6693292467774671876716462193696489585538929/42535295865117307932921825928971026432,-157358.5496854099,-6693292467774671876716462193696489585538929/22869865689444312992608203787198433285111808,-0.2926686391019773,defined
