population,dataset,seed,T_from,T_to,metric,before_exact,before,after_exact,after,change_exact,change,relative_decrease_exact,relative_decrease,relative_status
record,adult,10000,0,1,Phi_A,4985542345207/40995127296,121.61304706311894,1323224670745919742044988971431569329785041595/13303679417141010167564093652152409995083776,99.46306050046745,-98225440107832237006491778112386518678187799/4434559805713670055854697884050803331694592,-22.1499865626515,294676320323496711019475334337159556034563397/1617900991069416453064464305768728885819604992,0.18213495260220997,defined
record,adult,10000,0,1,Phi_B,662141124699/6325010432,104.68617116408892,74041298191957338120133172097770879492502851/769718713975162804354153362010659694313472,96.19266992948089,-6537606847448957111521870559662370732952253/769718713975162804354153362010659694313472,-8.493501234608038,6537606847448957111521870559662370732952253/80578905039406295231655042657433250225455104,0.08113298194176015,defined
record,adult,10000,0,1,Phi,4985542345207/40995127296,121.61304706311894,1323224670745919742044988971431569329785041595/13303679417141010167564093652152409995083776,99.46306050046745,-98225440107832237006491778112386518678187799/4434559805713670055854697884050803331694592,-22.1499865626515,294676320323496711019475334337159556034563397/1617900991069416453064464305768728885819604992,0.18213495260220997,defined
record,adult,10000,0,1,G,6994982604690091/30910325981184,226.29921822720786,981308799890005757941748591618776688102109258431/5015487140262160833171663306861458568146583552,195.65573042994833,-51230672993311888197672903203956386773649093739/1671829046754053611057221102287152856048861184,-30.64348779725954,153692018979935664593018709611869160320947281217/1135000818869941422534767301230645848423056539648,0.13541137277148263,defined
record,adult,10000,0,1,pooled_SSE,27848895057287/8388608,3319846.994553447,3988711405656383914369783166951320991515144231/1361129467683753853853498429727072845824,2930442.3277559406,-530030166831659167034262674485004902420844505/1361129467683753853853498429727072845824,-389404.6667975062,530030166831659167034262674485004902420844505/4518741572488043081404045841436325893935988736,0.1172959679877913,defined
record,adult,10000,0,1,population_average,27848895057287/252765536256,110.17678861520798,3988711405656383914369783166951320991515144231/41013553120246871124313614684536158990368768,97.2534955448009,-176676722277219722344754224828334967473614835/13671184373415623708104538228178719663456256,-12.923293070407082,530030166831659167034262674485004902420844505/4518741572488043081404045841436325893935988736,0.1172959679877913,defined
record,adult,10000,0,1,absolute_group_gap,523215251882065/30910325981184,16.926875899030023,16402601852417727560173092840626586555812104199/5015487140262160833171663306861458568146583552,3.270390570986562,-22831308847993618505221897492783048309704506707/1671829046754053611057221102287152856048861184,-13.65648532804346,68493926543980855515665692478349144929113520121/84896528396398583075838785318975731484925624320,0.8067930201358676,defined
record,adult,10000,0,1,max_min_group_ratio,3759098928286078/3235883676404013,1.1616916132360808,498855700871211742750960842229701637328960681315/482453099018794015190787749389075050773148577116,1.0339983345236607,-122375634217070845324848438288157116456483512266009591535957/958356112796466847671114874332819312786759385083059321364252,-0.1276932787124202,324603804289312587068563496785562643120645921129998916541/2953088219440814370857134364187814131536029165989389481256,0.10992011757467182,defined
record,adult,10000,1,2,Phi_A,1323224670745919742044988971431569329785041595/13303679417141010167564093652152409995083776,99.46306050046745,107784095507486981331309453318789880891284107/1108639951428417513963674471012700832923648,97.22191173844448,-29815524656075966069275531606090759089632311/13303679417141010167564093652152409995083776,-2.241148762022964,29815524656075966069275531606090759089632311/1323224670745919742044988971431569329785041595,0.02253247336997469,defined
record,adult,10000,1,2,Phi_B,74041298191957338120133172097770879492502851/769718713975162804354153362010659694313472,96.19266992948089,224742072307285233151415180732730376488680441/2309156141925488413062460086031979082940416,97.32649439629674,163636108213326174438479027463608625698243/144322258870343025816403755376998692683776,1.1338244668158528,-2618177731413218791015664439417738011171888/222123894575872014360399516293312638477508553,-0.011787015243958431,defined
record,adult,10000,1,2,Phi,1323224670745919742044988971431569329785041595/13303679417141010167564093652152409995083776,99.46306050046745,224742072307285233151415180732730376488680441/2309156141925488413062460086031979082940416,97.32649439629674,-10715919819788216346087069678211259595546763463/5015487140262160833171663306861458568146583552,-2.136566104170709,10715919819788216346087069678211259595546763463/498855700871211742750960842229701637328960681315,0.021481001021084287,defined
record,adult,10000,1,2,G,981308799890005757941748591618776688102109258431/5015487140262160833171663306861458568146583552,195.65573042994833,423504786947610516470363602155249912710756605/2176860737961007306064089976936396947980288,194.5484061347412,-5553770762711127994030852253080889216526040511/5015487140262160833171663306861458568146583552,-1.1073242952071114,5553770762711127994030852253080889216526040511/981308799890005757941748591618776688102109258431,0.005659554630849786,defined
record,adult,10000,1,2,pooled_SSE,3988711405656383914369783166951320991515144231/1361129467683753853853498429727072845824,2930442.3277559406,249394625861079160862043475538640193034973411/85070591730234615865843651857942052864,2931619.7382513653,1602608120882659422912441666922097044430345/1361129467683753853853498429727072845824,1177.4104954246798,-1602608120882659422912441666922097044430345/3988711405656383914369783166951320991515144231,-0.0004017859298143265,defined
record,adult,10000,1,2,population_average,3988711405656383914369783166951320991515144231/41013553120246871124313614684536158990368768,97.2534955448009,83131541953693053620681158512880064344991137/854449023338476481756533639261169978966016,97.29257063093605,1602608120882659422912441666922097044430345/41013553120246871124313614684536158990368768,0.03907508613516129,-1602608120882659422912441666922097044430345/3988711405656383914369783166951320991515144231,-0.0004017859298143265,defined
record,adult,10000,1,2,absolute_group_gap,16402601852417727560173092840626586555812104199/5015487140262160833171663306861458568146583552,3.270390570986562,21855540648017619251241905720206524218525741/208978630844256701382152637785894107006107648,0.10458265785225508,-15878068876865304698143287103341629974567486415/5015487140262160833171663306861458568146583552,-3.165807913134307,15878068876865304698143287103341629974567486415/16402601852417727560173092840626586555812104199,0.9680213553756957,defined
record,adult,10000,1,2,max_min_group_ratio,498855700871211742750960842229701637328960681315/482453099018794015190787749389075050773148577116,1.0339983345236607,40678315087618627200406147712624198144451159821/40634604006322591961903663901183785096014108339,1.0010757107732422,-645424684313633116659311392335918536553578034388541968110017512609101054052567016687603729549/19604290630251837450699384122434023481199668534150662117670224556528219988696277255359320170324,-0.03292262375041835,645424684313633116659311392335918536553578034388541968110017512609101054052567016687603729549/20270803861198205211313306393333478662054378609715172588911015655873493078778994713049662985785,0.0318401129394324,defined
record,adult,10000,0,2,Phi_A,4985542345207/40995127296,121.61304706311894,107784095507486981331309453318789880891284107/1108639951428417513963674471012700832923648,97.22191173844448,-81122961244893169272187716485812578781048927/3325919854285252541891023413038102498770944,-24.391135324674465,81122961244893169272187716485812578781048927/404475247767354113266116076442182221454901248,0.20056347500293376,defined
record,adult,10000,0,2,Phi_B,662141124699/6325010432,104.68617116408892,224742072307285233151415180732730376488680441/2309156141925488413062460086031979082940416,97.32649439629674,-16994642810933652543549947239569374187684871/2309156141925488413062460086031979082940416,-7.359676767792186,16994642810933652543549947239569374187684871/241736715118218885694965127972299750676365312,0.07030228239273706,defined
record,adult,10000,0,2,Phi,4985542345207/40995127296,121.61304706311894,224742072307285233151415180732730376488680441/2309156141925488413062460086031979082940416,97.32649439629674,-30452223145436619100107317680830103055144291033/1253871785065540208292915826715364642036645888,-24.28655266682221,30452223145436619100107317680830103055144291033/152487168408292500701325760818702697488497770496,0.19970351252047105,defined
record,adult,10000,0,2,G,6994982604690091/30910325981184,226.29921822720786,423504786947610516470363602155249912710756605/2176860737961007306064089976936396947980288,194.5484061347412,-622053866182214033543162351034961131005755163/19591746641649065754576809792427572531822592,-31.75081209246665,622053866182214033543162351034961131005755163/4433596948710708681776434770432210345402564608,0.14030455934049382,defined
record,adult,10000,0,2,pooled_SSE,27848895057287/8388608,3319846.994553447,249394625861079160862043475538640193034973411/85070591730234615865843651857942052864,2931619.7382513653,-33026722419423531725709389551130175336025885/85070591730234615865843651857942052864,-388227.2563020815,33026722419423531725709389551130175336025885/282421348280502692587752865089770368370999296,0.11694130992753841,defined
record,adult,10000,0,2,population_average,27848895057287/252765536256,110.17678861520798,83131541953693053620681158512880064344991137/854449023338476481756533639261169978966016,97.29257063093605,-33026722419423531725709389551130175336025885/2563347070015429445269600917783509936898048,-12.88421798427192,33026722419423531725709389551130175336025885/282421348280502692587752865089770368370999296,0.11694130992753841,defined
record,adult,10000,0,2,absolute_group_gap,523215251882065/30910325981184,16.926875899030023,21855540648017619251241905720206524218525741/208978630844256701382152637785894107006107648,0.10458265785225508,-10546499427605770026726122447711346862960125817/626935892532770104146457913357682321018322944,-16.822293241177768,10546499427605770026726122447711346862960125817/10612066049549822884479848164871966435615703040,0.9938215026519898,defined
record,adult,10000,0,2,max_min_group_ratio,3759098928286078/3235883676404013,1.1616916132360808,40678315087618627200406147712624198144451159821/40634604006322591961903663901183785096014108339,1.0010757107732422,-21119200595852233326276335889046669992892428393733156248642769/131488851801200384387939289248735672231793110407861522116364407,-0.16061590246283855,21119200595852233326276335889046669992892428393733156248642769/152749496371496426911094234273489740846931866602708284677404442,0.138260361556211,defined
record,adult,10001,0,1,Phi_A,780195769757/6559891456,118.93424990186301,947545922159917081928947107726305844634079/9783118048976980824572019963663336079360,96.85520683858066,-3672032039841139962845894472974752253493297/166313006832608674017724339382276713349120,-22.07904306328236,3672032039841139962845894472974752253493297/19780312716559730355637995304321951612272640,0.1856407475685144,defined
record,adult,10001,0,1,Phi_B,35687437245291/341533786112,104.4916746057678,82891102724766531810656945197176765973491487/865891017926193037590489610436063185076224,95.72925577088273,-7587299764434279725430893746987008550277345/865891017926193037590489610436063185076224,-8.76241883488507,7587299764434279725430893746987008550277345/90478402489200811536087838944163774523768832,0.08385757877787324,defined
record,adult,10001,0,1,Phi,780195769757/6559891456,118.93424990186301,947545922159917081928947107726305844634079/9783118048976980824572019963663336079360,96.85520683858066,-3672032039841139962845894472974752253493297/166313006832608674017724339382276713349120,-22.07904306328236,3672032039841139962845894472974752253493297/19780312716559730355637995304321951612272640,0.1856407475685144,defined
record,adult,10001,0,1,G,14918116623926015/66769855184896,223.4259245076308,38354145964105734353278673667335064253118988213/199154934123024398645812610400294532567531520,192.58446260946337,-104417898313984119950088668337066235055947465979/3385633880091414776978814376805007053648035840,-30.841461898167427,104417898313984119950088668337066235055947465979/756438379703781603955826120681762327358970265600,0.13803886888297998,defined
record,adult,10001,0,1,pooled_SSE,862380179519/262144,3289719.312740326,246323608833126015585274394551089528740879689/85070591730234615865843651857942052864,2895520.1065749857,-33534759728074259265091259858847778368021175/85070591730234615865843651857942052864,-394199.20616534044,33534759728074259265091259858847778368021175/279858368561200274850365654409937307108900864,0.11982761101796667,defined
record,adult,10001,0,1,population_average,862380179519/7898923008,109.176931924211,246323608833126015585274394551089528740879689/2563347070015429445269600917783509936898048,96.09452099346161,-33534759728074259265091259858847778368021175/2563347070015429445269600917783509936898048,-13.082410930749383,33534759728074259265091259858847778368021175/279858368561200274850365654409937307108900864,0.11982761101796667,defined
record,adult,10001,0,1,absolute_group_gap,482164330508617/33384927592448,14.442575296095216,224238710713129720376478876633751905312904193/199154934123024398645812610400294532567531520,1.1259510676979274,-45085214156108052497219079235627828192778628079/3385633880091414776978814376805007053648035840,-13.316624228397288,45085214156108052497219079235627828192778628079/48897272238231257743619220138401610583097999360,0.9220394531713229,defined
record,adult,10001,0,1,max_min_group_ratio,15882445284943249/13953787962908781,1.1382174737899933,19289192337409432036827576271984408079215946203/19064953626696302316451097395350656173903042010,1.0117618282794631,-1462642738435145875967809234677774823612595201993795487851389/11566448714330824900653509987494795027402322209682350610473470,-0.12645564551053015,71849621183629507096714114784976903453976283440280762777/646712876963557843941267223339694910718840361568515586590,0.1110997225244337,defined
record,adult,10001,1,2,Phi_A,947545922159917081928947107726305844634079/9783118048976980824572019963663336079360,96.85520683858066,249597747816920814964283708766660629887426121/2661008109321738784283589430116427413585920,93.79819134806789,-8134743010576631320389904534894559853043367/2661008109321738784283589430116427413585920,-3.0570154905127613,8134743010576631320389904534894559853043367/257732490827497446284673613301555189740469488,0.03156273772258417,defined
record,adult,10001,1,2,Phi_B,82891102724766531810656945197176765973491487/865891017926193037590489610436063185076224,95.72925577088273,2603268360525043299396816379587225302182673291/27708512573638177202895667533954021922439168,93.95193457630012,-49246926667485718544205866722431208969054293/27708512573638177202895667533954021922439168,-1.7773211945826044,49246926667485718544205866722431208969054293/2652515287192529017941022246309656511151727584,0.018566123597956553,defined
record,adult,10001,1,2,Phi,947545922159917081928947107726305844634079/9783118048976980824572019963663336079360,96.85520683858066,2603268360525043299396816379587225302182673291/27708512573638177202895667533954021922439168,93.95193457630012,-9251215938170933158607336699219619516447710783/3186478945968390378333001766404712521080504320,-2.903272262280532,9251215938170933158607336699219619516447710783/308627077398550912589241220351750529267455139248,0.02997538652846139,defined
record,adult,10001,1,2,G,38354145964105734353278673667335064253118988213/199154934123024398645812610400294532567531520,192.58446260946337,5085225498567758340274349740727967954192729914551/27085071040731318215830515014440056429184286720,187.750125924368,-130938352550621531771549878029600784231452482417/27085071040731318215830515014440056429184286720,-4.834336685095366,130938352550621531771549878029600784231452482417/5216163851118379872045899618757568738424182396968,0.025102423215203926,defined
record,adult,10001,1,2,pooled_SSE,246323608833126015585274394551089528740879689/85070591730234615865843651857942052864,2895520.1065749857,481407137451205921777279365427566056452475487/170141183460469231731687303715884105728,2829456.8525971053,-11240080215046109393269423674613001029283891/170141183460469231731687303715884105728,-66063.25397788032,11240080215046109393269423674613001029283891/492647217666252031170548789102179057481759378,0.02281567785623991,defined
record,adult,10001,1,2,population_average,246323608833126015585274394551089528740879689/2563347070015429445269600917783509936898048,96.09452099346161,160469045817068640592426455142522018817491829/1708898046676952963513067278522339957932032,93.90205935872511,-11240080215046109393269423674613001029283891/5126694140030858890539201835567019873796096,-2.1924616347365036,11240080215046109393269423674613001029283891/492647217666252031170548789102179057481759378,0.02281567785623991,defined
record,adult,10001,1,2,absolute_group_gap,224238710713129720376478876633751905312904193/199154934123024398645812610400294532567531520,1.1259510676979274,2082073129350655023213140682528755787198184677/13542535520365659107915257507220028214592143360,0.1537432282322297,-13166159199142165962387422928566373774079300447/13542535520365659107915257507220028214592143360,-0.9722078394656978,13166159199142165962387422928566373774079300447/15248232328492820985600563611095129561277485124,0.8634547871191537,defined
record,adult,10001,1,2,max_min_group_ratio,19289192337409432036827576271984408079215946203/19064953626696302316451097395350656173903042010,1.0117618282794631,5089389644826459650320776022093025465767126283905/5081061352309057030227923459362910442618333545197,1.0016390852107342,-980592136062251571749552317718894234920378309575715763453187360097632921923746246929419187941/96870199056170975090727582862598666599944352519035666005965362970550998367963352138586124725970,-0.010122743068728983,57681890356603033632326606924640837348257547622100927261952197652801936583749779231142305173/5765268806051004083640600875797641162388073732316069394265517600644196587347536291402107119823,0.010005065209806409,defined
record,adult,10001,0,2,Phi_A,780195769757/6559891456,118.93424990186301,249597747816920814964283708766660629887426121/2661008109321738784283589430116427413585920,93.79819134806789,-66887255648034870725924216102490595908936119/2661008109321738784283589430116427413585920,-25.13605855379512,66887255648034870725924216102490595908936119/316485003464955685690207924869151225796362240,0.2113441550649691,defined
record,adult,10001,0,2,Phi_B,35687437245291/341533786112,104.4916746057678,2603268360525043299396816379587225302182673291/27708512573638177202895667533954021922439168,93.95193457630012,-292040519129382669757994466626015482577929333/27708512573638177202895667533954021922439168,-10.539740029467675,292040519129382669757994466626015482577929333/2895308879654425969154810846213240784760602624,0.10086679220361443,defined
record,adult,10001,0,2,Phi,780195769757/6559891456,118.93424990186301,2603268360525043299396816379587225302182673291/27708512573638177202895667533954021922439168,93.95193457630012,-270659114141928648654957340893657207553883967155/10834028416292527286332206005776022571673714688,-24.98231532556289,270659114141928648654957340893657207553883967155/1288537043107220578719112545312262300707309223936,0.21005148093317702,defined
record,adult,10001,0,2,G,14918116623926015/66769855184896,223.4259245076308,5085225498567758340274349740727967954192729914551/27085071040731318215830515014440056429184286720,187.750125924368,-966281539062494491372259224726130664679032210249/27085071040731318215830515014440056429184286720,-35.6757985832628,966281539062494491372259224726130664679032210249/6051507037630252831646608965454098618871762124800,0.1596761819913353,defined
record,adult,10001,0,2,pooled_SSE,862380179519/262144,3289719.312740326,481407137451205921777279365427566056452475487/170141183460469231731687303715884105728,2829456.8525971053,-78309599671194627923451943392308557765326241/170141183460469231731687303715884105728,-460262.4601432207,78309599671194627923451943392308557765326241/559716737122400549700731308819874614217801728,0.13990934070293784,defined
record,adult,10001,0,2,population_average,862380179519/7898923008,109.176931924211,160469045817068640592426455142522018817491829/1708898046676952963513067278522339957932032,93.90205935872511,-78309599671194627923451943392308557765326241/5126694140030858890539201835567019873796096,-15.274872565485888,78309599671194627923451943392308557765326241/559716737122400549700731308819874614217801728,0.13990934070293784,defined
record,adult,10001,0,2,absolute_group_gap,482164330508617/33384927592448,14.442575296095216,2082073129350655023213140682528755787198184677/13542535520365659107915257507220028214592143360,0.1537432282322297,-193507015823574375951263739871077686545193812763/13542535520365659107915257507220028214592143360,-14.288832067862986,193507015823574375951263739871077686545193812763/195589088952925030974476880553606442332391997440,0.9893548605369711,defined
record,adult,10001,0,2,max_min_group_ratio,15882445284943249/13953787962908781,1.1382174737899933,5089389644826459650320776022093025465767126283905/5081061352309057030227923459362910442618333545197,1.0016390852107342,-9683414952956302521194885403918811236484018527449695856098055248/70900052736651132908778645640503138432815079498423813296051674857,-0.1365783885792591,9683414952956302521194885403918811236484018527449695856098055248/80699678917488351379734694126976881178998510138942393999121525053,0.11999322776559175,defined
record,adult,10002,0,1,Phi_A,858082880689/7130316800,120.34288303838056,2589581372187126731401318224019091124425576379/26610081093217387842835894301164274135859200,97.3158015984845,-612752504455755461362457962339495197729108037/26610081093217387842835894301164274135859200,-23.027081439896072,612752504455755461362457962339495197729108037/3202333876642882192763776186358586322154684416,0.1913456023199321,defined
record,adult,10002,0,1,Phi_B,9687653701665/85383446528,113.46056051377715,10664994540393859956506169302249310637717429445/110834050294552708811582670135816087689756672,96.22489218837133,-1910298930038258474457874779777878741509235515/110834050294552708811582670135816087689756672,-17.235668325405825,382059786007651694891574955955575748301847103/2515058694086423686192808816405437875845332992,0.1519088945741014,defined
record,adult,10002,0,1,Phi,858082880689/7130316800,120.34288303838056,2589581372187126731401318224019091124425576379/26610081093217387842835894301164274135859200,97.3158015984845,-612752504455755461362457962339495197729108037/26610081093217387842835894301164274135859200,-23.027081439896072,612752504455755461362457962339495197729108037/3202333876642882192763776186358586322154684416,0.1913456023199321,defined
record,adult,10002,0,1,G,33937004495016473/145151859097600,233.80344355215772,209682537619576658817121075102200287523550789519481/1083402841629252728633220600577602257167371468800,193.54069378685583,-43620777507535604441736839451018972178595681777543/1083402841629252728633220600577602257167371468800,-40.2627497653019,43620777507535604441736839451018972178595681777543/253303315127112263258857914553219259702146471297024,0.17220768502633255,defined
record,adult,10002,0,1,pooled_SSE,58486521062507/16777216,3486068.3120791316,15844157284768113419308805750287492886568582203/5444517870735015415413993718908291383296,2910112.090903861,-3135803938949769397182790704456869136967451589/5444517870735015415413993718908291383296,-575956.2211752705,3135803938949769397182790704456869136967451589/18979961223717882816491596454744362023536033792,0.16521656193012568,defined
record,adult,10002,0,1,population_average,58486521062507/505531072512,115.69322687107167,15844157284768113419308805750287492886568582203/164054212480987484497254458738144635961475072,96.57878968883118,-1045267979649923132394263568152289712322483863/54684737493662494832418152912714878653825024,-19.114437182240493,3135803938949769397182790704456869136967451589/18979961223717882816491596454744362023536033792,0.16521656193012568,defined
record,adult,10002,0,1,absolute_group_gap,998981909355473/145151859097600,6.882322524603411,1181894354876696667425465243226264556175043869731/1083402841629252728633220600577602257167371468800,1.0909094101131667,-6274433425287651266085387506361442782090127459293/1083402841629252728633220600577602257167371468800,-5.791413114490244,6274433425287651266085387506361442782090127459293/7456327780164347933510852749587707338265171329024,0.8414910945813268,defined
record,adult,10002,0,1,max_min_group_ratio,17467993202185973/16469011292830500,1.060658280669852,105432215987226677742273270172713276039862916694606/104250321632349981074847804929487011483687872824875,1.0113370811367353,-1732573992384863813537960606326223887739199825161846331801293/35128383104744421543392766360057206299460423823908523618814500,-0.049321199533116665,85109495131152125241340109364160921930500556327643873449/1830289847550724184825371600534885919855396702749942097521,0.04650055576992071,defined
record,adult,10002,1,2,Phi_A,2589581372187126731401318224019091124425576379/26610081093217387842835894301164274135859200,97.3158015984845,321447687722458852979290908032304534432212199/3326260136652173480354486787645534266982400,96.63937110041871,-17999870407455907566990959760654848967878787/26610081093217387842835894301164274135859200,-0.6764304980657828,5999956802485302522330319920218282989292929/863193790729042243800439408006363708141858793,0.0069508804012802464,defined
record,adult,10002,1,2,Phi_B,10664994540393859956506169302249310637717429445/110834050294552708811582670135816087689756672,96.22489218837133,167077760758356551350328739069665390768910085/1731782035852386075180979220872126370152448,96.47736106473734,27982148140959329914869998209274371492815995/110834050294552708811582670135816087689756672,0.2524688763660079,-5596429628191865982973999641854874298563199/2132998908078771991301233860449862127543485889,-0.0026237376901578745,defined
record,adult,10002,1,2,Phi,2589581372187126731401318224019091124425576379/26610081093217387842835894301164274135859200,97.3158015984845,321447687722458852979290908032304534432212199/3326260136652173480354486787645534266982400,96.63937110041871,-17999870407455907566990959760654848967878787/26610081093217387842835894301164274135859200,-0.6764304980657828,5999956802485302522330319920218282989292929/863193790729042243800439408006363708141858793,0.0069508804012802464,defined
record,adult,10002,1,2,G,209682537619576658817121075102200287523550789519481/1083402841629252728633220600577602257167371468800,193.54069378685583,13076451024617836027897278712437540186500928058543/67712677601828295539576287536100141072960716800,193.11673216515604,-459321225691282370764615703199644539535940582793/1083402841629252728633220600577602257167371468800,-0.4239616216997749,459321225691282370764615703199644539535940582793/209682537619576658817121075102200287523550789519481,0.002190555450662376,defined
record,adult,10002,1,2,pooled_SSE,15844157284768113419308805750287492886568582203/5444517870735015415413993718908291383296,2910112.090903861,989758730755885058380605864310966097507852539/340282366920938463463374607431768211456,2908639.4917014507,-8017592673952485219111921312035326442941579/5444517870735015415413993718908291383296,-1472.5992024102038,8017592673952485219111921312035326442941579/15844157284768113419308805750287492886568582203,0.0005060283440672639,defined
record,adult,10002,1,2,population_average,15844157284768113419308805750287492886568582203/164054212480987484497254458738144635961475072,96.57878968883118,989758730755885058380605864310966097507852539/10253388280061717781078403671134039747592192,96.52991808381292,-8017592673952485219111921312035326442941579/164054212480987484497254458738144635961475072,-0.04887160501825979,8017592673952485219111921312035326442941579/15844157284768113419308805750287492886568582203,0.0005060283440672639,defined
record,adult,10002,1,2,absolute_group_gap,1181894354876696667425465243226264556175043869731/1083402841629252728633220600577602257167371468800,1.0909094101131667,10970133314353712301571317189706628372159411543/67712677601828295539576287536100141072960716800,0.162010035681376,-1006372221847037270600324168190958502220493285043/1083402841629252728633220600577602257167371468800,-0.9288993744317907,1006372221847037270600324168190958502220493285043/1181894354876696667425465243226264556175043869731,0.8514908440797392,defined
record,adult,10002,1,2,max_min_group_ratio,105432215987226677742273270172713276039862916694606/104250321632349981074847804929487011483687872824875,1.0113370811367353,6543710578966094870099425014813623407436543735043/6532740445651741157797853697623916779064384323500,1.0016792544270843,-134575327431597677623090546414528240245162739193240608181996425900371159215729640881709492981/13934328237337194211439575189152585515970345913885230516019180614237358310046989586795061091500,-0.009657826709650884,2203588076691026471207128529326984006241305025187742270177276054107041954704027130417211/230752777048841298118152235401762669648955721317316819226437448839717751212073770533803848,0.00954956254426621,defined
record,adult,10002,0,2,Phi_A,858082880689/7130316800,120.34288303838056,321447687722458852979290908032304534432212199/3326260136652173480354486787645534266982400,96.63937110041871,-78844046857901421116181115262518755837123353/3326260136652173480354486787645534266982400,-23.703511937961853,78844046857901421116181115262518755837123353/400291734580360274095472023294823290269335552,0.19696646232417558,defined
record,adult,10002,0,2,Phi_B,9687653701665/85383446528,113.46056051377715,167077760758356551350328739069665390768910085/1731782035852386075180979220872126370152448,96.47736106473734,-29411199717145299133484449712009443281506555/1731782035852386075180979220872126370152448,-16.98319944903982,5882239943429059826696889942401888656301311/39297792095100370096762637756334966810083328,0.14968372597610782,defined
record,adult,10002,0,2,Phi,858082880689/7130316800,120.34288303838056,321447687722458852979290908032304534432212199/3326260136652173480354486787645534266982400,96.63937110041871,-78844046857901421116181115262518755837123353/3326260136652173480354486787645534266982400,-23.703511937961853,78844046857901421116181115262518755837123353/400291734580360274095472023294823290269335552,0.19696646232417558,defined
record,adult,10002,0,2,G,33937004495016473/145151859097600,233.80344355215772,13076451024617836027897278712437540186500928058543/67712677601828295539576287536100141072960716800,193.11673216515604,-2755006170826680425781340947138663544883226397521/67712677601828295539576287536100141072960716800,-40.68671138700167,2755006170826680425781340947138663544883226397521/15831457195444516453678619659576203731384154456064,0.17402100999391454,defined
record,adult,10002,0,2,pooled_SSE,58486521062507/16777216,3486068.3120791316,989758730755885058380605864310966097507852539/340282366920938463463374607431768211456,2908639.4917014507,-196488845726482617650118914110556528963149573/340282366920938463463374607431768211456,-577428.8203776807,196488845726482617650118914110556528963149573/1186247576482367676030724778421522626471002112,0.16563898601094695,defined
record,adult,10002,0,2,population_average,58486521062507/505531072512,115.69322687107167,989758730755885058380605864310966097507852539/10253388280061717781078403671134039747592192,96.52991808381292,-196488845726482617650118914110556528963149573/10253388280061717781078403671134039747592192,-19.163308787258753,196488845726482617650118914110556528963149573/1186247576482367676030724778421522626471002112,0.16563898601094695,defined
record,adult,10002,0,2,absolute_group_gap,998981909355473/145151859097600,6.882322524603411,10970133314353712301571317189706628372159411543/67712677601828295539576287536100141072960716800,0.162010035681376,-455050352945918033542856979659525080269413796521/67712677601828295539576287536100141072960716800,-6.720312488922035,455050352945918033542856979659525080269413796521/466020486260271745844428296849231708641573208064,0.9764599762504284,defined
record,adult,10002,0,2,max_min_group_ratio,17467993202185973/16469011292830500,1.060658280669852,6543710578966094870099425014813623407436543735043/6532740445651741157797853697623916779064384323500,1.0016792544270843,-8114350734377177245695221761296519754102230399763730070697/137580276435510330393027848377344445651606492971562982279625,-0.058979026242767546,1594409929631512943104626764512751339411942899201990484/28673313250119630162413127449608700073262246887524769713,0.05560605834851892,defined
record,adult,10003,0,1,Phi_A,9402226117903/81990254592,114.67492282699168,1284735134457420585222091160482233981477970003/13303679417141010167564093652152409995083776,96.56991078739576,-240863276018262375600394972834292738451185581/13303679417141010167564093652152409995083776,-18.105012039595916,240863276018262375600394972834292738451185581/1525598410475682960822486133316526719929155584,0.15788117919129255,defined
record,adult,10003,0,1,Phi_B,11615037456829/113850187776,102.02036275672695,10763962975577971769431544084449721278424717357/110839494812423443826998084129534995981139968,97.11306419967094,-18755948033028367530016203162598213016642735/3822051545255980821620623590673620551073792,-4.90729855705601,543922492957822658370469891715348177482639315/11307885468535794427802013976165069455907356672,0.048101167496901846,defined
record,adult,10003,0,1,Phi,9402226117903/81990254592,114.67492282699168,10763962975577971769431544084449721278424717357/110839494812423443826998084129534995981139968,97.11306419967094,-352325104417717014653199609755922742258292779055/20061948561048643332686653227445834272586334208,-17.56185862732074,352325104417717014653199609755922742258292779055/2300602402997329904920309089041322293653166620672,0.15314471720915,defined
record,adult,10003,0,1,G,13396243831957009/61820651962368,216.69528558371863,3885657881341403132782022949292608395463652606141/20061948561048643332686653227445834272586334208,193.6829749870667,-5306572315642592684717823786604499651824661749/230597109897110842904444289970641773248118784,-23.012310596651925,461671791460905563570450669434591469708745572163/4347329672802308696352473618727199865172398178304,0.10619663706417504,defined
record,adult,10003,0,1,pooled_SSE,53649564606293/16777216,3197763.240712464,15902903513407654110319908726378657204336597369/5444517870735015415413993718908291383296,2920902.0690129073,-1507375597030872160772049783052519131287381639/5444517870735015415413993718908291383296,-276861.17169955675,1507375597030872160772049783052519131287381639/17410279110438526271091958509431176335623979008,0.08657963421890855,defined
record,adult,10003,0,1,population_average,53649564606293/505531072512,106.12515733149024,5300967837802551370106636242126219068112199123/54684737493662494832418152912714878653825024,96.9368800283057,-1507375597030872160772049783052519131287381639/164054212480987484497254458738144635961475072,-9.188277303184545,1507375597030872160772049783052519131287381639/17410279110438526271091958509431176335623979008,0.08657963421890855,defined
record,adult,10003,0,1,absolute_group_gap,782313153840715/61820651962368,12.65456007026473,3632238605940882584065336426063569108698359031/6687316187016214444228884409148611424195444736,0.543153412275177,-242978417374528465735948550077254014807839985947/20061948561048643332686653227445834272586334208,-12.111406657989553,242978417374528465735948550077254014807839985947/253875133192351113488144559355444722133935063040,0.9570784437183667,defined
record,adult,10003,0,1,max_min_group_ratio,7089278492898862/6306965339058147,1.1240395517945787,1948277298579612890267109479285399551394873841617/1937380582761790242514913470007208844068778764524,1.005624458051649,-1446913104917564400026089664828917820380968270972523993214067989/12218992184042884821875813263151196933216552572568178112456777028,-0.11841509374292977,1446913104917564400026089664828917820380968270972523993214067989/13734630497933023311058868353130632894686594820043676435645571688,0.10534779986511583,defined
record,adult,10003,1,2,Phi_A,1284735134457420585222091160482233981477970003/13303679417141010167564093652152409995083776,96.56991078739576,79025249772108867044630700129500769306619775/831479963571313135472755853259525624692736,95.0416765699143,-20331138103678712507999958410221672572053603/13303679417141010167564093652152409995083776,-1.5282342174814612,20331138103678712507999958410221672572053603/1284735134457420585222091160482233981477970003,0.015825159255308384,defined
record,adult,10003,1,2,Phi_B,10763962975577971769431544084449721278424717357/110839494812423443826998084129534995981139968,97.11306419967094,836613534600857702315311113036488115545541/8847341539944400050047739793225973497856,94.56100805238218,-282868614098426474825326460328598166870179709/110839494812423443826998084129534995981139968,-2.5520561472887655,40409802014060924975046637189799738124311387/1537708996511138824204506297778531611203531051,0.026279225852060106,defined
record,adult,10003,1,2,Phi,10763962975577971769431544084449721278424717357/110839494812423443826998084129534995981139968,97.11306419967094,79025249772108867044630700129500769306619775/831479963571313135472755853259525624692736,95.0416765699143,-41556072078170146214259946560804989564751910417/20061948561048643332686653227445834272586334208,-2.071387629756638,312451669760677791084661252336879620787608349/14648701493079796167421875784100748506728374749,0.021329649587595412,defined
record,adult,10003,1,2,G,3885657881341403132782022949292608395463652606141/20061948561048643332686653227445834272586334208,193.6829749870667,8197843331744052677535721816143357424615287167/43236958105708283044583304369495332484022272,189.60268462229647,-27286191804054230135149342200696850147386453551/6687316187016214444228884409148611424195444736,-4.080290364770226,81858575412162690405448026602090550442159360653/3885657881341403132782022949292608395463652606141,0.02106685094568942,defined
record,adult,10003,1,2,pooled_SSE,15902903513407654110319908726378657204336597369/5444517870735015415413993718908291383296,2920902.0690129073,971169396680907049091411402025573271698637703/340282366920938463463374607431768211456,2854010.3487247387,-364193166513141324857326293969484857158394121/5444517870735015415413993718908291383296,-66891.7202881685,364193166513141324857326293969484857158394121/15902903513407654110319908726378657204336597369,0.022901048617071214,defined
record,adult,10003,1,2,population_average,5300967837802551370106636242126219068112199123/54684737493662494832418152912714878653825024,96.9368800283057,971169396680907049091411402025573271698637703/10253388280061717781078403671134039747592192,94.71692382599026,-364193166513141324857326293969484857158394121/164054212480987484497254458738144635961475072,-2.2199562023154282,364193166513141324857326293969484857158394121/15902903513407654110319908726378657204336597369,0.022901048617071214,defined
record,adult,10003,1,2,absolute_group_gap,3632238605940882584065336426063569108698359031/6687316187016214444228884409148611424195444736,0.543153412275177,20782644555269495105870997324722583273169433/43236958105708283044583304369495332484022272,0.4806685175321273,-1253568744177602023071866519519428687344460181/20061948561048643332686653227445834272586334208,-0.06248489474304971,1253568744177602023071866519519428687344460181/10896715817822647752196009278190707326095077093,0.11504096877769973,defined
record,adult,10003,1,2,max_min_group_ratio,1948277298579612890267109479285399551394873841617/1937380582761790242514913470007208844068778764524,1.005624458051649,587044712592808726617256629533434286277746900/584075763370627370173560772772759631524436981,1.0050831577140744,-612523035267672907215440084189158144982990237341572425357172607708872741278581204120662677/1131577042816023553557176049047478398116721292229993178980663626717332323642132222267876462044,-0.0005413003375743276,32238054487772258274496846536271481314894223017977496071430137247835407435714800216876983/59891660548713216140463600924897472926534406406354057453126732527370393240830912615815349383,0.0005382728445398714,defined
record,adult,10003,0,2,Phi_A,9402226117903/81990254592,114.67492282699168,79025249772108867044630700129500769306619775/831479963571313135472755853259525624692736,95.0416765699143,-1813850098069035334086075911420238965439161/92386662619034792830306205917725069410304,-19.633246257077378,16324650882621318006774683202782150688952449/95349900654730185051405383332282919995572224,0.17120784364248284,defined
record,adult,10003,0,2,Phi_B,11615037456829/113850187776,102.02036275672695,836613534600857702315311113036488115545541/8847341539944400050047739793225973497856,94.56100805238218,-17224814730338523608245757334248882174017063/2309156141925488413062460086031979082940416,-7.459354704344776,17224814730338523608245757334248882174017063/235580947261162383912541957836772280331403264,0.0731163319045631,defined
record,adult,10003,0,2,Phi,9402226117903/81990254592,114.67492282699168,79025249772108867044630700129500769306619775/831479963571313135472755853259525624692736,95.0416765699143,-1813850098069035334086075911420238965439161/92386662619034792830306205917725069410304,-19.633246257077378,16324650882621318006774683202782150688952449/95349900654730185051405383332282919995572224,0.17120784364248284,defined
record,adult,10003,0,2,G,13396243831957009/61820651962368,216.69528558371863,8197843331744052677535721816143357424615287167/43236958105708283044583304369495332484022272,189.60268462229647,-11323549309855588624497889500764208753143852767/417957261688513402764305275571788214012215296,-27.092600961422153,33970647929566765873493668502292626259431558301/271708104550144293522029601170449991573274886144,0.1250262592859,defined
record,adult,10003,0,2,pooled_SSE,53649564606293/16777216,3197763.240712464,971169396680907049091411402025573271698637703/340282366920938463463374607431768211456,2854010.3487247387,-116973047721500842851836004813875249277860985/340282366920938463463374607431768211456,-343752.8919877252,116973047721500842851836004813875249277860985/1088142444402407891943247406839448520976498688,0.1074979184234843,defined
record,adult,10003,0,2,population_average,53649564606293/505531072512,106.12515733149024,971169396680907049091411402025573271698637703/10253388280061717781078403671134039747592192,94.71692382599026,-38991015907166947617278668271291749759286995/3417796093353905927026134557044679915864064,-11.408233505499974,116973047721500842851836004813875249277860985/1088142444402407891943247406839448520976498688,0.1074979184234843,defined
record,adult,10003,0,2,absolute_group_gap,782313153840715/61820651962368,12.65456007026473,20782644555269495105870997324722583273169433/43236958105708283044583304369495332484022272,0.4806685175321273,-5088166377473043078312925345766113406149675961/417957261688513402764305275571788214012215296,-12.173891552732602,2180642733202732747848396576756905745492718269/2266742260645992084715576422816470733338705920,0.9620161811344523,defined
record,adult,10003,0,2,max_min_group_ratio,7089278492898862/6306965339058147,1.1240395517945787,587044712592808726617256629533434286277746900/584075763370627370173560772772759631524436981,1.0050831577140744,-807007537176201105705151421583469311533463906013148944054/6784061869175828522618935686521789977269711648160318593249,-0.1189563940805041,31038751429853888680967362368594973520517842538967267079/293290533183657284936449607074781926801820692004818750929,0.1058293668497563,defined
record,adult,10004,0,1,Phi_A,20063486062439/163913400320,122.4029641461287,1315971944457812180777325832265803193571462239/13298234899270275152148679658433501703700480,98.95839217955344,-311771425124364665902219729799422545722749857/13298234899270275152148679658433501703700480,-23.44457196657526,311771425124364665902219729799422545722749857/1627743369582176846679545562065225739294212096,0.19153598223803106,defined
record,adult,10004,0,1,Phi_B,17214640749203/170808836096,100.78308091466548,1309379060164435206436034378440619120631844485/13857659110488297986082467513051328643334144,94.48775220436903,-87238519255758049690132607602800797276336507/13857659110488297986082467513051328643334144,-6.295328710296443,87238519255758049690132607602800797276336507/1396617579420193256126166986043419917908180992,0.06246414232590083,defined
record,adult,10004,0,1,Phi,20063486062439/163913400320,122.4029641461287,1315971944457812180777325832265803193571462239/13298234899270275152148679658433501703700480,98.95839217955344,-311771425124364665902219729799422545722749857/13298234899270275152148679658433501703700480,-23.44457196657526,311771425124364665902219729799422545722749857/1627743369582176846679545562065225739294212096,0.19153598223803106,defined
record,adult,10004,0,1,G,372453391721404769/1668802328657920,223.18604506079416,26190543784331517779374010175662991122324177673709/135389329509470671324025707602511480845374586880,193.44614438392247,-4026465212319912809023094645367284727393123967507/135389329509470671324025707602511480845374586880,-29.739900676871702,4026465212319912809023094645367284727393123967507/30217008996651430588397104821030275849717301641216,0.1332516137770656,defined
record,adult,10004,0,1,pooled_SSE,54492767560845/16777216,3248022.0532920957,3934730064786682593649394589147041434835151209/1361129467683753853853498429727072845824,2890783.1019795993,-486248463635880765282484945005024140275422871/1361129467683753853853498429727072845824,-357238.95131249644,486248463635880765282484945005024140275422871/4420978528422563358931879534152065575110574080,0.10998661506944203,defined
record,adult,10004,0,1,population_average,6054751951205/56170119168,107.79311208323695,3934730064786682593649394589147041434835151209/41013553120246871124313614684536158990368768,95.93731255740074,-486248463635880765282484945005024140275422871/41013553120246871124313614684536158990368768,-11.855799525836202,486248463635880765282484945005024140275422871/4420978528422563358931879534152065575110574080,0.10998661506944203,defined
record,adult,10004,0,1,absolute_group_gap,36079311481978149/1668802328657920,21.619883231463227,605276948718453845613898420933293505177936436809/135389329509470671324025707602511480845374586880,4.47063997518441,-2321824546062400518077903492808557148613508620727/135389329509470671324025707602511480845374586880,-17.149243256278815,2321824546062400518077903492808557148613508620727/2927101494780854363691801913741850653791445057536,0.7932162756236201,defined
record,adult,10004,0,1,max_min_group_ratio,204266351601691459/168187040119713310,1.2145189751618042,13397910366524985812493954298298142313751057055259/12792633417806531966880055877364848808573120618450,1.047314491782118,-18410934866845257295099192783259439271267669095859377154772519/110110294261894185989619627145579262191696003526300897352297675,-0.16720448337968633,3616724264187262016520811861950582314363553500807263953398/26270708524058622599843655502021614113583140252106447798915,0.13767136355972578,defined
record,adult,10004,1,2,Phi_A,1315971944457812180777325832265803193571462239/13298234899270275152148679658433501703700480,98.95839217955344,4018419646062913364007300133528286293892603/41556984060219609850464623932604692824064,96.69661398526614,-30077657717679904294989789536751579525829279/13298234899270275152148679658433501703700480,-2.261778194287302,30077657717679904294989789536751579525829279/1315971944457812180777325832265803193571462239,0.022855850266680317,defined
record,adult,10004,1,2,Phi_B,1309379060164435206436034378440619120631844485/13857659110488297986082467513051328643334144,94.48775220436903,83536363886139318093948586093636301206579869/866103694405518624130154219565708040208384,96.45076499007143,27202762013793883067142999057561698673433419/13857659110488297986082467513051328643334144,1.9630127857024005,-9067587337931294355714333019187232891144473/436459686721478402145344792813539706877281495,-0.020775314682654,defined
record,adult,10004,1,2,Phi,1315971944457812180777325832265803193571462239/13298234899270275152148679658433501703700480,98.95839217955344,4018419646062913364007300133528286293892603/41556984060219609850464623932604692824064,96.69661398526614,-30077657717679904294989789536751579525829279/13298234899270275152148679658433501703700480,-2.261778194287302,30077657717679904294989789536751579525829279/1315971944457812180777325832265803193571462239,0.022855850266680317,defined
record,adult,10004,1,2,G,26190543784331517779374010175662991122324177673709/135389329509470671324025707602511480845374586880,193.44614438392247,163438088349891155695704413932385631795069714299/846183309434191695775160672515696755283591168,193.14737897533757,-40449648348932868061303946481290035113023385869/135389329509470671324025707602511480845374586880,-0.2987654085849015,40449648348932868061303946481290035113023385869/26190543784331517779374010175662991122324177673709,0.0015444371328071414,defined
record,adult,10004,1,2,pooled_SSE,3934730064786682593649394589147041434835151209/1361129467683753853853498429727072845824,2890783.1019795993,123720560346768451734021587428919164145505899/42535295865117307932921825928971026432,2908656.3953638845,24327866309907861839296208578371817821037559/1361129467683753853853498429727072845824,17873.293384285338,-24327866309907861839296208578371817821037559/3934730064786682593649394589147041434835151209,-0.006182855217344312,defined
record,adult,10004,1,2,population_average,3934730064786682593649394589147041434835151209/41013553120246871124313614684536158990368768,95.93731255740074,123720560346768451734021587428919164145505899/1281673535007714722634800458891754968449024,96.53047907088425,24327866309907861839296208578371817821037559/41013553120246871124313614684536158990368768,0.5931665134835171,-24327866309907861839296208578371817821037559/3934730064786682593649394589147041434835151209,-0.006182855217344312,defined
record,adult,10004,1,2,absolute_group_gap,605276948718453845613898420933293505177936436809/135389329509470671324025707602511480845374586880,4.47063997518441,208033316374928140128876705420299237412650273/846183309434191695775160672515696755283591168,0.24584899519470732,-571991618098465343193278148066045627191912393129/135389329509470671324025707602511480845374586880,-4.224790979989702,571991618098465343193278148066045627191912393129/605276948718453845613898420933293505177936436809,0.9450080980442702,defined
record,adult,10004,1,2,max_min_group_ratio,13397910366524985812493954298298142313751057055259/12792633417806531966880055877364848808573120618450,1.047314491782118,11689008690447577416845235045557566502320168898/11659289645251159111112538373354666611261218859,1.0025489584786602,-759344297734252502717037213310917361165487459184929396899122149172758852769283321794318317/16962699686537659867259292703575405909052893338722807794863475056009168992354471233819047350,-0.044765533303457665,223753353619758128685896438457199890334590155933089892024100427022716487408687748294171/5234833867437053238659503907630962254324410027080089897963653226011826387091059546241271,0.04274316230197895,defined
record,adult,10004,0,2,Phi_A,20063486062439/163913400320,122.4029641461287,4018419646062913364007300133528286293892603/41556984060219609850464623932604692824064,96.69661398526614,-5341391919406946409331398739627720707009049/207784920301098049252323119663023464120320,-25.706350160862563,5341391919406946409331398739627720707009049/25433490149721513229367899407269152176472064,0.2100141147739974,defined
record,adult,10004,0,2,Phi_B,17214640749203/170808836096,100.78308091466548,83536363886139318093948586093636301206579869/866103694405518624130154219565708040208384,96.45076499007143,-3752234827622760413936850534077443662681443/866103694405518624130154219565708040208384,-4.332315924594043,3752234827622760413936850534077443662681443/87288598713762078507885436627713744869261312,0.042986539856449506,defined
record,adult,10004,0,2,Phi,20063486062439/163913400320,122.4029641461287,4018419646062913364007300133528286293892603/41556984060219609850464623932604692824064,96.69661398526614,-5341391919406946409331398739627720707009049/207784920301098049252323119663023464120320,-25.706350160862563,5341391919406946409331398739627720707009049/25433490149721513229367899407269152176472064,0.2100141147739974,defined
record,adult,10004,0,2,G,372453391721404769/1668802328657920,223.18604506079416,163438088349891155695704413932385631795069714299/846183309434191695775160672515696755283591168,193.14737897533757,-127091089395901427408887455995267961328317104793/4230916547170958478875803362578483776417955840,-30.038666085456605,127091089395901427408887455995267961328317104793/944281531145357205887409525657196120303665676288,0.13459025216954895,defined
record,adult,10004,0,2,pooled_SSE,54492767560845/16777216,3248022.0532920957,123720560346768451734021587428919164145505899/42535295865117307932921825928971026432,2908656.3953638845,-14435018666436653232599648013332885076699541/42535295865117307932921825928971026432,-339365.65792821115,14435018666436653232599648013332885076699541/138155579013205104966621235442252049222205440,0.10448379116891786,defined
record,adult,10004,0,2,population_average,6054751951205/56170119168,107.79311208323695,123720560346768451734021587428919164145505899/1281673535007714722634800458891754968449024,96.53047907088425,-14435018666436653232599648013332885076699541/1281673535007714722634800458891754968449024,-11.262633012352685,14435018666436653232599648013332885076699541/138155579013205104966621235442252049222205440,0.10448379116891786,defined
record,adult,10004,0,2,absolute_group_gap,36079311481978149/1668802328657920,21.619883231463227,208033316374928140128876705420299237412650273/846183309434191695775160672515696755283591168,0.24584899519470732,-90431755130027058164724426277331336743919406683/4230916547170958478875803362578483776417955840,-21.374034236268518,1174438378312039716424992549056251126544407879/1187947035219502582667127400057569258843930624,0.9886285697030535,defined
record,adult,10004,0,2,max_min_group_ratio,204266351601691459/168187040119713310,1.2145189751618042,11689008690447577416845235045557566502320168898/11659289645251159111112538373354666611261218859,1.0025489584786602,-425446043523899187144148430307773387820922560016489350922613/2007104826339011937716265071063332649653181177756347128193770,-0.211970016683144,41788237258019761039598117111067025618399229939739647473/239432953219484118187733860611074626492936474371567777213,0.17453001642473664,defined
record,bank,10000,0,1,Phi_A,1760448768215/37702598656,46.693035254079014,99762174934347028267653181986639353614027215/3058798196252315848072274346204164452777984,32.61482730589324,-43062397078375649987407159471768413805098545/3058798196252315848072274346204164452777984,-14.07820794818577,8612479415675129997481431894353682761019709/28564914402544535651012068291681553483825152,0.3015055215746748,defined
record,bank,10000,0,1,Phi_B,2762171999825/65162706944,42.3888467708804,151129861972016945119919683948003647636560171/4625798495923237472321114413427457066532864,32.671086322763344,-44952401664642175291736962344519514582755029/4625798495923237472321114413427457066532864,-9.71776044811705,2365915877086430278512471702343132346460791/10320119138771532653245086646974903274700800,0.22925276784818782,defined
record,bank,10000,0,1,Phi,1760448768215/37702598656,46.693035254079014,151129861972016945119919683948003647636560171/4625798495923237472321114413427457066532864,32.671086322763344,-583050902674491768516332242776990401690556204321/41581302679853981638694497462299411571063914496,-14.021948931315666,583050902674491768516332242776990401690556204321/1941557231940952088199290281785595190295595581440,0.3003006520140653,defined
record,bank,10000,0,1,G,52179496169415165/585747572719616,89.08188202495941,2714673335323973821953435394934980161634125337829/41581302679853981638694497462299411571063914496,65.28591362865659,-989467364446907099626236480374105733850894576411/41581302679853981638694497462299411571063914496,-23.79596839630282,989467364446907099626236480374105733850894576411/3704140699770880921579671875309085895485019914240,0.26712467064442513,defined
record,bank,10000,0,1,pooled_SSE,33418794144495/16777216,1991915.3538045287,125446018453181986693786432967321500625293693/85070591730234615865843651857942052864,1474610.8602486385,-44007399371508912639572060908143964193926787/85070591730234615865843651857942052864,-517304.4935558901,44007399371508912639572060908143964193926787/169453417824690899333358493875465464819220480,0.2597020463584691,defined
record,bank,10000,0,1,population_average,33418794144495/757759737856,44.1020979011763,125446018453181986693786432967321500625293693/3842298346087776660196694379815810759655424,32.64869282753927,-44007399371508912639572060908143964193926787/3842298346087776660196694379815810759655424,-11.45340507363703,44007399371508912639572060908143964193926787/169453417824690899333358493875465464819220480,0.2597020463584691,defined
record,bank,10000,0,1,absolute_group_gap,2521167956561315/585747572719616,4.304188483198616,2339323208946817412480683082229415575953416409/41581302679853981638694497462299411571063914496,0.05625901687010428,-176634440902076437406428005179875069530217832231/41581302679853981638694497462299411571063914496,-4.247929466328512,176634440902076437406428005179875069530217832231/178973764111023254818908688262104485106171248640,0.9869292394862095,defined
record,bank,10000,0,1,max_min_group_ratio,5470066412597648/4965832821285385,1.1015405893551093,1358506329266460319682958039008604788605039377119/1356167006057513502270477355926375373029085960710,1.0017249521618634,-19205950626085623116828303733055210945426233691132401526522979/192414246566421030978546227549770110490714339633026861708777810,-0.09981563719324581,19205950626085623116828303733055210945426233691132401526522979/211952102563094732795499564384696609249287434333731709679040288,0.09061457939709902,defined
record,bank,10000,1,2,Phi_A,99762174934347028267653181986639353614027215/3058798196252315848072274346204164452777984,32.61482730589324,6272893866806755878313648729061157234517565733/195763084560148214276625558157066524977790976,32.043292947192036,-111885328991453930816154918083761396780176027/195763084560148214276625558157066524977790976,-0.5715343587012043,37295109663817976938718306027920465593392009/2128259731932736603043267882381639543765913920,0.017523758545179617,defined
record,bank,10000,1,2,Phi_B,151129861972016945119919683948003647636560171/4625798495923237472321114413427457066532864,32.671086322763344,2370262814823156919069308820685765584866563403/74012775934771799557137830614839313064525824,32.02504952539671,-47814976729114202849406122482292777318399333/74012775934771799557137830614839313064525824,-0.6460367973666333,47814976729114202849406122482292777318399333/2418077791552271121918714943168058362184962736,0.01977396132422177,defined
record,bank,10000,1,2,Phi,151129861972016945119919683948003647636560171/4625798495923237472321114413427457066532864,32.671086322763344,6272893866806755878313648729061157234517565733/195763084560148214276625558157066524977790976,32.043292947192036,-835342923841210524956786836846667512345365780607/1330601685755327412438223918793581170274045263872,-0.6277933755713085,835342923841210524956786836846667512345365780607/43472202536526730229854657248275353235361260067808,0.019215564777039507,defined
record,bank,10000,1,2,G,2714673335323973821953435394934980161634125337829/41581302679853981638694497462299411571063914496,65.28591362865659,85249444497576234795925904389717379407746971146335/1330601685755327412438223918793581170274045263872,64.06834247258875,-1620102232790927506584028248201985764545039664193/1330601685755327412438223918793581170274045263872,-1.2175711560678375,1620102232790927506584028248201985764545039664193/86869546730367162302509932637919365172292010810528,0.01864982947153545,defined
record,bank,10000,1,2,pooled_SSE,125446018453181986693786432967321500625293693/85070591730234615865843651857942052864,1474610.8602486385,15753945126099383554590884011804219573983819345/10889035741470030830827987437816582766592,1446771.3671011042,-303145235907910742213779408012932506053773359/10889035741470030830827987437816582766592,-27839.49314753428,303145235907910742213779408012932506053773359/16057090362007294296804663419817152080037592704,0.018879213423696185,defined
record,bank,10000,1,2,population_average,125446018453181986693786432967321500625293693/3842298346087776660196694379815810759655424,32.64869282753927,15753945126099383554590884011804219573983819345/491814188299235412505176880616423777235894272,32.03231118764346,-27558657809810067473979946182993864186706669/44710380754475946591379716419674888839626752,-0.6163816398958127,303145235907910742213779408012932506053773359/16057090362007294296804663419817152080037592704,0.018879213423696185,defined
record,bank,10000,1,2,absolute_group_gap,2339323208946817412480683082229415575953416409/41581302679853981638694497462299411571063914496,0.05625901687010428,24274727794804613869836433139992038284817428067/1330601685755327412438223918793581170274045263872,0.018243421795324764,-50583614891493543329545425491349260145691897021/1330601685755327412438223918793581170274045263872,-0.038015595074779515,50583614891493543329545425491349260145691897021/74858342686298157199381858631341298430509325088,0.6757244827536398,defined
record,bank,10000,1,2,max_min_group_ratio,1358506329266460319682958039008604788605039377119/1356167006057513502270477355926375373029085960710,1.0017249521618634,14212286537561839901632623470476228574338631429067/14204194961630238363676011326096231228243692286378,1.0005696610017998,-5563668658174992963083295141100516674983898424059868304518551899299795973704991045709043656853/4815815138642824559977214791952065586057775020643396427277544213842068131516103411285230144052095,-0.0011552911600636992,11127337316349985926166590282201033349967796848119736609037103798599591947409982091418087313706/9648244378754722652573760151549726454062022728665768825080341678893907404696738939577425044292491,0.0011533017696828038,defined
record,bank,10000,0,2,Phi_A,1760448768215/37702598656,46.693035254079014,6272893866806755878313648729061157234517565733/195763084560148214276625558157066524977790976,32.043292947192036,-2867878742007495530010213124276939880306482907/195763084560148214276625558157066524977790976,-14.649742306886974,2867878742007495530010213124276939880306482907/9140772608814251408323861853338097114824048640,0.31374577015974137,defined
record,bank,10000,0,2,Phi_B,2762171999825/65162706944,42.3888467708804,2370262814823156919069308820685765584866563403/74012775934771799557137830614839313064525824,32.02504952539671,-767053403363389007517197519994605010642479797/74012775934771799557137830614839313064525824,-10.363797245483683,767053403363389007517197519994605010642479797/3137316218186545926586506340680370595509043200,0.24449349380750873,defined
record,bank,10000,0,2,Phi,1760448768215/37702598656,46.693035254079014,6272893866806755878313648729061157234517565733/195763084560148214276625558157066524977790976,32.043292947192036,-2867878742007495530010213124276939880306482907/195763084560148214276625558157066524977790976,-14.649742306886974,2867878742007495530010213124276939880306482907/9140772608814251408323861853338097114824048640,0.31374577015974137,defined
record,bank,10000,0,2,G,52179496169415165/585747572719616,89.08188202495941,85249444497576234795925904389717379407746971146335/1330601685755327412438223918793581170274045263872,64.06834247258875,-33283057895091954694623595620173369247773666109345/1330601685755327412438223918793581170274045263872,-25.01353955237066,2218870526339463646308239708011557949851577740623/7902166826177879299369966667326049910368042483712,0.280792670560802,defined
record,bank,10000,0,2,pooled_SSE,33418794144495/16777216,1991915.3538045287,15753945126099383554590884011804219573983819345/10889035741470030830827987437816582766592,1446771.3671011042,-5936092355461051560079003204255359922876402095/10889035741470030830827987437816582766592,-545143.9867034244,395739490364070104005266880283690661525093473/1446002498770695674311325814403971966457348096,0.27367828942239314,defined
record,bank,10000,0,2,population_average,33418794144495/757759737856,44.1020979011763,15753945126099383554590884011804219573983819345/491814188299235412505176880616423777235894272,32.03231118764346,-5936092355461051560079003204255359922876402095/491814188299235412505176880616423777235894272,-12.069786713532844,395739490364070104005266880283690661525093473/1446002498770695674311325814403971966457348096,0.27367828942239314,defined
record,bank,10000,0,2,absolute_group_gap,2521167956561315/585747572719616,4.304188483198616,24274727794804613869836433139992038284817428067/1330601685755327412438223918793581170274045263872,0.018243421795324764,-5702885723757939540335241591247351485112662528413/1330601685755327412438223918793581170274045263872,-4.285945061403291,5702885723757939540335241591247351485112662528413/5727160451552744154205078024387343523397479956480,0.9957614723735873,defined
record,bank,10000,0,2,max_min_group_ratio,5470066412597648/4965832821285385,1.1015405893551093,14212286537561839901632623470476228574338631429067/14204194961630238363676011326096231228243692286378,1.0005696610017998,-792307356086917015566759406856336381638604351686116009001441/7846885920614076928637280768596515444422699109021329373176770,-0.1009709283533095,815970500604445948060514322200140454828634759717936157571/8901816005762656514630867536187072715653505254296637089376,0.09166337521200409,defined
record,bank,10001,0,1,Phi_A,14605474972817/301654343680,48.41791699280397,117863216366406095380155409251026674952597/3296485429546591364801441509495254548480,35.75420516347235,-242125300870337274386153697726752803688147/19119615491370229915848360755072476381184,-12.66371182933162,1210626504351686371930768488633764018440735/4628659778977463137955275356913537592066048,0.26155011648299004,defined
record,bank,10001,0,1,Phi_B,2313989935229/57013174272,40.58693389337268,1699984515884872050951281131885399000989913/48181856391211630561017198321041930190848,35.28266951945316,-766707912975630897919575976073896846212469/144545569173634891683051594963125790572544,-5.304264373919518,766707912975630897919575976073896846212469/5866661460630247050773419371730093849182208,0.13068896477508088,defined
record,bank,10001,0,1,Phi,14605474972817/301654343680,48.41791699280397,117863216366406095380155409251026674952597/3296485429546591364801441509495254548480,35.75420516347235,-242125300870337274386153697726752803688147/19119615491370229915848360755072476381184,-12.66371182933162,1210626504351686371930768488633764018440735/4628659778977463137955275356913537592066048,0.26155011648299004,defined
record,bank,10001,0,1,G,364954377447171161/4100387493642240,89.00485088617664,1061033433280496353962381310200875554517090037/14936375481275605473915331479522998359162880,71.03687468292551,-4669750042260678925190384818180617390023001433/259892933374195535246126767743700171449434112,-17.967976203251137,23348750211303394625951924090903086950115007165/115658658906706577420679098078379260193101840384,0.20187636993212182,defined
record,bank,10001,0,1,pooled_SSE,33117394454649/16777216,1973950.532355845,2129496705570098229719587565983992644148763/1329227995784915872903807060280344576,1602055.2623950865,-494333604331829317462586116176915216163301/1329227995784915872903807060280344576,-371895.26996075857,494333604331829317462586116176915216163301/2623830309901927547182173682160907860312064,0.18840151455918897,defined
record,bank,10001,0,1,population_average,33117394454649/757759737856,43.7043469059878,2129496705570098229719587565983992644148763/60035911657621510315573349684622043119616,35.4703817560795,-494333604331829317462586116176915216163301/60035911657621510315573349684622043119616,-8.233965149908306,494333604331829317462586116176915216163301/2623830309901927547182173682160907860312064,0.18840151455918897,defined
record,bank,10001,0,1,absolute_group_gap,32110065163831801/4100387493642240,7.830983099431289,7043033431875682372587008431928173903343977/14936375481275605473915331479522998359162880,0.4715356440191867,-1912668387200310216271589608218884331042962909/259892933374195535246126767743700171449434112,-7.359447455412102,9563341936001551081357948041094421655214814545/10176085844574735447773017774672172784805740544,0.9397858943082854,defined
record,bank,10001,0,1,max_min_group_ratio,198532221305501481/166422156141669680,1.1929434512102917,534038233356186018167484159316401864210217007/526995199924310335794897150884473690306873030,1.0133645115418266,-50805591616405026476001758764742955906031045542944183973257/282915088541012916873818797229700140209229728854988657937840,-0.1795789396684651,11212887136703823984992663598486637807554854456619771347/74487243902798767569207557486145668897827045589298584763,0.15053432707667297,defined
record,bank,10001,1,2,Phi_A,117863216366406095380155409251026674952597/3296485429546591364801441509495254548480,35.75420516347235,421990120310900402973563886711583325998069587/12236553914476947146142950883246384883957760,34.48602631592609,-15518138841199023077572992428227691425970477/12236553914476947146142950883246384883957760,-1.2681788475462576,15518138841199023077572992428227691425970477/437508259152099426051136879139811017424040064,0.03546936204421264,defined
record,bank,10001,1,2,Phi_B,1699984515884872050951281131885399000989913/48181856391211630561017198321041930190848,35.28266951945316,27685923230756142092291673035847772428946337/804427515401098527627417571968700051881984,34.41692719443039,-16017819792399599442583474819494450514360841/18501832854225266135430604155280101193285632,-0.865742325022767,16017819792399599442583474819494450514360841/652794054099790867565291954643993216380126592,0.024537324891061276,defined
record,bank,10001,1,2,Phi,117863216366406095380155409251026674952597/3296485429546591364801441509495254548480,35.75420516347235,421990120310900402973563886711583325998069587/12236553914476947146142950883246384883957760,34.48602631592609,-15518138841199023077572992428227691425970477/12236553914476947146142950883246384883957760,-1.2681788475462576,15518138841199023077572992428227691425970477/437508259152099426051136879139811017424040064,0.03546936204421264,defined
record,bank,10001,1,2,G,1061033433280496353962381310200875554517090037/14936375481275605473915331479522998359162880,71.03687468292551,498292610948239855567078397638817219801086695547/7231803363455875763370483971998613466419036160,68.90295351035648,-354938261202090719682275124704154119677320654451/166331477359485142557521131355968109727637831680,-2.133921172569025,354938261202090719682275124704154119677320654451/11815668313011607397725078270396950175102314652032,0.03003962635031206,defined
record,bank,10001,1,2,pooled_SSE,2129496705570098229719587565983992644148763/1329227995784915872903807060280344576,1602055.2623950865,529383177309145835548136183268041045931917669/340282366920938463463374607431768211456,1555717.3358681358,-15767979316799311260078233623861070970165659/340282366920938463463374607431768211456,-46337.92652695066,15767979316799311260078233623861070970165659/545151156625945146808214416891902116902083328,0.02892405000915827,defined
record,bank,10001,1,2,population_average,2129496705570098229719587565983992644148763/60035911657621510315573349684622043119616,35.4703817560795,48125743391740530504376016660731004175628879/1397199398577373330980616138114840276238336,34.44443466032271,-15767979316799311260078233623861070970165659/15369193384351106640786777519263243038621696,-1.0259470957567784,15767979316799311260078233623861070970165659/545151156625945146808214416891902116902083328,0.02892405000915827,defined
record,bank,10001,1,2,absolute_group_gap,7043033431875682372587008431928173903343977/14936375481275605473915331479522998359162880,0.4715356440191867,499711259244420747674116454274271528631556287/7231803363455875763370483971998613466419036160,0.06909912149569603,-66937861334745921704624247449643899429112733271/166331477359485142557521131355968109727637831680,-0.40243652252349066,66937861334745921704624247449643899429112733271/78431220297367598901128925897952144587638527872,0.8534593887606843,defined
record,bank,10001,1,2,max_min_group_ratio,534038233356186018167484159316401864210217007/526995199924310335794897150884473690306873030,1.0133645115418266,249396161103742138157376257046545745664859125917/248896449844497717409702140592271474136227569630,1.0020077074604987,-480529220116136782404866056334810304692735462251330038695994074122247021854565179097219/42312011079436178959773292272418948852975545089001610054281069803986663722944781213514219,-0.01135680408132801,24392346198788669157607414027147731202676927017834012116547922544276498571297724827270/2176522357353563471166616048002423337670558156994757420077090133283530387318117902055063,0.01120702763120125,defined
record,bank,10001,0,2,Phi_A,14605474972817/301654343680,48.41791699280397,421990120310900402973563886711583325998069587/12236553914476947146142950883246384883957760,34.48602631592609,-170478331398214878684711358973349485786384557/12236553914476947146142950883246384883957760,-13.931890676877877,170478331398214878684711358973349485786384557/592468451709115281658275245684932811784454144,0.2877424627529615,defined
record,bank,10001,0,2,Phi_B,2313989935229/57013174272,40.58693389337268,27685923230756142092291673035847772428946337/804427515401098527627417571968700051881984,34.41692719443039,-114156432653280354376289199756953246829556873/18501832854225266135430604155280101193285632,-6.170006698942285,114156432653280354376289199756953246829556873/750932666960671622498997679581452012695322624,0.15201953207777955,defined
record,bank,10001,0,2,Phi,14605474972817/301654343680,48.41791699280397,421990120310900402973563886711583325998069587/12236553914476947146142950883246384883957760,34.48602631592609,-170478331398214878684711358973349485786384557/12236553914476947146142950883246384883957760,-13.931890676877877,170478331398214878684711358973349485786384557/592468451709115281658275245684932811784454144,0.2877424627529615,defined
record,bank,10001,0,2,G,364954377447171161/4100387493642240,89.00485088617664,498292610948239855567078397638817219801086695547/7231803363455875763370483971998613466419036160,68.90295351035648,-3343578288248925231804121408339749249292041571571/166331477359485142557521131355968109727637831680,-20.101897375820162,3343578288248925231804121408339749249292041571571/14804308340058441909846924554032545304717035569152,0.22585170556071557,defined
record,bank,10001,0,2,pooled_SSE,33117394454649/16777216,1973950.532355845,529383177309145835548136183268041045931917669/340282366920938463463374607431768211456,1555717.3358681358,-142317382025747616530500279365151366307970715/340282366920938463463374607431768211456,-418233.1964877092,142317382025747616530500279365151366307970715/671700559334893452078636462633192412239888384,0.2118762297394361,defined
record,bank,10001,0,2,population_average,33117394454649/757759737856,43.7043469059878,48125743391740530504376016660731004175628879/1397199398577373330980616138114840276238336,34.44443466032271,-142317382025747616530500279365151366307970715/15369193384351106640786777519263243038621696,-9.259912245665085,142317382025747616530500279365151366307970715/671700559334893452078636462633192412239888384,0.2118762297394361,defined
record,bank,10001,0,2,absolute_group_gap,32110065163831801/4100387493642240,7.830983099431289,499711259244420747674116454274271528631556287/7231803363455875763370483971998613466419036160,0.06909912149569603,-1291045629142944460118441596709729871296608995031/166331477359485142557521131355968109727637831680,-7.761883977935592,1291045629142944460118441596709729871296608995031/1302538988105566137314946275158038116455134789632,0.9911761881467074,defined
record,bank,10001,0,2,max_min_group_ratio,198532221305501481/166422156141669680,1.1929434512102917,249396161103742138157376257046545745664859125917/248896449844497717409702140592271474136227569630,1.0020077074604987,-879746184465126793428118551040464915846838531441843141185153/4607551038835178561847320015722343361075788660564222299962160,-0.19093574374979314,1488572224137270378050962015296894950671469596348296347183/9300419353461257104606698792985136505313945079557614590567,0.16005431234488166,defined
record,bank,10002,0,1,Phi_A,14612086301371/301620789248,48.44522268442373,12918248374262483570794794407788208448299045/382349774531539481009034293275520556597248,33.786467875102346,-5604771596257153112985284504104507595071451/382349774531539481009034293275520556597248,-14.658754809321389,5604771596257153112985284504104507595071451/18523019970519636683780078911892716043370496,0.3025841145330212,defined
record,bank,10002,0,1,Phi_B,2929865919393/65162706944,44.9623113709946,9735065898400286095333707510626549840885027/289112405995202342020069650839216066658304,33.67225237149399,-3264096121173407613336576124144365350013661/289112405995202342020069650839216066658304,-11.290058999500607,3264096121173407613336576124144365350013661/12999162019573693708670283634770915190898688,0.25110050295999414,defined
record,bank,10002,0,1,Phi,14612086301371/301620789248,48.44522268442373,12918248374262483570794794407788208448299045/382349774531539481009034293275520556597248,33.786467875102346,-5604771596257153112985284504104507595071451/382349774531539481009034293275520556597248,-14.658754809321389,5604771596257153112985284504104507595071451/18523019970519636683780078911892716043370496,0.3025841145330212,defined
record,bank,10002,0,1,G,54713236346686159/585747572719616,93.40753405541834,21914230195072784067705864300344813667850514571/324853927186359231552300761424214152898936832,67.45872024659634,-8429574071623453843155432694291504781871681397/324853927186359231552300761424214152898936832,-25.948813808821996,495857298330791402538554864370088516580687141/1784929662746837524168311587919783438218952704,0.2778021502358328,defined
record,bank,10002,0,1,pooled_SSE,17560573868561/8388608,2093383.534975171,32388380171063055761462209429041308130069099/21267647932558653966460912964485513216,1522894.3169347686,-12132963838603968339658436752393238295098773/21267647932558653966460912964485513216,-570489.2180404024,12132963838603968339658436752393238295098773/44521344009667024101120646181434546425167872,0.2725201610259005,defined
record,bank,10002,0,1,population_average,17560573868561/378879868928,46.348659057148545,32388380171063055761462209429041308130069099/960574586521944165049173594953952689913856,33.71771502755986,-12132963838603968339658436752393238295098773/960574586521944165049173594953952689913856,-12.630944029588683,12132963838603968339658436752393238295098773/44521344009667024101120646181434546425167872,0.2725201610259005,defined
record,bank,10002,0,1,absolute_group_gap,2040106847838805/585747572719616,3.4829113134291343,148413419570964559868760388357198151686550581/1299415708745436926209203045696856611595747328,0.11421550360835264,-4377336253266054336339247997232318996213926859/1299415708745436926209203045696856611595747328,-3.3686958098207813,4377336253266054336339247997232318996213926859/4525749672837018896208008385589517147900477440,0.9672068871900443,defined
record,bank,10002,0,1,max_min_group_ratio,28376671597262482/26336564749423677,1.0774629063148202,87805334199862100830692217589736452823088608865/87508507360720171710954696813022056519715507703,1.0033919769413775,-18990911763525365681141432927214175927666215678654707438069/256388193373125513784517112627856434639923885807049868584279,-0.07407092937344276,19558096563877822534646171912681952551664485765864786239/284499246113917575432825907361871652686664565467366944034,0.06874568854233969,defined
record,bank,10002,1,2,Phi_A,12918248374262483570794794407788208448299045/382349774531539481009034293275520556597248,33.786467875102346,12401293066812580955088864130816863233996901/382349774531539481009034293275520556597248,32.43441971950114,-8077426678904728370405160577677268973471/5974215227055304390766160832430008696832,-1.3520481556012,516955307449902615705930276971345214302144/12918248374262483570794794407788208448299045,0.040017446055600876,defined
record,bank,10002,1,2,Phi_B,9735065898400286095333707510626549840885027/289112405995202342020069650839216066658304,33.67225237149399,1171889188673964343076646765647863019924083/36139050749400292752508706354902008332288,32.42722662529843,-51421769858367335817219055063377954498909/41301772285028906002867092977030866665472,-1.245025746195563,359952389008571350720533385443645681492363/9735065898400286095333707510626549840885027,0.03697482818968082,defined
record,bank,10002,1,2,Phi,12918248374262483570794794407788208448299045/382349774531539481009034293275520556597248,33.786467875102346,12401293066812580955088864130816863233996901/382349774531539481009034293275520556597248,32.43441971950114,-8077426678904728370405160577677268973471/5974215227055304390766160832430008696832,-1.3520481556012,516955307449902615705930276971345214302144/12918248374262483570794794407788208448299045,0.040017446055600876,defined
record,bank,10002,1,2,G,21914230195072784067705864300344813667850514571/324853927186359231552300761424214152898936832,67.45872024659634,168564484311047236591066831708431344890257592793/2598831417490873852418406091393713223191494656,64.86164634479958,-964193892790719421511440384903880636078074825/371261631070124836059772298770530460455927808,-2.597073901796763,6749357249535035950580082694327164452546523775/175313841560582272541646914402758509342804116568,0.03849871287660248,defined
record,bank,10002,1,2,pooled_SSE,32388380171063055761462209429041308130069099/21267647932558653966460912964485513216,1522894.3169347686,31151520085596010444315212381182671552782229/21267647932558653966460912964485513216,1464737.4352058053,-618430042733522658573498523929318288643435/10633823966279326983230456482242756608,-58156.88172896334,1236860085467045317146997047858636577286870/32388380171063055761462209429041308130069099,0.038188389753807464,defined
record,bank,10002,1,2,population_average,32388380171063055761462209429041308130069099/960574586521944165049173594953952689913856,33.71771502755986,31151520085596010444315212381182671552782229/960574586521944165049173594953952689913856,32.43008978447959,-618430042733522658573498523929318288643435/480287293260972082524586797476976344956928,-1.287625243080267,1236860085467045317146997047858636577286870/32388380171063055761462209429041308130069099,0.038188389753807464,defined
record,bank,10002,1,2,absolute_group_gap,148413419570964559868760388357198151686550581/1299415708745436926209203045696856611595747328,0.11421550360835264,18693639202988912411187285893093912696279401/2598831417490873852418406091393713223191494656,0.007193094202715655,-39733314276991458189476212974471770096688823/371261631070124836059772298770530460455927808,-0.107022409405637,278133199938940207326333490821302390676821761/296826839141929119737520776714396303373101162,0.9370217354433692,defined
record,bank,10002,1,2,max_min_group_ratio,87805334199862100830692217589736452823088608865/87508507360720171710954696813022056519715507703,1.0033919769413775,84291588975125112751739009497162219401476936097/84272895335922123839327822211269125488780656696,1.0002218226765376,-2600801500067525043530126197699710191712420264087955166037405700525844327761532243246741/820402189544191990388455591543126310887890604147545424404283869282295309531932806893690792,-0.0031701542648399157,382639620430708407169357981123982667605181736661461698696102059809598988930635904553/121110044851225765999222615505854848846104796027792373229799827123903205888371051205880,0.0031594375256053394,defined
record,bank,10002,0,2,Phi_A,14612086301371/301620789248,48.44522268442373,12401293066812580955088864130816863233996901/382349774531539481009034293275520556597248,32.43441971950114,-6121726903707055728691214781075852809373595/382349774531539481009034293275520556597248,-16.01080296492259,6121726903707055728691214781075852809373595/18523019970519636683780078911892716043370496,0.33049291710801515,defined
record,bank,10002,0,2,Phi_B,2929865919393/65162706944,44.9623113709946,1171889188673964343076646765647863019924083/36139050749400292752508706354902008332288,32.42722662529843,-453006063772747370507138688698501378938253/36139050749400292752508706354902008332288,-12.535084745696171,12243407128993172175868613208067604836169/43916087903965181448210417685036875644928,0.27879093319438675,defined
record,bank,10002,0,2,Phi,14612086301371/301620789248,48.44522268442373,12401293066812580955088864130816863233996901/382349774531539481009034293275520556597248,32.43441971950114,-6121726903707055728691214781075852809373595/382349774531539481009034293275520556597248,-16.01080296492259,6121726903707055728691214781075852809373595/18523019970519636683780078911892716043370496,0.33049291710801515,defined
record,bank,10002,0,2,G,54713236346686159/585747572719616,93.40753405541834,168564484311047236591066831708431344890257592793/2598831417490873852418406091393713223191494656,64.86164634479958,-74185949822522666695823544248659202707519974951/2598831417490873852418406091393713223191494656,-28.54588771061876,74185949822522666695823544248659202707519974951/242750434133569903286890375957090547597777567744,0.3056058378940032,defined
record,bank,10002,0,2,pooled_SSE,17560573868561/8388608,2093383.534975171,31151520085596010444315212381182671552782229/21267647932558653966460912964485513216,1464737.4352058053,-13369823924071013656805433800251874872385643/21267647932558653966460912964485513216,-628646.0997693657,13369823924071013656805433800251874872385643/44521344009667024101120646181434546425167872,0.3003014446546805,defined
record,bank,10002,0,2,population_average,17560573868561/378879868928,46.348659057148545,31151520085596010444315212381182671552782229/960574586521944165049173594953952689913856,32.43008978447959,-13369823924071013656805433800251874872385643/960574586521944165049173594953952689913856,-13.91856927266895,13369823924071013656805433800251874872385643/44521344009667024101120646181434546425167872,0.3003014446546805,defined
record,bank,10002,0,2,absolute_group_gap,2040106847838805/585747572719616,3.4829113134291343,18693639202988912411187285893093912696279401/2598831417490873852418406091393713223191494656,0.007193094202715655,-9032805706471048880004829485285940383104675479/2598831417490873852418406091393713223191494656,-3.4757182192264184,9032805706471048880004829485285940383104675479/9051499345674037792416016771179034295800954880,0.9979347466658192,defined
record,bank,10002,0,2,max_min_group_ratio,28376671597262482/26336564749423677,1.0774629063148202,84291588975125112751739009497162219401476936097/84272895335922123839327822211269125488780656696,1.0002218226765376,-515444957117996270410441129721682418631476291584013491971/6673196864143014457890848995517417909068687276679468694744,-0.07724108363828268,530839296722962173440207136685563767900593503176121001/7404863118074641998629524397241311383097314786888137424,0.07168792835984078,defined
record,bank,10003,0,1,Phi_A,7304447559117/150827171840,48.42925495457596,51755279764023162271818209763820597454609773/1529569239309618393267868860405798110494720,33.836506667317174,-22320618897179159447232410356429907763094163/1529569239309618393267868860405798110494720,-14.592748287258788,22320618897179159447232410356429907763094163/74075898661202321719050620120250505217703936,0.30132093299692514,defined
record,bank,10003,0,1,Phi_B,19815872677223/456105394176,43.44581960715978,104659964746993643351203609716660583766450967/3083638809037544355905100692546683532214272,33.9404097653252,-87933752052265582667308836602376052322260667/9250916427112633067715302077640050596642816,-9.505409841834577,12561964578895083238186976657482293188894381/57416235184749501817274237964622543374516224,0.21878767457452006,defined
record,bank,10003,0,1,Phi,7304447559117/150827171840,48.42925495457596,104659964746993643351203609716660583766450967/3083638809037544355905100692546683532214272,33.9404097653252,-200829252130079012554376493853320754252635971367/13860956446623761879793427612997342477303152640,-14.48884518925076,66943084043359670851458831284440251417545323789/223758597889271813139345573176570026094277689344,0.29917547157891483,defined
record,bank,10003,0,1,G,94180851677597383/1025096873410560,91.87507456173574,939452886759314323370876842556131578163870859591/13860956446623761879793427612997342477303152640,67.77691643264238,-1002070560813646422822013528477583827636039613483/41582869339871285639380282838992027431909457920,-24.098158129093363,1002070560813646422822013528477583827636039613483/3820429221091589392934644056145978562127652192256,0.2622926647303076,defined
record,bank,10003,0,1,pooled_SSE,34424767795457/16777216,2051876.0559235215,521001013297073579140883668205264141117791993/340282366920938463463374607431768211456,1531084.3697584937,-177216227640982220456238478028095683374637319/340282366920938463463374607431768211456,-520791.6861650278,177216227640982220456238478028095683374637319/698217240938055799597122146233359824492429312,0.2538124486913156,defined
record,bank,10003,0,1,population_average,34424767795457/757759737856,45.42966071654611,521001013297073579140883668205264141117791993/15369193384351106640786777519263243038621696,33.899047286863876,-177216227640982220456238478028095683374637319/15369193384351106640786777519263243038621696,-11.530613429682234,177216227640982220456238478028095683374637319/698217240938055799597122146233359824492429312,0.2538124486913156,defined
record,bank,10003,0,1,absolute_group_gap,2554251996739999/512548436705280,4.983435347416184,1440196316158530356443608796647069896523333739/13860956446623761879793427612997342477303152640,0.10390309800802613,-6545321031187988790459530149752925738057297249/1341382881931331794818718801257807336513208320,-4.879532249408157,202904951966827652504245434642340697879776214719/207225540915303243573576261032281907569346215936,0.9791503068135723,defined
record,bank,10003,0,1,max_min_group_ratio,99289355671077381/89072347684117385,1.1147045997169984,470446541537736426863660225676389324030197096665/469006345221577896507216616879742254133673762926,1.003070739513083,-4663559908057520862906461734067051139161900690414143902742955781/41775496247633572726614002635196124899072904168074742458045068510,-0.11163386020391546,518173323117502318100717970451894571017988965601571544749217309/5174148646966372361126294467869299537168486173378629495866108534,0.10014658612896825,defined
record,bank,10003,1,2,Phi_A,51755279764023162271818209763820597454609773/1529569239309618393267868860405798110494720,33.836506667317174,1581547944025058635950071607764174948919827/47799038728425574789620901887681190952960,33.08744246951831,-1145745555221285921415918315366999089175309/1529569239309618393267868860405798110494720,-0.7490641977988692,1145745555221285921415918315366999089175309/51755279764023162271818209763820597454609773,0.022137752137468537,defined
record,bank,10003,1,2,Phi_B,104659964746993643351203609716660583766450967/3083638809037544355905100692546683532214272,33.9404097653252,76464890984771515890629775665881222789502413/2312729106778158266928825519410012649160704,33.0626231843011,-8120330301894866491091726486456860141343249/9250916427112633067715302077640050596642816,-0.8777865810240985,8120330301894866491091726486456860141343249/313979894240980930053610829149981751299352901,0.025862580537282676,defined
record,bank,10003,1,2,Phi,104659964746993643351203609716660583766450967/3083638809037544355905100692546683532214272,33.9404097653252,1581547944025058635950071607764174948919827/47799038728425574789620901887681190952960,33.08744246951831,-11822942537573823376314660570502815642629983897/13860956446623761879793427612997342477303152640,-0.8529672958068953,11822942537573823376314660570502815642629983897/470446541537736426863660225676389324030197096665,0.025131319913477262,defined
record,bank,10003,1,2,G,939452886759314323370876842556131578163870859591/13860956446623761879793427612997342477303152640,67.77691643264238,687677384226669916543890015447550977729488681011/10395717334967821409845070709748006857977364480,66.15006565381941,-67649123371263303937070465878190823573657854729/41582869339871285639380282838992027431909457920,-1.6268507788229676,67649123371263303937070465878190823573657854729/2818358660277942970112630527668394734491612578773,0.024003021448161545,defined
record,bank,10003,1,2,pooled_SSE,521001013297073579140883668205264141117791993/340282366920938463463374607431768211456,1531084.3697584937,127074425193573392241032067114334821154936877/85070591730234615865843651857942052864,1493752.6894903488,-12703312522780010176755399747924856498044485/340282366920938463463374607431768211456,-37331.68026814481,12703312522780010176755399747924856498044485/521001013297073579140883668205264141117791993,0.024382510203558107,defined
record,bank,10003,1,2,population_average,521001013297073579140883668205264141117791993/15369193384351106640786777519263243038621696,33.899047286863876,127074425193573392241032067114334821154936877/3842298346087776660196694379815810759655424,33.072503420501015,-12703312522780010176755399747924856498044485/15369193384351106640786777519263243038621696,-0.8265438663628573,12703312522780010176755399747924856498044485/521001013297073579140883668205264141117791993,0.024382510203558107,defined
record,bank,10003,1,2,absolute_group_gap,1440196316158530356443608796647069896523333739/13860956446623761879793427612997342477303152640,0.10390309800802613,258014273573988687128332211278784851861988141/10395717334967821409845070709748006857977364480,0.024819285217203085,-3288531854179636320817497544826070282122048653/41582869339871285639380282838992027431909457920,-0.07908381279082305,3288531854179636320817497544826070282122048653/4320588948475591069330826389941209689570001217,0.7611304600822789,defined
record,bank,10003,1,2,max_min_group_ratio,470446541537736426863660225676389324030197096665/469006345221577896507216616879742254133673762926,1.003070739513083,343967699250121952615509173829414881290675334576/343709684976547963928380841618136096438813346435,1.000750675016887,-373999090667296561690638039136238760091968692272679124795138891220734108595526947641873409899/161202023168110640285503311088287048530077802154436111753517394419742469215374772626116897268810,-0.0023200644961959877,124666363555765520563546013045412920030656230757559708265046297073578036198508982547291136633/53899010863413957876140906234783832969695755856738484020140121548859908451212022940063276046425,0.002312961992413624,defined
record,bank,10003,0,2,Phi_A,7304447559117/150827171840,48.42925495457596,1581547944025058635950071607764174948919827/47799038728425574789620901887681190952960,33.08744246951831,-733323889137513917770260270993653339133421/47799038728425574789620901887681190952960,-15.341812485057655,733323889137513917770260270993653339133421/2314871833162572553720331878757828288053248,0.31678811700587695,defined
record,bank,10003,0,2,Phi_B,19815872677223/456105394176,43.44581960715978,76464890984771515890629775665881222789502413/2312729106778158266928825519410012649160704,33.0626231843011,-24013520588540112289600140772208228115900979/2312729106778158266928825519410012649160704,-10.383196422858676,24013520588540112289600140772208228115900979/100478411573311628180229916438089450905403392,0.23899184125755443,defined
record,bank,10003,0,2,Phi,7304447559117/150827171840,48.42925495457596,1581547944025058635950071607764174948919827/47799038728425574789620901887681190952960,33.08744246951831,-733323889137513917770260270993653339133421/47799038728425574789620901887681190952960,-15.341812485057655,733323889137513917770260270993653339133421/2314871833162572553720331878757828288053248,0.31678811700587695,defined
record,bank,10003,0,2,G,94180851677597383/1025096873410560,91.87507456173574,687677384226669916543890015447550977729488681011/10395717334967821409845070709748006857977364480,66.15006565381941,-267429921046227431689770998588943662802424367053/10395717334967821409845070709748006857977364480,-25.725008907916333,267429921046227431689770998588943662802424367053/955107305272897348233661014036494640531913048064,0.2799998697212521,defined
record,bank,10003,0,2,pooled_SSE,34424767795457/16777216,2051876.0559235215,127074425193573392241032067114334821154936877/85070591730234615865843651857942052864,1493752.6894903488,-47479885040940557658248469444005134968170451/85070591730234615865843651857942052864,-558123.3664331726,47479885040940557658248469444005134968170451/174554310234513949899280536558339956123107328,0.2720063742748676,defined
record,bank,10003,0,2,population_average,34424767795457/757759737856,45.42966071654611,127074425193573392241032067114334821154936877/3842298346087776660196694379815810759655424,33.072503420501015,-47479885040940557658248469444005134968170451/3842298346087776660196694379815810759655424,-12.357157296045091,47479885040940557658248469444005134968170451/174554310234513949899280536558339956123107328,0.2720063742748676,defined
record,bank,10003,0,2,absolute_group_gap,2554251996739999/512548436705280,4.983435347416184,258014273573988687128332211278784851861988141/10395717334967821409845070709748006857977364480,0.024819285217203085,-51548370955251822206265733046791692040474565843/10395717334967821409845070709748006857977364480,-4.958616062198981,51548370955251822206265733046791692040474565843/51806385228825810893394065258070476892336553984,0.9950196433811324,defined
record,bank,10003,0,2,max_min_group_ratio,99289355671077381/89072347684117385,1.1147045997169984,343967699250121952615509173829414881290675334576/343709684976547963928380841618136096438813346435,1.000750675016887,-155225924783877525795905323476270012205809205708039245931581/1362181471084740288787630740045423293754032548686021446550001,-0.11395392470011144,57097743244271877361842611445696318769149270105215642585/558533786311861797665258643194567381141624174528831649321,0.10222791287399559,defined
record,bank,10004,0,1,Phi_A,14424259977703/301704675328,47.809202698041,1853638334080609155437925370481378526300019/54636587538743182039838085405763283451904,33.9266857170789,-5309453480018970705478527618635180705631195/382456112771202274278866597840342984163328,-13.882516980962098,5309453480018970705478527618635180705631195/18284921818583234793544005212004830389731328,0.2903733214009641,defined
record,bank,10004,0,1,Phi_B,6579982461017/152018354176,43.284131687144786,117926592342386060256669992471835837960597/3487894260939619250499589726175624167424,33.81025441712138,-7302697957130369159822788225812299270017631/770824631667655854360409329484812941000704,-9.473877270023406,7302697957130369159822788225812299270017631/33364474864797688476546856562088019459309568,0.2188764542742834,defined
record,bank,10004,0,1,Phi,14424259977703/301704675328,47.809202698041,1853638334080609155437925370481378526300019/54636587538743182039838085405763283451904,33.9266857170789,-5309453480018970705478527618635180705631195/382456112771202274278866597840342984163328,-13.882516980962098,5309453480018970705478527618635180705631195/18284921818583234793544005212004830389731328,0.2903733214009641,defined
record,bank,10004,0,1,G,124513022127217797/1366873031573504,91.09333438518578,606950102516809690291204971419092346033976809/8960400356353881854533446006545178486112256,67.73694013420027,-323760249292883002850456955674596067267624089853/13861739351279455228963240972125391118015660032,-23.356394250985506,323760249292883002850456955674596067267624089853/1262712057886387593730951046459931926582186213376,0.25640069505221535,defined
record,bank,10004,0,1,pooled_SSE,17082103680377/8388608,2036345.4437705278,130087204077259014302434115382305759304276343/85070591730234615865843651857942052864,1529167.7350708402,-43145907791466990301382475151977620632577673/85070591730234615865843651857942052864,-507177.7086996877,43145907791466990301382475151977620632577673/173233111868726004603816590534283379936854016,0.2490627070427647,defined
record,bank,10004,0,1,population_average,17082103680377/378879868928,45.08580444959766,130087204077259014302434115382305759304276343/3842298346087776660196694379815810759655424,33.85661194418014,-43145907791466990301382475151977620632577673/3842298346087776660196694379815810759655424,-11.229192505417519,43145907791466990301382475151977620632577673/173233111868726004603816590534283379936854016,0.2490627070427647,defined
record,bank,10004,0,1,absolute_group_gap,3092598765374543/683436515786752,4.525071010896212,1043271061630112692434550098799810592429423/8960400356353881854533446006545178486112256,0.11643129995752054,-61111414566732145648270554345030911722169973307/13861739351279455228963240972125391118015660032,-4.408639710938692,61111414566732145648270554345030911722169973307/62725354899073929983466803347874218708658290688,0.9742697297617743,defined
record,bank,10004,0,1,max_min_group_ratio,130698219657966883/118327824596468711,1.104543416594404,303996686789219901491819760758946078313203116/302953415727589788799385210660146267720773693,1.0034436682587802,-1410745598518271576758706242896591327600334307976974406347/13953997133949128005190125720952995553149666822890161380467,-0.10109974833562373,34408429232152965286797713241380276282934983121389619667/375921845597089967617192091135211868003656382130977680711,0.09153080523293569,defined
record,bank,10004,1,2,Phi_A,1853638334080609155437925370481378526300019/54636587538743182039838085405763283451904,33.9266857170789,806011653135174504384438386025194734898420827/24477191217356945553847462261781950986452992,32.92909084125739,-24418320532938397251752179950462844883987685/24477191217356945553847462261781950986452992,-0.9975948758215034,24418320532938397251752179950462844883987685/830429973668112901636190565975657579782408512,0.029404430604882462,defined
record,bank,10004,1,2,Phi_B,117926592342386060256669992471835837960597/3487894260939619250499589726175624167424,33.81025441712138,406950633481873725329627429311680127548981193/12333194106682493669766549271757007056011264,32.99636979372405,-10037797040803383737957664068731395479689799/12333194106682493669766549271757007056011264,-0.8138846233973245,10037797040803383737957664068731395479689799/416988430522677109067585093380411523028670992,0.024072123603576807,defined
record,bank,10004,1,2,Phi,1853638334080609155437925370481378526300019/54636587538743182039838085405763283451904,33.9266857170789,406950633481873725329627429311680127548981193/12333194106682493669766549271757007056011264,32.99636979372405,-29476107071747971303261808141927085242153533359/31683975660067326237630265079143751126892937216,-0.930315923354845,29476107071747971303261808141927085242153533359/1074932284486681571675074674043633332915486218176,0.027421361789151083,defined
record,bank,10004,1,2,G,606950102516809690291204971419092346033976809/8960400356353881854533446006545178486112256,67.73694013420027,7310732415481175693415043138543116613313959953583/110893914810235641831705927777003128944125280256,65.92546063498145,-200882053266861033628909587739570261202537034601/110893914810235641831705927777003128944125280256,-1.811479499218828,200882053266861033628909587739570261202537034601/7511614468748036727043952726282686874516496988184,0.026742859887528562,defined
record,bank,10004,1,2,pooled_SSE,130087204077259014302434115382305759304276343/85070591730234615865843651857942052864,1529167.7350708402,1013431776790397840186660336980117558772682203/680564733841876926926749214863536422912,1489104.1607011326,-27265855827674274232812586078328515661528541/680564733841876926926749214863536422912,-40063.57436970757,27265855827674274232812586078328515661528541/1040697632618072114419472923058446074434210744,0.026199594361603233,defined
record,bank,10004,1,2,population_average,130087204077259014302434115382305759304276343/3842298346087776660196694379815810759655424,33.85661194418014,1013431776790397840186660336980117558772682203/30738386768702213281573555038526486077243392,32.96958244478441,-2478714166152206748437507825302592332866231/2794398797154746661961232276229680552476672,-0.8870294993957306,27265855827674274232812586078328515661528541/1040697632618072114419472923058446074434210744,0.026199594361603233,defined
record,bank,10004,1,2,absolute_group_gap,1043271061630112692434550098799810592429423/8960400356353881854533446006545178486112256,0.11643129995752054,932603302919938648455865346103390049921105017/13861739351279455228963240972125391118015660032,0.0672789524666584,-170334257355461421685095914184979234141803091/3465434837819863807240810243031347779503915008,-0.049152347490862135,681337029421845686740383656739916936567212364/1613940332341784335196249002843306986488317381,0.4221575084087798,defined
record,bank,10004,1,2,max_min_group_ratio,303996686789219901491819760758946078313203116/302953415727589788799385210660146267720773693,1.0034436682587802,7318193241904535202602690061311943733713328793719/7303271589057816184227396215774289492914591113447,1.0020431463714257,-3098726205874547599898804991734773630734363889237773571645037202678191847188074518431066585/2212551073891327878481085715079121601742008476264792093332983054065713684502557722773176149771,-0.0014005218873545178,3098726205874547599898804991734773630734363889237773571645037202678191847188074518431066585/2220170365795417266486509577884491445974314090694838460397086301891889849111163569463509900852,0.001395715506167641,defined
record,bank,10004,0,2,Phi_A,14424259977703/301704675328,47.809202698041,806011653135174504384438386025194734898420827/24477191217356945553847462261781950986452992,32.92909084125739,-52031906179164646057482563934730630006340595/3496741602479563650549637465968850140921856,-14.880111856783602,364223343254152522402377947543114410044384165/1170234996389327026786816333568309144942804992,0.3112394898272027,defined
record,bank,10004,0,2,Phi_B,6579982461017/152018354176,43.284131687144786,406950633481873725329627429311680127548981193/12333194106682493669766549271757007056011264,32.99636979372405,-126880964354889290295122275681728183799971895/12333194106682493669766549271757007056011264,-10.28776189342073,126880964354889290295122275681728183799971895/533831597836763015624749704993408311348953088,0.23767975681665704,defined
record,bank,10004,0,2,Phi,14424259977703/301704675328,47.809202698041,406950633481873725329627429311680127548981193/12333194106682493669766549271757007056011264,32.99636979372405,-3285306060379156987112652737150505428613427238793/221787829620471283663411855554006257888250560512,-14.812832904316943,3285306060379156987112652737150505428613427238793/10603499302283692189715342798462449162326756032512,0.3098322512900619,defined
record,bank,10004,0,2,G,124513022127217797/1366873031573504,91.09333438518578,7310732415481175693415043138543116613313959953583/110893914810235641831705927777003128944125280256,65.92546063498145,-398709149658560722347509319019476971334789964775/15841987830033663118815132539571875563446468608,-25.167873750204333,2790964047609925056432565233136338799343529753425/10101696463091100749847608371679455412657489707008,0.2762866670768976,defined
record,bank,10004,0,2,pooled_SSE,17082103680377/8388608,2036345.4437705278,1013431776790397840186660336980117558772682203/680564733841876926926749214863536422912,1489104.1607011326,-372433118159410196643872387294149480722149925/680564733841876926926749214863536422912,-547241.2830693952,372433118159410196643872387294149480722149925/1385864894949808036830532724274267039494832128,0.2687369595092447,defined
record,bank,10004,0,2,population_average,17082103680377/378879868928,45.08580444959766,1013431776790397840186660336980117558772682203/30738386768702213281573555038526486077243392,32.96958244478441,-372433118159410196643872387294149480722149925/30738386768702213281573555038526486077243392,-12.116222004813249,372433118159410196643872387294149480722149925/1385864894949808036830532724274267039494832128,0.2687369595092447,defined
record,bank,10004,0,2,absolute_group_gap,3092598765374543/683436515786752,4.525071010896212,932603302919938648455865346103390049921105017/13861739351279455228963240972125391118015660032,0.0672789524666584,-61792751596153991335010938001770828658737185671/13861739351279455228963240972125391118015660032,-4.457792058429554,61792751596153991335010938001770828658737185671/62725354899073929983466803347874218708658290688,0.9851319565362283,defined
record,bank,10004,0,2,max_min_group_ratio,130698219657966883/118327824596468711,1.104543416594404,7318193241904535202602690061311943733713328793719/7303271589057816184227396215774289492914591113447,1.0020431463714257,-88578708077324750359640049080073720789375183123583344462465149492/864180239570406590079848239279459702551815305083530443857786856817,-0.10250027022297824,88578708077324750359640049080073720789375183123583344462465149492/954524594368467306462724797932092994013354866833413951027221975701,0.09279876977494772,defined
record,credit,10000,0,1,Phi_A,388433100037/22540189696,17.232911757878046,6223528623643766376288683338204378748379033/457169359958280825663043785084580592091136,13.613179641373378,-1654830614922872441998573520987851078803559/457169359958280825663043785084580592091136,-3.6197321165046685,1654830614922872441998573520987851078803559/7878359238566638818287256859192229827182592,0.210047620933816,defined
record,credit,10000,0,1,Phi_B,7613643563421/412652404736,18.450500896249306,14437521864175245922590987749643771576845557/1046198137098425305918145230548971366121472,13.799988121004443,-4865357802013606109986615257081351311457035/1046198137098425305918145230548971366121472,-4.650512775244866,4865357802013606109986615257081351311457035/19302879666188852032577603006725122888302592,0.2520534700600047,defined
record,credit,10000,0,1,Phi,7613643563421/412652404736,18.450500896249306,14437521864175245922590987749643771576845557/1046198137098425305918145230548971366121472,13.799988121004443,-4865357802013606109986615257081351311457035/1046198137098425305918145230548971366121472,-4.650512775244866,4865357802013606109986615257081351311457035/19302879666188852032577603006725122888302592,0.2520534700600047,defined
record,credit,10000,0,1,G,39565661311932331/1108797011525632,35.68341265412735,9632762344478050655225137241238942393845835697/351391799297933599625257029310635757596049408,27.41316776237782,-2906096233146412782922907972041485907181017167/351391799297933599625257029310635757596049408,-8.270244891749535,2906096233146412782922907972041485907181017167/12538858577624463438148045213280428301026852864,0.23176720713098467,defined
record,credit,10000,0,1,pooled_SSE,9167375963569/16777216,546418.1878309846,35098572351994258221470658837491921902070147/85070591730234615865843651857942052864,412581.7352169658,-11385546218950084661971804035150553701717629/85070591730234615865843651857942052864,-133836.4526140188,11385546218950084661971804035150553701717629/46484118570944342883442462872642475603787776,0.24493411016438646,defined
record,credit,10000,0,1,population_average,9167375963569/502813163520,18.232171766132286,35098572351994258221470658837491921902070147/2549565634155131437499334246182523324334080,13.766490998230424,-11385546218950084661971804035150553701717629/2549565634155131437499334246182523324334080,-4.465680767901862,11385546218950084661971804035150553701717629/46484118570944342883442462872642475603787776,0.24493411016438646,defined
record,credit,10000,0,1,absolute_group_gap,1350059197892123/1108797011525632,1.2175891383712607,262571871126683173101435118337044651600668871/1405567197191734398501028117242543030384197632,0.18680847963106353,-1448831481424908485842403307611647345160984377/1405567197191734398501028117242543030384197632,-1.030780658740197,1448831481424908485842403307611647345160984377/1711403352551591658943838425948691996761653248,0.8465751099907538,defined
record,credit,10000,0,1,max_min_group_ratio,20457860254912227/19107801057020104,1.0706548699069753,38793621249038885794001984083292814226984011659/38268477506785519447799113846618724923782673917,1.0137226191494095,-6770266367547120324301818100768820868839152545832571485427/118917946813255232175759697506108824420136484624395293079432,-0.056932250757565805,2519637650743252818869303349746490833211444937042267021/47383728647171717026460195372082655921394064737682151893,0.05317516630033393,defined
record,credit,10000,1,2,Phi_A,6223528623643766376288683338204378748379033/457169359958280825663043785084580592091136,13.613179641373378,47101690809176995901478193927015098007845/3571635624674068950492529570973285875712,13.18770887035132,-194512200069110900899474515546446203374873/457169359958280825663043785084580592091136,-0.4254707710220588,64837400023036966966491505182148734458291/2074509541214588792096227779401459582793011,0.03125432722043583,defined
record,credit,10000,1,2,Phi_B,14437521864175245922590987749643771576845557/1046198137098425305918145230548971366121472,13.799988121004443,431951975413963915311335893746784849534447/32693691784325790809942038454655355191296,13.212089300390755,-55914422811672784784385377249696035613023/95108921554402300538013202777179215101952,-0.5878988206136869,615058650928400632628239149746656391743253/14437521864175245922590987749643771576845557,0.042601400483734356,defined
record,credit,10000,1,2,Phi,14437521864175245922590987749643771576845557/1046198137098425305918145230548971366121472,13.799988121004443,431951975413963915311335893746784849534447/32693691784325790809942038454655355191296,13.212089300390755,-55914422811672784784385377249696035613023/95108921554402300538013202777179215101952,-0.5878988206136869,615058650928400632628239149746656391743253/14437521864175245922590987749643771576845557,0.042601400483734356,defined
record,credit,10000,1,2,G,9632762344478050655225137241238942393845835697/351391799297933599625257029310635757596049408,27.41316776237782,2319168145079838431634317204326474241300014709/87847949824483399906314257327658939399012352,26.399798170742073,-32371796741699720789806220357549584422343351/31944709027084872693205184482785068872368128,-1.013369591635746,356089764158696928687868423933045428645776861/9632762344478050655225137241238942393845835697,0.03696652646712749,defined
record,credit,10000,1,2,pooled_SSE,35098572351994258221470658837491921902070147/85070591730234615865843651857942052864,412581.7352169658,526155357032317907114292281600815045550137/1329227995784915872903807060280344576,395835.295901679,-1424629501925912166155952815039758986861379/85070591730234615865843651857942052864,-16746.43931528679,1424629501925912166155952815039758986861379/35098572351994258221470658837491921902070147,0.04058938601942784,defined
record,credit,10000,1,2,population_average,35098572351994258221470658837491921902070147/2549565634155131437499334246182523324334080,13.766490998230424,526155357032317907114292281600815045550137/39836963033673928710927097596601926942720,13.20771758097027,-1424629501925912166155952815039758986861379/2549565634155131437499334246182523324334080,-0.5587734172601532,1424629501925912166155952815039758986861379/35098572351994258221470658837491921902070147,0.04058938601942784,defined
record,credit,10000,1,2,absolute_group_gap,262571871126683173101435118337044651600668871/1405567197191734398501028117242543030384197632,0.18680847963106353,2141770794803649248801888668747540098103469/87847949824483399906314257327658939399012352,0.024380430039435404,-20754867128165889556418627239734910002819397/127778836108339490772820737931140275489472512,-0.16242804959162813,228303538409824785120604899637084010031013367/262571871126683173101435118337044651600668871,0.8694897036387994,defined
record,credit,10000,1,2,max_min_group_ratio,38793621249038885794001984083292814226984011659/38268477506785519447799113846618724923782673917,1.0137226191494095,1160654957937321040441559546497610890699059089/1158513187142517391192757657828863350600955620,1.0018487237077434,-28537086955074674895031655615809018509792653906369891133908333706873978774897192726161/2403346660350074800244269021487867696742945384189265272510673765850071826529165257171820,-0.011873895441666298,10620426853395859655761687985042433386599424602296200645295248867463334117937176303/906708921196153479246505980938919328158282893963830285435006715644739921653252526220,0.011713160205135208,defined
record,credit,10000,0,2,Phi_A,388433100037/22540189696,17.232911757878046,47101690809176995901478193927015098007845/3571635624674068950492529570973285875712,13.18770887035132,-14447990742124869866391000285424197517019/3571635624674068950492529570973285875712,-4.045202887526727,14447990742124869866391000285424197517019/61549681551301865767869194212439295524864,0.23473705107771226,defined
record,credit,10000,0,2,Phi_B,7613643563421/412652404736,18.450500896249306,431951975413963915311335893746784849534447/32693691784325790809942038454655355191296,13.212089300390755,-13174078011879823900516476939490403132693/2514899368025060831534002958050411937792,-5.238411595858553,171263014154437710706714200213375240725009/603214989568401626018050093960160090259456,0.2839170397223979,defined
record,credit,10000,0,2,Phi,7613643563421/412652404736,18.450500896249306,431951975413963915311335893746784849534447/32693691784325790809942038454655355191296,13.212089300390755,-13174078011879823900516476939490403132693/2514899368025060831534002958050411937792,-5.238411595858553,171263014154437710706714200213375240725009/603214989568401626018050093960160090259456,0.2839170397223979,defined
record,credit,10000,0,2,G,39565661311932331/1108797011525632,35.68341265412735,2319168145079838431634317204326474241300014709/87847949824483399906314257327658939399012352,26.399798170742073,-62734346102021340607899546076433294919746039/6757534601883338454331865948281456876847104,-9.28361448338528,815546499326277427902694098993632833956698507/3134714644406115859537011303320107075256713216,0.2601661050014924,defined
record,credit,10000,0,2,pooled_SSE,9167375963569/16777216,546418.1878309846,526155357032317907114292281600815045550137/1329227995784915872903807060280344576,395835.295901679,-200158995638687450439496200784223635759047/1329227995784915872903807060280344576,-150582.8919293056,200158995638687450439496200784223635759047/726314352671005357553788482385038681309184,0.27558177103702697,defined
record,credit,10000,0,2,population_average,9167375963569/502813163520,18.232171766132286,526155357032317907114292281600815045550137/39836963033673928710927097596601926942720,13.20771758097027,-66719665212895816813165400261407878586349/13278987677891309570309032532200642314240,-5.024454185162015,200158995638687450439496200784223635759047/726314352671005357553788482385038681309184,0.27558177103702697,defined
record,credit,10000,0,2,absolute_group_gap,1350059197892123/1108797011525632,1.2175891383712607,2141770794803649248801888668747540098103469/87847949824483399906314257327658939399012352,0.024380430039435404,-8063149133820833033476000996388131515346143/6757534601883338454331865948281456876847104,-1.1932087083318252,104820938739670829435188012953045709699499859/106962709534474478683989901621793249797603328,0.9799764721357087,defined
record,credit,10000,0,2,max_min_group_ratio,20457860254912227/19107801057020104,1.0706548699069753,1160654957937321040441559546497610890699059089/1158513187142517391192757657828863350600955620,1.0018487237077434,-61926201574411695250512302873406410627249423544410248229/900009737431026319978377396106673388179967996822514715880,-0.0688061461992321,23046595301232487997957686220099147981856875156088667/358615485055536508003630348651806512394516564013037745,0.06426547726365861,defined
record,credit,10001,0,1,Phi_A,183738950547/11278483456,16.291104319460022,46947408923735616939200865638314207144997/3574294080665638782238337185093846564864,13.134735940639956,-11281788812816760289542673870715104990171/3574294080665638782238337185093846564864,-3.156368378820066,11281788812816760289542673870715104990171/58229197736552377228743539509029312135168,0.19374796925520427,defined
record,credit,10001,0,1,Phi_B,3595096307125/206292647936,17.427166421560205,434261523778429647961204985016427582466655/32688374872342651146450423226414233812992,13.28489181473058,-135404225172232502476063345172248423421345/32688374872342651146450423226414233812992,-4.1422746068296235,27080845034446500495212669034449684684269/113933149790132430087453666037735201177600,0.2376906553038344,defined
record,credit,10001,0,1,Phi,3595096307125/206292647936,17.427166421560205,434261523778429647961204985016427582466655/32688374872342651146450423226414233812992,13.28489181473058,-135404225172232502476063345172248423421345/32688374872342651146450423226414233812992,-4.1422746068296235,27080845034446500495212669034449684684269/113933149790132430087453666037735201177600,0.2376906553038344,defined
record,credit,10001,0,1,G,18704230513562773/554720930299904,33.71827074102023,2322259917692703615136507892486596751362601519/87899040031729388932805188055827874723135488,26.419627755370538,-641543711972922968198567770996801872498281937/87899040031729388932805188055827874723135488,-7.29864298564969,641543711972922968198567770996801872498281937/2963803629665626583335075663483398623860883456,0.21645958779168553,defined
record,credit,10001,0,1,pooled_SSE,4330052109313/8388608,516182.4356690645,528156341625900881839606716293055996756649/1329227995784915872903807060280344576,397340.6693966161,-157967802797866023055148692913678633401687/1329227995784915872903807060280344576,-118841.76627244841,157967802797866023055148692913678633401687/686124144423766904894755409206734630158336,0.23023210024263668,defined
record,credit,10001,0,1,population_average,4330052109313/251406581760,17.22330449346228,528156341625900881839606716293055996756649/39836963033673928710927097596601926942720,13.257946926814018,-157967802797866023055148692913678633401687/39836963033673928710927097596601926942720,-3.965357566648262,157967802797866023055148692913678633401687/686124144423766904894755409206734630158336,0.23023210024263668,defined
record,credit,10001,0,1,absolute_group_gap,630197426155477/554720930299904,1.136062102100181,13198557187691031598852516931750787143069071/87899040031729388932805188055827874723135488,0.15015587409062348,-86660211003343430117700899339550148661711473/87899040031729388932805188055827874723135488,-0.9859062280095576,86660211003343430117700899339550148661711473/99858768191034461716553416271300935804780544,0.8678277588759999,defined
record,credit,10001,0,1,max_min_group_ratio,9667213969859125/9037016543703648,1.0697351192296483,1167729237440197323367680204709173769252835295/1154530680252506291768827687777422982109766224,1.0114319674768664,-24735958175605030692728072636154717202838713261456234895/424264511127819046032237967361400555305935203914533849056,-0.058303151752781834,1839788633365937574765940694396036980501205895236611/33756091290161837443590925540981342403480200823840725,0.05450241906124188,defined
record,credit,10001,1,2,Phi_A,46947408923735616939200865638314207144997/3574294080665638782238337185093846564864,13.134735940639956,23454118147172303512890790258394338108122013/1830038569300807056506028638768049441210368,12.816187888396959,-582955221780332359980052948422535950116451/1830038569300807056506028638768049441210368,-0.31854805224299665,582955221780332359980052948422535950116451/24037073368952635872870843206816874058238464,0.02425233774646224,defined
record,credit,10001,1,2,Phi_B,434261523778429647961204985016427582466655/32688374872342651146450423226414233812992,13.28489181473058,107735762647209287193498696266258772235764989/8368223967319718693491308345962043856125952,12.874388050313652,-3435187440068702684569779897946688875698691/8368223967319718693491308345962043856125952,-0.4105037644169278,3435187440068702684569779897946688875698691/111170950087277989878068476164205461111463680,0.030900045716725538,defined
record,credit,10001,1,2,Phi,434261523778429647961204985016427582466655/32688374872342651146450423226414233812992,13.28489181473058,107735762647209287193498696266258772235764989/8368223967319718693491308345962043856125952,12.874388050313652,-3435187440068702684569779897946688875698691/8368223967319718693491308345962043856125952,-0.4105037644169278,3435187440068702684569779897946688875698691/111170950087277989878068476164205461111463680,0.030900045716725538,defined
record,credit,10001,1,2,G,2322259917692703615136507892486596751362601519/87899040031729388932805188055827874723135488,26.419627755370538,578093302495976417257823151277186619919440327269/22502154248122723566798128142291935929122684928,25.690575938710612,-16405236433355708217122869199382148429385661595/22502154248122723566798128142291935929122684928,-0.7290518166599245,16405236433355708217122869199382148429385661595/594498538929332125474946020476568768348825988864,0.027595082845621247,defined
record,credit,10001,1,2,pooled_SSE,528156341625900881839606716293055996756649/1329227995784915872903807060280344576,397340.6693966161,65594940397190795353194743262326555171943501/170141183460469231731687303715884105728,385532.4093971122,-2009071330924517522274916423184612412907571/170141183460469231731687303715884105728,-11808.259999503924,2009071330924517522274916423184612412907571/67604011728115312875469659685511167584851072,0.02971822647159533,defined
record,credit,10001,1,2,population_average,528156341625900881839606716293055996756649/39836963033673928710927097596601926942720,13.257946926814018,7288326710798977261466082584702950574660389/566570140923362541666518721373894072074240,12.863944257494568,-2009071330924517522274916423184612412907571/5099131268310262874998668492365046648668160,-0.39400266931945027,2009071330924517522274916423184612412907571/67604011728115312875469659685511167584851072,0.02971822647159533,defined
record,credit,10001,1,2,absolute_group_gap,13198557187691031598852516931750787143069071/87899040031729388932805188055827874723135488,0.15015587409062348,1309629020715129268812837242753057164503783573/22502154248122723566798128142291935929122684928,0.058200161916692354,-2069201619333774820493407091775144344121898603/22502154248122723566798128142291935929122684928,-0.09195571217393113,2069201619333774820493407091775144344121898603/3378830640048904089306244334528201508625682176,0.6124016974416409,defined
record,credit,10001,1,2,max_min_group_ratio,1167729237440197323367680204709173769252835295/1154530680252506291768827687777422982109766224,1.0114319674768664,289701465758345773263317994259969838541972055421/288391836737630643994505157017216781377468271848,1.0045411445605743,-3520625307632197605384673459397554597477607272011221032048649421326395101920594699837/510915075078820604753861108767484777232705379848485875785973969878232369120955152797904,-0.006890822916292025,69391276052252314274967531925649086525218737603791266157894540472405704872365756449/10185221085470363599470050264226602862371929380523534107644384789472714084408243976515,0.006812937634828744,defined
record,credit,10001,0,2,Phi_A,183738950547/11278483456,16.291104319460022,23454118147172303512890790258394338108122013/1830038569300807056506028638768049441210368,12.816187888396959,-6359231093942513628225901970228669705084003/1830038569300807056506028638768049441210368,-3.4749164310630625,6359231093942513628225901970228669705084003/29813349241114817141116692228623007813206016,0.21330146581359813,defined
record,credit,10001,0,2,Phi_B,3595096307125/206292647936,17.427166421560205,107735762647209287193498696266258772235764989/8368223967319718693491308345962043856125952,12.874388050313652,-38098669084160223318441996262042285271563011/8368223967319718693491308345962043856125952,-4.552778371246552,38098669084160223318441996262042285271563011/145834431731369510511940692528301057507328000,0.261246048905233,defined
record,credit,10001,0,2,Phi,3595096307125/206292647936,17.427166421560205,107735762647209287193498696266258772235764989/8368223967319718693491308345962043856125952,12.874388050313652,-38098669084160223318441996262042285271563011/8368223967319718693491308345962043856125952,-4.552778371246552,38098669084160223318441996262042285271563011/145834431731369510511940692528301057507328000,0.261246048905233,defined
record,credit,10001,0,2,G,18704230513562773/554720930299904,33.71827074102023,578093302495976417257823151277186619919440327269/22502154248122723566798128142291935929122684928,25.690575938710612,-180640426698423988075956218574563427788945837467/22502154248122723566798128142291935929122684928,-8.027694802309615,180640426698423988075956218574563427788945837467/758733729194400405333779369851750047708386164736,0.2380814503794662,defined
record,credit,10001,0,2,pooled_SSE,4330052109313/8388608,516182.4356690645,65594940397190795353194743262326555171943501/170141183460469231731687303715884105728,385532.4093971122,-22228950089051368473333949116135477488323507/170141183460469231731687303715884105728,-130650.02627195235,22228950089051368473333949116135477488323507/87823890486242163826528692378462032660267008,0.2531082370181903,defined
record,credit,10001,0,2,population_average,4330052109313/251406581760,17.22330449346228,7288326710798977261466082584702950574660389/566570140923362541666518721373894072074240,12.863944257494568,-22228950089051368473333949116135477488323507/5099131268310262874998668492365046648668160,-4.359360235967713,22228950089051368473333949116135477488323507/87823890486242163826528692378462032660267008,0.2531082370181903,defined
record,credit,10001,0,2,absolute_group_gap,630197426155477/554720930299904,1.136062102100181,1309629020715129268812837242753057164503783573/22502154248122723566798128142291935929122684928,0.058200161916692354,-24254215636189692930624837322699982401520035691/22502154248122723566798128142291935929122684928,-1.0778619401834888,24254215636189692930624837322699982401520035691/25563844656904822199437674565453039566023819264,0.9487702636950034,defined
record,credit,10001,0,2,max_min_group_ratio,9667213969859125/9037016543703648,1.0697351192296483,289701465758345773263317994259969838541972055421/288391836737630643994505157017216781377468271848,1.0045411445605743,-13818205441606078078293985387039852947789279857719672357477/211955253713976058843432582339691456884372613364564897203424,-0.06519397466907385,5138789677056927511451835398676033078389468150881246693/84319813537772595620273344891376409464518107905221242625,0.06094403511405908,defined
record,credit,10002,0,1,Phi_A,806888419807/45130711040,17.878921054264868,94815506832873758209921105467492523612513/7151246617322847396222481984308253818880,13.258598382441054,-33041066877820128705975420795746529797791/7151246617322847396222481984308253818880,-4.620322671823817,33041066877820128705975420795746529797791/127856573710693886915896526263239053410304,0.2584229024671305,defined
record,credit,10002,0,1,Phi_B,1627843529839/82510348288,19.7289620467612,107693803973684061382950317310564221413229/8171429104087770328676153903073418280960,13.179310816000358,-53520010688663439237786846405108716181651/8171429104087770328676153903073418280960,-6.549651230760843,53520010688663439237786846405108716181651/161213814662347500620737163715672937594880,0.3319815414129232,defined
record,credit,10002,0,1,Phi,1627843529839/82510348288,19.7289620467612,94815506832873758209921105467492523612513/7151246617322847396222481984308253818880,13.258598382441054,-113780797851335249897630377971564046141012293/17584915431996881747311083199413996140625920,-6.470363664320147,113780797851335249897630377971564046141012293/346932129153371821335826376316128161704181760,0.3279627001655849,defined
record,credit,10002,0,1,G,1043397042984717/27744104611840,37.60788310102607,92981679490680934306861016239379664008887655/3516983086399376349462216639882799228125184,26.43790919844141,-196423046454563417727710853200534673995681021/17584915431996881747311083199413996140625920,-11.16997390258466,196423046454563417727710853200534673995681021/661331443907968089262015934397432994040119296,0.2970115034812982,defined
record,credit,10002,0,1,pooled_SSE,9752994488809/16777216,581323.7720018029,525590722727610003741722374709749409265429/1329227995784915872903807060280344576,395410.5122629817,-247121109632473885657122806416181394524395/1329227995784915872903807060280344576,-185913.25973882127,247121109632473885657122806416181394524395/772711832360083889398845181125930803789824,0.319810179271741,defined
record,credit,10002,0,1,population_average,9752994488809/502813163520,19.396855922649415,175196907575870001247240791569916469755143/13278987677891309570309032532200642314240,13.193543952718773,-49424221926494777131424561283236278904879/7967392606734785742185419519320385388544,-6.203311969930639,247121109632473885657122806416181394524395/772711832360083889398845181125930803789824,0.319810179271741,defined
record,credit,10002,0,1,absolute_group_gap,102655461664021/55488209223680,1.8500409924963308,1394265150668471342086915492229911081900659/17584915431996881747311083199413996140625920,0.0792875664406959,-6227709849621416413509980548518683657268713/3516983086399376349462216639882799228125184,-1.7707534260556348,31138549248107082067549902742593418286343565/32532814398775553409636818234823329368244224,0.9571428056122636,defined
record,credit,10002,0,1,max_min_group_ratio,2189449547633455/1984138624305413,1.1034760982992886,233151331302036571438195998344564115563169467/231757066151368100096109082852334204481268808,1.0060160631726234,-44815841901371173726582763169665894396652313601824424346769/459838146406634098686675928959185346988779272872477942457704,-0.09746003512666519,44815841901371173726582763169665894396652313601824424346769/507420403645969592524591567760009370972344725160512108771640,0.08832092990221865,defined
record,credit,10002,1,2,Phi_A,94815506832873758209921105467492523612513/7151246617322847396222481984308253818880,13.258598382441054,734585106846018374612724025843220577102649/57209972938582779169779855874466030551040,12.840158264619793,-4787789563394338213328963579343922359491/11441994587716555833955971174893206110208,-0.4184401178212603,23938947816971691066644817896719611797455/758524054662990065679368843739940188900104,0.031559905938128345,defined
record,credit,10002,1,2,Phi_B,107693803973684061382950317310564221413229/8171429104087770328676153903073418280960,13.179310816000358,2677836796680584836812453565704489126968771/209188585064646920414109539918679507992576,12.801065583253672,-395622925228635672955372787229774706049457/1045942925323234602070547699593397539962880,-0.3782452327466852,395622925228635672955372787229774706049457/13784806908631559857017640615752220340893312,0.02869992505886394,defined
record,credit,10002,1,2,Phi,94815506832873758209921105467492523612513/7151246617322847396222481984308253818880,13.258598382441054,734585106846018374612724025843220577102649/57209972938582779169779855874466030551040,12.840158264619793,-4787789563394338213328963579343922359491/11441994587716555833955971174893206110208,-0.4184401178212603,23938947816971691066644817896719611797455/758524054662990065679368843739940188900104,0.031559905938128345,defined
record,credit,10002,1,2,G,92981679490680934306861016239379664008887655/3516983086399376349462216639882799228125184,26.43790919844141,7214380047004104971858126804969496673963824777/281358646911950107956977331190623938250014720,25.641223847873466,-224154312250369772690754494180876446747187623/281358646911950107956977331190623938250014720,-0.7966853505679455,224154312250369772690754494180876446747187623/7438534359254474744548881299150373120711012400,0.03013420405479388,defined
record,credit,10002,1,2,pooled_SSE,525590722727610003741722374709749409265429/1329227995784915872903807060280344576,395410.5122629817,16327524410786997682513163931895327943254451/42535295865117307932921825928971026432,383858.25415586226,-491378716496522437221952058816653153239277/42535295865117307932921825928971026432,-11552.25810711937,491378716496522437221952058816653153239277/16818903127283520119735115990711981096493728,0.029215859843999634,defined
record,credit,10002,1,2,population_average,175196907575870001247240791569916469755143/13278987677891309570309032532200642314240,13.193543952718773,16327524410786997682513163931895327943254451/1274782817077565718749667123091261662167040,12.808083221750493,-491378716496522437221952058816653153239277/1274782817077565718749667123091261662167040,-0.3854607309682806,491378716496522437221952058816653153239277/16818903127283520119735115990711981096493728,0.029215859843999634,defined
record,credit,10002,1,2,absolute_group_gap,1394265150668471342086915492229911081900659/17584915431996881747311083199413996140625920,0.0792875664406959,10999063933331760832626713224420922417830787/281358646911950107956977331190623938250014720,0.039092681366120825,-11309178477363780640763934651257654892579757/281358646911950107956977331190623938250014720,-0.04019488507457507,11309178477363780640763934651257654892579757/22308242410695541473390647875678577310410544,0.5069506718261977,defined
record,credit,10002,1,2,max_min_group_ratio,233151331302036571438195998344564115563169467/231757066151368100096109082852334204481268808,1.0060160631726234,3612689555468718366345376759096958798190827782/3601690491535386605512750045872537875772996995,1.0030538615017535,-9191824342905169170610476254117036364353363608519723754040377310791401538132284350661/3103037998154349746123669514216126636963388409346543436221757549308767627642525361974840,-0.0029622016708697597,3738033486338011049455256711719006248212022614282116207417802891741114899606459679/1269502265464943842012376456141488542032047279039170839036159870475034228131279157615,0.0029444874483693733,defined
record,credit,10002,0,2,Phi_A,806888419807/45130711040,17.878921054264868,734585106846018374612724025843220577102649/57209972938582779169779855874466030551040,12.840158264619793,-288267482839532720714448184262691850179783/57209972938582779169779855874466030551040,-5.038762789645077,288267482839532720714448184262691850179783/1022852589685551095327172210105912427282432,0.2818270059111381,defined
record,credit,10002,0,2,Phi_B,1627843529839/82510348288,19.7289620467612,2677836796680584836812453565704489126968771/209188585064646920414109539918679507992576,12.801065583253672,-1449236858675511179078417825416738075460157/209188585064646920414109539918679507992576,-6.927896463507529,1449236858675511179078417825416738075460157/4127073655356096015890871391121227202428928,0.3511536211123101,defined
record,credit,10002,0,2,Phi,1627843529839/82510348288,19.7289620467612,734585106846018374612724025843220577102649/57209972938582779169779855874466030551040,12.840158264619793,-969112255492615387513922630980545894538040189/140679323455975053978488665595311969125007360,-6.888803782141408,969112255492615387513922630980545894538040189/2775457033226974570686611010529025293633454080,0.34917213413527276,defined
record,credit,10002,0,2,G,1043397042984717/27744104611840,37.60788310102607,7214380047004104971858126804969496673963824777/281358646911950107956977331190623938250014720,25.641223847873466,-3366923055523384456334128145389431230678083959/281358646911950107956977331190623938250014720,-11.966659253152605,1122307685174461485444709381796477076892694653/3527101034175829809397418316786309301547302912,0.3181955022835655,defined
record,credit,10002,0,2,pooled_SSE,9752994488809/16777216,581323.7720018029,16327524410786997682513163931895327943254451/42535295865117307932921825928971026432,383858.25415586226,-8399254224735686778249881864134457778019917/42535295865117307932921825928971026432,-197465.51784594063,8399254224735686778249881864134457778019917/24726778635522684460763045796029785721274368,0.33968250974145303,defined
record,credit,10002,0,2,population_average,9752994488809/502813163520,19.396855922649415,16327524410786997682513163931895327943254451/1274782817077565718749667123091261662167040,12.808083221750493,-2799751408245228926083293954711485926006639/424927605692521906249889041030420554055680,-6.58877270089892,8399254224735686778249881864134457778019917/24726778635522684460763045796029785721274368,0.33968250974145303,defined
record,credit,10002,0,2,absolute_group_gap,102655461664021/55488209223680,1.8500409924963308,10999063933331760832626713224420922417830787/281358646911950107956977331190623938250014720,0.039092681366120825,-509525966447077093721562378532752347474076797/281358646911950107956977331190623938250014720,-1.8109483111302098,509525966447077093721562378532752347474076797/520525030380408854554189091757173269891907584,0.9788692890997126,defined
record,credit,10002,0,2,max_min_group_ratio,2189449547633455/1984138624305413,1.1034760982992886,3612689555468718366345376759096958798190827782/3601690491535386605512750045872537875772996995,1.0030538615017535,-717642732777631498576895178878076487606596823402587823083759/7146253217048908724861395719822939709984186604268893211233935,-0.10042223679753495,717642732777631498576895178878076487606596823402587823083759/7885719617407868388225306612854936352159719025632895076467725,0.09100535748106263,defined
record,credit,10003,0,1,Phi_A,1371512610631/90244644864,15.19771741246131,986614102879700910012397035889391837151/74478306138823567503641439346333057024,13.246999751051066,-435858441530766470879789501599448539235/223434918416470702510924318038999171072,-1.9507176614102444,435858441530766470879789501599448539235/3395700750169869200916980609267624050688,0.12835596349559447,defined
record,credit,10003,0,1,Phi_B,7398857842331/412568518656,17.9336461890835,13815619964246543829712987978795112144773/1021470176385839569705547481854811045888,13.52523087177043,-1501021590585940107357645270179079102505/340490058795279856568515827284937015296,-4.408415317313072,4503064771757820322072935810537237307515/18318684736004364151785923789332349452288,0.24581812704638642,defined
record,credit,10003,0,1,Phi,7398857842331/412568518656,17.9336461890835,13815619964246543829712987978795112144773/1021470176385839569705547481854811045888,13.52523087177043,-1501021590585940107357645270179079102505/340490058795279856568515827284937015296,-4.408415317313072,4503064771757820322072935810537237307515/18318684736004364151785923789332349452288,0.24581812704638642,defined
record,credit,10003,0,1,G,12254220490320895/369867676975104,33.13136360154481,24516616999904389082395121477767835371479115/915748013129905174241023317482838102638592,26.772230622821496,-5823363390494732299639204226451973084241845/915748013129905174241023317482838102638592,-6.359132978723316,1164672678098946459927840845290394616848369/6067996078079824276406865140843961691144192,0.19193695300928723,defined
record,credit,10003,0,1,pooled_SSE,4385185226481/8388608,522754.8153973818,8387731136442823279875089543231643828113/20769187434139310514121985316880384,403854.56402861036,-2469461606644293396476362656068342923375/20769187434139310514121985316880384,-118900.25136877145,2469461606644293396476362656068342923375/10857192743087116676351452199299986751488,0.22744936606349042,defined
record,credit,10003,0,1,population_average,1461728408827/83802193920,17.44260311636242,8387731136442823279875089543231643828113/622452547401155136108235899946905108480,13.475294095048726,-493892321328858679295272531213668584675/124490509480231027221647179989381021696,-3.9673090213136954,2469461606644293396476362656068342923375/10857192743087116676351452199299986751488,0.22744936606349042,defined
record,credit,10003,0,1,absolute_group_gap,84327635081549/30822306414592,2.735928776622191,127394797994832002140132984105900352049437/457874006564952587120511658741419051319296,0.27823112071936357,-1125315872633519768918784840920646704066275/457874006564952587120511658741419051319296,-2.457697655902827,1125315872633519768918784840920646704066275/1252710670628351771058917825026547056115712,0.8983046915925673,defined
record,credit,10003,0,1,max_min_group_ratio,13266152111299483/11242288869342307,1.1800223482494072,24771406595894053086675387445979636075577989/24261827403914725078114855509556034667380241,1.0210033310144275,-5291421762529543078953045967913388793999233518348477740/33275402241421821901187950883974550874439014071455942071,-0.15901901723497983,2951155472687977177330198532020852645844525107835180/21899452477337517386138823382265656973384555958716943,0.13475932677960592,defined
record,credit,10003,1,2,Phi_A,986614102879700910012397035889391837151/74478306138823567503641439346333057024,13.246999751051066,123345142671306482134731357453557194205325/9533223185769416640466104236330631299072,12.938451168900377,-2941462497295234346855463140284960950003/9533223185769416640466104236330631299072,-0.30854858215068964,980487499098411448951821046761653650001/42095535056200572160528940197947385051776,0.023291959534173637,defined
record,credit,10003,1,2,Phi_B,13815619964246543829712987978795112144773/1021470176385839569705547481854811045888,13.52523087177043,3395130079327666316590254226234766895965299/261496365154774929844620155354831627747328,12.983469492274399,-47222877173149634605423565445593937698863/87165455051591643281540051784943875915776,-0.5417613794960318,141668631519448903816270696336781813096589/3536798710847115220406524922571548709061888,0.040055610483277174,defined
record,credit,10003,1,2,Phi,13815619964246543829712987978795112144773/1021470176385839569705547481854811045888,13.52523087177043,3395130079327666316590254226234766895965299/261496365154774929844620155354831627747328,12.983469492274399,-47222877173149634605423565445593937698863/87165455051591643281540051784943875915776,-0.5417613794960318,141668631519448903816270696336781813096589/3536798710847115220406524922571548709061888,0.040055610483277174,defined
record,credit,10003,1,2,G,24516616999904389082395121477767835371479115/915748013129905174241023317482838102638592,26.772230622821496,12153829039094701109996683449919786969872075257/468862982722511449211403938551213108550959104,25.921920661174774,-132892954952115366729872915565781580108410541/156287660907503816403801312850404369516986368,-0.8503099616467213,398678864856346100189618746697344740325231623/12552507903951047210186302196617131710197306880,0.03176089335349929,defined
record,credit,10003,1,2,pooled_SSE,8387731136442823279875089543231643828113/20769187434139310514121985316880384,403854.56402861036,4135200935355505209398642370956110061197249/10633823966279326983230456482242756608,388872.42712203483,-159317406503220309897403475178491578796607/10633823966279326983230456482242756608,-14982.136906575475,159317406503220309897403475178491578796607/4294518341858725519296045846134601639993856,0.037097852150345126,defined
record,credit,10003,1,2,population_average,8387731136442823279875089543231643828113/622452547401155136108235899946905108480,13.475294095048726,4135200935355505209398642370956110061197249/318695704269391429687416780772815415541760,12.97538962702819,-53105802167740103299134491726163859598869/106231901423130476562472260257605138513920,-0.4999044680205364,159317406503220309897403475178491578796607/4294518341858725519296045846134601639993856,0.037097852150345126,defined
record,credit,10003,1,2,absolute_group_gap,127394797994832002140132984105900352049437/457874006564952587120511658741419051319296,0.27823112071936357,21107425374310301295968205358087119059486957/468862982722511449211403938551213108550959104,0.045018323374021556,-36448282590799222965175990122118280479712177/156287660907503816403801312850404369516986368,-0.23321279734534203,109344847772397668895527970366354841439136531/130452273146707970191496175724441960498623488,0.8381981021474982,defined
record,credit,10003,1,2,max_min_group_ratio,24771406595894053086675387445979636075577989/24261827403914725078114855509556034667380241,1.0210033310144275,6087468232234505705646325827638937044465781107/6066360806860195404350357622280849925406294150,1.003479421360899,-34961117574754394980694870695916200233693289541222212861405841030087937110958892231/1995052375068316750222036003836983121822060084433132241060635654613556838055734655550,-0.017523909653528378,19498671263108976564804724314509871853705125232137318941107552164020043006669767/1136059743721693405595921781545074190722753519425565511781539046003780032058344150,0.01716342064831202,defined
record,credit,10003,0,2,Phi_A,1371512610631/90244644864,15.19771741246131,123345142671306482134731357453557194205325/9533223185769416640466104236330631299072,12.938451168900377,-64614268007823811313179445625584295872089/28599669557308249921398312708991893897216,-2.259266243560934,64614268007823811313179445625584295872089/434649696021743257717373517986255878488064,0.14865826112205885,defined
record,credit,10003,0,2,Phi_B,7398857842331/412568518656,17.9336461890835,3395130079327666316590254226234766895965299/261496365154774929844620155354831627747328,12.983469492274399,-431484404363150302088980754611438187940143/87165455051591643281540051784943875915776,-4.950176696809104,1294453213089450906266942263834314563820429/4689583292417117222857196490069081459785728,0.2760273423829648,defined
record,credit,10003,0,2,Phi,7398857842331/412568518656,17.9336461890835,3395130079327666316590254226234766895965299/261496365154774929844620155354831627747328,12.983469492274399,-431484404363150302088980754611438187940143/87165455051591643281540051784943875915776,-4.950176696809104,1294453213089450906266942263834314563820429/4689583292417117222857196490069081459785728,0.2760273423829648,defined
record,credit,10003,0,2,G,12254220490320895/369867676975104,33.13136360154481,12153829039094701109996683449919786969872075257/468862982722511449211403938551213108550959104,25.921920661174774,-3380240920789649037604891310640754959457056263/468862982722511449211403938551213108550959104,-7.209442940370037,3380240920789649037604891310640754959457056263/15534069959884350147601574760560541929329131520,0.21760175726766295,defined
record,credit,10003,0,2,pooled_SSE,4385185226481/8388608,522754.8153973818,4135200935355505209398642370956110061197249/10633823966279326983230456482242756608,388872.42712203483,-1423681749105098528893301155085483155564607/10633823966279326983230456482242756608,-133882.38827534692,1423681749105098528893301155085483155564607/5558882684460603738291943526041593216761856,0.25610933525992247,defined
record,credit,10003,0,2,population_average,1461728408827/83802193920,17.44260311636242,4135200935355505209398642370956110061197249/318695704269391429687416780772815415541760,12.97538962702819,-1423681749105098528893301155085483155564607/318695704269391429687416780772815415541760,-4.467213489334232,1423681749105098528893301155085483155564607/5558882684460603738291943526041593216761856,0.25610933525992247,defined
record,credit,10003,0,2,absolute_group_gap,84327635081549/30822306414592,2.735928776622191,21107425374310301295968205358087119059486957/468862982722511449211403938551213108550959104,0.045018323374021556,-1261668301349121912268363647469097066403002131/468862982722511449211403938551213108550959104,-2.6909104532481694,1261668301349121912268363647469097066403002131/1282775726723432213564331852827184185462489088,0.9835455060969819,defined
record,credit,10003,0,2,max_min_group_ratio,13266152111299483/11242288869342307,1.1800223482494072,6087468232234505705646325827638937044465781107/6066360806860195404350357622280849925406294150,1.003479421360899,-1468853101879705135822829206699034364221718535491442933333/8320090347246406173259347637112878293871508103025603108650,-0.1765429268885082,819215338471670460581611381315691223771175981869181781/5475679057002192215713154701470917258752279594143675450,0.14960981641611623,defined
record,credit,10004,0,1,Phi_A,1400734011621/90261422080,15.518634421464236,768572547020979517272986614582596915585179/57209972938582779169779855874466030551040,13.434240702159975,-119248108274748636591181856653570051252069/57209972938582779169779855874466030551040,-2.08439371930426,119248108274748636591181856653570051252069/887820655295728153864168471236166966837248,0.1343155372241568,defined
record,credit,10004,0,1,Phi_B,1483129572161/82510348288,17.975073465744913,6978396930173777475493676078311833183736257/522971462661617301035273849796698769981440,13.343743260211255,-2422053531656866130488156511894687791951423/522971462661617301035273849796698769981440,-4.631330205533659,2422053531656866130488156511894687791951423/9400450461830643605981832590206520975687680,0.25765292221806946,defined
record,credit,10004,0,1,Phi,1483129572161/82510348288,17.975073465744913,768572547020979517272986614582596915585179/57209972938582779169779855874466030551040,13.434240702159975,-638801281107854497034838881506948327036030759/140679323455975053978488665595311969125007360,-4.5408327635849375,638801281107854497034838881506948327036030759/2528721174232443130009112966765554142459985920,0.2526183145920599,defined
record,credit,10004,0,1,G,7434023483689129/221952836894720,33.49370788720915,1883554333670667386941036475162244470924504147/70339661727987526989244332797655984562503680,26.77798396237123,-472381749131651943239515143605399886031885229/70339661727987526989244332797655984562503680,-6.715723924837919,472381749131651943239515143605399886031885229/2355936082802319330180551618767644356956389376,0.2005070309758859,defined
record,credit,10004,0,1,pooled_SSE,4408190936213/8388608,525497.309710145,8515542024215736510039649307477027014906615/21267647932558653966460912964485513216,400398.86174621544,-2660549748206363403670520225201827894455561/21267647932558653966460912964485513216,-125098.44796392959,2660549748206363403670520225201827894455561/11176091772422099913710169532678854909362176,0.23805725672112701,defined
record,credit,10004,0,1,population_average,4408190936213/251406581760,17.534111101439606,1703108404843147302007929861495405402981323/127478281707756571874966712309126166216704,13.359988713587434,-886849916068787801223506741733942631485187/212463802846260953124944520515210277027840,-4.174122387852171,2660549748206363403670520225201827894455561/11176091772422099913710169532678854909362176,0.23805725672112701,defined
record,credit,10004,0,1,absolute_group_gap,545213614537051/221952836894720,2.456439044280677,3182779726960623016618805048180672249725507/35169830863993763494622166398827992281251840,0.09049744194872132,-16641953197620255379532373790154844100414553/7033966172798752698924433279765598456250368,-2.3659416023319557,83209765988101276897661868950774220502072765/86392545715061899914280673998954892751798272,0.9631590931761868,defined
record,credit,10004,0,1,max_min_group_ratio,3989618549113090/3444404934576039,1.15828963925351,1889919893124588632974274085258605815423955161/1877188774216746140907798865065883126425053133,1.0067820131265992,-108846416441137922134843800668923555055128696315623243869299/718422030782545148608813542241657291795498338086679933742243,-0.1515076261269109,326539249323413766404531402006770665165386088946869731607897/2496422384600664876222031290634419467300601586831591091936990,0.1308028846951907,defined
record,credit,10004,1,2,Phi_A,768572547020979517272986614582596915585179/57209972938582779169779855874466030551040,13.434240702159975,1469217837854282689144568480490514675089339/114419945877165558339559711748932061102080,12.840574487175054,-67927256187676345401404748674679156081019/114419945877165558339559711748932061102080,-0.5936662149849206,67927256187676345401404748674679156081019/1537145094041959034545973229165193831170358,0.04419052986667643,defined
record,credit,10004,1,2,Phi_B,6978396930173777475493676078311833183736257/522971462661617301035273849796698769981440,13.343743260211255,677500474062570941480653571380219709810399/52297146266161730103527384979669876998144,12.954826839202504,-203392189548068060687140364509636085632267/522971462661617301035273849796698769981440,-0.3889164210087514,203392189548068060687140364509636085632267/6978396930173777475493676078311833183736257,0.029145976014723934,defined
record,credit,10004,1,2,Phi,768572547020979517272986614582596915585179/57209972938582779169779855874466030551040,13.434240702159975,677500474062570941480653571380219709810399/52297146266161730103527384979669876998144,12.954826839202504,-67443617896272800391315978245814796033981851/140679323455975053978488665595311969125007360,-0.4794138629574727,67443617896272800391315978245814796033981851/1889919893124588632974274085258605815423955161,0.0356859664484344,defined
record,credit,10004,1,2,G,1883554333670667386941036475162244470924504147/70339661727987526989244332797655984562503680,26.77798396237123,7257759213740312797772410107551757624824631221/281358646911950107956977331190623938250014720,25.795401326377558,-276458120942356749991735793097220258873385367/281358646911950107956977331190623938250014720,-0.982582635993672,276458120942356749991735793097220258873385367/7534217334682669547764145900648977883698016588,0.03669367482534943,defined
record,credit,10004,1,2,pooled_SSE,8515542024215736510039649307477027014906615/21267647932558653966460912964485513216,400398.86174621544,8244222578479992103951104194292711773193329/21267647932558653966460912964485513216,387641.48271699133,-135659722867872203044272556592157620856643/10633823966279326983230456482242756608,-12757.37902922407,271319445735744406088545113184315241713286/8515542024215736510039649307477027014906615,0.03186167656318182,defined
record,credit,10004,1,2,population_average,1703108404843147302007929861495405402981323/127478281707756571874966712309126166216704,13.359988713587434,8244222578479992103951104194292711773193329/637391408538782859374833561545630831083520,12.934317074307351,-135659722867872203044272556592157620856643/318695704269391429687416780772815415541760,-0.4256716392800824,271319445735744406088545113184315241713286/8515542024215736510039649307477027014906615,0.03186167656318182,defined
record,credit,10004,1,2,absolute_group_gap,3182779726960623016618805048180672249725507/35169830863993763494622166398827992281251840,0.09049744194872132,32145887172950532559422320499406452735262019/281358646911950107956977331190623938250014720,0.11425235202744786,6683649357265548426471880113961074737457963/281358646911950107956977331190623938250014720,0.02375491007872655,-6683649357265548426471880113961074737457963/25462237815684984132950440385445377997804056,-0.2624926137932918,defined
record,credit,10004,1,2,max_min_group_ratio,1889919893124588632974274085258605815423955161/1877188774216746140907798865065883126425053133,1.0067820131265992,3644952550456631665165916214025582038779946620/3612806663283681132606493893526175586044684601,1.0088977601540774,1594314146332290738361398451412656578427462444009909107994482930830510690586611132509411/753546679081287344626359455060173297664422813303680728042117661788105890283816332627989437,0.002115747027478184,-4782942438996872215084195354237969735282387332029727323983448792491532071759833397528233/2275971727650965439386882039226900389605697652021068877275929340096820000318466142737058587,-0.0021014946630876457,defined
record,credit,10004,0,2,Phi_A,1400734011621/90261422080,15.518634421464236,1469217837854282689144568480490514675089339/114419945877165558339559711748932061102080,12.840574487175054,-306423472737173618583768461981819258585157/114419945877165558339559711748932061102080,-2.678059934289181,102141157579057872861256153993939752861719/591880436863818769242778980824111311224832,0.17257059233157043,defined
record,credit,10004,0,2,Phi_B,1483129572161/82510348288,17.975073465744913,677500474062570941480653571380219709810399/52297146266161730103527384979669876998144,12.954826839202504,-262544572120493419117529687640432387758369/52297146266161730103527384979669876998144,-5.02024662654241,262544572120493419117529687640432387758369/940045046183064360598183259020652097568768,0.27928935234170205,defined
record,credit,10004,0,2,Phi,1483129572161/82510348288,17.975073465744913,677500474062570941480653571380219709810399/52297146266161730103527384979669876998144,12.954826839202504,-262544572120493419117529687640432387758369/52297146266161730103527384979669876998144,-5.02024662654241,262544572120493419117529687640432387758369/940045046183064360598183259020652097568768,0.27928935234170205,defined
record,credit,10004,0,2,G,7434023483689129/221952836894720,33.49370788720915,7257759213740312797772410107551757624824631221/281358646911950107956977331190623938250014720,25.795401326377558,-2165985117468964522949796367518819803000926283/281358646911950107956977331190623938250014720,-7.698306560831591,2165985117468964522949796367518819803000926283/9423744331209277320722206475070577427825557504,0.22984336600640992,defined
record,credit,10004,0,2,pooled_SSE,4408190936213/8388608,525497.309710145,8244222578479992103951104194292711773193329/21267647932558653966460912964485513216,387641.48271699133,-2931869193942107809759065338386143136168847/21267647932558653966460912964485513216,-137855.82699315366,2931869193942107809759065338386143136168847/11176091772422099913710169532678854909362176,0.26233402996714195,defined
record,credit,10004,0,2,population_average,4408190936213/251406581760,17.534111101439606,8244222578479992103951104194292711773193329/637391408538782859374833561545630831083520,12.934317074307351,-2931869193942107809759065338386143136168847/637391408538782859374833561545630831083520,-4.599794027132254,2931869193942107809759065338386143136168847/11176091772422099913710169532678854909362176,0.26233402996714195,defined
record,credit,10004,0,2,absolute_group_gap,545213614537051/221952836894720,2.456439044280677,32145887172950532559422320499406452735262019/281358646911950107956977331190623938250014720,0.11425235202744786,-658994478547544666754823071492232689279124157/281358646911950107956977331190623938250014720,-2.3421866922532293,658994478547544666754823071492232689279124157/691140365720495199314245391991639142014386176,0.9534886272494889,defined
record,credit,10004,0,2,max_min_group_ratio,3989618549113090/3444404934576039,1.15828963925351,3644952550456631665165916214025582038779946620/3612806663283681132606493893526175586044684601,1.0088977601540774,-84001081157995703694742346516782140116903198852680519610/562286796741381115735564784386062174445600191702490416469,-0.14939187909943272,93681503150181082187444996115370416487252638125666007/726346807756043918337510803182287635161314425174097193,0.12897627159620645,defined
client,adult,10000,0,1,Phi_A,351573533373/3124756480,112.51229835772675,2484864885768852287336244374345894058747229/25747146278353820458146742757630274437120,96.51030288579716,-412005718161326503538462129064884799838883/25747146278353820458146742757630274437120,-16.001995471929586,412005718161326503538462129064884799838883/2896870603930178790874706503410778858586112,0.14222441195763427,defined
client,adult,10000,0,1,Phi_B,17632415235535/169256943616,104.17543209062292,163763997341907137298754761904479942613229811/1716469329340943844325127363537696800636928,95.4074707555573,-15049936712487419878425271139886877532659469/1716469329340943844325127363537696800636928,-8.767961335065625,15049936712487419878425271139886877532659469/178813934054394557177180033044366820145889280,0.08416534646516576,defined
client,adult,10000,0,1,Phi,351573533373/3124756480,112.51229835772675,2484864885768852287336244374345894058747229/25747146278353820458146742757630274437120,96.51030288579716,-412005718161326503538462129064884799838883/25747146278353820458146742757630274437120,-16.001995471929586,412005718161326503538462129064884799838883/2896870603930178790874706503410778858586112,0.14222441195763427,defined
client,adult,10000,0,1,G,27323547716207617/126096422993920,216.68773044834967,3190442115861430867989108756762555585756101584591/16624005454667041132288858515862593514168647680,191.91777364135444,-411775897071355377103206363090354188306979510577/16624005454667041132288858515862593514168647680,-24.76995680699521,411775897071355377103206363090354188306979510577/3602218012932786245092315119852909774063081095168,0.11431176447205188,defined
client,adult,10000,0,1,pooled_SSE,26773327103233/8388608,3191629.302887082,243279673686510410493514581883548552493141139/85070591730234615865843651857942052864,2859738.820883825,-28234119693649867991656059269963191127503725/85070591730234615865843651857942052864,-331890.48200325714,28234119693649867991656059269963191127503725/271513793380160278485170641153511743620644864,0.10398779134626815,defined
client,adult,10000,0,1,population_average,26773327103233/250500612096,106.87928815508279,243279673686510410493514581883548552493141139/2540378010248266098985823131781865582624768,95.76514703917437,-1045708136801846962653928121109747819537175/94088074453639485147623078954883910467584,-11.114141115908417,28234119693649867991656059269963191127503725/271513793380160278485170641153511743620644864,0.10398779134626815,defined
client,adult,10000,0,1,absolute_group_gap,1051249015260467/126096422993920,8.336866267103828,18333487348689618512229018672779097337840145521/16624005454667041132288858515862593514168647680,1.1028321302398667,-120258622950474054058108861110745370499365596047/16624005454667041132288858515862593514168647680,-7.2340341368639605,120258622950474054058108861110745370499365596047/138592110299163672570337879783524467837205741568,0.8677162263485626,defined
client,adult,10000,0,1,max_min_group_ratio,14187398365734042/13136149350473575,1.0800271820312828,1604387801605060243250668887717667341546970865056/1586054314256370624738439869044888244209130719535,1.0115591800254868,-1914773970582845971758809068063652503589833704980499934073846/27965968255080046157571693321313557706004492235887331050676225,-0.06846800200579593,47449421880924963368161993062983905030228321975033452299/748476133402151338945418454624975525853039185256050772539,0.06339470260093209,defined
client,adult,10000,1,2,Phi_A,2484864885768852287336244374345894058747229/25747146278353820458146742757630274437120,96.51030288579716,501896470267947458697098690300832570808982353/5273015557806862429828452916762680204722176,95.1820575467247,-35019291687567448746820787826032662112250731/26365077789034312149142264583813401023610880,-1.3282453390724518,35019291687567448746820787826032662112250731/2544501643027304742232314239330195516157162496,0.013762731017891373,defined
client,adult,10000,1,2,Phi_B,163763997341907137298754761904479942613229811/1716469329340943844325127363537696800636928,95.4074707555573,2607081489366099265920780034060203515795527185/27463509269455101509202037816603148810190848,94.92892782881515,-13142468104414930859296156411475566016149791/27463509269455101509202037816603148810190848,-0.47854292674213983,4380822701471643619765385470491855338716597/873407985823504732260025396823893027270558992,0.005015780451493267,defined
client,adult,10000,1,2,Phi,2484864885768852287336244374345894058747229/25747146278353820458146742757630274437120,96.51030288579716,501896470267947458697098690300832570808982353/5273015557806862429828452916762680204722176,95.1820575467247,-35019291687567448746820787826032662112250731/26365077789034312149142264583813401023610880,-1.3282453390724518,35019291687567448746820787826032662112250731/2544501643027304742232314239330195516157162496,0.013762731017891373,defined
client,adult,10000,1,2,G,3190442115861430867989108756762555585756101584591/16624005454667041132288858515862593514168647680,191.91777364135444,20226598770400644430308462126149127201404709251171/106393634909869063246648694501520598490679345152,190.11098537553985,-961153855562565624109169585656142737171704451057/531968174549345316233243472507602992453396725760,-1.8067882658145917,961153855562565624109169585656142737171704451057/102094147707565787775651480216401778744195250706912,0.009414387378164463,defined
client,adult,10000,1,2,pooled_SSE,243279673686510410493514581883548552493141139/85070591730234615865843651857942052864,2859738.820883825,7723645330071935825327053519624569885635966135/2722258935367507707706996859454145691648,2837219.204142032,-61304227896397310465413100648983794144550313/2722258935367507707706996859454145691648,-22519.616741792852,61304227896397310465413100648983794144550313/7784949557968333135792466620273553679780516448,0.007874710997150777,defined
client,adult,10000,1,2,population_average,243279673686510410493514581883548552493141139/2540378010248266098985823131781865582624768,95.76514703917437,7723645330071935825327053519624569885635966135/81292096327944515167546340217019698643992576,95.01102418264122,-8757746842342472923630442949854827734935759/11613156618277787881078048602431385520570368,-0.7541228565331475,61304227896397310465413100648983794144550313/7784949557968333135792466620273553679780516448,0.007874710997150777,defined
client,adult,10000,1,2,absolute_group_gap,18333487348689618512229018672779097337840145521/16624005454667041132288858515862593514168647680,1.1028321302398667,26931390792107317954258422250670361020964621791/106393634909869063246648694501520598490679345152,0.2531297179095548,-452014641197531202620036486275579309706061547717/531968174549345316233243472507602992453396725760,-0.849702412330312,452014641197531202620036486275579309706061547717/586671595158067792391328597528931114810884656672,0.770473029422439,defined
client,adult,10000,1,2,max_min_group_ratio,1604387801605060243250668887717667341546970865056/1586054314256370624738439869044888244209130719535,1.0115591800254868,10126765080596375874131360274199898781212836936481/10099833689804268556177101851949228420191872314690,1.002666518243691,-377137589508358524758671533986675110130218112275086498378750003850420933359793598049825227/42409977885405394628089184637058046967995131612806524333356643325287163201597625416755928810,-0.00889266178179601,242988980701227180545310499173652001372495190542505054216372604948975176372965097618463/27640513054992134577842908089933577748044700774213132526593573545708633596472928908460224,0.008791044515627799,defined
client,adult,10000,0,2,Phi_A,351573533373/3124756480,112.51229835772675,501896470267947458697098690300832570808982353/5273015557806862429828452916762680204722176,95.1820575467247,-456913147084765788370206007988474697147266923/26365077789034312149142264583813401023610880,-17.330240811002035,456913147084765788370206007988474697147266923/2966395498424503081855699459492637551192178688,0.15402974664957494,defined
client,adult,10000,0,2,Phi_B,17632415235535/169256943616,104.17543209062292,2607081489366099265920780034060203515795527185/27463509269455101509202037816603148810190848,94.92892782881515,-253941455504213648914100494649665606538701295/27463509269455101509202037816603148810190848,-9.246504261807765,50788291100842729782820098929933121307740259/572204588974062582966976105741973824466845696,0.08875897201716589,defined
client,adult,10000,0,2,Phi,351573533373/3124756480,112.51229835772675,501896470267947458697098690300832570808982353/5273015557806862429828452916762680204722176,95.1820575467247,-456913147084765788370206007988474697147266923/26365077789034312149142264583813401023610880,-17.330240811002035,456913147084765788370206007988474697147266923/2966395498424503081855699459492637551192178688,0.15402974664957494,defined
client,adult,10000,0,2,G,27323547716207617/126096422993920,216.68773044834967,20226598770400644430308462126149127201404709251171/106393634909869063246648694501520598490679345152,190.11098537553985,-14137982561845937691411773204547476762995048789521/531968174549345316233243472507602992453396725760,-26.576745072809803,14137982561845937691411773204547476762995048789521/115270976413849159842954083835293112770018595045376,0.12264997661759494,defined
client,adult,10000,0,2,pooled_SSE,26773327103233/8388608,3191629.302887082,7723645330071935825327053519624569885635966135/2722258935367507707706996859454145691648,2837219.204142032,-964796058093193086198406997287805910224669513/2722258935367507707706996859454145691648,-354410.09874505,964796058093193086198406997287805910224669513/8688441388165128911525460516912375795860635648,0.11104362853933504,defined
client,adult,10000,0,2,population_average,26773327103233/250500612096,106.87928815508279,7723645330071935825327053519624569885635966135/81292096327944515167546340217019698643992576,95.01102418264122,-964796058093193086198406997287805910224669513/81292096327944515167546340217019698643992576,-11.868263972441564,964796058093193086198406997287805910224669513/8688441388165128911525460516912375795860635648,0.11104362853933504,defined
client,adult,10000,0,2,absolute_group_gap,1051249015260467/126096422993920,8.336866267103828,26931390792107317954258422250670361020964621791/106393634909869063246648694501520598490679345152,0.2531297179095548,-4300290575612700932479520041819431165685760621221/531968174549345316233243472507602992453396725760,-8.083736549194272,4300290575612700932479520041819431165685760621221/4434947529573237522250812153072782970790583730176,0.9696373061772178,defined
client,adult,10000,0,2,max_min_group_ratio,14187398365734042/13136149350473575,1.0800271820312828,10126765080596375874131360274199898781212836936481/10099833689804268556177101851949228420191872314690,1.002666518243691,-13776732146362598229381814200211713372484833008875711583792869/178084461428474460082013867730011039133478988229517321990509150,-0.07736066378759195,682793881467145672269505585578218435470329236698999434197/9532440850480941586773113673140113189497791377965152948052,0.07162844146394012,defined
client,adult,10001,0,1,Phi_A,19032484747429/162487336960,117.13211074481629,20148598442730137444971316826143904519036789/205977170226830563665173942061042195496960,97.81957107451116,-61199111864351622543531327910813993168331/3168879541951239441002676031708341469184,-19.312539670305117,3977942271182855465329536314202909555941515/24126540713912992910300853140346814074978304,0.16487826905449837,defined
client,adult,10001,0,1,Phi_B,4314000610885/42314235904,101.95151864900375,326632600854079067871689050115768439331051815/3432938658681887688650254727075393601273856,95.14664645347699,-23360708827413319870947465807790064100484825/3432938658681887688650254727075393601273856,-6.804872195526763,4672141765482663974189493161558012820096965/69998661936298477548527303184711700686307328,0.06674615822991725,defined
client,adult,10001,0,1,Phi,19032484747429/162487336960,117.13211074481629,20148598442730137444971316826143904519036789/205977170226830563665173942061042195496960,97.81957107451116,-61199111864351622543531327910813993168331/3168879541951239441002676031708341469184,-19.312539670305117,3977942271182855465329536314202909555941515/24126540713912992910300853140346814074978304,0.16487826905449837,defined
client,adult,10001,0,1,G,718267212080244733/3278506997841920,219.08362939382002,6415742905503483638154798527180061826766079161499/33248010909334082264577717031725187028337295360,192.96621752798816,-13359261455980766165257825231412671072231555621/511507860143601265608887954334233646589804544,-26.11741186583188,868351994638749800741758640041823619695051115365/7284094900142233438896557167221885446461130276864,0.11921206499132704,defined
client,adult,10001,0,1,pooled_SSE,53544489634509/16777216,3191500.2843444943,487821388395920167431459584724919675483346127/170141183460469231731687303715884105728,2867156.431348446,-55184246996876163593583756321413340548016945/170141183460469231731687303715884105728,-324343.8529960486,18394748998958721197861252107137780182672315/181001878464265443675014447015444338677121024,0.10162739279299983,defined
client,adult,10001,0,1,population_average,17848163211503/167000408064,106.8749676627317,162607129465306722477153194908306558494448709/1693585340165510732657215421187910388416512,96.01354334433212,-18394748998958721197861252107137780182672315/1693585340165510732657215421187910388416512,-10.86142431839959,18394748998958721197861252107137780182672315/181001878464265443675014447015444338677121024,0.10162739279299983,defined
client,adult,10001,0,1,absolute_group_gap,49769677417505133/3278506997841920,15.180592095812534,88869426959972093480181626437627156923605504949/33248010909334082264577717031725187028337295360,2.67292462103418,-6397770225411596843715480420691231970287077771/511507860143601265608887954334233646589804544,-12.507667474778355,138618354883917931613835409114976692689553351705/168241497203908629440562617927519078330755186688,0.8239248769636931,defined
client,adult,10001,0,1,max_min_group_ratio,384018444748874933/334248767331369800,1.1489001075901175,1084102055410575955272496692269614830614947444408/1054478913090585257445769483457072444973745609425,1.0280926834593287,-175857827746582277392330525283236803533089510905507932337433/1455687256076203399668231854845664457372940514190731716349160,-0.12080742413078895,43578784692120304651913199505188284564873249468580049645/414441999584554961184419967971482400550126880861812468909,0.10515050293118111,defined
client,adult,10001,1,2,Phi_A,20148598442730137444971316826143904519036789/205977170226830563665173942061042195496960,97.81957107451116,323322212791358900314022934284131793706745521023/3374729956996391955090209866728115331022192640,95.80683992834943,-6792424094331671584387120595409937933153229953/3374729956996391955090209866728115331022192640,-2.0127311461617294,6792424094331671584387120595409937933153229953/330114636885690571898410054879541731639898750976,0.02057595554808343,defined
client,adult,10001,1,2,Phi_B,326632600854079067871689050115768439331051815/3432938658681887688650254727075393601273856,95.14664645347699,667144322480962031991030431737750387720490558855/7030658372980505986355721681050406095408857088,94.89073243053049,-1799244068191899010188742899343376029503558265/7030658372980505986355721681050406095408857088,-0.2559140229464948,359848813638379802037748579868675205900711653/133788713309830786200243834927418752749998823424,0.0026896799045001214,defined
client,adult,10001,1,2,Phi,20148598442730137444971316826143904519036789/205977170226830563665173942061042195496960,97.81957107451116,323322212791358900314022934284131793706745521023/3374729956996391955090209866728115331022192640,95.80683992834943,-6792424094331671584387120595409937933153229953/3374729956996391955090209866728115331022192640,-2.0127311461617294,6792424094331671584387120595409937933153229953/330114636885690571898410054879541731639898750976,0.02057595554808343,defined
client,adult,10001,1,2,G,6415742905503483638154798527180061826766079161499/33248010909334082264577717031725187028337295360,192.96621752798816,6492482525359682905734585238215519853346977720095873/34045963171158100238927582240486591517017390448640,190.69757235887994,-77238209875884339735928453616863457261487341279103/34045963171158100238927582240486591517017390448640,-2.268645169108224,25746069958628113245309484538954485753829113759701/2189906911745189081823504563944127770202821687124992,0.011756696058879716,defined
client,adult,10001,1,2,pooled_SSE,487821388395920167431459584724919675483346127/170141183460469231731687303715884105728,2867156.431348446,495233267636160466152526683010941090713618039939/174224571863520493293247799005065324265472,2842499.552956878,-4295834081261785297287931747376656981328394109/174224571863520493293247799005065324265472,-24656.878391567774,4295834081261785297287931747376656981328394109/499529101717422251449814614758317747694946434048,0.008599767393916297,defined
client,adult,10001,1,2,population_average,162607129465306722477153194908306558494448709/1693585340165510732657215421187910388416512,96.01354334433212,495233267636160466152526683010941090713618039939/5202694164988448970722965773889260713215524864,95.18784920490516,-4295834081261785297287931747376656981328394109/5202694164988448970722965773889260713215524864,-0.8256941394269565,4295834081261785297287931747376656981328394109/499529101717422251449814614758317747694946434048,0.008599767393916297,defined
client,adult,10001,1,2,absolute_group_gap,88869426959972093480181626437627156923605504949/33248010909334082264577717031725187028337295360,2.67292462103418,15594881065782812950727753417703674137013328792599/17022981585579050119463791120243295758508695224320,0.9161074978189457,-29906265537722898911125239318361430207872689741289/17022981585579050119463791120243295758508695224320,-1.7568171232152345,29906265537722898911125239318361430207872689741289/45501146603505711861852992736065104344886018533888,0.6572639981652401,defined
client,adult,10001,1,2,max_min_group_ratio,1084102055410575955272496692269614830614947444408/1054478913090585257445769483457072444973745609425,1.0280926834593287,6523672287491248531636040745050927201621004377681071/6461292763228117279833129731380112505072951062510675,1.0096543410968992,-2594236492558348850781931313643813997968196947651468516532866090401580723447295295299256546977/140697924008855949378718879741510090446522783659339311057261487265144648729839961482444161041675,-0.018438342362429312,128573945212784301471077529545711156166337758222306017571138726788005190238751811235528401/7169078963741954252522133214654365639551986662291954984932244721946765649898623516221182184,0.017934513744799676,defined
client,adult,10001,0,2,Phi_A,19032484747429/162487336960,117.13211074481629,323322212791358900314022934284131793706745521023/3374729956996391955090209866728115331022192640,95.80683992834943,-71967030265391575528346243567310408097699011713/3374729956996391955090209866728115331022192640,-21.325270816466848,71967030265391575528346243567310408097699011713/395289243056750475842369177851442201804444532736,0.1820616966676715,defined
client,adult,10001,0,2,Phi_B,4314000610885/42314235904,101.95151864900375,667144322480962031991030431737750387720490558855/7030658372980505986355721681050406095408857088,94.89073243053049,-49641975746734378105889152873697427307296479865/7030658372980505986355721681050406095408857088,-7.060786218473258,1418342164192410803025404367819926494494185139/20479608520791326002769130988898509000793915392,0.06925631233392378,defined
client,adult,10001,0,2,Phi,19032484747429/162487336960,117.13211074481629,323322212791358900314022934284131793706745521023/3374729956996391955090209866728115331022192640,95.80683992834943,-71967030265391575528346243567310408097699011713/3374729956996391955090209866728115331022192640,-21.325270816466848,71967030265391575528346243567310408097699011713/395289243056750475842369177851442201804444532736,0.1820616966676715,defined
client,adult,10001,0,2,G,718267212080244733/3278506997841920,219.08362939382002,6492482525359682905734585238215519853346977720095873/34045963171158100238927582240486591517017390448640,190.69757235887994,-966430652385964135695489301019690843829219683412863/34045963171158100238927582240486591517017390448640,-28.386057034940105,966430652385964135695489301019690843829219683412863/7458913177745647041430074539235210697176197403508736,0.12956722103555232,defined
client,adult,10001,0,2,pooled_SSE,53544489634509/16777216,3191500.2843444943,495233267636160466152526683010941090713618039939/174224571863520493293247799005065324265472,2842499.552956878,-60804503006062976817117698220503917702497745789/174224571863520493293247799005065324265472,-349000.73138761637,60804503006062976817117698220503917702497745789/556037770642223442969644381231445008416115785728,0.10935318824804616,defined
client,adult,10001,0,2,population_average,17848163211503/167000408064,106.8749676627317,495233267636160466152526683010941090713618039939/5202694164988448970722965773889260713215524864,95.18784920490516,-60804503006062976817117698220503917702497745789/5202694164988448970722965773889260713215524864,-11.687118457826546,60804503006062976817117698220503917702497745789/556037770642223442969644381231445008416115785728,0.10935318824804616,defined
client,adult,10001,0,2,absolute_group_gap,49769677417505133/3278506997841920,15.180592095812534,15594881065782812950727753417703674137013328792599/17022981585579050119463791120243295758508695224320,0.9161074978189457,-242824058639420841869976427718965630179026637960169/17022981585579050119463791120243295758508695224320,-14.264484597993588,242824058639420841869976427718965630179026637960169/258418939705203654820704181136669304316039966752768,0.9396527163079728,defined
client,adult,10001,0,2,max_min_group_ratio,384018444748874933/334248767331369800,1.1489001075901175,6523672287491248531636040745050927201621004377681071/6461292763228117279833129731380112505072951062510675,1.0096543410968992,-887163293559273910599447190124179634730256426359620433716063401/6371204783468097739384810549036631154519940238893888404990559400,-0.13924576649321826,43969038685596169430512325426187224797058850491134481524313/362783261198650399602849869845306028959973359345639535269537,0.12119919353588891,defined
client,adult,10002,0,1,Phi_A,19079500517639/162487336960,117.42146110952547,526166062390452021460908003210100804152040133/5273015557806862429828452916762680204722176,99.78465957898548,-35768895715572773701711449530375678675083779/2028082906848793242241712660293338540277760,-17.636801530539984,464995644302446058122248843894883822776089127/3095825956254706165426788859945387843536289792,0.15020083521264624,defined
client,adult,10002,0,1,Phi_B,2159697182891/21157117952,102.07898768588385,10546222742122576812517916211043695045810046765/109854037077820406036808151266412595240763392,96.0021408648974,-667566155988879566629670929254962772494530771/109854037077820406036808151266412595240763392,-6.076846820986441,667566155988879566629670929254962772494530771/11213788898111456379147587140298657818304577536,0.0595308295933149,defined
client,adult,10002,0,1,Phi,19079500517639/162487336960,117.42146110952547,526166062390452021460908003210100804152040133/5273015557806862429828452916762680204722176,99.78465957898548,-35768895715572773701711449530375678675083779/2028082906848793242241712660293338540277760,-17.636801530539984,464995644302446058122248843894883822776089127/3095825956254706165426788859945387843536289792,0.15020083521264624,defined
client,adult,10002,0,1,G,719633757405191463/3278506997841920,219.5004487954093,41660938733195732159880685262332045154485488110887/212787269819738126493297389003041196981358690304,195.7868004438829,-1940754803917938987097968676643727402762756242161/81841257622976202497422072693477383454368727040,-23.713648351526423,25229812450933206832273592796368456235915831148093/233534506116911867631677019108028682008343271702528,0.10803462353568717,defined
client,adult,10002,0,1,pooled_SSE,53634655443895/16777216,3196874.5853838325,15807883366027097027126996243144703087330448095/5444517870735015415413993718908291383296,2903449.624253509,-1597557444593771682874168617044730418046709025/5444517870735015415413993718908291383296,-293424.9611303232,319511488918754336574833723408946083609341805/3481088162124173742000232972037886701075431424,0.09178494598188722,defined
client,adult,10002,0,1,population_average,53634655443895/501001224192,107.05493889839369,752756350763195096529856963959271575587164195/7742104412185191920718699068287590347046912,97.22890711451039,-1597557444593771682874168617044730418046709025/162584192655889030335092680434039397287985152,-9.826031783883302,319511488918754336574833723408946083609341805/3481088162124173742000232972037886701075431424,0.09178494598188722,defined
client,adult,10002,0,1,absolute_group_gap,50300406483612743/3278506997841920,15.342473423641623,804871830212869588186277860748770547017366943277/212787269819738126493297389003041196981358690304,3.782518714088082,-946081231494508432819758992053832871745905393371/81841257622976202497422072693477383454368727040,-11.55995470955354,12299056009428609626656866896699827332696770113823/16323415160492957567588256200443680067783604830208,0.7534609570670985,defined
client,adult,10002,0,1,max_min_group_ratio,384967081944402103/334666675460789360,1.1503000154238725,3033272183100614410576211651648629692964489646726/2918290493070204469406743385827376757676294369115,1.0394003579504667,-11183341052901771634456924429122834321960839118010651075143481/100841980107860927201073617350558922860447720132315385868983440,-0.11089965747340573,554261835401782803908258136944185672892939441840246373353/5749047493356111380114974885816280262713715630596694211081,0.09640933320559895,defined
client,adult,10002,1,2,Phi_A,526166062390452021460908003210100804152040133/5273015557806862429828452916762680204722176,99.78465957898548,10255164201646317855886138454705218059240454763/105460311156137248596569058335253604094443520,97.24193006090444,-268157046162722573332021609496798023800347897/105460311156137248596569058335253604094443520,-2.5427295180810514,268157046162722573332021609496798023800347897/10523321247809040429218160064202016083040802660,0.025482168589935707,defined
client,adult,10002,1,2,Phi_B,10546222742122576812517916211043695045810046765/109854037077820406036808151266412595240763392,96.0021408648974,42604598385503046507232125523322375576965951437/439416148311281624147232605065650380963053568,96.9572887779309,419707417012739257160460679147595393725764377/439416148311281624147232605065650380963053568,0.9551479130334993,-419707417012739257160460679147595393725764377/42184890968490307250071664844174780183240187060,-0.00994923555275363,defined
client,adult,10002,1,2,Phi,526166062390452021460908003210100804152040133/5273015557806862429828452916762680204722176,99.78465957898548,10255164201646317855886138454705218059240454763/105460311156137248596569058335253604094443520,97.24193006090444,-268157046162722573332021609496798023800347897/105460311156137248596569058335253604094443520,-2.5427295180810514,268157046162722573332021609496798023800347897/10523321247809040429218160064202016083040802660,0.025482168589935707,defined
client,adult,10002,1,2,G,41660938733195732159880685262332045154485488110887/212787269819738126493297389003041196981358690304,195.7868004438829,826462431556832516178972366894551577025504551173447/4255745396394762529865947780060823939627173806080,194.19921883883532,-6756343107082127018641338352089326064205211044293/4255745396394762529865947780060823939627173806080,-1.587581605047552,6756343107082127018641338352089326064205211044293/833218774663914643197613705246640903089709762217740,0.008108726438392307,defined
client,adult,10002,1,2,pooled_SSE,15807883366027097027126996243144703087330448095/5444517870735015415413993718908291383296,2903449.624253509,63114926788795682219004402432732811695446860963/21778071482940061661655974875633165533184,2898095.308312171,-116606675312705889503582539846000653874931417/21778071482940061661655974875633165533184,-5354.315941338065,116606675312705889503582539846000653874931417/63231533464108388108507984972578812349321792380,0.0018441222112523083,defined
client,adult,10002,1,2,population_average,752756350763195096529856963959271575587164195/7742104412185191920718699068287590347046912,97.22890711451039,63114926788795682219004402432732811695446860963/650336770623556121340370721736157589151940608,97.04960512732474,-116606675312705889503582539846000653874931417/650336770623556121340370721736157589151940608,-0.17930198718565618,116606675312705889503582539846000653874931417/63231533464108388108507984972578812349321792380,0.0018441222112523083,defined
client,adult,10002,1,2,absolute_group_gap,804871830212869588186277860748770547017366943277/212787269819738126493297389003041196981358690304,3.782518714088082,1211360829638505333886095507797162099674071838757/4255745396394762529865947780060823939627173806080,0.2846412829735314,-14886075774618886429839461707178248840673267026783/4255745396394762529865947780060823939627173806080,-3.4978774311145506,14886075774618886429839461707178248840673267026783/16097436604257391763725557214975410940347338865540,0.92474821554395,defined
client,adult,10002,1,2,max_min_group_ratio,3033272183100614410576211651648629692964489646726/2918290493070204469406743385827376757676294369115,1.0394003579504667,413836896193235510756429231201174369562589311506102/412625535363597005422543135693377207462915239667345,1.0029357388862787,-4533740693133441479704289027848784549035987261293409884949719138762757648467531714868739106404/124332594429487722868534004935951972991003538491892914642353280656292882253951822061921642668255,-0.03646461906418791,112349226672286303209205754766535772142439095536834263888331246933705646242442675196231826/3202441967460963918980426283761784533993920229599871969014794762738827024733787191564717303,0.03508236146472989,defined
client,adult,10002,0,2,Phi_A,19079500517639/162487336960,117.42146110952547,10255164201646317855886138454705218059240454763/105460311156137248596569058335253604094443520,97.24193006090444,-425627924674501361164203397015266662980940881/21092062231227449719313811667050720818888704,-20.179531048621033,2128139623372506805821016985076333314904704405/12383303825018824661707155439781551374145159168,0.17185556079734413,defined
client,adult,10002,0,2,Phi_B,2159697182891/21157117952,102.07898768588385,42604598385503046507232125523322375576965951437/439416148311281624147232605065650380963053568,96.9572887779309,-2250557206942779009358223037872255696252358707/439416148311281624147232605065650380963053568,-5.121698907952942,2250557206942779009358223037872255696252358707/44855155592445825516590348561194631273218310144,0.050173880286835996,defined
client,adult,10002,0,2,Phi,19079500517639/162487336960,117.42146110952547,10255164201646317855886138454705218059240454763/105460311156137248596569058335253604094443520,97.24193006090444,-425627924674501361164203397015266662980940881/21092062231227449719313811667050720818888704,-20.179531048621033,2128139623372506805821016985076333314904704405/12383303825018824661707155439781551374145159168,0.17185556079734413,defined
client,adult,10002,0,2,G,719633757405191463/3278506997841920,219.5004487954093,826462431556832516178972366894551577025504551173447/4255745396394762529865947780060823939627173806080,194.19921883883532,-21535118582162990869547141907512630201573707127333/851149079278952505973189556012164787925434761216,-25.301229956573977,107675592910814954347735709537563151007868535636665/934138024467647470526708076432114728033373086810112,0.11526732676595389,defined
client,adult,10002,0,2,pooled_SSE,53634655443895/16777216,3196874.5853838325,63114926788795682219004402432732811695446860963/21778071482940061661655974875633165533184,2898095.308312171,-6506836453687792621000257008024922326061767517/21778071482940061661655974875633165533184,-298779.2770716612,6506836453687792621000257008024922326061767517/69621763242483474840004659440757734021508628480,0.09345980553559573,defined
client,adult,10002,0,2,population_average,53634655443895/501001224192,107.05493889839369,63114926788795682219004402432732811695446860963/650336770623556121340370721736157589151940608,97.04960512732474,-2168945484562597540333419002674974108687255839/216778923541185373780123573912052529717313536,-10.005333771068958,6506836453687792621000257008024922326061767517/69621763242483474840004659440757734021508628480,0.09345980553559573,defined
client,adult,10002,0,2,absolute_group_gap,50300406483612743/3278506997841920,15.342473423641623,1211360829638505333886095507797162099674071838757/4255745396394762529865947780060823939627173806080,0.2846412829735314,-12816459962466664987293385858795511634292069496415/851149079278952505973189556012164787925434761216,-15.057832140668092,64082299812333324936466929293977558171460347482075/65293660641971830270353024801774720271134419320832,0.9814474970812125,defined
client,adult,10002,0,2,max_min_group_ratio,384967081944402103/334666675460789360,1.1503000154238725,413836896193235510756429231201174369562589311506102/412625535363597005422543135693377207462915239667345,1.0029357388862787,-161628450440162914647481443154656700359442080886082801953435223/1096795330847570646158363152322358529136598774724771806111254640,-0.14736427653759365,104136881385841199901732604500695698303650049636669297982587/812874456950007079508146829879359488587793041727319635897243,0.12810942759423644,defined
client,adult,10003,0,1,Phi_A,19379709313183/162487336960,119.26904382680456,263696092565550110256380552473160460377069375/2636507778903431214914226458381340102361088,100.0171873853624,-253788346330971837039879076257949093524048837/13182538894517156074571132291906700511805440,-19.251856441442154,253788346330971837039879076257949093524048837/1572268809158722388321781838623751395409395712,0.16141536666797263,defined
client,adult,10003,0,1,Phi_B,8679456170935/84628471808,102.55952855472127,2599207791838318673201660983230980490131049677/27463509269455101509202037816603148810190848,94.64223112700154,-217436771295214100739935781174502483807269683/27463509269455101509202037816603148810190848,-7.917297427719739,217436771295214100739935781174502483807269683/2816644563133532773941596764405482973938319360,0.07719709264747075,defined
client,adult,10003,0,1,Phi,19379709313183/162487336960,119.26904382680456,263696092565550110256380552473160460377069375/2636507778903431214914226458381340102361088,100.0171873853624,-253788346330971837039879076257949093524048837/13182538894517156074571132291906700511805440,-19.251856441442154,253788346330971837039879076257949093524048837/1572268809158722388321781838623751395409395712,0.16141536666797263,defined
client,adult,10003,0,1,G,727266526874115291/3278506997841920,221.82857238152582,2588815388121481961158651932942341954602993000931/13299204363733632905831086812690074811334918144,194.65941851236394,-1806640648478541830404979540582923853927035066001/66496021818668164529155434063450374056674590720,-27.169153869161892,1806640648478541830404979540582923853927035066001/14750717589085951636198239205294633626942000070656,0.12247815318593547,defined
client,adult,10003,0,1,pooled_SSE,54097533996923/16777216,3224464.297111213,489711031833258653060445468199597849002049569/170141183460469231731687303715884105728,2878262.7572767446,-58903139703273242222476857179056447166414815/170141183460469231731687303715884105728,-346201.53983446845,58903139703273242222476857179056447166414815/548614171536531895282922325378654296168464384,0.10736714937257306,defined
client,adult,10003,0,1,population_average,54097533996923/501001224192,107.97884592831068,163237010611086217686815156066532616334016523/1693585340165510732657215421187910388416512,96.38546504844768,-58903139703273242222476857179056447166414815/5080756020496532197971646263563731165249536,-11.593380879862984,58903139703273242222476857179056447166414815/548614171536531895282922325378654296168464384,0.10736714937257306,defined
client,adult,10003,0,1,absolute_group_gap,54782262750071491/3278506997841920,16.709515272083287,142965283452140652325686541366274699822142777513/26598408727467265811662173625380149622669836288,5.374956258360873,-1507406166962935095143681040490791152180663252147/132992043637336329058310868126900748113349181440,-11.334559013722414,1507406166962935095143681040490791152180663252147/2222232584223638356772113747322164651291377139712,0.6783296121497401,defined
client,adult,10003,0,1,max_min_group_ratio,391024394812093391/336242132062021900,1.162925039804252,5320596059695104574642990407250958609028128779375/5034665492790823269991617324518409209383843224349,1.0567923663078922,-92756047726993754055260832525169173517288636275342646535072207/873963169599936275717354771860247225787922651653250313961926300,-0.1061326734963598,4597117892996667198060208778568130719001270569229451679391/50371891450386884807214445200986073394645277445516523991891,0.0912635551421478,defined
client,adult,10003,1,2,Phi_A,263696092565550110256380552473160460377069375/2636507778903431214914226458381340102361088,100.0171873853624,4049708264562604925835946115480998661456995/41195434045366112733034788412208439099392,98.30478445992095,-4514763633543395002880001082376546043821695/2636507778903431214914226458381340102361088,-1.7124029254414574,902952726708679000576000216475309208764339/52739218513110022051276110494632092075413875,0.017121086587284586,defined
client,adult,10003,1,2,Phi_B,2599207791838318673201660983230980490131049677/27463509269455101509202037816603148810190848,94.64223112700154,40866265252740736087313156679433453395059951/429117332335235961081281840884424200159232,95.23331306696114,16233184337088436386381044252760527152787187/27463509269455101509202037816603148810190848,0.5910819399596167,-16233184337088436386381044252760527152787187/2599207791838318673201660983230980490131049677,-0.006245435393069261,defined
client,adult,10003,1,2,Phi,263696092565550110256380552473160460377069375/2636507778903431214914226458381340102361088,100.0171873853624,4049708264562604925835946115480998661456995/41195434045366112733034788412208439099392,98.30478445992095,-4514763633543395002880001082376546043821695/2636507778903431214914226458381340102361088,-1.7124029254414574,902952726708679000576000216475309208764339/52739218513110022051276110494632092075413875,0.017121086587284586,defined
client,adult,10003,1,2,G,2588815388121481961158651932942341954602993000931/13299204363733632905831086812690074811334918144,194.65941851236394,80434459724319242694858734630061354609224456601/415600136366676028307221462896564837854216192,193.5380975268821,-14912676943266194923172424780378607107810389699/13299204363733632905831086812690074811334918144,-1.121320985481841,14912676943266194923172424780378607107810389699/2588815388121481961158651932942341954602993000931,0.005760425023619493,defined
client,adult,10003,1,2,pooled_SSE,489711031833258653060445468199597849002049569/170141183460469231731687303715884105728,2878262.7572767446,30557403287776880358246443628419223351172463/10633823966279326983230456482242756608,2873604.3952464093,-792579228828567328502370144890275383290161/170141183460469231731687303715884105728,-4658.36203033533,792579228828567328502370144890275383290161/489711031833258653060445468199597849002049569,0.0016184630880409327,defined
client,adult,10003,1,2,population_average,163237010611086217686815156066532616334016523/1693585340165510732657215421187910388416512,96.38546504844768,30557403287776880358246443628419223351172463/317547251281033262373227891472733197828096,96.22946873104311,-792579228828567328502370144890275383290161/5080756020496532197971646263563731165249536,-0.15599631740457204,792579228828567328502370144890275383290161/489711031833258653060445468199597849002049569,0.0016184630880409327,defined
client,adult,10003,1,2,absolute_group_gap,142965283452140652325686541366274699822142777513/26598408727467265811662173625380149622669836288,5.374956258360873,638251964880218446866575070999377691496665757/207800068183338014153610731448282418927108096,3.071471392959799,-61269031947472691126764932278354355310569560617/26598408727467265811662173625380149622669836288,-2.303484865401074,61269031947472691126764932278354355310569560617/142965283452140652325686541366274699822142777513,0.4285588113983157,defined
client,adult,10003,1,2,max_min_group_ratio,5320596059695104574642990407250958609028128779375/5034665492790823269991617324518409209383843224349,1.0567923663078922,81710963654079679588591884772060109992217788115/79157955794558805801125584488062599226231125087,1.032252069092673,-5049116469885768542702506636427811538200482942098112961662639779738547015528655080452121770/205747975487210435920991885666550574555272779128019151831059990024785680631224591499997946899,-0.02454029721521915,50048237794377445038434917345768067980378479874095385455346580559434475051084453392002/2155254892979009042976373391044722822134434568250003269062455415331825553700868762220125,0.023221493642081658,defined
client,adult,10003,0,2,Phi_A,19379709313183/162487336960,119.26904382680456,4049708264562604925835946115480998661456995/41195434045366112733034788412208439099392,98.30478445992095,-4318158820292012688348110651091122245986833/205977170226830563665173942061042195496960,-20.96425936688361,4318158820292012688348110651091122245986833/24566700143105037317527841228496115553271808,0.17577284678601657,defined
client,adult,10003,0,2,Phi_B,8679456170935/84628471808,102.55952855472127,40866265252740736087313156679433453395059951/429117332335235961081281840884424200159232,95.23331306696114,-3143806046220713505524292764402218072726289/429117332335235961081281840884424200159232,-7.326215487760123,3143806046220713505524292764402218072726289/44010071298961449592837449443835671467786240,0.07143378670906404,defined
client,adult,10003,0,2,Phi,19379709313183/162487336960,119.26904382680456,4049708264562604925835946115480998661456995/41195434045366112733034788412208439099392,98.30478445992095,-4318158820292012688348110651091122245986833/205977170226830563665173942061042195496960,-20.96425936688361,4318158820292012688348110651091122245986833/24566700143105037317527841228496115553271808,0.17577284678601657,defined
client,adult,10003,0,2,G,727266526874115291/3278506997841920,221.82857238152582,80434459724319242694858734630061354609224456601/415600136366676028307221462896564837854216192,193.5380975268821,-58787626037339775156901302015150527795815219203/2078000681833380141536107314482824189271080960,-28.290474854643733,6531958448593308350766811335016725310646135467/51217769406548443181243886129495255649104166912,0.127533051991096,defined
client,adult,10003,0,2,pooled_SSE,54097533996923/16777216,3224464.297111213,30557403287776880358246443628419223351172463/10633823966279326983230456482242756608,2873604.3952464093,-3730982433256363096936201707746670159356561/10633823966279326983230456482242756608,-350859.90186480375,196367496487177005101905353039298429439819/1804651880054381234483297122956099658448896,0.10881184269248631,defined
client,adult,10003,0,2,population_average,54097533996923/501001224192,107.97884592831068,30557403287776880358246443628419223351172463/317547251281033262373227891472733197828096,96.22946873104311,-3730982433256363096936201707746670159356561/317547251281033262373227891472733197828096,-11.749377197267556,196367496487177005101905353039298429439819/1804651880054381234483297122956099658448896,0.10881184269248631,defined
client,adult,10003,0,2,absolute_group_gap,54782262750071491/3278506997841920,16.709515272083287,638251964880218446866575070999377691496665757/207800068183338014153610731448282418927108096,3.071471392959799,-14169932239846082427949263295957522880730555119/1039000340916690070768053657241412094635540480,-13.638043879123488,14169932239846082427949263295957522880730555119/17361192064247174662282138650954411338213883904,0.8161842912288827,defined
client,adult,10003,0,2,max_min_group_ratio,391024394812093391/336242132062021900,1.162925039804252,81710963654079679588591884772060109992217788115/79157955794558805801125584488062599226231125087,1.032252069092673,-1795572084274479660391426665542340312951782342255131227133341/13740960157993667362126474613076472793933749895178600774926900,-0.13067297071157893,88991033566659050423324907842709040637943318741890827533/791976341313546468467029518351822959996331122559319634033,0.11236577271874232,defined
client,adult,10004,0,1,Phi_A,4973395372947/40621834240,122.43158060178722,156453426013288821129702619779602490383293211/1647817361814644509321391536488337563975680,94.94585361146811,-45291458136745206632670719039339648988325093/1647817361814644509321391536488337563975680,-27.48572699031911,45291458136745206632670719039339648988325093/201744884150034027762373338818942139371618304,0.2244986698302732,defined
client,adult,10004,0,1,Phi_B,5223621716679/42314235904,123.44832903352052,651840297188055635577724407912985394308415639/6865877317363775377300509454150787202547712,94.93911222962785,-195740784989652961598957771879032912464871273/6865877317363775377300509454150787202547712,-28.509216803892684,195740784989652961598957771879032912464871273/847581082177708597176682179792018306773286912,0.2309404835779627,defined
client,adult,10004,0,1,Phi,5223621716679/42314235904,123.44832903352052,156453426013288821129702619779602490383293211/1647817361814644509321391536488337563975680,94.94585361146811,-947650613775425337894073696349809202085934753013/33248010909334082264577717031725187028337295360,-28.502475422052417,947650613775425337894073696349809202085934753013/4104411390445553881828083455642848650549641871360,0.2308858746424425,defined
client,adult,10004,0,1,G,201529751092023849/819626749460480,245.87990963530774,12626594831606575918438280409223342440804419700409/66496021818668164529155434063450374056674590720,189.88496584109595,-3723441004275005001540700216761945952497149081927/66496021818668164529155434063450374056674590720,-55.99494379421179,3723441004275005001540700216761945952497149081927/16350035835881580919978980625985288393301568782336,0.22773289561259485,defined
client,adult,10004,0,1,pooled_SSE,15420638806305/4194304,3676566.793037653,964747149214633277837129647472190375075002061/340282366920938463463374607431768211456,2835137.0596842696,-286323701263143374864299209957712210441521459/340282366920938463463374607431768211456,-841429.7333533833,95441233754381124954766403319237403480507153/417023616825925550900476285809967528505507840,0.22886289865501863,defined
client,adult,10004,0,1,population_average,5140212935435/41750102016,123.1185718651682,321582383071544425945709882490730125025000687/3387170680331021465314430842375820776833024,94.94129862983958,-13634461964911589279252343331319629068643879/483881525761574495044918691767974396690432,-28.17727323532862,95441233754381124954766403319237403480507153/417023616825925550900476285809967528505507840,0.22886289865501863,defined
client,adult,10004,0,1,absolute_group_gap,833354212120611/819626749460480,1.0167484317333069,448275073938257297758627948815353050408772979/66496021818668164529155434063450374056674590720,0.0067413818402653385,-13432290165339270007118913727458171169317986025/13299204363733632905831086812690074811334918144,-1.0100070498930414,22387150275565450011864856212430285282196643375/22536575300211535777784398862035402965666234368,0.9933696658584731,defined
client,adult,10004,0,1,max_min_group_ratio,33727184217357410/33449399479983873,1.008304625544616,6313521553340257087868019518586078896927414236694/6313073278266318830570260890637263543877005463715,1.0000710074244634,-1738680870598023569576237165940604774694104356002262599216542288/211168510031141489460032491814965813455799156592773575401086668195,-0.008233618120152558,869340435299011784788118582970302387347052178001131299608271144/106461092716882296552742182616753797507020345014124197354470689075,0.008165804174215039,defined
client,adult,10004,1,2,Phi_A,156453426013288821129702619779602490383293211/1647817361814644509321391536488337563975680,94.94585361146811,307983026813438285725060286697973700509784687/3295634723629289018642783072976675127951360,93.45180902641864,-984765042627871306868990572246256051360347/659126944725857803728556614595335025590272,-1.4940445850494732,4923825213139356534344952861231280256801735/312906852026577642259405239559204980766586422,0.015735753887297865,defined
client,adult,10004,1,2,Phi_B,651840297188055635577724407912985394308415639/6865877317363775377300509454150787202547712,94.93911222962785,640070539461801867787983531769573835305152141/6865877317363775377300509454150787202547712,93.22487278400185,-5884878863126883894870438071705779501631749/3432938658681887688650254727075393601273856,-1.7142394456259944,11769757726253767789740876143411559003263498/651840297188055635577724407912985394308415639,0.018056198392500115,defined
client,adult,10004,1,2,Phi,156453426013288821129702619779602490383293211/1647817361814644509321391536488337563975680,94.94585361146811,307983026813438285725060286697973700509784687/3295634723629289018642783072976675127951360,93.45180902641864,-984765042627871306868990572246256051360347/659126944725857803728556614595335025590272,-1.4940445850494732,4923825213139356534344952861231280256801735/312906852026577642259405239559204980766586422,0.015735753887297865,defined
client,adult,10004,1,2,G,12626594831606575918438280409223342440804419700409/66496021818668164529155434063450374056674590720,189.88496584109595,775828544168893461287572619368333621882270257199/4156001363666760283072214628965648378542161920,186.6766818104205,-42667624980856107567423699866000898137619117045/13299204363733632905831086812690074811334918144,-3.2082840306754674,213338124904280537837118499330004490688095585225/12626594831606575918438280409223342440804419700409,0.016895934949164432,defined
client,adult,10004,1,2,pooled_SSE,964747149214633277837129647472190375075002061/340282366920938463463374607431768211456,2835137.0596842696,237013391568810038378260954616886883953734207/85070591730234615865843651857942052864,2786079.02858367,-16693582939393124324085829004642839260065233/340282366920938463463374607431768211456,-49058.03110059984,16693582939393124324085829004642839260065233/964747149214633277837129647472190375075002061,0.01730358358973414,defined
client,adult,10004,1,2,population_average,321582383071544425945709882490730125025000687/3387170680331021465314430842375820776833024,94.94129862983958,237013391568810038378260954616886883953734207/2540378010248266098985823131781865582624768,93.29847393288024,-16693582939393124324085829004642839260065233/10161512040993064395943292527127462330499072,-1.642824696959341,16693582939393124324085829004642839260065233/964747149214633277837129647472190375075002061,0.01730358358973414,defined
client,adult,10004,1,2,absolute_group_gap,448275073938257297758627948815353050408772979/66496021818668164529155434063450374056674590720,0.0067413818402653385,7545178663596600773960449758346380127763572007/33248010909334082264577717031725187028337295360,0.22693624241678648,2928416450650988850032454313575481441023674207/13299204363733632905831086812690074811334918144,0.22019486057652113,-14642082253254944250162271567877407205118371035/448275073938257297758627948815353050408772979,-32.663163991294454,defined
client,adult,10004,1,2,max_min_group_ratio,6313521553340257087868019518586078896927414236694/6313073278266318830570260890637263543877005463715,1.0000710074244634,6214173532014744291074541404705015355185925629599/6199083174687551089526620505188322594930398485585,1.0024342885717055,734582718186817687993336522184410353419495556427771585566519753120926829930939727246002839/310831709144754516216519300226448613060784772486348090098071523998698751191340119611256158755,0.002363281147242034,-473290149002757096888208097754737304577164208433415800781323129829610387525510058690491/200282457577945762515858424694737974989352754009402294658552402461968530776256037934829502,-0.0023631133486494314,defined
client,adult,10004,0,2,Phi_A,4973395372947/40621834240,122.43158060178722,307983026813438285725060286697973700509784687/3295634723629289018642783072976675127951360,93.45180902641864,-95506741486629769799686390939910578233451921/3295634723629289018642783072976675127951360,-28.979771575368584,95506741486629769799686390939910578233451921/403489768300068055524746677637884278743236608,0.23670176790109615,defined
client,adult,10004,0,2,Phi_B,5223621716679/42314235904,123.44832903352052,640070539461801867787983531769573835305152141/6865877317363775377300509454150787202547712,93.22487278400185,-207510542715906729388698648022444471468134771/6865877317363775377300509454150787202547712,-30.223456249518676,69170180905302243129566216007481490489378257/282527027392569532392227393264006102257762304,0.2448267747821192,defined
client,adult,10004,0,2,Phi,5223621716679/42314235904,123.44832903352052,307983026813438285725060286697973700509784687/3295634723629289018642783072976675127951360,93.45180902641864,-1994649248876363472581625506580681945913358113121/66496021818668164529155434063450374056674590720,-29.996520007101893,1994649248876363472581625506580681945913358113121/8208822780891107763656166911285697301099283742720,0.2429884652303134,defined
client,adult,10004,0,2,G,201529751092023849/819626749460480,245.87990963530774,775828544168893461287572619368333621882270257199/4156001363666760283072214628965648378542161920,186.6766818104205,-246048695573705346211113669755746902699077791697/4156001363666760283072214628965648378542161920,-59.203227824887264,246048695573705346211113669755746902699077791697/1021877239742598807498686289124080524581348048896,0.24078107037170401,defined
client,adult,10004,0,2,pooled_SSE,15420638806305/4194304,3676566.793037653,237013391568810038378260954616886883953734207/85070591730234615865843651857942052864,2786079.02858367,-75754321050634124797096259740588762425396673/85070591730234615865843651857942052864,-890487.764453983,75754321050634124797096259740588762425396673/312767712619444163175357214357475646379130880,0.2422063339472868,defined
client,adult,10004,0,2,population_average,5140212935435/41750102016,123.1185718651682,237013391568810038378260954616886883953734207/2540378010248266098985823131781865582624768,93.29847393288024,-75754321050634124797096259740588762425396673/2540378010248266098985823131781865582624768,-29.82009793228796,75754321050634124797096259740588762425396673/312767712619444163175357214357475646379130880,0.2422063339472868,defined
client,adult,10004,0,2,absolute_group_gap,833354212120611/819626749460480,1.0167484317333069,7545178663596600773960449758346380127763572007/33248010909334082264577717031725187028337295360,0.22693624241678648,-5251936857344140578543229706941344864147155909/6649602181866816452915543406345037405667459072,-0.7898121893165203,26259684286720702892716148534706724320735779545/33804862950317303666676598293053104448499351552,0.7768019744766994,defined
client,adult,10004,0,2,max_min_group_ratio,33727184217357410/33449399479983873,1.008304625544616,6214173532014744291074541404705015355185925629599/6199083174687551089526620505188322594930398485585,1.0024342885717055,-405749100368102088292511538749206275095313373267602649595492641/69118536506590182654042329078660939766683316553810414653140990235,-0.005870336972910523,405749100368102088292511538749206275095313373267602649595492641/69692540070469280443509488912947956623733459465065729244892644950,0.005821987546412153,defined
client,bank,10000,0,1,Phi_A,12870268746301/286856839168,44.866522212368885,97162019811591697034545501759991297617664171/2909073954807102924148389518934186439737344,33.39963896450147,-33358011399184976274814513728322779528849237/2909073954807102924148389518934186439737344,-11.466883247867415,33358011399184976274814513728322779528849237/130520031210776673309360015488314077146513408,0.25557771546434244,defined
client,bank,10000,0,1,Phi_B,3058036176677/72293023744,42.300570903023036,293099462407215543056136832977642911673670753/8797660314373943034382087100540935338983424,33.3156148264032,-79046591501671383909455959174827528539022239/8797660314373943034382087100540935338983424,-8.984956076619842,79046591501671383909455959174827528539022239/372146053908886926965592792152470440212692992,0.21240744237751472,defined
client,bank,10000,0,1,Phi,12870268746301/286856839168,44.866522212368885,97162019811591697034545501759991297617664171/2909073954807102924148389518934186439737344,33.39963896450147,-33358011399184976274814513728322779528849237/2909073954807102924148389518934186439737344,-11.466883247867415,33358011399184976274814513728322779528849237/130520031210776673309360015488314077146513408,0.25557771546434244,defined
client,bank,10000,0,1,G,107744290576634355/1236066119974912,87.16709311539192,5017734164328177412718053187628684260505300744431/75211198027582839000932462622524456212969291776,66.71525379090467,-1538207337462317037650993432917657683418969294609/75211198027582839000932462622524456212969291776,-20.451839324487256,1538207337462317037650993432917657683418969294609/6555941501790494450369046620546341943924270039040,0.2346279839504695,defined
client,bank,10000,0,1,pooled_SSE,31218485806363/16777216,1860766.7569138408,487423502030398937125227836497625506908999095/340282366920938463463374607431768211456,1432408.9327368743,-145762614300041336459084986631473087596720713/340282366920938463463374607431768211456,-428357.82417696645,145762614300041336459084986631473087596720713/633186116330440273584312823129098594505719808,0.2302050069334943,defined
client,bank,10000,0,1,population_average,31218485806363/720614981632,43.32200495701809,69631928861485562446461119499660786701285585/2087972603426878411811266591201329745494016,33.34906250551486,-145762614300041336459084986631473087596720713/14615808223988148882678866138409308218458112,-9.972942451503222,145762614300041336459084986631473087596720713/633186116330440273584312823129098594505719808,0.2302050069334943,defined
client,bank,10000,0,1,absolute_group_gap,3171685478987663/1236066119974912,2.5659513093458446,6319556089606057544225617376945756708878209637/75211198027582839000932462622524456212969291776,0.08402413809827139,-186668715966739715567115442946456600458767052187/75211198027582839000932462622524456212969291776,-2.481927171247573,186668715966739715567115442946456600458767052187/192988272056345773111341060323402357167645261824,0.9672541962147785,defined
client,bank,10000,0,1,max_min_group_ratio,55457988027811009/52286302548823346,1.0606599687561773,2512026860208891735131139402502815008607089477034/2505707304119285677586913785125869251898211267397,1.0025220647596058,-890968446530946432603244739233404603754942847835840858847741/15325087168321146532456422285668679036562000417851848763799538,-0.05813790399657162,206769191582953453841551343521328522570188639553455757449/3772268850577211066865387083431476869588353759843960634653,0.05481295203848337,defined
client,bank,10000,1,2,Phi_A,97162019811591697034545501759991297617664171/2909073954807102924148389518934186439737344,33.39963896450147,379092980638938609313982283605942123290470143/11636295819228411696593558075736745758949376,32.578492892257515,-9555098607428178824199723434023067180186541/11636295819228411696593558075736745758949376,-0.8211460722439562,9555098607428178824199723434023067180186541/388648079246366788138182007039965190470656684,0.024585477499224004,defined
client,bank,10000,1,2,Phi_B,293099462407215543056136832977642911673670753/8797660314373943034382087100540935338983424,33.3156148264032,381461034906125146296602030285692126178148027/11730213752498590712509449467387913785311232,32.51952973362247,-903701448725378494669072292048234456781901/1135181976048250714113817690392378753417216,-0.796085092780725,28014744910486733334741241053495268160238931/1172397849628862172224547331910571646694683012,0.023895254430358403,defined
client,bank,10000,1,2,Phi,97162019811591697034545501759991297617664171/2909073954807102924148389518934186439737344,33.39963896450147,379092980638938609313982283605942123290470143/11636295819228411696593558075736745758949376,32.578492892257515,-9555098607428178824199723434023067180186541/11636295819228411696593558075736745758949376,-0.8211460722439562,9555098607428178824199723434023067180186541/388648079246366788138182007039965190470656684,0.024585477499224004,defined
client,bank,10000,1,2,G,5017734164328177412718053187628684260505300744431/75211198027582839000932462622524456212969291776,66.71525379090467,6528133694558836810757550077028391205214259175197/100281597370110452001243283496699274950625722368,65.09802262587998,-15694695923748361890308468368695594399304046843/9704670713236495354959027435164445962963779584,-1.6172311650246813,486535573636199218599562519429563426378425452133/20070936657312709650872212750514737042021202977724,0.024240800613504667,defined
client,bank,10000,1,2,pooled_SSE,487423502030398937125227836497625506908999095/340282366920938463463374607431768211456,1432408.9327368743,1902569065996252657517770658068960625115384367/1361129467683753853853498429727072845824,1397786.9932048942,-47124942125343090983140687921541402520612013/1361129467683753853853498429727072845824,-34621.93953198003,645547152401960150453982026322484966035781/26708137097556106143848100630006877090904060,0.024170429784899902,defined
client,bank,10000,1,2,population_average,69631928861485562446461119499660786701285585/2087972603426878411811266591201329745494016,33.34906250551486,146351466615096358270597742928381586547337259/4497171761227122733131958811818248682602496,32.543001331833075,-47124942125343090983140687921541402520612013/58463232895952595530715464553637232873832448,-0.806061173681785,645547152401960150453982026322484966035781/26708137097556106143848100630006877090904060,0.024170429784899902,defined
client,bank,10000,1,2,absolute_group_gap,6319556089606057544225617376945756708878209637/75211198027582839000932462622524456212969291776,0.08402413809827139,5912919733909059378248563203627231820284209551/100281597370110452001243283496699274950625722368,0.058963158635040265,-243208553441840388456670319254881657247103545/9704670713236495354959027435164445962963779584,-0.025060979463231128,7539465156697052042156779896901331374660209895/25278224358424230176902469507783026835512838548,0.29825928632461274,defined
client,bank,10000,1,2,max_min_group_ratio,2512026860208891735131139402502815008607089477034/2505707304119285677586913785125869251898211267397,1.0025220647596058,3267023307146372935067899320116009218517271692374/3261110387412463875689650756912381986696987482823,1.0018131614792103,-677590810822670768525841783223870318606191445309699363334429475470328243526817608891974296/955829701401179571435246767065587427630647262467699861097326056252928082375435758137944975719,-0.0007089032803954198,78625065075733437981647921005322617615014092052645551558880189773767491706523277894172/111190573892697610058592996396021446824438296884542131539736031545071458124322655236721851,0.0007071198782696192,defined
client,bank,10000,0,2,Phi_A,12870268746301/286856839168,44.866522212368885,379092980638938609313982283605942123290470143/11636295819228411696593558075736745758949376,32.578492892257515,-142987144204168083923457778347314185295583489/11636295819228411696593558075736745758949376,-12.28802932011137,142987144204168083923457778347314185295583489/522080124843106693237440061953256308586053632,0.2738796927907148,defined
client,bank,10000,0,2,Phi_B,3058036176677/72293023744,42.300570903023036,381461034906125146296602030285692126178148027/11730213752498590712509449467387913785311232,32.51952973362247,-114733703639057422990855025917601794105442629/11730213752498590712509449467387913785311232,-9.781041169400567,114733703639057422990855025917601794105442629/496194738545182569287457056203293920283590656,0.2312271669293607,defined
client,bank,10000,0,2,Phi,12870268746301/286856839168,44.866522212368885,379092980638938609313982283605942123290470143/11636295819228411696593558075736745758949376,32.578492892257515,-142987144204168083923457778347314185295583489/11636295819228411696593558075736745758949376,-12.28802932011137,142987144204168083923457778347314185295583489/522080124843106693237440061953256308586053632,0.2738796927907148,defined
client,bank,10000,0,2,G,107744290576634355/1236066119974912,87.16709311539192,6528133694558836810757550077028391205214259175197/100281597370110452001243283496699274950625722368,65.09802262587998,-2213121641161822456401178750366731386684767543523/100281597370110452001243283496699274950625722368,-22.069070489511937,2213121641161822456401178750366731386684767543523/8741255335720659267158728827395122591899026718720,0.2531812143866823,defined
client,bank,10000,0,2,pooled_SSE,31218485806363/16777216,1860766.7569138408,1902569065996252657517770658068960625115384367/1361129467683753853853498429727072845824,1397786.9932048942,-630175399325508436819480634447433752907494865/1361129467683753853853498429727072845824,-462979.76370894647,4962011018311090053696697909034911440216495/19942869805683158223127962933199955732463616,0.2488112827621758,defined
client,bank,10000,0,2,population_average,31218485806363/720614981632,43.32200495701809,146351466615096358270597742928381586547337259/4497171761227122733131958811818248682602496,32.543001331833075,-90025057046501205259925804921061964701070695/8351890413707513647245066364805318981976064,-10.779003625185007,4962011018311090053696697909034911440216495/19942869805683158223127962933199955732463616,0.2488112827621758,defined
client,bank,10000,0,2,absolute_group_gap,3171685478987663/1236066119974912,2.5659513093458446,5912919733909059378248563203627231820284209551/100281597370110452001243283496699274950625722368,0.058963158635040265,-251404776341218638103539517227575911069909472881/100281597370110452001243283496699274950625722368,-2.506988150710804,251404776341218638103539517227575911069909472881/257317696075127697481788080431203142890193682432,0.9770209362818845,defined
client,bank,10000,0,2,max_min_group_ratio,55457988027811009/52286302548823346,1.0606599687561773,3267023307146372935067899320116009218517271692374/3261110387412463875689650756912381986696987482823,1.0018131614792103,-1173710580299200681612701206577609145588187121886029867106847/19945187081688922594860714014571479480159642155371546261438342,-0.05884680727696704,272385839011186048181179207838851043301969626801120878883/4909506035483937285852578425421366033644900310039286698127,0.05548131258877994,defined
client,bank,10001,0,1,Phi_A,13544613204873/286856839168,47.21732709653295,195552319793448788885729963923173229804217501/5818147909614205848296779037868372879474688,33.6107508491333,-79165073150814576539110161925011014723738467/5818147909614205848296779037868372879474688,-13.60657624739965,79165073150814576539110161925011014723738467/274717392944263365424840125848184244527955968,0.28816913375002856,defined
client,bank,10001,0,1,Phi_B,18036049229683/433758142464,41.58088912689382,294165242004537559174078369998976183199860889/8797660314373943034382087100540935338983424,33.43675835311799,-71649296103519232519611645594397924710152039/8797660314373943034382087100540935338983424,-8.144130773775837,71649296103519232519611645594397924710152039/365814538108056791693690015593374107910012928,0.19586235274868977,defined
client,bank,10001,0,1,Phi,13544613204873/286856839168,47.21732709653295,195552319793448788885729963923173229804217501/5818147909614205848296779037868372879474688,33.6107508491333,-79165073150814576539110161925011014723738467/5818147909614205848296779037868372879474688,-13.60657624739965,79165073150814576539110161925011014723738467/274717392944263365424840125848184244527955968,0.28816913375002856,defined
client,bank,10001,0,1,G,164640699881976619/1854099179962368,88.79821622342678,78792554560417251364141050449314183310230162117/1175174969180981859389569728476944628327645184,67.04750920225129,-25560886453274467964550578459236331963763389755/1175174969180981859389569728476944628327645184,-21.750707021175486,25560886453274467964550578459236331963763389755/104353441013691719328691628908550515273993551872,0.2449453147397482,defined
client,bank,10001,0,1,pooled_SSE,7895165608639/4194304,1882354.1661832333,244858780898993174029904166961074706502039195/170141183460469231731687303715884105728,1439150.5684799936,-75407184627166904529360903759704469716945253/170141183460469231731687303715884105728,-443203.5977032397,75407184627166904529360903759704469716945253/320265965526160078559265070720779176218984448,0.23545175805141078,defined
client,bank,10001,0,1,population_average,7895165608639/180153745408,43.82459876567408,4150148828796494475083121473916520449187105/123862781559221600700668357105163628969984,33.50601994039843,-75407184627166904529360903759704469716945253/7307904111994074441339433069204654109229056,-10.31857882527565,75407184627166904529360903759704469716945253/320265965526160078559265070720779176218984448,0.23545175805141078,defined
client,bank,10001,0,1,absolute_group_gap,2612628754354163/463524794990592,5.636437969639123,6543092036560450273317629256806475751754447683/37605599013791419500466231311262228106484645888,0.17399249601531003,-205418534115797056055458552509054764493338690749/37605599013791419500466231311262228106484645888,-5.462445473623813,205418534115797056055458552509054764493338690749/211961626152357506328776181765861240245093138432,0.9691307707185767,defined
client,bank,10001,0,1,max_min_group_ratio,175091214899393271/154190184864559967,1.135553570113381,2527904837969912493925831243634860341679119635427/2514818653896791593379195985121247390175610740061,1.005203629316509,-5912333498169344799751945303896345514810531866038634555898278/45357393045407667003952037910363960320932898230371260598430663,-0.13034994079687204,457363154495965405720735306250200782456140780230419629914/3984354421269321108173114513977900694459464976046056912097,0.114789776746382,defined
client,bank,10001,1,2,Phi_A,195552319793448788885729963923173229804217501/5818147909614205848296779037868372879474688,33.6107508491333,11780516505182337111579671467457430679290489/363634244350887865518548689866773304967168,32.396609197825605,-7064055710531395100455220443854338935569677/5818147909614205848296779037868372879474688,-1.2141416513076932,7064055710531395100455220443854338935569677/195552319793448788885729963923173229804217501,0.03612360987582643,defined
client,bank,10001,1,2,Phi_B,294165242004537559174078369998976183199860889/8797660314373943034382087100540935338983424,33.43675835311799,35578966645327361079784038489928957872389849/1099707539296742879297760887567616917372928,32.353116964242986,-9533508841918670535806062079544520220742097/8797660314373943034382087100540935338983424,-1.0836413888750025,9533508841918670535806062079544520220742097/294165242004537559174078369998976183199860889,0.03240868559777574,defined
client,bank,10001,1,2,Phi,195552319793448788885729963923173229804217501/5818147909614205848296779037868372879474688,33.6107508491333,11780516505182337111579671467457430679290489/363634244350887865518548689866773304967168,32.396609197825605,-7064055710531395100455220443854338935569677/5818147909614205848296779037868372879474688,-1.2141416513076932,7064055710531395100455220443854338935569677/195552319793448788885729963923173229804217501,0.03612360987582643,defined
client,bank,10001,1,2,G,78792554560417251364141050449314183310230162117/1175174969180981859389569728476944628327645184,67.04750920225129,608738059575887753553854571170047073633437121707/9401399753447854875116557827815557026621161472,64.74972616206858,-21602376907450257359273832424466392848404175229/9401399753447854875116557827815557026621161472,-2.2977830401826957,21602376907450257359273832424466392848404175229/630340436483338010913128403594513466481841296936,0.03427096796767421,defined
client,bank,10001,1,2,pooled_SSE,244858780898993174029904166961074706502039195/170141183460469231731687303715884105728,1439150.5684799936,59139999655692035302943381424843819230970827/42535295865117307932921825928971026432,1390374.7100579604,-8298782276225032818130641261699429578155887/170141183460469231731687303715884105728,-48775.85842203325,8298782276225032818130641261699429578155887/244858780898993174029904166961074706502039195,0.033892116287421885,defined
client,bank,10001,1,2,population_average,4150148828796494475083121473916520449187105/123862781559221600700668357105163628969984,33.50601994039843,59139999655692035302943381424843819230970827/1826976027998518610334858267301163527307264,32.37043001624978,-8298782276225032818130641261699429578155887/7307904111994074441339433069204654109229056,-1.1355899241486602,8298782276225032818130641261699429578155887/244858780898993174029904166961074706502039195,0.033892116287421885,defined
client,bank,10001,1,2,absolute_group_gap,6543092036560450273317629256806475751754447683/37605599013791419500466231311262228106484645888,0.17399249601531003,408887874080533811707081069241751931315483505/9401399753447854875116557827815557026621161472,0.04349223358261932,-4907540540238315026489304979839468026492513663/37605599013791419500466231311262228106484645888,-0.1305002624326907,4907540540238315026489304979839468026492513663/6543092036560450273317629256806475751754447683,0.7500338544554684,defined
client,bank,10001,1,2,max_min_group_ratio,2527904837969912493925831243634860341679119635427/2514818653896791593379195985121247390175610740061,1.005203629316509,304573473724984143682780826119644412782376302606/304164585850903609871073745050402660851060819101,1.0013442980974812,-345312306220561559815328211135287345277124470376600419488450665122479738942420572727403789/89474649006041001123355512662039935058684309492433272979580300588275220441028983381594040789,-0.0038593312190277197,26712485976681485249116439323531163090982012096897997949133647800918986535346218977907/6957549463347503967842890101073469701926764667376648171410012750063174015820062260547349,0.003839352651016474,defined
client,bank,10001,0,2,Phi_A,13544613204873/286856839168,47.21732709653295,11780516505182337111579671467457430679290489/363634244350887865518548689866773304967168,32.396609197825605,-5389320553834123227472836398054084603706759/363634244350887865518548689866773304967168,-14.820717898707343,1796440184611374409157612132684694867902253/5723279019672153446350835955170505094332416,0.31388303426001407,defined
client,bank,10001,0,2,Phi_B,18036049229683/433758142464,41.58088912689382,35578966645327361079784038489928957872389849/1099707539296742879297760887567616917372928,32.353116964242986,-109116673313760622386314123217664576520019/11824812250502611605352267608253945348096,-9.227772162650838,10147850618179737881927213459242805616361767/45726817263507098961711251949171763488751616,0.22192339693579258,defined
client,bank,10001,0,2,Phi,13544613204873/286856839168,47.21732709653295,11780516505182337111579671467457430679290489/363634244350887865518548689866773304967168,32.396609197825605,-5389320553834123227472836398054084603706759/363634244350887865518548689866773304967168,-14.820717898707343,1796440184611374409157612132684694867902253/5723279019672153446350835955170505094332416,0.31388303426001407,defined
client,bank,10001,0,2,G,164640699881976619/1854099179962368,88.79821622342678,608738059575887753553854571170047073633437121707/9401399753447854875116557827815557026621161472,64.74972616206858,-2431069554125225818018047958046849984500121433/101090319929546826614156535782962978780872704,-24.048490061358184,226089468533646001075678460098357048558511293269/834827528109533754629533031268404122191948414976,0.2708217696721446,defined
client,bank,10001,0,2,pooled_SSE,7895165608639/4194304,1882354.1661832333,59139999655692035302943381424843819230970827/42535295865117307932921825928971026432,1390374.7100579604,-20926491725847984336872886255350974823775285/42535295865117307932921825928971026432,-491979.45612527296,20926491725847984336872886255350974823775285/80066491381540019639816267680194794054746112,0.2613639159748763,defined
client,bank,10001,0,2,population_average,7895165608639/180153745408,43.82459876567408,59139999655692035302943381424843819230970827/1826976027998518610334858267301163527307264,32.37043001624978,-20926491725847984336872886255350974823775285/1826976027998518610334858267301163527307264,-11.45416874942431,20926491725847984336872886255350974823775285/80066491381540019639816267680194794054746112,0.2613639159748763,defined
client,bank,10001,0,2,absolute_group_gap,2612628754354163/463524794990592,5.636437969639123,408887874080533811707081069241751931315483505/9401399753447854875116557827815557026621161472,0.04349223358261932,-565392673806546696456849079271221055160836571/101090319929546826614156535782962978780872704,-5.592945736056503,52581518664008842770486964372223558129957801103/52990406538089376582194045441465310061273284608,0.9922837377405922,defined
client,bank,10001,0,2,max_min_group_ratio,175091214899393271/154190184864559967,1.135553570113381,304573473724984143682780826119644412782376302606/304164585850903609871073745050402660851060819101,1.0013442980974812,-736262328635982563555401794722911381521248729821412873852181/5485927444333038773904663574360400845251748987539974062574983,-0.13420927201589974,18985130054304493529187019280650611936805361641561921401/160634447146678999221696457140595816474013092007854178059,0.11818841096373765,defined
client,bank,10002,0,1,Phi_A,12543470431065/286856839168,43.727283851575926,388425477015792555879987699561118640183313737/11636295819228411696593558075736745758949376,33.380508973821236,-120398133252514472541566179213731342069660343/11636295819228411696593558075736745758949376,-10.346774877754692,17199733321787781791652311316247334581380049/72689087181186718345936268396407140321853440,0.23662057110326998,defined
client,bank,10002,0,1,Phi_B,6486345632443/144586047488,44.861490753326926,390492189373027089966533189297011077076760399/11730213752498590712509449467387913785311232,33.28943509574584,-135742686419236794666632937004048509330507953/11730213752498590712509449467387913785311232,-11.572055657581087,135742686419236794666632937004048509330507953/526234875792263884633166126301059586407268352,0.2579507605133007,defined
client,bank,10002,0,1,Phi,6486345632443/144586047488,44.861490753326926,388425477015792555879987699561118640183313737/11636295819228411696593558075736745758949376,33.380508973821236,-575665596112981851577601609465018981547969677891/50140798685055226000621641748349637475312861184,-11.480981779505688,575665596112981851577601609465018981547969677891/2249390976574031974864468606873879202097868570624,0.25592064790344177,defined
client,bank,10002,0,1,G,27375395724803573/309016529993728,88.58877460490285,6685768487872108838697626230117868139029022436517/100281597370110452001243283496699274950625722368,66.66994406956708,-2198055338568225081968262310911547412222845326171/100281597370110452001243283496699274950625722368,-21.91883053533578,2198055338568225081968262310911547412222845326171/8883823826440333920665888541029415551251867762688,0.2474222115961259,defined
client,bank,10002,0,1,pooled_SSE,16001253664197/8388608,1907498.0812307596,1948327522150666381659574967013270511596908671/1361129467683753853853498429727072845824,1431404.9973998084,-648024325762739329083031169439608212130844545/1361129467683753853853498429727072845824,-476093.08383095113,648024325762739329083031169439608212130844545/2596351847913405710742606136452878723727753216,0.24959033433143243,defined
client,bank,10002,0,1,population_average,16001253664197/360307490816,44.409994441021595,1948327522150666381659574967013270511596908671/58463232895952595530715464553637232873832448,33.32568908082996,-648024325762739329083031169439608212130844545/58463232895952595530715464553637232873832448,-11.084305360191635,648024325762739329083031169439608212130844545/2596351847913405710742606136452878723727753216,0.24959033433143243,defined
client,bank,10002,0,1,absolute_group_gap,700977362148061/618033059987456,1.1342069017509977,9133033972091654449841759517572743170573134415/100281597370110452001243283496699274950625722368,0.09107387807539863,-104607045883702324342144126948528513969033385393/100281597370110452001243283496699274950625722368,-1.0431330236755991,104607045883702324342144126948528513969033385393/113740079855793978791985886466101257139606519808,0.919702588712167,defined
client,bank,10002,0,1,max_min_group_ratio,55451768811755207/54049814087459085,1.0259381969756194,3347450760922100246573733994817720441099797785466/3338317726950008592123892235300147697929224651051,1.0027358192715934,-4186531520253054071069299291185997657474950126638324805524613947/180435452506516965541025832483311038783558395579267837254364748335,-0.023202377704026014,4186531520253054071069299291185997657474950126638324805524613947/185115622815016021520534402840173911623069547433072236131407272557,0.02261576552313258,defined
client,bank,10002,1,2,Phi_A,388425477015792555879987699561118640183313737/11636295819228411696593558075736745758949376,33.380508973821236,2979032297553273771273628306021105686646875/90908561087721966379637172466693326241792,32.76954625515043,-7109342928973513156963276390417112292513737/11636295819228411696593558075736745758949376,-0.6109627186708051,7109342928973513156963276390417112292513737/388425477015792555879987699561118640183313737,0.018302977918939294,defined
client,bank,10002,1,2,Phi_B,390492189373027089966533189297011077076760399/11730213752498590712509449467387913785311232,33.28943509574584,374077307224022007440468332950334357579143/11455286867674404992685009245496009555968,32.65542902112981,-7437026775628554347493616355868694915717967/11730213752498590712509449467387913785311232,-0.6340060746160259,7437026775628554347493616355868694915717967/390492189373027089966533189297011077076760399,0.01904526384399498,defined
client,bank,10002,1,2,Phi,388425477015792555879987699561118640183313737/11636295819228411696593558075736745758949376,33.380508973821236,2979032297553273771273628306021105686646875/90908561087721966379637172466693326241792,32.76954625515043,-7109342928973513156963276390417112292513737/11636295819228411696593558075736745758949376,-0.6109627186708051,7109342928973513156963276390417112292513737/388425477015792555879987699561118640183313737,0.018302977918939294,defined
client,bank,10002,1,2,G,6685768487872108838697626230117868139029022436517/100281597370110452001243283496699274950625722368,66.66994406956708,25628597767989713246852319484214578095537758403/391724989726993953129856576158981542775881728,65.42497527628025,-124847459266742247503432442158936146571356285349/100281597370110452001243283496699274950625722368,-1.244968793286831,124847459266742247503432442158936146571356285349/6685768487872108838697626230117868139029022436517,0.01867361388495785,defined
client,bank,10002,1,2,pooled_SSE,1948327522150666381659574967013270511596908671/1361129467683753853853498429727072845824,1431404.9973998084,7467959984241537860559248301425117977596591/5316911983139663491615228241121378304,1404567.1637828522,-36529766184832689356407401848440309332181375/1361129467683753853853498429727072845824,-26837.83361695616,36529766184832689356407401848440309332181375/1948327522150666381659574967013270511596908671,0.018749294340670818,defined
client,bank,10002,1,2,population_average,1948327522150666381659574967013270511596908671/58463232895952595530715464553637232873832448,33.32568908082996,7467959984241537860559248301425117977596591/228372003499814826291857283412645440913408,32.7008559271478,-36529766184832689356407401848440309332181375/58463232895952595530715464553637232873832448,-0.6248331536821605,36529766184832689356407401848440309332181375/1948327522150666381659574967013270511596908671,0.018749294340670818,defined
client,bank,10002,1,2,absolute_group_gap,9133033972091654449841759517572743170573134415/100281597370110452001243283496699274950625722368,0.09107387807539863,44702572324400113983809257075310711985010347/391724989726993953129856576158981542775881728,0.11411723402061943,2310824542954774730013410293706799097589514417/100281597370110452001243283496699274950625722368,0.023043355945220816,-256758282550530525557045588189644344176612713/1014781552454628272204639946396971463397014935,-0.2530182795789544,defined
client,bank,10002,1,2,max_min_group_ratio,3347450760922100246573733994817720441099797785466/3338317726950008592123892235300147697929224651051,1.0027358192715934,4278883390052352226806021456881648134587128125/4263982532610885522144751704523211230592124676,1.0034945868862044,1263387439099616552230430257317381569516481445181736055042158732661595114800621165607691/1665051874607569568578678900349797444189132865146210991519348001071665860558568548387505724,0.0007587676146110343,-293197363448506974293439372781940489560566592058885136932503767152841753260761467999/387469750664730482336885747321139731551789796509861166905042977000867837367591937566376,-0.0007566974272069165,defined
client,bank,10002,0,2,Phi_A,12543470431065/286856839168,43.727283851575926,2979032297553273771273628306021105686646875/90908561087721966379637172466693326241792,32.76954625515043,-9671380171532765905531663804926308734995/882607389201184139608127888026148798464,-10.957737596425495,66410143844524992551317424793827319980299/265012297014743243969559311861901032423424,0.2505926879341393,defined
client,bank,10002,0,2,Phi_B,6486345632443/144586047488,44.861490753326926,374077307224022007440468332950334357579143/11455286867674404992685009245496009555968,32.65542902112981,-139823938666860692396607962265544144771705/11455286867674404992685009245496009555968,-12.206061732197114,139823938666860692396607962265544144771705/513901245890882699837076295215878502350848,0.27208328406456067,defined
client,bank,10002,0,2,Phi,6486345632443/144586047488,44.861490753326926,2979032297553273771273628306021105686646875/90908561087721966379637172466693326241792,32.76954625515043,-4736716834327568123210596620557236862628213833/391724989726993953129856576158981542775881728,-12.091944498176494,4736716834327568123210596620557236862628213833/17573367004484624803628660991202181266389598208,0.26953951585480374,defined
client,bank,10002,0,2,G,27375395724803573/309016529993728,88.58877460490285,25628597767989713246852319484214578095537758403/391724989726993953129856576158981542775881728,65.42497527628025,-88095524796532438162609782807588120403299515/3803155240067902457571423069504675172581376,-23.16379932862261,9073839054042841130748807629181576401539850045/34702436822032554377601127113396154497077608448,0.26147555863517535,defined
client,bank,10002,0,2,pooled_SSE,16001253664197/8388608,1907498.0812307596,7467959984241537860559248301425117977596591/5316911983139663491615228241121378304,1404567.1637828522,-2674039421670203197029056919093939536964945/5316911983139663491615228241121378304,-502930.9174479073,891346473890067732343018973031313178988315/3380666468637247019196101740173019171520512,0.26365998602913676,defined
client,bank,10002,0,2,population_average,16001253664197/360307490816,44.409994441021595,7467959984241537860559248301425117977596591/228372003499814826291857283412645440913408,32.7008559271478,-2674039421670203197029056919093939536964945/228372003499814826291857283412645440913408,-11.709138513873796,891346473890067732343018973031313178988315/3380666468637247019196101740173019171520512,0.26365998602913676,defined
client,bank,10002,0,2,absolute_group_gap,700977362148061/618033059987456,1.1342069017509977,44702572324400113983809257075310711985010347/391724989726993953129856576158981542775881728,0.11411723402061943,-399594614612295115672385611932897323716577621/391724989726993953129856576158981542775881728,-1.0200896677303783,399594614612295115672385611932897323716577621/444297186936695229656194869008208035701587968,0.8993858758534758,defined
client,bank,10002,0,2,max_min_group_ratio,55451768811755207/54049814087459085,1.0259381969756194,4278883390052352226806021456881648134587128125/4263982532610885522144751704523211230592124676,1.0034945868862044,-5172521881454967415435159740112452845514027861296238345922307/230467463159791307605347419512189747326005864091921496368881460,-0.02244361008941498,5172521881454967415435159740112452845514027861296238345922307/236445373615701281652463261418741663642631168954662066936187932,0.021876181387511334,defined
client,bank,10003,0,1,Phi_A,14110027359667/286856839168,49.18839446391358,3085462225042003785705503162963327345423765/90908561087721966379637172466693326241792,33.94028228061706,-1386183937887649076694223533775836884568683/90908561087721966379637172466693326241792,-15.248112183296518,1386183937887649076694223533775836884568683/4471646162929652862399726696739164229992448,0.30999410225684626,defined
client,bank,10003,0,1,Phi_B,4369423704133/108439535616,40.29364086919146,3086672869427002723108475917775029986590863/91642294941395239941480073963968076447744,33.68175001947424,-1817786554110293604034137394318382358265427/274926884824185719824440221891904229343232,-6.61189084971722,1817786554110293604034137394318382358265427/11077805162391301773359565147643472318038016,0.16409266343495596,defined
client,bank,10003,0,1,Phi,14110027359667/286856839168,49.18839446391358,3085462225042003785705503162963327345423765/90908561087721966379637172466693326241792,33.94028228061706,-1386183937887649076694223533775836884568683/90908561087721966379637172466693326241792,-15.248112183296518,1386183937887649076694223533775836884568683/4471646162929652862399726696739164229992448,0.30999410225684626,defined
client,bank,10003,0,1,G,331817136664947377/3708198359924736,89.48203533310503,52978479816143434905064386879476686418227294557/783449979453987906259713152317963085551763456,67.6220323000913,-51378656781236179249740295826268337594449865705/2350349938361963718779139456953889256655290368,-21.860003033013736,51378656781236179249740295826268337594449865705/210314096229666483964933456464698396849131749376,0.24429487943180866,defined
client,bank,10003,0,1,pooled_SSE,31587722176199/16777216,1882774.9595760703,15430943058365015740736434079251744650620119/10633823966279326983230456482242756608,1451118.9114374775,-4590154429885591757422584461870056127402793/10633823966279326983230456482242756608,-431656.04813859286,4590154429885591757422584461870056127402793/20021097488250607498159018541121800778022912,0.22926587478929797,defined
client,bank,10003,0,1,population_average,4512531739457/102944997376,43.83439559452576,15430943058365015740736434079251744650620119/456744006999629652583714566825290881826816,33.78466454268666,-4590154429885591757422584461870056127402793/456744006999629652583714566825290881826816,-10.049731051839096,4590154429885591757422584461870056127402793/20021097488250607498159018541121800778022912,0.22926587478929797,defined
client,bank,10003,0,1,absolute_group_gap,32983510691883241/3708198359924736,8.894753594722127,202547094680542345355665637359223707496718983/783449979453987906259713152317963085551763456,0.2585322611428289,-20298142279058379207964614658212636032827594859/2350349938361963718779139456953889256655290368,-8.636221333579298,20298142279058379207964614658212636032827594859/20905783563100006244031611570290307155317751808,0.9709342975733207,defined
client,bank,10003,0,1,max_min_group_ratio,182400323678415309/149416812986532068,1.220748321642065,26590513455411988625210026258417955062862006770/26387966360731446279854360621058731355365287787,1.007675737186855,-98269251284289736213738855984777937632282038945226686800027/461200822881776782717502173282555249291607789222252345294684,-0.21307258445521002,22805581639426719938208135526752828413154337188495401903/130659115913870561641007722622734982864995275211430767863,0.1745425987304244,defined
client,bank,10003,1,2,Phi_A,3085462225042003785705503162963327345423765/90908561087721966379637172466693326241792,33.94028228061706,5966058599223647189759844725373142049949701/181817122175443932759274344933386652483584,32.81351353403733,-204865850860360381651161600553512640897829/181817122175443932759274344933386652483584,-1.1267687465797398,204865850860360381651161600553512640897829/6170924450084007571411006325926654690847530,0.033198567332577124,defined
client,bank,10003,1,2,Phi_B,3086672869427002723108475917775029986590863/91642294941395239941480073963968076447744,33.68175001947424,1126095029071629720502169404199381085203005/34365860603023214978055027736488028667904,32.76784021444135,-251258375707970405308072519730041278148549/274926884824185719824440221891904229343232,-0.9139098050328864,251258375707970405308072519730041278148549/9260018608281008169325427753325089959772589,0.02713367935171061,defined
client,bank,10003,1,2,Phi,3085462225042003785705503162963327345423765/90908561087721966379637172466693326241792,33.94028228061706,5966058599223647189759844725373142049949701/181817122175443932759274344933386652483584,32.81351353403733,-204865850860360381651161600553512640897829/181817122175443932759274344933386652483584,-1.1267687465797398,204865850860360381651161600553512640897829/6170924450084007571411006325926654690847530,0.033198567332577124,defined
client,bank,10003,1,2,G,52978479816143434905064386879476686418227294557/783449979453987906259713152317963085551763456,67.6220323000913,154139130740430987066609882656902678458903702787/2350349938361963718779139456953889256655290368,65.58135374847868,-1199077176999829412145819495381845198944545221/587587484590490929694784864238472314163822592,-2.0406785516126265,4796308707999317648583277981527380795778180884/158935439448430304715193160638430059254681883671,0.030177716968880143,defined
client,bank,10003,1,2,pooled_SSE,15430943058365015740736434079251744650620119/10633823966279326983230456482242756608,1451118.9114374775,14974818831796684953777199958968190731573741/10633823966279326983230456482242756608,1408225.1953091368,-228062113284165393479617060141776959523189/5316911983139663491615228241121378304,-42893.71612834064,456124226568330786959234120283553919046378/15430943058365015740736434079251744650620119,0.029559063554516117,defined
client,bank,10003,1,2,population_average,15430943058365015740736434079251744650620119/456744006999629652583714566825290881826816,33.78466454268666,14974818831796684953777199958968190731573741/456744006999629652583714566825290881826816,32.78602149630138,-32580301897737913354231008591682422789027/32624571928544975184551040487520777273344,-0.9986430463852821,456124226568330786959234120283553919046378/15430943058365015740736434079251744650620119,0.029559063554516117,defined
client,bank,10003,1,2,absolute_group_gap,202547094680542345355665637359223707496718983/783449979453987906259713152317963085551763456,0.2585322611428289,107348283897187377441142872894536100495866867/2350349938361963718779139456953889256655290368,0.04567331959597554,-250146500072219829312927019591567510997145041/1175174969180981859389569728476944628327645184,-0.21285894154685336,500293000144439658625854039183135021994290082/607641284041627036066996912077671122490156949,0.8233360920061623,defined
client,bank,10003,1,2,max_min_group_ratio,26590513455411988625210026258417955062862006770/26387966360731446279854360621058731355365287787,1.007675737186855,77123239512164087222025512764898607279699784827/77015891228266899844584369892004071179203917960,1.0013938458957647,-1493349176296279886374120905820614978460655149539390754834953142494357830151900690515099/237722861969032520918115041415763362720834030643761145386175412756164386856841913137599480,-0.006281891291090102,346565137223550681451408889723976555688246727672172372902054570084557398503574075311/55592378784129449217310541062317515997101992963413827597181758214787045091884422621200,0.006234040435098063,defined
client,bank,10003,0,2,Phi_A,14110027359667/286856839168,49.18839446391358,5966058599223647189759844725373142049949701/181817122175443932759274344933386652483584,32.81351353403733,-2977233726635658535039608668105186410035195/181817122175443932759274344933386652483584,-16.37488092987626,2977233726635658535039608668105186410035195/8943292325859305724799453393478328459984896,0.33290130951294766,defined
client,bank,10003,0,2,Phi_B,4369423704133/108439535616,40.29364086919146,1126095029071629720502169404199381085203005/34365860603023214978055027736488028667904,32.76784021444135,-86210205409094333722592079752017651517249/11455286867674404992685009245496009555968,-7.525800654750107,258630616227283001167776239256052954551747/1384725645298912721669945643455434039754752,0.1867739050730543,defined
client,bank,10003,0,2,Phi,14110027359667/286856839168,49.18839446391358,5966058599223647189759844725373142049949701/181817122175443932759274344933386652483584,32.81351353403733,-2977233726635658535039608668105186410035195/181817122175443932759274344933386652483584,-16.37488092987626,2977233726635658535039608668105186410035195/8943292325859305724799453393478328459984896,0.33290130951294766,defined
client,bank,10003,0,2,G,331817136664947377/3708198359924736,89.48203533310503,154139130740430987066609882656902678458903702787/2350349938361963718779139456953889256655290368,65.58135374847868,-18724988496411832299441191269265239463409348863/783449979453987906259713152317963085551763456,-23.900681584626366,56174965489235496898323573807795718390228046589/210314096229666483964933456464698396849131749376,0.267100334672249,defined
client,bank,10003,0,2,pooled_SSE,31587722176199/16777216,1882774.9595760703,14974818831796684953777199958968190731573741/10633823966279326983230456482242756608,1408225.1953091368,-5046278656453922544381818582153610046449171/10633823966279326983230456482242756608,-474549.7642669335,5046278656453922544381818582153610046449171/20021097488250607498159018541121800778022912,0.2520480537800355,defined
client,bank,10003,0,2,population_average,4512531739457/102944997376,43.83439559452576,14974818831796684953777199958968190731573741/456744006999629652583714566825290881826816,32.78602149630138,-5046278656453922544381818582153610046449171/456744006999629652583714566825290881826816,-11.048374098224379,5046278656453922544381818582153610046449171/20021097488250607498159018541121800778022912,0.2520480537800355,defined
client,bank,10003,0,2,absolute_group_gap,32983510691883241/3708198359924736,8.894753594722127,107348283897187377441142872894536100495866867/2350349938361963718779139456953889256655290368,0.04567331959597554,-6932811759734272955530156232465257018273961647/783449979453987906259713152317963085551763456,-8.849080275126152,20798435279202818866590468697395771054821884941/20905783563100006244031611570290307155317751808,0.9948651394207169,defined
client,bank,10003,0,2,max_min_group_ratio,182400323678415309/149416812986532068,1.220748321642065,77123239512164087222025512764898607279699784827/77015891228266899844584369892004071179203917960,1.0013938458957647,-73816084726662966633418553021263168720536585599740519017099/336515060727718180552880359513356229870553372450929444928680,-0.2193544757463001,5710225475877076400821424384719050724880992155932584437/31778463339571402222787821071361887191364995605688398670,0.17968853354738992,defined
client,bank,10004,0,1,Phi_A,1533502599521/35857104896,42.767050044022604,48440307463358006045323189050757812023662399/1454536977403551462074194759467093219868672,33.302905471559264,-13765948240141057733310934903018480527534273/1454536977403551462074194759467093219868672,-9.464144572463344,13765948240141057733310934903018480527534273/62206255703499063778634123953776292551196672,0.2212952392723218,defined
client,bank,10004,0,1,Phi_B,1175432878477/27109883904,43.35809340384404,73439516848219882960510827221871251330516015/2199415078593485758595521775135233834745856,33.39047620569377,-21922927563259443666967750744264056259394513/2199415078593485758595521775135233834745856,-9.967617198150265,21922927563259443666967750744264056259394513/95362444411479326627478577966135307589910528,0.22989057902777976,defined
client,bank,10004,0,1,Phi,1175432878477/27109883904,43.35809340384404,73439516848219882960510827221871251330516015/2199415078593485758595521775135233834745856,33.39047620569377,-21922927563259443666967750744264056259394513/2199415078593485758595521775135233834745856,-9.967617198150265,21922927563259443666967750744264056259394513/95362444411479326627478577966135307589910528,0.22989057902777976,defined
client,bank,10004,0,1,G,39921139460207713/463524794990592,86.12514344786665,313505571028565180894324981694730890913616311027/4700699876723927437558278913907778513310580736,66.69338167725303,-91342880159652109306854439151008328685249809677/4700699876723927437558278913907778513310580736,-19.43176177061361,91342880159652109306854439151008328685249809677/404848451188217290201179420845739219598866120704,0.22562240238677872,defined
client,bank,10004,0,1,pooled_SSE,3884368356475/2097152,1852211.1685156822,60939912155788944502917008136314531677089207/42535295865117307932921825928971026432,1432690.449574727,-17844437901700250700139342823641268393464393/42535295865117307932921825928971026432,-419520.7189409552,17844437901700250700139342823641268393464393/78784350057489195203056350959955800070553600,0.22649724074234423,defined
client,bank,10004,0,1,population_average,3884368356475/90076872704,43.12281543387228,60939912155788944502917008136314531677089207/1826976027998518610334858267301163527307264,33.35561672505884,-17844437901700250700139342823641268393464393/1826976027998518610334858267301163527307264,-9.767198708813448,17844437901700250700139342823641268393464393/78784350057489195203056350959955800070553600,0.22649724074234423,defined
client,bank,10004,0,1,absolute_group_gap,273963252191779/463524794990592,0.5910433598214299,823287478301417640757098530315545797348790181/9401399753447854875116557827815557026621161472,0.0875707341345087,-4733347419000765295198422810696759591064072283/9401399753447854875116557827815557026621161472,-0.5034726256869212,4733347419000765295198422810696759591064072283/5556634897302182935955521341012305388412862464,0.8518370392301401,defined
client,bank,10004,0,1,max_min_group_ratio,20097551356199746/19823588104007967,1.0138200637924064,627834429535431779429407061919777327624581412235/626187854578828944147892864859146236029883831873,1.0026295223463098,-10745837193574638234066740275177602910107941387271699011219/960260702785112108462789428536108704464509486816894014332833,-0.011190541446096592,1256970077620147179093079924573353949012509227660743831/113876660071931614500434806859379008490335948184482572646,0.011037995642181341,defined
client,bank,10004,1,2,Phi_A,48440307463358006045323189050757812023662399/1454536977403551462074194759467093219868672,33.302905471559264,3034234643104197714348263288758835193575521195/93090366553827293572748464605893966071595008,32.59450741715281,-65945034550714672552420810489664775938872341/93090366553827293572748464605893966071595008,-0.7083980544064516,65945034550714672552420810489664775938872341/3100179677654912386900684099248499969514393536,0.021271358891236224,defined
client,bank,10004,1,2,Phi_B,73439516848219882960510827221871251330516015/2199415078593485758595521775135233834745856,33.39047620569377,765114988629829622953792010598847935136981903/23460427504997181425018898934775827570622464,32.61300283069678,-54719573253547385874970439303336237165566771/70381282514991544275056696804327482711867392,-0.7774733749969939,54719573253547385874970439303336237165566771/2350064539143036254736346471099880042576512480,0.023284285321585753,defined
client,bank,10004,1,2,Phi,73439516848219882960510827221871251330516015/2199415078593485758595521775135233834745856,33.39047620569377,765114988629829622953792010598847935136981903/23460427504997181425018898934775827570622464,32.61300283069678,-54719573253547385874970439303336237165566771/70381282514991544275056696804327482711867392,-0.7774733749969939,54719573253547385874970439303336237165566771/2350064539143036254736346471099880042576512480,0.023284285321585753,defined
client,bank,10004,1,2,G,313505571028565180894324981694730890913616311027/4700699876723927437558278913907778513310580736,66.69338167725303,26156453152728814844390602308480922844089037406749/401126389480441808004973133986797099802502889472,65.20751024784958,-1788066725126241775775388388408339541618663402665/1203379168441325424014919401960391299407508668416,-1.4858714294034454,1788066725126241775775388388408339541618663402665/80257426183312686308947195313851108073885775622912,0.02227914362768365,defined
client,bank,10004,1,2,pooled_SSE,60939912155788944502917008136314531677089207/42535295865117307932921825928971026432,1432690.449574727,7624924574883175452071015352351922804397412613/5444517870735015415413993718908291383296,1400477.4630033132,-175384181057809444302361689096337250270005883/5444517870735015415413993718908291383296,-32212.98657141379,175384181057809444302361689096337250270005883/7800308755940984896373377041448260054667418496,0.022484261398528715,defined
client,bank,10004,1,2,population_average,60939912155788944502917008136314531677089207/1826976027998518610334858267301163527307264,33.35561672505884,7624924574883175452071015352351922804397412613/233852931583810382122861858214548931495329792,32.60564031950347,-175384181057809444302361689096337250270005883/233852931583810382122861858214548931495329792,-0.7499764055553592,175384181057809444302361689096337250270005883/7800308755940984896373377041448260054667418496,0.022484261398528715,defined
client,bank,10004,1,2,absolute_group_gap,823287478301417640757098530315545797348790181/9401399753447854875116557827815557026621161472,0.0875707341345087,7418998456838942137269285957281145855195748239/401126389480441808004973133986797099802502889472,0.018495413543966492,-83123801852064631605100754008546424495057898451/1203379168441325424014919401960391299407508668416,-0.0690753205905422,83123801852064631605100754008546424495057898451/105380797222581458016908611880389862060645143168,0.7887945815829575,defined
client,bank,10004,1,2,max_min_group_ratio,627834429535431779429407061919777327624581412235/626187854578828944147892864859146236029883831873,1.0026295223463098,13081936075592826893263935797219101994972116577494/13074517077135987951126666511261820849116920829255,1.0005674395783086,-3917959076833742934677793524694732914381716152232668673149824332392751880214093721742476507/1900000881454176299904405296401845144322641781016394790623615058016799978190598305119728048235,-0.0020620827680011976,458294429387500635709181603075767097249001772398253441706611806339074965518083252046143/222832726193703171558612637369442921911993850907642445322121246038270819733999811919437925,0.0020566746959291616,defined
client,bank,10004,0,2,Phi_A,1533502599521/35857104896,42.767050044022604,3034234643104197714348263288758835193575521195/93090366553827293572748464605893966071595008,32.59450741715281,-946965721919742367484320644282847529701065813/93090366553827293572748464605893966071595008,-10.172542626869795,946965721919742367484320644282847529701065813/3981200365023940081832583933041682723276587008,0.23785934770807446,defined
client,bank,10004,0,2,Phi_B,1175432878477/27109883904,43.35809340384404,765114988629829622953792010598847935136981903/23460427504997181425018898934775827570622464,32.61300283069678,-756253255277849583217938463119786037466191187/70381282514991544275056696804327482711867392,-10.745090573147259,756253255277849583217938463119786037466191187/3051598221167338452079314494916329842877136896,0.24782202651453814,defined
client,bank,10004,0,2,Phi,1175432878477/27109883904,43.35809340384404,765114988629829622953792010598847935136981903/23460427504997181425018898934775827570622464,32.61300283069678,-756253255277849583217938463119786037466191187/70381282514991544275056696804327482711867392,-10.745090573147259,756253255277849583217938463119786037466191187/3051598221167338452079314494916329842877136896,0.24782202651453814,defined
client,bank,10004,0,2,G,39921139460207713/463524794990592,86.12514344786665,26156453152728814844390602308480922844089037406749/401126389480441808004973133986797099802502889472,65.20751024784958,-25171844045997181758330124811066471685042614679977/1203379168441325424014919401960391299407508668416,-20.917633200017054,25171844045997181758330124811066471685042614679977/103641203504183626291501931736509240217309726900224,0.24287487210606432,defined
client,bank,10004,0,2,pooled_SSE,3884368356475/2097152,1852211.1685156822,7624924574883175452071015352351922804397412613/5444517870735015415413993718908291383296,1400477.4630033132,-2459472232475441533920197570522419604633448187/5444517870735015415413993718908291383296,-451733.70551236894,2459472232475441533920197570522419604633448187/10084396807358616985991212922874342409030860800,0.24388887897397657,defined
client,bank,10004,0,2,population_average,3884368356475/90076872704,43.12281543387228,7624924574883175452071015352351922804397412613/233852931583810382122861858214548931495329792,32.60564031950347,-41685970041956636168138941873261349231075393/3963609009895091222421387427365236127039488,-10.517175114368806,2459472232475441533920197570522419604633448187/10084396807358616985991212922874342409030860800,0.24388887897397657,defined
client,bank,10004,0,2,absolute_group_gap,273963252191779/463524794990592,0.5910433598214299,7418998456838942137269285957281145855195748239/401126389480441808004973133986797099802502889472,0.018495413543966492,-688992271484162589390498873777731652151259150675/1203379168441325424014919401960391299407508668416,-0.5725479462774634,688992271484162589390498873777731652151259150675/711249266854679415802306731649575089716846395392,0.9687071798766939,defined
client,bank,10004,0,2,max_min_group_ratio,20097551356199746/19823588104007967,1.0138200637924064,13081936075592826893263935797219101994972116577494/13074517077135987951126666511261820849116920829255,1.0005674395783086,-797137630479573450429918743704934704239727245059406545275348/60149417775809233190019833387289774881881780826789080457360565,-0.01325262421409779,46621688529627643609189305398580810869091545505872414626/3566539160518599898018103321551664288250126375924372820015,0.013071968771779453,defined
client,credit,10000,0,1,Phi_A,670087797153/44728057856,14.981374762801416,23192156578377910476067702360719431783209/1771860918381292858580774811353699319808,13.089151827766152,-3352755867453729483134593016850505313495/1771860918381292858580774811353699319808,-1.8922229350352646,3352755867453729483134593016850505313495/26544912445831639959202295377569937096704,0.12630502640743177,defined
client,credit,10000,0,1,Phi_B,8085069687643/408843976704,19.77544038394023,18124866342388498810903673072594520267457/1349664876220108954449703093832154873856,13.429160572918859,-25696052866801004752210066886775917309885/4048994628660326863349109281496464621568,-6.346279811021371,25696052866801004752210066886775917309885/80070651893966501184921086104559478112256,0.32091724319703285,defined
client,credit,10000,0,1,Phi,8085069687643/408843976704,19.77544038394023,18124866342388498810903673072594520267457/1349664876220108954449703093832154873856,13.429160572918859,-25696052866801004752210066886775917309885/4048994628660326863349109281496464621568,-6.346279811021371,25696052866801004752210066886775917309885/80070651893966501184921086104559478112256,0.32091724319703285,defined
client,credit,10000,0,1,G,37884165316077695/1089978041892864,34.756815146741644,381673462561394718116574715922271908507168155/14392826240011241890251633792626099574800384,26.51831240068501,-355726015505545848452075050508208346177173295/43178478720033725670754901377878298724401152,-8.238502746056636,71145203101109169690415010101641669235434659/300149280637946000560359839655004814339735552,0.23703272901369307,defined
client,credit,10000,0,1,pooled_SSE,9425245281949/16777216,561788.3969514966,131941354632708903341489740796286553387951/332306998946228968225951765070086144,397046.57154710876,-54744861601055738987554726790402339933265/332306998946228968225951765070086144,-164741.8254043878,54744861601055738987554726790402339933265/186686216233764642329044467586688893321216,0.2932453327593578,defined
client,credit,10000,0,1,population_average,1346463611707/71185727488,18.914797378926522,131941354632708903341489740796286553387951/9869850175701946585278993374346628562944,13.368121327467385,-54744861601055738987554726790402339933265/9869850175701946585278993374346628562944,-5.546676051459136,54744861601055738987554726790402339933265/186686216233764642329044467586688893321216,0.2932453327593578,defined
client,credit,10000,0,1,absolute_group_gap,5225426258434781/1089978041892864,4.794065621138814,4893686789067184522378823370024019757154741/14392826240011241890251633792626099574800384,0.34000874515270757,-192319400037585980903061256052948418208053985/43178478720033725670754901377878298724401152,-4.454056875986106,192319400037585980903061256052948418208053985/207000460404787534470197726163020477479518208,0.929077160801996,defined
client,credit,10000,0,1,max_min_group_ratio,21554795787256238/16329369528821457,1.320001715265973,193283574675230951319476769646147964132161448/188389887886163766797097946276123944375006707,1.025976377203559,-111351304573058575157159372245940684675606116149136635110/378713294938620354362616495400044700096337248929691515513,-0.29402533806241404,41767181010149503059699689514606408355441153844387335/187510202142913440300351715752502550040230036122186387,0.22274617878293407,defined
client,credit,10000,1,2,Phi_A,23192156578377910476067702360719431783209/1771860918381292858580774811353699319808,13.089151827766152,1463908751108919300970288747327550050448251/113399098776402742949169587926636756467712,12.909350840568978,-20389269907266969498044203758493583677125/113399098776402742949169587926636756467712,-0.17980098719717322,20389269907266969498044203758493583677125/1484298021016186270468332951086043634125376,0.013736641576405244,defined
client,credit,10000,1,2,Phi_B,18124866342388498810903673072594520267457/1349664876220108954449703093832154873856,13.429160572918859,27030572584646810947422235877577632833078253/2073085249874087354034743952126189886242816,13.0388138096533,-809222117261923226125805961927550297735699/2073085249874087354034743952126189886242816,-0.3903467632655593,809222117261923226125805961927550297735699/27839794701908734173548041839505183130813952,0.02906710074289599,defined
client,credit,10000,1,2,Phi,18124866342388498810903673072594520267457/1349664876220108954449703093832154873856,13.429160572918859,27030572584646810947422235877577632833078253/2073085249874087354034743952126189886242816,13.0388138096533,-809222117261923226125805961927550297735699/2073085249874087354034743952126189886242816,-0.3903467632655593,809222117261923226125805961927550297735699/27839794701908734173548041839505183130813952,0.02906710074289599,defined
client,credit,10000,1,2,G,381673462561394718116574715922271908507168155/14392826240011241890251633792626099574800384,26.51831240068501,17926436402776863359564701727109012936466684967/690855659520539610732078422046052779590418432,25.948164650222278,-393889800170083110030884637160038671877386473/690855659520539610732078422046052779590418432,-0.5701477504627325,393889800170083110030884637160038671877386473/18320326202946946469595586364269051608344071440,0.0215001521155624,defined
client,credit,10000,1,2,pooled_SSE,131941354632708903341489740796286553387951/332306998946228968225951765070086144,397046.57154710876,32886207589082488151303390866887833034871257/85070591730234615865843651857942052864,386575.512409355,-890779196890991104117982776961524632444199/85070591730234615865843651857942052864,-10471.059137753742,890779196890991104117982776961524632444199/33776986785973479255421373643849357667315456,0.026372370115054306,defined
client,credit,10000,1,2,population_average,131941354632708903341489740796286553387951/9869850175701946585278993374346628562944,13.368121327467385,32886207589082488151303390866887833034871257/2526681644979698325831422303832736912113664,13.015572284076464,-127254170984427300588283253851646376063457/360954520711385475118774614833248130301952,-0.3525490433909209,890779196890991104117982776961524632444199/33776986785973479255421373643849357667315456,0.026372370115054306,defined
client,credit,10000,1,2,absolute_group_gap,4893686789067184522378823370024019757154741/14392826240011241890251633792626099574800384,0.34000874515270757,178880449780472273784436970592958693559941315/1381711319041079221464156844092105559180836864,0.12946296908432148,-290913481969977440363930072929347203126913821/1381711319041079221464156844092105559180836864,-0.2105457760683861,290913481969977440363930072929347203126913821/469793931750449714148367043522305896686855136,0.6192363551526417,defined
client,credit,10000,1,2,max_min_group_ratio,193283574675230951319476769646147964132161448/188389887886163766797097946276123944375006707,1.025976377203559,36031753255334198992913840424810984566493311249/35673992355773254445344966483625067179373428619,1.0100286196171437,-13194485946865919487760368766379065191780389695682109578930754300291339528194574664303/827356816490949974795480851346676876223356696244589429442827157462226886454679444258371,-0.015947757586415253,9898339044910667282640936808986545530217846733444943420053078994967246457760371091/636795610831248802157468416953217135582389153567792767281807884196178880654188824968,0.015543981265809529,defined
client,credit,10000,0,2,Phi_A,670087797153/44728057856,14.981374762801416,1463908751108919300970288747327550050448251/113399098776402742949169587926636756467712,12.909350840568978,-234965645424305656418658156836925923740805/113399098776402742949169587926636756467712,-2.0720239222324377,234965645424305656418658156836925923740805/1698874396533224957388946904164475974189056,0.13830666110677972,defined
client,credit,10000,0,2,Phi_B,8085069687643/408843976704,19.77544038394023,27030572584646810947422235877577632833078253/2073085249874087354034743952126189886242816,13.0388138096533,-13965601185064037659257360207956819960396819/2073085249874087354034743952126189886242816,-6.73662657428693,13965601185064037659257360207956819960396819/40996173769710848606679596085534452793475072,0.3406562101017882,defined
client,credit,10000,0,2,Phi,8085069687643/408843976704,19.77544038394023,27030572584646810947422235877577632833078253/2073085249874087354034743952126189886242816,13.0388138096533,-13965601185064037659257360207956819960396819/2073085249874087354034743952126189886242816,-6.73662657428693,13965601185064037659257360207956819960396819/40996173769710848606679596085534452793475072,0.3406562101017882,defined
client,credit,10000,0,2,G,37884165316077695/1089978041892864,34.756815146741644,17926436402776863359564701727109012936466684967/690855659520539610732078422046052779590418432,25.948164650222278,-6085506048258816685264085445291372210712159193/690855659520539610732078422046052779590418432,-8.808650496519368,6085506048258816685264085445291372210712159193/24011942451035680044828787172400385147178844160,0.2534366413990942,defined
client,credit,10000,0,2,pooled_SSE,9425245281949/16777216,561788.3969514966,32886207589082488151303390866887833034871257/85070591730234615865843651857942052864,386575.512409355,-14905463766761260284931992835304523655360039/85070591730234615865843651857942052864,-175212.88454214155,14905463766761260284931992835304523655360039/47791671355843748436235383702192356690231296,0.3118841284243701,defined
client,credit,10000,0,2,population_average,1346463611707/71185727488,18.914797378926522,32886207589082488151303390866887833034871257/2526681644979698325831422303832736912113664,13.015572284076464,-14905463766761260284931992835304523655360039/2526681644979698325831422303832736912113664,-5.899225094850058,14905463766761260284931992835304523655360039/47791671355843748436235383702192356690231296,0.3118841284243701,defined
client,credit,10000,0,2,absolute_group_gap,5225426258434781/1089978041892864,4.794065621138814,178880449780472273784436970592958693559941315/1381711319041079221464156844092105559180836864,0.12946296908432148,-6445134283172728829261890266623696585784641341/1381711319041079221464156844092105559180836864,-4.6646026520544925,6445134283172728829261890266623696585784641341/6624014732953201103046327237216655279344582656,0.9729951612440448,defined
client,credit,10000,0,2,max_min_group_ratio,21554795787256238/16329369528821457,1.320001715265973,36031753255334198992913840424810984566493311249/35673992355773254445344966483625067179373428619,1.0100286196171437,-7409816014902744227256625779924453809912731297394090865641/23904706953333061133234973426188937712197979902086596921707,-0.3099730956488293,5558751699101833628849681755382185903910526104571711077/23671608538132088805134292698358145674772179209411324786,0.234827797618711,defined
client,credit,10001,0,1,Phi_A,389173887937/22364028928,17.401778954495548,112968468056875274869334092919173749162937593/7257542321689775548746853627304752413933568,15.565664387413836,-13325679178066609475499584731756969544086279/7257542321689775548746853627304752413933568,-1.8361145670817098,13325679178066609475499584731756969544086279/126294147234941884344833677650930718707023872,0.10551303817173077,defined
client,credit,10001,0,1,Phi_B,2801177970173/136281325568,20.554378661185698,513993238817876883955635378857400952758551275/33169363997985397664555903234019038179885056,15.49602334398378,-167782428747415287324684697876019800121457941/33169363997985397664555903234019038179885056,-5.058355317201918,167782428747415287324684697876019800121457941/681775667565292171280320076733420752880009216,0.24609624063966337,defined
client,credit,10001,0,1,Phi,2801177970173/136281325568,20.554378661185698,112968468056875274869334092919173749162937593/7257542321689775548746853627304752413933568,15.565664387413836,-294099753793381427991954712931751453668194311965/58953016279086046782470692014596503858382372864,-4.988714273771861,294099753793381427991954712931751453668194311965/1211742619819379285755555549714199818118736379904,0.24270810400084758,defined
client,credit,10001,0,1,G,1723807431488215/45415751745536,37.95615761568124,5493540547454913118542250350415006973460221602117/176859048837258140347412076043789511575147118592,31.061687731397615,-1219349385971523518323668189403123165067452274363/176859048837258140347412076043789511575147118592,-6.894469884283628,1219349385971523518323668189403123165067452274363/6712889933426436636865918539818130138527673876480,0.18164298805196338,defined
client,credit,10001,0,1,pooled_SSE,9960229462267/16777216,593675.9389798045,156740426718688039706242367944143675480372217/340282366920938463463374607431768211456,460618.7153832313,-45277026981370474200046070651944192416386055/340282366920938463463374607431768211456,-133057.2235965732,45277026981370474200046070651944192416386055/202017453700058513906288438596087867896758272,0.22412433258660244,defined
client,credit,10001,0,1,population_average,1422889923181/71185727488,19.9884158439044,156740426718688039706242367944143675480372217/10106726579918793303325689215330947648454656,15.508525483425855,-45277026981370474200046070651944192416386055/10106726579918793303325689215330947648454656,-4.479890360478543,45277026981370474200046070651944192416386055/202017453700058513906288438596087867896758272,0.22412433258660244,defined
client,credit,10001,0,1,absolute_group_gap,286355371264179/90831503491072,3.1525997066901508,12316648701074028039354670279683213243030805517/176859048837258140347412076043789511575147118592,0.06964104343005678,-545249136788765049628060088187385556941713597427/176859048837258140347412076043789511575147118592,-3.082958663260094,545249136788765049628060088187385556941713597427/557565785489839077667414758467068770184744402944,0.9779099632337492,defined
client,credit,10001,0,1,max_min_group_ratio,3733970234240609/3161259491712251,1.181165369065656,2752928598077993573290802510347345093351626203817/2740611949376919545251447840067661880108595398300,1.0044941235492586,-1530641781897390640397150975667529857845295734927042439947702633/8663785538067802050325203788930235176208233555324027446334573300,-0.17667124551639748,1530641781897390640397150975667529857845295734927042439947702633/10233363442577548329109353515079647619652811962112623232389564700,0.14957367540850844,defined
client,credit,10001,1,2,Phi_A,112968468056875274869334092919173749162937593/7257542321689775548746853627304752413933568,15.565664387413836,5805332388104213503166725705521169182433/442965229595323214645193702838424829952,13.105616423681273,-17853902210175840833450458959914913277955321/7257542321689775548746853627304752413933568,-2.4600479637325643,17853902210175840833450458959914913277955321/112968468056875274869334092919173749162937593,0.15804323557956976,defined
client,credit,10001,1,2,Phi_B,513993238817876883955635378857400952758551275/33169363997985397664555903234019038179885056,15.49602334398378,26243042443712443465098534074930408669899/2024497314330163431674554640748232310784,12.962745002403405,-28009077140030736741153665524580379036975353/11056454665995132554851967744673012726628352,-2.533278341580374,12003890202870315746208713796248733872989437/73427605545410983422233625551057278965507325,0.16347925434456068,defined
client,credit,10001,1,2,Phi,112968468056875274869334092919173749162937593/7257542321689775548746853627304752413933568,15.565664387413836,5805332388104213503166725705521169182433/442965229595323214645193702838424829952,13.105616423681273,-17853902210175840833450458959914913277955321/7257542321689775548746853627304752413933568,-2.4600479637325643,17853902210175840833450458959914913277955321/112968468056875274869334092919173749162937593,0.15804323557956976,defined
client,credit,10001,1,2,G,5493540547454913118542250350415006973460221602117/176859048837258140347412076043789511575147118592,31.061687731397615,281398047275586327414575322405374310834611245/10794619680008431417688725344469574681100288,26.068361426084678,-294371646963902243393949422708451421581983654679/58953016279086046782470692014596503858382372864,-4.993326305312938,883114940891706730181848268125354264745950964037/5493540547454913118542250350415006973460221602117,0.16075515112031757,defined
client,credit,10001,1,2,pooled_SSE,156740426718688039706242367944143675480372217/340282366920938463463374607431768211456,460618.7153832313,8012093707954164242066314945112894463083/20769187434139310514121985316880384,385768.2797346371,-25470283407567012764227863883414012597220345/340282366920938463463374607431768211456,-74850.43564859417,25470283407567012764227863883414012597220345/156740426718688039706242367944143675480372217,0.16249977074057698,defined
client,credit,10001,1,2,population_average,156740426718688039706242367944143675480372217/10106726579918793303325689215330947648454656,15.508525483425855,8012093707954164242066314945112894463083/616865635981371661579937085896664285184,12.988393647844758,-25470283407567012764227863883414012597220345/10106726579918793303325689215330947648454656,-2.5201318355810973,25470283407567012764227863883414012597220345/156740426718688039706242367944143675480372217,0.16249977074057698,defined
client,credit,10001,1,2,absolute_group_gap,12316648701074028039354670279683213243030805517/176859048837258140347412076043789511575147118592,0.06964104343005678,1542242655836830302764555030316432778808309/10794619680008431417688725344469574681100288,0.14287142127786626,4317151657385533213713266445673740468321509713/58953016279086046782470692014596503858382372864,0.07323037784780946,-12951454972156599641139799337021221404964529139/12316648701074028039354670279683213243030805517,-1.0515405031424836,defined
client,credit,10001,1,2,max_min_group_ratio,2752928598077993573290802510347345093351626203817/2740611949376919545251447840067661880108595398300,1.0044941235492586,141470144965711578858669938717845371806709777/139927902309874748555905383687528939027901468,1.01102169496132,16766998681788398972607604827262862949517047873643750797591085395272390702730330411114/2568642703901571360869090913897020402492876967750074107708244155162387697300337683063275,0.006527571412061558,-2752184936893331523264410493210696039971611124567073051432735917809083787226448424/423519471716821603311791308717401128260635055123668814853048599702687101790096373301,-0.006498366948128252,defined
client,credit,10001,0,2,Phi_A,389173887937/22364028928,17.401778954495548,5805332388104213503166725705521169182433/442965229595323214645193702838424829952,13.105616423681273,-1903050621840969867489626690165520191775/442965229595323214645193702838424829952,-4.296162530814274,1903050621840969867489626690165520191775/7708383009945183370656352395686689374208,0.24688065180280955,defined
client,credit,10001,0,2,Phi_B,2801177970173/136281325568,20.554378661185698,26243042443712443465098534074930408669899/2024497314330163431674554640748232310784,12.962745002403405,-15369241953583221285897564358505916579125/2024497314330163431674554640748232310784,-7.591633658782292,1397203813962111025990687668955083325375/3782934945208696795545099857585120477184,0.3693438650674523,defined
client,credit,10001,0,2,Phi,2801177970173/136281325568,20.554378661185698,5805332388104213503166725705521169182433/442965229595323214645193702838424829952,13.105616423681273,-26802185146889635197880419376412371473695397/3598206560002810472562908448156524893700096,-7.448762237504425,26802185146889635197880419376412371473695397/73958900135460161484103732282360828742598656,0.3623929655227407,defined
client,credit,10001,0,2,G,1723807431488215/45415751745536,37.95615761568124,281398047275586327414575322405374310834611245/10794619680008431417688725344469574681100288,26.068361426084678,-128324238700148330597260525972197108753259475/10794619680008431417688725344469574681100288,-11.887796189596566,25664847740029666119452105194439421750651895/81944457195146931602367169675514283917574144,0.31319809317804154,defined
client,credit,10001,0,2,pooled_SSE,9960229462267/16777216,593675.9389798045,8012093707954164242066314945112894463083/20769187434139310514121985316880384,385768.2797346371,-4318073143856047788346797762167859192725/20769187434139310514121985316880384,-207907.65924516736,4318073143856047788346797762167859192725/12330166851810212030413112707280753655808,0.3502039506644717,defined
client,credit,10001,0,2,population_average,1422889923181/71185727488,19.9884158439044,8012093707954164242066314945112894463083/616865635981371661579937085896664285184,12.988393647844758,-4318073143856047788346797762167859192725/616865635981371661579937085896664285184,-7.00002219605964,4318073143856047788346797762167859192725/12330166851810212030413112707280753655808,0.3502039506644717,defined
client,credit,10001,0,2,absolute_group_gap,286355371264179/90831503491072,3.1525997066901508,1542242655836830302764555030316432778808309/10794619680008431417688725344469574681100288,0.14287142127786626,-32488872181189480590021990286277120088912907/10794619680008431417688725344469574681100288,-3.0097282854122844,32488872181189480590021990286277120088912907/34031114837026310892786545316593552867721216,0.95468139485813,defined
client,credit,10001,0,2,max_min_group_ratio,3733970234240609/3161259491712251,1.181165369065656,141470144965711578858669938717845371806709777/139927902309874748555905383687528939027901468,1.01102169496132,-75262783598036217565323511823026478591348443549023503935985/442348409332476160241705037813889602275940003879394636484468,-0.17014367410433595,75262783598036217565323511823026478591348443549023503935985/522486622164800068022861840984870053807457627487467856314012,0.14404729308896488,defined
client,credit,10002,0,1,Phi_A,420684018515/22364028928,18.810743800652983,387970158853865318747697964706951033325805/28349774694100685737292396981659189116928,13.685123181405677,-145310189723098002017208495254905998210835/28349774694100685737292396981659189116928,-5.125620619247307,29062037944619600403441699050981199642167/106656069715392664152981291992371406307328,0.2724836760080364,defined
client,credit,10002,0,1,Phi_B,2907748782879/136281325568,21.336369974095437,1759507421575038356699094436208987248245979/129567828117130459627171497007886867890176,13.579817205737431,-1004999695872062524665336588563384228922149/129567828117130459627171497007886867890176,-7.756552768358006,1004999695872062524665336588563384228922149/2764507117447100881364431024772371477168128,0.36353666428615855,defined
client,credit,10002,0,1,Phi,2907748782879/136281325568,21.336369974095437,387970158853865318747697964706951033325805/28349774694100685737292396981659189116928,13.685123181405677,-1761969049706032648957498174047531661714638817/230285219840179870244026140682017593196806144,-7.6512467926897605,1761969049706032648957498174047531661714638817/4913450650075980633145048741362094905420152832,0.3586011492104405,defined
client,credit,10002,0,1,G,1823311352493763/45415751745536,40.14711377474842,18836138372947948470482223235810009738764102073/690855659520539610732078422046052779590418432,27.26494038714311,-8899722391752012592672928511086768979012736583/690855659520539610732078422046052779590418432,-12.882173387605313,8899722391752012592672928511086768979012736583/27735860764699961063155151746896778717776838656,0.3208742092864442,defined
client,credit,10002,0,1,pooled_SSE,10405982422697/16777216,620244.8858438134,268434697553612959430849050114492285196473/664613997892457936451903530140172288,403895.64228987054,-143788735699395065835318135477286278391623/664613997892457936451903530140172288,-216349.24355394288,143788735699395065835318135477286278391623/412223433253008025266167185591778563588096,0.34881261980840056,defined
client,credit,10002,0,1,population_average,10405982422697/498300092416,20.88296305995803,268434697553612959430849050114492285196473/19739700351403893170557986748693257125888,13.598722005652016,-143788735699395065835318135477286278391623/19739700351403893170557986748693257125888,-7.284241054306013,143788735699395065835318135477286278391623/412223433253008025266167185591778563588096,0.34881261980840056,defined
client,credit,10002,0,1,absolute_group_gap,229406422590181/90831503491072,2.525626173442453,72751229271739434643080168077369723468982017/690855659520539610732078422046052779590418432,0.1053059756682452,-1672091906484183301072060533198420991275096319/690855659520539610732078422046052779590418432,-2.420320197774208,1672091906484183301072060533198420991275096319/1744843135755922735715140701275790714744078336,0.9583050030223942,defined
client,credit,10002,0,1,max_min_group_ratio,3876029127577707/3417216282397345,1.1342650880904974,9454444801109843952562651701943689731116542045/9381693571838104517919571533866320007647560028,1.0077545944892214,-4055834835073543293559108589051690749223650639744905428225271/32059276030147676458954532251664455292679719568692695635325660,-0.12651049360127614,1351944945024514431186369529683896916407883546581635142741757/12121239183484343362744142851786561728686705183888994839031932,0.11153520894683702,defined
client,credit,10002,1,2,Phi_A,387970158853865318747697964706951033325805/28349774694100685737292396981659189116928,13.685123181405677,5812420142768731078005118907446449095303/442965229595323214645193702838424829952,13.121617125747646,-15975269716666529755370354630378291226413/28349774694100685737292396981659189116928,-0.5635060556580307,15975269716666529755370354630378291226413/387970158853865318747697964706951033325805,0.041176542453317526,defined
client,credit,10002,1,2,Phi_B,1759507421575038356699094436208987248245979/129567828117130459627171497007886867890176,13.579817205737431,13320720441388328574969749621213401477957/1012248657165081715837277320374116155392,13.159533823136433,-54455205077332299102966484693671859067483/129567828117130459627171497007886867890176,-0.42028338260099807,54455205077332299102966484693671859067483/1759507421575038356699094436208987248245979,0.030949119287366374,defined
client,credit,10002,1,2,Phi,387970158853865318747697964706951033325805/28349774694100685737292396981659189116928,13.685123181405677,13320720441388328574969749621213401477957/1012248657165081715837277320374116155392,13.159533823136433,-363106382744075253460097464464028076016801373/690855659520539610732078422046052779590418432,-0.5255893582692432,363106382744075253460097464464028076016801373/9454444801109843952562651701943689731116542045,0.03840589166076158,defined
client,credit,10002,1,2,G,18836138372947948470482223235810009738764102073/690855659520539610732078422046052779590418432,27.26494038714311,283695029246096343563384152616182231364372255/10794619680008431417688725344469574681100288,26.28115094888408,-679656501197782482425637468374346931444277753/690855659520539610732078422046052779590418432,-0.9837894382590288,679656501197782482425637468374346931444277753/18836138372947948470482223235810009738764102073,0.03608258167044952,defined
client,credit,10002,1,2,pooled_SSE,268434697553612959430849050114492285196473/664613997892457936451903530140172288,403895.64228987054,32453861025545388227944618149873252051217/83076749736557242056487941267521536,390649.1422504982,-8803809349249853607292104915506268786737/664613997892457936451903530140172288,-13246.500039372342,8803809349249853607292104915506268786737/268434697553612959430849050114492285196473,0.032796838223536726,defined
client,credit,10002,1,2,population_average,268434697553612959430849050114492285196473/19739700351403893170557986748693257125888,13.598722005652016,32453861025545388227944618149873252051217/2467462543925486646319748343586657140736,13.152726919985799,-1257687049892836229613157845072324112391/2819957193057699024365426678384751017984,-0.44599508566621804,8803809349249853607292104915506268786737/268434697553612959430849050114492285196473,0.032796838223536726,defined
client,credit,10002,1,2,absolute_group_gap,72751229271739434643080168077369723468982017/690855659520539610732078422046052779590418432,0.1053059756682452,409296327833928283570667305057195357494641/10794619680008431417688725344469574681100288,0.037916697388787356,-15518754763456008164852486851236406863108331/230285219840179870244026140682017593196806144,-0.06738927827945784,46556264290368024494557460553709220589324993/72751229271739434643080168077369723468982017,0.6399378368779403,defined
client,credit,10002,1,2,max_min_group_ratio,9454444801109843952562651701943689731116542045/9381693571838104517919571533866320007647560028,1.0077545944892214,142052162786965135923477409960619713360933448/141642866459131207639906742655562518003438807,1.0028896360124993,-6464799924658119645711522086540446256736539418467057455336059931692495647008818907123771/1328849969756354311271255579600958708631484359945995526789239485401782722818368986957206596,-0.004864958476722128,6464799924658119645711522086540446256736539418467057455336059931692495647008818907123771/1339154662408828937352142601439840871116986416108100581720911606274676518326260992600140315,0.004827522993519988,defined
client,credit,10002,0,2,Phi_A,420684018515/22364028928,18.810743800652983,5812420142768731078005118907446449095303/442965229595323214645193702838424829952,13.121617125747646,-2520085303746320808946544529457567022457/442965229595323214645193702838424829952,-5.689126674905338,2520085303746320808946544529457567022457/8332505446515051886951663436904016117760,0.30244028280837304,defined
client,credit,10002,0,2,Phi_B,2907748782879/136281325568,21.336369974095437,13320720441388328574969749621213401477957/1012248657165081715837277320374116155392,13.159533823136433,-8276991413667147060689867759820750687419/1012248657165081715837277320374116155392,-8.176836150959003,8276991413667147060689867759820750687419/21597711855055475635659617381034152165376,0.3832346439852013,defined
client,credit,10002,0,2,Phi,2907748782879/136281325568,21.336369974095437,13320720441388328574969749621213401477957/1012248657165081715837277320374116155392,13.159533823136433,-8276991413667147060689867759820750687419/1012248657165081715837277320374116155392,-8.176836150959003,8276991413667147060689867759820750687419/21597711855055475635659617381034152165376,0.3832346439852013,defined
client,credit,10002,0,2,G,1823311352493763/45415751745536,40.14711377474842,283695029246096343563384152616182231364372255/10794619680008431417688725344469574681100288,26.28115094888408,-149677795202340548048415093429079936100890849/10794619680008431417688725344469574681100288,-13.865962825864342,149677795202340548048415093429079936100890849/433372824448436891611799246045262167465263104,0.34537882109437473,defined
client,credit,10002,0,2,pooled_SSE,10405982422697/16777216,620244.8858438134,32453861025545388227944618149873252051217/83076749736557242056487941267521536,390649.1422504982,-19074068131080614930326280049099068397295/83076749736557242056487941267521536,-229595.74359331522,19074068131080614930326280049099068397295/51527929156626003158270898198972320448512,0.37016950696975315,defined
client,credit,10002,0,2,population_average,10405982422697/498300092416,20.88296305995803,32453861025545388227944618149873252051217/2467462543925486646319748343586657140736,13.152726919985799,-19074068131080614930326280049099068397295/2467462543925486646319748343586657140736,-7.730236139972231,19074068131080614930326280049099068397295/51527929156626003158270898198972320448512,0.37016950696975315,defined
client,credit,10002,0,2,absolute_group_gap,229406422590181/90831503491072,2.525626173442453,409296327833928283570667305057195357494641/10794619680008431417688725344469574681100288,0.037916697388787356,-26853877668352364461978406152377034560381583/10794619680008431417688725344469574681100288,-2.487709476053666,26853877668352364461978406152377034560381583/27263173996186292745549073457434229917876224,0.9849872091968755,defined
client,credit,10002,0,2,max_min_group_ratio,3876029127577707/3417216282397345,1.1342650880904974,142052162786965135923477409960619713360933448/141642866459131207639906742655562518003438807,1.0028896360124993,-7828254645305492418297673440668282427939258457828840943/59586890256010825445600837580186002591498671917657511605,-0.13137545207799828,5872659148766310891446116609653625227261259158161171/50703172787151483615745938331377247820213186777152011,0.1158242931545791,defined
client,credit,10003,0,1,Phi_A,401280634945/22364028928,17.943128057869412,745551848837095938836528205653073032309229/56699549388201371474584793963318378233856,13.149167090069293,-271815426658892573454900585501923002619411/56699549388201371474584793963318378233856,-4.79396096780012,271815426658892573454900585501923002619411/1017367275495988512291428791154996034928640,0.267175319283173,defined
client,credit,10003,0,1,Phi_B,8249178487483/408843976704,20.176837516320667,852074828297921294621919527239366217914343/64783914058565229813585748503943433945088,13.152567897142463,-151686559777677172994265344425817493791411/21594638019521743271195249501314477981696,-7.024269619178204,455059679333031518982796033277452481374233/1307134507630952813604715560516818699288576,0.3481353117651071,defined
client,credit,10003,0,1,Phi,8249178487483/408843976704,20.176837516320667,852074828297921294621919527239366217914343/64783914058565229813585748503943433945088,13.152567897142463,-151686559777677172994265344425817493791411/21594638019521743271195249501314477981696,-7.024269619178204,455059679333031518982796033277452481374233/1307134507630952813604715560516818699288576,0.3481353117651071,defined
client,credit,10003,0,1,G,2596870339598693/68123627618304,38.11996557419008,36341404942249256305203655520520939420020709005/1381711319041079221464156844092105559180836864,26.301734987211756,-5443127657688483119795848721945956057860689361/460570439680359740488052281364035186393612288,-11.818230586978325,16329382973065449359387546165837868173582068083/52670787915314705664591201686358807593602777088,0.3100273153179368,defined
client,credit,10003,0,1,pooled_SSE,9854301027263/16777216,587362.112239778,4153851162028781117324206314610537903966601/10633823966279326983230456482242756608,390626.2860097141,-2092054143991018649386084718611732928116343/10633823966279326983230456482242756608,-196735.82623006392,2092054143991018649386084718611732928116343/6245905306019799766710291033222270832082944,0.3349481046366006,defined
client,credit,10003,0,1,population_average,1407757289609/71185727488,19.77583624254328,4153851162028781117324206314610537903966601/315835205622462290728927787979092114014208,13.151957375499617,-2092054143991018649386084718611732928116343/315835205622462290728927787979092114014208,-6.623878867043666,2092054143991018649386084718611732928116343/6245905306019799766710291033222270832082944,0.3349481046366006,defined
client,credit,10003,0,1,absolute_group_gap,608673565420067/272494510473216,2.2337094584512545,4698933626874438188943833401465971333506003/1381711319041079221464156844092105559180836864,0.0034008070731703513,-1027214236188114371447533809881714957305738255/460570439680359740488052281364035186393612288,-2.2303086513780843,3081642708564343114342601429645144871917214765/3086341642191217552531545263046610843250720768,0.9984775069737457,defined
client,credit,10003,0,1,max_min_group_ratio,10996154923814839/9778807792974705,1.1244882972047678,18173051937938065371696299676961202695677107504/18168353004311190933507355843559736724343601501,1.0002586328890548,-905709813005039449375958372448023455019655597352042721851/7290608229474893020166959028731707241781634848669335052445,-0.12422966431571283,679452222809481957521349116615171384110769390361622447/6150190272730149329193673622300084966895582072961880607,0.11047661823117291,defined
client,credit,10003,1,2,Phi_A,745551848837095938836528205653073032309229/56699549388201371474584793963318378233856,13.149167090069293,728918634364720490111534771485221463672915/56699549388201371474584793963318378233856,12.8558100060739,-8316607236187724362496717083925784318157/28349774694100685737292396981659189116928,-0.2933570839953917,16633214472375448724993434167851568636314/745551848837095938836528205653073032309229,0.022309936590352186,defined
client,credit,10003,1,2,Phi_B,852074828297921294621919527239366217914343/64783914058565229813585748503943433945088,13.152567897142463,1669275195641046703460657332555232856263563/129567828117130459627171497007886867890176,12.883408018015144,-11624820318265295261060573974499859855041/43189276039043486542390499002628955963392,-0.26915987912731754,34874460954795885783181721923499579565123/1704149656595842589243839054478732435828686,0.02046443563205596,defined
client,credit,10003,1,2,Phi,852074828297921294621919527239366217914343/64783914058565229813585748503943433945088,13.152567897142463,1669275195641046703460657332555232856263563/129567828117130459627171497007886867890176,12.883408018015144,-11624820318265295261060573974499859855041/43189276039043486542390499002628955963392,-0.26915987912731754,34874460954795885783181721923499579565123/1704149656595842589243839054478732435828686,0.02046443563205596,defined
client,credit,10003,1,2,G,36341404942249256305203655520520939420020709005/1381711319041079221464156844092105559180836864,26.301734987211756,35564168887149995669232440640692365027439901467/1381711319041079221464156844092105559180836864,25.739218024089045,-129539342516543439328535813304762398763467923/230285219840179870244026140682017593196806144,-0.5625169631227092,777236055099260635971214879828574392580807538/36341404942249256305203655520520939420020709005,0.021387066799821847,defined
client,credit,10003,1,2,pooled_SSE,4153851162028781117324206314610537903966601/10633823966279326983230456482242756608,390626.2860097141,4067469025646813897032849436595687176200041/10633823966279326983230456482242756608,382502.9489433971,-2699441761936475634104902437964085242705/332306998946228968225951765070086144,-8123.337066317029,86382136381967220291356878014850727766560/4153851162028781117324206314610537903966601,0.020795674426566924,defined
client,credit,10003,1,2,population_average,4153851162028781117324206314610537903966601/315835205622462290728927787979092114014208,13.151957375499617,4067469025646813897032849436595687176200041/315835205622462290728927787979092114014208,12.878453551846642,-2699441761936475634104902437964085242705/9869850175701946585278993374346628562944,-0.2735038236529756,86382136381967220291356878014850727766560/4153851162028781117324206314610537903966601,0.020795674426566924,defined
client,credit,10003,1,2,absolute_group_gap,4698933626874438188943833401465971333506003/1381711319041079221464156844092105559180836864,0.0034008070731703513,38132485482248422176458948045641330949370197/1381711319041079221464156844092105559180836864,0.027598011941244522,5572258642562330664585852440695893269310699/230285219840179870244026140682017593196806144,0.024197204868074168,-33433551855373983987515114644175359615864194/4698933626874438188943833401465971333506003,-7.115136009616885,defined
client,credit,10003,1,2,max_min_group_ratio,18173051937938065371696299676961202695677107504/18168353004311190933507355843559736724343601501,1.0002586328890548,1369319283562778618900342291874538706091895064/1366386015448759509502153142024873988326558895,1.002146734583679,1923431136136327118006045083167676682624783013099460071836285686884231567580116895336/1018711620042975386032086109291578981781518528451896148682628165190701657220453120541955,0.0018881016946240244,-180366760702956406414670394145506065512451520358163922715330615799346546097160249/95552803110688382169821664626415913233911331142322532789868453883370067334098326130,-0.0018876134956922145,defined
client,credit,10003,0,2,Phi_A,401280634945/22364028928,17.943128057869412,728918634364720490111534771485221463672915/56699549388201371474584793963318378233856,12.8558100060739,-288448641131268022179894019669774571255725/56699549388201371474584793963318378233856,-5.0873180517955126,57689728226253604435978803933954914251145/203473455099197702458285758230999206985728,0.2835245914418105,defined
client,credit,10003,0,2,Phi_B,8249178487483/408843976704,20.176837516320667,1669275195641046703460657332555232856263563/129567828117130459627171497007886867890176,12.883408018015144,-314997939873619641249591262826134847437863/43189276039043486542390499002628955963392,-7.293429498305522,944993819620858923748773788478404542313589/2614269015261905627209431121033637398577152,0.3614753547183003,defined
client,credit,10003,0,2,Phi,8249178487483/408843976704,20.176837516320667,1669275195641046703460657332555232856263563/129567828117130459627171497007886867890176,12.883408018015144,-314997939873619641249591262826134847437863/43189276039043486542390499002628955963392,-7.293429498305522,944993819620858923748773788478404542313589/2614269015261905627209431121033637398577152,0.3614753547183003,defined
client,credit,10003,0,2,G,2596870339598693/68123627618304,38.11996557419008,35564168887149995669232440640692365027439901467/1381711319041079221464156844092105559180836864,25.739218024089045,-5702206342721569998452920348555480855387625207/460570439680359740488052281364035186393612288,-12.380747550101034,17106619028164709995358761045666442566162875621/52670787915314705664591201686358807593602777088,0.32478380721528455,defined
client,credit,10003,0,2,pooled_SSE,9854301027263/16777216,587362.112239778,4067469025646813897032849436595687176200041/10633823966279326983230456482242756608,382502.9489433971,-2178436280372985869677441596626583655882903/10633823966279326983230456482242756608,-204859.16329638092,2178436280372985869677441596626583655882903/6245905306019799766710291033222270832082944,0.34877830732934906,defined
client,credit,10003,0,2,population_average,1407757289609/71185727488,19.77583624254328,4067469025646813897032849436595687176200041/315835205622462290728927787979092114014208,12.878453551846642,-2178436280372985869677441596626583655882903/315835205622462290728927787979092114014208,-6.897382690696642,2178436280372985869677441596626583655882903/6245905306019799766710291033222270832082944,0.34877830732934906,defined
client,credit,10003,0,2,absolute_group_gap,608673565420067/272494510473216,2.2337094584512545,38132485482248422176458948045641330949370197/1381711319041079221464156844092105559180836864,0.027598011941244522,-1016069718902989710118362105000323170767116857/460570439680359740488052281364035186393612288,-2.20611144651001,3048209156708969130355086315000969512301350571/3086341642191217552531545263046610843250720768,0.987644762018253,defined
client,credit,10003,0,2,max_min_group_ratio,10996154923814839/9778807792974705,1.1244882972047678,1369319283562778618900342291874538706091895064/1366386015448759509502153142024873988326558895,1.002146734583679,-13416079694976208438086868503055732612315218936081708253/109660849571849359017126154735273639403859214278507517155,-0.1223415626210888,10064575915210959068332234435900774652899639111839241/92507383349645213526066597910957249710594221377440353,0.1087975418910123,defined
client,credit,10004,0,1,Phi_A,1344201391539/89456115712,15.026377803688646,185566371810237863318228593723032330850753/14174887347050342868646198490829594558464,13.091206107458232,-27430840791266455742019103525380282363455/14174887347050342868646198490829594558464,-1.9351716962304149,27430840791266455742019103525380282363455/212997212601504319060247697248412613214208,0.12878497542870063,defined
client,credit,10004,0,1,Phi_B,1279395013915/68140662784,18.77579350777041,2219907131077072671764236226330448451343/168708109527513619306212886729019359232,13.15827162840113,-947721496497836815157026897241138702577/168708109527513619306212886729019359232,-5.617521879369281,947721496497836815157026897241138702577/3167628627574909486921263123571587153920,0.2991895856249407,defined
client,credit,10004,0,1,Phi,1279395013915/68140662784,18.77579350777041,2219907131077072671764236226330448451343/168708109527513619306212886729019359232,13.15827162840113,-947721496497836815157026897241138702577/168708109527513619306212886729019359232,-5.617521879369281,947721496497836815157026897241138702577/3167628627574909486921263123571587153920,0.2991895856249407,defined
client,credit,10004,0,1,G,24562416331860857/726652027928576,33.802171311459055,3022433375546139953922375034337817369748458747/115142609920089935122013070341008796598403072,26.24947773585936,-869636850221245054989831407196152233592337157/115142609920089935122013070341008796598403072,-7.552693575599696,869636850221245054989831407196152233592337157/3892070225767385008912206441533969603340795904,0.22343811898969063,defined
client,credit,10004,0,1,pooled_SSE,9020571475029/16777216,537667.958440125,1038010710143833769275695304633924536166465/2658455991569831745807614120560689152,390456.2322774744,-391355895446435792762317432065977544153023/2658455991569831745807614120560689152,-147211.7261626506,391355895446435792762317432065977544153023/1429366605590269562038012736699902080319488,0.27379672500801283,defined
client,credit,10004,0,1,population_average,9020571475029/498300092416,18.102688745837682,1038010710143833769275695304633924536166465/78958801405615572682231946994773028503552,13.146231853387913,-391355895446435792762317432065977544153023/78958801405615572682231946994773028503552,-4.9564568924497685,391355895446435792762317432065977544153023/1429366605590269562038012736699902080319488,0.27379672500801283,defined
client,credit,10004,0,1,absolute_group_gap,2724520524918263/726652027928576,3.7494157040817635,7722099117015626454433300713434122747125509/115142609920089935122013070341008796598403072,0.06706552094289712,-423995410726330215004989051322824166315647227/115142609920089935122013070341008796598403072,-3.6823501831388663,423995410726330215004989051322824166315647227/431717509843345841459422352036258289062772736,0.9821130740798127,defined
client,credit,10004,0,1,max_min_group_ratio,13643468428389560/10918947903471297,1.249522256998048,1515077737331577790188404167525625746247792128/1507355638214562163733970866812191623500666619,1.0051229443943053,-495199332352912336937147934411586710808235923968493333688/2026189546432171905944822399375034013279915643753926336641,-0.24439931260374287,46436546544721712015861584247148041148559257686467867/237412690844315334879484939739429830584794018223227995,0.19559420509315878,defined
client,credit,10004,1,2,Phi_A,185566371810237863318228593723032330850753/14174887347050342868646198490829594558464,13.091206107458232,364555383151990074555505915902682097684187/28349774694100685737292396981659189116928,12.859198603361406,-6577360468485652080951271543382564017319/28349774694100685737292396981659189116928,-0.23200750409682577,6577360468485652080951271543382564017319/371132743620475726636457187446064661701506,0.01772239335263754,defined
client,credit,10004,1,2,Phi_B,2219907131077072671764236226330448451343/168708109527513619306212886729019359232,13.15827162840113,1665825363778704073820631159723721203434327/129567828117130459627171497007886867890176,12.856782335448143,-39063312888487738094302262098063207197097/129567828117130459627171497007886867890176,-0.30148929295298643,39063312888487738094302262098063207197097/1704888676667191811914933421821784410631424,0.0229125299634524,defined
client,credit,10004,1,2,Phi,2219907131077072671764236226330448451343/168708109527513619306212886729019359232,13.15827162840113,364555383151990074555505915902682097684187/28349774694100685737292396981659189116928,12.859198603361406,-68872097319540204762433780173764813006933255/230285219840179870244026140682017593196806144,-0.2990730250397229,68872097319540204762433780173764813006933255/3030155474663155580376808335051251492495584256,0.02272889886192929,defined
client,credit,10004,1,2,G,3022433375546139953922375034337817369748458747/115142609920089935122013070341008796598403072,26.24947773585936,17766030971698896248454729008279341495177784567/690855659520539610732078422046052779590418432,25.715980938809547,-368569281577943475079521197747562723312967915/690855659520539610732078422046052779590418432,-0.5334967970498122,368569281577943475079521197747562723312967915/18134600253276839723534250206026904218490752482,0.020324091870254746,defined
client,credit,10004,1,2,pooled_SSE,1038010710143833769275695304633924536166465/2658455991569831745807614120560689152,390456.2322774744,1015190373465347074188068537813201650559257/2658455991569831745807614120560689152,381872.1756856588,-2852542084810836885953345852590360700901/332306998946228968225951765070086144,-8584.0565918156,22820336678486695087626766820722885607208/1038010710143833769275695304633924536166465,0.02198468325565211,defined
client,credit,10004,1,2,population_average,1038010710143833769275695304633924536166465/78958801405615572682231946994773028503552,13.146231853387913,1015190373465347074188068537813201650559257/78958801405615572682231946994773028503552,12.857216110085815,-2852542084810836885953345852590360700901/9869850175701946585278993374346628562944,-0.2890157433020976,22820336678486695087626766820722885607208/1038010710143833769275695304633924536166465,0.02198468325565211,defined
client,credit,10004,1,2,absolute_group_gap,7722099117015626454433300713434122747125509/115142609920089935122013070341008796598403072,0.06706552094289712,1669292362796005231518320985578581754121439/690855659520539610732078422046052779590418432,0.002416267913263546,-44663302339297753495081483295026154728631615/690855659520539610732078422046052779590418432,-0.06464925302963359,44663302339297753495081483295026154728631615/46332594702093758726599804280604736482753054,0.9639715329234395,defined
client,credit,10004,1,2,max_min_group_ratio,1515077737331577790188404167525625746247792128/1507355638214562163733970866812191623500666619,1.0051229443943053,8883850132030846126843123664632460038465953003/8882180839668050121611605343646881456711831564,1.0001879372186773,-66072863564284698500495389685678350521775562915636554173068036893943354716558864396221335/13388605368314989338913433967136252110014648592445429317447492125256618414093495938445362116,-0.0049350071756279,66072863564284698500495389685678350521775562915636554173068036893943354716558864396221335/13457194449134163104324802096832554294575691652300983622099679648715882397576211370021128192,0.004909854265242919,defined
client,credit,10004,0,2,Phi_A,1344201391539/89456115712,15.026377803688646,364555383151990074555505915902682097684187/28349774694100685737292396981659189116928,12.859198603361406,-61439042051018563564989478594143128744229/28349774694100685737292396981659189116928,-2.1671792003272405,20479680683672854521663159531381042914743/141998141734336212706831798165608408809472,0.14422499078888096,defined
client,credit,10004,0,2,Phi_B,1279395013915/68140662784,18.77579350777041,1665825363778704073820631159723721203434327/129567828117130459627171497007886867890176,12.856782335448143,-766913422198826412134898919179257730776233/129567828117130459627171497007886867890176,-5.919011172322268,766913422198826412134898919179257730776233/2432738785977530485955530078902978934210560,0.31524692524300874,defined
client,credit,10004,0,2,Phi,1279395013915/68140662784,18.77579350777041,364555383151990074555505915902682097684187/28349774694100685737292396981659189116928,12.859198603361406,-1362504358267115474757254238692741212914917639/230285219840179870244026140682017593196806144,-5.916594904409004,1362504358267115474757254238692741212914917639/4323787735610730850371628793570227892403568640,0.3151182346546582,defined
client,credit,10004,0,2,G,24562416331860857/726652027928576,33.802171311459055,17766030971698896248454729008279341495177784567/690855659520539610732078422046052779590418432,25.715980938809547,-5586390382905413805018509640924476124866990857/690855659520539610732078422046052779590418432,-8.086190372649508,5586390382905413805018509640924476124866990857/23352421354604310053473238649203817620044775424,0.239221034002282,defined
client,credit,10004,0,2,pooled_SSE,9020571475029/16777216,537667.958440125,1015190373465347074188068537813201650559257/2658455991569831745807614120560689152,381872.1756856588,-414176232124922487849944198886700429760231/2658455991569831745807614120560689152,-155795.78275446617,414176232124922487849944198886700429760231/1429366605590269562038012736699902080319488,0.2897620739879289,defined
client,credit,10004,0,2,population_average,9020571475029/498300092416,18.102688745837682,1015190373465347074188068537813201650559257/78958801405615572682231946994773028503552,12.857216110085815,-59168033160703212549992028412385775680033/11279828772230796097461706713539004071936,-5.245472635751867,414176232124922487849944198886700429760231/1429366605590269562038012736699902080319488,0.2897620739879289,defined
client,credit,10004,0,2,absolute_group_gap,2724520524918263/726652027928576,3.7494157040817635,1669292362796005231518320985578581754121439/690855659520539610732078422046052779590418432,0.002416267913263546,-2588635766697279043525015791231971152622514977/690855659520539610732078422046052779590418432,-3.7469994361684997,2588635766697279043525015791231971152622514977/2590305059060075048756534112217549734376636416,0.9993555614783837,defined
client,credit,10004,0,2,max_min_group_ratio,13643468428389560/10918947903471297,1.249522256998048,8883850132030846126843123664632460038465953003/8882180839668050121611605343646881456711831564,1.0001879372186773,-24181457087366301838745444754866276056468200380012231534616949/96984069857546380274662966165641895417897982820930926372618508,-0.24933431977937076,24181457087366301838745444754866276056468200380012231534616949/121183753861257714202430583589817334512977601777764522496071840,0.19954372031626824,defined
