population,dataset,T_from,T_to,metric,seeds,change_defined_n,change_mean_exact,change_mean,change_min_exact,change_min,change_max_exact,change_max,change_sample_sd,relative_decrease_defined_n,relative_decrease_mean_exact,relative_decrease_mean,relative_decrease_min_exact,relative_decrease_min,relative_decrease_max_exact,relative_decrease_max,relative_decrease_sample_sd,decreases,increases,ties
record,adult,0,1,Phi_A,5,5,-6912015968293687484113153253631678231194236297951819/317631166443986616942541045236111605311998001152000,-21.76113901440022,-311771425124364665902219729799422545722749857/13298234899270275152148679658433501703700480,-23.44457196657526,-240863276018262375600394972834292738451185581/13303679417141010167564093652152409995083776,-18.105012039595916,2.124622706806284,5,21348286113251656091529127123831407510359772894144895883066789120616258126152356565750486576285139/117486969242569765421136711443129489206610047000842026451732573290095219349682750123290883679846400,0.181707692783996,240863276018262375600394972834292738451185581/1525598410475682960822486133316526719929155584,0.15788117919129255,311771425124364665902219729799422545722749857/1627743369582176846679545562065225739294212096,0.19153598223803106,0.013899989160865836,5,0,0
record,adult,0,1,Phi_B,5,5,-1049687387204406318735539084899041595598514971848093117/114859985229111538460927510930002769900838516456161280,-9.138843132450278,-1910298930038258474457874779777878741509235515/110834050294552708811582670135816087689756672,-17.235668325405825,-18755948033028367530016203162598213016642735/3822051545255980821620623590673620551073792,-4.90729855705601,4.798653024149934,5,73617973655266786294020526442623068049547584011144713317415417562488788868339145862061190277673/861099904166331753707848039664676719522878529496776894219588134968951309295111111735411180830720,0.08549295302330749,543922492957822658370469891715348177482639315/11307885468535794427802013976165069455907356672,0.048101167496901846,382059786007651694891574955955575748301847103/2515058694086423686192808816405437875845332992,0.1519088945741014,0.039878668595574825,5,0,0
record,adult,0,1,Phi,5,5,-20742574617388287047088441690044796606943826621746044829/957975597995063636698703792432112601620985971474432000,-21.652508331945185,-311771425124364665902219729799422545722749857/13298234899270275152148679658433501703700480,-23.44457196657526,-352325104417717014653199609755922742258292779055/20061948561048643332686653227445834272586334208,-17.56185862732074,2.3592252315470503,5,552161781615827227584505908245490537197448504000767172931622572095803436853463514901633506032741919/3054661200306813900949554497521366719371861222021892687745046905542475703091751503205562975676006400,0.1807604003875675,352325104417717014653199609755922742258292779055/2300602402997329904920309089041322293653166620672,0.15314471720915,311771425124364665902219729799422545722749857/1627743369582176846679545562065225739294212096,0.19153598223803106,0.01594124214085168,5,0,0
record,adult,0,1,G,5,5,-681670311575027638713528729192207146347613856612543674859508127/22060540628645875768290777655218332861092336297811814383616000,-30.899982146850498,-43620777507535604441736839451018972178595681777543/1083402841629252728633220600577602257167371468800,-40.2627497653019,-5306572315642592684717823786604499651824661749/230597109897110842904444289970641773248118784,-23.012310596651925,6.150036238689984,5,225888634405104272322733457954394760492299967958206952163685059116528165149569941254325507757486055661733680054979641/1648566615047335422753548147461750168828922523526989791992241719751990976016579536024316341029050369376203688640512000,0.13702123550440715,461671791460905563570450669434591469708745572163/4347329672802308696352473618727199865172398178304,0.10619663706417504,43620777507535604441736839451018972178595681777543/253303315127112263258857914553219259702146471297024,0.17220768502633255,0.023484459662933777,5,0,0
record,adult,0,1,pooled_SSE,5,5,-2713629670111888470046917899108940563648314483/6805647338418769269267492148635364229120,-398732.0434300341,-3135803938949769397182790704456869136967451589/5444517870735015415413993718908291383296,-575956.2211752705,-1507375597030872160772049783052519131287381639/5444517870735015415413993718908291383296,-276861.17169955675,109647.3230587611,5,1508726080470836519781064478766518397655983858675862403641098755205344812206745291006272961727863/12595675259918000342361444023863861888118355576744246036397484310475606040137062791170952999731200,0.11978127804484684,1507375597030872160772049783052519131287381639/17410279110438526271091958509431176335623979008,0.08657963421890855,3135803938949769397182790704456869136967451589/18979961223717882816491596454744362023536033792,0.16521656193012568,0.028586834863736706,5,0,0
record,adult,0,1,population_average,5,5,-2713629670111888470046917899108940563648314483/205067765601234355621568073422680794951843840,-13.232843602483541,-1045267979649923132394263568152289712322483863/54684737493662494832418152912714878653825024,-19.114437182240493,-1507375597030872160772049783052519131287381639/164054212480987484497254458738144635961475072,-9.188277303184545,3.638899610339875,5,1508726080470836519781064478766518397655983858675862403641098755205344812206745291006272961727863/12595675259918000342361444023863861888118355576744246036397484310475606040137062791170952999731200,0.11978127804484684,1507375597030872160772049783052519131287381639/17410279110438526271091958509431176335623979008,0.08657963421890855,3135803938949769397182790704456869136967451589/18979961223717882816491596454744362023536033792,0.16521656193012568,0.028586834863736706,5,0,0
record,adult,0,1,absolute_group_gap,5,5,-84929514195386661932379080429802405175915860155029921064237167/6846374677855616617745413755067758474132104368286425153536000,-12.405034517039873,-2321824546062400518077903492808557148613508620727/135389329509470671324025707602511480845374586880,-17.149243256278815,-6274433425287651266085387506361442782090127459293/1083402841629252728633220600577602257167371468800,-5.791413114490244,4.145203459166944,5,131083246886719994035901919695546662313941447294089740858195953240501173478960940771421253672223974029262031/151695010033788175562938225340507291335668610162449647686024094053470306190918070230567530769012845447217152,0.8641236574461008,2321824546062400518077903492808557148613508620727/2927101494780854363691801913741850653791445057536,0.7932162756236201,242978417374528465735948550077254014807839985947/253875133192351113488144559355444722133935063040,0.9570784437183667,0.07214867178013883,5,0,0
record,adult,0,1,max_min_group_ratio,5,5,-60902797007153205150288290959818918448427121347271646055400493166755825576168446306111528917851065824924250967116362793673639558884520852323622356778088987988400048494948983202354101446239389162092996469281039976749618525286217465404338198922205615410298337725195694493063879000089333979389580327/516922948375357046425685213669492793907118428102517188993243528457444472316971886457584836597262711273667497787801297964561197248475518106327076762250470963088696041161436953275062932478686929997321576029945541316417562799613679064706597037409037664046073479960243291892014751899213469392523652500,-0.11781794017573662,-18410934866845257295099192783259439271267669095859377154772519/110110294261894185989619627145579262191696003526300897352297675,-0.16720448337968633,-1732573992384863813537960606326223887739199825161846331801293/35128383104744421543392766360057206299460423823908523618814500,-0.049321199533116665,0.04272974077076052,5,27754792228824189744777509939199214054846972645773598251550812358105593519543952508349433810696549784828815831606564551617449164191656615947820731143279431969145929612088441308371013412890150614506673594527036230566401419935664312482730572740907693959178807564523585826067339440828555902403/271818233509780395165670518902169319019921073356402899692422032639011609337279867633651636441563727859238701102569992677334350378470050612047028047998379195835819582998984223861420739351828396447325054957713592939134945555086771324213744706370058574205548621342998501782446990809616956733620,0.10210791185877358,85109495131152125241340109364160921930500556327643873449/1830289847550724184825371600534885919855396702749942097521,0.04650055576992071,3616724264187262016520811861950582314363553500807263953398/26270708524058622599843655502021614113583140252106447798915,0.13767136355972578,0.03357572500917395,5,0,0
record,adult,1,2,Phi_A,5,5,-12923098178545731749775001288948593528579886038223/6617315967583054519636271775752325110666625024000,-1.9529214324740543,-8134743010576631320389904534894559853043367/2661008109321738784283589430116427413585920,-3.0570154905127613,-17999870407455907566990959760654848967878787/26610081093217387842835894301164274135859200,-0.6764304980657828,0.8954439566519097,5,598007185071187472471263187772455011485926732725525136359889188084716768671082352544281868438190687220876504963551465673915209277138790214931158815748631958414265531434699144042585394415891600576529678555429043431262712731/29982180319082825119857872332166439964638337248385448021534767133788608794008547484939027329403156508381698630509565158719139733080142296888605423061989828166942844112296296700757295383194317866153995576405280426939375567600,0.019945420203165563,5999956802485302522330319920218282989292929/863193790729042243800439408006363708141858793,0.0069508804012802464,8134743010576631320389904534894559853043367/257732490827497446284673613301555189740469488,0.03156273772258417,0.009164607582034223,5,0,0
record,adult,1,2,Phi_B,5,5,-4502838601887068520299021497052537114198301765541567/22971997045822307692185502186000553980167703291232256,-0.1960142425974217,-282868614098426474825326460328598166870179709/110839494812423443826998084129534995981139968,-2.5520561472887655,27202762013793883067142999057561698673433419/13857659110488297986082467513051328643334144,1.9630127857024005,1.9158856270036433,5,8147172990877645084233773037262104249168060794696258047762497882390425967860715123418150587551893677599694261988106702046140649860195156847077279919087692220428193422492178873483882045808858556714825174539248744878545309001/4217276776641833839234826526538998163366835436638362032967460582930455682986718575759749818465256988319524802474852694672593984212270943913725151400329548995734279218330761779410178739822336376390141386817910628023163029016800,0.0019318563666492717,-9067587337931294355714333019187232891144473/436459686721478402145344792813539706877281495,-0.020775314682654,40409802014060924975046637189799738124311387/1537708996511138824204506297778531611203531051,0.026279225852060106,0.019962901465735945,2,3,0
record,adult,1,2,Phi,5,5,-4355092078222617771255507073069172761619596944061273786607/2166834360931723383586168122504501803466490157922779136000,-2.0098869377121926,-9251215938170933158607336699219619516447710783/3186478945968390378333001766404712521080504320,-2.903272262280532,-17999870407455907566990959760654848967878787/26610081093217387842835894301164274135859200,-0.6764304980657828,0.8154021348488294,5,3166661831719299279392694940842521407394691047833972860590119275418371130101050378199667870738444623235103545407051738848875234641229052894276018770416929561572365345517458927011861265273705451659985127736440822260479857579532789/154331630750770621333580530526671167342326067726218412390210234550570681081992757680310055989169274060197272838371273775839586150354497912729237530841779705152761623034493547896931011824301419155713459711740672683871591918435003600,0.02051855356102033,5999956802485302522330319920218282989292929/863193790729042243800439408006363708141858793,0.0069508804012802464,9251215938170933158607336699219619516447710783/308627077398550912589241220351750529267455139248,0.02997538652846139,0.008374971380721399,5,0,0
record,adult,1,2,G,5,5,-426660144914347645447841170013965531161612300122068714733281513/198544865657812881914616998896964995749831026680306329452544000,-2.148935675071476,-130938352550621531771549878029600784231452482417/27085071040731318215830515014440056429184286720,-4.834336685095366,-40449648348932868061303946481290035113023385869/135389329509470671324025707602511480845374586880,-0.2987654085849015,2.1462251331418045,5,6069045092754370771252556621120338165517260339728594892101672769041492329890460113742878733821704470842341165820400413120826721714831639803139984548754133937123055912139147526384784515653645750409853098115433040162880128319077098913664612230399/546132802113373699936525163766753319052410059230550969418879221375293598356905307091979315645539160155983441207796167463091466141614349867900698348349842514028582860518047700797088283747591764633403652398215772001320022294734254248382767764677560,0.01111276427504253,40449648348932868061303946481290035113023385869/26190543784331517779374010175662991122324177673709,0.0015444371328071414,130938352550621531771549878029600784231452482417/5216163851118379872045899618757568738424182396968,0.025102423215203926,0.011132054939890817,5,0,0
record,adult,1,2,pooled_SSE,5,5,-157042857086351806403056292971990139269137149/6805647338418769269267492148635364229120,-23075.3739177498,-364193166513141324857326293969484857158394121/5444517870735015415413993718908291383296,-66891.7202881685,24327866309907861839296208578371817821037559/1361129467683753853853498429727072845824,17873.293384285338,40309.74082750678,5,77222194784192478836921396825802745055772344974527768288990061210135826330473980745401299288530497283159057406950295233316771552872127820130944923874062459213164207677986793793235789791620692919590523977128305644402919428794127/9740901828308971182647079878125237289167897739870951712161054334317906223270398067853319878585255994012136021108974412839608759051810993252436175374054208944188206670554500501293532398568281397458577381552144139524339038723285170,0.00792762273404395,-24327866309907861839296208578371817821037559/3934730064786682593649394589147041434835151209,-0.006182855217344312,364193166513141324857326293969484857158394121/15902903513407654110319908726378657204336597369,0.022901048617071214,0.01386923184599242,3,2,0
record,adult,1,2,population_average,5,5,-157042857086351806403056292971990139269137149/205067765601234355621568073422680794951843840,-0.7658095684903026,-364193166513141324857326293969484857158394121/164054212480987484497254458738144635961475072,-2.2199562023154282,24327866309907861839296208578371817821037559/41013553120246871124313614684536158990368768,0.5931665134835171,1.33777183152485,5,77222194784192478836921396825802745055772344974527768288990061210135826330473980745401299288530497283159057406950295233316771552872127820130944923874062459213164207677986793793235789791620692919590523977128305644402919428794127/9740901828308971182647079878125237289167897739870951712161054334317906223270398067853319878585255994012136021108974412839608759051810993252436175374054208944188206670554500501293532398568281397458577381552144139524339038723285170,0.00792762273404395,-24327866309907861839296208578371817821037559/3934730064786682593649394589147041434835151209,-0.006182855217344312,364193166513141324857326293969484857158394121/15902903513407654110319908726378657204336597369,0.022901048617071214,0.01386923184599242,3,2,0
record,adult,1,2,absolute_group_gap,5,5,-371445319156572842076900545182544930787271796652712196852744093/198544865657812881914616998896964995749831026680306329452544000,-1.8708382003529096,-571991618098465343193278148066045627191912393129/135389329509470671324025707602511480845374586880,-4.224790979989702,-1253568744177602023071866519519428687344460181/20061948561048643332686653227445834272586334208,-0.06248489474304971,1.7452053748038483,5,7297638584800890921270248670903827206627483029405464108039861564493093130787889640208526115790637318962317589388628720566200505389351742938873103493375190419504073452628512983971102836644024028742866196289883408580239504553851369959583/9748339949248587360847283678739225847455493815698769261587612782396355125266056609810646538936306674033575158421373890682372805795453709274329075339575754458584722013085785816867194945024523747820171010487799589565171362408384588419860,0.7486032106793117,1253568744177602023071866519519428687344460181/10896715817822647752196009278190707326095077093,0.11504096877769973,15878068876865304698143287103341629974567486415/16402601852417727560173092840626586555812104199,0.9680213553756957,0.35773491096190896,5,0,0
record,adult,1,2,max_min_group_ratio,5,5,-2355890537089462041299395077013998934062336285939793028839467848996478861355761847087435772696795891060736373250677847104572699759570740277678588857830774078254788649359386551645724322015904523051751212571995752926426398203402534067988104838159869708985150189809097318170878277461082497856958490426737654708504153530208895475874417802942569348410093206917743872131710722817531239529020821338225598031593130867550095896039863009779055147195154467584989773/120186199571560800709568483189684297114203410169074991419930804032911968702010344798197380185211986171568357519739148806375772279282221231211917452482024718588916711445389202213839848362254199568308585075932982656612965113725741704350668915931338966956715411696732728357749795955698318739487947846658367748777362927534262155412305935248152618458878739523111212599286949429028924337196360030567836389290406639144214326377145141227685929678282532908369547500,-0.019602005433966042,-759344297734252502717037213310917361165487459184929396899122149172758852769283321794318317/16962699686537659867259292703575405909052893338722807794863475056009168992354471233819047350,-0.044765533303457665,-612523035267672907215440084189158144982990237341572425357172607708872741278581204120662677/1131577042816023553557176049047478398116721292229993178980663626717332323642132222267876462044,-0.0005413003375743276,0.01845735349009319,5,17892893495418754165980422743959080054431442461328919891633250442910719359165044774969892084672551343385056058187743944553143465431156777532365139801135665097474783869010444402250279966670481494029768694616616225985883413638817907254607160609681647385622978911746830369383516689710715752709004233020793580331896016003784547820715438117793415561492629828451460567253701190516968367391263036347720462048498919834856138282757787481939689154851449642664669/944952272135110431537627173751416677405508970335155039330531906192454018168354997926863752936382005229305495477239505489306820667514644010290313850168515628870710449644120180170227878707707384478582451788083813499846641981306129707404691065212812876126653809787587025733270234553330966431606007953375303487441933414211608427097586735187818383521237143423770821815240394653049959502255147894271453409171786232123619053706985394266643549913645278791059800,0.018935235168004768,32238054487772258274496846536271481314894223017977496071430137247835407435714800216876983/59891660548713216140463600924897472926534406406354057453126732527370393240830912615815349383,0.0005382728445398714,223753353619758128685896438457199890334590155933089892024100427022716487408687748294171/5234833867437053238659503907630962254324410027080089897963653226011826387091059546241271,0.04274316230197895,0.017604262790056006,5,0,0
record,adult,0,2,Phi_A,5,5,-7532324680863882608102353315501210720566070827786523/317631166443986616942541045236111605311998001152000,-23.714060446874274,-5341391919406946409331398739627720707009049/207784920301098049252323119663023464120320,-25.706350160862563,-1813850098069035334086075911420238965439161/92386662619034792830306205917725069410304,-19.633246257077378,2.4032729263124755,5,1454042303356686558656374658811352648353295686232974999708214733445683581036550103392288459392173/7342935577660610338821044465195593075413127937552626653233285830630951209355171882705680229990400,0.19801921016171173,16324650882621318006774683202782150688952449/95349900654730185051405383332282919995572224,0.17120784364248284,66887255648034870725924216102490595908936119/316485003464955685690207924869151225796362240,0.2113441550649691,0.016185354719257927,5,0,0
record,adult,0,2,Phi_B,5,5,-44675065842243402555709758016012678382062770028158373/4785832717879647435871979622083448745868271519006720,-9.334857375047699,-29411199717145299133484449712009443281506555/1731782035852386075180979220872126370152448,-16.98319944903982,-3752234827622760413936850534077443662681443/866103694405518624130154219565708040208384,-4.332315924594043,4.806067736578399,5,14109843283923289175446487459985323046034208123591732695817097096582020353323330252741327829061/161456232031187203820221507437126884910539724280645667666172775306678370492833333450389596405760,0.08739113446669437,3752234827622760413936850534077443662681443/87288598713762078507885436627713744869261312,0.042986539856449506,5882239943429059826696889942401888656301311/39297792095100370096762637756334966810083328,0.14968372597610782,0.04040274490766337,5,0,0
record,adult,0,2,Phi,5,5,-57681552523772114919859871392733059922766481379429462332927/2437688656048188806534439137817564528899801427663126528000,-23.662395269657377,-5341391919406946409331398739627720707009049/207784920301098049252323119663023464120320,-25.706350160862563,-1813850098069035334086075911420238965439161/92386662619034792830306205917725069410304,-19.633246257077378,2.374091687029254,5,4453966049877650674549661433139096634517920302023508638015145879142884065908641495096538691036097477407/22541605044809106335840904328440392586016704850053630173604395947846464484341559689648921492240717578240,0.19758868283886077,16324650882621318006774683202782150688952449/95349900654730185051405383332282919995572224,0.17120784364248284,270659114141928648654957340893657207553883967155/1288537043107220578719112545312262300707309223936,0.21005148093317702,0.015894346752624588,5,0,0
record,adult,0,2,G,5,5,-51263226164762471827106247912061170689766695387773138972412927/1551131762951663139957945303882539029295554895939893198848000,-33.048917821921975,-2755006170826680425781340947138663544883226397521/67712677601828295539576287536100141072960716800,-40.68671138700167,-11323549309855588624497889500764208753143852767/417957261688513402764305275571788214012215296,-27.092600961422153,5.278749795678124,5,120941857621009732698199264885619044342943982892290876591887325810024339221558264409255167565325072299067713089012381/824283307523667711376774073730875084414461261763494895996120859875995488008289768012158170514525184688101844320256000,0.1467236525562385,33970647929566765873493668502292626259431558301/271708104550144293522029601170449991573274886144,0.1250262592859,2755006170826680425781340947138663544883226397521/15831457195444516453678619659576203731384154456064,0.17402100999391454,0.019824951319178337,5,0,0
record,adult,0,2,pooled_SSE,5,5,-179417032949890017278123387005058168932340727/425352958651173079329218259289710264320,-421807.41734778386,-196488845726482617650118914110556528963149573/340282366920938463463374607431768211456,-577428.8203776807,-14435018666436653232599648013332885076699541/42535295865117307932921825928971026432,-339365.65792821115,99641.34588441001,5,3196638015553704642053799158747866534261070243014578673260028152189377805399217648884372336152077/25191350519836000684722888047727723776236711153488492072794968620951212080274125582341905999462400,0.12689426924676506,14435018666436653232599648013332885076699541/138155579013205104966621235442252049222205440,0.10448379116891786,196488845726482617650118914110556528963149573/1186247576482367676030724778421522626471002112,0.16563898601094695,0.025729625503947754,5,0,0
record,adult,0,2,population_average,5,5,-59805677649963339092707795668352722977446909/4272245116692382408782668196305849894830080,-13.998653170973844,-196488845726482617650118914110556528963149573/10253388280061717781078403671134039747592192,-19.163308787258753,-14435018666436653232599648013332885076699541/1281673535007714722634800458891754968449024,-11.262633012352685,3.3068281522769816,5,3196638015553704642053799158747866534261070243014578673260028152189377805399217648884372336152077/25191350519836000684722888047727723776236711153488492072794968620951212080274125582341905999462400,0.12689426924676506,14435018666436653232599648013332885076699541/138155579013205104966621235442252049222205440,0.10448379116891786,196488845726482617650118914110556528963149573/1186247576482367676030724778421522626471002112,0.16563898601094695,0.025729625503947754,5,0,0
record,adult,0,2,absolute_group_gap,5,5,-10420592760377889846014315726642701032679528460105073190130963/729944359036076771744915437121194837315555245148185034752000,-14.275872717392781,-90431755130027058164724426277331336743919406683/4230916547170958478875803362578483776417955840,-21.374034236268518,-455050352945918033542856979659525080269413796521/67712677601828295539576287536100141072960716800,-6.720312488922035,5.439970991636844,5,24183933092801101946097725540482060658102897589397441333783692221990472522817063389178100517859964886526933/24625813317173405123853608009822612229816332818579488260718197086602322433590595816650573176787799585587200,0.982056218055379,2180642733202732747848396576756905745492718269/2266742260645992084715576422816470733338705920,0.9620161811344523,10546499427605770026726122447711346862960125817/10612066049549822884479848164871966435615703040,0.9938215026519898,0.012920999497190772,5,0,0
record,adult,0,2,max_min_group_ratio,5,5,-1192762094188874188240816038056181306782565808907596266971606263551805395840556069532736522438495737026134666592970403760057693013249840871987928146094895683742051531798560444339512867006970043299062649853151557240012988790424542739428123474137066924278251022769129267300984963471717582900198263/8679686845289059170279644117704983295289399085525630538487652037944408277483037186886541169596081362402165759861838266967426181563063908869284594288430622698703857675356396575941997139773330978576215820914439497027093841032529744461283417518010107813803478865938488347582065947483376450473998750,-0.13741994560970267,-425446043523899187144148430307773387820922560016489350922613/2007104826339011937716265071063332649653181177756347128193770,-0.211970016683144,-8114350734377177245695221761296519754102230399763730070697/137580276435510330393027848377344445651606492971562982279625,-0.058979026242767546,0.05610337399797041,5,169526948428744703939272562202523976220065539622464478720788746340076793066518211363940571712102317671836114764255275509858670999683720055101418083687563715467458956716106520208196323019614375995219993927406214663327921598977867642989597301282866857673529174994507728571458657437181811429960399/1426468520868433409284198553548427919362178333810426664011533958046185386786940076832335371409622412520978304516355097460905264871174735853361904632863608489078727170316995930079155618264513893181469265196416136923963065376141709637748464335635199918071743520270337810596298921684940226261260990,0.11884380618896291,1594409929631512943104626764512751339411942899201990484/28673313250119630162413127449608700073262246887524769713,0.05560605834851892,41788237258019761039598117111067025618399229939739647473/239432953219484118187733860611074626492936474371567777213,0.17453001642473664,0.04372546793905837,5,0,0
record,bank,0,1,Phi_A,5,5,-8638539679596391701535467803208565355423741261707353/618134059986520636379993186268034386619019139481600,-13.975187971011932,-5604771596257153112985284504104507595071451/382349774531539481009034293275520556597248,-14.658754809321389,-242125300870337274386153697726752803688147/19119615491370229915848360755072476381184,-12.66371182933162,0.804334362210408,5,936053898969054980962125615666636292594875679997000108944564121825209097019159302923554462269549/3211528360966852672929101106124005095830557571565900058756816032666513477607631491983655378616320,0.291466801397715,1210626504351686371930768488633764018440735/4628659778977463137955275356913537592066048,0.26155011648299004,5604771596257153112985284504104507595071451/18523019970519636683780078911892716043370496,0.3025841145330212,0.017447623036566686,5,0,0
record,bank,0,1,Phi_B,5,5,-307195138453580650275399771459580040843973886713701/33913208203096503644999112464107125000396383191040,-9.058274186679032,-3264096121173407613336576124144365350013661/289112405995202342020069650839216066658304,-11.290058999500607,-766707912975630897919575976073896846212469/144545569173634891683051594963125790572544,-5.304264373919518,2.22940751496098,5,7969362850891792096774227115380516562813069885393479519987264054806014650111953903130031889/37996159464559232805419457461647761152911533908090016270277236841267057144404159932399616000,0.20974127288641325,766707912975630897919575976073896846212469/5866661460630247050773419371730093849182208,0.13068896477508088,3264096121173407613336576124144365350013661/12999162019573693708670283634770915190898688,0.25110050295999414,0.04611355735611722,5,0,0
record,bank,0,1,Phi,5,5,-37919014253897730193446962976268548837569987613262920907991/2719543228450756178338054402298030355403423225082386841600,-13.943155548036307,-5604771596257153112985284504104507595071451/382349774531539481009034293275520556597248,-14.658754809321389,-242125300870337274386153697726752803688147/19119615491370229915848360755072476381184,-12.66371182933162,0.7836965531503272,5,4168343775804950631274502591350666047533103703138294403937194731935554301131399867572995182146463181943/14334217930299548102420409143366659797876596877816280905919684930282518483793056788165141349552200089600,0.2907967352019911,1210626504351686371930768488633764018440735/4628659778977463137955275356913537592066048,0.26155011648299004,5604771596257153112985284504104507595071451/18523019970519636683780078911892716043370496,0.3025841145330212,0.016992748124420105,5,0,0
record,bank,0,1,G,5,5,-283792767303444546964656352368473587258620687403005490526574199/12320890596496150865960555469611226525155208921235753585868800,-23.033462157690966,-8429574071623453843155432694291504781871681397/324853927186359231552300761424214152898936832,-25.948813808821996,-4669750042260678925190384818180617390023001433/259892933374195535246126767743700171449434112,-17.967976203251137,2.99907075678041,5,3188473860643787227702028182513884877634039022834365068680748363511134698928890093794845557857658373729441134977203/12597718496920847474386007899289761713015896194847585884242768862386249525569594926017207944908562330889148275097600,0.25309931011898057,23348750211303394625951924090903086950115007165/115658658906706577420679098078379260193101840384,0.20187636993212182,495857298330791402538554864370088516580687141/1784929662746837524168311587919783438218952704,0.2778021502358328,0.029690686926126225,5,0,0
record,bank,0,1,pooled_SSE,5,5,-846506280419497630925013656048164130740040583/1701411834604692317316873037158841057280,-497531.6752843533,-12132963838603968339658436752393238295098773/21267647932558653966460912964485513216,-570489.2180404024,-494333604331829317462586116176915216163301/1329227995784915872903807060280344576,-371895.26996075857,74384.72255250635,5,94536579113190117377599168409141571091155630314197873273430635745038494104749590199145758076885881/386337007895883509570848953970274516289437981156670436491056786002688963037907399164482255270707200,0.24469977553552777,494333604331829317462586116176915216163301/2623830309901927547182173682160907860312064,0.18840151455918897,12132963838603968339658436752393238295098773/44521344009667024101120646181434546425167872,0.2725201610259005,0.03267496040938239,5,0,0
record,bank,0,1,population_average,5,5,-846506280419497630925013656048164130740040583/76845966921755533203933887596316215193108480,-11.015624037646754,-12132963838603968339658436752393238295098773/960574586521944165049173594953952689913856,-12.630944029588683,-494333604331829317462586116176915216163301/60035911657621510315573349684622043119616,-8.233965149908306,1.6469185350154176,5,94536579113190117377599168409141571091155630314197873273430635745038494104749590199145758076885881/386337007895883509570848953970274516289437981156670436491056786002688963037907399164482255270707200,0.24469977553552777,494333604331829317462586116176915216163301/2623830309901927547182173682160907860312064,0.18840151455918897,12132963838603968339658436752393238295098773/44521344009667024101120646181434546425167872,0.2725201610259005,0.03267496040938239,5,0,0
record,bank,0,1,absolute_group_gap,5,5,-14947855212780696579541644789873933439650242590192458955183063/3080222649124037716490138867402806631288802230308938396467200,-4.852848938381649,-1912668387200310216271589608218884331042962909/259892933374195535246126767743700171449434112,-7.359447455412102,-4377336253266054336339247997232318996213926859/1299415708745436926209203045696856611595747328,-3.3686958098207813,1.50413663268153,5,143656221052854058713166836561484231212330735042356522729523339929094941855010530905664727057390490264668479541/148180404175117652896375792482121518065802274138592600243210711904893624109780073762629761270442307239532298240,0.9694684115119772,9563341936001551081357948041094421655214814545/10176085844574735447773017774672172784805740544,0.9397858943082854,176634440902076437406428005179875069530217832231/178973764111023254818908688262104485106171248640,0.9869292394862095,0.018082025515126714,5,0,0
record,bank,0,1,max_min_group_ratio,5,5,-369986193583459447670654453653640223706780579783264984411512104278373920311571401585779898971002393916745904666161997274347736934863364314504985070774674232869434771146335776690097778936903472885812038392845858215036827509432112667609857578687927677800461934990120627424338495260728160373/3267279866118191853358292681299470387497698905815829567468256829658502823276080625464322508932333051075674265763338126666633777036932921175892492221504344001625554166234837040236575050090392221915540232917809627980290982156872164911805729765442657661326408946426018111788942556556079962800,-0.11323982295493858,-50805591616405026476001758764742955906031045542944183973257/282915088541012916873818797229700140209229728854988657937840,-0.1795789396684651,-18990911763525365681141432927214175927666215678654707438069/256388193373125513784517112627856434639923885807049868584279,-0.07407092937344276,0.039576665859487464,5,23946821765053373832736297419831047427349616372753541578094621278909825862178443476136734939437213681045078806267685265767724307408123619016656767948968016746098497064050026870485120565854460254921600089693816393607732913081807257914088281559320924040358537848672749418334028097002921087343/238717695718811242328090743274312821664869999404771708352683984559369029506788387935389083178160338859120567997592697289956849561316324085094837116311558475432164650518212030709420882904451641110009049263676507367055231836662423043579441588202690235144928826128547537702192424930358038251040,0.10031439727560312,19558096563877822534646171912681952551664485765864786239/284499246113917575432825907361871652686664565467366944034,0.06874568854233969,11212887136703823984992663598486637807554854456619771347/74487243902798767569207557486145668897827045589298584763,0.15053432707667297,0.03037223582870999,5,0,0
record,bank,1,2,Phi_A,5,5,-78146710366640015178749358306055311301100881993644179/79121159678274641456639127842308401487234449853644800,-0.987684087093807,-8077426678904728370405160577677268973471/5974215227055304390766160832430008696832,-1.3520481556012,-111885328991453930816154918083761396780176027/195763084560148214276625558157066524977790976,-0.5715343587012043,0.3322863060683167,5,3648955735064078459652498731481431748625120453998730449819422975139380162817240862989025749863047682165724334368815402841174201834256719981495446504270789440599695709876191964794182823205561027860901406850263347030813/126215369494160289981420554724783788963545102569080596817298618750993150080842791810034198795382462910816761710309468444533340028268691802448161572487262156577015894713450574704308086111540107785291107229270517673577600,0.028910549877468827,37295109663817976938718306027920465593392009/2128259731932736603043267882381639543765913920,0.017523758545179617,516955307449902615705930276971345214302144/12918248374262483570794794407788208448299045,0.040017446055600876,0.009248714559269726,5,0,0
record,bank,1,2,Phi_B,5,5,-13517243734432139480566933524708492114392870227661963/15193117274987233632959602383919992000177579669585920,-0.8896952146012772,-51421769858367335817219055063377954498909/41301772285028906002867092977030866665472,-1.245025746195563,-47814976729114202849406122482292777318399333/74012775934771799557137830614839313064525824,-0.6460367973666333,0.2191415143143228,5,6740351497528223483822716468825437915247765594424711966454625269464206593638770437193584109135932089002580147508536406642821633909273589662980541013282863943857621240412327924805982558361965503074333905230950080935621/256832397946612379504044850844798764313542900370816530163460981484144929842493088893506677835302948883057262135686599795838896666556670646106790255374268679827964265021447886702648145803732464914311157608995587596625280,0.026244163709164672,47814976729114202849406122482292777318399333/2418077791552271121918714943168058362184962736,0.01977396132422177,359952389008571350720533385443645681492363/9735065898400286095333707510626549840885027,0.03697482818968082,0.006418476099976185,5,0,0
record,bank,1,2,Phi,5,5,-2925249058789724492320380315892235367674856378602756712219963/2907048841200935135194379908037303216995146068051938173255680,-1.0062607195761013,-8077426678904728370405160577677268973471/5974215227055304390766160832430008696832,-1.3520481556012,-835342923841210524956786836846667512345365780607/1330601685755327412438223918793581170274045263872,-0.6277933755713085,0.30028073239646036,5,42638049252271586904871203407706487544870558625600373890424563135974911877970567508989384527051592194711665560021684702843884858475322897602104283565487671428774757120312360948462045992898980035349716207653890317864613326443/1447761822982367293926320632880300365265129968409037756018651244012861268624282443938619959167250276142692658857252654039963378138675007616807512193093607706467242738514844803742068078369855346400133112918068034315173376640640,0.02945101091589627,835342923841210524956786836846667512345365780607/43472202536526730229854657248275353235361260067808,0.019215564777039507,516955307449902615705930276971345214302144/12918248374262483570794794407788208448299045,0.040017446055600876,0.008297795873917456,5,0,0
record,bank,1,2,G,5,5,-5921532155983737033321069086325116394368676543395736203015279489/3154147992703014621685902200220473990439733483836352917982412800,-1.8773793016950842,-964193892790719421511440384903880636078074825/371261631070124836059772298770530460455927808,-2.597073901796763,-1620102232790927506584028248201985764545039664193/1330601685755327412438223918793581170274045263872,-1.2175711560678375,0.5211113515127973,5,26824002339251556440959197251446347751411563860327583571789067191313502480955983676418864889241738149612589929724330717950539307334082636943695085369404142291068603848392696803966360308990116973139975343588762524711517930188661970147/972348826580976188865665738791005030884400493022384321539099390375114123355613102165800276130615110740090273871402759142666558862814586156608664236824931518950750146675229763376183490366267520099147181903457410694585228036254272229760,0.02758681000682802,1620102232790927506584028248201985764545039664193/86869546730367162302509932637919365172292010810528,0.01864982947153545,6749357249535035950580082694327164452546523775/175313841560582272541646914402758509342804116568,0.03849871287660248,0.007391064632032843,5,0,0
record,bank,1,2,pooled_SSE,5,5,-2283752631776364618296719541666960363191832063/54445178707350154154139937189082913832960,-41945.91120826013,-618430042733522658573498523929318288643435/10633823966279326983230456482242756608,-58156.88172896334,-303145235907910742213779408012932506053773359/10889035741470030830827987437816582766592,-27839.49314753428,11246.229517366952,5,20502341091260004100496502895481175910641315337515999568424339958475242057231240146155227559096174704032945388817045592378324490879501958556740990930924005575392564447820090337312210545803967535465785082200421380620250477/750595920796002892205496900741715414134249270440848788855859651785838972070076523715541262942344115373658718140908567241764120048168652034911389237190699281114991487814666931015444527593068029986947257782430004491328587520,0.02731475155036465,303145235907910742213779408012932506053773359/16057090362007294296804663419817152080037592704,0.018879213423696185,1236860085467045317146997047858636577286870/32388380171063055761462209429041308130069099,0.038188389753807464,0.0071032698045845775,5,0,0
record,bank,1,2,population_average,5,5,-2283752631776364618296719541666960363191832063/2459070941496177062525884403082118886179471360,-0.9287054688982892,-618430042733522658573498523929318288643435/480287293260972082524586797476976344956928,-1.287625243080267,-27558657809810067473979946182993864186706669/44710380754475946591379716419674888839626752,-0.6163816398958127,0.24899768669722697,5,20502341091260004100496502895481175910641315337515999568424339958475242057231240146155227559096174704032945388817045592378324490879501958556740990930924005575392564447820090337312210545803967535465785082200421380620250477/750595920796002892205496900741715414134249270440848788855859651785838972070076523715541262942344115373658718140908567241764120048168652034911389237190699281114991487814666931015444527593068029986947257782430004491328587520,0.02731475155036465,303145235907910742213779408012932506053773359/16057090362007294296804663419817152080037592704,0.018879213423696185,1236860085467045317146997047858636577286870/32388380171063055761462209429041308130069099,0.038188389753807464,0.0071032698045845775,5,0,0
record,bank,1,2,absolute_group_gap,5,5,-426258301589965115014156199161034353485761798172245862502040221/3154147992703014621685902200220473990439733483836352917982412800,-0.13514213745711848,-66937861334745921704624247449643899429112733271/166331477359485142557521131355968109727637831680,-0.40243652252349066,-50583614891493543329545425491349260145691897021/1330601685755327412438223918793581170274045263872,-0.038015595074779515,0.15182831782286227,5,5922833721235667222893487627451731644208726547240344598559935513509172057411160576082344791259507056935925215174226369530371960641128926498024048898130680852128944764885426680439452203439508911122058969356766575488076347469623/8114596722515642316129996803135490898902432659377155091196596785897254406677872864534663918902081999558891644887649066706565627884810397838373424405088496696185590049313918787196474509962787027945072429301673777047883725856640,0.7298987150897503,681337029421845686740383656739916936567212364/1613940332341784335196249002843306986488317381,0.4221575084087798,278133199938940207326333490821302390676821761/296826839141929119737520776714396303373101162,0.9370217354433692,0.1979786006569685,5,0,0
record,bank,1,2,max_min_group_ratio,5,5,-1344593362411502901228447441172403495072307957315590412369931280498246293058756832209504798182644053634563336549937504098661577456451044343871480575343882641990730328194464551475422704885968239109263031754797739966435283889262592807774183844831870676290748888401664177760484010585477542228151718079990469471047356515695503380420184840864822611862060878478446409339877878988371311668673130116625600617966117389532230614556987777251925879191260358214399/346494030576115180721801142525120799255150034314442139552676492209526939346928310069608309065956564187823147021762872926357383359188040380740085711398622001964789929769280744519643780381699326729159359212013698343651067435349963491727292687751198087846324576279442175275911367618665292242464523781884128984628391335669768436449824113245589760528290631796554112342927425621121879564302403911034290202960991775282549757210411193651401501185126874114273400,-0.003880567177956426,-480529220116136782404866056334810304692735462251330038695994074122247021854565179097219/42312011079436178959773292272418948852975545089001610054281069803986663722944781213514219,-0.01135680408132801,-5563668658174992963083295141100516674983898424059868304518551899299795973704991045709043656853/4815815138642824559977214791952065586057775020643396427277544213842068131516103411285230144052095,-0.0011552911600636992,0.0042547540287123905,5,206580964080625833184073818405727172168128319374512611662708362365261686437855773908774401779314808310454607538447179947978540127377774817355251977398094322779451314982961831998879242610435738553308414859761224767288634625836153264236698605832669841122002423206067054189412301651767241192847703888151631272856704731468224771789723680402637180455092174939020776463295446412457476534644128471895256377941123064781618587351805149166499911920052807235343/53717544569356577851390377130083808008152208576705149539405941994226441123030851962687012406233317400499996856331501032350242489193938827801325282191560804724427763680888903347341926514614758088880893842832090574155732655660157982585258378894048565450187150656611629414655539963982844201982139583479506649289372734011747733985780732479733418954078777184421401101456477181392831767575786444776553677833195189171263147779389046490968490698790342538719000,0.0038456888850141317,11127337316349985926166590282201033349967796848119736609037103798599591947409982091418087313706/9648244378754722652573760151549726454062022728665768825080341678893907404696738939577425044292491,0.0011533017696828038,24392346198788669157607414027147731202676927017834012116547922544276498571297724827270/2176522357353563471166616048002423337670558156994757420077090133283530387318117902055063,0.01120702763120125,0.004191086336726005,5,0,0
record,bank,0,2,Phi_A,5,5,-169125684193568307567898462445250239542191394784597909/11303022811182091636662732548901200212462064264806400,-14.96287205810574,-6121726903707055728691214781075852809373595/382349774531539481009034293275520556597248,-16.01080296492259,-170478331398214878684711358973349485786384557/12236553914476947146142950883246384883957760,-13.931890676877877,0.7761406336966583,5,320640791423527311426386207667976338729042524398668422574847412259485785649448704424882307396970899/1027689075509392855337312353959681630665778422901088018802181130453284312834442077434769721157222400,0.31200175137075953,170478331398214878684711358973349485786384557/592468451709115281658275245684932811784454144,0.2877424627529615,6121726903707055728691214781075852809373595/18523019970519636683780078911892716043370496,0.33049291710801515,0.015467451589987453,5,0,0
record,bank,0,2,Phi_B,5,5,-151140665761636270803946031138600350412493171475400011/15193117274987233632959602383919992000177579669585920,-9.947969401280309,-453006063772747370507138688698501378938253/36139050749400292752508706354902008332288,-12.535084745696171,-114156432653280354376289199756953246829556873/18501832854225266135430604155280101193285632,-6.170006698942285,2.315381301190531,5,71925819884019652803002288539957071570713516038030194797238825190079969237600311692160469999/312184661546648831698581488333538361905002873190793647193629189182302307348617962687823872000,0.2303951114307773,114156432653280354376289199756953246829556873/750932666960671622498997679581452012695322624,0.15201953207777955,12243407128993172175868613208067604836169/43916087903965181448210417685036875644928,0.27879093319438675,0.046932454684488464,5,0,0
record,bank,0,2,Phi,5,5,-10717488088708832854244952639642355855481347368669848198783/716916827844846526238607137379156425875831350123875532800,-14.949416267612408,-6121726903707055728691214781075852809373595/382349774531539481009034293275520556597248,-16.01080296492259,-170478331398214878684711358973349485786384557/12236553914476947146142950883246384883957760,-13.931890676877877,0.7785137022490318,5,13134413578260325472954186002484766660115698014199184107852645099521109662024609875794267062436336779/42135252095885107068829806512346946857296915338944608770889426348584656826212125174825558567446118400,0.31172030366333137,170478331398214878684711358973349485786384557/592468451709115281658275245684932811784454144,0.2877424627529615,6121726903707055728691214781075852809373595/18523019970519636683780078911892716043370496,0.33049291710801515,0.015497563184527594,5,0,0
record,bank,0,2,G,5,5,-11224640083666505865181870756093479247510796074080734539688324919/450592570386144945955128885745781998634247640548050416854630400,-24.91084145938605,-74185949822522666695823544248659202707519974951/2598831417490873852418406091393713223191494656,-28.54588771061876,-3343578288248925231804121408339749249292041571571/166331477359485142557521131355968109727637831680,-20.101897375820162,3.0446258217774727,5,49652469329591041255281622466312498720101438486827639489239775441869749243234503857500900853972697522883548860910029/181407146355660203631158513749772568667428905205805236733095871618361993168202166934647794406683297564803735161405440,0.2737073501627341,3343578288248925231804121408339749249292041571571/14804308340058441909846924554032545304717035569152,0.22585170556071557,74185949822522666695823544248659202707519974951/242750434133569903286890375957090547597777567744,0.3056058378940032,0.029172447116662704,5,0,0
record,bank,0,2,pooled_SSE,5,5,-29371953605200288807897156535208212546873130719/54445178707350154154139937189082913832960,-539477.5864926134,-13369823924071013656805433800251874872385643/21267647932558653966460912964485513216,-628646.0997693657,-142317382025747616530500279365151366307970715/340282366920938463463374607431768211456,-418233.1964877092,75979.06628329419,5,656018436239110445945069734090209279270509360340656459705204416701703090122093864683430326845288169/2472556850533654461253433305409756904252403079402690793542763430417209363442607354652686433732526080,0.26531985952012443,142317382025747616530500279365151366307970715/671700559334893452078636462633192412239888384,0.2118762297394361,13369823924071013656805433800251874872385643/44521344009667024101120646181434546425167872,0.3003014446546805,0.03242754332736931,5,0,0
record,bank,0,2,population_average,5,5,-29371953605200288807897156535208212546873130719/2459070941496177062525884403082118886179471360,-11.944329506545044,-13369823924071013656805433800251874872385643/960574586521944165049173594953952689913856,-13.91856927266895,-142317382025747616530500279365151366307970715/15369193384351106640786777519263243038621696,-9.259912245665085,1.6822181792342514,5,656018436239110445945069734090209279270509360340656459705204416701703090122093864683430326845288169/2472556850533654461253433305409756904252403079402690793542763430417209363442607354652686433732526080,0.26531985952012443,142317382025747616530500279365151366307970715/671700559334893452078636462633192412239888384,0.2118762297394361,13369823924071013656805433800251874872385643/44521344009667024101120646181434546425167872,0.3003014446546805,0.03242754332736931,5,0,0
record,bank,0,2,absolute_group_gap,5,5,-15732862039477398412464800463991942195687610210529323832609496733/3154147992703014621685902200220473990439733483836352917982412800,-4.987991075838767,-1291045629142944460118441596709729871296608995031/166331477359485142557521131355968109727637831680,-7.761883977935592,-9032805706471048880004829485285940383104675479/2598831417490873852418406091393713223191494656,-3.4757182192264184,1.6398394373400091,5,2942877056447020267869808841780600458726460299116426997656784689008666220140306182538445828384857275718023853389/2963608083502353057927515849642430361316045482771852004864214238097872482195601475252595225408846144790645964800,0.9930048014206949,61792751596153991335010938001770828658737185671/62725354899073929983466803347874218708658290688,0.9851319565362283,9032805706471048880004829485285940383104675479/9051499345674037792416016771179034295800954880,0.9979347466658192,0.005032114269088576,5,0,0
record,bank,0,2,max_min_group_ratio,5,5,-20452275188988029702324850072343363729974934552748166186616365289295395918518272032495926533646249417226024871932124733936913754129258315430602489613194050935568515911324287548741604208925946164479815750576933820774811857762744118378376174922715592280220163485641292010349921469626122558673/174626084883948016241524465522631399710998765142212185148885232176641211735881874128143973703085996981955251260598353909341935826520102470769373945839412414822682275442539045105851289868510639833005139424828264534453159840895859333086221876240826572917105491119634356472467454183927728432400,-0.117120390132895,-879746184465126793428118551040464915846838531441843141185153/4607551038835178561847320015722343361075788660564222299962160,-0.19093574374979314,-515444957117996270410441129721682418631476291584013491971/6673196864143014457890848995517417909068687276679468694744,-0.07724108363828268,0.04336947383058329,5,12328209475911134973001129151650560381563020190427487756794607490711622579580915168505749699744907753891130249169878209241807121127160337897491812884995882207252798576017105802078593363254781726194801181524715853183390587960477363668343139060593691696453032445546083495681836739969442629/118898933477130961913817149432151571809571701255586447429912243372077379290038247781893020090943108901077608260146715028757106613916870240458913556810266056123546998817985814484111773274955370051842857805786395480867711708357885160932772838278799688716943232408330836513389703276618913120,0.10368645971313396,530839296722962173440207136685563767900593503176121001/7404863118074641998629524397241311383097314786888137424,0.07168792835984078,1488572224137270378050962015296894950671469596348296347183/9300419353461257104606698792985136505313945079557614590567,0.16005431234488166,0.03341580663052841,5,0,0
record,credit,0,1,Phi_A,5,5,-137246368533503925899995370550519495699464557453764121/44469449265662848471024922692689752913328752662937600,-3.086306909572611,-33041066877820128705975420795746529797791/7151246617322847396222481984308253818880,-4.620322671823817,-435858441530766470879789501599448539235/223434918416470702510924318038999171072,-1.9507176614102444,1.1108609725202385,5,691790827363584932533864369507399885718386870060396571083886573466595180994043997904933531/3739854643893963960800041051641990750623893205303735171326696512291923130765308073376481280,0.1849779986751804,435858441530766470879789501599448539235/3395700750169869200916980609267624050688,0.12835596349559447,33041066877820128705975420795746529797791/127856573710693886915896526263239053410304,0.2584229024671305,0.05448002410363061,5,0,0
record,credit,0,1,Phi_B,5,5,-3951335304110545894683911389470626612797601170662012053/810291498522474755367136447333358860031359552638156800,-4.876436827136413,-53520010688663439237786846405108716181651/8171429104087770328676153903073418280960,-6.549651230760843,-135404225172232502476063345172248423421345/32688374872342651146450423226414233812992,-4.1422746068296235,0.9577060709131981,5,328548443526919479407101664005416649145668720322166512568595579061892856446099705913005342061/1239621406957593465991946784745008769972693441735751009550359000291357166383492511282757632000,0.2650393432082436,27080845034446500495212669034449684684269/113933149790132430087453666037735201177600,0.2376906553038344,53520010688663439237786846405108716181651/161213814662347500620737163715672937594880,0.3319815414129232,0.03815054356681717,5,0,0
record,credit,0,1,Phi,5,5,-1055507643036288109498296132818167608723770665900436861057/217968413102545709193759704332673533348435719659664179200,-4.842479825458529,-113780797851335249897630377971564046141012293/17584915431996881747311083199413996140625920,-6.470363664320147,-135404225172232502476063345172248423421345/32688374872342651146450423226414233812992,-4.1422746068296235,0.929589618670284,5,87775742030916681403779682454343294995042562610071696646049389829213184004500992269036228318529/333458158471592642351833685096407359122654535826917021569046571078375077757159485535061803008000,0.26322865343357404,27080845034446500495212669034449684684269/113933149790132430087453666037735201177600,0.2376906553038344,113780797851335249897630377971564046141012293/346932129153371821335826376316128161704181760,0.3279627001655849,0.03668540785387409,5,0,0
record,credit,0,1,G,5,5,-766537917157624881385021219717995129827386722995376818345896101541/96265551486205750613556102641734064561510630191067049151483084800,-7.962743736709023,-196423046454563417727710853200534673995681021/17584915431996881747311083199413996140625920,-11.16997390258466,-5823363390494732299639204226451973084241845/915748013129905174241023317482838102638592,-6.359132978723316,1.9331669598833168,5,10144673097875169646801085557449554125287085430208091517370138118615556757525404741464559249265591366373182481/44584825020616820289032941932620669068904565697143748706780111631186461274203777495713299659791975239741603840,0.2275364564778283,1164672678098946459927840845290394616848369/6067996078079824276406865140843961691144192,0.19193695300928723,196423046454563417727710853200534673995681021/661331443907968089262015934397432994040119296,0.2970115034812982,0.04172916521237066,5,0,0
record,credit,0,1,pooled_SSE,5,5,-58068350348132318186206442332324839680953121/425352958651173079329218259289710264320,-136518.0355915979,-247121109632473885657122806416181394524395/1329227995784915872903807060280344576,-185913.25973882127,-157967802797866023055148692913678633401687/1329227995784915872903807060280344576,-118841.76627244841,28285.69804411433,5,47832275143357724149086322507740614841890691640882552663547384501617008055697921307317193549787/189737880917087348844338206921523774452524208360375828552837802311037429680299160286083814522880,0.2520966024926763,2469461606644293396476362656068342923375/10857192743087116676351452199299986751488,0.22744936606349042,247121109632473885657122806416181394524395/772711832360083889398845181125930803789824,0.319810179271741,0.03846776484440703,5,0,0
record,credit,0,1,population_average,5,5,-58068350348132318186206442332324839680953121/12747828170775657187496671230912616621670400,-4.555156342729326,-49424221926494777131424561283236278904879/7967392606734785742185419519320385388544,-6.203311969930639,-157967802797866023055148692913678633401687/39836963033673928710927097596601926942720,-3.965357566648262,0.9438004018723501,5,47832275143357724149086322507740614841890691640882552663547384501617008055697921307317193549787/189737880917087348844338206921523774452524208360375828552837802311037429680299160286083814522880,0.2520966024926763,2469461606644293396476362656068342923375/10857192743087116676351452199299986751488,0.22744936606349042,247121109632473885657122806416181394524395/772711832360083889398845181125930803789824,0.319810179271741,0.03846776484440703,5,0,0
record,credit,0,1,absolute_group_gap,5,5,-26526410361529032800634985459735811572010455071754526009028701051/15402488237792920098168976422677450329841700830570727864237293568,-1.7222159142080344,-1125315872633519768918784840920646704066275/457874006564952587120511658741419051319296,-2.457697655902827,-86660211003343430117700899339550148661711473/87899040031729388932805188055827874723135488,-0.9859062280095576,0.7031903566010684,5,69223819301909370384638459297198020155036465343486360172299710852313155705797580100794192466604815003817/76355255734891726858645964697735053946687424896293358856392158902852759183355690694542998408160618741760,0.9066018918495543,1448831481424908485842403307611647345160984377/1711403352551591658943838425948691996761653248,0.8465751099907538,83209765988101276897661868950774220502072765/86392545715061899914280673998954892751798272,0.9631590931761868,0.052269954194906036,5,0,0
record,credit,0,1,max_min_group_ratio,5,5,-615566650450944324553674537200545994849284846109415463708133052664081513132668737802069981290173527145572591943585549874714057079334360560820985735947020260262830774703559845832171473617096598102632761623335351454787433954289065439806814461425570233147932534712497727386604325/5882460553611787220629010305566647123174694243110792322551250103275368001229635566079410874389523338589578612213985733898478037689070017867151829510563622777480443804502510123991985412222197627883488775526412568780650014695576307443712387940958671079273244434911356439038726432,-0.10464441619978071,-5291421762529543078953045967913388793999233518348477740/33275402241421821901187950883974550874439014071455942071,-0.15901901723497983,-6770266367547120324301818100768820868839152545832571485427/118917946813255232175759697506108824420136484624395293079432,-0.056932250757565805,0.0490620437190173,5,89849232447065127019123269615089001660654518246680134887903184471815562182877150489787841047901827069252846523834422766109223719437476584786883743070551569125979440424992018091619070588719292246022563677431340340485746618494101927551424724300839626326683901444575628913971/973319730666253343834264327172538649315987212369611780949542386246259450184774149560303380549484716554680925310074253848104274155105704092888026902635455001270981489919795390090927900130535601514194047710523833406631081994944934800293500223947997747418501334470690665273000,0.09231214534771821,2519637650743252818869303349746490833211444937042267021/47383728647171717026460195372082655921394064737682151893,0.05317516630033393,2951155472687977177330198532020852645844525107835180/21899452477337517386138823382265656973384555958716943,0.13475932677960592,0.039561687775462484,5,0,0
record,credit,1,2,Phi_A,5,5,-24483974413868372791811613900886697224893965774227833/59292599020883797961366563590253003884438336883916800,-0.4129347476443852,-67927256187676345401404748674679156081019/114419945877165558339559711748932061102080,-0.5936662149849206,-2941462497295234346855463140284960950003/9533223185769416640466104236330631299072,-0.30854858215068964,0.11473517778480659,5,184694387113120596069631610150659286143063375717865152570153451086658175106346044557890529376261883394811449526915158902343525789506976937734434938362687495374710022686767172863869508712143703180223039404819/5975267230599197563682247222265533487417691228297170646449286691792627577577658559418496273846164449371614868357753944886126435443140775627705996364020905043041692570394857383739361039182354583218393081223680,0.0309098120611753,980487499098411448951821046761653650001/42095535056200572160528940197947385051776,0.023291959534173637,67927256187676345401404748674679156081019/1537145094041959034545973229165193831170358,0.04419052986667643,0.008355722882362972,5,0,0
record,credit,1,2,Phi_B,5,5,-1087770957275394724957441752141789521352980912149135399/2357211632065381106522578755878862138273045971311001600,-0.4614651236564166,-55914422811672784784385377249696035613023/95108921554402300538013202777179215101952,-0.5878988206136869,-395622925228635672955372787229774706049457/1045942925323234602070547699593397539962880,-0.3782452327466852,0.09646099349292304,5,684003868927348053069131774339537669430811077223366572872789313644378143577692266263997548650535359068185852431107288978921602486880523923412620833439356740102158636044716765930701165337926784148755839297713/19953094097004198466782729862568867237841836483097855535140999008897008445584749642129986272754816230165548744565394234795971368052010424444590756372312441992238134645376783812294526475230265222553760192897200,0.03428059155146499,395622925228635672955372787229774706049457/13784806908631559857017640615752220340893312,0.02869992505886394,615058650928400632628239149746656391743253/14437521864175245922590987749643771576845557,0.042601400483734356,0.0065483377719593805,5,0,0
record,credit,1,2,Phi,5,5,-309184525180359357444842393115648416173789768475469323963/634089929025587517654573685331413915195449366282659430400,-0.48760358906107587,-55914422811672784784385377249696035613023/95108921554402300538013202777179215101952,-0.5878988206136869,-3435187440068702684569779897946688875698691/8368223967319718693491308345962043856125952,-0.4105037644169278,0.07711556273661577,5,359213445402693063423659228375131090564239824356562428260407756970826471440972910442052773892197621885454818218721011277147260204794765069933941602128414391733122149388698423758355528855374760618945464624623003469/9933839215155182972850022695756537413965294375837867516806511062347195816010202905914530621958077042307690090289662816857620644042623505993509124103234623961917246345000490826115597341378307800591184222282725641600,0.03616058581405996,3435187440068702684569779897946688875698691/111170950087277989878068476164205461111463680,0.030900045716725538,615058650928400632628239149746656391743253/14437521864175245922590987749643771576845557,0.042601400483734356,0.005141014291012906,5,0,0
record,credit,1,2,G,5,5,-1436579598169412619511122787506254436973317602466206759874506067049/1642932078697911477138024151752261368516448088594210972185311313920,-0.8743998713008019,-32371796741699720789806220357549584422343351/31944709027084872693205184482785068872368128,-1.013369591635746,-16405236433355708217122869199382148429385661595/22502154248122723566798128142291935929122684928,-0.7290518166599245,0.12120439473708476,5,8023351302442492207510656483669441536302355962068148360665602334487898303145400791986303493815225279989565581541117771990338443665377959362976020745144552521906229767338212818652275932648334135888112102381266667583349504810903/245888217557158322432680356537074584887582392543047936253641321040084100803752034744146839101219324831932390451607573303957342014296306208544364727570736593185410499534030241165363047884859247990350560553206767376498196599872000,0.032630076309278264,16405236433355708217122869199382148429385661595/594498538929332125474946020476568768348825988864,0.027595082845621247,356089764158696928687868423933045428645776861/9632762344478050655225137241238942393845835697,0.03696652646712749,0.004112591925164619,5,0,0
record,credit,1,2,pooled_SSE,5,5,-11543479270699911810541446796861130194039437/850705917302346158658436518579420528640,-13569.294671541926,-1424629501925912166155952815039758986861379/85070591730234615865843651857942052864,-16746.43931528679,-491378716496522437221952058816653153239277/42535295865117307932921825928971026432,-11552.25810711937,2231.549792013906,5,8575993623495958546388998071652027377917203582244081312803895838736860105270177553778979719676504776925666792713798720583990593399584894041153069077051650127442049248794405221249269294557773279132229598078742621/254506198551885846804033311953825887741281567868715423500610677640218529774420225066726000131290302434082795752680952968984451113292641543587574193937021579935839934265332680157255336557393947529079830597474035200,0.03369660020970995,491378716496522437221952058816653153239277/16818903127283520119735115990711981096493728,0.029215859843999634,1424629501925912166155952815039758986861379/35098572351994258221470658837491921902070147,0.04058938601942784,0.004958589708675664,5,0,0
record,credit,1,2,population_average,5,5,-3847826423566637270180482265620376731346479/8498552113850438124997780820608411081113600,-0.45276258496970057,-1424629501925912166155952815039758986861379/2549565634155131437499334246182523324334080,-0.5587734172601532,-491378716496522437221952058816653153239277/1274782817077565718749667123091261662167040,-0.3854607309682806,0.07445945251964985,5,8575993623495958546388998071652027377917203582244081312803895838736860105270177553778979719676504776925666792713798720583990593399584894041153069077051650127442049248794405221249269294557773279132229598078742621/254506198551885846804033311953825887741281567868715423500610677640218529774420225066726000131290302434082795752680952968984451113292641543587574193937021579935839934265332680157255336557393947529079830597474035200,0.03369660020970995,491378716496522437221952058816653153239277/16818903127283520119735115990711981096493728,0.029215859843999634,1424629501925912166155952815039758986861379/35098572351994258221470658837491921902070147,0.04058938601942784,0.004958589708675664,5,0,0
record,credit,1,2,absolute_group_gap,5,5,-828097790719693232228129340596942743838301959702274885103778056829/8214660393489557385690120758761306842582240442971054860926556569600,-0.10080730682134996,-36448282590799222965175990122118280479712177/156287660907503816403801312850404369516986368,-0.23321279734534203,6683649357265548426471880113961074737457963/281358646911950107956977331190623938250014720,0.02375491007872655,0.10074260783964818,5,5145043156354759388796288728316967357403623067845212269281797116840056526394945971967900514430108983269676316685551782639231567929847025830830214309934857318936262421580940631955126637651828734010399774761755387575063/10031093269771978337811452028762754238089009434422715126435775550442940023906943080101705387760705586812117881960199200305983094504022002080766060907466838887039865407433839593371457527315363568677874487132577932395520,0.5129095122521689,-6683649357265548426471880113961074737457963/25462237815684984132950440385445377997804056,-0.2624926137932918,228303538409824785120604899637084010031013367/262571871126683173101435118337044651600668871,0.8694897036387994,0.45938675410111596,4,1,0
record,credit,1,2,max_min_group_ratio,5,5,-270514329858287387809041695148341181277875372880203694794249036241715555567571373345244316634920241430152544192294732093884988387737744906259725606377306959382580457536968283719132178261196315761407528884873054575394703665994531482202758849998395358668331665133987399507265399193557849488914101855190212511170306943855266234999067812683751168052488001850732070185782244978697232233060610496309018370454418502150354312509122023/36423014373276353978258484966044397940631147910410340569327553494718148804054283931436917884022264986221300149653755787105944646091264497855242029497376059240688235888103833156437414581386874517565259208896202863578599806473608199508814586849364554064187381222020821190050677321709144202725142417105888431831496714917824526868645235830432992061944821972914794496717527655526963164278219179414429629246436048681146101141499802000,-0.007427016530975656,-34961117574754394980694870695916200233693289541222212861405841030087937110958892231/1995052375068316750222036003836983121822060084433132241060635654613556838055734655550,-0.017523909653528378,1594314146332290738361398451412656578427462444009909107994482930830510690586611132509411/753546679081287344626359455060173297664422813303680728042117661788105890283816332627989437,0.002115747027478184,0.007632306244422491,5,1476583893577752533494259721125392985355200860807514258839041603851093513383623502829315396657977154744394271933000955670778817929324177677196255202501965014400240273660024083583564460819057125876026623781907899693117111746747685081985837378985111526918100994117268789451822730085694718213374468014521923643770236815666944488872069911939507888527484256120319668180335275206359743585694645129802270994864415446755920583579/202091759107524955558289515024114259512673368268227997524208898655473783150532092897012194936965580819129405596976476096743859268448102660125411627832811310291662652055061643643217195043944968196399413232088052033641118202804139807475387199246085551741909198201330597375497392014768886034102537687138669879163636333229295717797819366239139241208678481484281420441674740784242640867398829316339838063811022714655815929456500,0.00730650225471154,-4782942438996872215084195354237969735282387332029727323983448792491532071759833397528233/2275971727650965439386882039226900389605697652021068877275929340096820000318466142737058587,-0.0021014946630876457,19498671263108976564804724314509871853705125232137318941107552164020043006669767/1136059743721693405595921781545074190722753519425565511781539046003780032058344150,0.01716342064831202,0.007489303367473488,4,1,0
record,credit,0,2,Phi_A,5,5,-622437397375620821975416323904738074472540127137739983/177877797062651393884099690770759011653315010651750400,-3.4992416572169964,-288267482839532720714448184262691850179783/57209972938582779169779855874466030551040,-5.038762789645077,-64614268007823811313179445625584295872089/28599669557308249921398312708991893897216,-2.259266243560934,1.1046118263176903,5,6289504294739394863625860729380916770768819179594054154843012457771233287946713855274102193/29918837151151711686400328413135926004991145642429881370613572098335385046122464587011850240,0.21021887525121555,64614268007823811313179445625584295872089/434649696021743257717373517986255878488064,0.14865826112205885,288267482839532720714448184262691850179783/1022852589685551095327172210105912427282432,0.2818270059111381,0.05231030038577347,5,0,0
record,credit,0,2,Phi_B,5,5,-2129357080947181701606415749794149789913938884535767309/398912737734141418026897943302576669553900087452631040,-5.337901950792829,-1449236858675511179078417825416738075460157/209188585064646920414109539918679507992576,-6.927896463507529,-38098669084160223318441996262042285271563011/8368223967319718693491308345962043856125952,-4.552778371246552,0.9227182254010087,5,28791613491664935458972702255612569177198844513791764850081793081794800165762257053493115828019/99169712556607477279355742779600701597815475338860080764028720023308573310679400902620610560000,0.2903266808929216,38098669084160223318441996262042285271563011/145834431731369510511940692528301057507328000,0.261246048905233,1449236858675511179078417825416738075460157/4127073655356096015890871391121227202428928,0.3511536211123101,0.03504631584261465,5,0,0
record,credit,0,2,Phi,5,5,-2859790334934244033526057121111807389005565289388010932109/536537632252420207246177733741965620549995617623788748800,-5.3300834145196045,-969112255492615387513922630980545894538040189/140679323455975053978488665595311969125007360,-6.888803782141408,-38098669084160223318441996262042285271563011/8368223967319718693491308345962043856125952,-4.552778371246552,0.9058896161259091,5,7734372141283494726809017291008144041140490340076106142486408452368340326444100517614763292237511/26676652677727411388146694807712588729812362866153361725523725686270006220572758842804944240640000,0.2899303834975141,38098669084160223318441996262042285271563011/145834431731369510511940692528301057507328000,0.261246048905233,969112255492615387513922630980545894538040189/2775457033226974570686611010529025293633454080,0.34917213413527276,0.034187214237481584,5,0,0
record,credit,0,2,G,5,5,-16752492366530242994402482620030813060800828086446889761128230230787/1895690860036051704390027867406455425211286256070243429444589977600,-8.837143608009825,-3366923055523384456334128145389431230678083959/281358646911950107956977331190623938250014720,-11.966659253152605,-3380240920789649037604891310640754959457056263/468862982722511449211403938551213108550959104,-7.209442940370037,1.9101551683215492,5,1202138312379158109812637914771857897852194096536023843099289315041377358674482138584554502168530958006950613173/4755714668865794164163513806146204700683153674361999862056545240659889202581736266209418630377810692239104409600,0.25277763618771937,3380240920789649037604891310640754959457056263/15534069959884350147601574760560541929329131520,0.21760175726766295,1122307685174461485444709381796477076892694653/3527101034175829809397418316786309301547302912,0.3181955022835655,0.03972841476765913,5,0,0
record,credit,0,2,pooled_SSE,5,5,-127680179966964548182954331461510809555945679/850705917302346158658436518579420528640,-150087.33026313983,-8399254224735686778249881864134457778019917/42535295865117307932921825928971026432,-197465.51784594063,-22228950089051368473333949116135477488323507/170141183460469231731687303715884105728,-130650.02627195235,27545.221198573094,5,42101041098733233746865420676294719735609615173714685901547634532323570991946872413076368964715/151790304733669879075470565537219019562019366688300662842270241848829943744239328228867051618304,0.27736317660474696,22228950089051368473333949116135477488323507/87823890486242163826528692378462032660267008,0.2531082370181903,8399254224735686778249881864134457778019917/24726778635522684460763045796029785721274368,0.33968250974145303,0.03589141890241167,5,0,0
record,credit,0,2,population_average,5,5,-127680179966964548182954331461510809555945679/25495656341551314374993342461825233243340800,-5.007918927699027,-2799751408245228926083293954711485926006639/424927605692521906249889041030420554055680,-6.58877270089892,-22228950089051368473333949116135477488323507/5099131268310262874998668492365046648668160,-4.359360235967713,0.9190931330855221,5,42101041098733233746865420676294719735609615173714685901547634532323570991946872413076368964715/151790304733669879075470565537219019562019366688300662842270241848829943744239328228867051618304,0.27736317660474696,22228950089051368473333949116135477488323507/87823890486242163826528692378462032660267008,0.2531082370181903,8399254224735686778249881864134457778019917/24726778635522684460763045796029785721274368,0.33968250974145303,0.03589141890241167,5,0,0
record,credit,0,2,absolute_group_gap,5,5,-3455888457738887090592335750566778980517817999531851251519788911699/1895690860036051704390027867406455425211286256070243429444589977600,-1.8230232210293844,-1261668301349121912268363647469097066403002131/468862982722511449211403938551213108550959104,-2.6909104532481694,-24254215636189692930624837322699982401520035691/22502154248122723566798128142291935929122684928,-1.0778619401834888,0.7026443652422981,5,2367452811400422621089513184409296843282316107431728528957299812890374537731870205372970447959501853859161/2443368183516535259476670870327521726293997596681387483404549084891288293867382102225375949061139799736320,0.968930031655379,24254215636189692930624837322699982401520035691/25563844656904822199437674565453039566023819264,0.9487702636950034,1261668301349121912268363647469097066403002131/1282775726723432213564331852827184185462489088,0.9835455060969819,0.01642618331525755,5,0,0
record,credit,0,2,max_min_group_ratio,5,5,-17272100751931640107869825591224258823294067910858785983084722338388305765572829192301478838866167052542934117117486751973974783139161320370101839710192503136114550630791933126335195421931701661851925525033000189546055181062860258589185860163744964824930079245484866251654943615317/154116890728314605597724386936166661422936010588273983512985439788524620458427793171587314693907212940695690609791312282048513772562268889540946782698815238924548639683028989078108491015121127113535051759572384284699322392552537678963300606713998509423218890585793001654615040108000,-0.11207143273075637,-1468853101879705135822829206699034364221718535491442933333/8320090347246406173259347637112878293871508103025603108650,-0.1765429268885082,-13818205441606078078293985387039852947789279857719672357477/211955253713976058843432582339691456884372613364564897203424,-0.06519397466907385,0.04938237067760254,5,2383537479103132094402096294801025444515675393735436014097717207026847003376876792762619067460560103580811448744362238098880102507696602725759389110751579438796128664779613300854145885392647621806762383375821378119280908920935606007732294085853478603692945634426077462953719/24085821189174516194022908724796026654031536822740018332944795700702142241457132025021909813209322163332628985590698696106372596697943964428616624980329821553476293576105147190541524970467860141642762670530130999820940388857375800038096801500961465165349696084639473582898750,0.0989601915742206,5138789677056927511451835398676033078389468150881246693/84319813537772595620273344891376409464518107905221242625,0.06094403511405908,819215338471670460581611381315691223771175981869181781/5475679057002192215713154701470917258752279594143675450,0.14960981641611623,0.03930197289912968,5,0,0
client,adult,0,1,Phi_A,5,5,-202177394866224375193100336109279296294839877/10140414534243966211208563301466692701388800,-19.93778402090719,-45291458136745206632670719039339648988325093/1647817361814644509321391536488337563975680,-27.48572699031911,-412005718161326503538462129064884799838883/25747146278353820458146742757630274437120,-16.001995471929586,4.433334584005733,5,7295418024075295961798479952717618985194527767336717268029705370717001892610292492413367457495167/43259405597736967154239373641589954092681524983546519399263733764701377173409014760497195222302720,0.16864351054460494,412005718161326503538462129064884799838883/2896870603930178790874706503410778858586112,0.14222441195763427,45291458136745206632670719039339648988325093/201744884150034027762373338818942139371618304,0.2244986698302732,0.03249739593319596,5,0,0
client,adult,0,1,Phi_B,5,5,-6379904433080604463262274662819541520467270287/549270185389102030184040756332062976203816960,-11.615238916638251,-195740784989652961598957771879032912464871273/6865877317363775377300509454150787202547712,-28.509216803892684,-667566155988879566629670929254962772494530771/109854037077820406036808151266412595240763392,-6.076846820986441,9.500021904366694,5,802203026431063106113525833439362595969778990741727736281820692776482774321081241914338826494121/7734613414123637519992777229604253112483536659192963128620941687471565276617934674852089482444800,0.10371598210276627,667566155988879566629670929254962772494530771/11213788898111456379147587140298657818304577536,0.0595308295933149,195740784989652961598957771879032912464871273/847581082177708597176682179792018306773286912,0.2309404835779627,0.07174720936535026,5,0,0
client,adult,0,1,Phi,5,5,-53572210658010596696192236834488918368608784201809/2659840872746726581166217362538014962266983628800,-20.14113370725385,-947650613775425337894073696349809202085934753013/33248010909334082264577717031725187028337295360,-28.502475422052417,-412005718161326503538462129064884799838883/25747146278353820458146742757630274437120,-16.001995471929586,4.868099279689016,5,1917260963535834812344054564744903474726691024271690620634951023929789739165539272207201904132292351/11283252280142830327043004173536665472256610696291781913981917459947833860059544947380429008771481600,0.1699209515070388,412005718161326503538462129064884799838883/2896870603930178790874706503410778858586112,0.14222441195763427,947650613775425337894073696349809202085934753013/4104411390445553881828083455642848650549641871360,0.2308858746424425,0.0352508041126493,5,0,0
client,adult,0,1,G,5,5,-12911695395076668761672765587154415155430084760273/409206288114881012487110363467386917271843635200,-31.55302293754544,-3723441004275005001540700216761945952497149081927/66496021818668164529155434063450374056674590720,-55.99494379421179,-1940754803917938987097968676643727402762756242161/81841257622976202497422072693477383454368727040,-23.713648351526423,13.726229006236066,5,31963175264690048066024923863530268656225794342767818575050194350961196838492019365018093165809869726398715237337108167/231024750163401220686381500628828929012963708229322662961528149984114771908823170037291339281035210287740390300838789120,0.13835390035951928,25229812450933206832273592796368456235915831148093/233534506116911867631677019108028682008343271702528,0.10803462353568717,3723441004275005001540700216761945952497149081927/16350035835881580919978980625985288393301568782336,0.22773289561259485,0.05026016525834213,5,0,0
client,adult,0,1,pooled_SSE,5,5,-11636516699602438218282883401660803224133107089/27222589353675077077069968594541456916480,-427458.1138634961,-286323701263143374864299209957712210441521459/340282366920938463463374607431768211456,-841429.7333533833,-1597557444593771682874168617044730418046709025/5444517870735015415413993718908291383296,-293424.9611303232,232220.66103774175,5,293092919652180786721295214582184377639468538349224331480359113424932968767346364445489071658320471/2312807452672939144174798083738519726863286668737533926177771289596418961964836922494422901745254400,0.12672603562974938,319511488918754336574833723408946083609341805/3481088162124173742000232972037886701075431424,0.09178494598188722,95441233754381124954766403319237403480507153/417023616825925550900476285809967528505507840,0.22886289865501863,0.05739023139194255,5,0,0
client,adult,0,1,population_average,5,5,-3878838899867479406094294467220267741377702363/270973654426481717225154467390065662146641920,-14.314450266676582,-13634461964911589279252343331319629068643879/483881525761574495044918691767974396690432,-28.17727323532862,-1597557444593771682874168617044730418046709025/162584192655889030335092680434039397287985152,-9.826031783883302,7.776460419186316,5,293092919652180786721295214582184377639468538349224331480359113424932968767346364445489071658320471/2312807452672939144174798083738519726863286668737533926177771289596418961964836922494422901745254400,0.12672603562974938,319511488918754336574833723408946083609341805/3481088162124173742000232972037886701075431424,0.09178494598188722,95441233754381124954766403319237403480507153/417023616825925550900476285809967528505507840,0.22886289865501863,0.05739023139194255,5,0,0
client,adult,0,1,absolute_group_gap,5,5,-46436802496045692883022994704948276453844034923687/5319681745493453162332434725076029924533967257600,-8.729244476962263,-6397770225411596843715480420691231970287077771/511507860143601265608887954334233646589804544,-12.507667474778355,-13432290165339270007118913727458171169317986025/13299204363733632905831086812690074811334918144,-1.0100070498930414,4.7670574000996515,5,231852513590992342974330247843898649569980593347862846164030521085783373140109850873105830452314798531623238473641/281593031255914705226057607158753228783319421244722251778988203903198367157196912888859891299461471035199670190080,0.8233602676775135,1507406166962935095143681040490791152180663252147/2222232584223638356772113747322164651291377139712,0.6783296121497401,22387150275565450011864856212430285282196643375/22536575300211535777784398862035402965666234368,0.9933696658584731,0.11915407041909318,5,0,0
client,adult,0,1,max_min_group_ratio,5,5,-4399208673119248973347747191737882706544040618192428151869495012920984631806806876052535489342929524489940558544752930066985664596304450982191212006553552142879122234775499042389795431447378848016254604323313611985936735192076542871262434283010800530754082294612240707344019958118269159729/53061153072061230739830208007548335494670421723385026182443458203911424397938597486891071154404137152548592849776463617845005501057222971318575886155939479338222185346094108904982826711370584543132585339071681310028280203335390128430501332449303549067779358427904347727613178615240572410800,-0.08290827504530059,-175857827746582277392330525283236803533089510905507932337433/1455687256076203399668231854845664457372940514190731716349160,-0.12080742413078895,-1738680870598023569576237165940604774694104356002262599216542288/211168510031141489460032491814965813455799156592773575401086668195,-0.008233618120152558,0.04621704649639046,5,30907456766298051626370567792119320828224546132864975653110143463061134267541187663442004676703118471033339802418054144129946036859099791005342478774267777766031385122900437799251206364012331531321408921233955666844148474292507857857586881536226464482088567945776022814453147778728982766576/424105688140359976960699481907391050940971732038173681669929020470049146698093288838239067896322002210537910879512465518179887259834947988911343865354441871410383446824556948688159267725799413329790398195023379636195181783877582975020116107619885696673315036304679626061003336751306687828375,0.072876779610815,869340435299011784788118582970302387347052178001131299608271144/106461092716882296552742182616753797507020345014124197354470689075,0.008165804174215039,43578784692120304651913199505188284564873249468580049645/414441999584554961184419967971482400550126880861812468909,0.10515050293118111,0.039404529994875384,5,0,0
client,adult,1,2,Phi_A,5,5,-6135362675347534813092101211276493072837840493/3374729956996391955090209866728115331022192640,-1.8180307027612326,-268157046162722573332021609496798023800347897/105460311156137248596569058335253604094443520,-2.5427295180810514,-35019291687567448746820787826032662112250731/26365077789034312149142264583813401023610880,-1.3282453390724518,0.47935127252399773,5,11381156346267012108216821981866689465562029157105257570720722633177266296088998427948042264591911656002613609731309973997093798986607936816003238715261705894450656196374610227244820244225346791123528588874727017153582357/614018090806002199812368905416117870711094572737007154901445890610359170303935882155000125967998904024834755456937591935753120423137053250460194580997670743740807222301298223383008055267259118816348791024524112532244480000,0.018535539126098594,35019291687567448746820787826032662112250731/2544501643027304742232314239330195516157162496,0.013762731017891373,268157046162722573332021609496798023800347897/10523321247809040429218160064202016083040802660,0.025482168589935707,0.004610806076183636,5,0,0
client,adult,1,2,Phi_B,5,5,-6344933952107511697382297916466336098253976809/35153291864902529931778608405252030477044285440,-0.18049330846430262,-5884878863126883894870438071705779501631749/3432938658681887688650254727075393601273856,-1.7142394456259944,419707417012739257160460679147595393725764377/439416148311281624147232605065650380963053568,0.9551479130334993,1.0406618591469123,5,404421642641929092226199042068689676670738775373930658454816592815645518911867002436969163979392154234485259576987621665723249952517243584183792564454282038921751462067784856403886811065070367743833170171720002075361277109/211363101418941532429375059356062317891503112743752468611808293409758581813631289658374462543031019110367018971635420019312499959849882766484595262984947877347974924261312577990003667099323035994682668965571234835197397350400,0.0019133975605341226,-419707417012739257160460679147595393725764377/42184890968490307250071664844174780183240187060,-0.00994923555275363,11769757726253767789740876143411559003263498/651840297188055635577724407912985394308415639,0.018056198392500115,0.010932817936441032,3,2,0
client,adult,1,2,Phi,5,5,-6135362675347534813092101211276493072837840493/3374729956996391955090209866728115331022192640,-1.8180307027612326,-268157046162722573332021609496798023800347897/105460311156137248596569058335253604094443520,-2.5427295180810514,-35019291687567448746820787826032662112250731/26365077789034312149142264583813401023610880,-1.3282453390724518,0.47935127252399773,5,11381156346267012108216821981866689465562029157105257570720722633177266296088998427948042264591911656002613609731309973997093798986607936816003238715261705894450656196374610227244820244225346791123528588874727017153582357/614018090806002199812368905416117870711094572737007154901445890610359170303935882155000125967998904024834755456937591935753120423137053250460194580997670743740807222301298223383008055267259118816348791024524112532244480000,0.018535539126098594,35019291687567448746820787826032662112250731/2544501643027304742232314239330195516157162496,0.013762731017891373,268157046162722573332021609496798023800347897/10523321247809040429218160064202016083040802660,0.025482168589935707,0.004610806076183636,5,0,0
client,adult,1,2,G,5,5,-68041674882859730040794418602060546876483530353147/34045963171158100238927582240486591517017390448640,-1.9985240112255351,-42667624980856107567423699866000898137619117045/13299204363733632905831086812690074811334918144,-3.2082840306754674,-14912676943266194923172424780378607107810389699/13299204363733632905831086812690074811334918144,-1.121320985481841,0.7924023836146821,5,2470772873017929960972817512436751931421596867261247777163843429985486876544820535244833157580552350234052413967937041116457756280790399640974971643268259376040787923126273682256849412486445778785745661410192229401786841351825918017149742841081211/237866296286247110736216177134925980062958924138978204521660425452194470972813336826146904610869049686636854781948681690260669434546105873343320338035891016379438346104128107809126065904566429571038545141143336553475410992119198764541892238484966400,0.010387233969644083,14912676943266194923172424780378607107810389699/2588815388121481961158651932942341954602993000931,0.005760425023619493,213338124904280537837118499330004490688095585225/12626594831606575918438280409223342440804419700409,0.016895934949164432,0.004236272032642632,5,0,0
client,adult,1,2,pooled_SSE,5,5,-18510873664422592881421401986424400731221589637/871122859317602466466238995025326621327360,-21249.440841126772,-16693582939393124324085829004642839260065233/340282366920938463463374607431768211456,-49058.03110059984,-792579228828567328502370144890275383290161/170141183460469231731687303715884105728,-4658.36203033533,18127.745043053645,5,417278429893972319220196351899898705661305101683149151027411857646874757065215295535870897810527362595518525791539142303381362885092909780729450884871159581496557732674081325339734914244398557014026636171921970067114596948469/56024594142461684666203407531290164480263992775043749095828920253280183280550450934575064081747070713705264815141120265356056966188906222894658076748824136428844058742362569914700700117077891108072313770233533421365083825228800,0.007448129456018891,792579228828567328502370144890275383290161/489711031833258653060445468199597849002049569,0.0016184630880409327,16693582939393124324085829004642839260065233/964747149214633277837129647472190375075002061,0.01730358358973414,0.0064036732641182936,5,0,0
client,adult,1,2,population_average,5,5,-18510873664422592881421401986424400731221589637/26013470824942244853614828869446303566077624320,-0.7115879995019346,-16693582939393124324085829004642839260065233/10161512040993064395943292527127462330499072,-1.642824696959341,-792579228828567328502370144890275383290161/5080756020496532197971646263563731165249536,-0.15599631740457204,0.6070506008657708,5,417278429893972319220196351899898705661305101683149151027411857646874757065215295535870897810527362595518525791539142303381362885092909780729450884871159581496557732674081325339734914244398557014026636171921970067114596948469/56024594142461684666203407531290164480263992775043749095828920253280183280550450934575064081747070713705264815141120265356056966188906222894658076748824136428844058742362569914700700117077891108072313770233533421365083825228800,0.007448129456018891,792579228828567328502370144890275383290161/489711031833258653060445468199597849002049569,0.0016184630880409327,16693582939393124324085829004642839260065233/964747149214633277837129647472190375075002061,0.01730358358973414,0.0064036732641182936,5,0,0
client,adult,1,2,absolute_group_gap,5,5,-27875768908813739941482453768932626927082788637057/17022981585579050119463791120243295758508695224320,-1.63753739429693,-14886075774618886429839461707178248840673267026783/4255745396394762529865947780060823939627173806080,-3.4978774311145506,2928416450650988850032454313575481441023674207/13299204363733632905831086812690074811334918144,0.22019486057652113,1.4133675946294857,5,-79371707310933914114691423413546354321972294523472877733352065817980283331137289032593743409842016063227659348884671498694134691230138556828227718279617944101720850104325738698401979671986180600363323661290804837942066490328962159125613/13280802613552440633508042569783915784003921037659042349072320473498103599442076160960241533803540234178869476686041671433801084607115748516219248549262900365495120065218015850997280757643379652785135377872625319672121012438569180300800,-5.976423987352901,-14642082253254944250162271567877407205118371035/448275073938257297758627948815353050408772979,-32.663163991294454,14886075774618886429839461707178248840673267026783/16097436604257391763725557214975410940347338865540,0.92474821554395,14.919437909221724,4,1,0
client,adult,1,2,max_min_group_ratio,5,5,-5194998025321581291207913369117562205923095959980238011519954107415583417640436226571816380570817574683927035994512373517782607440074447843161837081209282393594749540204856800372051433883919429746356832052736844270573627500187107319610555324731965487485381068521652202489009117362136599323371383948260909360358156839810215707416816872174912665135368526550703322529200702170902264637946341242204888105679279373486064758614518009237928118772863628609/302130891237406866876165246598602677153697342936651531278960933953970061727864377936655758646451729048624049608275977064246129021457237203036672728659556101837248248424570399476183441334299757233814629361631043636808121880942830871806421330847202162882103514979540227373750320538875643240630693441400031834471622199273877005592999233789292118960122671222396283343163235401791687573234420651593827895188291930909263132842701744605011595383176894861750,-0.017194527855278068,-4533740693133441479704289027848784549035987261293409884949719138762757648467531714868739106404/124332594429487722868534004935951972991003538491892914642353280656292882253951822061921642668255,-0.03646461906418791,734582718186817687993336522184410353419495556427771585566519753120926829930939727246002839/310831709144754516216519300226448613060784772486348090098071523998698751191340119611256158755,0.002363281147242034,0.014817832926059416,5,16267527463400350612302989401109845468118120537262185154069485728681356398769095274098400245244385764753808679428164789170095970745616735753999976697557436281820190862568387075075951444097460509076500923971761938221620659247499549728630639960094651069313877918350498834788126604932747298064351024680582233086899491802812318987363511614191887526522994907752264396136622262713671610573172282490190172702341986318108325078543630651113471499501201/983927396033340549230905303070240133649492111234459292143358572086298894938000341869125630037442412082595911498374960919288288181375079964902567067838490416097133688239966468787248565052639874389558019869165080858292779500667642957553170572744614601029024145641638052800455738735342075348646006882123248959228993145061995776791730507112673752621920706169788449957451177501988105874248392426747926648669593098786089081436878112355620973829480000,0.01653326000371792,-473290149002757096888208097754737304577164208433415800781323129829610387525510058690491/200282457577945762515858424694737974989352754009402294658552402461968530776256037934829502,-0.0023631133486494314,112349226672286303209205754766535772142439095536834263888331246933705646242442675196231826/3202441967460963918980426283761784533993920229599871969014794762738827024733787191564717303,0.03508236146472989,0.014210735139281446,4,1,0
client,adult,0,2,Phi_A,5,5,-367099998434135034386779465342223214398802757793/16873649784981959775451049333640576655110963200,-21.755814723668422,-95506741486629769799686390939910578233451921/3295634723629289018642783072976675127951360,-28.979771575368584,-456913147084765788370206007988474697147266923/26365077789034312149142264583813401023610880,-17.330240811002035,4.332085387397246,5,1019312438493914198153179193487415215650038110165310757363239975430119818616479301378111924544944289/5537203916510331795742639826123514123863235197893954483105757921881776278196353889343640988454748160,0.18408432376034065,456913147084765788370206007988474697147266923/2966395498424503081855699459492637551192178688,0.15402974664957494,95506741486629769799686390939910578233451921/403489768300068055524746677637884278743236608,0.23670176790109615,0.031203314514119975,5,0,0
client,adult,0,2,Phi_B,5,5,-414658817669266197346167876336916993408159275177/35153291864902529931778608405252030477044285440,-11.795732225102553,-207510542715906729388698648022444471468134771/6865877317363775377300509454150787202547712,-30.223456249518676,-2250557206942779009358223037872255696252358707/439416148311281624147232605065650380963053568,-5.121698907952942,10.404549367925421,5,1236241032152891046611902576803166646043837776995323225065475684900408718722131533813634754130617/11786077583426495268560422445111242838070151099722610481708101619004289945322567123584136354201600,0.10488994522582178,2250557206942779009358223037872255696252358707/44855155592445825516590348561194631273218310144,0.050173880286835996,69170180905302243129566216007481490489378257/282527027392569532392227393264006102257762304,0.2448267747821192,0.07941259764846333,5,0,0
client,adult,0,2,Phi,5,5,-7476209027727792426731402945514210554835169915967857/340459631711581002389275822404865915170173904486400,-21.959164410015084,-1994649248876363472581625506580681945913358113121/66496021818668164529155434063450374056674590720,-29.996520007101893,-456913147084765788370206007988474697147266923/26365077789034312149142264583813401023610880,-17.330240811002035,4.75880160106773,5,267680863257895214413262068802687870753926561135483463382888490007175089704870491300205935969836099703/1444256291858282281861504534212693180448846169125348084989685434873322734087621753264694913122749644800,0.18534166322618412,456913147084765788370206007988474697147266923/2966395498424503081855699459492637551192178688,0.15402974664957494,1994649248876363472581625506580681945913358113121/8208822780891107763656166911285697301099283742720,0.2429884652303134,0.0338665959627461,5,0,0
client,adult,0,2,G,5,5,-5711473658766192855059842577266539439041332912039303/170229815855790501194637911202432957585086952243200,-33.55154694877098,-246048695573705346211113669755746902699077791697/4156001363666760283072214628965648378542161920,-59.203227824887264,-21535118582162990869547141907512630201573707127333/851149079278952505973189556012164787925434761216,-25.301229956573977,14.396922319373061,5,1087921270677487474924945379886560638160638352750830931732529523231006201386261374313144622879529598026830888186624508771/7392792005228839061964208020122525728414838663338325214768900799491672701082341441193322856993126729207692489626841251840,0.14715972935638022,107675592910814954347735709537563151007868535636665/934138024467647470526708076432114728033373086810112,0.11526732676595389,246048695573705346211113669755746902699077791697/1021877239742598807498686289124080524581348048896,0.24078107037170401,0.052624879166685824,5,0,0
client,adult,0,2,pooled_SSE,5,5,-78175881610340123173294734167914020780696203297/174224571863520493293247799005065324265472,-448707.5547046229,-75754321050634124797096259740588762425396673/85070591730234615865843651857942052864,-890487.764453983,-6506836453687792621000257008024922326061767517/21778071482940061661655974875633165533184,-298779.2770716612,248020.09300803294,5,103594266282810643897412762186843530625119176827307251166314412996742615732943739375738950124861739/779050931426674238037826722943501381680264983153695638291459802811425334556576647577068766903664640,0.13297495979255,6506836453687792621000257008024922326061767517/69621763242483474840004659440757734021508628480,0.09345980553559573,75754321050634124797096259740588762425396673/312767712619444163175357214357475646379130880,0.2422063339472868,0.06147310006237151,5,0,0
client,adult,0,2,population_average,5,5,-78175881610340123173294734167914020780696203297/5202694164988448970722965773889260713215524864,-15.026038266178517,-75754321050634124797096259740588762425396673/2540378010248266098985823131781865582624768,-29.82009793228796,-2168945484562597540333419002674974108687255839/216778923541185373780123573912052529717313536,-10.005333771068958,8.305541926462828,5,103594266282810643897412762186843530625119176827307251166314412996742615732943739375738950124861739/779050931426674238037826722943501381680264983153695638291459802811425334556576647577068766903664640,0.13297495979255,6506836453687792621000257008024922326061767517/69621763242483474840004659440757734021508628480,0.09345980553559573,75754321050634124797096259740588762425396673/312767712619444163175357214357475646379130880,0.2422063339472868,0.06147310006237151,5,0,0
client,adult,0,2,absolute_group_gap,5,5,-882367684480799785835780184123835557896918501964277/85114907927895250597318955601216478792543476121600,-10.366781871259192,-12816459962466664987293385858795511634292069496415/851149079278952505973189556012164787925434761216,-15.057832140668092,-5251936857344140578543229706941344864147155909/6649602181866816452915543406345037405667459072,-0.7898121893165203,6.017263467134833,5,2424163914257245965647188405137637970239891667608521845490763348862727363176162536334928754273280976968846100358475/2703293100056781170170153028724030996319866443949333617078286757470704324709090363733054956474830121937916833824768,0.896744757054397,26259684286720702892716148534706724320735779545/33804862950317303666676598293053104448499351552,0.7768019744766994,64082299812333324936466929293977558171460347482075/65293660641971830270353024801774720271134419320832,0.9814474970812125,0.09381528473479728,5,0,0
client,adult,0,2,max_min_group_ratio,5,5,-60699260659487019911427510209658022304499478843171212335059523182212081411639584490457187418042899036851903421470542678998197172437567220121602730457954284935561532771853689152706788408987997080572303556137491263855458548126041442068026124937968584610998981961997507442131699241400593026760144033/606369241426466962973557952034480097126236701023461142451802466331655514491698230067757840936721074631107304417720810886585538380448982757304460692747249382547357186702636997697217327061080377480208379665199446248654328584415450843327597034905817964693241514997420834840406951373236843460192606000,-0.10010280290057866,-161628450440162914647481443154656700359442080886082801953435223/1096795330847570646158363152322358529136598774724771806111254640,-0.14736427653759365,-405749100368102088292511538749206275095313373267602649595492641/69118536506590182654042329078660939766683316553810414653140990235,-0.005870336972910523,0.05936605969616239,5,291169223519454216404460383351424266692768988026046467684266564681687316027631812583789712812600749967658491635658290997151276059677345078205857058066559801584113770832017554935916628105716247690882843255096256005640434136985414233347623598530279796885195970601751024334472809247697593504040343819/3315335507835785023854302727194932003297399750876876503545377572308805276031455591652936592198825267499881411806443578194151527750512179360083931943436752394434290566112836688964239655818699522472092433547687165730206103695254730258970188910279505872067474503659875585235650677908414620676202416500,0.087824964571844,405749100368102088292511538749206275095313373267602649595492641/69692540070469280443509488912947956623733459465065729244892644950,0.005821987546412153,104136881385841199901732604500695698303650049636669297982587/812874456950007079508146829879359488587793041727319635897243,0.12810942759423644,0.050807834007828546,5,0,0
client,bank,0,1,Phi_A,5,5,-699719455121631074402392649524499455077599833/58181479096142058482967790378683728794746880,-12.026498225756324,-1386183937887649076694223533775836884568683/90908561087721966379637172466693326241792,-15.248112183296518,-13765948240141057733310934903018480527534273/1454536977403551462074194759467093219868672,-9.464144572463344,2.375696673596052,5,59938347112179718745447715445326722109013496812957404685620949357097993221567110898847794383239/228483353479559296913929186563611603666264906425806964594503747973184105084805554444082295603200,0.2623313523693618,13765948240141057733310934903018480527534273/62206255703499063778634123953776292551196672,0.2212952392723218,1386183937887649076694223533775836884568683/4471646162929652862399726696739164229992448,0.30999410225684626,0.036503243473637884,5,0,0
client,bank,0,1,Phi_B,5,5,-318691025923348305940804565694005036599301567/35190641257495772137528348402163741355933696,-9.05613011116885,-135742686419236794666632937004048509330507953/11730213752498590712509449467387913785311232,-11.572055657581087,-1817786554110293604034137394318382358265427/274926884824185719824440221891904229343232,-6.61189084971722,1.8689438305259785,5,237064360061521387011703221961234291027287988717850663593928391184809078860064492759690111489641/1118013161648096890610096249283169820829772438001065725763453127880367061371537100668476944547840,0.2120407596204482,1817786554110293604034137394318382358265427/11077805162391301773359565147643472318038016,0.16409266343495596,135742686419236794666632937004048509330507953/526234875792263884633166126301059586407268352,0.2579507605133007,0.03531019494360578,5,0,0
client,bank,0,1,Phi,5,5,-9291617074845028111710883375073504494954567977431/752111980275828390009324626225244562129692917760,-12.354034131243907,-1386183937887649076694223533775836884568683/90908561087721966379637172466693326241792,-15.248112183296518,-21922927563259443666967750744264056259394513/2199415078593485758595521775135233834745856,-9.967617198150265,2.0729684272453315,5,17423463600837605965475607051303856555794566671351771413611440165042678101554422411135401160701871199/65034658155746405309181448627819684827373974983094209946098021413264089479768400657786730094190919680,0.2679104356804878,21922927563259443666967750744264056259394513/95362444411479326627478577966135307589910528,0.22989057902777976,1386183937887649076694223533775836884568683/4471646162929652862399726696739164229992448,0.30999410225684626,0.031316171296726696,5,0,0
client,bank,0,1,G,5,5,-31712994695808173135039150721396654201013411563797/1504223960551656780018649252450489124259385835520,-21.082628336925172,-2198055338568225081968262310911547412222845326171/100281597370110452001243283496699274950625722368,-21.91883053533578,-91342880159652109306854439151008328685249809677/4700699876723927437558278913907778513310580736,-19.43176177061361,1.103758336443364,5,62989759345683191923455818168159541163428231843914276860282502282469733052108110240467026901957743111546399857233287/263134289152793193023672469493525523469344147722904995115646854514191043144844254328020767836957339525137672280473600,0.2393825584209862,91342880159652109306854439151008328685249809677/404848451188217290201179420845739219598866120704,0.22562240238677872,2198055338568225081968262310911547412222845326171/8883823826440333920665888541029415551251867762688,0.2474222115961259,0.009105754378870177,5,0,0
client,bank,0,1,pooled_SSE,5,5,-2992894039860003678508808127519024093151707501/6805647338418769269267492148635364229120,-439766.25455814105,-648024325762739329083031169439608212130844545/1361129467683753853853498429727072845824,-476093.08383095113,-17844437901700250700139342823641268393464393/42535295865117307932921825928971026432,-419520.7189409552,22007.17665484137,5,91946674303864133158734086056987798664207388397031867882850982990861102796701826528782051004925949/392595526230318291288557178342055069733295284795435187154367299383754985239030321557054657921024000,0.23420204296959593,17844437901700250700139342823641268393464393/78784350057489195203056350959955800070553600,0.22649724074234423,648024325762739329083031169439608212130844545/2596351847913405710742606136452878723727753216,0.24959033433143243,0.009193303671173264,5,0,0
client,bank,0,1,population_average,5,5,-2992894039860003678508808127519024093151707501/292316164479762977653577322768186164369162240,-10.23855127952461,-648024325762739329083031169439608212130844545/58463232895952595530715464553637232873832448,-11.084305360191635,-17844437901700250700139342823641268393464393/1826976027998518610334858267301163527307264,-9.767198708813448,0.512366750205843,5,91946674303864133158734086056987798664207388397031867882850982990861102796701826528782051004925949/392595526230318291288557178342055069733295284795435187154367299383754985239030321557054657921024000,0.23420204296959593,17844437901700250700139342823641268393464393/78784350057489195203056350959955800070553600,0.22649724074234423,648024325762739329083031169439608212130844545/2596351847913405710742606136452878723727753216,0.24959033433143243,0.009193303671173264,5,0,0
client,bank,0,1,absolute_group_gap,5,5,-1817824534523979770601460926299121259601620115309/501407986850552260006216417483496374753128611840,-3.625439925562641,-20298142279058379207964614658212636032827594859/2350349938361963718779139456953889256655290368,-8.636221333579298,-4733347419000765295198422810696759591064072283/9401399753447854875116557827815557026621161472,-0.5034726256869212,3.398717768469489,5,119545088978065982063756415893171126884621760767090075522700530226727752198243576317118337409135039688034528299/127750261042275563303297153090128640416373777739714115196532249262212549523301405742855022710148557241759825920,0.9357717784897966,4733347419000765295198422810696759591064072283/5556634897302182935955521341012305388412862464,0.8518370392301401,20298142279058379207964614658212636032827594859/20905783563100006244031611570290307155317751808,0.9709342975733207,0.05158397777247615,5,0,0
client,bank,0,1,max_min_group_ratio,5,5,-1610159069260536628392618326022869426694823287951848259616498436718428670931912904573959685924447983925425824126560732909478584007125940200217243983935656136676818609290807698931213726566216113997883612246637927946844469807607206830179572941099878956473748341470030688090662747370848993041/18467102904181483006631632261199791895319002685787977977716796967369550308638766015724606579586828191751186318578760134826829107568178187620680197112537129344669830774714277332285917865326296114017690637701545976263760902009709323218755159727065990816292716573828823739589874060490006033900,-0.08719066967975525,-98269251284289736213738855984777937632282038945226686800027/461200822881776782717502173282555249291607789222252345294684,-0.21307258445521002,-10745837193574638234066740275177602910107941387271699011219/960260702785112108462789428536108704464509486816894014332833,-0.011190541446096592,0.0842964461680345,5,107984020934413937563017704720119579459878536898621543298448167525936612507297563437222532322287371511236994517943962489689064254966163682015359784901675044734181089184856466655981280662036681993742948297893630976008170199052971115542412599005399787604243570596572822233390668587806541459/1429119658699137903305174740458191536278764943352912765235456786969444477069771105053311015469817559448963955337421702278636090952495856298114667600171908826802673128933392717969443338375772736378109751329294039131259385772408686697263602047529637667417301747469803526154083282607625374490,0.07555981773612074,1256970077620147179093079924573353949012509227660743831/113876660071931614500434806859379008490335948184482572646,0.011037995642181341,22805581639426719938208135526752828413154337188495401903/130659115913870561641007722622734982864995275211430767863,0.1745425987304244,0.0684345512965535,5,0,0
client,bank,1,2,Phi_A,5,5,-83435354770187009082880615134050821365855569/93090366553827293572748464605893966071595008,-0.8962834486417292,-7064055710531395100455220443854338935569677/5818147909614205848296779037868372879474688,-1.2141416513076932,-7109342928973513156963276390417112292513737/11636295819228411696593558075736745758949376,-0.6109627186708051,0.2629219348103339,5,1346167033300958413414499052596834528655779995341799895852360761374776681492601905292720299748676827882198738631126558200074617953212387834808165313245874739802045595746360686766677849780192673081865770575280983371643737/50425043033666988238827735616432309326588402758660915865386848725947993462139046747936487380610227752105297864372711978991382166331808593231285805918692312871547290298735975027550128403799069749967586715260539295376587200,0.026696398303560614,7109342928973513156963276390417112292513737/388425477015792555879987699561118640183313737,0.018302977918939294,7064055710531395100455220443854338935569677/195552319793448788885729963923173229804217501,0.03612360987582643,0.00767279390330854,5,0,0
client,bank,1,2,Phi_B,5,5,-19730762576325464444981978748852378130154517/23460427504997181425018898934775827570622464,-0.8410231472603268,-9533508841918670535806062079544520220742097/8797660314373943034382087100540935338983424,-1.0836413888750025,-7437026775628554347493616355868694915717967/11730213752498590712509449467387913785311232,-0.6340060746160259,0.16814439234390208,5,92146249141140443053029698500749175652441050860926468269047087643191086133281249868442022592764099897966042495120017029364715557826923631249632043242460567988939484908704659622756331618890785211933860860660608844113503177/3663366608585864886349654746111153553693032709720358878792958108902029510917868757062596900784256037650443601904532501298165957727608641808744727029692246173722789425389520382922025150592017983931638313102554644752041728800,0.025153433709085096,7437026775628554347493616355868694915717967/390492189373027089966533189297011077076760399,0.01904526384399498,9533508841918670535806062079544520220742097/294165242004537559174078369998976183199860889,0.03240868559777574,0.004973593335461547,5,0,0
client,bank,1,2,Phi,5,5,-2737983978711550981838544656598960631738566300383/3008447921103313560037298504900978248518771671040,-0.9100985127598377,-7064055710531395100455220443854338935569677/5818147909614205848296779037868372879474688,-1.2141416513076932,-7109342928973513156963276390417112292513737/11636295819228411696593558075736745758949376,-0.6109627186708051,0.2521767274488381,5,290034883480316879588916663516900208788595129741790845604185523863521981931505388125255212534748686746618267173190621068163013207672130434636714325013193951850251649390584209567037961841131676903559469398885880091798089/10702795642538390002471475369068215462522913267592700707339094254457201987444531952309211788861103195076048363515815449495132851071691438610805105760628662350801677538731015447017736321227160458059061032555465182832750880,0.02709898358963052,7109342928973513156963276390417112292513737/388425477015792555879987699561118640183313737,0.018302977918939294,7064055710531395100455220443854338935569677/195552319793448788885729963923173229804217501,0.03612360987582643,0.007363561518454967,5,0,0
client,bank,1,2,G,5,5,-696879522234748613218434443260502950534853578487/401126389480441808004973133986797099802502889472,-1.737306595902056,-21602376907450257359273832424466392848404175229/9401399753447854875116557827815557026621161472,-2.2977830401826957,-124847459266742247503432442158936146571356285349/100281597370110452001243283496699274950625722368,-1.244968793286831,0.42608762362971914,5,4371159720039270709503669303222836124050417392656334150287873971039652120068045856799887224590230601977829952907999030576020567559572484497094486579029595722654271606075550498014117061183995071873633061097755061570106276480556995999580547961/168585470938095056471584503030717134144375819198168106957986614505843193328517962106063783893272814565266215167350003760479977866207219637354199547745100476781579463727987798748209812757584921499598151324770749303448783621580135978679926787840,0.025928448612540105,124847459266742247503432442158936146571356285349/6685768487872108838697626230117868139029022436517,0.01867361388495785,21602376907450257359273832424466392848404175229/630340436483338010913128403594513466481841296936,0.03427096796767421,0.006254041099974079,5,0,0
client,bank,1,2,pooled_SSE,5,5,-201819930228139795752772487627165090146782671/5444517870735015415413993718908291383296,-37068.466854144775,-8298782276225032818130641261699429578155887/170141183460469231731687303715884105728,-48775.85842203325,-36529766184832689356407401848440309332181375/1361129467683753853853498429727072845824,-26837.83361695616,8735.324658796919,5,9880919118838481331421974414233689592908105407357638428152968196698693844110619483836171736369035880409026943937329565159438207928402170809911027858112911822574714243906076058890434647761532806138260235968471063534111603/383411836489824217705157154761176467727402464101337966265668162797557467417378459817438289044911436553079303775442168606790554336102313413521529556680157135235035364187951276087455665665891848428542837960639310906222499200,0.025771033073207487,36529766184832689356407401848440309332181375/1948327522150666381659574967013270511596908671,0.018749294340670818,8298782276225032818130641261699429578155887/244858780898993174029904166961074706502039195,0.033892116287421885,0.005978519491804294,5,0,0
client,bank,1,2,population_average,5,5,-201819930228139795752772487627165090146782671/233852931583810382122861858214548931495329792,-0.8630207406906494,-8298782276225032818130641261699429578155887/7307904111994074441339433069204654109229056,-1.1355899241486602,-36529766184832689356407401848440309332181375/58463232895952595530715464553637232873832448,-0.6248331536821605,0.20337410734766528,5,9880919118838481331421974414233689592908105407357638428152968196698693844110619483836171736369035880409026943937329565159438207928402170809911027858112911822574714243906076058890434647761532806138260235968471063534111603/383411836489824217705157154761176467727402464101337966265668162797557467417378459817438289044911436553079303775442168606790554336102313413521529556680157135235035364187951276087455665665891848428542837960639310906222499200,0.025771033073207487,36529766184832689356407401848440309332181375/1948327522150666381659574967013270511596908671,0.018749294340670818,8298782276225032818130641261699429578155887/244858780898993174029904166961074706502039195,0.033892116287421885,0.005978519491804294,5,0,0
client,bank,1,2,absolute_group_gap,5,5,-498743081324974729077661977488298268931461524227/6016895842206627120074597009801956497037543342080,-0.08289042961761932,-250146500072219829312927019591567510997145041/1175174969180981859389569728476944628327645184,-0.21285894154685336,2310824542954774730013410293706799097589514417/100281597370110452001243283496699274950625722368,0.023043355945220816,0.09208091515080798,5,6468449216961428001986320248499452567233421056407885572563173177990374018401805671958214381023646902019938860192869733693051526688763628333547440299444044599618031281610515988123657110932040959594104904278794931759928201977429559/13434481900709374703599019188660771318172133642227552587009368724274597010808530351131350507406763159283400283938396846076269813869886571667330452890937022680146027289958666847994206383529005849696067887883506032842179268669481600,0.4814811069580493,-256758282550530525557045588189644344176612713/1014781552454628272204639946396971463397014935,-0.2530182795789544,500293000144439658625854039183135021994290082/607641284041627036066996912077671122490156949,0.8233360920061623,0.4627327968320806,4,1,0
client,bank,1,2,max_min_group_ratio,5,5,-729197210421345308985444539018230779250031272852957761426492521699488486359633139273156891447432223196656341911850290807199130527617554437018910549608745137385078985748024133797685589863322021607947095905349603356398116016412009896259630582751582645452652518987264335111376557806749099829832877172400575895722281519962470928643950222139610333877531795615758054498374630707126348604588779492568080849147364169424834393092453279045648042419/299996196051430346459056324473256986571265100732321340513075509493100048191727093786478161349585609624305473365503420975112966462747900994775246384394367741785757496282902285522298591840498062422576101910830739728306086694415700026123088296199823866993031693147444699707918352373236605228071907515117903850475319027839259263110619229472467907748632792608202859844043527454716095348369309424613056749247247107566769406530312581931192881401320,-0.002430688188780681,-1493349176296279886374120905820614978460655149539390754834953142494357830151900690515099/237722861969032520918115041415763362720834030643761145386175412756164386856841913137599480,-0.006281891291090102,1263387439099616552230430257317381569516481445181736055042158732661595114800621165607691/1665051874607569568578678900349797444189132865146210991519348001071665860558568548387505724,0.0007587676146110343,0.00274526081601874,5,224290496271610568482529508584783599890328061424993091408855479243736044771265301633922700994049389996006945174968688811642386582251316124861305176546817379870826912511438088830481068958693553676574540445246158357377572985377193077999282630390722539883696983973754385322261831668955827055839438465748113377534488949013562437972522239517870800664148364132424072773453891717074663530140471273134744736185976864509247451651323734637390303/92831702995357688573941785532233505590562934124029721185287662966078517780817122725935222336324628059463727368198900277975472741369077270611615306665166042200702545531369540581561932158496266677577787557046797401414367457478774878041871638135732601435947586790157207886029411971732037480032798025311561593981777270370127933110983107557466491492443697962267142029354875658627176446530605824766364820335080389635700629910654902517943806000,0.0024160980466212804,-293197363448506974293439372781940489560566592058885136932503767152841753260761467999/387469750664730482336885747321139731551789796509861166905042977000867837367591937566376,-0.0007566974272069165,346565137223550681451408889723976555688246727672172372902054570084557398503574075311/55592378784129449217310541062317515997101992963413827597181758214787045091884422621200,0.006234040435098063,0.002725745787593276,4,1,0
client,bank,0,2,Phi_A,5,5,-6014932414823983640633544271866249747450076509/465451832769136467863742323029469830357975040,-12.922781674398053,-2977233726635658535039608668105186410035195/181817122175443932759274344933386652483584,-16.37488092987626,-946965721919742367484320644282847529701065813/93090366553827293572748464605893966071595008,-10.172542626869795,2.6147310941765705,5,3846343610601517259498283164695589979792650586552520034376612820988108404690328155029947225894207/13648072314512342002325370077399733125664890410501536018445023878931530543732385118793182457364480,0.2818232144411781,946965721919742367484320644282847529701065813/3981200365023940081832583933041682723276587008,0.23785934770807446,2977233726635658535039608668105186410035195/8943292325859305724799453393478328459984896,0.33290130951294766,0.0406450204306176,5,0,0
client,bank,0,2,Phi_B,5,5,-696574339575673005216555067634567207589066685/70381282514991544275056696804327482711867392,-9.897153258429176,-139823938666860692396607962265544144771705/11455286867674404992685009245496009555968,-12.206061732197114,-86210205409094333722592079752017651517249/11455286867674404992685009245496009555968,-7.525800654750107,1.741760766401933,5,5532607824092837910629436691059499043149691975351816833017955596196637503535249324369078265859851/23850947448492733666348719984707622844368478677356068816287000061447830642592791480927508150353920,0.23196595590346128,258630616227283001167776239256052954551747/1384725645298912721669945643455434039754752,0.1867739050730543,139823938666860692396607962265544144771705/513901245890882699837076295215878502350848,0.27208328406456067,0.03164069868079022,5,0,0
client,bank,0,2,Phi,5,5,-39904452278091663428682078156892978611556838210107/3008447921103313560037298504900978248518771671040,-13.264132644003745,-2977233726635658535039608668105186410035195/181817122175443932759274344933386652483584,-16.37488092987626,-756253255277849583217938463119786037466191187/70381282514991544275056696804327482711867392,-10.745090573147259,2.278820322891652,5,199512537482940102922259991237111733951518469626009169689312651509074982600354927253307568695662295177/693703020327961656631268785363409971491989066486338239425045561741483621117529607016391787671369809920,0.2876051157866037,756253255277849583217938463119786037466191187/3051598221167338452079314494916329842877136896,0.24782202651453814,2977233726635658535039608668105186410035195/8943292325859305724799453393478328459984896,0.33290130951294766,0.034784053439510014,5,0,0
client,bank,0,2,G,5,5,-137305171616753921738433119534494161062076449932493/6016895842206627120074597009801956497037543342080,-22.81993493282723,-2431069554125225818018047958046849984500121433/101090319929546826614156535782962978780872704,-24.048490061358184,-25171844045997181758330124811066471685042614679977/1203379168441325424014919401960391299407508668416,-20.917633200017054,1.3208096992752452,5,181801760798783140007781431680693015170827754106154510443875988848671642557481838009198976421352841083036438340917323/701691437740781848063126585316068062584917727261079986975058278704509448386251344874722047565219572067033792747929600,0.2590907498944631,25171844045997181758330124811066471685042614679977/103641203504183626291501931736509240217309726900224,0.24287487210606432,226089468533646001075678460098357048558511293269/834827528109533754629533031268404122191948414976,0.2708217696721446,0.011239827494591279,5,0,0
client,bank,0,2,pooled_SSE,5,5,-12980675810580713692799094948211921823340743359/27222589353675077077069968594541456916480,-476834.7214122858,-2674039421670203197029056919093939536964945/5316911983139663491615228241121378304,-502930.9174479073,-2459472232475441533920197570522419604633448187/5444517870735015415413993718908291383296,-451733.70551236894,20842.36262028397,5,4186934195657145229355577338968498423069264146708380284223754472056505714310122538221452499994617/16486951232769272075110012738773966183025523770936910746640096562047453448358228726805444952064000,0.2539544235040402,2459472232475441533920197570522419604633448187/10084396807358616985991212922874342409030860800,0.24388887897397657,891346473890067732343018973031313178988315/3380666468637247019196101740173019171520512,0.26365998602913676,0.008374064895644429,5,0,0
client,bank,0,2,population_average,5,5,-12980675810580713692799094948211921823340743359/1169264657919051910614309291072744657476648960,-11.10157202021526,-2674039421670203197029056919093939536964945/228372003499814826291857283412645440913408,-11.709138513873796,-41685970041956636168138941873261349231075393/3963609009895091222421387427365236127039488,-10.517175114368806,0.48524777938824665,5,4186934195657145229355577338968498423069264146708380284223754472056505714310122538221452499994617/16486951232769272075110012738773966183025523770936910746640096562047453448358228726805444952064000,0.2539544235040402,2459472232475441533920197570522419604633448187/10084396807358616985991212922874342409030860800,0.24388887897397657,891346473890067732343018973031313178988315/3380666468637247019196101740173019171520512,0.26365998602913676,0.008374064895644429,5,0,0
client,bank,0,2,absolute_group_gap,5,5,-4462527499122546395259038618615550676830180581587/1203379168441325424014919401960391299407508668416,-3.70833035518026,-6932811759734272955530156232465257018273961647/783449979453987906259713152317963085551763456,-8.849080275126152,-688992271484162589390498873777731652151259150675/1203379168441325424014919401960391299407508668416,-0.5725479462774634,3.481453621518739,5,658477699159245485339582743153980071020046995618069689276334851683749160027929366961894042708703975043840743779/681334725558803004284251483147352748887326814611808614381505329398466930790940830628560121120792305289385738240,0.9664525738346726,399594614612295115672385611932897323716577621/444297186936695229656194869008208035701587968,0.8993858758534758,20798435279202818866590468697395771054821884941/20905783563100006244031611570290307155317751808,0.9948651394207169,0.039016786205546106,5,0,0
client,bank,0,2,max_min_group_ratio,5,5,-1748060817386247030880870103463192705090835578973661469623758182725899973003927726279882805365103134912564369627104900826425675039527753989994494212733743969855436323248955437884142225263593890971069674624873936991770776131243112030163963679739783711407039443998180444246319490571072739/19504957958240803375919275928355164753868578553223680424233573986608470442537079323095787445373753183886424102790425231444154171277245341830752897816818195054809274037378763971631915007669545308832844730764316809263935930964628772429559610146693826002949553181916060191169863915414172600,-0.08962135786853594,-73816084726662966633418553021263168720536585599740519017099/336515060727718180552880359513356229870553372450929444928680,-0.2193544757463001,-797137630479573450429918743704934704239727245059406545275348/60149417775809233190019833387289774881881780826789080457360565,-0.01325262421409779,0.08676242015277881,5,1977487066984459876874647506564037433238662052425967261547448775194980398889616067360322750365505209235365126190358928414626703980810396914061828382747910973728371928923197806353511371017403880416829687430572892051182193785510130248797482341858004982522278473640433344511621288077744867/25462972410656979989128678978564981231161625647858976362113671204343774055899803356541703472564540572029465095790000017187500505399549217693234325832480363801826724865742678844337959243961284013902652533516608961435183296387605360261364914429975292859355300854391094630369679406297843860,0.07766128145183966,46621688529627643609189305398580810869091545505872414626/3566539160518599898018103321551664288250126375924372820015,0.013071968771779453,5710225475877076400821424384719050724880992155932584437/31778463339571402222787821071361887191364995605688398670,0.17968853354738992,0.07040546164375162,5,0,0
client,credit,0,1,Phi_A,5,5,-113094940877736848696965308463273423755509127/36287711608448877743734268136523762069667840,-3.1166181570789635,-145310189723098002017208495254905998210835/28349774694100685737292396981659189116928,-5.125620619247307,-13325679178066609475499584731756969544086279/7257542321689775548746853627304752413933568,-1.8361145670817098,1.687025388167534,5,1152553694951296831914538303427180846905771745263522272522080907594552252732883116038341937/6401212367954688800158167519362122978832580078400616610692699339371320797631436940535398400,0.1800524070598145,13325679178066609475499584731756969544086279/126294147234941884344833677650930718707023872,0.10551303817173077,29062037944619600403441699050981199642167/106656069715392664152981291992371406307328,0.2724836760080364,0.08247300967730967,5,0,0
client,credit,0,1,Phi_B,5,5,-1054884599777455962842700045735555945827972117/165846819989926988322779516170095190899425280,-6.360595879025756,-1004999695872062524665336588563384228922149/129567828117130459627171497007886867890176,-7.756552768358006,-167782428747415287324684697876019800121457941/33169363997985397664555903234019038179885056,-5.058355317201918,1.0767256927683526,5,266913235377734572468677696662439737872059186667235715814313186425674984413089481254205136101089/845799659918482371486207428351798437512912330564812961469647196398754693216616329002817368883200,0.3155750091025805,167782428747415287324684697876019800121457941/681775667565292171280320076733420752880009216,0.24609624063966337,1004999695872062524665336588563384228922149/2764507117447100881364431024772371477168128,0.36353666428615855,0.04605652644362397,5,0,0
client,credit,0,1,Phi,5,5,-26017226616831422653810667211881369491644916865/4113001135750189310404932001018360734305746944,-6.325606475206095,-1761969049706032648957498174047531661714638817/230285219840179870244026140682017593196806144,-7.6512467926897605,-294099753793381427991954712931751453668194311965/58953016279086046782470692014596503858382372864,-4.988714273771861,1.064723482883464,5,471891254609943276447116024804397041878170484946362291588581297880776016662238790407733503843362761/1503267928895116001588152669323929756272949515523860903518719617066053341410332755414340736961740800,0.31391027875967376,294099753793381427991954712931751453668194311965/1211742619819379285755555549714199818118736379904,0.24270810400084758,1761969049706032648957498174047531661714638817/4913450650075980633145048741362094905420152832,0.3586011492104405,0.04610903608093004,5,0,0
client,credit,0,1,G,5,5,-8380655300262964459773624245803494366652749243707/884295244186290701737060380218947557875735592960,-9.47721403610472,-8899722391752012592672928511086768979012736583/690855659520539610732078422046052779590418432,-12.882173387605313,-1219349385971523518323668189403123165067452274363/176859048837258140347412076043789511575147118592,-6.894469884283628,2.6917865207700165,5,7530313892948973906821019409084044037887623693223984205410728309438121409861937706875143478048276351508257597431/29576681184139286174334308452994701696329339606236689279638074859141204348078157293602753382593098277964270796800,0.2546030721319456,1219349385971523518323668189403123165067452274363/6712889933426436636865918539818130138527673876480,0.18164298805196338,8899722391752012592672928511086768979012736583/27735860764699961063155151746896778717776838656,0.3208742092864442,0.05930188758188986,5,0,0
client,credit,0,1,pooled_SSE,5,5,-291994885163798202884916338549707342395870311/1701411834604692317316873037158841057280,-171619.1689895237,-143788735699395065835318135477286278391623/664613997892457936451903530140172288,-216349.24355394288,-45277026981370474200046070651944192416386055/340282366920938463463374607431768211456,-133057.2235965732,34502.43032780904,5,53015028402495405082041630181591616956189176769742266646224972435849649450283787743228194116273/179720841357374833848483759801754999732214861222028669460584376749505837609760188533594484899840,0.29498542295979485,45277026981370474200046070651944192416386055/202017453700058513906288438596087867896758272,0.22412433258660244,143788735699395065835318135477286278391623/412223433253008025266167185591778563588096,0.34881261980840056,0.04991909957885734,5,0,0
client,credit,0,1,population_average,5,5,-291994885163798202884916338549707342395870311/50533632899593966516628446076654738242273280,-5.778228645147426,-143788735699395065835318135477286278391623/19739700351403893170557986748693257125888,-7.284241054306013,-45277026981370474200046070651944192416386055/10106726579918793303325689215330947648454656,-4.479890360478543,1.1616588777417944,5,53015028402495405082041630181591616956189176769742266646224972435849649450283787743228194116273/179720841357374833848483759801754999732214861222028669460584376749505837609760188533594484899840,0.29498542295979485,45277026981370474200046070651944192416386055/202017453700058513906288438596087867896758272,0.22412433258660244,143788735699395065835318135477286278391623/412223433253008025266167185591778563588096,0.34881261980840056,0.04991909957885734,5,0,0
client,credit,0,1,absolute_group_gap,5,5,-935584048324849093788320885101831504918188336081/294765081395430233912353460072982519291911864320,-3.1739989143074716,-192319400037585980903061256052948418208053985/43178478720033725670754901377878298724401152,-4.454056875986106,-1027214236188114371447533809881714957305738255/460570439680359740488052281364035186393612288,-2.2303086513780843,0.917038800323231,5,109616203008425711682377855825138555214777284920765080803536563576707395289766177179129080553940360402735359/113102410449323501244527580321345646846857656077801144728305695645480594822239386491148942853522297905479680,0.9691765416223396,192319400037585980903061256052948418208053985/207000460404787534470197726163020477479518208,0.929077160801996,3081642708564343114342601429645144871917214765/3086341642191217552531545263046610843250720768,0.9984775069737457,0.026590993725767575,5,0,0
client,credit,0,1,max_min_group_ratio,5,5,-44713638139756239390158548479917473385933545213269394582591866504161836727991959458396485040476744222870833118000795764140867534425618928535365558102226167838244629333847500239402282261481438830862863711904659068764458014178057627422771531367463183798871625189241491985119/231476335709185749402557042578801709421548210080655765531074369851399483946194225126358307647573421340348788248322992433183268579989621461174003476087016850689188312326557571666667041818426881696735243421992707667335707192719269128524545138376571707649674592108984623435750,-0.19316721081990867,-111351304573058575157159372245940684675606116149136635110/378713294938620354362616495400044700096337248929691515513,-0.29402533806241404,-905709813005039449375958372448023455019655597352042721851/7290608229474893020166959028731707241781634848669335052445,-0.12422966431571283,0.07460681976825595,5,3171771545918400598876827353621189011840072235951853813942458162542968951780937998126078635373969443420758875653660728488980796610756356463096318667860008053465057977690619074870007077224142590608091885469469262987975156668099646956764269663073356830628524500163759390183558387/20076386913473603148660018334130330880176134958794340559051700266716399722737416808027912814550899850759834830281993647682163431957918779019242879340603502838338047253494816624580621432729784099731502130662333188210912081264527371539716091939503225712896169591787605159037675250,0.15798517729252223,679452222809481957521349116615171384110769390361622447/6150190272730149329193673622300084966895582072961880607,0.11047661823117291,41767181010149503059699689514606408355441153844387335/187510202142913440300351715752502550040230036122186387,0.22274617878293407,0.050234058151556446,5,0,0
client,credit,1,2,Phi_A,5,5,-5412268052820788573644556774885256472226981/7257542321689775548746853627304752413933568,-0.7457439189359971,-17853902210175840833450458959914913277955321/7257542321689775548746853627304752413933568,-2.4600479637325643,-20389269907266969498044203758493583677125/113399098776402742949169587926636756467712,-0.17980098719717322,0.9696544940289955,5,44646233971436013934344491458771385502448004874763768480894973200551166648556602386063511063853097887945253067392639392367160810678284235947331891222631641120911850957878795949096027421217569047042154923527143/882375877394688107280725252708975004583890995475601985303403349612105267411331288179393892097078455089499946834844343080585390345357608239228845397563379483946588239077325782593959545136117459317425912239294400,0.05059774991045645,20389269907266969498044203758493583677125/1484298021016186270468332951086043634125376,0.013736641576405244,17853902210175840833450458959914913277955321/112968468056875274869334092919173749162937593,0.15804323557956976,0.06097750056265331,5,0,0
client,credit,1,2,Phi_B,5,5,-129843387899960658124469211955682011207101211/165846819989926988322779516170095190899425280,-0.782911531905447,-28009077140030736741153665524580379036975353/11056454665995132554851967744673012726628352,-2.533278341580374,-11624820318265295261060573974499859855041/43189276039043486542390499002628955963392,-0.26915987912731754,0.980446119573521,5,5293447935635961788910190101146511157258064819125321458992434128530717373482227180526974484859285369163975713918562371169743204177030527326348897141300530173884638817941205712544072540039733778510205122372753/99175619937083842563483108728678838843008113548757582684234683598318729891569628240899955003370607057888274723525199241165019028147826136005226388154714932765379625556532025797889487952514382244825986130624000,0.05337448799406628,34874460954795885783181721923499579565123/1704149656595842589243839054478732435828686,0.02046443563205596,12003890202870315746208713796248733872989437/73427605545410983422233625551057278965507325,0.16347925434456068,0.061700502921848005,5,0,0
client,credit,1,2,Phi,5,5,-697570465159123147407889871666173794630303435881/884295244186290701737060380218947557875735592960,-0.7888433978868815,-17853902210175840833450458959914913277955321/7257542321689775548746853627304752413933568,-2.4600479637325643,-11624820318265295261060573974499859855041/43189276039043486542390499002628955963392,-0.26915987912731754,0.9395441628619898,5,11220176847327815907969888169462085601151012302527243467279955946820222593647640623449521880644751906699520302722470134431347147427708348884062490947234042831334861713547905650807695888357081352609126817700895500707/208778890187045765048502111531849348943376624889093819788229151660444335008248990249337418922901627307350895202277473473973343597408152097365463005624039910810248548351089936578159839535034532559370775794475203814400,0.053741912495442516,34874460954795885783181721923499579565123/1704149656595842589243839054478732435828686,0.02046443563205596,17853902210175840833450458959914913277955321/112968468056875274869334092919173749162937593,0.15804323557956976,0.058719680151101336,5,0,0
client,credit,1,2,G,5,5,-1351782745178539212875390858383590558614760156997/884295244186290701737060380218947557875735592960,-1.5286554508414443,-294371646963902243393949422708451421581983654679/58953016279086046782470692014596503858382372864,-4.993326305312938,-368569281577943475079521197747562723312967915/690855659520539610732078422046052779590418432,-0.5334967970498122,1.9457212311148788,5,105143853516883044692786947440685770472192246083206212982500221666012366470281264000398577970989100811917731705999421728537959804028310576802781386486566420409701301898517865584664148110851628436497523895343826737196216420847421473/2021615847358236682444340335148493300622152871832434413085120332968894563386783795829547781007068668852635992644935394125870275543536349067309302924845054907150861178114226042555498678261533922770483681216051772103769792245851134800,0.05200980871528122,368569281577943475079521197747562723312967915/18134600253276839723534250206026904218490752482,0.020324091870254746,883114940891706730181848268125354264745950964037/5493540547454913118542250350415006973460221602117,0.16075515112031757,0.06113878101574117,5,0,0
client,credit,1,2,pooled_SSE,5,5,-39226182041016150248172998957527073392059029/1701411834604692317316873037158841057280,-23055.077696770575,-25470283407567012764227863883414012597220345/340282366920938463463374607431768211456,-74850.43564859417,-2699441761936475634104902437964085242705/332306998946228968225951765070086144,-8123.337066317029,29024.524777279374,5,1620450719933997851509971441444936544181785227307587513698951148958554184868188913501734725811568991308599331036555693310427866234477857286641640001455475003361447927985506043860679553001118896247507094489972729263/30638207298589909790658708621050990894189637634984206825385357295238292073877475814448131353254201145930257101757909818399794112271562975668097495925704278318860029194425781841037068981782328994719683267182527763200,0.05288986735227741,86382136381967220291356878014850727766560/4153851162028781117324206314610537903966601,0.020795674426566924,25470283407567012764227863883414012597220345/156740426718688039706242367944143675480372217,0.16249977074057698,0.0614540601256051,5,0,0
client,credit,1,2,population_average,5,5,-39226182041016150248172998957527073392059029/50533632899593966516628446076654738242273280,-0.7762391063186619,-25470283407567012764227863883414012597220345/10106726579918793303325689215330947648454656,-2.5201318355810973,-2699441761936475634104902437964085242705/9869850175701946585278993374346628562944,-0.2735038236529756,0.9772238233486876,5,1620450719933997851509971441444936544181785227307587513698951148958554184868188913501734725811568991308599331036555693310427866234477857286641640001455475003361447927985506043860679553001118896247507094489972729263/30638207298589909790658708621050990894189637634984206825385357295238292073877475814448131353254201145930257101757909818399794112271562975668097495925704278318860029194425781841037068981782328994719683267182527763200,0.05288986735227741,86382136381967220291356878014850727766560/4153851162028781117324206314610537903966601,0.020795674426566924,25470283407567012764227863883414012597220345/156740426718688039706242367944143675480372217,0.16249977074057698,0.0614540601256051,5,0,0
client,credit,1,2,absolute_group_gap,5,5,-2890545675980472129359258996583802043056447651/58953016279086046782470692014596503858382372864,-0.04903134493231878,-290913481969977440363930072929347203126913821/1381711319041079221464156844092105559180836864,-0.2105457760683861,4317151657385533213713266445673740468321509713/58953016279086046782470692014596503858382372864,0.07323037784780946,0.10837226766838826,5,-18157225529371014670453712973231483347725879562818107479145050779712861000785491495012847524289013985061677210274718091537095545558561105215432560960172541352218069568052743116597102710877100381597960885574322084910209589/15274780410513853299458683233146955589175917233141848450838055072450498541968971113375341698541077981779691338224723571136424203121680632661313742151113542068402993116867726862220310952924439986840838477088480071924898208,-1.1887061575610693,-33433551855373983987515114644175359615864194/4698933626874438188943833401465971333506003,-7.115136009616885,44663302339297753495081483295026154728631615/46332594702093758726599804280604736482753054,0.9639715329234395,3.405436882210399,3,2,0
client,credit,1,2,max_min_group_ratio,5,5,-1487500876159419801811729726170223276719026446926233294446117421543573343530824350484175649656841310610883617417149944851288692826322007588925097052190056759661315272347950635059945044177596741896988685233706481707750241072375586155710652836966974910343704804125812533244131757237707754190740496467734394775493937789811064364818701420775534158893156716785343511776556346781465710554948645840906300638165346000222185399/429118559207898030705527495007671633699224288228487953834917590408646805569404593215379594838178556197650915886916047608861864877864921980469995953503993146699502166836432967234420105310840370515177604111275015740785505917928332787082360639680167258415364918816892142799602281991113375359902620931955749262978711135780936301090637665970700874075770008760412309809105978701991756997210765567434033141992823460613120934250,-0.00346641002641594,-13194485946865919487760368766379065191780389695682109578930754300291339528194574664303/827356816490949974795480851346676876223356696244589429442827157462226886454679444258371,-0.015947757586415253,16766998681788398972607604827262862949517047873643750797591085395272390702730330411114/2568642703901571360869090913897020402492876967750074107708244155162387697300337683063275,0.006527571412061558,0.008491866888844514,5,392048351626623841275596494245225113406796315494795808515202539712049462871113696618959432968391878703130346590317557464811253117964322720680740567405607490750343366787013272051263329537657943386733271843327713567856396340397239650541864440921766997570092705266039838092801035409977516481684244515942859131963428989269183327860885623900642771415887397852619000521177677937861947463236660648990771345126188024590606635765193/116022367109163492893545874097807369608613530304487317701059381351536582152692460412340558567833792522572641823685593412103448249366518002250099680769684544946123320477998839227612626635941031930758034551669293891524403294292350380940549643167648711778004411278720352520717285710782550511593096433044698208321102367662137674105424119549285940056362716879777254328584443744465760508264306892248684909216271810991983576485222400,0.003379075616150394,-2752184936893331523264410493210696039971611124567073051432735917809083787226448424/423519471716821603311791308717401128260635055123668814853048599702687101790096373301,-0.006498366948128252,9898339044910667282640936808986545530217846733444943420053078994967246457760371091/636795610831248802157468416953217135582389153567792767281807884196178880654188824968,0.015543981265809529,0.008332588108655978,3,2,0
client,credit,0,2,Phi_A,5,5,-2189941892841262368206063942776557908072563/566995493882013714745847939633183782338560,-3.8623620760149606,-2520085303746320808946544529457567022457/442965229595323214645193702838424829952,-5.689126674905338,-234965645424305656418658156836925923740805/113399098776402742949169587926636756467712,-2.0720239222324377,1.6661876067731685,5,1859314111046698008776222823089196398722884452030778969774132302943925064561114670792097/8334911937441001041872613957502764295354921977084136211839452264806407288582600182988800,0.22307543558973075,234965645424305656418658156836925923740805/1698874396533224957388946904164475974189056,0.13830666110677972,2520085303746320808946544529457567022457/8332505446515051886951663436904016117760,0.30244028280837304,0.07733483288410882,5,0,0
client,credit,0,2,Phi_B,5,5,-24681833076612846270149359535234124104897361/3455142083123478923391239920210316477071360,-7.143507410931203,-8276991413667147060689867759820750687419/1012248657165081715837277320374116155392,-8.176836150959003,-766913422198826412134898919179257730776233/129567828117130459627171497007886867890176,-5.919011172322268,0.8596518342996462,5,1701169349911863289019716459538346289451015939848270736858856457434343961371765855695850117297/4805679885900468019807996751998854758596092787300073644713904524992924393276229142061462323200,0.3539913998231502,766913422198826412134898919179257730776233/2432738785977530485955530078902978934210560,0.31524692524300874,8276991413667147060689867759820750687419/21597711855055475635659617381034152165376,0.3832346439852013,0.026579299720211908,5,0,0
client,credit,0,2,Phi,5,5,-32767053061343119885297829803232647059031044593/4605704396803597404880522813640351863936122880,-7.114449873092977,-8276991413667147060689867759820750687419/1012248657165081715837277320374116155392,-8.176836150959003,-1362504358267115474757254238692741212914917639/230285219840179870244026140682017593196806144,-5.916594904409004,0.8441075224400018,5,24844472545288076068457443033864887919425110488292095031961568851066245401163814594837226126603757/70465684166958562574444656374559207325294508540180979852439982049971250378609347910047222045081600,0.35257548179653775,1362504358267115474757254238692741212914917639/4323787735610730850371628793570227892403568640,0.3151182346546582,8276991413667147060689867759820750687419/21597711855055475635659617381034152165376,0.3832346439852013,0.02579093519063268,5,0,0
client,credit,0,2,G,5,5,-25344890743337249147523476833820533659550805731/2302852198401798702440261406820175931968061440,-11.005869486946164,-149677795202340548048415093429079936100890849/10794619680008431417688725344469574681100288,-13.865962825864342,-5586390382905413805018509640924476124866990857/690855659520539610732078422046052779590418432,-8.086190372649508,2.4597009842188484,5,136424142333476865449362397486663217198586533297539210403963166183570809851007174026506045730360487802234527017/462135643502176346473973569578042214005145931347448269994344919674081317938721207712543021603017160593191731200,0.2952036793778154,5586390382905413805018509640924476124866990857/23352421354604310053473238649203817620044775424,0.239221034002282,149677795202340548048415093429079936100890849/433372824448436891611799246045262167465263104,0.34537882109437473,0.0463542602732755,5,0,0
client,credit,0,2,pooled_SSE,5,5,-16561053360240717656654466875361720789396467/85070591730234615865843651857942052864,-194674.24668629427,-19074068131080614930326280049099068397295/83076749736557242056487941267521536,-229595.74359331522,-414176232124922487849944198886700429760231/2658455991569831745807614120560689152,-155795.78275446617,29106.039986311913,5,15013860821749179304619200510481937993762253810970038558268093360892004363532516176386851602831/44930210339343708462120939950438749933053715305507167365146094187376459402440047133398621224960,0.3341595934751746,414176232124922487849944198886700429760231/1429366605590269562038012736699902080319488,0.2897620739879289,19074068131080614930326280049099068397295/51527929156626003158270898198972320448512,0.37016950696975315,0.0325391231523876,5,0,0
client,credit,0,2,population_average,5,5,-16561053360240717656654466875361720789396467/2526681644979698325831422303832736912113664,-6.554467751466087,-19074068131080614930326280049099068397295/2467462543925486646319748343586657140736,-7.730236139972231,-59168033160703212549992028412385775680033/11279828772230796097461706713539004071936,-5.245472635751867,0.9799683507731023,5,15013860821749179304619200510481937993762253810970038558268093360892004363532516176386851602831/44930210339343708462120939950438749933053715305507167365146094187376459402440047133398621224960,0.3341595934751746,414176232124922487849944198886700429760231/1429366605590269562038012736699902080319488,0.2897620739879289,19074068131080614930326280049099068397295/51527929156626003158270898198972320448512,0.37016950696975315,0.0325391231523876,5,0,0
client,credit,0,2,absolute_group_gap,5,5,-3711081159002935368887176484706056699740119431/1151426099200899351220130703410087965984030720,-3.2230302592397906,-6445134283172728829261890266623696585784641341/1381711319041079221464156844092105559180836864,-4.6646026520544925,-1016069718902989710118362105000323170767116857/460570439680359740488052281364035186393612288,-2.20611144651001,0.9966183973824643,5,865880966929344405628929475965011751890646128183654755533649889181130270401422969731578955101509349926713/883612581635339853472871721260512865991075438107821443189888247230317147048745206962101116043142952386560,0.9799328177591374,32488872181189480590021990286277120088912907/34031114837026310892786545316593552867721216,0.95468139485813,2588635766697279043525015791231971152622514977/2590305059060075048756534112217549734376636416,0.9993555614783837,0.016941291030290715,5,0,0
client,credit,0,2,max_min_group_ratio,5,5,-15926294911465504912007087520028001193294590559805616838857749738644887101836806108919435189026952927072773109212591159994188778567729913095503142274241858777131426868644699004335905498328836664799953978429572798893794460324854862874276989512470256269025813352691955856/80994770085185010278050699547433181152335027908505928122037599048709892220929319958277597974107125241338510256669649851692351762422442100209328163086504316604299902741972943383843200641789448224659302650957855023300201355593694658860174682811376456993047227534795659525,-0.19663362084632463,-7409816014902744227256625779924453809912731297394090865641/23904706953333061133234973426188937712197979902086596921707,-0.3099730956488293,-13416079694976208438086868503055732612315218936081708253/109660849571849359017126154735273639403859214278507517155,-0.1223415626210888,0.08078189153713497,5,3282167581210163938985878636007362146576149999480717862040427301350423699138374520023918447007119163741631320261861797288287577887454993779321825063454830036291328936687064769543705008099460426043599252081606581696213585315509452913960856964375970359655870168899286598164097/20435874555507617309235445494611379187906152727171883651275393460938541517967720763092910672636362464220625113452280206737768009874660211216100521050685519295844160346630262234308694596148600085076244081367090317106221968330449177582642633788850748579447337352609444779357600,0.1606081292139071,10064575915210959068332234435900774652899639111839241/92507383349645213526066597910957249710594221377440353,0.1087975418910123,5558751699101833628849681755382185903910526104571711077/23671608538132088805134292698358145674772179209411324786,0.234827797618711,0.05474652878653261,5,0,0
