algorithm_seconds,case_id,client,dataset,method,output_bytes,output_path,output_seconds,output_sha256,position,repetition,request_e2e_seconds,request_preparation_seconds,seed,utc,roles,order,component_cache_construction_seconds,component_encoding_seconds,component_input_materialization_seconds,component_other_algorithm_seconds,component_phase1_client_seconds,component_server_seconds,component_anchor_table_seconds,component_metadata_seconds,component_server_sampler_seconds
0.23627437502727844,adult_c0_k10_seed10000,0,adult,fresh,82426,runs/diversity-v1/adult_seed10000/adult_c0_k10_seed10000/r0_fresh.json,0.0008505419827997684,30ea19a6a210935e5a410f3778bddffa9969c5c4dc76d9a55c6b11d8206d479b,0,0,0.23713754198979586,1.262497971765697e-05,10000,2026-09-26T07:43:35.167617+00:00,smallest;median_size;min_group0_fraction,fresh;direct;fast,0.0,0.005108790996018797,0.0,0.003196755424141884,0.21998903760686517,0.00797979100025259,,,
0.015389959007734433,adult_c0_k10_seed10000,0,adult,direct,82426,runs/diversity-v1/adult_seed10000/adult_c0_k10_seed10000/r0_direct.json,0.0008938329992815852,30ea19a6a210935e5a410f3778bddffa9969c5c4dc76d9a55c6b11d8206d479b,1,0,0.016291582986013964,7.790978997945786e-06,10000,2026-09-26T07:43:35.186627+00:00,smallest;median_size;min_group0_fraction,fresh;direct;fast,0.0,0.0,0.005119249981362373,0.0007022782519925386,0.0017080977850127965,0.007860332989366725,,,
0.007839333004085347,adult_c0_k10_seed10000,0,adult,fast,82426,runs/diversity-v1/adult_seed10000/adult_c0_k10_seed10000/r0_fast.json,0.0007503340020775795,30ea19a6a210935e5a410f3778bddffa9969c5c4dc76d9a55c6b11d8206d479b,2,0,0.008590125013142824,4.580069798976183e-07,10000,2026-09-26T07:43:35.197583+00:00,smallest;median_size;min_group0_fraction,fresh;direct;fast,,,,3.1669915188103914e-06,,,0.0011441250098869205,2.9916001949459314e-05,0.006662125000730157
0.013003375002881512,adult_c0_k10_seed10000,0,adult,direct,82426,runs/diversity-v1/adult_seed10000/adult_c0_k10_seed10000/r1_direct.json,0.0008204169862437993,30ea19a6a210935e5a410f3778bddffa9969c5c4dc76d9a55c6b11d8206d479b,0,1,0.013832166994689032,8.37500556372106e-06,10000,2026-09-26T07:43:35.679914+00:00,smallest;median_size;min_group0_fraction,direct;fast;fresh,0.0,0.0,0.0026825839886441827,0.0007392510597128421,0.001763789972756058,0.00781774998176843,,,
0.007825292006600648,adult_c0_k10_seed10000,0,adult,fast,82426,runs/diversity-v1/adult_seed10000/adult_c0_k10_seed10000/r1_fast.json,0.0007578750082757324,30ea19a6a210935e5a410f3778bddffa9969c5c4dc76d9a55c6b11d8206d479b,1,1,0.008583584014559165,4.169996827840805e-07,10000,2026-09-26T07:43:35.690809+00:00,smallest;median_size;min_group0_fraction,direct;fast;fresh,,,,2.668035449460149e-06,,,0.0011305410007480532,3.341698902659118e-05,0.006658665981376544
0.23331508299452253,adult_c0_k10_seed10000,0,adult,fresh,82426,runs/diversity-v1/adult_seed10000/adult_c0_k10_seed10000/r1_fresh.json,0.0008397920173592865,30ea19a6a210935e5a410f3778bddffa9969c5c4dc76d9a55c6b11d8206d479b,2,1,0.23416654200991616,1.1666998034343123e-05,10000,2026-09-26T07:43:35.927194+00:00,smallest;median_size;min_group0_fraction,direct;fast;fresh,0.0,0.005040167015977204,0.0,0.00330004416173324,0.21716466281213798,0.007810209004674107,,,
0.007866542000556365,adult_c0_k10_seed10000,0,adult,fast,82426,runs/diversity-v1/adult_seed10000/adult_c0_k10_seed10000/r2_fast.json,0.0008239170128945261,30ea19a6a210935e5a410f3778bddffa9969c5c4dc76d9a55c6b11d8206d479b,0,2,0.008690959017258137,5.00003807246685e-07,10000,2026-09-26T07:43:36.399687+00:00,smallest;median_size;min_group0_fraction,fast;fresh;direct,,,,2.6669877115637064e-06,,,0.0011738750035874546,3.399999695830047e-05,0.006656000012299046
0.23388908401830122,adult_c0_k10_seed10000,0,adult,fresh,82426,runs/diversity-v1/adult_seed10000/adult_c0_k10_seed10000/r2_fresh.json,0.0008526250021532178,30ea19a6a210935e5a410f3778bddffa9969c5c4dc76d9a55c6b11d8206d479b,1,2,0.2347518340102397,1.0124989785254002e-05,10000,2026-09-26T07:43:36.636597+00:00,smallest;median_size;min_group0_fraction,fast;fresh;direct,0.0,0.005039749987190589,0.0,0.0032916218042373657,0.21764354521292262,0.007914167013950646,,,
0.013014167023357004,adult_c0_k10_seed10000,0,adult,direct,82426,runs/diversity-v1/adult_seed10000/adult_c0_k10_seed10000/r2_direct.json,0.0009054999973159283,30ea19a6a210935e5a410f3778bddffa9969c5c4dc76d9a55c6b11d8206d479b,2,2,0.013923916994826868,4.249974153935909e-06,10000,2026-09-26T07:43:36.652894+00:00,smallest;median_size;min_group0_fraction,fast;fresh;direct,0.0,0.0,0.0027833750064019114,0.0007307081250473857,0.0017691669054329395,0.007730916986474767,,,
0.01330812502419576,adult_c99_k10_seed10000,99,adult,direct,82408,runs/diversity-v1/adult_seed10000/adult_c99_k10_seed10000/r0_direct.json,0.0008031250035855919,1c00fa077483f5c4f4e1c74431a8bb860d9cf6a66f31c83825ac939d34283331,0,0,0.014118875027634203,7.624999852851033e-06,10000,2026-09-26T07:43:38.724485+00:00,largest;max_group0_fraction;min_surviving_smaller_group,direct;fast;fresh,0.0,0.0,0.0026703340117819607,0.0007692412182223052,0.0017941748083103448,0.00807437498588115,,,
0.008156208001310006,adult_c99_k10_seed10000,99,adult,fast,82408,runs/diversity-v1/adult_seed10000/adult_c99_k10_seed10000/r0_fast.json,0.0007814170094206929,1c00fa077483f5c4f4e1c74431a8bb860d9cf6a66f31c83825ac939d34283331,1,0,0.008938124985434115,4.999747034162283e-07,10000,2026-09-26T07:43:38.735743+00:00,largest;max_group0_fraction;min_surviving_smaller_group,direct;fast;fresh,,,,2.7500209398567677e-06,,,0.0012301669921725988,2.8040987672284245e-05,0.006895250000525266
0.2332035829895176,adult_c99_k10_seed10000,99,adult,fresh,82408,runs/diversity-v1/adult_seed10000/adult_c99_k10_seed10000/r0_fresh.json,0.0008330419950652868,1c00fa077483f5c4f4e1c74431a8bb860d9cf6a66f31c83825ac939d34283331,2,0,0.23404774998198263,1.1124997399747372e-05,10000,2026-09-26T07:43:38.972014+00:00,largest;max_group0_fraction;min_surviving_smaller_group,direct;fast;fresh,0.0,0.005115624982863665,0.0,0.003281499113654718,0.21667612489545718,0.008130333997542039,,,
0.008469833992421627,adult_c99_k10_seed10000,99,adult,fast,82408,runs/diversity-v1/adult_seed10000/adult_c99_k10_seed10000/r1_fast.json,0.0009147079836111516,1c00fa077483f5c4f4e1c74431a8bb860d9cf6a66f31c83825ac939d34283331,0,1,0.009385291981743649,7.500057108700275e-07,10000,2026-09-26T07:43:39.447400+00:00,largest;max_group0_fraction;min_surviving_smaller_group,fast;fresh;direct,,,,3.6250276025384665e-06,,,0.0011333340080454946,3.949998063035309e-05,0.007293374976143241
0.2360276670078747,adult_c99_k10_seed10000,99,adult,fresh,82408,runs/diversity-v1/adult_seed10000/adult_c99_k10_seed10000/r1_fresh.json,0.000896625017048791,1c00fa077483f5c4f4e1c74431a8bb860d9cf6a66f31c83825ac939d34283331,1,1,0.23693537499639206,1.1082971468567848e-05,10000,2026-09-26T07:43:39.686388+00:00,largest;max_group0_fraction;min_surviving_smaller_group,fast;fresh;direct,0.0,0.007629458006704226,0.0,0.003349043137859553,0.21672383186523803,0.008325333998072892,,,
0.01588029199047014,adult_c99_k10_seed10000,99,adult,direct,82408,runs/diversity-v1/adult_seed10000/adult_c99_k10_seed10000/r1_direct.json,0.0008051670156419277,1c00fa077483f5c4f4e1c74431a8bb860d9cf6a66f31c83825ac939d34283331,2,1,0.016690916992956772,5.457986844703555e-06,10000,2026-09-26T07:43:39.705766+00:00,largest;max_group0_fraction;min_surviving_smaller_group,fast;fresh;direct,0.0,0.0,0.005055749992607161,0.0007638799725100398,0.001810954010579735,0.008249708014773205,,,
0.23353245898033492,adult_c99_k10_seed10000,99,adult,fresh,82408,runs/diversity-v1/adult_seed10000/adult_c99_k10_seed10000/r2_fresh.json,0.0008366660040337592,1c00fa077483f5c4f4e1c74431a8bb860d9cf6a66f31c83825ac939d34283331,0,2,0.2343855409999378,1.6416015569120646e-05,10000,2026-09-26T07:43:40.408837+00:00,largest;max_group0_fraction;min_surviving_smaller_group,fresh;direct;fast,0.0,0.005120541987707838,0.0,0.003254906856454909,0.21704121911898255,0.008115791017189622,,,
0.013480541994795203,adult_c99_k10_seed10000,99,adult,direct,82408,runs/diversity-v1/adult_seed10000/adult_c99_k10_seed10000/r2_direct.json,0.0008146660111378878,1c00fa077483f5c4f4e1c74431a8bb860d9cf6a66f31c83825ac939d34283331,1,2,0.014301582996267825,6.374990334734321e-06,10000,2026-09-26T07:43:40.425763+00:00,largest;max_group0_fraction;min_surviving_smaller_group,fresh;direct;fast,0.0,0.0,0.002810500009218231,0.0007501630752813071,0.0018115879211109132,0.008108290989184752,,,
0.00814595798146911,adult_c99_k10_seed10000,99,adult,fast,82408,runs/diversity-v1/adult_seed10000/adult_c99_k10_seed10000/r2_fast.json,0.0007787920185364783,1c00fa077483f5c4f4e1c74431a8bb860d9cf6a66f31c83825ac939d34283331,2,2,0.008925292000640184,5.420006345957518e-07,10000,2026-09-26T07:43:40.437233+00:00,largest;max_group0_fraction;min_surviving_smaller_group,fresh;direct;fast,,,,2.6669586077332497e-06,,,0.001165916008176282,3.15000070258975e-05,0.006945875007659197
0.00798237498383969,adult_c0_k10_seed10001,0,adult,fast,82416,runs/diversity-v1/adult_seed10001/adult_c0_k10_seed10001/r0_fast.json,0.0007984169933479279,256cd108c67a124281691130597ccfa63749096ac87a8137395804eb8ddb6685,0,0,0.00878149998607114,7.080088835209608e-07,10001,2026-09-26T07:43:43.138627+00:00,smallest;median_size;min_group0_fraction,fast;fresh;direct,,,,3.87395266443491e-06,,,0.0011782920046243817,3.745901631191373e-05,0.00676275001023896
0.23504720799974166,adult_c0_k10_seed10001,0,adult,fresh,82416,runs/diversity-v1/adult_seed10001/adult_c0_k10_seed10001/r0_fresh.json,0.000854959012940526,256cd108c67a124281691130597ccfa63749096ac87a8137395804eb8ddb6685,1,0,0.23591395901166834,1.1791998986154795e-05,10001,2026-09-26T07:43:43.377014+00:00,smallest;median_size;min_group0_fraction,fast;fresh;direct,0.0,0.004952124989358708,0.0,0.003254701237892732,0.21875229876604863,0.008088083006441593,,,
0.015744542004540563,adult_c0_k10_seed10001,0,adult,direct,82416,runs/diversity-v1/adult_seed10001/adult_c0_k10_seed10001/r0_direct.json,0.0008181250013876706,256cd108c67a124281691130597ccfa63749096ac87a8137395804eb8ddb6685,2,0,0.016568499995628372,5.832989700138569e-06,10001,2026-09-26T07:43:43.396216+00:00,smallest;median_size;min_group0_fraction,fast;fresh;direct,0.0,0.0,0.005125124996993691,0.0007508779817726463,0.0018273310270160437,0.008041207998758182,,,
0.23514679100480862,adult_c0_k10_seed10001,0,adult,fresh,82416,runs/diversity-v1/adult_seed10001/adult_c0_k10_seed10001/r1_fresh.json,0.0008515419904142618,256cd108c67a124281691130597ccfa63749096ac87a8137395804eb8ddb6685,0,1,0.2360128329892177,1.4499993994832039e-05,10001,2026-09-26T07:43:44.109297+00:00,smallest;median_size;min_group0_fraction,fresh;direct;fast,0.0,0.005009042011806741,0.0,0.00321374399936758,0.2190492550143972,0.007874749979237095,,,
0.013358541997149587,adult_c0_k10_seed10001,0,adult,direct,82416,runs/diversity-v1/adult_seed10001/adult_c0_k10_seed10001/r1_direct.json,0.0007990830054040998,256cd108c67a124281691130597ccfa63749096ac87a8137395804eb8ddb6685,1,1,0.0141682910034433,1.0666000889614224e-05,10001,2026-09-26T07:43:44.126246+00:00,smallest;median_size;min_group0_fraction,fresh;direct;fast,0.0,0.0,0.00281408301088959,0.0007405830838251859,0.0018510418885853142,0.007952834013849497,,,
0.007935292000183836,adult_c0_k10_seed10001,0,adult,fast,82416,runs/diversity-v1/adult_seed10001/adult_c0_k10_seed10001/r1_fast.json,0.0007660410192329437,256cd108c67a124281691130597ccfa63749096ac87a8137395804eb8ddb6685,2,1,0.008702082996023819,7.499766070395708e-07,10001,2026-09-26T07:43:44.137612+00:00,smallest;median_size;min_group0_fraction,fresh;direct;fast,,,,3.1249946914613247e-06,,,0.0011426669952925295,3.3584015909582376e-05,0.0067559159942902625
0.013251209020381793,adult_c0_k10_seed10001,0,adult,direct,82416,runs/diversity-v1/adult_seed10001/adult_c0_k10_seed10001/r2_direct.json,0.0008872499747667462,256cd108c67a124281691130597ccfa63749096ac87a8137395804eb8ddb6685,0,2,0.014146874978905544,8.415983757004142e-06,10001,2026-09-26T07:43:44.628688+00:00,smallest;median_size;min_group0_fraction,direct;fast;fresh,0.0,0.0,0.0027927499904762954,0.000760870025260374,0.0017668810032773763,0.007930708001367748,,,
0.007963874988490716,adult_c0_k10_seed10001,0,adult,fast,82416,runs/diversity-v1/adult_seed10001/adult_c0_k10_seed10001/r2_fast.json,0.0007734159880783409,256cd108c67a124281691130597ccfa63749096ac87a8137395804eb8ddb6685,1,2,0.008737625001231208,3.340246621519327e-07,10001,2026-09-26T07:43:44.639778+00:00,smallest;median_size;min_group0_fraction,direct;fast;fresh,,,,2.9999646358191967e-06,,,0.0011933339992538095,2.9958027880638838e-05,0.006737582996720448
0.2345418329932727,adult_c0_k10_seed10001,0,adult,fresh,82416,runs/diversity-v1/adult_seed10001/adult_c0_k10_seed10001/r2_fresh.json,0.0008956250094342977,256cd108c67a124281691130597ccfa63749096ac87a8137395804eb8ddb6685,2,2,0.23544954101089388,1.2083008186891675e-05,10001,2026-09-26T07:43:44.877459+00:00,smallest;median_size;min_group0_fraction,direct;fast;fresh,0.0,0.005128542019519955,0.0,0.0034552518336568028,0.21836270613130182,0.007595333008794114,,,
0.23595549998572096,adult_c99_k10_seed10001,99,adult,fresh,82420,runs/diversity-v1/adult_seed10001/adult_c99_k10_seed10001/r0_fresh.json,0.0009118329908233136,8d4b30d679938f340581dd5cba7a9fb72c063edf068738efa5dc22d1104ece82,0,0,0.2368783749989234,1.1042022379115224e-05,10001,2026-09-26T07:43:47.211167+00:00,largest;max_group0_fraction;min_surviving_smaller_group,fresh;direct;fast,0.0,0.0050536670023575425,0.0,0.003203838976332918,0.21947357701719739,0.008224416989833117,,,
0.015702790988143533,adult_c99_k10_seed10001,99,adult,direct,82420,runs/diversity-v1/adult_seed10001/adult_c99_k10_seed10001/r0_direct.json,0.0008007090073078871,8d4b30d679938f340581dd5cba7a9fb72c063edf068738efa5dc22d1104ece82,1,0,0.01650879200315103,5.292007699608803e-06,10001,2026-09-26T07:43:47.230181+00:00,largest;max_group0_fraction;min_surviving_smaller_group,fresh;direct;fast,0.0,0.0,0.0049331249902024865,0.0007394099375233054,0.0018553400877863169,0.008174915972631425,,,
0.008101082989014685,adult_c99_k10_seed10001,99,adult,fast,82420,runs/diversity-v1/adult_seed10001/adult_c99_k10_seed10001/r0_fast.json,0.0007555830234196037,8d4b30d679938f340581dd5cba7a9fb72c063edf068738efa5dc22d1104ece82,2,0,0.008857166016241536,5.00003807246685e-07,10001,2026-09-26T07:43:47.241543+00:00,largest;max_group0_fraction;min_surviving_smaller_group,fresh;direct;fast,,,,2.1669839043170214e-06,,,0.0011855000047944486,2.9791000997647643e-05,0.006883624999318272
0.013402625016169623,adult_c99_k10_seed10001,99,adult,direct,82420,runs/diversity-v1/adult_seed10001/adult_c99_k10_seed10001/r1_direct.json,0.000861457985593006,8d4b30d679938f340581dd5cba7a9fb72c063edf068738efa5dc22d1104ece82,0,1,0.014272082975367084,7.99997360445559e-06,10001,2026-09-26T07:43:47.734353+00:00,largest;max_group0_fraction;min_surviving_smaller_group,direct;fast;fresh,0.0,0.0,0.0026939169911202043,0.0007694940140936524,0.0017952140187844634,0.008143999992171302,,,
0.008138915989547968,adult_c99_k10_seed10001,99,adult,fast,82420,runs/diversity-v1/adult_seed10001/adult_c99_k10_seed10001/r1_fast.json,0.0007563339895568788,8d4b30d679938f340581dd5cba7a9fb72c063edf068738efa5dc22d1104ece82,1,1,0.008895624981960282,3.7500285543501377e-07,10001,2026-09-26T07:43:47.745752+00:00,largest;max_group0_fraction;min_surviving_smaller_group,direct;fast;fresh,,,,2.915010554715991e-06,,,0.0011684590135701,3.083297633565962e-05,0.006936708989087492
0.23453250000602566,adult_c99_k10_seed10001,99,adult,fresh,82420,runs/diversity-v1/adult_seed10001/adult_c99_k10_seed10001/r1_fresh.json,0.0008279589819721878,8d4b30d679938f340581dd5cba7a9fb72c063edf068738efa5dc22d1104ece82,2,1,0.23537129198666662,1.0832998668774962e-05,10001,2026-09-26T07:43:47.983272+00:00,largest;max_group0_fraction;min_surviving_smaller_group,direct;fast;fresh,0.0,0.0051567500049714,0.0,0.003272297006333247,0.21799961998476647,0.008103833009954542,,,
0.008210375002818182,adult_c99_k10_seed10001,99,adult,fast,82420,runs/diversity-v1/adult_seed10001/adult_c99_k10_seed10001/r2_fast.json,0.0008628749928902835,8d4b30d679938f340581dd5cba7a9fb72c063edf068738efa5dc22d1104ece82,0,2,0.009074000001419336,7.500057108700275e-07,10001,2026-09-26T07:43:48.470444+00:00,largest;max_group0_fraction;min_surviving_smaller_group,fast;fresh;direct,,,,4.333036486059427e-06,,,0.0011479579843580723,4.341697786003351e-05,0.007014667004114017
0.2331875419768039,adult_c99_k10_seed10001,99,adult,fresh,82420,runs/diversity-v1/adult_seed10001/adult_c99_k10_seed10001/r2_fresh.json,0.0008362080261576921,8d4b30d679938f340581dd5cba7a9fb72c063edf068738efa5dc22d1104ece82,1,2,0.23403466600575484,1.0916002793237567e-05,10001,2026-09-26T07:43:48.706775+00:00,largest;max_group0_fraction;min_surviving_smaller_group,fast;fresh;direct,0.0,0.005206166999414563,0.0,0.0031902480113785714,0.21678850197349675,0.00800262499251403,,,
0.013516666978830472,adult_c99_k10_seed10001,99,adult,direct,82420,runs/diversity-v1/adult_seed10001/adult_c99_k10_seed10001/r2_direct.json,0.000785792013630271,8d4b30d679938f340581dd5cba7a9fb72c063edf068738efa5dc22d1104ece82,2,2,0.014308499987237155,6.040994776412845e-06,10001,2026-09-26T07:43:48.723683+00:00,largest;max_group0_fraction;min_surviving_smaller_group,fast;fresh;direct,0.0,0.0,0.0028408329817466438,0.0007497839105781168,0.0019267160969320685,0.007999333989573643,,,
0.013210166012868285,adult_c0_k10_seed10002,0,adult,direct,82418,runs/diversity-v1/adult_seed10002/adult_c0_k10_seed10002/r0_direct.json,0.0007743339810986072,5e85765098e54fc4144558f37bc8c194ee6583cf3798e869254103c15ee543f6,0,0,0.013991833984619007,7.333990652114153e-06,10002,2026-09-26T07:43:51.420921+00:00,smallest;median_size;min_group0_fraction,direct;fast;fresh,0.0,0.0,0.0027748749998863786,0.00074687713640742,0.001816246862290427,0.00787216701428406,,,
0.007810457987943664,adult_c0_k10_seed10002,0,adult,fast,82418,runs/diversity-v1/adult_seed10002/adult_c0_k10_seed10002/r0_fast.json,0.0007825839857105166,5e85765098e54fc4144558f37bc8c194ee6583cf3798e869254103c15ee543f6,1,0,0.008593749982537702,7.080088835209608e-07,10002,2026-09-26T07:43:51.432027+00:00,smallest;median_size;min_group0_fraction,direct;fast;fresh,,,,3.5419652704149485e-06,,,0.0010887499956879765,3.258301876485348e-05,0.006685583008220419
0.23682020799606107,adult_c0_k10_seed10002,0,adult,fresh,82418,runs/diversity-v1/adult_seed10002/adult_c0_k10_seed10002/r0_fresh.json,0.0008320840133819729,5e85765098e54fc4144558f37bc8c194ee6583cf3798e869254103c15ee543f6,2,0,0.2376638750138227,1.158300437964499e-05,10002,2026-09-26T07:43:51.671812+00:00,smallest;median_size;min_group0_fraction,direct;fast;fresh,0.0,0.005234457988990471,0.0,0.003394583152839914,0.22022929185186513,0.00796187500236556,,,
0.008312457997817546,adult_c0_k10_seed10002,0,adult,fast,82418,runs/diversity-v1/adult_seed10002/adult_c0_k10_seed10002/r1_fast.json,0.0009011670190375298,5e85765098e54fc4144558f37bc8c194ee6583cf3798e869254103c15ee543f6,0,1,0.009214084013365209,4.5899651013314724e-07,10002,2026-09-26T07:43:52.150379+00:00,smallest;median_size;min_group0_fraction,fast;fresh;direct,,,,3.2910029403865337e-06,,,0.0011691669933497906,4.504100070334971e-05,0.007094959000824019
0.23922041701734997,adult_c0_k10_seed10002,0,adult,fresh,82418,runs/diversity-v1/adult_seed10002/adult_c0_k10_seed10002/r1_fresh.json,0.0008438329969067127,5e85765098e54fc4144558f37bc8c194ee6583cf3798e869254103c15ee543f6,1,1,0.24007916598930024,1.4915975043550134e-05,10002,2026-09-26T07:43:52.392770+00:00,smallest;median_size;min_group0_fraction,fast;fresh;direct,0.0,0.0076536249835044146,0.0,0.0033295790781266987,0.22022650396684185,0.008010708988877013,,,
0.01569825000478886,adult_c0_k10_seed10002,0,adult,direct,82418,runs/diversity-v1/adult_seed10002/adult_c0_k10_seed10002/r1_direct.json,0.0008007080177776515,5e85765098e54fc4144558f37bc8c194ee6583cf3798e869254103c15ee543f6,2,1,0.016505833016708493,6.874994141981006e-06,10002,2026-09-26T07:43:52.411927+00:00,smallest;median_size;min_group0_fraction,fast;fresh;direct,0.0,0.0,0.00509879199671559,0.0007150030869524926,0.0018039969145320356,0.008080458006588742,,,
0.23567200000979938,adult_c0_k10_seed10002,0,adult,fresh,82418,runs/diversity-v1/adult_seed10002/adult_c0_k10_seed10002/r2_fresh.json,0.0009680420043878257,5e85765098e54fc4144558f37bc8c194ee6583cf3798e869254103c15ee543f6,0,2,0.236653625004692,1.3582990504801273e-05,10002,2026-09-26T07:43:53.119863+00:00,smallest;median_size;min_group0_fraction,fresh;direct;fast,0.0,0.005173249985091388,0.0,0.0032705348276067525,0.2194823401805479,0.0077458750165533274,,,
0.013248708011815324,adult_c0_k10_seed10002,0,adult,direct,82418,runs/diversity-v1/adult_seed10002/adult_c0_k10_seed10002/r2_direct.json,0.0009075829875655472,5e85765098e54fc4144558f37bc8c194ee6583cf3798e869254103c15ee543f6,1,2,0.014162208011839539,5.917012458667159e-06,10002,2026-09-26T07:43:53.136371+00:00,smallest;median_size;min_group0_fraction,fresh;direct;fast,0.0,0.0,0.002767500001937151,0.0007278588891495019,0.0017646411142777652,0.007988708006450906,,,
0.007961833995068446,adult_c0_k10_seed10002,0,adult,fast,82418,runs/diversity-v1/adult_seed10002/adult_c0_k10_seed10002/r2_fast.json,0.0009857080003712326,5e85765098e54fc4144558f37bc8c194ee6583cf3798e869254103c15ee543f6,2,2,0.008947833004640415,2.910092007368803e-07,10002,2026-09-26T07:43:53.147728+00:00,smallest;median_size;min_group0_fraction,fresh;direct;fast,,,,3.2500247471034527e-06,,,0.001172708987724036,2.954198862425983e-05,0.0067563329939730465
0.00805174998822622,adult_c99_k10_seed10002,99,adult,fast,82420,runs/diversity-v1/adult_seed10002/adult_c99_k10_seed10002/r0_fast.json,0.0007862499915063381,8cf90ca4ed788c384f737c824edb4c3848a54cbed3fc6d6f6d81aace4f46bb4e,0,0,0.008838332985760644,3.3300602808594704e-07,10002,2026-09-26T07:43:55.222849+00:00,largest;max_group0_fraction;min_surviving_smaller_group,fast;fresh;direct,,,,2.9999937396496534e-06,,,0.0011645829945337027,3.391699283383787e-05,0.00685025000711903
0.2335824999900069,adult_c99_k10_seed10002,99,adult,fresh,82420,runs/diversity-v1/adult_seed10002/adult_c99_k10_seed10002/r0_fresh.json,0.0008422080136369914,8cf90ca4ed788c384f737c824edb4c3848a54cbed3fc6d6f6d81aace4f46bb4e,1,0,0.23443595800199546,1.1249998351559043e-05,10002,2026-09-26T07:43:55.459392+00:00,largest;max_group0_fraction;min_surviving_smaller_group,fast;fresh;direct,0.0,0.005116999993333593,0.0,0.003292125213192776,0.21694091678364202,0.008232457999838516,,,
0.01593074999982491,adult_c99_k10_seed10002,99,adult,direct,82420,runs/diversity-v1/adult_seed10002/adult_c99_k10_seed10002/r0_direct.json,0.0007939160277601331,8cf90ca4ed788c384f737c824edb4c3848a54cbed3fc6d6f6d81aace4f46bb4e,2,0,0.016733666008803993,8.99998121894896e-06,10002,2026-09-26T07:43:55.478905+00:00,largest;max_group0_fraction;min_surviving_smaller_group,fast;fresh;direct,0.0,0.0,0.005146332987351343,0.0007476979517377913,0.0018493860552553087,0.008187333005480468,,,
0.2356510840181727,adult_c99_k10_seed10002,99,adult,fresh,82420,runs/diversity-v1/adult_seed10002/adult_c99_k10_seed10002/r1_fresh.json,0.0008587499905843288,8cf90ca4ed788c384f737c824edb4c3848a54cbed3fc6d6f6d81aace4f46bb4e,0,1,0.23652404200402088,1.420799526385963e-05,10002,2026-09-26T07:43:56.186663+00:00,largest;max_group0_fraction;min_surviving_smaller_group,fresh;direct;fast,0.0,0.005211709009017795,0.0,0.0033629151002969593,0.21905895991949365,0.008017499989364296,,,
0.013449167017824948,adult_c99_k10_seed10002,99,adult,direct,82420,runs/diversity-v1/adult_seed10002/adult_c99_k10_seed10002/r1_direct.json,0.0008216660062316805,8cf90ca4ed788c384f737c824edb4c3848a54cbed3fc6d6f6d81aace4f46bb4e,1,1,0.014276000001700595,5.166977643966675e-06,10002,2026-09-26T07:43:56.203417+00:00,largest;max_group0_fraction;min_surviving_smaller_group,fresh;direct;fast,0.0,0.0,0.0028062909841537476,0.0007402471383102238,0.0018455868994351476,0.008057041995925829,,,
0.00826783399679698,adult_c99_k10_seed10002,99,adult,fast,82420,runs/diversity-v1/adult_seed10002/adult_c99_k10_seed10002/r1_fast.json,0.0007702080183662474,8cf90ca4ed788c384f737c824edb4c3848a54cbed3fc6d6f6d81aace4f46bb4e,2,1,0.009038457996211946,4.159810487180948e-07,10002,2026-09-26T07:43:56.214959+00:00,largest;max_group0_fraction;min_surviving_smaller_group,fresh;direct;fast,,,,3.5009870771318674e-06,,,0.0012468749773688614,3.6500015994533896e-05,0.006980958016356453
0.013271207979414612,adult_c99_k10_seed10002,99,adult,direct,82420,runs/diversity-v1/adult_seed10002/adult_c99_k10_seed10002/r2_direct.json,0.0008801670046523213,8cf90ca4ed788c384f737c824edb4c3848a54cbed3fc6d6f6d81aace4f46bb4e,0,2,0.0141603339870926,8.95900302566588e-06,10002,2026-09-26T07:43:56.700495+00:00,largest;max_group0_fraction;min_surviving_smaller_group,direct;fast;fresh,0.0,0.0,0.0026877080090343952,0.0007638329698238522,0.0018754169868770987,0.007944250013679266,,,
0.008131334005156532,adult_c99_k10_seed10002,99,adult,fast,82420,runs/diversity-v1/adult_seed10002/adult_c99_k10_seed10002/r2_fast.json,0.0007921660144347697,8cf90ca4ed788c384f737c824edb4c3848a54cbed3fc6d6f6d81aace4f46bb4e,1,2,0.008924000023398548,5.00003807246685e-07,10002,2026-09-26T07:43:56.711865+00:00,largest;max_group0_fraction;min_surviving_smaller_group,direct;fast;fresh,,,,3.208988346159458e-06,,,0.0011778750049415976,3.0625000363215804e-05,0.006919625011505559
0.2333480000088457,adult_c99_k10_seed10002,99,adult,fresh,82420,runs/diversity-v1/adult_seed10002/adult_c99_k10_seed10002/r2_fresh.json,0.0008475829963572323,8cf90ca4ed788c384f737c824edb4c3848a54cbed3fc6d6f6d81aace4f46bb4e,2,2,0.23420629199245013,1.070898724719882e-05,10002,2026-09-26T07:43:56.948323+00:00,largest;max_group0_fraction;min_surviving_smaller_group,direct;fast;fresh,0.0,0.00511004202417098,0.0,0.003256005118601024,0.21693741084891371,0.008044542017159984,,,
0.2356603329826612,adult_c0_k10_seed10003,0,adult,fresh,82422,runs/diversity-v1/adult_seed10003/adult_c0_k10_seed10003/r0_fresh.json,0.0008945000008679926,fd58fc90bf5e6a5c486a034a5fc90d50ce906bfec4fbf64d8dc5a9eda2c479f2,0,0,0.23656754198600538,1.270900247618556e-05,10003,2026-09-26T07:43:59.878034+00:00,smallest;median_size;min_group0_fraction,fresh;direct;fast,0.0,0.005202125001233071,0.0,0.0033381199464201927,0.21912571304710582,0.00799437498790212,,,
0.015539832995273173,adult_c0_k10_seed10003,0,adult,direct,82422,runs/diversity-v1/adult_seed10003/adult_c0_k10_seed10003/r0_direct.json,0.0008468749874737114,fd58fc90bf5e6a5c486a034a5fc90d50ce906bfec4fbf64d8dc5a9eda2c479f2,1,0,0.0163926669920329,5.959009286016226e-06,10003,2026-09-26T07:43:59.897051+00:00,smallest;median_size;min_group0_fraction,fresh;direct;fast,0.0,0.0,0.005040249990997836,0.0007026741513982415,0.0017334088624920696,0.008063499990385026,,,
0.00800037500448525,adult_c0_k10_seed10003,0,adult,fast,82422,runs/diversity-v1/adult_seed10003/adult_c0_k10_seed10003/r0_fast.json,0.0007788339862599969,fd58fc90bf5e6a5c486a034a5fc90d50ce906bfec4fbf64d8dc5a9eda2c479f2,2,0,0.008779666997725144,4.580069798976183e-07,10003,2026-09-26T07:43:59.908193+00:00,smallest;median_size;min_group0_fraction,fresh;direct;fast,,,,2.8329959604889154e-06,,,0.0011530420160852373,2.954198862425983e-05,0.0068149580038152635
0.01331637499970384,adult_c0_k10_seed10003,0,adult,direct,82422,runs/diversity-v1/adult_seed10003/adult_c0_k10_seed10003/r1_direct.json,0.0008540830167476088,fd58fc90bf5e6a5c486a034a5fc90d50ce906bfec4fbf64d8dc5a9eda2c479f2,0,1,0.01418045800528489,9.99998883344233e-06,10003,2026-09-26T07:44:00.398987+00:00,smallest;median_size;min_group0_fraction,direct;fast;fresh,0.0,0.0,0.0026904160040430725,0.0007450856501236558,0.0019145393453072757,0.007966334000229836,,,
0.008120957994833589,adult_c0_k10_seed10003,0,adult,fast,82422,runs/diversity-v1/adult_seed10003/adult_c0_k10_seed10003/r1_fast.json,0.0008377089980058372,fd58fc90bf5e6a5c486a034a5fc90d50ce906bfec4fbf64d8dc5a9eda2c479f2,1,1,0.008959208993474022,5.420006345957518e-07,10003,2026-09-26T07:44:00.410332+00:00,smallest;median_size;min_group0_fraction,direct;fast;fresh,,,,3.7910067476332188e-06,,,0.0012072499957866967,3.1458010198548436e-05,0.00687845898210071
0.2415273749793414,adult_c0_k10_seed10003,0,adult,fresh,82422,runs/diversity-v1/adult_seed10003/adult_c0_k10_seed10003/r1_fresh.json,0.0008294580038636923,fd58fc90bf5e6a5c486a034a5fc90d50ce906bfec4fbf64d8dc5a9eda2c479f2,2,1,0.24236895798821934,1.2125005014240742e-05,10003,2026-09-26T07:44:00.655077+00:00,smallest;median_size;min_group0_fraction,direct;fast;fresh,0.0,0.0051665840146597475,0.0,0.0033759588259272277,0.2250635411182884,0.007921291020466015,,,
0.008108790992991999,adult_c0_k10_seed10003,0,adult,fast,82422,runs/diversity-v1/adult_seed10003/adult_c0_k10_seed10003/r2_fast.json,0.0009159590117633343,fd58fc90bf5e6a5c486a034a5fc90d50ce906bfec4fbf64d8dc5a9eda2c479f2,0,2,0.009025625011418015,8.750066626816988e-07,10003,2026-09-26T07:44:01.136163+00:00,smallest;median_size;min_group0_fraction,fast;fresh;direct,,,,3.4590193536132574e-06,,,0.0012776659859810024,4.095799522474408e-05,0.006786707992432639
0.2353257909999229,adult_c0_k10_seed10003,0,adult,fresh,82422,runs/diversity-v1/adult_seed10003/adult_c0_k10_seed10003/r2_fresh.json,0.0008540000126231462,fd58fc90bf5e6a5c486a034a5fc90d50ce906bfec4fbf64d8dc5a9eda2c479f2,1,2,0.2361910410108976,1.1249998351559043e-05,10003,2026-09-26T07:44:01.374724+00:00,smallest;median_size;min_group0_fraction,fast;fresh;direct,0.0,0.00523766697733663,0.0,0.0032693704415578395,0.2188673786004074,0.00795137498062104,,,
0.013421749987173826,adult_c0_k10_seed10003,0,adult,direct,82422,runs/diversity-v1/adult_seed10003/adult_c0_k10_seed10003/r2_direct.json,0.0007883750076871365,fd58fc90bf5e6a5c486a034a5fc90d50ce906bfec4fbf64d8dc5a9eda2c479f2,2,2,0.01421525000478141,5.125009920448065e-06,10003,2026-09-26T07:44:01.391486+00:00,smallest;median_size;min_group0_fraction,fast;fresh;direct,0.0,0.0,0.0027929579955525696,0.0007444289221893996,0.0019055300508625805,0.007978833018569276,,,
0.013110208004945889,adult_c99_k10_seed10003,99,adult,direct,82426,runs/diversity-v1/adult_seed10003/adult_c99_k10_seed10003/r0_direct.json,0.0008666669891681522,6b553d437fa2bd22fee2744ee7c0848e5db972b7aab233756e5addde0b805fd8,0,0,0.013985958008561283,9.083014447242022e-06,10003,2026-09-26T07:44:03.476032+00:00,largest;max_group0_fraction;min_surviving_smaller_group,direct;fast;fresh,0.0,0.0,0.00266695799655281,0.0007187098381109536,0.0018004151643253863,0.00792412500595674,,,
0.007775042002322152,adult_c99_k10_seed10003,99,adult,fast,82426,runs/diversity-v1/adult_seed10003/adult_c99_k10_seed10003/r0_fast.json,0.0008352499862667173,6b553d437fa2bd22fee2744ee7c0848e5db972b7aab233756e5addde0b805fd8,1,0,0.008611541998106986,1.2500095181167126e-06,10003,2026-09-26T07:44:03.487379+00:00,largest;max_group0_fraction;min_surviving_smaller_group,direct;fast;fresh,,,,4.0000013541430235e-06,,,0.0011052080080844462,3.662498784251511e-05,0.006629209005041048
0.23440983399632387,adult_c99_k10_seed10003,99,adult,fresh,82426,runs/diversity-v1/adult_seed10003/adult_c99_k10_seed10003/r0_fresh.json,0.0008547909965272993,6b553d437fa2bd22fee2744ee7c0848e5db972b7aab233756e5addde0b805fd8,2,0,0.23527604099945165,1.1416006600484252e-05,10003,2026-09-26T07:44:03.725031+00:00,largest;max_group0_fraction;min_surviving_smaller_group,direct;fast;fresh,0.0,0.005183458997635171,0.0,0.0032814971345942467,0.2180370868591126,0.007907791004981846,,,
0.008379667007829994,adult_c99_k10_seed10003,99,adult,fast,82426,runs/diversity-v1/adult_seed10003/adult_c99_k10_seed10003/r1_fast.json,0.0008814999891910702,6b553d437fa2bd22fee2744ee7c0848e5db972b7aab233756e5addde0b805fd8,0,1,0.009261791972676292,6.249756552278996e-07,10003,2026-09-26T07:44:04.208564+00:00,largest;max_group0_fraction;min_surviving_smaller_group,fast;fresh;direct,,,,6.624963134527206e-06,,,0.001208625006256625,4.054201417602599e-05,0.007123875024262816
0.23697837500367314,adult_c99_k10_seed10003,99,adult,fresh,82426,runs/diversity-v1/adult_seed10003/adult_c99_k10_seed10003/r1_fresh.json,0.0008425829873885959,6b553d437fa2bd22fee2744ee7c0848e5db972b7aab233756e5addde0b805fd8,1,1,0.23783324999385513,1.229200279340148e-05,10003,2026-09-26T07:44:04.448735+00:00,largest;max_group0_fraction;min_surviving_smaller_group,fast;fresh;direct,0.0,0.007617541996296495,0.0,0.003352661937242374,0.21794071307522245,0.00806745799491182,,,
0.0160169169830624,adult_c99_k10_seed10003,99,adult,direct,82426,runs/diversity-v1/adult_seed10003/adult_c99_k10_seed10003/r1_direct.json,0.000873790995683521,6b553d437fa2bd22fee2744ee7c0848e5db972b7aab233756e5addde0b805fd8,2,1,0.016897041001357138,6.333022611215711e-06,10003,2026-09-26T07:44:04.468259+00:00,largest;max_group0_fraction;min_surviving_smaller_group,fast;fresh;direct,0.0,0.0,0.00511374999769032,0.0007824920758139342,0.0019418419105932117,0.008178832998964936,,,
0.23578575000283308,adult_c99_k10_seed10003,99,adult,fresh,82426,runs/diversity-v1/adult_seed10003/adult_c99_k10_seed10003/r2_fresh.json,0.0008622499881312251,6b553d437fa2bd22fee2744ee7c0848e5db972b7aab233756e5addde0b805fd8,0,2,0.23666079100803472,1.2791017070412636e-05,10003,2026-09-26T07:44:05.174210+00:00,largest;max_group0_fraction;min_surviving_smaller_group,fresh;direct;fast,0.0,0.005114084022352472,0.0,0.0033758799836505204,0.21930103600607254,0.007994749990757555,,,
0.013458542001899332,adult_c99_k10_seed10003,99,adult,direct,82426,runs/diversity-v1/adult_seed10003/adult_c99_k10_seed10003/r2_direct.json,0.0008076250087469816,6b553d437fa2bd22fee2744ee7c0848e5db972b7aab233756e5addde0b805fd8,1,2,0.014271499996539205,5.332985892891884e-06,10003,2026-09-26T07:44:05.191168+00:00,largest;max_group0_fraction;min_surviving_smaller_group,fresh;direct;fast,0.0,0.0,0.0027482089935801923,0.0007691268110647798,0.0019394561822991818,0.008001750014955178,,,
0.008004750008694828,adult_c99_k10_seed10003,99,adult,fast,82426,runs/diversity-v1/adult_seed10003/adult_c99_k10_seed10003/r2_fast.json,0.0007633339846506715,6b553d437fa2bd22fee2744ee7c0848e5db972b7aab233756e5addde0b805fd8,2,2,0.00876862500444986,5.410111043602228e-07,10003,2026-09-26T07:44:05.202498+00:00,largest;max_group0_fraction;min_surviving_smaller_group,fresh;direct;fast,,,,2.9180082492530346e-06,,,0.0012514159898273647,3.070800448767841e-05,0.006719708006130531
0.007762249995721504,adult_c0_k10_seed10004,0,adult,fast,82428,runs/diversity-v1/adult_seed10004/adult_c0_k10_seed10004/r0_fast.json,0.0008556249958928674,616c259413991a5e980c13bcec4180fc08c583fb7fad67a11a913c9cb543da1f,0,0,0.008618707972345874,8.329807315021753e-07,10004,2026-09-26T07:44:07.928323+00:00,smallest;median_size;min_group0_fraction,fast;fresh;direct,,,,3.5410048440098763e-06,,,0.001172708987724036,4.966699634678662e-05,0.006536333006806672
0.23650649999035522,adult_c0_k10_seed10004,0,adult,fresh,82428,runs/diversity-v1/adult_seed10004/adult_c0_k10_seed10004/r0_fresh.json,0.0008475409995298833,616c259413991a5e980c13bcec4180fc08c583fb7fad67a11a913c9cb543da1f,1,0,0.23736591599299572,1.18750031106174e-05,10004,2026-09-26T07:44:08.168085+00:00,smallest;median_size;min_group0_fraction,fast;fresh;direct,0.0,0.005281541991280392,0.0,0.003227495966712013,0.22013254504418,0.007864916988182813,,,
0.015515167004195973,adult_c0_k10_seed10004,0,adult,direct,82428,runs/diversity-v1/adult_seed10004/adult_c0_k10_seed10004/r0_direct.json,0.000833250000141561,616c259413991a5e980c13bcec4180fc08c583fb7fad67a11a913c9cb543da1f,2,0,0.016355125000700355,6.707996362820268e-06,10004,2026-09-26T07:44:08.187093+00:00,smallest;median_size;min_group0_fraction,fast;fresh;direct,0.0,0.0,0.005094667023513466,0.0007374991255346686,0.0018433758523315191,0.00783962500281632,,,
0.2351189580222126,adult_c0_k10_seed10004,0,adult,fresh,82428,runs/diversity-v1/adult_seed10004/adult_c0_k10_seed10004/r1_fresh.json,0.0008868329750839621,616c259413991a5e980c13bcec4180fc08c583fb7fad67a11a913c9cb543da1f,0,1,0.2360216659726575,1.5874975360929966e-05,10004,2026-09-26T07:44:08.900477+00:00,smallest;median_size;min_group0_fraction,fresh;direct;fast,0.0,0.00513958401279524,0.0,0.0032183030853047967,0.21901152894133702,0.007749541982775554,,,
0.013130374980391935,adult_c0_k10_seed10004,0,adult,direct,82428,runs/diversity-v1/adult_seed10004/adult_c0_k10_seed10004/r1_direct.json,0.0008283750212285668,616c259413991a5e980c13bcec4180fc08c583fb7fad67a11a913c9cb543da1f,1,1,0.01396625000052154,7.499998901039362e-06,10004,2026-09-26T07:44:08.917014+00:00,smallest;median_size;min_group0_fraction,fresh;direct;fast,0.0,0.0,0.002712541987420991,0.0007529209542553872,0.0018837040406651795,0.007781207998050377,,,
0.0076148750085849315,adult_c0_k10_seed10004,0,adult,fast,82428,runs/diversity-v1/adult_seed10004/adult_c0_k10_seed10004/r1_fast.json,0.0008592079975642264,616c259413991a5e980c13bcec4180fc08c583fb7fad67a11a913c9cb543da1f,2,1,0.008474875008687377,7.920025382190943e-07,10004,2026-09-26T07:44:08.928042+00:00,smallest;median_size;min_group0_fraction,fresh;direct;fast,,,,3.043009201064706e-06,,,0.0011643749894574285,3.529101377353072e-05,0.006412165996152908
0.015732333005871624,adult_c0_k10_seed10004,0,adult,direct,82428,runs/diversity-v1/adult_seed10004/adult_c0_k10_seed10004/r2_direct.json,0.0008895839855540544,616c259413991a5e980c13bcec4180fc08c583fb7fad67a11a913c9cb543da1f,0,2,0.016630708996672183,8.792005246505141e-06,10004,2026-09-26T07:44:09.422963+00:00,smallest;median_size;min_group0_fraction,direct;fast;fresh,0.0,0.0,0.0051822090172208846,0.0007453379803337157,0.0017854110046755522,0.008019375003641471,,,
0.008017124986508861,adult_c0_k10_seed10004,0,adult,fast,82428,runs/diversity-v1/adult_seed10004/adult_c0_k10_seed10004/r2_fast.json,0.0007800419989507645,616c259413991a5e980c13bcec4180fc08c583fb7fad67a11a913c9cb543da1f,1,2,0.008797582995612174,4.1601015254855156e-07,10004,2026-09-26T07:44:09.434120+00:00,smallest;median_size;min_group0_fraction,direct;fast;fresh,,,,2.749002305790782e-06,,,0.0011887919972650707,3.0583993066102266e-05,0.0067949999938718975
0.23589416599133983,adult_c0_k10_seed10004,0,adult,fresh,82428,runs/diversity-v1/adult_seed10004/adult_c0_k10_seed10004/r2_fresh.json,0.0008007500146050006,616c259413991a5e980c13bcec4180fc08c583fb7fad67a11a913c9cb543da1f,2,2,0.23670766601571813,1.2750009773299098e-05,10004,2026-09-26T07:44:09.673178+00:00,smallest;median_size;min_group0_fraction,direct;fast;fresh,0.0,0.004990499990526587,0.0,0.0033275799069087952,0.2196760440710932,0.007900042022811249,,,
0.23515899997437373,adult_c99_k10_seed10004,99,adult,fresh,82418,runs/diversity-v1/adult_seed10004/adult_c99_k10_seed10004/r0_fresh.json,0.0008677919977344573,5c3e3b5bbcec3d9d123a0a3ec4786d799a11d2ef348c54233d74ab12c55c4244,0,0,0.23603829197236337,1.1500000255182385e-05,10004,2026-09-26T07:44:12.009327+00:00,largest;max_group0_fraction;min_surviving_smaller_group,fresh;direct;fast,0.0,0.005113874998642132,0.0,0.0033442859421484172,0.21840354704181664,0.008297291991766542,,,
0.013324957981240004,adult_c99_k10_seed10004,99,adult,direct,82418,runs/diversity-v1/adult_seed10004/adult_c99_k10_seed10004/r0_direct.json,0.0008370419964194298,5c3e3b5bbcec3d9d123a0a3ec4786d799a11d2ef348c54233d74ab12c55c4244,1,0,0.014173624978866428,1.1625001206994057e-05,10004,2026-09-26T07:44:12.026197+00:00,largest;max_group0_fraction;min_surviving_smaller_group,fresh;direct;fast,0.0,0.0,0.002694416994927451,0.0007674548542127013,0.001770503120496869,0.008092583011602983,,,
0.008146499982103705,adult_c99_k10_seed10004,99,adult,fast,82418,runs/diversity-v1/adult_seed10004/adult_c99_k10_seed10004/r0_fast.json,0.0007763339963275939,5c3e3b5bbcec3d9d123a0a3ec4786d799a11d2ef348c54233d74ab12c55c4244,2,0,0.008923999994294718,1.166015863418579e-06,10004,2026-09-26T07:44:12.037775+00:00,largest;max_group0_fraction;min_surviving_smaller_group,fresh;direct;fast,,,,3.541994374245405e-06,,,0.001116250001359731,3.6165991332381964e-05,0.006990541995037347
0.013681791024282575,adult_c99_k10_seed10004,99,adult,direct,82418,runs/diversity-v1/adult_seed10004/adult_c99_k10_seed10004/r1_direct.json,0.0008520419942215085,5c3e3b5bbcec3d9d123a0a3ec4786d799a11d2ef348c54233d74ab12c55c4244,0,1,0.01454270799877122,8.874980267137289e-06,10004,2026-09-26T07:44:12.529940+00:00,largest;max_group0_fraction;min_surviving_smaller_group,direct;fast;fresh,0.0,0.0,0.0028717080131173134,0.0007664152944926172,0.0018469177302904427,0.008196749986382201,,,
0.008268540987046435,adult_c99_k10_seed10004,99,adult,fast,82418,runs/diversity-v1/adult_seed10004/adult_c99_k10_seed10004/r1_fast.json,0.0007772920071147382,5c3e3b5bbcec3d9d123a0a3ec4786d799a11d2ef348c54233d74ab12c55c4244,1,1,0.00904637499479577,5.420006345957518e-07,10004,2026-09-26T07:44:12.541386+00:00,largest;max_group0_fraction;min_surviving_smaller_group,direct;fast;fresh,,,,2.95796780847013e-06,,,0.00121254101395607,3.024999750778079e-05,0.007022792007774115
0.2337100839940831,adult_c99_k10_seed10004,99,adult,fresh,82418,runs/diversity-v1/adult_seed10004/adult_c99_k10_seed10004/r1_fresh.json,0.000907833018573001,5c3e3b5bbcec3d9d123a0a3ec4786d799a11d2ef348c54233d74ab12c55c4244,2,1,0.23462904201005585,1.1124997399747372e-05,10004,2026-09-26T07:44:12.778441+00:00,largest;max_group0_fraction;min_surviving_smaller_group,direct;fast;fresh,0.0,0.005053000000771135,0.0,0.003524208819726482,0.2172093341650907,0.007923541008494794,,,
0.00806612498126924,adult_c99_k10_seed10004,99,adult,fast,82418,runs/diversity-v1/adult_seed10004/adult_c99_k10_seed10004/r2_fast.json,0.0008472500194329768,5c3e3b5bbcec3d9d123a0a3ec4786d799a11d2ef348c54233d74ab12c55c4244,0,2,0.008913958998164162,5.839974619448185e-07,10004,2026-09-26T07:44:13.265060+00:00,largest;max_group0_fraction;min_surviving_smaller_group,fast;fresh;direct,,,,2.708984538912773e-06,,,0.001084832998458296,3.762499545700848e-05,0.006940958002815023
0.2356656249903608,adult_c99_k10_seed10004,99,adult,fresh,82418,runs/diversity-v1/adult_seed10004/adult_c99_k10_seed10004/r2_fresh.json,0.0008857920183800161,5c3e3b5bbcec3d9d123a0a3ec4786d799a11d2ef348c54233d74ab12c55c4244,1,2,0.2365633750159759,1.1958007235080004e-05,10004,2026-09-26T07:44:13.503699+00:00,largest;max_group0_fraction;min_surviving_smaller_group,fast;fresh;direct,0.0,0.005110834026709199,0.0,0.003360830101883039,0.2190592938568443,0.008134667004924268,,,
0.013505375012755394,adult_c99_k10_seed10004,99,adult,direct,82418,runs/diversity-v1/adult_seed10004/adult_c99_k10_seed10004/r2_direct.json,0.0008337500039488077,5c3e3b5bbcec3d9d123a0a3ec4786d799a11d2ef348c54233d74ab12c55c4244,2,2,0.014344374998472631,5.249981768429279e-06,10004,2026-09-26T07:44:13.520575+00:00,largest;max_group0_fraction;min_surviving_smaller_group,fast;fresh;direct,0.0,0.0,0.0027612920093815774,0.0007457048341166228,0.0018451701616868377,0.008153208007570356,,,
0.003934250009479001,bank_c0_k10_seed10000,0,bank,direct,33630,runs/diversity-v1/bank_seed10000/bank_c0_k10_seed10000/r0_direct.json,0.00043395799002610147,10e024de8ec2b15bd8e13f3bfa5550bc789e4a304229ca91b57c662fded241b2,0,0,0.004375374992378056,7.166992872953415e-06,10000,2026-09-26T07:44:15.284673+00:00,smallest;median_size;min_group0_fraction,direct;fast;fresh,0.0,0.0,0.0015804589784238487,0.00037524508661590517,0.0005577119591180235,0.0014208339853212237,,,
0.0013884169748052955,bank_c0_k10_seed10000,0,bank,fast,33630,runs/diversity-v1/bank_seed10000/bank_c0_k10_seed10000/r0_fast.json,0.00043908299994654953,10e024de8ec2b15bd8e13f3bfa5550bc789e4a304229ca91b57c662fded241b2,1,0,0.0018283749814145267,8.750066626816988e-07,10000,2026-09-26T07:44:15.288628+00:00,smallest;median_size;min_group0_fraction,direct;fast;fresh,,,,3.4999684430658817e-06,,,0.0002436250215396285,1.912500010803342e-05,0.0011221669847145677
0.21243966699694283,bank_c0_k10_seed10000,0,bank,fresh,33630,runs/diversity-v1/bank_seed10000/bank_c0_k10_seed10000/r0_fresh.json,0.0006209170096553862,10e024de8ec2b15bd8e13f3bfa5550bc789e4a304229ca91b57c662fded241b2,2,0,0.21306491701398045,4.3330073822289705e-06,10000,2026-09-26T07:44:15.503319+00:00,smallest;median_size;min_group0_fraction,direct;fast;fresh,0.0,0.0026192500081378967,0.0,0.0012772100453730673,0.20712091596215032,0.0014222909812815487,,,
0.0015059169963933527,bank_c0_k10_seed10000,0,bank,fast,33630,runs/diversity-v1/bank_seed10000/bank_c0_k10_seed10000/r1_fast.json,0.0005351250001695007,10e024de8ec2b15bd8e13f3bfa5550bc789e4a304229ca91b57c662fded241b2,0,1,0.0020415830076672137,5.410111043602228e-07,10000,2026-09-26T07:44:15.546567+00:00,smallest;median_size;min_group0_fraction,fast;fresh;direct,,,,2.9999937396496534e-06,,,0.00027137500001117587,2.083400613628328e-05,0.001210707996506244
0.21598162499140017,bank_c0_k10_seed10000,0,bank,fresh,33630,runs/diversity-v1/bank_seed10000/bank_c0_k10_seed10000/r1_fresh.json,0.0005673340056091547,10e024de8ec2b15bd8e13f3bfa5550bc789e4a304229ca91b57c662fded241b2,1,1,0.2165526669996325,3.7080026231706142e-06,10000,2026-09-26T07:44:15.764983+00:00,smallest;median_size;min_group0_fraction,fast;fresh;direct,0.0,0.004107041022507474,0.0,0.001322750875260681,0.2091376660973765,0.001414166996255517,,,
0.005354624998290092,bank_c0_k10_seed10000,0,bank,direct,33630,runs/diversity-v1/bank_seed10000/bank_c0_k10_seed10000/r1_direct.json,0.0004410419787745923,10e024de8ec2b15bd8e13f3bfa5550bc789e4a304229ca91b57c662fded241b2,2,1,0.005805499997222796,9.833020158112049e-06,10000,2026-09-26T07:44:15.773065+00:00,smallest;median_size;min_group0_fraction,fast;fresh;direct,0.0,0.0,0.0030239579791668802,0.000360540027031675,0.0005482109845615923,0.0014219160075299442,,,
0.21309716600808315,bank_c0_k10_seed10000,0,bank,fresh,33630,runs/diversity-v1/bank_seed10000/bank_c0_k10_seed10000/r2_fresh.json,0.0005021669785492122,10e024de8ec2b15bd8e13f3bfa5550bc789e4a304229ca91b57c662fded241b2,0,2,0.21360391698544845,4.583998816087842e-06,10000,2026-09-26T07:44:16.027076+00:00,smallest;median_size;min_group0_fraction,fresh;direct;fast,0.0,0.0026232909876853228,0.0,0.0012804200814571232,0.20780341295176186,0.0013900419871788472,,,
0.003985541989095509,bank_c0_k10_seed10000,0,bank,direct,33630,runs/diversity-v1/bank_seed10000/bank_c0_k10_seed10000/r2_direct.json,0.00046312500489875674,10e024de8ec2b15bd8e13f3bfa5550bc789e4a304229ca91b57c662fded241b2,1,2,0.004456374997971579,7.708003977313638e-06,10000,2026-09-26T07:44:16.033913+00:00,smallest;median_size;min_group0_fraction,fresh;direct;fast,0.0,0.0,0.0016576250200159848,0.0003511698741931468,0.0005647470825351775,0.0014120000123512,,,
0.0015044999890960753,bank_c0_k10_seed10000,0,bank,fast,33630,runs/diversity-v1/bank_seed10000/bank_c0_k10_seed10000/r2_fast.json,0.0004099590005353093,10e024de8ec2b15bd8e13f3bfa5550bc789e4a304229ca91b57c662fded241b2,2,2,0.0019149169966112822,4.580069798976183e-07,10000,2026-09-26T07:44:16.037632+00:00,smallest;median_size;min_group0_fraction,fresh;direct;fast,,,,2.7919886633753777e-06,,,0.0002509579935576767,1.3209006283432245e-05,0.001237541000591591
0.0014817499904893339,bank_c19_k10_seed10000,19,bank,fast,33648,runs/diversity-v1/bank_seed10000/bank_c19_k10_seed10000/r0_fast.json,0.00042237501475028694,df4b0326c80a7d8c46dfd57d27727b397103351675a23632a2fe4fba53fd3efc,0,0,0.001904584001749754,4.5899651013314724e-07,10000,2026-09-26T07:44:16.632081+00:00,largest;max_group0_fraction;min_surviving_smaller_group,fast;fresh;direct,,,,2.1239975467324257e-06,,,0.0002548749907873571,1.6709003830328584e-05,0.0012080419983249158
0.21322400000644848,bank_c19_k10_seed10000,19,bank,fresh,33648,runs/diversity-v1/bank_seed10000/bank_c19_k10_seed10000/r0_fresh.json,0.0005285420047584921,df4b0326c80a7d8c46dfd57d27727b397103351675a23632a2fe4fba53fd3efc,1,0,0.2137559590046294,3.416993422433734e-06,10000,2026-09-26T07:44:16.847461+00:00,largest;max_group0_fraction;min_surviving_smaller_group,fast;fresh;direct,0.0,0.0027232919819653034,0.0,0.0012900831643491983,0.20785966588300653,0.0013509589771274477,,,
0.005185499991057441,bank_c19_k10_seed10000,19,bank,direct,33648,runs/diversity-v1/bank_seed10000/bank_c19_k10_seed10000/r0_direct.json,0.00044949998846277595,df4b0326c80a7d8c46dfd57d27727b397103351675a23632a2fe4fba53fd3efc,2,0,0.005639791983412579,4.792003892362118e-06,10000,2026-09-26T07:44:16.855251+00:00,largest;max_group0_fraction;min_surviving_smaller_group,fast;fresh;direct,0.0,0.0,0.002951500006020069,0.00034391501685604453,0.0005414179468061775,0.0013486670213751495,,,
0.2150156660063658,bank_c19_k10_seed10000,19,bank,fresh,33648,runs/diversity-v1/bank_seed10000/bank_c19_k10_seed10000/r1_fresh.json,0.0005288750107865781,df4b0326c80a7d8c46dfd57d27727b397103351675a23632a2fe4fba53fd3efc,0,1,0.2155482910166029,3.749999450519681e-06,10000,2026-09-26T07:44:17.111082+00:00,largest;max_group0_fraction;min_surviving_smaller_group,fresh;direct;fast,0.0,0.0026085409917868674,0.0,0.0012920802691951394,0.2097300447348971,0.0013850000104866922,,,
0.0037637079949490726,bank_c19_k10_seed10000,19,bank,direct,33648,runs/diversity-v1/bank_seed10000/bank_c19_k10_seed10000/r1_direct.json,0.00047825000365264714,df4b0326c80a7d8c46dfd57d27727b397103351675a23632a2fe4fba53fd3efc,1,1,0.0042493749933782965,7.4169947765767574e-06,10000,2026-09-26T07:44:17.117725+00:00,largest;max_group0_fraction;min_surviving_smaller_group,fresh;direct;fast,0.0,0.0,0.0015096669958438724,0.00034966800012625754,0.0005513729993253946,0.001352999999653548,,,
0.001421791996108368,bank_c19_k10_seed10000,19,bank,fast,33648,runs/diversity-v1/bank_seed10000/bank_c19_k10_seed10000/r1_fast.json,0.00042550000944174826,df4b0326c80a7d8c46dfd57d27727b397103351675a23632a2fe4fba53fd3efc,2,1,0.001847750012530014,4.580069798976183e-07,10000,2026-09-26T07:44:17.121695+00:00,largest;max_group0_fraction;min_surviving_smaller_group,fresh;direct;fast,,,,2.333021257072687e-06,,,0.00025954199372790754,1.837499439716339e-05,0.0011415419867262244
0.0037914999993517995,bank_c19_k10_seed10000,19,bank,direct,33648,runs/diversity-v1/bank_seed10000/bank_c19_k10_seed10000/r2_direct.json,0.00046962499618530273,df4b0326c80a7d8c46dfd57d27727b397103351675a23632a2fe4fba53fd3efc,0,2,0.004268249991582707,7.124996045604348e-06,10000,2026-09-26T07:44:17.166773+00:00,largest;max_group0_fraction;min_surviving_smaller_group,direct;fast;fresh,0.0,0.0,0.0014991250063758343,0.0003627078840509057,0.0005492081108968705,0.001380458998028189,,,
0.0014142500003799796,bank_c19_k10_seed10000,19,bank,fast,33648,runs/diversity-v1/bank_seed10000/bank_c19_k10_seed10000/r2_fast.json,0.00041370801045559347,df4b0326c80a7d8c46dfd57d27727b397103351675a23632a2fe4fba53fd3efc,1,2,0.001828291016863659,3.3300602808594704e-07,10000,2026-09-26T07:44:17.170282+00:00,largest;max_group0_fraction;min_surviving_smaller_group,direct;fast;fresh,,,,2.042012056335807e-06,,,0.00023937498917803168,1.2417003745213151e-05,0.001160415995400399
0.21360345900757238,bank_c19_k10_seed10000,19,bank,fresh,33648,runs/diversity-v1/bank_seed10000/bank_c19_k10_seed10000/r2_fresh.json,0.0005175829865038395,df4b0326c80a7d8c46dfd57d27727b397103351675a23632a2fe4fba53fd3efc,2,2,0.21412454199162312,3.4999975468963385e-06,10000,2026-09-26T07:44:17.386011+00:00,largest;max_group0_fraction;min_surviving_smaller_group,direct;fast;fresh,0.0,0.0026207499904558063,0.0,0.0012522097385954112,0.2083785832801368,0.0013519159983843565,,,
0.21485104199382477,bank_c0_k10_seed10001,0,bank,fresh,33654,runs/diversity-v1/bank_seed10001/bank_c0_k10_seed10001/r0_fresh.json,0.0005318750045262277,356eae1f9a18026f867f4faeada9ae80c14af22e111f3be9acb2280d77d98d25,0,0,0.21538770900224335,4.792003892362118e-06,10001,2026-09-26T07:44:18.652033+00:00,smallest;median_size;min_group0_fraction,fresh;direct;fast,0.0,0.0026767920062411577,0.0,0.0013259148690849543,0.20944129311828874,0.0014070420002099127,,,
0.005131999991135672,bank_c0_k10_seed10001,0,bank,direct,33654,runs/diversity-v1/bank_seed10001/bank_c0_k10_seed10001/r0_direct.json,0.00046762501006014645,356eae1f9a18026f867f4faeada9ae80c14af22e111f3be9acb2280d77d98d25,1,0,0.005607250001048669,7.624999852851033e-06,10001,2026-09-26T07:44:18.660201+00:00,smallest;median_size;min_group0_fraction,fresh;direct;fast,0.0,0.0,0.002923499996541068,0.0003558759344741702,0.0005149990611243993,0.0013376249989960343,,,
0.0013741670118179172,bank_c0_k10_seed10001,0,bank,fast,33654,runs/diversity-v1/bank_seed10001/bank_c0_k10_seed10001/r0_fast.json,0.0004235419910401106,356eae1f9a18026f867f4faeada9ae80c14af22e111f3be9acb2280d77d98d25,2,0,0.0017983340076170862,6.250047590583563e-07,10001,2026-09-26T07:44:18.664056+00:00,smallest;median_size;min_group0_fraction,fresh;direct;fast,,,,2.875021891668439e-06,,,0.00023129198234528303,1.9166996935382485e-05,0.0011208330106455833
0.0038387080130632967,bank_c0_k10_seed10001,0,bank,direct,33654,runs/diversity-v1/bank_seed10001/bank_c0_k10_seed10001/r1_direct.json,0.0004910000134259462,356eae1f9a18026f867f4faeada9ae80c14af22e111f3be9acb2280d77d98d25,0,1,0.004336875019362196,7.166992872953415e-06,10001,2026-09-26T07:44:18.709549+00:00,smallest;median_size;min_group0_fraction,direct;fast;fresh,0.0,0.0,0.0015085000195540488,0.0003562499477993697,0.0005489170434884727,0.0014250410022214055,,,
0.0015003749867901206,bank_c0_k10_seed10001,0,bank,fast,33654,runs/diversity-v1/bank_seed10001/bank_c0_k10_seed10001/r1_fast.json,0.0004018339968752116,356eae1f9a18026f867f4faeada9ae80c14af22e111f3be9acb2280d77d98d25,1,1,0.0019026249938178807,4.1601015254855156e-07,10001,2026-09-26T07:44:18.713186+00:00,smallest;median_size;min_group0_fraction,direct;fast;fresh,,,,2.4990004021674395e-06,,,0.00025529199047014117,1.4708988601341844e-05,0.0012278750073164701
0.21363387498422526,bank_c0_k10_seed10001,0,bank,fresh,33654,runs/diversity-v1/bank_seed10001/bank_c0_k10_seed10001/r1_fresh.json,0.000494459003675729,356eae1f9a18026f867f4faeada9ae80c14af22e111f3be9acb2280d77d98d25,2,1,0.2141319589863997,3.6249984987080097e-06,10001,2026-09-26T07:44:18.928992+00:00,smallest;median_size;min_group0_fraction,direct;fast;fresh,0.0,0.002624665998155251,0.0,0.0012400839186739177,0.20828058308688924,0.0014885419805068523,,,
0.0015216669999063015,bank_c0_k10_seed10001,0,bank,fast,33654,runs/diversity-v1/bank_seed10001/bank_c0_k10_seed10001/r2_fast.json,0.0005007500003557652,356eae1f9a18026f867f4faeada9ae80c14af22e111f3be9acb2280d77d98d25,0,2,0.0020231670059729367,7.500057108700275e-07,10001,2026-09-26T07:44:18.972678+00:00,smallest;median_size;min_group0_fraction,fast;fresh;direct,,,,2.626038622111082e-06,,,0.000264207978034392,1.995800994336605e-05,0.0012348749733064324
0.21554991698940285,bank_c0_k10_seed10001,0,bank,fresh,33654,runs/diversity-v1/bank_seed10001/bank_c0_k10_seed10001/r2_fresh.json,0.0005012500041630119,356eae1f9a18026f867f4faeada9ae80c14af22e111f3be9acb2280d77d98d25,1,2,0.21605474999523722,3.583001671358943e-06,10001,2026-09-26T07:44:19.190339+00:00,smallest;median_size;min_group0_fraction,fast;fresh;direct,0.0,0.0026664579927455634,0.0,0.001315414032433182,0.21015108595020138,0.0014169590140227228,,,
0.003964959003496915,bank_c0_k10_seed10001,0,bank,direct,33654,runs/diversity-v1/bank_seed10001/bank_c0_k10_seed10001/r2_direct.json,0.0004304999893065542,356eae1f9a18026f867f4faeada9ae80c14af22e111f3be9acb2280d77d98d25,2,2,0.004400791978696361,5.332985892891884e-06,10001,2026-09-26T07:44:19.196998+00:00,smallest;median_size;min_group0_fraction,fast;fresh;direct,0.0,0.0,0.0016595839988440275,0.00035158201353624463,0.0005392089951783419,0.001414583995938301,,,
0.0037984589871484786,bank_c19_k10_seed10001,19,bank,direct,33642,runs/diversity-v1/bank_seed10001/bank_c19_k10_seed10001/r0_direct.json,0.00045416600187309086,43c57934d31d991a090b9833f53db0b1636b0a2004272ae3dd6ec1741aa6bb3a,0,0,0.004259500012267381,6.875023245811462e-06,10001,2026-09-26T07:44:19.795400+00:00,largest;max_group0_fraction;min_surviving_smaller_group,direct;fast;fresh,0.0,0.0,0.0015315420168917626,0.00035037999623455107,0.0005191199597902596,0.0013974170142319053,,,
0.0014002079842612147,bank_c19_k10_seed10001,19,bank,fast,33642,runs/diversity-v1/bank_seed10001/bank_c19_k10_seed10001/r0_fast.json,0.00035720900632441044,43c57934d31d991a090b9833f53db0b1636b0a2004272ae3dd6ec1741aa6bb3a,1,0,0.0017577919934410602,3.7500285543501377e-07,10001,2026-09-26T07:44:19.798940+00:00,largest;max_group0_fraction;min_surviving_smaller_group,direct;fast;fresh,,,,2.082000719383359e-06,,,0.00023770899861119688,1.362498733215034e-05,0.0011467919975984842
0.21379308399627917,bank_c19_k10_seed10001,19,bank,fresh,33642,runs/diversity-v1/bank_seed10001/bank_c19_k10_seed10001/r0_fresh.json,0.0005221250175964087,43c57934d31d991a090b9833f53db0b1636b0a2004272ae3dd6ec1741aa6bb3a,2,0,0.21431870901142247,3.4999975468963385e-06,10001,2026-09-26T07:44:20.014813+00:00,largest;max_group0_fraction;min_surviving_smaller_group,direct;fast;fresh,0.0,0.0026917080103885382,0.0,0.0012650859716814011,0.2084582070237957,0.0013780829904135317,,,
0.001439541985746473,bank_c19_k10_seed10001,19,bank,fast,33642,runs/diversity-v1/bank_seed10001/bank_c19_k10_seed10001/r1_fast.json,0.00047508301213383675,43c57934d31d991a090b9833f53db0b1636b0a2004272ae3dd6ec1741aa6bb3a,0,1,0.0019150410080328584,4.1601015254855156e-07,10001,2026-09-26T07:44:20.057808+00:00,largest;max_group0_fraction;min_surviving_smaller_group,fast;fresh;direct,,,,2.375978510826826e-06,,,0.0002462079864926636,1.60830095410347e-05,0.001174875011201948
0.21454916600487195,bank_c19_k10_seed10001,19,bank,fresh,33642,runs/diversity-v1/bank_seed10001/bank_c19_k10_seed10001/r1_fresh.json,0.0005122089933138341,43c57934d31d991a090b9833f53db0b1636b0a2004272ae3dd6ec1741aa6bb3a,1,1,0.21506470898748375,3.3339892979711294e-06,10001,2026-09-26T07:44:20.274435+00:00,largest;max_group0_fraction;min_surviving_smaller_group,fast;fresh;direct,0.0,0.0027323329995851964,0.0,0.0012808710453100502,0.20914591997279786,0.0013900419871788472,,,
0.0038759169983677566,bank_c19_k10_seed10001,19,bank,direct,33642,runs/diversity-v1/bank_seed10001/bank_c19_k10_seed10001/r1_direct.json,0.00043262497638352215,43c57934d31d991a090b9833f53db0b1636b0a2004272ae3dd6ec1741aa6bb3a,2,1,0.004313666984671727,5.125009920448065e-06,10001,2026-09-26T07:44:20.281004+00:00,largest;max_group0_fraction;min_surviving_smaller_group,fast;fresh;direct,0.0,0.0,0.0015077499847393483,0.00035762490006163716,0.0005622921162284911,0.00144824999733828,,,
0.2152338339947164,bank_c19_k10_seed10001,19,bank,fresh,33642,runs/diversity-v1/bank_seed10001/bank_c19_k10_seed10001/r2_fresh.json,0.0005262500199023634,43c57934d31d991a090b9833f53db0b1636b0a2004272ae3dd6ec1741aa6bb3a,0,2,0.21576391701819375,3.8330035749822855e-06,10001,2026-09-26T07:44:20.537870+00:00,largest;max_group0_fraction;min_surviving_smaller_group,fresh;direct;fast,0.0,0.002732541994191706,0.0,0.0012772529444191605,0.20973153904196806,0.0014925000141374767,,,
0.0037528749962802976,bank_c19_k10_seed10001,19,bank,direct,33642,runs/diversity-v1/bank_seed10001/bank_c19_k10_seed10001/r2_direct.json,0.0004262080183252692,43c57934d31d991a090b9833f53db0b1636b0a2004272ae3dd6ec1741aa6bb3a,1,2,0.004183500015642494,4.417001036927104e-06,10001,2026-09-26T07:44:20.544139+00:00,largest;max_group0_fraction;min_surviving_smaller_group,fresh;direct;fast,0.0,0.0,0.0014826669939793646,0.0003559949982445687,0.0005449629970826209,0.0013692500069737434,,,
0.0014276249858085066,bank_c19_k10_seed10001,19,bank,fast,33642,runs/diversity-v1/bank_seed10001/bank_c19_k10_seed10001/r2_fast.json,0.0003983750066254288,43c57934d31d991a090b9833f53db0b1636b0a2004272ae3dd6ec1741aa6bb3a,2,2,0.0018267080013174564,7.080088835209608e-07,10001,2026-09-26T07:44:20.547902+00:00,largest;max_group0_fraction;min_surviving_smaller_group,fresh;direct;fast,,,,2.082990249618888e-06,,,0.00025558299967087805,1.62090000230819e-05,0.0011537499958649278
0.0015043329913169146,bank_c0_k10_seed10002,0,bank,fast,33648,runs/diversity-v1/bank_seed10002/bank_c0_k10_seed10002/r0_fast.json,0.00039370800368487835,36fc90d77ef867d16212c36fe7c5a3eb430b3db8814417ebde0d55e3de55c04b,0,0,0.0018985409988090396,5.00003807246685e-07,10002,2026-09-26T07:44:21.590614+00:00,smallest;median_size;min_group0_fraction,fast;fresh;direct,,,,2.874992787837982e-06,,,0.0002590829972177744,1.8499995348975062e-05,0.0012238750059623271
0.21232874999986961,bank_c0_k10_seed10002,0,bank,fresh,33648,runs/diversity-v1/bank_seed10002/bank_c0_k10_seed10002/r0_fresh.json,0.0004869170079473406,36fc90d77ef867d16212c36fe7c5a3eb430b3db8814417ebde0d55e3de55c04b,1,0,0.21282091701868922,5.250010872259736e-06,10002,2026-09-26T07:44:21.805318+00:00,smallest;median_size;min_group0_fraction,fast;fresh;direct,0.0,0.002738957991823554,0.0,0.0012636289175134152,0.2069368720985949,0.0013892909919377416,,,
0.005252000002656132,bank_c0_k10_seed10002,0,bank,direct,33648,runs/diversity-v1/bank_seed10002/bank_c0_k10_seed10002/r0_direct.json,0.0004270419885870069,36fc90d77ef867d16212c36fe7c5a3eb430b3db8814417ebde0d55e3de55c04b,2,0,0.005684666975867003,5.624984623864293e-06,10002,2026-09-26T07:44:21.813159+00:00,smallest;median_size;min_group0_fraction,fast;fresh;direct,0.0,0.0,0.0029896250052843243,0.0003471260133665055,0.0005442079855129123,0.00137104099849239,,,
0.21261212500394322,bank_c0_k10_seed10002,0,bank,fresh,33648,runs/diversity-v1/bank_seed10002/bank_c0_k10_seed10002/r1_fresh.json,0.0004915829922538251,36fc90d77ef867d16212c36fe7c5a3eb430b3db8814417ebde0d55e3de55c04b,0,1,0.21310845797415823,4.749977961182594e-06,10002,2026-09-26T07:44:22.066962+00:00,smallest;median_size;min_group0_fraction,fresh;direct;fast,0.0,0.002666917018359527,0.0,0.001279171003261581,0.20727899498888291,0.0013870419934391975,,,
0.005254832998616621,bank_c0_k10_seed10002,0,bank,direct,33648,runs/diversity-v1/bank_seed10002/bank_c0_k10_seed10002/r1_direct.json,0.00045087499893270433,36fc90d77ef867d16212c36fe7c5a3eb430b3db8814417ebde0d55e3de55c04b,1,1,0.005711083009373397,5.375011824071407e-06,10002,2026-09-26T07:44:22.074838+00:00,smallest;median_size;min_group0_fraction,fresh;direct;fast,0.0,0.0,0.002867165982024744,0.00035392094287090003,0.0005824540858156979,0.0014512919879052788,,,
0.0014600410067941993,bank_c0_k10_seed10002,0,bank,fast,33648,runs/diversity-v1/bank_seed10002/bank_c0_k10_seed10002/r1_fast.json,0.0004030419804621488,36fc90d77ef867d16212c36fe7c5a3eb430b3db8814417ebde0d55e3de55c04b,2,1,0.0018634169828146696,3.33995558321476e-07,10002,2026-09-26T07:44:22.078789+00:00,smallest;median_size;min_group0_fraction,fresh;direct;fast,,,,2.8339854907244444e-06,,,0.0002375410113018006,1.400001929141581e-05,0.0012056659907102585
0.0038646670000161976,bank_c0_k10_seed10002,0,bank,direct,33648,runs/diversity-v1/bank_seed10002/bank_c0_k10_seed10002/r2_direct.json,0.0004277499974705279,36fc90d77ef867d16212c36fe7c5a3eb430b3db8814417ebde0d55e3de55c04b,0,2,0.004300749977119267,8.332979632541537e-06,10002,2026-09-26T07:44:22.124109+00:00,smallest;median_size;min_group0_fraction,direct;fast;fresh,0.0,0.0,0.001493749994551763,0.0003899189759977162,0.0005638320290017873,0.0014171660004649311,,,
0.0014115000085439533,bank_c0_k10_seed10002,0,bank,fast,33648,runs/diversity-v1/bank_seed10002/bank_c0_k10_seed10002/r2_fast.json,0.0003544999926816672,36fc90d77ef867d16212c36fe7c5a3eb430b3db8814417ebde0d55e3de55c04b,1,2,0.001766291999956593,2.9199873097240925e-07,10002,2026-09-26T07:44:22.127675+00:00,smallest;median_size;min_group0_fraction,direct;fast;fresh,,,,1.875974703580141e-06,,,0.00024012502399273217,1.2958014849573374e-05,0.0011565409949980676
0.21301799998036586,bank_c0_k10_seed10002,0,bank,fresh,33648,runs/diversity-v1/bank_seed10002/bank_c0_k10_seed10002/r2_fresh.json,0.0005172920064069331,36fc90d77ef867d16212c36fe7c5a3eb430b3db8814417ebde0d55e3de55c04b,2,2,0.21353962499415502,4.3330073822289705e-06,10002,2026-09-26T07:44:22.342846+00:00,smallest;median_size;min_group0_fraction,direct;fast;fresh,0.0,0.002638459001900628,0.0,0.0012556249857880175,0.20774250000249594,0.0013814159901812673,,,
0.21385920900502242,bank_c19_k10_seed10002,19,bank,fresh,33666,runs/diversity-v1/bank_seed10002/bank_c19_k10_seed10002/r0_fresh.json,0.0005468750023283064,31c84cec058464ab9a79a9cb06cdeee390856868170b2b9565ff8b99b2d41c72,0,0,0.21440995897864923,3.8749712985008955e-06,10002,2026-09-26T07:44:23.150978+00:00,largest;max_group0_fraction;min_surviving_smaller_group,fresh;direct;fast,0.0,0.0026321659970562905,0.0,0.0013139971415512264,0.20853125388384797,0.0013817919825669378,,,
0.0038252499944064766,bank_c19_k10_seed10002,19,bank,direct,33666,runs/diversity-v1/bank_seed10002/bank_c19_k10_seed10002/r0_direct.json,0.0004241660062689334,31c84cec058464ab9a79a9cb06cdeee390856868170b2b9565ff8b99b2d41c72,1,0,0.0042552080121822655,5.792011506855488e-06,10002,2026-09-26T07:44:23.157500+00:00,largest;max_group0_fraction;min_surviving_smaller_group,fresh;direct;fast,0.0,0.0,0.0015187920071184635,0.0003601250355131924,0.000567874958505854,0.0013784579932689667,,,
0.0013994170003570616,bank_c19_k10_seed10002,19,bank,fast,33666,runs/diversity-v1/bank_seed10002/bank_c19_k10_seed10002/r0_fast.json,0.000367750006262213,31c84cec058464ab9a79a9cb06cdeee390856868170b2b9565ff8b99b2d41c72,2,0,0.001767457986716181,2.9098009690642357e-07,10002,2026-09-26T07:44:23.161039+00:00,largest;max_group0_fraction;min_surviving_smaller_group,fresh;direct;fast,,,,1.9989965949207544e-06,,,0.00023920901003293693,1.4749995898455381e-05,0.0011434589978307486
0.00390904099913314,bank_c19_k10_seed10002,19,bank,direct,33666,runs/diversity-v1/bank_seed10002/bank_c19_k10_seed10002/r1_direct.json,0.00043987500248476863,31c84cec058464ab9a79a9cb06cdeee390856868170b2b9565ff8b99b2d41c72,0,1,0.004355125012807548,6.209011189639568e-06,10002,2026-09-26T07:44:23.206502+00:00,largest;max_group0_fraction;min_surviving_smaller_group,direct;fast;fresh,0.0,0.0,0.001499250007327646,0.0003752060583792627,0.0005790019349660724,0.0014555829984601587,,,
0.0013934159942436963,bank_c19_k10_seed10002,19,bank,fast,33666,runs/diversity-v1/bank_seed10002/bank_c19_k10_seed10002/r1_fast.json,0.0003593339934013784,31c84cec058464ab9a79a9cb06cdeee390856868170b2b9565ff8b99b2d41c72,1,1,0.001752999989548698,2.500019036233425e-07,10002,2026-09-26T07:44:23.210045+00:00,largest;max_group0_fraction;min_surviving_smaller_group,direct;fast;fresh,,,,1.748994691297412e-06,,,0.00023566701565869153,1.2290984159335494e-05,0.001143708999734372
0.21172120902338065,bank_c19_k10_seed10002,19,bank,fresh,33666,runs/diversity-v1/bank_seed10002/bank_c19_k10_seed10002/r1_fresh.json,0.0005155830003786832,31c84cec058464ab9a79a9cb06cdeee390856868170b2b9565ff8b99b2d41c72,2,1,0.2122409170260653,4.125002305954695e-06,10002,2026-09-26T07:44:23.423859+00:00,largest;max_group0_fraction;min_surviving_smaller_group,direct;fast;fresh,0.0,0.0026510409952607006,0.0,0.0012608329998329282,0.20641508503467776,0.0013942499936092645,,,
0.0014521249977406114,bank_c19_k10_seed10002,19,bank,fast,33666,runs/diversity-v1/bank_seed10002/bank_c19_k10_seed10002/r2_fast.json,0.00046824998571537435,31c84cec058464ab9a79a9cb06cdeee390856868170b2b9565ff8b99b2d41c72,0,2,0.0019210419850423932,6.67001586407423e-07,10002,2026-09-26T07:44:23.467223+00:00,largest;max_group0_fraction;min_surviving_smaller_group,fast;fresh;direct,,,,2.0419538486748934e-06,,,0.0002482500276528299,1.575000351294875e-05,0.001186083012726158
0.2138455829990562,bank_c19_k10_seed10002,19,bank,fresh,33666,runs/diversity-v1/bank_seed10002/bank_c19_k10_seed10002/r2_fresh.json,0.0005091250059194863,31c84cec058464ab9a79a9cb06cdeee390856868170b2b9565ff8b99b2d41c72,1,2,0.2143582080025226,3.4999975468963385e-06,10002,2026-09-26T07:44:23.683177+00:00,largest;max_group0_fraction;min_surviving_smaller_group,fast;fresh;direct,0.0,0.0027021249989047647,0.0,0.0013076699688099325,0.20844032903551124,0.0013954589958302677,,,
0.0038249580247793347,bank_c19_k10_seed10002,19,bank,direct,33666,runs/diversity-v1/bank_seed10002/bank_c19_k10_seed10002/r2_direct.json,0.00043241700041107833,31c84cec058464ab9a79a9cb06cdeee390856868170b2b9565ff8b99b2d41c72,2,2,0.0042620840249583125,4.708999767899513e-06,10002,2026-09-26T07:44:23.689644+00:00,largest;max_group0_fraction;min_surviving_smaller_group,fast;fresh;direct,0.0,0.0,0.0014926250150892884,0.0003498349688015878,0.0005589150241576135,0.001423583016730845,,,
0.003899291012203321,bank_c0_k10_seed10003,0,bank,direct,33646,runs/diversity-v1/bank_seed10003/bank_c0_k10_seed10003/r0_direct.json,0.00042916700476780534,3c4537731a2715e6dcda5eac475c00ae8416cf999fc7ed0bceff1e3d6cd71526,0,0,0.004336500016506761,8.041999535635114e-06,10003,2026-09-26T07:44:24.740772+00:00,smallest;median_size;min_group0_fraction,direct;fast;fresh,0.0,0.0,0.001550625020172447,0.00037945396616123617,0.0005831700109411031,0.0013860420149285346,,,
0.001387083000736311,bank_c0_k10_seed10003,0,bank,fast,33646,runs/diversity-v1/bank_seed10003/bank_c0_k10_seed10003/r0_fast.json,0.0003667089913506061,3c4537731a2715e6dcda5eac475c00ae8416cf999fc7ed0bceff1e3d6cd71526,1,0,0.0017542919958941638,5.00003807246685e-07,10003,2026-09-26T07:44:24.744430+00:00,smallest;median_size;min_group0_fraction,direct;fast;fresh,,,,2.749002305790782e-06,,,0.00024399999529123306,1.645900192670524e-05,0.001123875001212582
0.2121523329988122,bank_c0_k10_seed10003,0,bank,fresh,33646,runs/diversity-v1/bank_seed10003/bank_c0_k10_seed10003/r0_fresh.json,0.0005202500033192337,3c4537731a2715e6dcda5eac475c00ae8416cf999fc7ed0bceff1e3d6cd71526,2,0,0.21267679199809209,4.208995960652828e-06,10003,2026-09-26T07:44:24.958757+00:00,smallest;median_size;min_group0_fraction,direct;fast;fresh,0.0,0.0026062089891638607,0.0,0.0012511229142546654,0.2069372510886751,0.001357750006718561,,,
0.0014125420129857957,bank_c0_k10_seed10003,0,bank,fast,33646,runs/diversity-v1/bank_seed10003/bank_c0_k10_seed10003/r1_fast.json,0.00048179199802689254,3c4537731a2715e6dcda5eac475c00ae8416cf999fc7ed0bceff1e3d6cd71526,0,1,0.001894541986985132,2.0797597244381905e-07,10003,2026-09-26T07:44:25.001705+00:00,smallest;median_size;min_group0_fraction,fast;fresh;direct,,,,2.459040842950344e-06,,,0.00024591697729192674,1.4582998119294643e-05,0.001149582996731624
0.2149533329939004,bank_c0_k10_seed10003,0,bank,fresh,33646,runs/diversity-v1/bank_seed10003/bank_c0_k10_seed10003/r1_fresh.json,0.0005281670019030571,3c4537731a2715e6dcda5eac475c00ae8416cf999fc7ed0bceff1e3d6cd71526,1,1,0.21548620899557136,4.708999767899513e-06,10003,2026-09-26T07:44:25.218872+00:00,smallest;median_size;min_group0_fraction,fast;fresh;direct,0.0,0.002662000013515353,0.0,0.0013074178714305162,0.20962837411207147,0.0013555409968830645,,,
0.005173750018002465,bank_c0_k10_seed10003,0,bank,direct,33646,runs/diversity-v1/bank_seed10003/bank_c0_k10_seed10003/r1_direct.json,0.0005003330006729811,3c4537731a2715e6dcda5eac475c00ae8416cf999fc7ed0bceff1e3d6cd71526,2,1,0.005681958020431921,7.875001756474376e-06,10003,2026-09-26T07:44:25.226849+00:00,smallest;median_size;min_group0_fraction,fast;fresh;direct,0.0,0.0,0.00297483301255852,0.000349586975062266,0.0005301220226101577,0.0013192080077715218,,,
0.212139124982059,bank_c0_k10_seed10003,0,bank,fresh,33646,runs/diversity-v1/bank_seed10003/bank_c0_k10_seed10003/r2_fresh.json,0.0004950000147800893,3c4537731a2715e6dcda5eac475c00ae8416cf999fc7ed0bceff1e3d6cd71526,0,2,0.21263791699311696,3.7919962778687477e-06,10003,2026-09-26T07:44:25.480162+00:00,smallest;median_size;min_group0_fraction,fresh;direct;fast,0.0,0.002680083009181544,0.0,0.001264080055989325,0.2068133789289277,0.001381582987960428,,,
0.0038847920077387244,bank_c0_k10_seed10003,0,bank,direct,33646,runs/diversity-v1/bank_seed10003/bank_c0_k10_seed10003/r2_direct.json,0.0004507910052780062,3c4537731a2715e6dcda5eac475c00ae8416cf999fc7ed0bceff1e3d6cd71526,1,2,0.004340332990977913,4.749977961182594e-06,10003,2026-09-26T07:44:25.486603+00:00,smallest;median_size;min_group0_fraction,fresh;direct;fast,0.0,0.0,0.0016726250178180635,0.00033470799098722637,0.0005394170002546161,0.0013380419986788183,,,
0.0013624579878523946,bank_c0_k10_seed10003,0,bank,fast,33646,runs/diversity-v1/bank_seed10003/bank_c0_k10_seed10003/r2_fast.json,0.00037662501563318074,3c4537731a2715e6dcda5eac475c00ae8416cf999fc7ed0bceff1e3d6cd71526,2,2,0.0017393330053891987,2.500019036233425e-07,10003,2026-09-26T07:44:25.490223+00:00,smallest;median_size;min_group0_fraction,fresh;direct;fast,,,,1.8749851733446121e-06,,,0.00024049999774433672,1.4166987966746092e-05,0.0011059160169679672
0.0014482910046353936,bank_c19_k10_seed10003,19,bank,fast,33642,runs/diversity-v1/bank_seed10003/bank_c19_k10_seed10003/r0_fast.json,0.0003797090030275285,52468bfcdda949dd9f7cda1ea478e5ef0fc88c3ed92523500e07a2d4dfc886d0,0,0,0.0018284170073457062,4.169996827840805e-07,10003,2026-09-26T07:44:26.086003+00:00,largest;max_group0_fraction;min_surviving_smaller_group,fast;fresh;direct,,,,2.1239975467324257e-06,,,0.00025029201060533524,1.562500256113708e-05,0.0011802499939221889
0.21371608300250955,bank_c19_k10_seed10003,19,bank,fresh,33642,runs/diversity-v1/bank_seed10003/bank_c19_k10_seed10003/r0_fresh.json,0.0005143329908605665,52468bfcdda949dd9f7cda1ea478e5ef0fc88c3ed92523500e07a2d4dfc886d0,1,0,0.21423470799345523,4.292000085115433e-06,10003,2026-09-26T07:44:26.302062+00:00,largest;max_group0_fraction;min_surviving_smaller_group,fast;fresh;direct,0.0,0.0026095419889315963,0.0,0.0012597508903127164,0.20846479013562202,0.001381999987643212,,,
0.003757333994144574,bank_c19_k10_seed10003,19,bank,direct,33642,runs/diversity-v1/bank_seed10003/bank_c19_k10_seed10003/r0_direct.json,0.00045449999743141234,52468bfcdda949dd9f7cda1ea478e5ef0fc88c3ed92523500e07a2d4dfc886d0,2,0,0.0042186670179944485,6.833026418462396e-06,10003,2026-09-26T07:44:26.308607+00:00,largest;max_group0_fraction;min_surviving_smaller_group,fast;fresh;direct,0.0,0.0,0.0014882080140523612,0.0003525029169395566,0.000546582043170929,0.001370041019981727,,,
0.21389391701086424,bank_c19_k10_seed10003,19,bank,fresh,33642,runs/diversity-v1/bank_seed10003/bank_c19_k10_seed10003/r1_fresh.json,0.0005047500017099082,52468bfcdda949dd9f7cda1ea478e5ef0fc88c3ed92523500e07a2d4dfc886d0,0,1,0.21440229201107286,3.6249984987080097e-06,10003,2026-09-26T07:44:26.563714+00:00,largest;max_group0_fraction;min_surviving_smaller_group,fresh;direct;fast,0.0,0.0026101669936906546,0.0,0.0012417920515872538,0.20863141695735976,0.0014105410082265735,,,
0.003908582992153242,bank_c19_k10_seed10003,19,bank,direct,33642,runs/diversity-v1/bank_seed10003/bank_c19_k10_seed10003/r1_direct.json,0.00044808301026932895,52468bfcdda949dd9f7cda1ea478e5ef0fc88c3ed92523500e07a2d4dfc886d0,1,1,0.004361500003142282,4.8340007197111845e-06,10003,2026-09-26T07:44:26.570220+00:00,largest;max_group0_fraction;min_surviving_smaller_group,fresh;direct;fast,0.0,0.0,0.0016430410032626241,0.00034271099139004946,0.0005442470137495548,0.0013785839837510139,,,
0.001417041989043355,bank_c19_k10_seed10003,19,bank,fast,33642,runs/diversity-v1/bank_seed10003/bank_c19_k10_seed10003/r1_fast.json,0.00035875002504326403,52468bfcdda949dd9f7cda1ea478e5ef0fc88c3ed92523500e07a2d4dfc886d0,2,1,0.0017762920178938657,5.00003807246685e-07,10003,2026-09-26T07:44:26.573962+00:00,largest;max_group0_fraction;min_surviving_smaller_group,fresh;direct;fast,,,,1.95796019397676e-06,,,0.0002414170012343675,1.387501833960414e-05,0.0011597920092754066
0.0038214580272324383,bank_c19_k10_seed10003,19,bank,direct,33642,runs/diversity-v1/bank_seed10003/bank_c19_k10_seed10003/r2_direct.json,0.0005254169809632003,52468bfcdda949dd9f7cda1ea478e5ef0fc88c3ed92523500e07a2d4dfc886d0,0,2,0.004354292002972215,7.4169947765767574e-06,10003,2026-09-26T07:44:26.619176+00:00,largest;max_group0_fraction;min_surviving_smaller_group,direct;fast;fresh,0.0,0.0,0.0014939999964553863,0.00035833491710945964,0.0005515401135198772,0.0014175830001477152,,,
0.0014513329952023923,bank_c19_k10_seed10003,19,bank,fast,33642,runs/diversity-v1/bank_seed10003/bank_c19_k10_seed10003/r2_fast.json,0.0006164590013213456,52468bfcdda949dd9f7cda1ea478e5ef0fc88c3ed92523500e07a2d4dfc886d0,1,2,0.0020686250063590705,8.330098353326321e-07,10003,2026-09-26T07:44:26.623235+00:00,largest;max_group0_fraction;min_surviving_smaller_group,direct;fast;fresh,,,,2.207991201430559e-06,,,0.0002626249915920198,1.7999991541728377e-05,0.0011685000208672136
0.2132114999985788,bank_c19_k10_seed10003,19,bank,fresh,33642,runs/diversity-v1/bank_seed10003/bank_c19_k10_seed10003/r2_fresh.json,0.0005022920086048543,52468bfcdda949dd9f7cda1ea478e5ef0fc88c3ed92523500e07a2d4dfc886d0,2,2,0.21371820801869035,4.416011506691575e-06,10003,2026-09-26T07:44:26.838461+00:00,largest;max_group0_fraction;min_surviving_smaller_group,direct;fast;fresh,0.0,0.002659874997334555,0.0,0.0012441210565157235,0.20789279593736865,0.0014147080073598772,,,
0.21458400000119582,bank_c0_k10_seed10004,0,bank,fresh,33652,runs/diversity-v1/bank_seed10004/bank_c0_k10_seed10004/r0_fresh.json,0.0005652089894283563,7d1a7763318b4e18bf146f9f0e3b34935b5732a642173b767311e7c9459d6b71,0,0,0.2151530839910265,3.875000402331352e-06,10004,2026-09-26T07:44:28.122235+00:00,smallest;median_size;min_group0_fraction,fresh;direct;fast,0.0,0.0026984580035787076,0.0,0.0013366659404709935,0.20915200107265264,0.0013968749844934791,,,
0.005190875002881512,bank_c0_k10_seed10004,0,bank,direct,33652,runs/diversity-v1/bank_seed10004/bank_c0_k10_seed10004/r0_direct.json,0.0004882919893134385,7d1a7763318b4e18bf146f9f0e3b34935b5732a642173b767311e7c9459d6b71,1,0,0.005685084004653618,5.917012458667159e-06,10004,2026-09-26T07:44:28.130403+00:00,smallest;median_size;min_group0_fraction,fresh;direct;fast,0.0,0.0,0.002973416994791478,0.0003490359231363982,0.0005204220651648939,0.001348000019788742,,,
0.0014364999951794744,bank_c0_k10_seed10004,0,bank,fast,33652,runs/diversity-v1/bank_seed10004/bank_c0_k10_seed10004/r0_fast.json,0.0003812500217463821,7d1a7763318b4e18bf146f9f0e3b34935b5732a642173b767311e7c9459d6b71,2,0,0.0018181250197812915,3.7500285543501377e-07,10004,2026-09-26T07:44:28.134207+00:00,smallest;median_size;min_group0_fraction,fresh;direct;fast,,,,2.540997229516506e-06,,,0.0002313339791726321,1.6458012396469712e-05,0.001186167006380856
0.003987208008766174,bank_c0_k10_seed10004,0,bank,direct,33652,runs/diversity-v1/bank_seed10004/bank_c0_k10_seed10004/r1_direct.json,0.0004487499827519059,7d1a7763318b4e18bf146f9f0e3b34935b5732a642173b767311e7c9459d6b71,0,1,0.0044434159935917705,7.458002073690295e-06,10004,2026-09-26T07:44:28.180012+00:00,smallest;median_size;min_group0_fraction,direct;fast;fresh,0.0,0.0,0.0016478339966852218,0.0003641690709628165,0.0005487049638759345,0.0014264999772422016,,,
0.001405165996402502,bank_c0_k10_seed10004,0,bank,fast,33652,runs/diversity-v1/bank_seed10004/bank_c0_k10_seed10004/r1_fast.json,0.000351458991644904,7d1a7763318b4e18bf146f9f0e3b34935b5732a642173b767311e7c9459d6b71,1,1,0.0017569169867783785,2.9199873097240925e-07,10004,2026-09-26T07:44:28.183559+00:00,smallest;median_size;min_group0_fraction,direct;fast;fresh,,,,1.9160215742886066e-06,,,0.00023725000210106373,1.2999982573091984e-05,0.0011529999901540577
0.2125915829965379,bank_c0_k10_seed10004,0,bank,fresh,33652,runs/diversity-v1/bank_seed10004/bank_c0_k10_seed10004/r1_fresh.json,0.0005050420004408807,7d1a7763318b4e18bf146f9f0e3b34935b5732a642173b767311e7c9459d6b71,2,1,0.2130999590153806,3.334018401801586e-06,10004,2026-09-26T07:44:28.398332+00:00,smallest;median_size;min_group0_fraction,direct;fast;fresh,0.0,0.0027331250021234155,0.0,0.0012662068475037813,0.20721129214507528,0.0013809590018354356,,,
0.0014493339986074716,bank_c0_k10_seed10004,0,bank,fast,33652,runs/diversity-v1/bank_seed10004/bank_c0_k10_seed10004/r2_fast.json,0.0004519580106716603,7d1a7763318b4e18bf146f9f0e3b34935b5732a642173b767311e7c9459d6b71,0,2,0.0019016669830307364,3.7497375160455704e-07,10004,2026-09-26T07:44:28.441646+00:00,smallest;median_size;min_group0_fraction,fast;fresh;direct,,,,2.168002538383007e-06,,,0.0002467499871272594,1.4374993043020368e-05,0.0011860410158988088
0.21435062499949709,bank_c0_k10_seed10004,0,bank,fresh,33652,runs/diversity-v1/bank_seed10004/bank_c0_k10_seed10004/r2_fresh.json,0.0005163750029169023,7d1a7763318b4e18bf146f9f0e3b34935b5732a642173b767311e7c9459d6b71,1,2,0.2148706250009127,3.6249984987080097e-06,10004,2026-09-26T07:44:28.658114+00:00,smallest;median_size;min_group0_fraction,fast;fresh;direct,0.0,0.0027230000123381615,0.0,0.001305374113144353,0.20893283386249095,0.0013894170115236193,,,
0.005241875012870878,bank_c0_k10_seed10004,0,bank,direct,33652,runs/diversity-v1/bank_seed10004/bank_c0_k10_seed10004/r2_direct.json,0.0004276249965187162,7d1a7763318b4e18bf146f9f0e3b34935b5732a642173b767311e7c9459d6b71,2,2,0.0056747499911580235,5.249981768429279e-06,10004,2026-09-26T07:44:28.666019+00:00,smallest;median_size;min_group0_fraction,fast;fresh;direct,0.0,0.0,0.0028979159833397716,0.0003517090517561883,0.0005514579825103283,0.0014407919952645898,,,
0.003939999995054677,bank_c19_k10_seed10004,19,bank,direct,33650,runs/diversity-v1/bank_seed10004/bank_c19_k10_seed10004/r0_direct.json,0.00043741700937971473,6b00aa1c8d7202e105089f4a49fd932977f4646e6c8cce55cb5ef04fe6ee34c1,0,0,0.004384250001749024,6.832997314631939e-06,10004,2026-09-26T07:44:29.280888+00:00,largest;max_group0_fraction;min_surviving_smaller_group,direct;fast;fresh,0.0,0.0,0.00152283301576972,0.00035854693851433694,0.0005621620221063495,0.0014964580186642706,,,
0.001417083025444299,bank_c19_k10_seed10004,19,bank,fast,33650,runs/diversity-v1/bank_seed10004/bank_c19_k10_seed10004/r0_fast.json,0.0003605419769883156,6b00aa1c8d7202e105089f4a49fd932977f4646e6c8cce55cb5ef04fe6ee34c1,1,0,0.0017778749752324075,2.499727997928858e-07,10004,2026-09-26T07:44:29.284521+00:00,largest;max_group0_fraction;min_surviving_smaller_group,direct;fast;fresh,,,,1.7500133253633976e-06,,,0.00024087500059977174,1.7000013031065464e-05,0.0011574579984880984
0.21367366699269041,bank_c19_k10_seed10004,19,bank,fresh,33650,runs/diversity-v1/bank_seed10004/bank_c19_k10_seed10004/r0_fresh.json,0.0005147919873706996,6b00aa1c8d7202e105089f4a49fd932977f4646e6c8cce55cb5ef04fe6ee34c1,2,0,0.21419204198173247,3.583001671358943e-06,10004,2026-09-26T07:44:29.500218+00:00,largest;max_group0_fraction;min_surviving_smaller_group,direct;fast;fresh,0.0,0.002658999990671873,0.0,0.001307665923377499,0.20830500108422711,0.0014019999944139272,,,
0.0014741670165676624,bank_c19_k10_seed10004,19,bank,fast,33650,runs/diversity-v1/bank_seed10004/bank_c19_k10_seed10004/r1_fast.json,0.0005170000076759607,6b00aa1c8d7202e105089f4a49fd932977f4646e6c8cce55cb5ef04fe6ee34c1,0,1,0.0019915000011678785,3.329769242554903e-07,10004,2026-09-26T07:44:29.543834+00:00,largest;max_group0_fraction;min_surviving_smaller_group,fast;fresh;direct,,,,2.1260057110339403e-06,,,0.0002484580036252737,1.7167010810226202e-05,0.0012064159964211285
0.21497550001367927,bank_c19_k10_seed10004,19,bank,fresh,33650,runs/diversity-v1/bank_seed10004/bank_c19_k10_seed10004/r1_fresh.json,0.0005308330000843853,6b00aa1c8d7202e105089f4a49fd932977f4646e6c8cce55cb5ef04fe6ee34c1,1,1,0.21551108302082866,4.750007065013051e-06,10004,2026-09-26T07:44:29.761157+00:00,largest;max_group0_fraction;min_surviving_smaller_group,fast;fresh;direct,0.0,0.0026192920049652457,0.0,0.0012960848689544946,0.2096480401523877,0.0014120829873718321,,,
0.0051767079858109355,bank_c19_k10_seed10004,19,bank,direct,33650,runs/diversity-v1/bank_seed10004/bank_c19_k10_seed10004/r1_direct.json,0.00045074999798089266,6b00aa1c8d7202e105089f4a49fd932977f4646e6c8cce55cb5ef04fe6ee34c1,2,1,0.005635541980154812,8.08399636298418e-06,10004,2026-09-26T07:44:29.769202+00:00,largest;max_group0_fraction;min_surviving_smaller_group,fast;fresh;direct,0.0,0.0,0.0028853330004494637,0.0003672489256132394,0.0005490420444402844,0.001375084015307948,,,
0.2143254580150824,bank_c19_k10_seed10004,19,bank,fresh,33650,runs/diversity-v1/bank_seed10004/bank_c19_k10_seed10004/r2_fresh.json,0.0005141669826116413,6b00aa1c8d7202e105089f4a49fd932977f4646e6c8cce55cb5ef04fe6ee34c1,0,2,0.21484349999809638,3.875000402331352e-06,10004,2026-09-26T07:44:30.025448+00:00,largest;max_group0_fraction;min_surviving_smaller_group,fresh;direct;fast,0.0,0.002641333994688466,0.0,0.0013341661833692342,0.20896504184929654,0.0013849159877281636,,,
0.003881499986164272,bank_c19_k10_seed10004,19,bank,direct,33650,runs/diversity-v1/bank_seed10004/bank_c19_k10_seed10004/r2_direct.json,0.00047666701721027493,6b00aa1c8d7202e105089f4a49fd932977f4646e6c8cce55cb5ef04fe6ee34c1,1,2,0.004363500018371269,5.333014996722341e-06,10004,2026-09-26T07:44:30.032040+00:00,largest;max_group0_fraction;min_surviving_smaller_group,fresh;direct;fast,0.0,0.0,0.0015102089964784682,0.00037249995511956513,0.000577708036871627,0.0014210829976946115,,,
0.0014085000148043036,bank_c19_k10_seed10004,19,bank,fast,33650,runs/diversity-v1/bank_seed10004/bank_c19_k10_seed10004/r2_fast.json,0.00036662499769590795,6b00aa1c8d7202e105089f4a49fd932977f4646e6c8cce55cb5ef04fe6ee34c1,2,2,0.001775417011231184,2.9199873097240925e-07,10004,2026-09-26T07:44:30.035729+00:00,largest;max_group0_fraction;min_surviving_smaller_group,fresh;direct;fast,,,,1.7910206224769354e-06,,,0.0002373750030528754,1.6542006051167846e-05,0.0011527919850777835
0.006286332994932309,credit_c0_k10_seed10000,0,credit,fast,18350,runs/diversity-v1/credit_seed10000/credit_c0_k10_seed10000/r0_fast.json,0.0003497079887893051,e6c5e43d87a02f5e833beed7c52b46b0adadc9b0abd932be5e3cbb0ecb85ce75,0,0,0.006636665988480672,6.250047590583563e-07,10000,2026-09-26T07:44:31.165271+00:00,smallest;median_size;min_group0_fraction,fast;fresh;direct,,,,3.3329997677356005e-06,,,0.0011486250150483102,3.833399387076497e-05,0.005096040986245498
0.16365312499692664,credit_c0_k10_seed10000,0,credit,fresh,18350,runs/diversity-v1/credit_seed10000/credit_c0_k10_seed10000/r0_fresh.json,0.00041520901140756905,e6c5e43d87a02f5e833beed7c52b46b0adadc9b0abd932be5e3cbb0ecb85ce75,1,0,0.16408104199217632,1.2707983842119575e-05,10000,2026-09-26T07:44:31.331557+00:00,smallest;median_size;min_group0_fraction,fast;fresh;direct,0.0,0.0019880420004483312,0.0,0.0023933768970891833,0.15312249810085632,0.006149207998532802,,,
0.010701749997679144,credit_c0_k10_seed10000,0,credit,direct,18350,runs/diversity-v1/credit_seed10000/credit_c0_k10_seed10000/r0_direct.json,0.00034070899710059166,e6c5e43d87a02f5e833beed7c52b46b0adadc9b0abd932be5e3cbb0ecb85ce75,2,0,0.011048249987652525,5.790992872789502e-06,10000,2026-09-26T07:44:31.345102+00:00,smallest;median_size;min_group0_fraction,fast;fresh;direct,0.0,0.0,0.0019267090247012675,0.000764369877288118,0.00187388010090217,0.006136790994787589,,,
0.1629155830014497,credit_c0_k10_seed10000,0,credit,fresh,18350,runs/diversity-v1/credit_seed10000/credit_c0_k10_seed10000/r1_fresh.json,0.000445916986791417,e6c5e43d87a02f5e833beed7c52b46b0adadc9b0abd932be5e3cbb0ecb85ce75,0,1,0.16337429199484177,1.2792006600648165e-05,10000,2026-09-26T07:44:31.628324+00:00,smallest;median_size;min_group0_fraction,fresh;direct;fast,0.0,0.0017386670224368572,0.0,0.0024376700166612864,0.15269157994771376,0.006047666014637798,,,
0.009904915990773588,credit_c0_k10_seed10000,0,credit,direct,18350,runs/diversity-v1/credit_seed10000/credit_c0_k10_seed10000/r1_direct.json,0.0003255420015193522,e6c5e43d87a02f5e833beed7c52b46b0adadc9b0abd932be5e3cbb0ecb85ce75,1,1,0.010236125002847984,5.6670105550438166e-06,10000,2026-09-26T07:44:31.640952+00:00,smallest;median_size;min_group0_fraction,fresh;direct;fast,0.0,0.0,0.0012284580152481794,0.0007211959455162287,0.0017779710469767451,0.006177290983032435,,,
0.006227790989214554,credit_c0_k10_seed10000,0,credit,fast,18350,runs/diversity-v1/credit_seed10000/credit_c0_k10_seed10000/r1_fast.json,0.0003081250179093331,e6c5e43d87a02f5e833beed7c52b46b0adadc9b0abd932be5e3cbb0ecb85ce75,2,1,0.006536333006806672,4.169996827840805e-07,10000,2026-09-26T07:44:31.649765+00:00,smallest;median_size;min_group0_fraction,fresh;direct;fast,,,,2.540997229516506e-06,,,0.0011248750088270754,3.199998172931373e-05,0.005068375001428649
0.00994300001184456,credit_c0_k10_seed10000,0,credit,direct,18350,runs/diversity-v1/credit_seed10000/credit_c0_k10_seed10000/r2_direct.json,0.0004138750082347542,e6c5e43d87a02f5e833beed7c52b46b0adadc9b0abd932be5e3cbb0ecb85ce75,0,2,0.010365541995270178,8.666975190863013e-06,10000,2026-09-26T07:44:31.779974+00:00,smallest;median_size;min_group0_fraction,direct;fast;fresh,0.0,0.0,0.0012200409837532789,0.0007636257505510002,0.001908500271383673,0.0060508330061566085,,,
0.006068291986593977,credit_c0_k10_seed10000,0,credit,fast,18350,runs/diversity-v1/credit_seed10000/credit_c0_k10_seed10000/r2_fast.json,0.00030612500268034637,e6c5e43d87a02f5e833beed7c52b46b0adadc9b0abd932be5e3cbb0ecb85ce75,1,2,0.006374874996254221,4.580069798976183e-07,10000,2026-09-26T07:44:31.788544+00:00,smallest;median_size;min_group0_fraction,direct;fast;fresh,,,,2.1259766072034836e-06,,,0.0011135000095237046,2.8874987037852407e-05,0.004923791013425216
0.16132691700477153,credit_c0_k10_seed10000,0,credit,fresh,18350,runs/diversity-v1/credit_seed10000/credit_c0_k10_seed10000/r2_fresh.json,0.00037620801595039666,e6c5e43d87a02f5e833beed7c52b46b0adadc9b0abd932be5e3cbb0ecb85ce75,2,2,0.16171316700638272,1.0041985660791397e-05,10000,2026-09-26T07:44:31.952175+00:00,smallest;median_size;min_group0_fraction,direct;fast;fresh,0.0,0.0017463339900132269,0.0,0.0024227550311479717,0.15110703697428107,0.006050791009329259,,,
0.16314591700211167,credit_c99_k10_seed10000,99,credit,fresh,18344,runs/diversity-v1/credit_seed10000/credit_c99_k10_seed10000/r0_fresh.json,0.0004263749870005995,0281b94466bc8390bce8fc3dbac6be3606f236af23ca38a9b0dea6d0e8d8302b,0,0,0.16358566700364463,1.3375014532357454e-05,10000,2026-09-26T07:44:32.777009+00:00,largest;max_group0_fraction;min_surviving_smaller_group,fresh;direct;fast,0.0,0.001712832978228107,0.0,0.0024208759132307023,0.15294758309028111,0.00606462502037175,,,
0.00998208299279213,credit_c99_k10_seed10000,99,credit,direct,18344,runs/diversity-v1/credit_seed10000/credit_c99_k10_seed10000/r0_direct.json,0.00035020802170038223,0281b94466bc8390bce8fc3dbac6be3606f236af23ca38a9b0dea6d0e8d8302b,1,0,0.010338666004827246,6.374990334734321e-06,10000,2026-09-26T07:44:32.789923+00:00,largest;max_group0_fraction;min_surviving_smaller_group,fresh;direct;fast,0.0,0.0,0.0012055410188622773,0.0007536747434642166,0.0019071172282565385,0.006115750002209097,,,
0.006127792003098875,credit_c99_k10_seed10000,99,credit,fast,18344,runs/diversity-v1/credit_seed10000/credit_c99_k10_seed10000/r0_fast.json,0.0002981669967994094,0281b94466bc8390bce8fc3dbac6be3606f236af23ca38a9b0dea6d0e8d8302b,2,0,0.006426209001801908,2.500019036233425e-07,10000,2026-09-26T07:44:32.798522+00:00,largest;max_group0_fraction;min_surviving_smaller_group,fresh;direct;fast,,,,2.2500171326100826e-06,,,0.0011273749987594783,3.070899401791394e-05,0.004967457993188873
0.010055666993139312,credit_c99_k10_seed10000,99,credit,direct,18344,runs/diversity-v1/credit_seed10000/credit_c99_k10_seed10000/r1_direct.json,0.000479582988191396,0281b94466bc8390bce8fc3dbac6be3606f236af23ca38a9b0dea6d0e8d8302b,0,1,0.010544541000854224,9.291019523516297e-06,10000,2026-09-26T07:44:32.928253+00:00,largest;max_group0_fraction;min_surviving_smaller_group,direct;fast;fresh,0.0,0.0,0.0012095840065740049,0.0007940538343973458,0.0019485711527522653,0.006103457999415696,,,
0.006122958002379164,credit_c99_k10_seed10000,99,credit,fast,18344,runs/diversity-v1/credit_seed10000/credit_c99_k10_seed10000/r1_fast.json,0.0003540840116329491,0281b94466bc8390bce8fc3dbac6be3606f236af23ca38a9b0dea6d0e8d8302b,1,1,0.00647754201781936,5.00003807246685e-07,10000,2026-09-26T07:44:32.936994+00:00,largest;max_group0_fraction;min_surviving_smaller_group,direct;fast;fresh,,,,2.416985807940364e-06,,,0.0011429160076659173,3.158301115036011e-05,0.004946041997754946
0.16306633298518136,credit_c99_k10_seed10000,99,credit,fresh,18344,runs/diversity-v1/credit_seed10000/credit_c99_k10_seed10000/r1_fresh.json,0.0003964999923482537,0281b94466bc8390bce8fc3dbac6be3606f236af23ca38a9b0dea6d0e8d8302b,2,1,0.1634737909771502,1.0957999620586634e-05,10000,2026-09-26T07:44:33.102502+00:00,largest;max_group0_fraction;min_surviving_smaller_group,direct;fast;fresh,0.0,0.001733707991661504,0.0,0.00247062518610619,0.1528303328086622,0.0060316669987514615,,,
0.006346415990265086,credit_c99_k10_seed10000,99,credit,fast,18344,runs/diversity-v1/credit_seed10000/credit_c99_k10_seed10000/r2_fast.json,0.0004956669872626662,0281b94466bc8390bce8fc3dbac6be3606f236af23ca38a9b0dea6d0e8d8302b,0,2,0.00684274997911416,6.67001586407423e-07,10000,2026-09-26T07:44:33.230312+00:00,largest;max_group0_fraction;min_surviving_smaller_group,fast;fresh;direct,,,,3.957014996558428e-06,,,0.00106337497709319,3.791699418798089e-05,0.005241167003987357
0.16196991599281318,credit_c99_k10_seed10000,99,credit,fresh,18344,runs/diversity-v1/credit_seed10000/credit_c99_k10_seed10000/r2_fresh.json,0.0004065000102855265,0281b94466bc8390bce8fc3dbac6be3606f236af23ca38a9b0dea6d0e8d8302b,1,2,0.16239225000026636,1.5833997167646885e-05,10000,2026-09-26T07:44:33.395441+00:00,largest;max_group0_fraction;min_surviving_smaller_group,fast;fresh;direct,0.0,0.0017612079973332584,0.0,0.0024086701159831136,0.15158741289633326,0.0062126249831635505,,,
0.010066165996249765,credit_c99_k10_seed10000,99,credit,direct,18344,runs/diversity-v1/credit_seed10000/credit_c99_k10_seed10000/r2_direct.json,0.0003296670038253069,0281b94466bc8390bce8fc3dbac6be3606f236af23ca38a9b0dea6d0e8d8302b,2,2,0.01040037500206381,4.542001988738775e-06,10000,2026-09-26T07:44:33.408393+00:00,largest;max_group0_fraction;min_surviving_smaller_group,fast;fresh;direct,0.0,0.0,0.0012624160153791308,0.000775218999478966,0.001834530965425074,0.006194000015966594,,,
0.01075554097769782,credit_c0_k10_seed10001,0,credit,direct,18440,runs/diversity-v1/credit_seed10001/credit_c0_k10_seed10001/r0_direct.json,0.00040187500417232513,b13770ea0e590e59e4c16d88366cffd078117c328bb006157a979f957611ff05,0,0,0.011165000003529713,7.584021659567952e-06,10001,2026-09-26T07:44:34.463432+00:00,smallest;median_size;min_group0_fraction,direct;fast;fresh,0.0,0.0,0.002035792014794424,0.000767821999033913,0.00192871896433644,0.006023207999533042,,,
0.006177625007694587,credit_c0_k10_seed10001,0,credit,fast,18440,runs/diversity-v1/credit_seed10001/credit_c0_k10_seed10001/r0_fast.json,0.00038104201667010784,b13770ea0e590e59e4c16d88366cffd078117c328bb006157a979f957611ff05,1,0,0.006559208006365225,5.409820005297661e-07,10001,2026-09-26T07:44:34.472423+00:00,smallest;median_size;min_group0_fraction,direct;fast;fresh,,,,3.875000402331352e-06,,,0.0011400840012356639,3.187500988133252e-05,0.005001790996175259
0.1623012500058394,credit_c0_k10_seed10001,0,credit,fresh,18440,runs/diversity-v1/credit_seed10001/credit_c0_k10_seed10001/r0_fresh.json,0.00042820797534659505,b13770ea0e590e59e4c16d88366cffd078117c328bb006157a979f957611ff05,2,0,0.16274191599222831,1.2458011042326689e-05,10001,2026-09-26T07:44:34.637298+00:00,smallest;median_size;min_group0_fraction,direct;fast;fresh,0.0,0.0019460409821476787,0.0,0.00247537627001293,0.15184974976000376,0.006030082993675023,,,
0.005910541978664696,credit_c0_k10_seed10001,0,credit,fast,18440,runs/diversity-v1/credit_seed10001/credit_c0_k10_seed10001/r1_fast.json,0.0003964159986935556,b13770ea0e590e59e4c16d88366cffd078117c328bb006157a979f957611ff05,0,1,0.006307749979896471,7.920025382190943e-07,10001,2026-09-26T07:44:34.760961+00:00,smallest;median_size;min_group0_fraction,fast;fresh;direct,,,,2.668006345629692e-06,,,0.0010717909899540246,3.391597419977188e-05,0.00480216700816527
0.16048449999652803,credit_c0_k10_seed10001,0,credit,fresh,18440,runs/diversity-v1/credit_seed10001/credit_c0_k10_seed10001/r1_fresh.json,0.0003839170094579458,b13770ea0e590e59e4c16d88366cffd078117c328bb006157a979f957611ff05,1,1,0.16088016700814478,1.1750002158805728e-05,10001,2026-09-26T07:44:34.923826+00:00,smallest;median_size;min_group0_fraction,fast;fresh;direct,0.0,0.0017084160062950104,0.0,0.002380208723479882,0.1503535002702847,0.006042374996468425,,,
0.010550792008871213,credit_c0_k10_seed10001,0,credit,direct,18440,runs/diversity-v1/credit_seed10001/credit_c0_k10_seed10001/r1_direct.json,0.0003308749874122441,b13770ea0e590e59e4c16d88366cffd078117c328bb006157a979f957611ff05,2,1,0.010887291980907321,5.624984623864293e-06,10001,2026-09-26T07:44:34.937233+00:00,smallest;median_size;min_group0_fraction,fast;fresh;direct,0.0,0.0,0.0018689999997150153,0.0007701250724494457,0.0018945839256048203,0.006017083011101931,,,
0.16271608299575746,credit_c0_k10_seed10001,0,credit,fresh,18440,runs/diversity-v1/credit_seed10001/credit_c0_k10_seed10001/r2_fresh.json,0.0004227090103086084,b13770ea0e590e59e4c16d88366cffd078117c328bb006157a979f957611ff05,0,2,0.16315304199815728,1.4249992091208696e-05,10001,2026-09-26T07:44:35.218117+00:00,smallest;median_size;min_group0_fraction,fresh;direct;fast,0.0,0.0016569589788559824,0.0,0.0024007530009839684,0.1526262040133588,0.006032167002558708,,,
0.01011758399545215,credit_c0_k10_seed10001,0,credit,direct,18440,runs/diversity-v1/credit_seed10001/credit_c0_k10_seed10001/r2_direct.json,0.00034249998861923814,b13770ea0e590e59e4c16d88366cffd078117c328bb006157a979f957611ff05,1,2,0.01046600000699982,5.91602292843163e-06,10001,2026-09-26T07:44:35.231062+00:00,smallest;median_size;min_group0_fraction,fresh;direct;fast,0.0,0.0,0.001360666996333748,0.0007248721376527101,0.001843669859226793,0.0061883750022388995,,,
0.006072999996831641,credit_c0_k10_seed10001,0,credit,fast,18440,runs/diversity-v1/credit_seed10001/credit_c0_k10_seed10001/r2_fast.json,0.00029820800409652293,b13770ea0e590e59e4c16d88366cffd078117c328bb006157a979f957611ff05,2,2,0.006371499999659136,2.9199873097240925e-07,10001,2026-09-26T07:44:35.239590+00:00,smallest;median_size;min_group0_fraction,fresh;direct;fast,,,,2.124957973137498e-06,,,0.0011400000075809658,2.962502185255289e-05,0.0049012500094249845
0.006253083003684878,credit_c99_k10_seed10001,99,credit,fast,18388,runs/diversity-v1/credit_seed10001/credit_c99_k10_seed10001/r0_fast.json,0.0003286669962108135,a53d36e84979b0a4031aa49b42b38e3d7644ba95ccc1b5cd65921e657fcc6c8c,0,0,0.00658237500465475,6.250047590583563e-07,10001,2026-09-26T07:44:35.897222+00:00,largest;max_group0_fraction;min_surviving_smaller_group,fast;fresh;direct,,,,2.375018084421754e-06,,,0.0011224999907426536,3.362499410286546e-05,0.0050945830007549375
0.16102733300067484,credit_c99_k10_seed10001,99,credit,fresh,18388,runs/diversity-v1/credit_seed10001/credit_c99_k10_seed10001/r0_fresh.json,0.00043145898962393403,a53d36e84979b0a4031aa49b42b38e3d7644ba95ccc1b5cd65921e657fcc6c8c,1,0,0.1614695419848431,1.0749994544312358e-05,10001,2026-09-26T07:44:36.060646+00:00,largest;max_group0_fraction;min_surviving_smaller_group,fast;fresh;direct,0.0,0.0017212090024258941,0.0,0.0024088711361400783,0.15065183586557396,0.006245416996534914,,,
0.010769542015623301,credit_c99_k10_seed10001,99,credit,direct,18388,runs/diversity-v1/credit_seed10001/credit_c99_k10_seed10001/r0_direct.json,0.0003525000065565109,a53d36e84979b0a4031aa49b42b38e3d7644ba95ccc1b5cd65921e657fcc6c8c,2,0,0.011130041995784268,7.99997360445559e-06,10001,2026-09-26T07:44:36.074489+00:00,largest;max_group0_fraction;min_surviving_smaller_group,fast;fresh;direct,0.0,0.0,0.001899249997222796,0.0007548268768005073,0.0018509651417843997,0.006264499999815598,,,
0.16130729101132601,credit_c99_k10_seed10001,99,credit,fresh,18388,runs/diversity-v1/credit_seed10001/credit_c99_k10_seed10001/r1_fresh.json,0.00040904199704527855,a53d36e84979b0a4031aa49b42b38e3d7644ba95ccc1b5cd65921e657fcc6c8c,0,1,0.16173016699030995,1.3833981938660145e-05,10001,2026-09-26T07:44:36.353975+00:00,largest;max_group0_fraction;min_surviving_smaller_group,fresh;direct;fast,0.0,0.001825374987674877,0.0,0.0024642480129841715,0.15079620899632573,0.006221459014341235,,,
0.01004920800914988,credit_c99_k10_seed10001,99,credit,direct,18388,runs/diversity-v1/credit_seed10001/credit_c99_k10_seed10001/r1_direct.json,0.00032029199064709246,a53d36e84979b0a4031aa49b42b38e3d7644ba95ccc1b5cd65921e657fcc6c8c,1,1,0.010374875011621043,5.375011824071407e-06,10001,2026-09-26T07:44:36.366747+00:00,largest;max_group0_fraction;min_surviving_smaller_group,fresh;direct;fast,0.0,0.0,0.0013005829823669046,0.0007286682084668428,0.001829122833441943,0.006190833984874189,,,
0.006231750012375414,credit_c99_k10_seed10001,99,credit,fast,18388,runs/diversity-v1/credit_seed10001/credit_c99_k10_seed10001/r1_fast.json,0.0002944159787148237,a53d36e84979b0a4031aa49b42b38e3d7644ba95ccc1b5cd65921e657fcc6c8c,2,1,0.006526332988869399,1.66997779160738e-07,10001,2026-09-26T07:44:36.375513+00:00,largest;max_group0_fraction;min_surviving_smaller_group,fresh;direct;fast,,,,1.9580184016376734e-06,,,0.001180999999633059,3.0499999411404133e-05,0.005018291994929314
0.010209333006059751,credit_c99_k10_seed10001,99,credit,direct,18388,runs/diversity-v1/credit_seed10001/credit_c99_k10_seed10001/r2_direct.json,0.00042387499706819654,a53d36e84979b0a4031aa49b42b38e3d7644ba95ccc1b5cd65921e657fcc6c8c,0,2,0.01064191700424999,8.709001122042537e-06,10001,2026-09-26T07:44:36.504099+00:00,largest;max_group0_fraction;min_surviving_smaller_group,direct;fast;fresh,0.0,0.0,0.0013118329807184637,0.000780497066443786,0.001946502976352349,0.006170499982545152,,,
0.006289124983595684,credit_c99_k10_seed10001,99,credit,fast,18388,runs/diversity-v1/credit_seed10001/credit_c99_k10_seed10001/r2_fast.json,0.0003487920039333403,a53d36e84979b0a4031aa49b42b38e3d7644ba95ccc1b5cd65921e657fcc6c8c,1,2,0.006638124992605299,2.0800507627427578e-07,10001,2026-09-26T07:44:36.513032+00:00,largest;max_group0_fraction;min_surviving_smaller_group,direct;fast;fresh,,,,2.2920139599591494e-06,,,0.0011278329766355455,3.091699909418821e-05,0.005128082993905991
0.16141187501489185,credit_c99_k10_seed10001,99,credit,fresh,18388,runs/diversity-v1/credit_seed10001/credit_c99_k10_seed10001/r2_fresh.json,0.0003848329943139106,a53d36e84979b0a4031aa49b42b38e3d7644ba95ccc1b5cd65921e657fcc6c8c,2,2,0.16180816700216383,1.1458992958068848e-05,10001,2026-09-26T07:44:36.676978+00:00,largest;max_group0_fraction;min_surviving_smaller_group,direct;fast;fresh,0.0,0.0017271249962504953,0.0,0.0023738790187053382,0.15114207900478505,0.006168791995150968,,,
0.16254545797710307,credit_c0_k10_seed10002,0,credit,fresh,18358,runs/diversity-v1/credit_seed10002/credit_c0_k10_seed10002/r0_fresh.json,0.000418417010223493,60e90e18483b367b9ac82856d72105099a22bfc8c3850a102a6058c2d6968d86,0,0,0.1629766669939272,1.2792006600648165e-05,10002,2026-09-26T07:44:37.875074+00:00,smallest;median_size;min_group0_fraction,fresh;direct;fast,0.0,0.001841915975091979,0.0,0.002436827024212107,0.1521369239781052,0.006129790999693796,,,
0.01056641698232852,credit_c0_k10_seed10002,0,credit,direct,18358,runs/diversity-v1/credit_seed10002/credit_c0_k10_seed10002/r0_direct.json,0.00034962501376867294,60e90e18483b367b9ac82856d72105099a22bfc8c3850a102a6058c2d6968d86,1,0,0.010921582987066358,5.54099096916616e-06,10002,2026-09-26T07:44:37.888591+00:00,smallest;median_size;min_group0_fraction,fresh;direct;fast,0.0,0.0,0.0018367919838055968,0.000730251194909215,0.0018746238201856613,0.006124749983428046,,,
0.006138416996691376,credit_c0_k10_seed10002,0,credit,fast,18358,runs/diversity-v1/credit_seed10002/credit_c0_k10_seed10002/r0_fast.json,0.00030220800545066595,60e90e18483b367b9ac82856d72105099a22bfc8c3850a102a6058c2d6968d86,2,0,0.0064410410122945905,4.1601015254855156e-07,10002,2026-09-26T07:44:37.897271+00:00,smallest;median_size;min_group0_fraction,fresh;direct;fast,,,,2.7919886633753777e-06,,,0.0011274169955868274,3.066699719056487e-05,0.004977541015250608
0.010014500003308058,credit_c0_k10_seed10002,0,credit,direct,18358,runs/diversity-v1/credit_seed10002/credit_c0_k10_seed10002/r1_direct.json,0.0004155839851591736,60e90e18483b367b9ac82856d72105099a22bfc8c3850a102a6058c2d6968d86,0,1,0.010439541976666078,9.457988198846579e-06,10002,2026-09-26T07:44:38.027585+00:00,smallest;median_size;min_group0_fraction,direct;fast;fresh,0.0,0.0,0.001229542016517371,0.0007634228386450559,0.0018240771314594895,0.0061974580166861415,,,
0.006181124976137653,credit_c0_k10_seed10002,0,credit,fast,18358,runs/diversity-v1/credit_seed10002/credit_c0_k10_seed10002/r1_fast.json,0.0003701670211739838,60e90e18483b367b9ac82856d72105099a22bfc8c3850a102a6058c2d6968d86,1,1,0.006551958998898044,6.67001586407423e-07,10002,2026-09-26T07:44:38.036589+00:00,smallest;median_size;min_group0_fraction,direct;fast;fresh,,,,2.6669586077332497e-06,,,0.0011367080151103437,3.429100615903735e-05,0.005007458996260539
0.16038983399630524,credit_c0_k10_seed10002,0,credit,fresh,18358,runs/diversity-v1/credit_seed10002/credit_c0_k10_seed10002/r1_fresh.json,0.00040537500171922147,60e90e18483b367b9ac82856d72105099a22bfc8c3850a102a6058c2d6968d86,2,1,0.16080741697805934,1.220798003487289e-05,10002,2026-09-26T07:44:38.199538+00:00,smallest;median_size;min_group0_fraction,direct;fast;fresh,0.0,0.0017293750133831054,0.0,0.0023937500081956387,0.15012833397486247,0.006138374999864027,,,
0.006162875011796132,credit_c0_k10_seed10002,0,credit,fast,18358,runs/diversity-v1/credit_seed10002/credit_c0_k10_seed10002/r2_fast.json,0.0004015830054413527,60e90e18483b367b9ac82856d72105099a22bfc8c3850a102a6058c2d6968d86,0,2,0.006565207993844524,7.499766070395708e-07,10002,2026-09-26T07:44:38.326417+00:00,smallest;median_size;min_group0_fraction,fast;fresh;direct,,,,2.91600008495152e-06,,,0.001156499987700954,4.3625012040138245e-05,0.004959834011970088
0.16210875002434477,credit_c0_k10_seed10002,0,credit,fresh,18358,runs/diversity-v1/credit_seed10002/credit_c0_k10_seed10002/r2_fresh.json,0.0003978339955210686,60e90e18483b367b9ac82856d72105099a22bfc8c3850a102a6058c2d6968d86,1,2,0.16251754201948643,1.0957999620586634e-05,10002,2026-09-26T07:44:38.491047+00:00,smallest;median_size;min_group0_fraction,fast;fresh;direct,0.0,0.0017167910118587315,0.0,0.0023938791709952056,0.15180187186342664,0.006196207978064194,,,
0.010144458006834611,credit_c0_k10_seed10002,0,credit,direct,18358,runs/diversity-v1/credit_seed10002/credit_c0_k10_seed10002/r2_direct.json,0.00038408400723710656,60e90e18483b367b9ac82856d72105099a22bfc8c3850a102a6058c2d6968d86,2,2,0.010533749999012798,5.207984941080213e-06,10002,2026-09-26T07:44:38.504100+00:00,smallest;median_size;min_group0_fraction,fast;fresh;direct,0.0,0.0,0.0013725409808102995,0.0007330051739700139,0.0019491208367981017,0.006089791015256196,,,
0.009943709010258317,credit_c99_k10_seed10002,99,credit,direct,18370,runs/diversity-v1/credit_seed10002/credit_c99_k10_seed10002/r0_direct.json,0.00033837498631328344,15fdb0d1690dddc76a5541ed37c112118196fe65196b8adea3616219ce21c7b8,0,0,0.010288916993886232,6.832997314631939e-06,10002,2026-09-26T07:44:39.174986+00:00,largest;max_group0_fraction;min_surviving_smaller_group,direct;fast;fresh,0.0,0.0,0.001226332999067381,0.0007569539011456072,0.0018254641036037356,0.006134958006441593,,,
0.006214875000296161,credit_c99_k10_seed10002,99,credit,fast,18370,runs/diversity-v1/credit_seed10002/credit_c99_k10_seed10002/r0_fast.json,0.00030087499180808663,15fdb0d1690dddc76a5541ed37c112118196fe65196b8adea3616219ce21c7b8,1,0,0.006516166002256796,4.1601015254855156e-07,10002,2026-09-26T07:44:39.183671+00:00,largest;max_group0_fraction;min_surviving_smaller_group,direct;fast;fresh,,,,2.375978510826826e-06,,,0.0012042910093441606,3.0166003853082657e-05,0.0049780420085880905
0.1611548329819925,credit_c99_k10_seed10002,99,credit,fresh,18370,runs/diversity-v1/credit_seed10002/credit_c99_k10_seed10002/r0_fresh.json,0.00038512502214871347,15fdb0d1690dddc76a5541ed37c112118196fe65196b8adea3616219ce21c7b8,2,0,0.16155195800820366,1.200000406242907e-05,10002,2026-09-26T07:44:39.347282+00:00,largest;max_group0_fraction;min_surviving_smaller_group,direct;fast;fresh,0.0,0.0017307079979218543,0.0,0.0024835758667904884,0.15083254911587574,0.0061080000014044344,,,
0.006223958014743403,credit_c99_k10_seed10002,99,credit,fast,18370,runs/diversity-v1/credit_seed10002/credit_c99_k10_seed10002/r1_fast.json,0.00042179200681857765,15fdb0d1690dddc76a5541ed37c112118196fe65196b8adea3616219ce21c7b8,0,1,0.006646125024417415,3.7500285543501377e-07,10002,2026-09-26T07:44:39.473837+00:00,largest;max_group0_fraction;min_surviving_smaller_group,fast;fresh;direct,,,,3.290973836556077e-06,,,0.0011414590117055923,4.095802432857454e-05,0.00503825000487268
0.16273095802171156,credit_c99_k10_seed10002,99,credit,fresh,18370,runs/diversity-v1/credit_seed10002/credit_c99_k10_seed10002/r1_fresh.json,0.00036299999919719994,15fdb0d1690dddc76a5541ed37c112118196fe65196b8adea3616219ce21c7b8,1,1,0.1631074580072891,1.3499986380338669e-05,10002,2026-09-26T07:44:39.639188+00:00,largest;max_group0_fraction;min_surviving_smaller_group,fast;fresh;direct,0.0,0.0018275000038556755,0.0,0.002474125794833526,0.1522580822056625,0.006171250017359853,,,
0.00992562502506189,credit_c99_k10_seed10002,99,credit,direct,18370,runs/diversity-v1/credit_seed10002/credit_c99_k10_seed10002/r1_direct.json,0.0003339999821037054,15fdb0d1690dddc76a5541ed37c112118196fe65196b8adea3616219ce21c7b8,2,1,0.010265499993693084,5.874986527487636e-06,10002,2026-09-26T07:44:39.651966+00:00,largest;max_group0_fraction;min_surviving_smaller_group,fast;fresh;direct,0.0,0.0,0.0012336669897194952,0.0007370411767624319,0.0018249998684041202,0.006129916990175843,,,
0.16166758400504477,credit_c99_k10_seed10002,99,credit,fresh,18370,runs/diversity-v1/credit_seed10002/credit_c99_k10_seed10002/r2_fresh.json,0.0004140000091865659,15fdb0d1690dddc76a5541ed37c112118196fe65196b8adea3616219ce21c7b8,0,2,0.1620951250079088,1.3540993677452207e-05,10002,2026-09-26T07:44:39.933798+00:00,largest;max_group0_fraction;min_surviving_smaller_group,fresh;direct;fast,0.0,0.0017512909835204482,0.0,0.0024151249672286212,0.1513262100634165,0.006174957990879193,,,
0.010082499997224659,credit_c99_k10_seed10002,99,credit,direct,18370,runs/diversity-v1/credit_seed10002/credit_c99_k10_seed10002/r2_direct.json,0.0003412910155020654,15fdb0d1690dddc76a5541ed37c112118196fe65196b8adea3616219ce21c7b8,1,2,0.010429957997985184,6.166985258460045e-06,10002,2026-09-26T07:44:39.946700+00:00,largest;max_group0_fraction;min_surviving_smaller_group,fresh;direct;fast,0.0,0.0,0.0012575839937198907,0.0007769680232740939,0.0018923640018329024,0.006155583978397772,,,
0.006187334016431123,credit_c99_k10_seed10002,99,credit,fast,18370,runs/diversity-v1/credit_seed10002/credit_c99_k10_seed10002/r2_fast.json,0.0003175830061081797,15fdb0d1690dddc76a5541ed37c112118196fe65196b8adea3616219ce21c7b8,2,2,0.006505249999463558,3.329769242554903e-07,10002,2026-09-26T07:44:39.955480+00:00,largest;max_group0_fraction;min_surviving_smaller_group,fresh;direct;fast,,,,2.4160253815352917e-06,,,0.0011185419862158597,2.9834016459062696e-05,0.005036541988374665
0.006041874992661178,credit_c0_k10_seed10003,0,credit,fast,18398,runs/diversity-v1/credit_seed10003/credit_c0_k10_seed10003/r0_fast.json,0.0003592910070437938,9181ca940a6a143fe7b51aa7da8e06b5d2a0ecbaf7aa2f97dc51a792b3f6ef27,0,0,0.006401666003512219,5.00003807246685e-07,10003,2026-09-26T07:44:41.046154+00:00,smallest;median_size;min_group0_fraction,fast;fresh;direct,,,,3.790977643802762e-06,,,0.0010747920023277402,3.308401210233569e-05,0.0049302080005872995
0.16371008299756795,credit_c0_k10_seed10003,0,credit,fresh,18398,runs/diversity-v1/credit_seed10003/credit_c0_k10_seed10003/r0_fresh.json,0.0004142079851590097,9181ca940a6a143fe7b51aa7da8e06b5d2a0ecbaf7aa2f97dc51a792b3f6ef27,1,0,0.1641364159877412,1.2125005014240742e-05,10003,2026-09-26T07:44:41.212639+00:00,smallest;median_size;min_group0_fraction,fast;fresh;direct,0.0,0.0019074580050073564,0.0,0.0024378329690080136,0.15337495799758472,0.005989834025967866,,,
0.010423500003525987,credit_c0_k10_seed10003,0,credit,direct,18398,runs/diversity-v1/credit_seed10003/credit_c0_k10_seed10003/r0_direct.json,0.00033229199470952153,9181ca940a6a143fe7b51aa7da8e06b5d2a0ecbaf7aa2f97dc51a792b3f6ef27,2,0,0.010760375007521361,4.583009285852313e-06,10003,2026-09-26T07:44:41.225844+00:00,smallest;median_size;min_group0_fraction,fast;fresh;direct,0.0,0.0,0.0018327919824514538,0.0007203648856375366,0.001856510149082169,0.006013832986354828,,,
0.16314737501670606,credit_c0_k10_seed10003,0,credit,fresh,18398,runs/diversity-v1/credit_seed10003/credit_c0_k10_seed10003/r1_fresh.json,0.0004446249804459512,9181ca940a6a143fe7b51aa7da8e06b5d2a0ecbaf7aa2f97dc51a792b3f6ef27,0,1,0.16360583298956044,1.3832992408424616e-05,10003,2026-09-26T07:44:41.509599+00:00,smallest;median_size;min_group0_fraction,fresh;direct;fast,0.0,0.001667082979111001,0.0,0.0023587058822158724,0.15309841916314326,0.006023166992235929,,,
0.010039791988674551,credit_c0_k10_seed10003,0,credit,direct,18398,runs/diversity-v1/credit_seed10003/credit_c0_k10_seed10003/r1_direct.json,0.0003762920096050948,9181ca940a6a143fe7b51aa7da8e06b5d2a0ecbaf7aa2f97dc51a792b3f6ef27,1,1,0.01042545901145786,9.37501317821443e-06,10003,2026-09-26T07:44:41.522587+00:00,smallest;median_size;min_group0_fraction,fresh;direct;fast,0.0,0.0,0.0013108749990351498,0.0007465420349035412,0.001892541942652315,0.006089833012083545,,,
0.005960249982308596,credit_c0_k10_seed10003,0,credit,fast,18398,runs/diversity-v1/credit_seed10003/credit_c0_k10_seed10003/r1_fast.json,0.0003302080149296671,9181ca940a6a143fe7b51aa7da8e06b5d2a0ecbaf7aa2f97dc51a792b3f6ef27,2,1,0.0062907910032663494,3.3300602808594704e-07,10003,2026-09-26T07:44:41.531146+00:00,smallest;median_size;min_group0_fraction,fresh;direct;fast,,,,2.4999899324029684e-06,,,0.0010818330047186464,2.8499984182417393e-05,0.00484741700347513
0.009818082995479926,credit_c0_k10_seed10003,0,credit,direct,18398,runs/diversity-v1/credit_seed10003/credit_c0_k10_seed10003/r2_direct.json,0.0004244169977027923,9181ca940a6a143fe7b51aa7da8e06b5d2a0ecbaf7aa2f97dc51a792b3f6ef27,0,2,0.010253000014927238,1.0500021744519472e-05,10003,2026-09-26T07:44:41.661768+00:00,smallest;median_size;min_group0_fraction,direct;fast;fresh,0.0,0.0,0.0012211670109536499,0.000751916115405038,0.001930874859681353,0.005914125009439886,,,
0.0060197089915163815,credit_c0_k10_seed10003,0,credit,fast,18398,runs/diversity-v1/credit_seed10003/credit_c0_k10_seed10003/r2_fast.json,0.00037091600825078785,9181ca940a6a143fe7b51aa7da8e06b5d2a0ecbaf7aa2f97dc51a792b3f6ef27,1,2,0.006391000002622604,3.7500285543501377e-07,10003,2026-09-26T07:44:41.670332+00:00,smallest;median_size;min_group0_fraction,direct;fast;fresh,,,,2.9999646358191967e-06,,,0.001085125026293099,2.8709007892757654e-05,0.004902874992694706
0.1619450419966597,credit_c0_k10_seed10003,0,credit,fresh,18398,runs/diversity-v1/credit_seed10003/credit_c0_k10_seed10003/r2_fresh.json,0.00039554102113470435,9181ca940a6a143fe7b51aa7da8e06b5d2a0ecbaf7aa2f97dc51a792b3f6ef27,2,2,0.16235079101170413,1.0207993909716606e-05,10003,2026-09-26T07:44:41.834653+00:00,smallest;median_size;min_group0_fraction,direct;fast;fresh,0.0,0.0016797499847598374,0.0,0.0023564129951409996,0.1519715450122021,0.00593733400455676,,,
0.16357962499023415,credit_c99_k10_seed10003,99,credit,fresh,18388,runs/diversity-v1/credit_seed10003/credit_c99_k10_seed10003/r0_fresh.json,0.0004243750008754432,1d1064b1cd853d964f971870b42cc7c63b6244235fd591bfec62cbb9d571257d,0,0,0.1640162080002483,1.2208009138703346e-05,10003,2026-09-26T07:44:42.660540+00:00,largest;max_group0_fraction;min_surviving_smaller_group,fresh;direct;fast,0.0,0.0018056250119116157,0.0,0.0024662111827638,0.15318728881538846,0.00612049998017028,,,
0.009949208004400134,credit_c99_k10_seed10003,99,credit,direct,18388,runs/diversity-v1/credit_seed10003/credit_c99_k10_seed10003/r0_direct.json,0.00039766699774190784,1d1064b1cd853d964f971870b42cc7c63b6244235fd591bfec62cbb9d571257d,1,0,0.010353791993111372,6.916990969330072e-06,10003,2026-09-26T07:44:42.673474+00:00,largest;max_group0_fraction;min_surviving_smaller_group,fresh;direct;fast,0.0,0.0,0.0011920410033781081,0.0007199090614449233,0.0017978409305214882,0.0062394170090556145,,,
0.006228040991118178,credit_c99_k10_seed10003,99,credit,fast,18388,runs/diversity-v1/credit_seed10003/credit_c99_k10_seed10003/r0_fast.json,0.0003099169989582151,1d1064b1cd853d964f971870b42cc7c63b6244235fd591bfec62cbb9d571257d,2,0,0.006538292014738545,3.340246621519327e-07,10003,2026-09-26T07:44:42.682171+00:00,largest;max_group0_fraction;min_surviving_smaller_group,fresh;direct;fast,,,,2.208980731666088e-06,,,0.001137000013841316,3.054100670851767e-05,0.005058290989836678
0.010103915992658585,credit_c99_k10_seed10003,99,credit,direct,18388,runs/diversity-v1/credit_seed10003/credit_c99_k10_seed10003/r1_direct.json,0.00036800000816583633,1d1064b1cd853d964f971870b42cc7c63b6244235fd591bfec62cbb9d571257d,0,1,0.010480916011147201,9.000010322779417e-06,10003,2026-09-26T07:44:42.813395+00:00,largest;max_group0_fraction;min_surviving_smaller_group,direct;fast;fresh,0.0,0.0,0.0012026670156046748,0.0007607810548506677,0.0019160099036525935,0.006224458018550649,,,
0.0062575409829150885,credit_c99_k10_seed10003,99,credit,fast,18388,runs/diversity-v1/credit_seed10003/credit_c99_k10_seed10003/r1_fast.json,0.00029349999385885894,1d1064b1cd853d964f971870b42cc7c63b6244235fd591bfec62cbb9d571257d,1,1,0.00655133297550492,2.9199873097240925e-07,10003,2026-09-26T07:44:42.822039+00:00,largest;max_group0_fraction;min_surviving_smaller_group,direct;fast;fresh,,,,1.8329592421650887e-06,,,0.0011260420142207295,2.7125002816319466e-05,0.0051025410066358745
0.1620615830179304,credit_c99_k10_seed10003,99,credit,fresh,18388,runs/diversity-v1/credit_seed10003/credit_c99_k10_seed10003/r1_fresh.json,0.0004514169995673001,1d1064b1cd853d964f971870b42cc7c63b6244235fd591bfec62cbb9d571257d,2,1,0.16252312500728294,1.0124989785254002e-05,10003,2026-09-26T07:44:42.986515+00:00,largest;max_group0_fraction;min_surviving_smaller_group,direct;fast;fresh,0.0,0.0017322079802397639,0.0,0.0023823791125323623,0.15180399591918103,0.006143000005977228,,,
0.006317791994661093,credit_c99_k10_seed10003,99,credit,fast,18388,runs/diversity-v1/credit_seed10003/credit_c99_k10_seed10003/r2_fast.json,0.0004163749981671572,1d1064b1cd853d964f971870b42cc7c63b6244235fd591bfec62cbb9d571257d,0,2,0.0067346249998081475,4.580069798976183e-07,10003,2026-09-26T07:44:43.113878+00:00,largest;max_group0_fraction;min_surviving_smaller_group,fast;fresh;direct,,,,2.916989615187049e-06,,,0.0010734579991549253,3.2459007343277335e-05,0.005208957998547703
0.16299454198451713,credit_c99_k10_seed10003,99,credit,fresh,18388,runs/diversity-v1/credit_seed10003/credit_c99_k10_seed10003/r2_fresh.json,0.0004262500151526183,1d1064b1cd853d964f971870b42cc7c63b6244235fd591bfec62cbb9d571257d,1,2,0.16343179199611768,1.09999964479357e-05,10003,2026-09-26T07:44:43.279606+00:00,largest;max_group0_fraction;min_surviving_smaller_group,fast;fresh;direct,0.0,0.0017172920051962137,0.0,0.0024493408564012498,0.15251132610137574,0.00631658302154392,,,
0.010051749995909631,credit_c99_k10_seed10003,99,credit,direct,18388,runs/diversity-v1/credit_seed10003/credit_c99_k10_seed10003/r2_direct.json,0.0003667499986477196,1d1064b1cd853d964f971870b42cc7c63b6244235fd591bfec62cbb9d571257d,2,2,0.010424042004160583,5.542009603232145e-06,10003,2026-09-26T07:44:43.292692+00:00,largest;max_group0_fraction;min_surviving_smaller_group,fast;fresh;direct,0.0,0.0,0.001237542019225657,0.000744178076274693,0.0018533628899604082,0.006216667010448873,,,
0.010084415989695117,credit_c0_k10_seed10004,0,credit,direct,18360,runs/diversity-v1/credit_seed10004/credit_c0_k10_seed10004/r0_direct.json,0.00033737500780262053,81c308134b9b979a041ac52185ae1bd92b9c3cf9d1cd3cafb7b224b7ef5b1538,0,0,0.01042900001630187,7.209018804132938e-06,10004,2026-09-26T07:44:44.366176+00:00,smallest;median_size;min_group0_fraction,direct;fast;fresh,0.0,0.0,0.0013698330149054527,0.0007570140296593308,0.001903318945551291,0.006054249999579042,,,
0.006007334013702348,credit_c0_k10_seed10004,0,credit,fast,18360,runs/diversity-v1/credit_seed10004/credit_c0_k10_seed10004/r0_fast.json,0.00032566601294092834,81c308134b9b979a041ac52185ae1bd92b9c3cf9d1cd3cafb7b224b7ef5b1538,1,0,0.006333916011499241,9.159848559647799e-07,10004,2026-09-26T07:44:44.374927+00:00,smallest;median_size;min_group0_fraction,direct;fast;fresh,,,,3.1249946914613247e-06,,,0.0010826670040842146,3.4167023841291666e-05,0.00488737499108538
0.16191229099058546,credit_c0_k10_seed10004,0,credit,fresh,18360,runs/diversity-v1/credit_seed10004/credit_c0_k10_seed10004/r0_fresh.json,0.0004364589985925704,81c308134b9b979a041ac52185ae1bd92b9c3cf9d1cd3cafb7b224b7ef5b1538,2,0,0.16236058398499154,1.1833995813503861e-05,10004,2026-09-26T07:44:44.539341+00:00,smallest;median_size;min_group0_fraction,direct;fast;fresh,0.0,0.0017483329866081476,0.0,0.00251703301910311,0.1514368419884704,0.0062100829964037985,,,
0.006135250005172566,credit_c0_k10_seed10004,0,credit,fast,18360,runs/diversity-v1/credit_seed10004/credit_c0_k10_seed10004/r1_fast.json,0.0004105409898329526,81c308134b9b979a041ac52185ae1bd92b9c3cf9d1cd3cafb7b224b7ef5b1538,0,1,0.006546374992467463,5.839974619448185e-07,10004,2026-09-26T07:44:44.666119+00:00,smallest;median_size;min_group0_fraction,fast;fresh;direct,,,,2.83500412479043e-06,,,0.0011538329999893904,4.0790997445583344e-05,0.004937791003612801
0.16182624999783002,credit_c0_k10_seed10004,0,credit,fresh,18360,runs/diversity-v1/credit_seed10004/credit_c0_k10_seed10004/r1_fresh.json,0.0003934999986086041,81c308134b9b979a041ac52185ae1bd92b9c3cf9d1cd3cafb7b224b7ef5b1538,1,1,0.16223183399415575,1.2083997717127204e-05,10004,2026-09-26T07:44:44.830344+00:00,smallest;median_size;min_group0_fraction,fast;fresh;direct,0.0,0.0018375829968135804,0.0,0.002404239116003737,0.1514707618916873,0.006113665993325412,,,
0.010497040988411754,credit_c0_k10_seed10004,0,credit,direct,18360,runs/diversity-v1/credit_seed10004/credit_c0_k10_seed10004/r1_direct.json,0.00034512500860728323,81c308134b9b979a041ac52185ae1bd92b9c3cf9d1cd3cafb7b224b7ef5b1538,2,1,0.010850250022485852,8.084025466814637e-06,10004,2026-09-26T07:44:44.843698+00:00,smallest;median_size;min_group0_fraction,fast;fresh;direct,0.0,0.0,0.0018127079820260406,0.000728619284927845,0.001851838722359389,0.00610387499909848,,,
0.16316854101023637,credit_c0_k10_seed10004,0,credit,fresh,18360,runs/diversity-v1/credit_seed10004/credit_c0_k10_seed10004/r2_fresh.json,0.00042799999937415123,81c308134b9b979a041ac52185ae1bd92b9c3cf9d1cd3cafb7b224b7ef5b1538,0,2,0.16361295801470987,1.6417005099356174e-05,10004,2026-09-26T07:44:45.127106+00:00,smallest;median_size;min_group0_fraction,fresh;direct;fast,0.0,0.0017260000167880207,0.0,0.00247070609475486,0.15300325190764852,0.005968582991044968,,,
0.010626083996612579,credit_c0_k10_seed10004,0,credit,direct,18360,runs/diversity-v1/credit_seed10004/credit_c0_k10_seed10004/r2_direct.json,0.0004402080085128546,81c308134b9b979a041ac52185ae1bd92b9c3cf9d1cd3cafb7b224b7ef5b1538,1,2,0.011074417008785531,8.125003660097718e-06,10004,2026-09-26T07:44:45.140848+00:00,smallest;median_size;min_group0_fraction,fresh;direct;fast,0.0,0.0,0.002029833005508408,0.0007439281034749001,0.001870572887128219,0.0059817500005010515,,,
0.00622012501116842,credit_c0_k10_seed10004,0,credit,fast,18360,runs/diversity-v1/credit_seed10004/credit_c0_k10_seed10004/r2_fast.json,0.00043341697892174125,81c308134b9b979a041ac52185ae1bd92b9c3cf9d1cd3cafb7b224b7ef5b1538,2,2,0.006653916992945597,3.7500285543501377e-07,10004,2026-09-26T07:44:45.150387+00:00,smallest;median_size;min_group0_fraction,fresh;direct;fast,,,,4.292989615350962e-06,,,0.0011175410181749612,4.5541004510596395e-05,0.005052749998867512
0.006212042004335672,credit_c99_k10_seed10004,99,credit,fast,18332,runs/diversity-v1/credit_seed10004/credit_c99_k10_seed10004/r0_fast.json,0.00037604098906740546,64dc41750af416207b38f897ebe1cf514d3b091c653ad0e5859a15908e0042c7,0,0,0.0065887499949894845,6.67001586407423e-07,10004,2026-09-26T07:44:45.820001+00:00,largest;max_group0_fraction;min_surviving_smaller_group,fast;fresh;direct,,,,3.4999975468963385e-06,,,0.00118787499377504,4.3167005060240626e-05,0.004977500007953495
0.16208066698163748,credit_c99_k10_seed10004,99,credit,fresh,18332,runs/diversity-v1/credit_seed10004/credit_c99_k10_seed10004/r0_fresh.json,0.0004400830075610429,64dc41750af416207b38f897ebe1cf514d3b091c653ad0e5859a15908e0042c7,1,0,0.16253187498659827,1.1124997399747372e-05,10004,2026-09-26T07:44:45.984610+00:00,largest;max_group0_fraction;min_surviving_smaller_group,fast;fresh;direct,0.0,0.00176454201573506,0.0,0.0024601671029813588,0.15182587486924604,0.006030082993675023,,,
0.010150582995265722,credit_c99_k10_seed10004,99,credit,direct,18332,runs/diversity-v1/credit_seed10004/credit_c99_k10_seed10004/r0_direct.json,0.0003877920098602772,64dc41750af416207b38f897ebe1cf514d3b091c653ad0e5859a15908e0042c7,2,0,0.010550292005063966,1.1916999937966466e-05,10004,2026-09-26T07:44:45.997946+00:00,largest;max_group0_fraction;min_surviving_smaller_group,fast;fresh;direct,0.0,0.0,0.0012674160243477672,0.0007607037841808051,0.0018657551845535636,0.006256708002183586,,,
0.161565457994584,credit_c99_k10_seed10004,99,credit,fresh,18332,runs/diversity-v1/credit_seed10004/credit_c99_k10_seed10004/r1_fresh.json,0.00041208299808204174,64dc41750af416207b38f897ebe1cf514d3b091c653ad0e5859a15908e0042c7,0,1,0.16199070800212212,1.3167009456083179e-05,10004,2026-09-26T07:44:46.280908+00:00,largest;max_group0_fraction;min_surviving_smaller_group,fresh;direct;fast,0.0,0.001766291999956593,0.0,0.0025019129971042275,0.1511520859785378,0.006145167018985376,,,
0.00998299999628216,credit_c99_k10_seed10004,99,credit,direct,18332,runs/diversity-v1/credit_seed10004/credit_c99_k10_seed10004/r1_direct.json,0.00033804099075496197,64dc41750af416207b38f897ebe1cf514d3b091c653ad0e5859a15908e0042c7,1,1,0.010326624993467703,5.584006430581212e-06,10004,2026-09-26T07:44:46.293721+00:00,largest;max_group0_fraction;min_surviving_smaller_group,fresh;direct;fast,0.0,0.0,0.0012421249994076788,0.0007296012772712857,0.0018663577211555094,0.0061449159984476864,,,
0.006075374985812232,credit_c99_k10_seed10004,99,credit,fast,18332,runs/diversity-v1/credit_seed10004/credit_c99_k10_seed10004/r1_fast.json,0.0003138750034850091,64dc41750af416207b38f897ebe1cf514d3b091c653ad0e5859a15908e0042c7,2,1,0.006389749993104488,5.00003807246685e-07,10004,2026-09-26T07:44:46.302529+00:00,largest;max_group0_fraction;min_surviving_smaller_group,fresh;direct;fast,,,,2.1249870769679546e-06,,,0.001128625008277595,3.1249976018443704e-05,0.004913375014439225
0.00994899999932386,credit_c99_k10_seed10004,99,credit,direct,18332,runs/diversity-v1/credit_seed10004/credit_c99_k10_seed10004/r2_direct.json,0.0004196250229142606,64dc41750af416207b38f897ebe1cf514d3b091c653ad0e5859a15908e0042c7,0,2,0.010376542020821944,7.916998583823442e-06,10004,2026-09-26T07:44:46.432319+00:00,largest;max_group0_fraction;min_surviving_smaller_group,direct;fast;fresh,0.0,0.0,0.0012439170095603913,0.0007545419211965054,0.0018797080556396395,0.006070833012927324,,,
0.006170084001496434,credit_c99_k10_seed10004,99,credit,fast,18332,runs/diversity-v1/credit_seed10004/credit_c99_k10_seed10004/r2_fast.json,0.00031891599064692855,64dc41750af416207b38f897ebe1cf514d3b091c653ad0e5859a15908e0042c7,1,2,0.00648945799912326,4.580069798976183e-07,10004,2026-09-26T07:44:46.440888+00:00,largest;max_group0_fraction;min_surviving_smaller_group,direct;fast;fresh,,,,2.168992068618536e-06,,,0.0011217910214327276,3.1665986170992255e-05,0.005014458001824096
0.1626986249757465,credit_c99_k10_seed10004,99,credit,fresh,18332,runs/diversity-v1/credit_seed10004/credit_c99_k10_seed10004/r2_fresh.json,0.0003962920163758099,64dc41750af416207b38f897ebe1cf514d3b091c653ad0e5859a15908e0042c7,2,2,0.16310670800157823,1.1791009455919266e-05,10004,2026-09-26T07:44:46.605992+00:00,largest;max_group0_fraction;min_surviving_smaller_group,direct;fast;fresh,0.0,0.001818791002733633,0.0,0.0024571336980443448,0.1522802422696259,0.0061424580053426325,,,
