audit_seconds,case_id,compact_extra_sha256,counts_equal,departing_client,every_summary_field_equal,fresh_compact_state_hash,fresh_extra_sha256,full_model_equal,group_counts,input_active_ids,input_state_hash,input_state_unchanged,model_sha256,next_active_ids,next_persisted_state_sha256,next_state_hash,ordered_anchor_table_equal,previous_persisted_state_sha256,reload_equal,removed_n,repetition,retained_n,status,step,used_reloaded_returned_next_state
0.9515482920105569,adult_k10_seed10000,44fc449edb74b05ca0376480e7cebaaf6c7fbd4e5dbbbbd98d92370cb7608587,True,0,True,5ea54998a1c58986f78e088bed75f6cedd8c3b73628a217848c2e4619955b047,44fc449edb74b05ca0376480e7cebaaf6c7fbd4e5dbbbbd98d92370cb7608587,True,"[9685, 20177]","[0, 1, 2, 3, 4, 5, 6, 7, 8, 9, 10, 11, 12, 13, 14, 15, 16, 17, 18, 19, 20, 21, 22, 23, 24, 25, 26, 27, 28, 29, 30, 31, 32, 33, 34, 35, 36, 37, 38, 39, 40, 41, 42, 43, 44, 45, 46, 47, 48, 49, 50, 51, 52, 53, 54, 55, 56, 57, 58, 59, 60, 61, 62, 63, 64, 65, 66, 67, 68, 69, 70, 71, 72, 73, 74, 75, 76, 77, 78, 79, 80, 81, 82, 83, 84, 85, 86, 87, 88, 89, 90, 91, 92, 93, 94, 95, 96, 97, 98, 99]",7493cef7da16e5a889dd5e0ec7360a0fbb0c1dc0f0bfeb39615d5a109a87f9c0,True,30ea19a6a210935e5a410f3778bddffa9969c5c4dc76d9a55c6b11d8206d479b,"[1, 2, 3, 4, 5, 6, 7, 8, 9, 10, 11, 12, 13, 14, 15, 16, 17, 18, 19, 20, 21, 22, 23, 24, 25, 26, 27, 28, 29, 30, 31, 32, 33, 34, 35, 36, 37, 38, 39, 40, 41, 42, 43, 44, 45, 46, 47, 48, 49, 50, 51, 52, 53, 54, 55, 56, 57, 58, 59, 60, 61, 62, 63, 64, 65, 66, 67, 68, 69, 70, 71, 72, 73, 74, 75, 76, 77, 78, 79, 80, 81, 82, 83, 84, 85, 86, 87, 88, 89, 90, 91, 92, 93, 94, 95, 96, 97, 98, 99]",870b99270899f14f910656b6537b5afcccc087a53d085956fbc6d4b4394bdfaa,5ea54998a1c58986f78e088bed75f6cedd8c3b73628a217848c2e4619955b047,True,,True,300,0,29862,PASS,1,True
0.9422158749948721,adult_k10_seed10000,916a77865c7b9ba6260271326384742666f12a9de8bf402adda3f45ad8ab5ea1,True,1,True,e57913047e00a157bdc1474b08e86a6b9d473265e3a70fd3812c48422ee70c4c,916a77865c7b9ba6260271326384742666f12a9de8bf402adda3f45ad8ab5ea1,True,"[9588, 19974]","[1, 2, 3, 4, 5, 6, 7, 8, 9, 10, 11, 12, 13, 14, 15, 16, 17, 18, 19, 20, 21, 22, 23, 24, 25, 26, 27, 28, 29, 30, 31, 32, 33, 34, 35, 36, 37, 38, 39, 40, 41, 42, 43, 44, 45, 46, 47, 48, 49, 50, 51, 52, 53, 54, 55, 56, 57, 58, 59, 60, 61, 62, 63, 64, 65, 66, 67, 68, 69, 70, 71, 72, 73, 74, 75, 76, 77, 78, 79, 80, 81, 82, 83, 84, 85, 86, 87, 88, 89, 90, 91, 92, 93, 94, 95, 96, 97, 98, 99]",5ea54998a1c58986f78e088bed75f6cedd8c3b73628a217848c2e4619955b047,True,eac0600e6de54b32c060ce6a81657f46a87e18c5dad9cf279b2a5a486a2a6469,"[2, 3, 4, 5, 6, 7, 8, 9, 10, 11, 12, 13, 14, 15, 16, 17, 18, 19, 20, 21, 22, 23, 24, 25, 26, 27, 28, 29, 30, 31, 32, 33, 34, 35, 36, 37, 38, 39, 40, 41, 42, 43, 44, 45, 46, 47, 48, 49, 50, 51, 52, 53, 54, 55, 56, 57, 58, 59, 60, 61, 62, 63, 64, 65, 66, 67, 68, 69, 70, 71, 72, 73, 74, 75, 76, 77, 78, 79, 80, 81, 82, 83, 84, 85, 86, 87, 88, 89, 90, 91, 92, 93, 94, 95, 96, 97, 98, 99]",19037ff0912d504193c03fcd0ac6023e3a7efeafb2d432bb17d7b0f43dbb33cf,e57913047e00a157bdc1474b08e86a6b9d473265e3a70fd3812c48422ee70c4c,True,870b99270899f14f910656b6537b5afcccc087a53d085956fbc6d4b4394bdfaa,True,300,0,29562,PASS,2,True
0.9366748329775874,adult_k10_seed10000,bda182f0d29319217b84db6daa7e88333778ab29046cfb85de20609f973af643,True,2,True,6876c9dabc51df2916234ff1ae358f237e45f6ec56eaf3166f5fc600498edbb4,bda182f0d29319217b84db6daa7e88333778ab29046cfb85de20609f973af643,True,"[9491, 19771]","[2, 3, 4, 5, 6, 7, 8, 9, 10, 11, 12, 13, 14, 15, 16, 17, 18, 19, 20, 21, 22, 23, 24, 25, 26, 27, 28, 29, 30, 31, 32, 33, 34, 35, 36, 37, 38, 39, 40, 41, 42, 43, 44, 45, 46, 47, 48, 49, 50, 51, 52, 53, 54, 55, 56, 57, 58, 59, 60, 61, 62, 63, 64, 65, 66, 67, 68, 69, 70, 71, 72, 73, 74, 75, 76, 77, 78, 79, 80, 81, 82, 83, 84, 85, 86, 87, 88, 89, 90, 91, 92, 93, 94, 95, 96, 97, 98, 99]",e57913047e00a157bdc1474b08e86a6b9d473265e3a70fd3812c48422ee70c4c,True,a3ba1ba7ed947635789dd242bf350a9dcf47a12a4a75294a890fb8ffede6a181,"[3, 4, 5, 6, 7, 8, 9, 10, 11, 12, 13, 14, 15, 16, 17, 18, 19, 20, 21, 22, 23, 24, 25, 26, 27, 28, 29, 30, 31, 32, 33, 34, 35, 36, 37, 38, 39, 40, 41, 42, 43, 44, 45, 46, 47, 48, 49, 50, 51, 52, 53, 54, 55, 56, 57, 58, 59, 60, 61, 62, 63, 64, 65, 66, 67, 68, 69, 70, 71, 72, 73, 74, 75, 76, 77, 78, 79, 80, 81, 82, 83, 84, 85, 86, 87, 88, 89, 90, 91, 92, 93, 94, 95, 96, 97, 98, 99]",7b80959d6121fceaa073267c323ce49f17f0cabc8d808443436239d512f3a24e,6876c9dabc51df2916234ff1ae358f237e45f6ec56eaf3166f5fc600498edbb4,True,19037ff0912d504193c03fcd0ac6023e3a7efeafb2d432bb17d7b0f43dbb33cf,True,300,0,29262,PASS,3,True
0.9496078329975717,adult_k10_seed10000,44fc449edb74b05ca0376480e7cebaaf6c7fbd4e5dbbbbd98d92370cb7608587,True,0,True,5ea54998a1c58986f78e088bed75f6cedd8c3b73628a217848c2e4619955b047,44fc449edb74b05ca0376480e7cebaaf6c7fbd4e5dbbbbd98d92370cb7608587,True,"[9685, 20177]","[0, 1, 2, 3, 4, 5, 6, 7, 8, 9, 10, 11, 12, 13, 14, 15, 16, 17, 18, 19, 20, 21, 22, 23, 24, 25, 26, 27, 28, 29, 30, 31, 32, 33, 34, 35, 36, 37, 38, 39, 40, 41, 42, 43, 44, 45, 46, 47, 48, 49, 50, 51, 52, 53, 54, 55, 56, 57, 58, 59, 60, 61, 62, 63, 64, 65, 66, 67, 68, 69, 70, 71, 72, 73, 74, 75, 76, 77, 78, 79, 80, 81, 82, 83, 84, 85, 86, 87, 88, 89, 90, 91, 92, 93, 94, 95, 96, 97, 98, 99]",7493cef7da16e5a889dd5e0ec7360a0fbb0c1dc0f0bfeb39615d5a109a87f9c0,True,30ea19a6a210935e5a410f3778bddffa9969c5c4dc76d9a55c6b11d8206d479b,"[1, 2, 3, 4, 5, 6, 7, 8, 9, 10, 11, 12, 13, 14, 15, 16, 17, 18, 19, 20, 21, 22, 23, 24, 25, 26, 27, 28, 29, 30, 31, 32, 33, 34, 35, 36, 37, 38, 39, 40, 41, 42, 43, 44, 45, 46, 47, 48, 49, 50, 51, 52, 53, 54, 55, 56, 57, 58, 59, 60, 61, 62, 63, 64, 65, 66, 67, 68, 69, 70, 71, 72, 73, 74, 75, 76, 77, 78, 79, 80, 81, 82, 83, 84, 85, 86, 87, 88, 89, 90, 91, 92, 93, 94, 95, 96, 97, 98, 99]",870b99270899f14f910656b6537b5afcccc087a53d085956fbc6d4b4394bdfaa,5ea54998a1c58986f78e088bed75f6cedd8c3b73628a217848c2e4619955b047,True,,True,300,1,29862,PASS,1,True
0.9426843749824911,adult_k10_seed10000,916a77865c7b9ba6260271326384742666f12a9de8bf402adda3f45ad8ab5ea1,True,1,True,e57913047e00a157bdc1474b08e86a6b9d473265e3a70fd3812c48422ee70c4c,916a77865c7b9ba6260271326384742666f12a9de8bf402adda3f45ad8ab5ea1,True,"[9588, 19974]","[1, 2, 3, 4, 5, 6, 7, 8, 9, 10, 11, 12, 13, 14, 15, 16, 17, 18, 19, 20, 21, 22, 23, 24, 25, 26, 27, 28, 29, 30, 31, 32, 33, 34, 35, 36, 37, 38, 39, 40, 41, 42, 43, 44, 45, 46, 47, 48, 49, 50, 51, 52, 53, 54, 55, 56, 57, 58, 59, 60, 61, 62, 63, 64, 65, 66, 67, 68, 69, 70, 71, 72, 73, 74, 75, 76, 77, 78, 79, 80, 81, 82, 83, 84, 85, 86, 87, 88, 89, 90, 91, 92, 93, 94, 95, 96, 97, 98, 99]",5ea54998a1c58986f78e088bed75f6cedd8c3b73628a217848c2e4619955b047,True,eac0600e6de54b32c060ce6a81657f46a87e18c5dad9cf279b2a5a486a2a6469,"[2, 3, 4, 5, 6, 7, 8, 9, 10, 11, 12, 13, 14, 15, 16, 17, 18, 19, 20, 21, 22, 23, 24, 25, 26, 27, 28, 29, 30, 31, 32, 33, 34, 35, 36, 37, 38, 39, 40, 41, 42, 43, 44, 45, 46, 47, 48, 49, 50, 51, 52, 53, 54, 55, 56, 57, 58, 59, 60, 61, 62, 63, 64, 65, 66, 67, 68, 69, 70, 71, 72, 73, 74, 75, 76, 77, 78, 79, 80, 81, 82, 83, 84, 85, 86, 87, 88, 89, 90, 91, 92, 93, 94, 95, 96, 97, 98, 99]",19037ff0912d504193c03fcd0ac6023e3a7efeafb2d432bb17d7b0f43dbb33cf,e57913047e00a157bdc1474b08e86a6b9d473265e3a70fd3812c48422ee70c4c,True,870b99270899f14f910656b6537b5afcccc087a53d085956fbc6d4b4394bdfaa,True,300,1,29562,PASS,2,True
0.9347604160138872,adult_k10_seed10000,bda182f0d29319217b84db6daa7e88333778ab29046cfb85de20609f973af643,True,2,True,6876c9dabc51df2916234ff1ae358f237e45f6ec56eaf3166f5fc600498edbb4,bda182f0d29319217b84db6daa7e88333778ab29046cfb85de20609f973af643,True,"[9491, 19771]","[2, 3, 4, 5, 6, 7, 8, 9, 10, 11, 12, 13, 14, 15, 16, 17, 18, 19, 20, 21, 22, 23, 24, 25, 26, 27, 28, 29, 30, 31, 32, 33, 34, 35, 36, 37, 38, 39, 40, 41, 42, 43, 44, 45, 46, 47, 48, 49, 50, 51, 52, 53, 54, 55, 56, 57, 58, 59, 60, 61, 62, 63, 64, 65, 66, 67, 68, 69, 70, 71, 72, 73, 74, 75, 76, 77, 78, 79, 80, 81, 82, 83, 84, 85, 86, 87, 88, 89, 90, 91, 92, 93, 94, 95, 96, 97, 98, 99]",e57913047e00a157bdc1474b08e86a6b9d473265e3a70fd3812c48422ee70c4c,True,a3ba1ba7ed947635789dd242bf350a9dcf47a12a4a75294a890fb8ffede6a181,"[3, 4, 5, 6, 7, 8, 9, 10, 11, 12, 13, 14, 15, 16, 17, 18, 19, 20, 21, 22, 23, 24, 25, 26, 27, 28, 29, 30, 31, 32, 33, 34, 35, 36, 37, 38, 39, 40, 41, 42, 43, 44, 45, 46, 47, 48, 49, 50, 51, 52, 53, 54, 55, 56, 57, 58, 59, 60, 61, 62, 63, 64, 65, 66, 67, 68, 69, 70, 71, 72, 73, 74, 75, 76, 77, 78, 79, 80, 81, 82, 83, 84, 85, 86, 87, 88, 89, 90, 91, 92, 93, 94, 95, 96, 97, 98, 99]",7b80959d6121fceaa073267c323ce49f17f0cabc8d808443436239d512f3a24e,6876c9dabc51df2916234ff1ae358f237e45f6ec56eaf3166f5fc600498edbb4,True,19037ff0912d504193c03fcd0ac6023e3a7efeafb2d432bb17d7b0f43dbb33cf,True,300,1,29262,PASS,3,True
0.9600762080226559,adult_k10_seed10000,44fc449edb74b05ca0376480e7cebaaf6c7fbd4e5dbbbbd98d92370cb7608587,True,0,True,5ea54998a1c58986f78e088bed75f6cedd8c3b73628a217848c2e4619955b047,44fc449edb74b05ca0376480e7cebaaf6c7fbd4e5dbbbbd98d92370cb7608587,True,"[9685, 20177]","[0, 1, 2, 3, 4, 5, 6, 7, 8, 9, 10, 11, 12, 13, 14, 15, 16, 17, 18, 19, 20, 21, 22, 23, 24, 25, 26, 27, 28, 29, 30, 31, 32, 33, 34, 35, 36, 37, 38, 39, 40, 41, 42, 43, 44, 45, 46, 47, 48, 49, 50, 51, 52, 53, 54, 55, 56, 57, 58, 59, 60, 61, 62, 63, 64, 65, 66, 67, 68, 69, 70, 71, 72, 73, 74, 75, 76, 77, 78, 79, 80, 81, 82, 83, 84, 85, 86, 87, 88, 89, 90, 91, 92, 93, 94, 95, 96, 97, 98, 99]",7493cef7da16e5a889dd5e0ec7360a0fbb0c1dc0f0bfeb39615d5a109a87f9c0,True,30ea19a6a210935e5a410f3778bddffa9969c5c4dc76d9a55c6b11d8206d479b,"[1, 2, 3, 4, 5, 6, 7, 8, 9, 10, 11, 12, 13, 14, 15, 16, 17, 18, 19, 20, 21, 22, 23, 24, 25, 26, 27, 28, 29, 30, 31, 32, 33, 34, 35, 36, 37, 38, 39, 40, 41, 42, 43, 44, 45, 46, 47, 48, 49, 50, 51, 52, 53, 54, 55, 56, 57, 58, 59, 60, 61, 62, 63, 64, 65, 66, 67, 68, 69, 70, 71, 72, 73, 74, 75, 76, 77, 78, 79, 80, 81, 82, 83, 84, 85, 86, 87, 88, 89, 90, 91, 92, 93, 94, 95, 96, 97, 98, 99]",870b99270899f14f910656b6537b5afcccc087a53d085956fbc6d4b4394bdfaa,5ea54998a1c58986f78e088bed75f6cedd8c3b73628a217848c2e4619955b047,True,,True,300,2,29862,PASS,1,True
0.9466916250239592,adult_k10_seed10000,916a77865c7b9ba6260271326384742666f12a9de8bf402adda3f45ad8ab5ea1,True,1,True,e57913047e00a157bdc1474b08e86a6b9d473265e3a70fd3812c48422ee70c4c,916a77865c7b9ba6260271326384742666f12a9de8bf402adda3f45ad8ab5ea1,True,"[9588, 19974]","[1, 2, 3, 4, 5, 6, 7, 8, 9, 10, 11, 12, 13, 14, 15, 16, 17, 18, 19, 20, 21, 22, 23, 24, 25, 26, 27, 28, 29, 30, 31, 32, 33, 34, 35, 36, 37, 38, 39, 40, 41, 42, 43, 44, 45, 46, 47, 48, 49, 50, 51, 52, 53, 54, 55, 56, 57, 58, 59, 60, 61, 62, 63, 64, 65, 66, 67, 68, 69, 70, 71, 72, 73, 74, 75, 76, 77, 78, 79, 80, 81, 82, 83, 84, 85, 86, 87, 88, 89, 90, 91, 92, 93, 94, 95, 96, 97, 98, 99]",5ea54998a1c58986f78e088bed75f6cedd8c3b73628a217848c2e4619955b047,True,eac0600e6de54b32c060ce6a81657f46a87e18c5dad9cf279b2a5a486a2a6469,"[2, 3, 4, 5, 6, 7, 8, 9, 10, 11, 12, 13, 14, 15, 16, 17, 18, 19, 20, 21, 22, 23, 24, 25, 26, 27, 28, 29, 30, 31, 32, 33, 34, 35, 36, 37, 38, 39, 40, 41, 42, 43, 44, 45, 46, 47, 48, 49, 50, 51, 52, 53, 54, 55, 56, 57, 58, 59, 60, 61, 62, 63, 64, 65, 66, 67, 68, 69, 70, 71, 72, 73, 74, 75, 76, 77, 78, 79, 80, 81, 82, 83, 84, 85, 86, 87, 88, 89, 90, 91, 92, 93, 94, 95, 96, 97, 98, 99]",19037ff0912d504193c03fcd0ac6023e3a7efeafb2d432bb17d7b0f43dbb33cf,e57913047e00a157bdc1474b08e86a6b9d473265e3a70fd3812c48422ee70c4c,True,870b99270899f14f910656b6537b5afcccc087a53d085956fbc6d4b4394bdfaa,True,300,2,29562,PASS,2,True
0.9330346249917056,adult_k10_seed10000,bda182f0d29319217b84db6daa7e88333778ab29046cfb85de20609f973af643,True,2,True,6876c9dabc51df2916234ff1ae358f237e45f6ec56eaf3166f5fc600498edbb4,bda182f0d29319217b84db6daa7e88333778ab29046cfb85de20609f973af643,True,"[9491, 19771]","[2, 3, 4, 5, 6, 7, 8, 9, 10, 11, 12, 13, 14, 15, 16, 17, 18, 19, 20, 21, 22, 23, 24, 25, 26, 27, 28, 29, 30, 31, 32, 33, 34, 35, 36, 37, 38, 39, 40, 41, 42, 43, 44, 45, 46, 47, 48, 49, 50, 51, 52, 53, 54, 55, 56, 57, 58, 59, 60, 61, 62, 63, 64, 65, 66, 67, 68, 69, 70, 71, 72, 73, 74, 75, 76, 77, 78, 79, 80, 81, 82, 83, 84, 85, 86, 87, 88, 89, 90, 91, 92, 93, 94, 95, 96, 97, 98, 99]",e57913047e00a157bdc1474b08e86a6b9d473265e3a70fd3812c48422ee70c4c,True,a3ba1ba7ed947635789dd242bf350a9dcf47a12a4a75294a890fb8ffede6a181,"[3, 4, 5, 6, 7, 8, 9, 10, 11, 12, 13, 14, 15, 16, 17, 18, 19, 20, 21, 22, 23, 24, 25, 26, 27, 28, 29, 30, 31, 32, 33, 34, 35, 36, 37, 38, 39, 40, 41, 42, 43, 44, 45, 46, 47, 48, 49, 50, 51, 52, 53, 54, 55, 56, 57, 58, 59, 60, 61, 62, 63, 64, 65, 66, 67, 68, 69, 70, 71, 72, 73, 74, 75, 76, 77, 78, 79, 80, 81, 82, 83, 84, 85, 86, 87, 88, 89, 90, 91, 92, 93, 94, 95, 96, 97, 98, 99]",7b80959d6121fceaa073267c323ce49f17f0cabc8d808443436239d512f3a24e,6876c9dabc51df2916234ff1ae358f237e45f6ec56eaf3166f5fc600498edbb4,True,19037ff0912d504193c03fcd0ac6023e3a7efeafb2d432bb17d7b0f43dbb33cf,True,300,2,29262,PASS,3,True
0.9567159579892177,adult_k10_seed10001,6ecfdca8823c24e06563b9c816e4e8dd6a6300449badff9b3e7c696d87b6cb17,True,0,True,a85cf1e133ed894def344de0f53a5e91a68eea3a5a6f9b1b0fd3394811ef17a4,6ecfdca8823c24e06563b9c816e4e8dd6a6300449badff9b3e7c696d87b6cb17,True,"[9685, 20177]","[0, 1, 2, 3, 4, 5, 6, 7, 8, 9, 10, 11, 12, 13, 14, 15, 16, 17, 18, 19, 20, 21, 22, 23, 24, 25, 26, 27, 28, 29, 30, 31, 32, 33, 34, 35, 36, 37, 38, 39, 40, 41, 42, 43, 44, 45, 46, 47, 48, 49, 50, 51, 52, 53, 54, 55, 56, 57, 58, 59, 60, 61, 62, 63, 64, 65, 66, 67, 68, 69, 70, 71, 72, 73, 74, 75, 76, 77, 78, 79, 80, 81, 82, 83, 84, 85, 86, 87, 88, 89, 90, 91, 92, 93, 94, 95, 96, 97, 98, 99]",58aa3ca04d817aef9ccae0201af0b29feb00934c7368a76382c951c86f794bb3,True,256cd108c67a124281691130597ccfa63749096ac87a8137395804eb8ddb6685,"[1, 2, 3, 4, 5, 6, 7, 8, 9, 10, 11, 12, 13, 14, 15, 16, 17, 18, 19, 20, 21, 22, 23, 24, 25, 26, 27, 28, 29, 30, 31, 32, 33, 34, 35, 36, 37, 38, 39, 40, 41, 42, 43, 44, 45, 46, 47, 48, 49, 50, 51, 52, 53, 54, 55, 56, 57, 58, 59, 60, 61, 62, 63, 64, 65, 66, 67, 68, 69, 70, 71, 72, 73, 74, 75, 76, 77, 78, 79, 80, 81, 82, 83, 84, 85, 86, 87, 88, 89, 90, 91, 92, 93, 94, 95, 96, 97, 98, 99]",8a792d5b515dc96bbbc495dac1b260d2136afeee2c4de143443c8793c3499c00,a85cf1e133ed894def344de0f53a5e91a68eea3a5a6f9b1b0fd3394811ef17a4,True,,True,300,0,29862,PASS,1,True
0.9458727080200333,adult_k10_seed10001,89b884f3a8f84be3741bd34493d4976001b21ed3418ad44982341866309a12fe,True,1,True,50b510514b3ded2e2f55c164e3b17138c708979cd069960c00095d181b55a984,89b884f3a8f84be3741bd34493d4976001b21ed3418ad44982341866309a12fe,True,"[9588, 19974]","[1, 2, 3, 4, 5, 6, 7, 8, 9, 10, 11, 12, 13, 14, 15, 16, 17, 18, 19, 20, 21, 22, 23, 24, 25, 26, 27, 28, 29, 30, 31, 32, 33, 34, 35, 36, 37, 38, 39, 40, 41, 42, 43, 44, 45, 46, 47, 48, 49, 50, 51, 52, 53, 54, 55, 56, 57, 58, 59, 60, 61, 62, 63, 64, 65, 66, 67, 68, 69, 70, 71, 72, 73, 74, 75, 76, 77, 78, 79, 80, 81, 82, 83, 84, 85, 86, 87, 88, 89, 90, 91, 92, 93, 94, 95, 96, 97, 98, 99]",a85cf1e133ed894def344de0f53a5e91a68eea3a5a6f9b1b0fd3394811ef17a4,True,024d1d362eb9428f1c3e4c658fcee4d2c50833761af7ee48f4d81ef235cca45b,"[2, 3, 4, 5, 6, 7, 8, 9, 10, 11, 12, 13, 14, 15, 16, 17, 18, 19, 20, 21, 22, 23, 24, 25, 26, 27, 28, 29, 30, 31, 32, 33, 34, 35, 36, 37, 38, 39, 40, 41, 42, 43, 44, 45, 46, 47, 48, 49, 50, 51, 52, 53, 54, 55, 56, 57, 58, 59, 60, 61, 62, 63, 64, 65, 66, 67, 68, 69, 70, 71, 72, 73, 74, 75, 76, 77, 78, 79, 80, 81, 82, 83, 84, 85, 86, 87, 88, 89, 90, 91, 92, 93, 94, 95, 96, 97, 98, 99]",283923d8d620a91108978e4952054430581692d31bdac987dce71f9a7308b46e,50b510514b3ded2e2f55c164e3b17138c708979cd069960c00095d181b55a984,True,8a792d5b515dc96bbbc495dac1b260d2136afeee2c4de143443c8793c3499c00,True,300,0,29562,PASS,2,True
0.9376910419960041,adult_k10_seed10001,85ec31f16d4ff7bcd71c9a70403e35e86c9a4b63e259617a46b61ce9d3e381a6,True,2,True,84aa76100a494c5d1d2d3502bde2db834ac744398bda48d5c7106d0d5f6753f0,85ec31f16d4ff7bcd71c9a70403e35e86c9a4b63e259617a46b61ce9d3e381a6,True,"[9491, 19771]","[2, 3, 4, 5, 6, 7, 8, 9, 10, 11, 12, 13, 14, 15, 16, 17, 18, 19, 20, 21, 22, 23, 24, 25, 26, 27, 28, 29, 30, 31, 32, 33, 34, 35, 36, 37, 38, 39, 40, 41, 42, 43, 44, 45, 46, 47, 48, 49, 50, 51, 52, 53, 54, 55, 56, 57, 58, 59, 60, 61, 62, 63, 64, 65, 66, 67, 68, 69, 70, 71, 72, 73, 74, 75, 76, 77, 78, 79, 80, 81, 82, 83, 84, 85, 86, 87, 88, 89, 90, 91, 92, 93, 94, 95, 96, 97, 98, 99]",50b510514b3ded2e2f55c164e3b17138c708979cd069960c00095d181b55a984,True,a4eb38f0a91386d864c6566aae4b1e101e9250426be2f12efc12f58ef66ef99a,"[3, 4, 5, 6, 7, 8, 9, 10, 11, 12, 13, 14, 15, 16, 17, 18, 19, 20, 21, 22, 23, 24, 25, 26, 27, 28, 29, 30, 31, 32, 33, 34, 35, 36, 37, 38, 39, 40, 41, 42, 43, 44, 45, 46, 47, 48, 49, 50, 51, 52, 53, 54, 55, 56, 57, 58, 59, 60, 61, 62, 63, 64, 65, 66, 67, 68, 69, 70, 71, 72, 73, 74, 75, 76, 77, 78, 79, 80, 81, 82, 83, 84, 85, 86, 87, 88, 89, 90, 91, 92, 93, 94, 95, 96, 97, 98, 99]",b7d4a92c7e34246af8d941647cb1e9abf7979875359fb1292dac635010751366,84aa76100a494c5d1d2d3502bde2db834ac744398bda48d5c7106d0d5f6753f0,True,283923d8d620a91108978e4952054430581692d31bdac987dce71f9a7308b46e,True,300,0,29262,PASS,3,True
0.9590157909842674,adult_k10_seed10001,6ecfdca8823c24e06563b9c816e4e8dd6a6300449badff9b3e7c696d87b6cb17,True,0,True,a85cf1e133ed894def344de0f53a5e91a68eea3a5a6f9b1b0fd3394811ef17a4,6ecfdca8823c24e06563b9c816e4e8dd6a6300449badff9b3e7c696d87b6cb17,True,"[9685, 20177]","[0, 1, 2, 3, 4, 5, 6, 7, 8, 9, 10, 11, 12, 13, 14, 15, 16, 17, 18, 19, 20, 21, 22, 23, 24, 25, 26, 27, 28, 29, 30, 31, 32, 33, 34, 35, 36, 37, 38, 39, 40, 41, 42, 43, 44, 45, 46, 47, 48, 49, 50, 51, 52, 53, 54, 55, 56, 57, 58, 59, 60, 61, 62, 63, 64, 65, 66, 67, 68, 69, 70, 71, 72, 73, 74, 75, 76, 77, 78, 79, 80, 81, 82, 83, 84, 85, 86, 87, 88, 89, 90, 91, 92, 93, 94, 95, 96, 97, 98, 99]",58aa3ca04d817aef9ccae0201af0b29feb00934c7368a76382c951c86f794bb3,True,256cd108c67a124281691130597ccfa63749096ac87a8137395804eb8ddb6685,"[1, 2, 3, 4, 5, 6, 7, 8, 9, 10, 11, 12, 13, 14, 15, 16, 17, 18, 19, 20, 21, 22, 23, 24, 25, 26, 27, 28, 29, 30, 31, 32, 33, 34, 35, 36, 37, 38, 39, 40, 41, 42, 43, 44, 45, 46, 47, 48, 49, 50, 51, 52, 53, 54, 55, 56, 57, 58, 59, 60, 61, 62, 63, 64, 65, 66, 67, 68, 69, 70, 71, 72, 73, 74, 75, 76, 77, 78, 79, 80, 81, 82, 83, 84, 85, 86, 87, 88, 89, 90, 91, 92, 93, 94, 95, 96, 97, 98, 99]",8a792d5b515dc96bbbc495dac1b260d2136afeee2c4de143443c8793c3499c00,a85cf1e133ed894def344de0f53a5e91a68eea3a5a6f9b1b0fd3394811ef17a4,True,,True,300,1,29862,PASS,1,True
0.9413161250122357,adult_k10_seed10001,89b884f3a8f84be3741bd34493d4976001b21ed3418ad44982341866309a12fe,True,1,True,50b510514b3ded2e2f55c164e3b17138c708979cd069960c00095d181b55a984,89b884f3a8f84be3741bd34493d4976001b21ed3418ad44982341866309a12fe,True,"[9588, 19974]","[1, 2, 3, 4, 5, 6, 7, 8, 9, 10, 11, 12, 13, 14, 15, 16, 17, 18, 19, 20, 21, 22, 23, 24, 25, 26, 27, 28, 29, 30, 31, 32, 33, 34, 35, 36, 37, 38, 39, 40, 41, 42, 43, 44, 45, 46, 47, 48, 49, 50, 51, 52, 53, 54, 55, 56, 57, 58, 59, 60, 61, 62, 63, 64, 65, 66, 67, 68, 69, 70, 71, 72, 73, 74, 75, 76, 77, 78, 79, 80, 81, 82, 83, 84, 85, 86, 87, 88, 89, 90, 91, 92, 93, 94, 95, 96, 97, 98, 99]",a85cf1e133ed894def344de0f53a5e91a68eea3a5a6f9b1b0fd3394811ef17a4,True,024d1d362eb9428f1c3e4c658fcee4d2c50833761af7ee48f4d81ef235cca45b,"[2, 3, 4, 5, 6, 7, 8, 9, 10, 11, 12, 13, 14, 15, 16, 17, 18, 19, 20, 21, 22, 23, 24, 25, 26, 27, 28, 29, 30, 31, 32, 33, 34, 35, 36, 37, 38, 39, 40, 41, 42, 43, 44, 45, 46, 47, 48, 49, 50, 51, 52, 53, 54, 55, 56, 57, 58, 59, 60, 61, 62, 63, 64, 65, 66, 67, 68, 69, 70, 71, 72, 73, 74, 75, 76, 77, 78, 79, 80, 81, 82, 83, 84, 85, 86, 87, 88, 89, 90, 91, 92, 93, 94, 95, 96, 97, 98, 99]",283923d8d620a91108978e4952054430581692d31bdac987dce71f9a7308b46e,50b510514b3ded2e2f55c164e3b17138c708979cd069960c00095d181b55a984,True,8a792d5b515dc96bbbc495dac1b260d2136afeee2c4de143443c8793c3499c00,True,300,1,29562,PASS,2,True
0.9399072919914033,adult_k10_seed10001,85ec31f16d4ff7bcd71c9a70403e35e86c9a4b63e259617a46b61ce9d3e381a6,True,2,True,84aa76100a494c5d1d2d3502bde2db834ac744398bda48d5c7106d0d5f6753f0,85ec31f16d4ff7bcd71c9a70403e35e86c9a4b63e259617a46b61ce9d3e381a6,True,"[9491, 19771]","[2, 3, 4, 5, 6, 7, 8, 9, 10, 11, 12, 13, 14, 15, 16, 17, 18, 19, 20, 21, 22, 23, 24, 25, 26, 27, 28, 29, 30, 31, 32, 33, 34, 35, 36, 37, 38, 39, 40, 41, 42, 43, 44, 45, 46, 47, 48, 49, 50, 51, 52, 53, 54, 55, 56, 57, 58, 59, 60, 61, 62, 63, 64, 65, 66, 67, 68, 69, 70, 71, 72, 73, 74, 75, 76, 77, 78, 79, 80, 81, 82, 83, 84, 85, 86, 87, 88, 89, 90, 91, 92, 93, 94, 95, 96, 97, 98, 99]",50b510514b3ded2e2f55c164e3b17138c708979cd069960c00095d181b55a984,True,a4eb38f0a91386d864c6566aae4b1e101e9250426be2f12efc12f58ef66ef99a,"[3, 4, 5, 6, 7, 8, 9, 10, 11, 12, 13, 14, 15, 16, 17, 18, 19, 20, 21, 22, 23, 24, 25, 26, 27, 28, 29, 30, 31, 32, 33, 34, 35, 36, 37, 38, 39, 40, 41, 42, 43, 44, 45, 46, 47, 48, 49, 50, 51, 52, 53, 54, 55, 56, 57, 58, 59, 60, 61, 62, 63, 64, 65, 66, 67, 68, 69, 70, 71, 72, 73, 74, 75, 76, 77, 78, 79, 80, 81, 82, 83, 84, 85, 86, 87, 88, 89, 90, 91, 92, 93, 94, 95, 96, 97, 98, 99]",b7d4a92c7e34246af8d941647cb1e9abf7979875359fb1292dac635010751366,84aa76100a494c5d1d2d3502bde2db834ac744398bda48d5c7106d0d5f6753f0,True,283923d8d620a91108978e4952054430581692d31bdac987dce71f9a7308b46e,True,300,1,29262,PASS,3,True
0.9609808340028394,adult_k10_seed10001,6ecfdca8823c24e06563b9c816e4e8dd6a6300449badff9b3e7c696d87b6cb17,True,0,True,a85cf1e133ed894def344de0f53a5e91a68eea3a5a6f9b1b0fd3394811ef17a4,6ecfdca8823c24e06563b9c816e4e8dd6a6300449badff9b3e7c696d87b6cb17,True,"[9685, 20177]","[0, 1, 2, 3, 4, 5, 6, 7, 8, 9, 10, 11, 12, 13, 14, 15, 16, 17, 18, 19, 20, 21, 22, 23, 24, 25, 26, 27, 28, 29, 30, 31, 32, 33, 34, 35, 36, 37, 38, 39, 40, 41, 42, 43, 44, 45, 46, 47, 48, 49, 50, 51, 52, 53, 54, 55, 56, 57, 58, 59, 60, 61, 62, 63, 64, 65, 66, 67, 68, 69, 70, 71, 72, 73, 74, 75, 76, 77, 78, 79, 80, 81, 82, 83, 84, 85, 86, 87, 88, 89, 90, 91, 92, 93, 94, 95, 96, 97, 98, 99]",58aa3ca04d817aef9ccae0201af0b29feb00934c7368a76382c951c86f794bb3,True,256cd108c67a124281691130597ccfa63749096ac87a8137395804eb8ddb6685,"[1, 2, 3, 4, 5, 6, 7, 8, 9, 10, 11, 12, 13, 14, 15, 16, 17, 18, 19, 20, 21, 22, 23, 24, 25, 26, 27, 28, 29, 30, 31, 32, 33, 34, 35, 36, 37, 38, 39, 40, 41, 42, 43, 44, 45, 46, 47, 48, 49, 50, 51, 52, 53, 54, 55, 56, 57, 58, 59, 60, 61, 62, 63, 64, 65, 66, 67, 68, 69, 70, 71, 72, 73, 74, 75, 76, 77, 78, 79, 80, 81, 82, 83, 84, 85, 86, 87, 88, 89, 90, 91, 92, 93, 94, 95, 96, 97, 98, 99]",8a792d5b515dc96bbbc495dac1b260d2136afeee2c4de143443c8793c3499c00,a85cf1e133ed894def344de0f53a5e91a68eea3a5a6f9b1b0fd3394811ef17a4,True,,True,300,2,29862,PASS,1,True
0.949037957994733,adult_k10_seed10001,89b884f3a8f84be3741bd34493d4976001b21ed3418ad44982341866309a12fe,True,1,True,50b510514b3ded2e2f55c164e3b17138c708979cd069960c00095d181b55a984,89b884f3a8f84be3741bd34493d4976001b21ed3418ad44982341866309a12fe,True,"[9588, 19974]","[1, 2, 3, 4, 5, 6, 7, 8, 9, 10, 11, 12, 13, 14, 15, 16, 17, 18, 19, 20, 21, 22, 23, 24, 25, 26, 27, 28, 29, 30, 31, 32, 33, 34, 35, 36, 37, 38, 39, 40, 41, 42, 43, 44, 45, 46, 47, 48, 49, 50, 51, 52, 53, 54, 55, 56, 57, 58, 59, 60, 61, 62, 63, 64, 65, 66, 67, 68, 69, 70, 71, 72, 73, 74, 75, 76, 77, 78, 79, 80, 81, 82, 83, 84, 85, 86, 87, 88, 89, 90, 91, 92, 93, 94, 95, 96, 97, 98, 99]",a85cf1e133ed894def344de0f53a5e91a68eea3a5a6f9b1b0fd3394811ef17a4,True,024d1d362eb9428f1c3e4c658fcee4d2c50833761af7ee48f4d81ef235cca45b,"[2, 3, 4, 5, 6, 7, 8, 9, 10, 11, 12, 13, 14, 15, 16, 17, 18, 19, 20, 21, 22, 23, 24, 25, 26, 27, 28, 29, 30, 31, 32, 33, 34, 35, 36, 37, 38, 39, 40, 41, 42, 43, 44, 45, 46, 47, 48, 49, 50, 51, 52, 53, 54, 55, 56, 57, 58, 59, 60, 61, 62, 63, 64, 65, 66, 67, 68, 69, 70, 71, 72, 73, 74, 75, 76, 77, 78, 79, 80, 81, 82, 83, 84, 85, 86, 87, 88, 89, 90, 91, 92, 93, 94, 95, 96, 97, 98, 99]",283923d8d620a91108978e4952054430581692d31bdac987dce71f9a7308b46e,50b510514b3ded2e2f55c164e3b17138c708979cd069960c00095d181b55a984,True,8a792d5b515dc96bbbc495dac1b260d2136afeee2c4de143443c8793c3499c00,True,300,2,29562,PASS,2,True
0.940146792010637,adult_k10_seed10001,85ec31f16d4ff7bcd71c9a70403e35e86c9a4b63e259617a46b61ce9d3e381a6,True,2,True,84aa76100a494c5d1d2d3502bde2db834ac744398bda48d5c7106d0d5f6753f0,85ec31f16d4ff7bcd71c9a70403e35e86c9a4b63e259617a46b61ce9d3e381a6,True,"[9491, 19771]","[2, 3, 4, 5, 6, 7, 8, 9, 10, 11, 12, 13, 14, 15, 16, 17, 18, 19, 20, 21, 22, 23, 24, 25, 26, 27, 28, 29, 30, 31, 32, 33, 34, 35, 36, 37, 38, 39, 40, 41, 42, 43, 44, 45, 46, 47, 48, 49, 50, 51, 52, 53, 54, 55, 56, 57, 58, 59, 60, 61, 62, 63, 64, 65, 66, 67, 68, 69, 70, 71, 72, 73, 74, 75, 76, 77, 78, 79, 80, 81, 82, 83, 84, 85, 86, 87, 88, 89, 90, 91, 92, 93, 94, 95, 96, 97, 98, 99]",50b510514b3ded2e2f55c164e3b17138c708979cd069960c00095d181b55a984,True,a4eb38f0a91386d864c6566aae4b1e101e9250426be2f12efc12f58ef66ef99a,"[3, 4, 5, 6, 7, 8, 9, 10, 11, 12, 13, 14, 15, 16, 17, 18, 19, 20, 21, 22, 23, 24, 25, 26, 27, 28, 29, 30, 31, 32, 33, 34, 35, 36, 37, 38, 39, 40, 41, 42, 43, 44, 45, 46, 47, 48, 49, 50, 51, 52, 53, 54, 55, 56, 57, 58, 59, 60, 61, 62, 63, 64, 65, 66, 67, 68, 69, 70, 71, 72, 73, 74, 75, 76, 77, 78, 79, 80, 81, 82, 83, 84, 85, 86, 87, 88, 89, 90, 91, 92, 93, 94, 95, 96, 97, 98, 99]",b7d4a92c7e34246af8d941647cb1e9abf7979875359fb1292dac635010751366,84aa76100a494c5d1d2d3502bde2db834ac744398bda48d5c7106d0d5f6753f0,True,283923d8d620a91108978e4952054430581692d31bdac987dce71f9a7308b46e,True,300,2,29262,PASS,3,True
0.9560433749866206,adult_k10_seed10002,3421342d35ca281f880295f5e33e10c1b732bddf9f17a1184d78208de6832e4f,True,0,True,6c1a87893860559599d5219092f0c297aa4faf0cca29fddd0804175370fe422c,3421342d35ca281f880295f5e33e10c1b732bddf9f17a1184d78208de6832e4f,True,"[9685, 20177]","[0, 1, 2, 3, 4, 5, 6, 7, 8, 9, 10, 11, 12, 13, 14, 15, 16, 17, 18, 19, 20, 21, 22, 23, 24, 25, 26, 27, 28, 29, 30, 31, 32, 33, 34, 35, 36, 37, 38, 39, 40, 41, 42, 43, 44, 45, 46, 47, 48, 49, 50, 51, 52, 53, 54, 55, 56, 57, 58, 59, 60, 61, 62, 63, 64, 65, 66, 67, 68, 69, 70, 71, 72, 73, 74, 75, 76, 77, 78, 79, 80, 81, 82, 83, 84, 85, 86, 87, 88, 89, 90, 91, 92, 93, 94, 95, 96, 97, 98, 99]",3a847376a2831405c328be1bbae32752b5be5770e93e108bce76ad65a019146c,True,5e85765098e54fc4144558f37bc8c194ee6583cf3798e869254103c15ee543f6,"[1, 2, 3, 4, 5, 6, 7, 8, 9, 10, 11, 12, 13, 14, 15, 16, 17, 18, 19, 20, 21, 22, 23, 24, 25, 26, 27, 28, 29, 30, 31, 32, 33, 34, 35, 36, 37, 38, 39, 40, 41, 42, 43, 44, 45, 46, 47, 48, 49, 50, 51, 52, 53, 54, 55, 56, 57, 58, 59, 60, 61, 62, 63, 64, 65, 66, 67, 68, 69, 70, 71, 72, 73, 74, 75, 76, 77, 78, 79, 80, 81, 82, 83, 84, 85, 86, 87, 88, 89, 90, 91, 92, 93, 94, 95, 96, 97, 98, 99]",9268b5fb5f88511c4db08ecd9fed9b1d7a3c1609baab6e2c8a25c714187c0778,6c1a87893860559599d5219092f0c297aa4faf0cca29fddd0804175370fe422c,True,,True,300,0,29862,PASS,1,True
0.9486022079945542,adult_k10_seed10002,5b4f54fbd952e12195efd0bba6a115d33acd0d6aaf68ae3d1f9ea5d134692276,True,1,True,1b51f8e19b6af165f2c520496576b392785a681eb7dcb94e5dc7e78c1c30e4a5,5b4f54fbd952e12195efd0bba6a115d33acd0d6aaf68ae3d1f9ea5d134692276,True,"[9588, 19974]","[1, 2, 3, 4, 5, 6, 7, 8, 9, 10, 11, 12, 13, 14, 15, 16, 17, 18, 19, 20, 21, 22, 23, 24, 25, 26, 27, 28, 29, 30, 31, 32, 33, 34, 35, 36, 37, 38, 39, 40, 41, 42, 43, 44, 45, 46, 47, 48, 49, 50, 51, 52, 53, 54, 55, 56, 57, 58, 59, 60, 61, 62, 63, 64, 65, 66, 67, 68, 69, 70, 71, 72, 73, 74, 75, 76, 77, 78, 79, 80, 81, 82, 83, 84, 85, 86, 87, 88, 89, 90, 91, 92, 93, 94, 95, 96, 97, 98, 99]",6c1a87893860559599d5219092f0c297aa4faf0cca29fddd0804175370fe422c,True,0d038182cb103aa62a1bdf5589fee1c472146fec8de57e81371915c21ced225f,"[2, 3, 4, 5, 6, 7, 8, 9, 10, 11, 12, 13, 14, 15, 16, 17, 18, 19, 20, 21, 22, 23, 24, 25, 26, 27, 28, 29, 30, 31, 32, 33, 34, 35, 36, 37, 38, 39, 40, 41, 42, 43, 44, 45, 46, 47, 48, 49, 50, 51, 52, 53, 54, 55, 56, 57, 58, 59, 60, 61, 62, 63, 64, 65, 66, 67, 68, 69, 70, 71, 72, 73, 74, 75, 76, 77, 78, 79, 80, 81, 82, 83, 84, 85, 86, 87, 88, 89, 90, 91, 92, 93, 94, 95, 96, 97, 98, 99]",aa58855ca20275f3c9c32665c2165f8abc971f7440c32dc2c40029df788fbaf3,1b51f8e19b6af165f2c520496576b392785a681eb7dcb94e5dc7e78c1c30e4a5,True,9268b5fb5f88511c4db08ecd9fed9b1d7a3c1609baab6e2c8a25c714187c0778,True,300,0,29562,PASS,2,True
0.9373889169946779,adult_k10_seed10002,dafb72d2965ef1192b8f8cd6bb348b4aeacb886807d5606a03e8f6123add0cc2,True,2,True,e325696c291724b8762ad857adaea0936a7d95d853db6a4077e6c13b605ed81a,dafb72d2965ef1192b8f8cd6bb348b4aeacb886807d5606a03e8f6123add0cc2,True,"[9491, 19771]","[2, 3, 4, 5, 6, 7, 8, 9, 10, 11, 12, 13, 14, 15, 16, 17, 18, 19, 20, 21, 22, 23, 24, 25, 26, 27, 28, 29, 30, 31, 32, 33, 34, 35, 36, 37, 38, 39, 40, 41, 42, 43, 44, 45, 46, 47, 48, 49, 50, 51, 52, 53, 54, 55, 56, 57, 58, 59, 60, 61, 62, 63, 64, 65, 66, 67, 68, 69, 70, 71, 72, 73, 74, 75, 76, 77, 78, 79, 80, 81, 82, 83, 84, 85, 86, 87, 88, 89, 90, 91, 92, 93, 94, 95, 96, 97, 98, 99]",1b51f8e19b6af165f2c520496576b392785a681eb7dcb94e5dc7e78c1c30e4a5,True,787daae254c239447ba5295e21bd74a32783a0cf3969b22b3bb8a08c005daeaf,"[3, 4, 5, 6, 7, 8, 9, 10, 11, 12, 13, 14, 15, 16, 17, 18, 19, 20, 21, 22, 23, 24, 25, 26, 27, 28, 29, 30, 31, 32, 33, 34, 35, 36, 37, 38, 39, 40, 41, 42, 43, 44, 45, 46, 47, 48, 49, 50, 51, 52, 53, 54, 55, 56, 57, 58, 59, 60, 61, 62, 63, 64, 65, 66, 67, 68, 69, 70, 71, 72, 73, 74, 75, 76, 77, 78, 79, 80, 81, 82, 83, 84, 85, 86, 87, 88, 89, 90, 91, 92, 93, 94, 95, 96, 97, 98, 99]",4db90fcaaf407ac12a8257647bcaa986f324931f3dfc0c173981c614d7c3392a,e325696c291724b8762ad857adaea0936a7d95d853db6a4077e6c13b605ed81a,True,aa58855ca20275f3c9c32665c2165f8abc971f7440c32dc2c40029df788fbaf3,True,300,0,29262,PASS,3,True
0.9584719169943128,adult_k10_seed10002,3421342d35ca281f880295f5e33e10c1b732bddf9f17a1184d78208de6832e4f,True,0,True,6c1a87893860559599d5219092f0c297aa4faf0cca29fddd0804175370fe422c,3421342d35ca281f880295f5e33e10c1b732bddf9f17a1184d78208de6832e4f,True,"[9685, 20177]","[0, 1, 2, 3, 4, 5, 6, 7, 8, 9, 10, 11, 12, 13, 14, 15, 16, 17, 18, 19, 20, 21, 22, 23, 24, 25, 26, 27, 28, 29, 30, 31, 32, 33, 34, 35, 36, 37, 38, 39, 40, 41, 42, 43, 44, 45, 46, 47, 48, 49, 50, 51, 52, 53, 54, 55, 56, 57, 58, 59, 60, 61, 62, 63, 64, 65, 66, 67, 68, 69, 70, 71, 72, 73, 74, 75, 76, 77, 78, 79, 80, 81, 82, 83, 84, 85, 86, 87, 88, 89, 90, 91, 92, 93, 94, 95, 96, 97, 98, 99]",3a847376a2831405c328be1bbae32752b5be5770e93e108bce76ad65a019146c,True,5e85765098e54fc4144558f37bc8c194ee6583cf3798e869254103c15ee543f6,"[1, 2, 3, 4, 5, 6, 7, 8, 9, 10, 11, 12, 13, 14, 15, 16, 17, 18, 19, 20, 21, 22, 23, 24, 25, 26, 27, 28, 29, 30, 31, 32, 33, 34, 35, 36, 37, 38, 39, 40, 41, 42, 43, 44, 45, 46, 47, 48, 49, 50, 51, 52, 53, 54, 55, 56, 57, 58, 59, 60, 61, 62, 63, 64, 65, 66, 67, 68, 69, 70, 71, 72, 73, 74, 75, 76, 77, 78, 79, 80, 81, 82, 83, 84, 85, 86, 87, 88, 89, 90, 91, 92, 93, 94, 95, 96, 97, 98, 99]",9268b5fb5f88511c4db08ecd9fed9b1d7a3c1609baab6e2c8a25c714187c0778,6c1a87893860559599d5219092f0c297aa4faf0cca29fddd0804175370fe422c,True,,True,300,1,29862,PASS,1,True
0.9474592499900609,adult_k10_seed10002,5b4f54fbd952e12195efd0bba6a115d33acd0d6aaf68ae3d1f9ea5d134692276,True,1,True,1b51f8e19b6af165f2c520496576b392785a681eb7dcb94e5dc7e78c1c30e4a5,5b4f54fbd952e12195efd0bba6a115d33acd0d6aaf68ae3d1f9ea5d134692276,True,"[9588, 19974]","[1, 2, 3, 4, 5, 6, 7, 8, 9, 10, 11, 12, 13, 14, 15, 16, 17, 18, 19, 20, 21, 22, 23, 24, 25, 26, 27, 28, 29, 30, 31, 32, 33, 34, 35, 36, 37, 38, 39, 40, 41, 42, 43, 44, 45, 46, 47, 48, 49, 50, 51, 52, 53, 54, 55, 56, 57, 58, 59, 60, 61, 62, 63, 64, 65, 66, 67, 68, 69, 70, 71, 72, 73, 74, 75, 76, 77, 78, 79, 80, 81, 82, 83, 84, 85, 86, 87, 88, 89, 90, 91, 92, 93, 94, 95, 96, 97, 98, 99]",6c1a87893860559599d5219092f0c297aa4faf0cca29fddd0804175370fe422c,True,0d038182cb103aa62a1bdf5589fee1c472146fec8de57e81371915c21ced225f,"[2, 3, 4, 5, 6, 7, 8, 9, 10, 11, 12, 13, 14, 15, 16, 17, 18, 19, 20, 21, 22, 23, 24, 25, 26, 27, 28, 29, 30, 31, 32, 33, 34, 35, 36, 37, 38, 39, 40, 41, 42, 43, 44, 45, 46, 47, 48, 49, 50, 51, 52, 53, 54, 55, 56, 57, 58, 59, 60, 61, 62, 63, 64, 65, 66, 67, 68, 69, 70, 71, 72, 73, 74, 75, 76, 77, 78, 79, 80, 81, 82, 83, 84, 85, 86, 87, 88, 89, 90, 91, 92, 93, 94, 95, 96, 97, 98, 99]",aa58855ca20275f3c9c32665c2165f8abc971f7440c32dc2c40029df788fbaf3,1b51f8e19b6af165f2c520496576b392785a681eb7dcb94e5dc7e78c1c30e4a5,True,9268b5fb5f88511c4db08ecd9fed9b1d7a3c1609baab6e2c8a25c714187c0778,True,300,1,29562,PASS,2,True
0.9433009589847643,adult_k10_seed10002,dafb72d2965ef1192b8f8cd6bb348b4aeacb886807d5606a03e8f6123add0cc2,True,2,True,e325696c291724b8762ad857adaea0936a7d95d853db6a4077e6c13b605ed81a,dafb72d2965ef1192b8f8cd6bb348b4aeacb886807d5606a03e8f6123add0cc2,True,"[9491, 19771]","[2, 3, 4, 5, 6, 7, 8, 9, 10, 11, 12, 13, 14, 15, 16, 17, 18, 19, 20, 21, 22, 23, 24, 25, 26, 27, 28, 29, 30, 31, 32, 33, 34, 35, 36, 37, 38, 39, 40, 41, 42, 43, 44, 45, 46, 47, 48, 49, 50, 51, 52, 53, 54, 55, 56, 57, 58, 59, 60, 61, 62, 63, 64, 65, 66, 67, 68, 69, 70, 71, 72, 73, 74, 75, 76, 77, 78, 79, 80, 81, 82, 83, 84, 85, 86, 87, 88, 89, 90, 91, 92, 93, 94, 95, 96, 97, 98, 99]",1b51f8e19b6af165f2c520496576b392785a681eb7dcb94e5dc7e78c1c30e4a5,True,787daae254c239447ba5295e21bd74a32783a0cf3969b22b3bb8a08c005daeaf,"[3, 4, 5, 6, 7, 8, 9, 10, 11, 12, 13, 14, 15, 16, 17, 18, 19, 20, 21, 22, 23, 24, 25, 26, 27, 28, 29, 30, 31, 32, 33, 34, 35, 36, 37, 38, 39, 40, 41, 42, 43, 44, 45, 46, 47, 48, 49, 50, 51, 52, 53, 54, 55, 56, 57, 58, 59, 60, 61, 62, 63, 64, 65, 66, 67, 68, 69, 70, 71, 72, 73, 74, 75, 76, 77, 78, 79, 80, 81, 82, 83, 84, 85, 86, 87, 88, 89, 90, 91, 92, 93, 94, 95, 96, 97, 98, 99]",4db90fcaaf407ac12a8257647bcaa986f324931f3dfc0c173981c614d7c3392a,e325696c291724b8762ad857adaea0936a7d95d853db6a4077e6c13b605ed81a,True,aa58855ca20275f3c9c32665c2165f8abc971f7440c32dc2c40029df788fbaf3,True,300,1,29262,PASS,3,True
0.9591538330132607,adult_k10_seed10002,3421342d35ca281f880295f5e33e10c1b732bddf9f17a1184d78208de6832e4f,True,0,True,6c1a87893860559599d5219092f0c297aa4faf0cca29fddd0804175370fe422c,3421342d35ca281f880295f5e33e10c1b732bddf9f17a1184d78208de6832e4f,True,"[9685, 20177]","[0, 1, 2, 3, 4, 5, 6, 7, 8, 9, 10, 11, 12, 13, 14, 15, 16, 17, 18, 19, 20, 21, 22, 23, 24, 25, 26, 27, 28, 29, 30, 31, 32, 33, 34, 35, 36, 37, 38, 39, 40, 41, 42, 43, 44, 45, 46, 47, 48, 49, 50, 51, 52, 53, 54, 55, 56, 57, 58, 59, 60, 61, 62, 63, 64, 65, 66, 67, 68, 69, 70, 71, 72, 73, 74, 75, 76, 77, 78, 79, 80, 81, 82, 83, 84, 85, 86, 87, 88, 89, 90, 91, 92, 93, 94, 95, 96, 97, 98, 99]",3a847376a2831405c328be1bbae32752b5be5770e93e108bce76ad65a019146c,True,5e85765098e54fc4144558f37bc8c194ee6583cf3798e869254103c15ee543f6,"[1, 2, 3, 4, 5, 6, 7, 8, 9, 10, 11, 12, 13, 14, 15, 16, 17, 18, 19, 20, 21, 22, 23, 24, 25, 26, 27, 28, 29, 30, 31, 32, 33, 34, 35, 36, 37, 38, 39, 40, 41, 42, 43, 44, 45, 46, 47, 48, 49, 50, 51, 52, 53, 54, 55, 56, 57, 58, 59, 60, 61, 62, 63, 64, 65, 66, 67, 68, 69, 70, 71, 72, 73, 74, 75, 76, 77, 78, 79, 80, 81, 82, 83, 84, 85, 86, 87, 88, 89, 90, 91, 92, 93, 94, 95, 96, 97, 98, 99]",9268b5fb5f88511c4db08ecd9fed9b1d7a3c1609baab6e2c8a25c714187c0778,6c1a87893860559599d5219092f0c297aa4faf0cca29fddd0804175370fe422c,True,,True,300,2,29862,PASS,1,True
0.9467349170008674,adult_k10_seed10002,5b4f54fbd952e12195efd0bba6a115d33acd0d6aaf68ae3d1f9ea5d134692276,True,1,True,1b51f8e19b6af165f2c520496576b392785a681eb7dcb94e5dc7e78c1c30e4a5,5b4f54fbd952e12195efd0bba6a115d33acd0d6aaf68ae3d1f9ea5d134692276,True,"[9588, 19974]","[1, 2, 3, 4, 5, 6, 7, 8, 9, 10, 11, 12, 13, 14, 15, 16, 17, 18, 19, 20, 21, 22, 23, 24, 25, 26, 27, 28, 29, 30, 31, 32, 33, 34, 35, 36, 37, 38, 39, 40, 41, 42, 43, 44, 45, 46, 47, 48, 49, 50, 51, 52, 53, 54, 55, 56, 57, 58, 59, 60, 61, 62, 63, 64, 65, 66, 67, 68, 69, 70, 71, 72, 73, 74, 75, 76, 77, 78, 79, 80, 81, 82, 83, 84, 85, 86, 87, 88, 89, 90, 91, 92, 93, 94, 95, 96, 97, 98, 99]",6c1a87893860559599d5219092f0c297aa4faf0cca29fddd0804175370fe422c,True,0d038182cb103aa62a1bdf5589fee1c472146fec8de57e81371915c21ced225f,"[2, 3, 4, 5, 6, 7, 8, 9, 10, 11, 12, 13, 14, 15, 16, 17, 18, 19, 20, 21, 22, 23, 24, 25, 26, 27, 28, 29, 30, 31, 32, 33, 34, 35, 36, 37, 38, 39, 40, 41, 42, 43, 44, 45, 46, 47, 48, 49, 50, 51, 52, 53, 54, 55, 56, 57, 58, 59, 60, 61, 62, 63, 64, 65, 66, 67, 68, 69, 70, 71, 72, 73, 74, 75, 76, 77, 78, 79, 80, 81, 82, 83, 84, 85, 86, 87, 88, 89, 90, 91, 92, 93, 94, 95, 96, 97, 98, 99]",aa58855ca20275f3c9c32665c2165f8abc971f7440c32dc2c40029df788fbaf3,1b51f8e19b6af165f2c520496576b392785a681eb7dcb94e5dc7e78c1c30e4a5,True,9268b5fb5f88511c4db08ecd9fed9b1d7a3c1609baab6e2c8a25c714187c0778,True,300,2,29562,PASS,2,True
0.9362103329913225,adult_k10_seed10002,dafb72d2965ef1192b8f8cd6bb348b4aeacb886807d5606a03e8f6123add0cc2,True,2,True,e325696c291724b8762ad857adaea0936a7d95d853db6a4077e6c13b605ed81a,dafb72d2965ef1192b8f8cd6bb348b4aeacb886807d5606a03e8f6123add0cc2,True,"[9491, 19771]","[2, 3, 4, 5, 6, 7, 8, 9, 10, 11, 12, 13, 14, 15, 16, 17, 18, 19, 20, 21, 22, 23, 24, 25, 26, 27, 28, 29, 30, 31, 32, 33, 34, 35, 36, 37, 38, 39, 40, 41, 42, 43, 44, 45, 46, 47, 48, 49, 50, 51, 52, 53, 54, 55, 56, 57, 58, 59, 60, 61, 62, 63, 64, 65, 66, 67, 68, 69, 70, 71, 72, 73, 74, 75, 76, 77, 78, 79, 80, 81, 82, 83, 84, 85, 86, 87, 88, 89, 90, 91, 92, 93, 94, 95, 96, 97, 98, 99]",1b51f8e19b6af165f2c520496576b392785a681eb7dcb94e5dc7e78c1c30e4a5,True,787daae254c239447ba5295e21bd74a32783a0cf3969b22b3bb8a08c005daeaf,"[3, 4, 5, 6, 7, 8, 9, 10, 11, 12, 13, 14, 15, 16, 17, 18, 19, 20, 21, 22, 23, 24, 25, 26, 27, 28, 29, 30, 31, 32, 33, 34, 35, 36, 37, 38, 39, 40, 41, 42, 43, 44, 45, 46, 47, 48, 49, 50, 51, 52, 53, 54, 55, 56, 57, 58, 59, 60, 61, 62, 63, 64, 65, 66, 67, 68, 69, 70, 71, 72, 73, 74, 75, 76, 77, 78, 79, 80, 81, 82, 83, 84, 85, 86, 87, 88, 89, 90, 91, 92, 93, 94, 95, 96, 97, 98, 99]",4db90fcaaf407ac12a8257647bcaa986f324931f3dfc0c173981c614d7c3392a,e325696c291724b8762ad857adaea0936a7d95d853db6a4077e6c13b605ed81a,True,aa58855ca20275f3c9c32665c2165f8abc971f7440c32dc2c40029df788fbaf3,True,300,2,29262,PASS,3,True
0.9563785829814151,adult_k10_seed10003,b608d63a1e2e35bae43502e266b0b847bad17b64b6f53226805cb0e52daca23a,True,0,True,6971a9724c27873a1d2d492e9a02f55b499ce62075a2a3b8577afbeeff9f757f,b608d63a1e2e35bae43502e266b0b847bad17b64b6f53226805cb0e52daca23a,True,"[9685, 20177]","[0, 1, 2, 3, 4, 5, 6, 7, 8, 9, 10, 11, 12, 13, 14, 15, 16, 17, 18, 19, 20, 21, 22, 23, 24, 25, 26, 27, 28, 29, 30, 31, 32, 33, 34, 35, 36, 37, 38, 39, 40, 41, 42, 43, 44, 45, 46, 47, 48, 49, 50, 51, 52, 53, 54, 55, 56, 57, 58, 59, 60, 61, 62, 63, 64, 65, 66, 67, 68, 69, 70, 71, 72, 73, 74, 75, 76, 77, 78, 79, 80, 81, 82, 83, 84, 85, 86, 87, 88, 89, 90, 91, 92, 93, 94, 95, 96, 97, 98, 99]",d1259805484135f31bb53eb665849c14a3d7e2e76345a204ce34c92f431f1ce2,True,fd58fc90bf5e6a5c486a034a5fc90d50ce906bfec4fbf64d8dc5a9eda2c479f2,"[1, 2, 3, 4, 5, 6, 7, 8, 9, 10, 11, 12, 13, 14, 15, 16, 17, 18, 19, 20, 21, 22, 23, 24, 25, 26, 27, 28, 29, 30, 31, 32, 33, 34, 35, 36, 37, 38, 39, 40, 41, 42, 43, 44, 45, 46, 47, 48, 49, 50, 51, 52, 53, 54, 55, 56, 57, 58, 59, 60, 61, 62, 63, 64, 65, 66, 67, 68, 69, 70, 71, 72, 73, 74, 75, 76, 77, 78, 79, 80, 81, 82, 83, 84, 85, 86, 87, 88, 89, 90, 91, 92, 93, 94, 95, 96, 97, 98, 99]",349cdd8a69f457b81c1103abf57e6a7688afa48175a9a750bea735c54afaf1aa,6971a9724c27873a1d2d492e9a02f55b499ce62075a2a3b8577afbeeff9f757f,True,,True,300,0,29862,PASS,1,True
0.9438217089918908,adult_k10_seed10003,18796a3b113b2da1d5954bbbed70e09f8951dab8796c83c9dbfa3f83492fccac,True,1,True,517735bd9e5a9b817c491a7d9806fb6bfe611ca2183c3b7587295fcc1620fe67,18796a3b113b2da1d5954bbbed70e09f8951dab8796c83c9dbfa3f83492fccac,True,"[9588, 19974]","[1, 2, 3, 4, 5, 6, 7, 8, 9, 10, 11, 12, 13, 14, 15, 16, 17, 18, 19, 20, 21, 22, 23, 24, 25, 26, 27, 28, 29, 30, 31, 32, 33, 34, 35, 36, 37, 38, 39, 40, 41, 42, 43, 44, 45, 46, 47, 48, 49, 50, 51, 52, 53, 54, 55, 56, 57, 58, 59, 60, 61, 62, 63, 64, 65, 66, 67, 68, 69, 70, 71, 72, 73, 74, 75, 76, 77, 78, 79, 80, 81, 82, 83, 84, 85, 86, 87, 88, 89, 90, 91, 92, 93, 94, 95, 96, 97, 98, 99]",6971a9724c27873a1d2d492e9a02f55b499ce62075a2a3b8577afbeeff9f757f,True,9c87c4d6c64f29cad1330442f6b29dbd76bd084b9d95f8030f46e99441af18a7,"[2, 3, 4, 5, 6, 7, 8, 9, 10, 11, 12, 13, 14, 15, 16, 17, 18, 19, 20, 21, 22, 23, 24, 25, 26, 27, 28, 29, 30, 31, 32, 33, 34, 35, 36, 37, 38, 39, 40, 41, 42, 43, 44, 45, 46, 47, 48, 49, 50, 51, 52, 53, 54, 55, 56, 57, 58, 59, 60, 61, 62, 63, 64, 65, 66, 67, 68, 69, 70, 71, 72, 73, 74, 75, 76, 77, 78, 79, 80, 81, 82, 83, 84, 85, 86, 87, 88, 89, 90, 91, 92, 93, 94, 95, 96, 97, 98, 99]",367ea823d2360c27365e99012f0115de56396c44dfb0453feeb034d9240d23d6,517735bd9e5a9b817c491a7d9806fb6bfe611ca2183c3b7587295fcc1620fe67,True,349cdd8a69f457b81c1103abf57e6a7688afa48175a9a750bea735c54afaf1aa,True,300,0,29562,PASS,2,True
0.9344228330010083,adult_k10_seed10003,96f940a95c2717e12c738452da3f7e231767470c3174e19f6bf605993b5c92e9,True,2,True,4f891a006798de581cbe273514c823491406ba5cc9c38eb8614ad7a91db9f689,96f940a95c2717e12c738452da3f7e231767470c3174e19f6bf605993b5c92e9,True,"[9491, 19771]","[2, 3, 4, 5, 6, 7, 8, 9, 10, 11, 12, 13, 14, 15, 16, 17, 18, 19, 20, 21, 22, 23, 24, 25, 26, 27, 28, 29, 30, 31, 32, 33, 34, 35, 36, 37, 38, 39, 40, 41, 42, 43, 44, 45, 46, 47, 48, 49, 50, 51, 52, 53, 54, 55, 56, 57, 58, 59, 60, 61, 62, 63, 64, 65, 66, 67, 68, 69, 70, 71, 72, 73, 74, 75, 76, 77, 78, 79, 80, 81, 82, 83, 84, 85, 86, 87, 88, 89, 90, 91, 92, 93, 94, 95, 96, 97, 98, 99]",517735bd9e5a9b817c491a7d9806fb6bfe611ca2183c3b7587295fcc1620fe67,True,8e22d3acacc31b612b4d69d802bdd0df162bd7bd6978ed28b19f5593f12f0706,"[3, 4, 5, 6, 7, 8, 9, 10, 11, 12, 13, 14, 15, 16, 17, 18, 19, 20, 21, 22, 23, 24, 25, 26, 27, 28, 29, 30, 31, 32, 33, 34, 35, 36, 37, 38, 39, 40, 41, 42, 43, 44, 45, 46, 47, 48, 49, 50, 51, 52, 53, 54, 55, 56, 57, 58, 59, 60, 61, 62, 63, 64, 65, 66, 67, 68, 69, 70, 71, 72, 73, 74, 75, 76, 77, 78, 79, 80, 81, 82, 83, 84, 85, 86, 87, 88, 89, 90, 91, 92, 93, 94, 95, 96, 97, 98, 99]",527b8df829220cd22184361b7a473c757aa8ae852a01f1ebdde3160c2502e517,4f891a006798de581cbe273514c823491406ba5cc9c38eb8614ad7a91db9f689,True,367ea823d2360c27365e99012f0115de56396c44dfb0453feeb034d9240d23d6,True,300,0,29262,PASS,3,True
0.958091707987478,adult_k10_seed10003,b608d63a1e2e35bae43502e266b0b847bad17b64b6f53226805cb0e52daca23a,True,0,True,6971a9724c27873a1d2d492e9a02f55b499ce62075a2a3b8577afbeeff9f757f,b608d63a1e2e35bae43502e266b0b847bad17b64b6f53226805cb0e52daca23a,True,"[9685, 20177]","[0, 1, 2, 3, 4, 5, 6, 7, 8, 9, 10, 11, 12, 13, 14, 15, 16, 17, 18, 19, 20, 21, 22, 23, 24, 25, 26, 27, 28, 29, 30, 31, 32, 33, 34, 35, 36, 37, 38, 39, 40, 41, 42, 43, 44, 45, 46, 47, 48, 49, 50, 51, 52, 53, 54, 55, 56, 57, 58, 59, 60, 61, 62, 63, 64, 65, 66, 67, 68, 69, 70, 71, 72, 73, 74, 75, 76, 77, 78, 79, 80, 81, 82, 83, 84, 85, 86, 87, 88, 89, 90, 91, 92, 93, 94, 95, 96, 97, 98, 99]",d1259805484135f31bb53eb665849c14a3d7e2e76345a204ce34c92f431f1ce2,True,fd58fc90bf5e6a5c486a034a5fc90d50ce906bfec4fbf64d8dc5a9eda2c479f2,"[1, 2, 3, 4, 5, 6, 7, 8, 9, 10, 11, 12, 13, 14, 15, 16, 17, 18, 19, 20, 21, 22, 23, 24, 25, 26, 27, 28, 29, 30, 31, 32, 33, 34, 35, 36, 37, 38, 39, 40, 41, 42, 43, 44, 45, 46, 47, 48, 49, 50, 51, 52, 53, 54, 55, 56, 57, 58, 59, 60, 61, 62, 63, 64, 65, 66, 67, 68, 69, 70, 71, 72, 73, 74, 75, 76, 77, 78, 79, 80, 81, 82, 83, 84, 85, 86, 87, 88, 89, 90, 91, 92, 93, 94, 95, 96, 97, 98, 99]",349cdd8a69f457b81c1103abf57e6a7688afa48175a9a750bea735c54afaf1aa,6971a9724c27873a1d2d492e9a02f55b499ce62075a2a3b8577afbeeff9f757f,True,,True,300,1,29862,PASS,1,True
0.9490307919913903,adult_k10_seed10003,18796a3b113b2da1d5954bbbed70e09f8951dab8796c83c9dbfa3f83492fccac,True,1,True,517735bd9e5a9b817c491a7d9806fb6bfe611ca2183c3b7587295fcc1620fe67,18796a3b113b2da1d5954bbbed70e09f8951dab8796c83c9dbfa3f83492fccac,True,"[9588, 19974]","[1, 2, 3, 4, 5, 6, 7, 8, 9, 10, 11, 12, 13, 14, 15, 16, 17, 18, 19, 20, 21, 22, 23, 24, 25, 26, 27, 28, 29, 30, 31, 32, 33, 34, 35, 36, 37, 38, 39, 40, 41, 42, 43, 44, 45, 46, 47, 48, 49, 50, 51, 52, 53, 54, 55, 56, 57, 58, 59, 60, 61, 62, 63, 64, 65, 66, 67, 68, 69, 70, 71, 72, 73, 74, 75, 76, 77, 78, 79, 80, 81, 82, 83, 84, 85, 86, 87, 88, 89, 90, 91, 92, 93, 94, 95, 96, 97, 98, 99]",6971a9724c27873a1d2d492e9a02f55b499ce62075a2a3b8577afbeeff9f757f,True,9c87c4d6c64f29cad1330442f6b29dbd76bd084b9d95f8030f46e99441af18a7,"[2, 3, 4, 5, 6, 7, 8, 9, 10, 11, 12, 13, 14, 15, 16, 17, 18, 19, 20, 21, 22, 23, 24, 25, 26, 27, 28, 29, 30, 31, 32, 33, 34, 35, 36, 37, 38, 39, 40, 41, 42, 43, 44, 45, 46, 47, 48, 49, 50, 51, 52, 53, 54, 55, 56, 57, 58, 59, 60, 61, 62, 63, 64, 65, 66, 67, 68, 69, 70, 71, 72, 73, 74, 75, 76, 77, 78, 79, 80, 81, 82, 83, 84, 85, 86, 87, 88, 89, 90, 91, 92, 93, 94, 95, 96, 97, 98, 99]",367ea823d2360c27365e99012f0115de56396c44dfb0453feeb034d9240d23d6,517735bd9e5a9b817c491a7d9806fb6bfe611ca2183c3b7587295fcc1620fe67,True,349cdd8a69f457b81c1103abf57e6a7688afa48175a9a750bea735c54afaf1aa,True,300,1,29562,PASS,2,True
0.9367221659922507,adult_k10_seed10003,96f940a95c2717e12c738452da3f7e231767470c3174e19f6bf605993b5c92e9,True,2,True,4f891a006798de581cbe273514c823491406ba5cc9c38eb8614ad7a91db9f689,96f940a95c2717e12c738452da3f7e231767470c3174e19f6bf605993b5c92e9,True,"[9491, 19771]","[2, 3, 4, 5, 6, 7, 8, 9, 10, 11, 12, 13, 14, 15, 16, 17, 18, 19, 20, 21, 22, 23, 24, 25, 26, 27, 28, 29, 30, 31, 32, 33, 34, 35, 36, 37, 38, 39, 40, 41, 42, 43, 44, 45, 46, 47, 48, 49, 50, 51, 52, 53, 54, 55, 56, 57, 58, 59, 60, 61, 62, 63, 64, 65, 66, 67, 68, 69, 70, 71, 72, 73, 74, 75, 76, 77, 78, 79, 80, 81, 82, 83, 84, 85, 86, 87, 88, 89, 90, 91, 92, 93, 94, 95, 96, 97, 98, 99]",517735bd9e5a9b817c491a7d9806fb6bfe611ca2183c3b7587295fcc1620fe67,True,8e22d3acacc31b612b4d69d802bdd0df162bd7bd6978ed28b19f5593f12f0706,"[3, 4, 5, 6, 7, 8, 9, 10, 11, 12, 13, 14, 15, 16, 17, 18, 19, 20, 21, 22, 23, 24, 25, 26, 27, 28, 29, 30, 31, 32, 33, 34, 35, 36, 37, 38, 39, 40, 41, 42, 43, 44, 45, 46, 47, 48, 49, 50, 51, 52, 53, 54, 55, 56, 57, 58, 59, 60, 61, 62, 63, 64, 65, 66, 67, 68, 69, 70, 71, 72, 73, 74, 75, 76, 77, 78, 79, 80, 81, 82, 83, 84, 85, 86, 87, 88, 89, 90, 91, 92, 93, 94, 95, 96, 97, 98, 99]",527b8df829220cd22184361b7a473c757aa8ae852a01f1ebdde3160c2502e517,4f891a006798de581cbe273514c823491406ba5cc9c38eb8614ad7a91db9f689,True,367ea823d2360c27365e99012f0115de56396c44dfb0453feeb034d9240d23d6,True,300,1,29262,PASS,3,True
0.9597432499867864,adult_k10_seed10003,b608d63a1e2e35bae43502e266b0b847bad17b64b6f53226805cb0e52daca23a,True,0,True,6971a9724c27873a1d2d492e9a02f55b499ce62075a2a3b8577afbeeff9f757f,b608d63a1e2e35bae43502e266b0b847bad17b64b6f53226805cb0e52daca23a,True,"[9685, 20177]","[0, 1, 2, 3, 4, 5, 6, 7, 8, 9, 10, 11, 12, 13, 14, 15, 16, 17, 18, 19, 20, 21, 22, 23, 24, 25, 26, 27, 28, 29, 30, 31, 32, 33, 34, 35, 36, 37, 38, 39, 40, 41, 42, 43, 44, 45, 46, 47, 48, 49, 50, 51, 52, 53, 54, 55, 56, 57, 58, 59, 60, 61, 62, 63, 64, 65, 66, 67, 68, 69, 70, 71, 72, 73, 74, 75, 76, 77, 78, 79, 80, 81, 82, 83, 84, 85, 86, 87, 88, 89, 90, 91, 92, 93, 94, 95, 96, 97, 98, 99]",d1259805484135f31bb53eb665849c14a3d7e2e76345a204ce34c92f431f1ce2,True,fd58fc90bf5e6a5c486a034a5fc90d50ce906bfec4fbf64d8dc5a9eda2c479f2,"[1, 2, 3, 4, 5, 6, 7, 8, 9, 10, 11, 12, 13, 14, 15, 16, 17, 18, 19, 20, 21, 22, 23, 24, 25, 26, 27, 28, 29, 30, 31, 32, 33, 34, 35, 36, 37, 38, 39, 40, 41, 42, 43, 44, 45, 46, 47, 48, 49, 50, 51, 52, 53, 54, 55, 56, 57, 58, 59, 60, 61, 62, 63, 64, 65, 66, 67, 68, 69, 70, 71, 72, 73, 74, 75, 76, 77, 78, 79, 80, 81, 82, 83, 84, 85, 86, 87, 88, 89, 90, 91, 92, 93, 94, 95, 96, 97, 98, 99]",349cdd8a69f457b81c1103abf57e6a7688afa48175a9a750bea735c54afaf1aa,6971a9724c27873a1d2d492e9a02f55b499ce62075a2a3b8577afbeeff9f757f,True,,True,300,2,29862,PASS,1,True
0.9555614170094486,adult_k10_seed10003,18796a3b113b2da1d5954bbbed70e09f8951dab8796c83c9dbfa3f83492fccac,True,1,True,517735bd9e5a9b817c491a7d9806fb6bfe611ca2183c3b7587295fcc1620fe67,18796a3b113b2da1d5954bbbed70e09f8951dab8796c83c9dbfa3f83492fccac,True,"[9588, 19974]","[1, 2, 3, 4, 5, 6, 7, 8, 9, 10, 11, 12, 13, 14, 15, 16, 17, 18, 19, 20, 21, 22, 23, 24, 25, 26, 27, 28, 29, 30, 31, 32, 33, 34, 35, 36, 37, 38, 39, 40, 41, 42, 43, 44, 45, 46, 47, 48, 49, 50, 51, 52, 53, 54, 55, 56, 57, 58, 59, 60, 61, 62, 63, 64, 65, 66, 67, 68, 69, 70, 71, 72, 73, 74, 75, 76, 77, 78, 79, 80, 81, 82, 83, 84, 85, 86, 87, 88, 89, 90, 91, 92, 93, 94, 95, 96, 97, 98, 99]",6971a9724c27873a1d2d492e9a02f55b499ce62075a2a3b8577afbeeff9f757f,True,9c87c4d6c64f29cad1330442f6b29dbd76bd084b9d95f8030f46e99441af18a7,"[2, 3, 4, 5, 6, 7, 8, 9, 10, 11, 12, 13, 14, 15, 16, 17, 18, 19, 20, 21, 22, 23, 24, 25, 26, 27, 28, 29, 30, 31, 32, 33, 34, 35, 36, 37, 38, 39, 40, 41, 42, 43, 44, 45, 46, 47, 48, 49, 50, 51, 52, 53, 54, 55, 56, 57, 58, 59, 60, 61, 62, 63, 64, 65, 66, 67, 68, 69, 70, 71, 72, 73, 74, 75, 76, 77, 78, 79, 80, 81, 82, 83, 84, 85, 86, 87, 88, 89, 90, 91, 92, 93, 94, 95, 96, 97, 98, 99]",367ea823d2360c27365e99012f0115de56396c44dfb0453feeb034d9240d23d6,517735bd9e5a9b817c491a7d9806fb6bfe611ca2183c3b7587295fcc1620fe67,True,349cdd8a69f457b81c1103abf57e6a7688afa48175a9a750bea735c54afaf1aa,True,300,2,29562,PASS,2,True
0.9365562089951709,adult_k10_seed10003,96f940a95c2717e12c738452da3f7e231767470c3174e19f6bf605993b5c92e9,True,2,True,4f891a006798de581cbe273514c823491406ba5cc9c38eb8614ad7a91db9f689,96f940a95c2717e12c738452da3f7e231767470c3174e19f6bf605993b5c92e9,True,"[9491, 19771]","[2, 3, 4, 5, 6, 7, 8, 9, 10, 11, 12, 13, 14, 15, 16, 17, 18, 19, 20, 21, 22, 23, 24, 25, 26, 27, 28, 29, 30, 31, 32, 33, 34, 35, 36, 37, 38, 39, 40, 41, 42, 43, 44, 45, 46, 47, 48, 49, 50, 51, 52, 53, 54, 55, 56, 57, 58, 59, 60, 61, 62, 63, 64, 65, 66, 67, 68, 69, 70, 71, 72, 73, 74, 75, 76, 77, 78, 79, 80, 81, 82, 83, 84, 85, 86, 87, 88, 89, 90, 91, 92, 93, 94, 95, 96, 97, 98, 99]",517735bd9e5a9b817c491a7d9806fb6bfe611ca2183c3b7587295fcc1620fe67,True,8e22d3acacc31b612b4d69d802bdd0df162bd7bd6978ed28b19f5593f12f0706,"[3, 4, 5, 6, 7, 8, 9, 10, 11, 12, 13, 14, 15, 16, 17, 18, 19, 20, 21, 22, 23, 24, 25, 26, 27, 28, 29, 30, 31, 32, 33, 34, 35, 36, 37, 38, 39, 40, 41, 42, 43, 44, 45, 46, 47, 48, 49, 50, 51, 52, 53, 54, 55, 56, 57, 58, 59, 60, 61, 62, 63, 64, 65, 66, 67, 68, 69, 70, 71, 72, 73, 74, 75, 76, 77, 78, 79, 80, 81, 82, 83, 84, 85, 86, 87, 88, 89, 90, 91, 92, 93, 94, 95, 96, 97, 98, 99]",527b8df829220cd22184361b7a473c757aa8ae852a01f1ebdde3160c2502e517,4f891a006798de581cbe273514c823491406ba5cc9c38eb8614ad7a91db9f689,True,367ea823d2360c27365e99012f0115de56396c44dfb0453feeb034d9240d23d6,True,300,2,29262,PASS,3,True
0.9439327080035582,adult_k10_seed10004,d0b108e7badfaf8bba4807889cb4d0a98ac00e5c99e9191e61cbbe25fbbed248,True,0,True,68013de69406416166910374814c831abf5d10c3fe0e36a9687b94f0efe589bd,d0b108e7badfaf8bba4807889cb4d0a98ac00e5c99e9191e61cbbe25fbbed248,True,"[9685, 20177]","[0, 1, 2, 3, 4, 5, 6, 7, 8, 9, 10, 11, 12, 13, 14, 15, 16, 17, 18, 19, 20, 21, 22, 23, 24, 25, 26, 27, 28, 29, 30, 31, 32, 33, 34, 35, 36, 37, 38, 39, 40, 41, 42, 43, 44, 45, 46, 47, 48, 49, 50, 51, 52, 53, 54, 55, 56, 57, 58, 59, 60, 61, 62, 63, 64, 65, 66, 67, 68, 69, 70, 71, 72, 73, 74, 75, 76, 77, 78, 79, 80, 81, 82, 83, 84, 85, 86, 87, 88, 89, 90, 91, 92, 93, 94, 95, 96, 97, 98, 99]",ea2665b97d470984425f45c1f0faf6804a74fc085157f6b1c4f83149be3577bd,True,616c259413991a5e980c13bcec4180fc08c583fb7fad67a11a913c9cb543da1f,"[1, 2, 3, 4, 5, 6, 7, 8, 9, 10, 11, 12, 13, 14, 15, 16, 17, 18, 19, 20, 21, 22, 23, 24, 25, 26, 27, 28, 29, 30, 31, 32, 33, 34, 35, 36, 37, 38, 39, 40, 41, 42, 43, 44, 45, 46, 47, 48, 49, 50, 51, 52, 53, 54, 55, 56, 57, 58, 59, 60, 61, 62, 63, 64, 65, 66, 67, 68, 69, 70, 71, 72, 73, 74, 75, 76, 77, 78, 79, 80, 81, 82, 83, 84, 85, 86, 87, 88, 89, 90, 91, 92, 93, 94, 95, 96, 97, 98, 99]",bc94102a182d2dec352830a8c80b985256e4c056ba119bc2ca749481c3add7b6,68013de69406416166910374814c831abf5d10c3fe0e36a9687b94f0efe589bd,True,,True,300,0,29862,PASS,1,True
0.9289210829883814,adult_k10_seed10004,5c6bbe78487cceadfc20ad8e5abe4a36fbb84f9846a12b12143dcedd81350ecc,True,1,True,3003c1957b57318394910659ad481e332befe8dac85bf32d10d908b9c6d52cd9,5c6bbe78487cceadfc20ad8e5abe4a36fbb84f9846a12b12143dcedd81350ecc,True,"[9588, 19974]","[1, 2, 3, 4, 5, 6, 7, 8, 9, 10, 11, 12, 13, 14, 15, 16, 17, 18, 19, 20, 21, 22, 23, 24, 25, 26, 27, 28, 29, 30, 31, 32, 33, 34, 35, 36, 37, 38, 39, 40, 41, 42, 43, 44, 45, 46, 47, 48, 49, 50, 51, 52, 53, 54, 55, 56, 57, 58, 59, 60, 61, 62, 63, 64, 65, 66, 67, 68, 69, 70, 71, 72, 73, 74, 75, 76, 77, 78, 79, 80, 81, 82, 83, 84, 85, 86, 87, 88, 89, 90, 91, 92, 93, 94, 95, 96, 97, 98, 99]",68013de69406416166910374814c831abf5d10c3fe0e36a9687b94f0efe589bd,True,898477e58c1da24411f40e73f8a704f52e682c2b3e216fc8ba86a5cab05fdcbc,"[2, 3, 4, 5, 6, 7, 8, 9, 10, 11, 12, 13, 14, 15, 16, 17, 18, 19, 20, 21, 22, 23, 24, 25, 26, 27, 28, 29, 30, 31, 32, 33, 34, 35, 36, 37, 38, 39, 40, 41, 42, 43, 44, 45, 46, 47, 48, 49, 50, 51, 52, 53, 54, 55, 56, 57, 58, 59, 60, 61, 62, 63, 64, 65, 66, 67, 68, 69, 70, 71, 72, 73, 74, 75, 76, 77, 78, 79, 80, 81, 82, 83, 84, 85, 86, 87, 88, 89, 90, 91, 92, 93, 94, 95, 96, 97, 98, 99]",8b2da3a2caf73d1f57e52fdce242157cc29e0af7a0dcdcd8577abb6bd7441609,3003c1957b57318394910659ad481e332befe8dac85bf32d10d908b9c6d52cd9,True,bc94102a182d2dec352830a8c80b985256e4c056ba119bc2ca749481c3add7b6,True,300,0,29562,PASS,2,True
0.9254635420220438,adult_k10_seed10004,197629513e550572b3de406865a33a660999095a1d116952b4b5775d65db6d39,True,2,True,1e8b955bd9bb16ff2e7bd47d73fb1592f84a557527a57bad5094cc7016aab6f0,197629513e550572b3de406865a33a660999095a1d116952b4b5775d65db6d39,True,"[9491, 19771]","[2, 3, 4, 5, 6, 7, 8, 9, 10, 11, 12, 13, 14, 15, 16, 17, 18, 19, 20, 21, 22, 23, 24, 25, 26, 27, 28, 29, 30, 31, 32, 33, 34, 35, 36, 37, 38, 39, 40, 41, 42, 43, 44, 45, 46, 47, 48, 49, 50, 51, 52, 53, 54, 55, 56, 57, 58, 59, 60, 61, 62, 63, 64, 65, 66, 67, 68, 69, 70, 71, 72, 73, 74, 75, 76, 77, 78, 79, 80, 81, 82, 83, 84, 85, 86, 87, 88, 89, 90, 91, 92, 93, 94, 95, 96, 97, 98, 99]",3003c1957b57318394910659ad481e332befe8dac85bf32d10d908b9c6d52cd9,True,ea61696aa0724388c9684fb1852d3487196675244f5ca57d8a907030b5b407e0,"[3, 4, 5, 6, 7, 8, 9, 10, 11, 12, 13, 14, 15, 16, 17, 18, 19, 20, 21, 22, 23, 24, 25, 26, 27, 28, 29, 30, 31, 32, 33, 34, 35, 36, 37, 38, 39, 40, 41, 42, 43, 44, 45, 46, 47, 48, 49, 50, 51, 52, 53, 54, 55, 56, 57, 58, 59, 60, 61, 62, 63, 64, 65, 66, 67, 68, 69, 70, 71, 72, 73, 74, 75, 76, 77, 78, 79, 80, 81, 82, 83, 84, 85, 86, 87, 88, 89, 90, 91, 92, 93, 94, 95, 96, 97, 98, 99]",39f10063bd5f2fc8f8e144af6a6fd0f1842a5499ad29ed8c7f3413977c19039e,1e8b955bd9bb16ff2e7bd47d73fb1592f84a557527a57bad5094cc7016aab6f0,True,8b2da3a2caf73d1f57e52fdce242157cc29e0af7a0dcdcd8577abb6bd7441609,True,300,0,29262,PASS,3,True
0.9446138330094982,adult_k10_seed10004,d0b108e7badfaf8bba4807889cb4d0a98ac00e5c99e9191e61cbbe25fbbed248,True,0,True,68013de69406416166910374814c831abf5d10c3fe0e36a9687b94f0efe589bd,d0b108e7badfaf8bba4807889cb4d0a98ac00e5c99e9191e61cbbe25fbbed248,True,"[9685, 20177]","[0, 1, 2, 3, 4, 5, 6, 7, 8, 9, 10, 11, 12, 13, 14, 15, 16, 17, 18, 19, 20, 21, 22, 23, 24, 25, 26, 27, 28, 29, 30, 31, 32, 33, 34, 35, 36, 37, 38, 39, 40, 41, 42, 43, 44, 45, 46, 47, 48, 49, 50, 51, 52, 53, 54, 55, 56, 57, 58, 59, 60, 61, 62, 63, 64, 65, 66, 67, 68, 69, 70, 71, 72, 73, 74, 75, 76, 77, 78, 79, 80, 81, 82, 83, 84, 85, 86, 87, 88, 89, 90, 91, 92, 93, 94, 95, 96, 97, 98, 99]",ea2665b97d470984425f45c1f0faf6804a74fc085157f6b1c4f83149be3577bd,True,616c259413991a5e980c13bcec4180fc08c583fb7fad67a11a913c9cb543da1f,"[1, 2, 3, 4, 5, 6, 7, 8, 9, 10, 11, 12, 13, 14, 15, 16, 17, 18, 19, 20, 21, 22, 23, 24, 25, 26, 27, 28, 29, 30, 31, 32, 33, 34, 35, 36, 37, 38, 39, 40, 41, 42, 43, 44, 45, 46, 47, 48, 49, 50, 51, 52, 53, 54, 55, 56, 57, 58, 59, 60, 61, 62, 63, 64, 65, 66, 67, 68, 69, 70, 71, 72, 73, 74, 75, 76, 77, 78, 79, 80, 81, 82, 83, 84, 85, 86, 87, 88, 89, 90, 91, 92, 93, 94, 95, 96, 97, 98, 99]",bc94102a182d2dec352830a8c80b985256e4c056ba119bc2ca749481c3add7b6,68013de69406416166910374814c831abf5d10c3fe0e36a9687b94f0efe589bd,True,,True,300,1,29862,PASS,1,True
0.959048916993197,adult_k10_seed10004,5c6bbe78487cceadfc20ad8e5abe4a36fbb84f9846a12b12143dcedd81350ecc,True,1,True,3003c1957b57318394910659ad481e332befe8dac85bf32d10d908b9c6d52cd9,5c6bbe78487cceadfc20ad8e5abe4a36fbb84f9846a12b12143dcedd81350ecc,True,"[9588, 19974]","[1, 2, 3, 4, 5, 6, 7, 8, 9, 10, 11, 12, 13, 14, 15, 16, 17, 18, 19, 20, 21, 22, 23, 24, 25, 26, 27, 28, 29, 30, 31, 32, 33, 34, 35, 36, 37, 38, 39, 40, 41, 42, 43, 44, 45, 46, 47, 48, 49, 50, 51, 52, 53, 54, 55, 56, 57, 58, 59, 60, 61, 62, 63, 64, 65, 66, 67, 68, 69, 70, 71, 72, 73, 74, 75, 76, 77, 78, 79, 80, 81, 82, 83, 84, 85, 86, 87, 88, 89, 90, 91, 92, 93, 94, 95, 96, 97, 98, 99]",68013de69406416166910374814c831abf5d10c3fe0e36a9687b94f0efe589bd,True,898477e58c1da24411f40e73f8a704f52e682c2b3e216fc8ba86a5cab05fdcbc,"[2, 3, 4, 5, 6, 7, 8, 9, 10, 11, 12, 13, 14, 15, 16, 17, 18, 19, 20, 21, 22, 23, 24, 25, 26, 27, 28, 29, 30, 31, 32, 33, 34, 35, 36, 37, 38, 39, 40, 41, 42, 43, 44, 45, 46, 47, 48, 49, 50, 51, 52, 53, 54, 55, 56, 57, 58, 59, 60, 61, 62, 63, 64, 65, 66, 67, 68, 69, 70, 71, 72, 73, 74, 75, 76, 77, 78, 79, 80, 81, 82, 83, 84, 85, 86, 87, 88, 89, 90, 91, 92, 93, 94, 95, 96, 97, 98, 99]",8b2da3a2caf73d1f57e52fdce242157cc29e0af7a0dcdcd8577abb6bd7441609,3003c1957b57318394910659ad481e332befe8dac85bf32d10d908b9c6d52cd9,True,bc94102a182d2dec352830a8c80b985256e4c056ba119bc2ca749481c3add7b6,True,300,1,29562,PASS,2,True
0.9669410840142518,adult_k10_seed10004,197629513e550572b3de406865a33a660999095a1d116952b4b5775d65db6d39,True,2,True,1e8b955bd9bb16ff2e7bd47d73fb1592f84a557527a57bad5094cc7016aab6f0,197629513e550572b3de406865a33a660999095a1d116952b4b5775d65db6d39,True,"[9491, 19771]","[2, 3, 4, 5, 6, 7, 8, 9, 10, 11, 12, 13, 14, 15, 16, 17, 18, 19, 20, 21, 22, 23, 24, 25, 26, 27, 28, 29, 30, 31, 32, 33, 34, 35, 36, 37, 38, 39, 40, 41, 42, 43, 44, 45, 46, 47, 48, 49, 50, 51, 52, 53, 54, 55, 56, 57, 58, 59, 60, 61, 62, 63, 64, 65, 66, 67, 68, 69, 70, 71, 72, 73, 74, 75, 76, 77, 78, 79, 80, 81, 82, 83, 84, 85, 86, 87, 88, 89, 90, 91, 92, 93, 94, 95, 96, 97, 98, 99]",3003c1957b57318394910659ad481e332befe8dac85bf32d10d908b9c6d52cd9,True,ea61696aa0724388c9684fb1852d3487196675244f5ca57d8a907030b5b407e0,"[3, 4, 5, 6, 7, 8, 9, 10, 11, 12, 13, 14, 15, 16, 17, 18, 19, 20, 21, 22, 23, 24, 25, 26, 27, 28, 29, 30, 31, 32, 33, 34, 35, 36, 37, 38, 39, 40, 41, 42, 43, 44, 45, 46, 47, 48, 49, 50, 51, 52, 53, 54, 55, 56, 57, 58, 59, 60, 61, 62, 63, 64, 65, 66, 67, 68, 69, 70, 71, 72, 73, 74, 75, 76, 77, 78, 79, 80, 81, 82, 83, 84, 85, 86, 87, 88, 89, 90, 91, 92, 93, 94, 95, 96, 97, 98, 99]",39f10063bd5f2fc8f8e144af6a6fd0f1842a5499ad29ed8c7f3413977c19039e,1e8b955bd9bb16ff2e7bd47d73fb1592f84a557527a57bad5094cc7016aab6f0,True,8b2da3a2caf73d1f57e52fdce242157cc29e0af7a0dcdcd8577abb6bd7441609,True,300,1,29262,PASS,3,True
0.9964163750119042,adult_k10_seed10004,d0b108e7badfaf8bba4807889cb4d0a98ac00e5c99e9191e61cbbe25fbbed248,True,0,True,68013de69406416166910374814c831abf5d10c3fe0e36a9687b94f0efe589bd,d0b108e7badfaf8bba4807889cb4d0a98ac00e5c99e9191e61cbbe25fbbed248,True,"[9685, 20177]","[0, 1, 2, 3, 4, 5, 6, 7, 8, 9, 10, 11, 12, 13, 14, 15, 16, 17, 18, 19, 20, 21, 22, 23, 24, 25, 26, 27, 28, 29, 30, 31, 32, 33, 34, 35, 36, 37, 38, 39, 40, 41, 42, 43, 44, 45, 46, 47, 48, 49, 50, 51, 52, 53, 54, 55, 56, 57, 58, 59, 60, 61, 62, 63, 64, 65, 66, 67, 68, 69, 70, 71, 72, 73, 74, 75, 76, 77, 78, 79, 80, 81, 82, 83, 84, 85, 86, 87, 88, 89, 90, 91, 92, 93, 94, 95, 96, 97, 98, 99]",ea2665b97d470984425f45c1f0faf6804a74fc085157f6b1c4f83149be3577bd,True,616c259413991a5e980c13bcec4180fc08c583fb7fad67a11a913c9cb543da1f,"[1, 2, 3, 4, 5, 6, 7, 8, 9, 10, 11, 12, 13, 14, 15, 16, 17, 18, 19, 20, 21, 22, 23, 24, 25, 26, 27, 28, 29, 30, 31, 32, 33, 34, 35, 36, 37, 38, 39, 40, 41, 42, 43, 44, 45, 46, 47, 48, 49, 50, 51, 52, 53, 54, 55, 56, 57, 58, 59, 60, 61, 62, 63, 64, 65, 66, 67, 68, 69, 70, 71, 72, 73, 74, 75, 76, 77, 78, 79, 80, 81, 82, 83, 84, 85, 86, 87, 88, 89, 90, 91, 92, 93, 94, 95, 96, 97, 98, 99]",bc94102a182d2dec352830a8c80b985256e4c056ba119bc2ca749481c3add7b6,68013de69406416166910374814c831abf5d10c3fe0e36a9687b94f0efe589bd,True,,True,300,2,29862,PASS,1,True
1.0109472920012195,adult_k10_seed10004,5c6bbe78487cceadfc20ad8e5abe4a36fbb84f9846a12b12143dcedd81350ecc,True,1,True,3003c1957b57318394910659ad481e332befe8dac85bf32d10d908b9c6d52cd9,5c6bbe78487cceadfc20ad8e5abe4a36fbb84f9846a12b12143dcedd81350ecc,True,"[9588, 19974]","[1, 2, 3, 4, 5, 6, 7, 8, 9, 10, 11, 12, 13, 14, 15, 16, 17, 18, 19, 20, 21, 22, 23, 24, 25, 26, 27, 28, 29, 30, 31, 32, 33, 34, 35, 36, 37, 38, 39, 40, 41, 42, 43, 44, 45, 46, 47, 48, 49, 50, 51, 52, 53, 54, 55, 56, 57, 58, 59, 60, 61, 62, 63, 64, 65, 66, 67, 68, 69, 70, 71, 72, 73, 74, 75, 76, 77, 78, 79, 80, 81, 82, 83, 84, 85, 86, 87, 88, 89, 90, 91, 92, 93, 94, 95, 96, 97, 98, 99]",68013de69406416166910374814c831abf5d10c3fe0e36a9687b94f0efe589bd,True,898477e58c1da24411f40e73f8a704f52e682c2b3e216fc8ba86a5cab05fdcbc,"[2, 3, 4, 5, 6, 7, 8, 9, 10, 11, 12, 13, 14, 15, 16, 17, 18, 19, 20, 21, 22, 23, 24, 25, 26, 27, 28, 29, 30, 31, 32, 33, 34, 35, 36, 37, 38, 39, 40, 41, 42, 43, 44, 45, 46, 47, 48, 49, 50, 51, 52, 53, 54, 55, 56, 57, 58, 59, 60, 61, 62, 63, 64, 65, 66, 67, 68, 69, 70, 71, 72, 73, 74, 75, 76, 77, 78, 79, 80, 81, 82, 83, 84, 85, 86, 87, 88, 89, 90, 91, 92, 93, 94, 95, 96, 97, 98, 99]",8b2da3a2caf73d1f57e52fdce242157cc29e0af7a0dcdcd8577abb6bd7441609,3003c1957b57318394910659ad481e332befe8dac85bf32d10d908b9c6d52cd9,True,bc94102a182d2dec352830a8c80b985256e4c056ba119bc2ca749481c3add7b6,True,300,2,29562,PASS,2,True
0.9674214590049814,adult_k10_seed10004,197629513e550572b3de406865a33a660999095a1d116952b4b5775d65db6d39,True,2,True,1e8b955bd9bb16ff2e7bd47d73fb1592f84a557527a57bad5094cc7016aab6f0,197629513e550572b3de406865a33a660999095a1d116952b4b5775d65db6d39,True,"[9491, 19771]","[2, 3, 4, 5, 6, 7, 8, 9, 10, 11, 12, 13, 14, 15, 16, 17, 18, 19, 20, 21, 22, 23, 24, 25, 26, 27, 28, 29, 30, 31, 32, 33, 34, 35, 36, 37, 38, 39, 40, 41, 42, 43, 44, 45, 46, 47, 48, 49, 50, 51, 52, 53, 54, 55, 56, 57, 58, 59, 60, 61, 62, 63, 64, 65, 66, 67, 68, 69, 70, 71, 72, 73, 74, 75, 76, 77, 78, 79, 80, 81, 82, 83, 84, 85, 86, 87, 88, 89, 90, 91, 92, 93, 94, 95, 96, 97, 98, 99]",3003c1957b57318394910659ad481e332befe8dac85bf32d10d908b9c6d52cd9,True,ea61696aa0724388c9684fb1852d3487196675244f5ca57d8a907030b5b407e0,"[3, 4, 5, 6, 7, 8, 9, 10, 11, 12, 13, 14, 15, 16, 17, 18, 19, 20, 21, 22, 23, 24, 25, 26, 27, 28, 29, 30, 31, 32, 33, 34, 35, 36, 37, 38, 39, 40, 41, 42, 43, 44, 45, 46, 47, 48, 49, 50, 51, 52, 53, 54, 55, 56, 57, 58, 59, 60, 61, 62, 63, 64, 65, 66, 67, 68, 69, 70, 71, 72, 73, 74, 75, 76, 77, 78, 79, 80, 81, 82, 83, 84, 85, 86, 87, 88, 89, 90, 91, 92, 93, 94, 95, 96, 97, 98, 99]",39f10063bd5f2fc8f8e144af6a6fd0f1842a5499ad29ed8c7f3413977c19039e,1e8b955bd9bb16ff2e7bd47d73fb1592f84a557527a57bad5094cc7016aab6f0,True,8b2da3a2caf73d1f57e52fdce242157cc29e0af7a0dcdcd8577abb6bd7441609,True,300,2,29262,PASS,3,True
0.07859320801799186,bank_k10_seed10000,5311f2b5440893fa4f47d549901e047b909ef6218e10fd11cd58b49178b4eb57,True,0,True,1447977f9879e323659997e1055884e695fad6bff775e6388227ea2c75416687,5311f2b5440893fa4f47d549901e047b909ef6218e10fd11cd58b49178b4eb57,True,"[17098, 25854]","[0, 1, 2, 3, 4, 5, 6, 7, 8, 9, 10, 11, 12, 13, 14, 15, 16, 17, 18, 19]",ad8f111036b5fedc663d90134faa92cd0e9a5718c52ed286d5b3fc4a0116ddc7,True,10e024de8ec2b15bd8e13f3bfa5550bc789e4a304229ca91b57c662fded241b2,"[1, 2, 3, 4, 5, 6, 7, 8, 9, 10, 11, 12, 13, 14, 15, 16, 17, 18, 19]",60b3e78b32f4b02e15dae4f613bc52e50a7f41b411f684f9050f0db73bf3fa23,1447977f9879e323659997e1055884e695fad6bff775e6388227ea2c75416687,True,,True,2259,0,42952,PASS,1,True
0.07467766699846834,bank_k10_seed10000,6cc2ac4d0eedae95f2267e837c9f7ea431fa9bfb64a3cd21f4725e73f0c56e80,True,1,True,7098e105cea2ffd2261bc3641aba199666826dfe26c0cbbf8de39403dc98502a,6cc2ac4d0eedae95f2267e837c9f7ea431fa9bfb64a3cd21f4725e73f0c56e80,True,"[16199, 24494]","[1, 2, 3, 4, 5, 6, 7, 8, 9, 10, 11, 12, 13, 14, 15, 16, 17, 18, 19]",1447977f9879e323659997e1055884e695fad6bff775e6388227ea2c75416687,True,fe4584002a09552c5d52517f22d0e7f56b98decfdc2b83fabb45b3c6032d1dac,"[2, 3, 4, 5, 6, 7, 8, 9, 10, 11, 12, 13, 14, 15, 16, 17, 18, 19]",6821cf700cd3dcf01100946500d6e1fa22faffef0f563e9aaa992b12a29cd8bf,7098e105cea2ffd2261bc3641aba199666826dfe26c0cbbf8de39403dc98502a,True,60b3e78b32f4b02e15dae4f613bc52e50a7f41b411f684f9050f0db73bf3fa23,True,2259,0,40693,PASS,2,True
0.07061354198958725,bank_k10_seed10000,71e13007a6ff3e3944527b7629fcb3f19282265817cdace5915cac70d982dfde,True,2,True,c1a19bcf096a71d5957237cf7251789a4b280ce6c940bf9fe38b178bf871c58e,71e13007a6ff3e3944527b7629fcb3f19282265817cdace5915cac70d982dfde,True,"[15300, 23134]","[2, 3, 4, 5, 6, 7, 8, 9, 10, 11, 12, 13, 14, 15, 16, 17, 18, 19]",7098e105cea2ffd2261bc3641aba199666826dfe26c0cbbf8de39403dc98502a,True,8656aabac9f2cf20a4d21dcf951edee119e6ec75ecc0201ed25c8173d6ff66c4,"[3, 4, 5, 6, 7, 8, 9, 10, 11, 12, 13, 14, 15, 16, 17, 18, 19]",57ca9d952f0026ca8ee4ea0928fde1b4da228f5c1ce093bef5e740c7ba8fe1e9,c1a19bcf096a71d5957237cf7251789a4b280ce6c940bf9fe38b178bf871c58e,True,6821cf700cd3dcf01100946500d6e1fa22faffef0f563e9aaa992b12a29cd8bf,True,2259,0,38434,PASS,3,True
0.07870387501316145,bank_k10_seed10000,5311f2b5440893fa4f47d549901e047b909ef6218e10fd11cd58b49178b4eb57,True,0,True,1447977f9879e323659997e1055884e695fad6bff775e6388227ea2c75416687,5311f2b5440893fa4f47d549901e047b909ef6218e10fd11cd58b49178b4eb57,True,"[17098, 25854]","[0, 1, 2, 3, 4, 5, 6, 7, 8, 9, 10, 11, 12, 13, 14, 15, 16, 17, 18, 19]",ad8f111036b5fedc663d90134faa92cd0e9a5718c52ed286d5b3fc4a0116ddc7,True,10e024de8ec2b15bd8e13f3bfa5550bc789e4a304229ca91b57c662fded241b2,"[1, 2, 3, 4, 5, 6, 7, 8, 9, 10, 11, 12, 13, 14, 15, 16, 17, 18, 19]",60b3e78b32f4b02e15dae4f613bc52e50a7f41b411f684f9050f0db73bf3fa23,1447977f9879e323659997e1055884e695fad6bff775e6388227ea2c75416687,True,,True,2259,1,42952,PASS,1,True
0.0750190420076251,bank_k10_seed10000,6cc2ac4d0eedae95f2267e837c9f7ea431fa9bfb64a3cd21f4725e73f0c56e80,True,1,True,7098e105cea2ffd2261bc3641aba199666826dfe26c0cbbf8de39403dc98502a,6cc2ac4d0eedae95f2267e837c9f7ea431fa9bfb64a3cd21f4725e73f0c56e80,True,"[16199, 24494]","[1, 2, 3, 4, 5, 6, 7, 8, 9, 10, 11, 12, 13, 14, 15, 16, 17, 18, 19]",1447977f9879e323659997e1055884e695fad6bff775e6388227ea2c75416687,True,fe4584002a09552c5d52517f22d0e7f56b98decfdc2b83fabb45b3c6032d1dac,"[2, 3, 4, 5, 6, 7, 8, 9, 10, 11, 12, 13, 14, 15, 16, 17, 18, 19]",6821cf700cd3dcf01100946500d6e1fa22faffef0f563e9aaa992b12a29cd8bf,7098e105cea2ffd2261bc3641aba199666826dfe26c0cbbf8de39403dc98502a,True,60b3e78b32f4b02e15dae4f613bc52e50a7f41b411f684f9050f0db73bf3fa23,True,2259,1,40693,PASS,2,True
0.07294925002497621,bank_k10_seed10000,71e13007a6ff3e3944527b7629fcb3f19282265817cdace5915cac70d982dfde,True,2,True,c1a19bcf096a71d5957237cf7251789a4b280ce6c940bf9fe38b178bf871c58e,71e13007a6ff3e3944527b7629fcb3f19282265817cdace5915cac70d982dfde,True,"[15300, 23134]","[2, 3, 4, 5, 6, 7, 8, 9, 10, 11, 12, 13, 14, 15, 16, 17, 18, 19]",7098e105cea2ffd2261bc3641aba199666826dfe26c0cbbf8de39403dc98502a,True,8656aabac9f2cf20a4d21dcf951edee119e6ec75ecc0201ed25c8173d6ff66c4,"[3, 4, 5, 6, 7, 8, 9, 10, 11, 12, 13, 14, 15, 16, 17, 18, 19]",57ca9d952f0026ca8ee4ea0928fde1b4da228f5c1ce093bef5e740c7ba8fe1e9,c1a19bcf096a71d5957237cf7251789a4b280ce6c940bf9fe38b178bf871c58e,True,6821cf700cd3dcf01100946500d6e1fa22faffef0f563e9aaa992b12a29cd8bf,True,2259,1,38434,PASS,3,True
0.07914804099709727,bank_k10_seed10000,5311f2b5440893fa4f47d549901e047b909ef6218e10fd11cd58b49178b4eb57,True,0,True,1447977f9879e323659997e1055884e695fad6bff775e6388227ea2c75416687,5311f2b5440893fa4f47d549901e047b909ef6218e10fd11cd58b49178b4eb57,True,"[17098, 25854]","[0, 1, 2, 3, 4, 5, 6, 7, 8, 9, 10, 11, 12, 13, 14, 15, 16, 17, 18, 19]",ad8f111036b5fedc663d90134faa92cd0e9a5718c52ed286d5b3fc4a0116ddc7,True,10e024de8ec2b15bd8e13f3bfa5550bc789e4a304229ca91b57c662fded241b2,"[1, 2, 3, 4, 5, 6, 7, 8, 9, 10, 11, 12, 13, 14, 15, 16, 17, 18, 19]",60b3e78b32f4b02e15dae4f613bc52e50a7f41b411f684f9050f0db73bf3fa23,1447977f9879e323659997e1055884e695fad6bff775e6388227ea2c75416687,True,,True,2259,2,42952,PASS,1,True
0.07454549998510629,bank_k10_seed10000,6cc2ac4d0eedae95f2267e837c9f7ea431fa9bfb64a3cd21f4725e73f0c56e80,True,1,True,7098e105cea2ffd2261bc3641aba199666826dfe26c0cbbf8de39403dc98502a,6cc2ac4d0eedae95f2267e837c9f7ea431fa9bfb64a3cd21f4725e73f0c56e80,True,"[16199, 24494]","[1, 2, 3, 4, 5, 6, 7, 8, 9, 10, 11, 12, 13, 14, 15, 16, 17, 18, 19]",1447977f9879e323659997e1055884e695fad6bff775e6388227ea2c75416687,True,fe4584002a09552c5d52517f22d0e7f56b98decfdc2b83fabb45b3c6032d1dac,"[2, 3, 4, 5, 6, 7, 8, 9, 10, 11, 12, 13, 14, 15, 16, 17, 18, 19]",6821cf700cd3dcf01100946500d6e1fa22faffef0f563e9aaa992b12a29cd8bf,7098e105cea2ffd2261bc3641aba199666826dfe26c0cbbf8de39403dc98502a,True,60b3e78b32f4b02e15dae4f613bc52e50a7f41b411f684f9050f0db73bf3fa23,True,2259,2,40693,PASS,2,True
0.0706091670144815,bank_k10_seed10000,71e13007a6ff3e3944527b7629fcb3f19282265817cdace5915cac70d982dfde,True,2,True,c1a19bcf096a71d5957237cf7251789a4b280ce6c940bf9fe38b178bf871c58e,71e13007a6ff3e3944527b7629fcb3f19282265817cdace5915cac70d982dfde,True,"[15300, 23134]","[2, 3, 4, 5, 6, 7, 8, 9, 10, 11, 12, 13, 14, 15, 16, 17, 18, 19]",7098e105cea2ffd2261bc3641aba199666826dfe26c0cbbf8de39403dc98502a,True,8656aabac9f2cf20a4d21dcf951edee119e6ec75ecc0201ed25c8173d6ff66c4,"[3, 4, 5, 6, 7, 8, 9, 10, 11, 12, 13, 14, 15, 16, 17, 18, 19]",57ca9d952f0026ca8ee4ea0928fde1b4da228f5c1ce093bef5e740c7ba8fe1e9,c1a19bcf096a71d5957237cf7251789a4b280ce6c940bf9fe38b178bf871c58e,True,6821cf700cd3dcf01100946500d6e1fa22faffef0f563e9aaa992b12a29cd8bf,True,2259,2,38434,PASS,3,True
0.07838345799245872,bank_k10_seed10001,82d02c08b9c19098f67996559097d2a57ddb3a4b3b283f81e1ecac7e3b2d81dd,True,0,True,1118f494d7eafb367a019bade524e1650977ac47a7ee394dc5dd3435920ffe4c,82d02c08b9c19098f67996559097d2a57ddb3a4b3b283f81e1ecac7e3b2d81dd,True,"[17098, 25854]","[0, 1, 2, 3, 4, 5, 6, 7, 8, 9, 10, 11, 12, 13, 14, 15, 16, 17, 18, 19]",5144403639815bed79d648ab58a883d30942f21708f3d4cddfb1cce8a346b1b0,True,356eae1f9a18026f867f4faeada9ae80c14af22e111f3be9acb2280d77d98d25,"[1, 2, 3, 4, 5, 6, 7, 8, 9, 10, 11, 12, 13, 14, 15, 16, 17, 18, 19]",660dc3d6d45f5c9bc0dc573805c997aa8ef1315878e1ae0695f0d584c6012d61,1118f494d7eafb367a019bade524e1650977ac47a7ee394dc5dd3435920ffe4c,True,,True,2259,0,42952,PASS,1,True
0.07481504100724123,bank_k10_seed10001,bf87b58ea579d9af91a59fc80eab23aceae7293cd5b9477185c0b73ac77938c6,True,1,True,3fe3f725a5e7961fad6f6f5b7f83b6c0d2cd7eb10ab38ff3d820fe2817b9fdcc,bf87b58ea579d9af91a59fc80eab23aceae7293cd5b9477185c0b73ac77938c6,True,"[16199, 24494]","[1, 2, 3, 4, 5, 6, 7, 8, 9, 10, 11, 12, 13, 14, 15, 16, 17, 18, 19]",1118f494d7eafb367a019bade524e1650977ac47a7ee394dc5dd3435920ffe4c,True,854ff334e384ee89214aa298b4663566202246329c43bd0cf34fe311a350d3f5,"[2, 3, 4, 5, 6, 7, 8, 9, 10, 11, 12, 13, 14, 15, 16, 17, 18, 19]",3df863968d989260b11e859a369e05d3e9d2b67c0bed5bc4e87c84cc5fcfa041,3fe3f725a5e7961fad6f6f5b7f83b6c0d2cd7eb10ab38ff3d820fe2817b9fdcc,True,660dc3d6d45f5c9bc0dc573805c997aa8ef1315878e1ae0695f0d584c6012d61,True,2259,0,40693,PASS,2,True
0.07028129199170507,bank_k10_seed10001,09faa2ecc28119746ee0410ebdeb5769b0244958381a01920d608dfe30810c4a,True,2,True,2094ca5d05f6527dc324103f66224aebcc1b4764b25b1245f6f570de5e49538d,09faa2ecc28119746ee0410ebdeb5769b0244958381a01920d608dfe30810c4a,True,"[15300, 23134]","[2, 3, 4, 5, 6, 7, 8, 9, 10, 11, 12, 13, 14, 15, 16, 17, 18, 19]",3fe3f725a5e7961fad6f6f5b7f83b6c0d2cd7eb10ab38ff3d820fe2817b9fdcc,True,1a323cf6fc9a4e90efb95609119436cad3e799bdfce2645fa537b7a7ed4cd252,"[3, 4, 5, 6, 7, 8, 9, 10, 11, 12, 13, 14, 15, 16, 17, 18, 19]",0f15d02361e27a206d0b28a4bccf05f2479fe4760f2b7ec1b7479c7cf89c9289,2094ca5d05f6527dc324103f66224aebcc1b4764b25b1245f6f570de5e49538d,True,3df863968d989260b11e859a369e05d3e9d2b67c0bed5bc4e87c84cc5fcfa041,True,2259,0,38434,PASS,3,True
0.07845770797575824,bank_k10_seed10001,82d02c08b9c19098f67996559097d2a57ddb3a4b3b283f81e1ecac7e3b2d81dd,True,0,True,1118f494d7eafb367a019bade524e1650977ac47a7ee394dc5dd3435920ffe4c,82d02c08b9c19098f67996559097d2a57ddb3a4b3b283f81e1ecac7e3b2d81dd,True,"[17098, 25854]","[0, 1, 2, 3, 4, 5, 6, 7, 8, 9, 10, 11, 12, 13, 14, 15, 16, 17, 18, 19]",5144403639815bed79d648ab58a883d30942f21708f3d4cddfb1cce8a346b1b0,True,356eae1f9a18026f867f4faeada9ae80c14af22e111f3be9acb2280d77d98d25,"[1, 2, 3, 4, 5, 6, 7, 8, 9, 10, 11, 12, 13, 14, 15, 16, 17, 18, 19]",660dc3d6d45f5c9bc0dc573805c997aa8ef1315878e1ae0695f0d584c6012d61,1118f494d7eafb367a019bade524e1650977ac47a7ee394dc5dd3435920ffe4c,True,,True,2259,1,42952,PASS,1,True
0.07496549998177215,bank_k10_seed10001,bf87b58ea579d9af91a59fc80eab23aceae7293cd5b9477185c0b73ac77938c6,True,1,True,3fe3f725a5e7961fad6f6f5b7f83b6c0d2cd7eb10ab38ff3d820fe2817b9fdcc,bf87b58ea579d9af91a59fc80eab23aceae7293cd5b9477185c0b73ac77938c6,True,"[16199, 24494]","[1, 2, 3, 4, 5, 6, 7, 8, 9, 10, 11, 12, 13, 14, 15, 16, 17, 18, 19]",1118f494d7eafb367a019bade524e1650977ac47a7ee394dc5dd3435920ffe4c,True,854ff334e384ee89214aa298b4663566202246329c43bd0cf34fe311a350d3f5,"[2, 3, 4, 5, 6, 7, 8, 9, 10, 11, 12, 13, 14, 15, 16, 17, 18, 19]",3df863968d989260b11e859a369e05d3e9d2b67c0bed5bc4e87c84cc5fcfa041,3fe3f725a5e7961fad6f6f5b7f83b6c0d2cd7eb10ab38ff3d820fe2817b9fdcc,True,660dc3d6d45f5c9bc0dc573805c997aa8ef1315878e1ae0695f0d584c6012d61,True,2259,1,40693,PASS,2,True
0.07120708300499246,bank_k10_seed10001,09faa2ecc28119746ee0410ebdeb5769b0244958381a01920d608dfe30810c4a,True,2,True,2094ca5d05f6527dc324103f66224aebcc1b4764b25b1245f6f570de5e49538d,09faa2ecc28119746ee0410ebdeb5769b0244958381a01920d608dfe30810c4a,True,"[15300, 23134]","[2, 3, 4, 5, 6, 7, 8, 9, 10, 11, 12, 13, 14, 15, 16, 17, 18, 19]",3fe3f725a5e7961fad6f6f5b7f83b6c0d2cd7eb10ab38ff3d820fe2817b9fdcc,True,1a323cf6fc9a4e90efb95609119436cad3e799bdfce2645fa537b7a7ed4cd252,"[3, 4, 5, 6, 7, 8, 9, 10, 11, 12, 13, 14, 15, 16, 17, 18, 19]",0f15d02361e27a206d0b28a4bccf05f2479fe4760f2b7ec1b7479c7cf89c9289,2094ca5d05f6527dc324103f66224aebcc1b4764b25b1245f6f570de5e49538d,True,3df863968d989260b11e859a369e05d3e9d2b67c0bed5bc4e87c84cc5fcfa041,True,2259,1,38434,PASS,3,True
0.07909016599296592,bank_k10_seed10001,82d02c08b9c19098f67996559097d2a57ddb3a4b3b283f81e1ecac7e3b2d81dd,True,0,True,1118f494d7eafb367a019bade524e1650977ac47a7ee394dc5dd3435920ffe4c,82d02c08b9c19098f67996559097d2a57ddb3a4b3b283f81e1ecac7e3b2d81dd,True,"[17098, 25854]","[0, 1, 2, 3, 4, 5, 6, 7, 8, 9, 10, 11, 12, 13, 14, 15, 16, 17, 18, 19]",5144403639815bed79d648ab58a883d30942f21708f3d4cddfb1cce8a346b1b0,True,356eae1f9a18026f867f4faeada9ae80c14af22e111f3be9acb2280d77d98d25,"[1, 2, 3, 4, 5, 6, 7, 8, 9, 10, 11, 12, 13, 14, 15, 16, 17, 18, 19]",660dc3d6d45f5c9bc0dc573805c997aa8ef1315878e1ae0695f0d584c6012d61,1118f494d7eafb367a019bade524e1650977ac47a7ee394dc5dd3435920ffe4c,True,,True,2259,2,42952,PASS,1,True
0.07554929199977778,bank_k10_seed10001,bf87b58ea579d9af91a59fc80eab23aceae7293cd5b9477185c0b73ac77938c6,True,1,True,3fe3f725a5e7961fad6f6f5b7f83b6c0d2cd7eb10ab38ff3d820fe2817b9fdcc,bf87b58ea579d9af91a59fc80eab23aceae7293cd5b9477185c0b73ac77938c6,True,"[16199, 24494]","[1, 2, 3, 4, 5, 6, 7, 8, 9, 10, 11, 12, 13, 14, 15, 16, 17, 18, 19]",1118f494d7eafb367a019bade524e1650977ac47a7ee394dc5dd3435920ffe4c,True,854ff334e384ee89214aa298b4663566202246329c43bd0cf34fe311a350d3f5,"[2, 3, 4, 5, 6, 7, 8, 9, 10, 11, 12, 13, 14, 15, 16, 17, 18, 19]",3df863968d989260b11e859a369e05d3e9d2b67c0bed5bc4e87c84cc5fcfa041,3fe3f725a5e7961fad6f6f5b7f83b6c0d2cd7eb10ab38ff3d820fe2817b9fdcc,True,660dc3d6d45f5c9bc0dc573805c997aa8ef1315878e1ae0695f0d584c6012d61,True,2259,2,40693,PASS,2,True
0.07016666699200869,bank_k10_seed10001,09faa2ecc28119746ee0410ebdeb5769b0244958381a01920d608dfe30810c4a,True,2,True,2094ca5d05f6527dc324103f66224aebcc1b4764b25b1245f6f570de5e49538d,09faa2ecc28119746ee0410ebdeb5769b0244958381a01920d608dfe30810c4a,True,"[15300, 23134]","[2, 3, 4, 5, 6, 7, 8, 9, 10, 11, 12, 13, 14, 15, 16, 17, 18, 19]",3fe3f725a5e7961fad6f6f5b7f83b6c0d2cd7eb10ab38ff3d820fe2817b9fdcc,True,1a323cf6fc9a4e90efb95609119436cad3e799bdfce2645fa537b7a7ed4cd252,"[3, 4, 5, 6, 7, 8, 9, 10, 11, 12, 13, 14, 15, 16, 17, 18, 19]",0f15d02361e27a206d0b28a4bccf05f2479fe4760f2b7ec1b7479c7cf89c9289,2094ca5d05f6527dc324103f66224aebcc1b4764b25b1245f6f570de5e49538d,True,3df863968d989260b11e859a369e05d3e9d2b67c0bed5bc4e87c84cc5fcfa041,True,2259,2,38434,PASS,3,True
0.07977412501350045,bank_k10_seed10002,a8e3f94f518c646d5ee8ebebf7649571a19192b964a071dfe41428445cd49915,True,0,True,9d52533aabc3aa5600c29c1e68f391008d8886228c956cca720ca7a8f6b4045c,a8e3f94f518c646d5ee8ebebf7649571a19192b964a071dfe41428445cd49915,True,"[17098, 25854]","[0, 1, 2, 3, 4, 5, 6, 7, 8, 9, 10, 11, 12, 13, 14, 15, 16, 17, 18, 19]",3b8f5e9e4d8bc6471a9b6135885f88280fec05189b5141997420221888f50498,True,36fc90d77ef867d16212c36fe7c5a3eb430b3db8814417ebde0d55e3de55c04b,"[1, 2, 3, 4, 5, 6, 7, 8, 9, 10, 11, 12, 13, 14, 15, 16, 17, 18, 19]",d43a6843b4e2894f80ea2aeec2dc8ce8747f13d3d04ba0e829d5607e45c19ee8,9d52533aabc3aa5600c29c1e68f391008d8886228c956cca720ca7a8f6b4045c,True,,True,2259,0,42952,PASS,1,True
0.0760719169920776,bank_k10_seed10002,ce59b9a41e58ad96b53c3471aea78760b5d5d01af1d151e7817278bed21bd2d6,True,1,True,84f7ea5585ae456df74f6435f329ad129a9d16c4a7c2545f2f8403871b759434,ce59b9a41e58ad96b53c3471aea78760b5d5d01af1d151e7817278bed21bd2d6,True,"[16199, 24494]","[1, 2, 3, 4, 5, 6, 7, 8, 9, 10, 11, 12, 13, 14, 15, 16, 17, 18, 19]",9d52533aabc3aa5600c29c1e68f391008d8886228c956cca720ca7a8f6b4045c,True,00e15d24cd7647c8c2d52cb1d2211271e79a8b24891f8e49017c8c8d9b50dbab,"[2, 3, 4, 5, 6, 7, 8, 9, 10, 11, 12, 13, 14, 15, 16, 17, 18, 19]",2fa61b2da81e021dc607168e5a56de010011e15903244abf6a60f9c0d0ff78c3,84f7ea5585ae456df74f6435f329ad129a9d16c4a7c2545f2f8403871b759434,True,d43a6843b4e2894f80ea2aeec2dc8ce8747f13d3d04ba0e829d5607e45c19ee8,True,2259,0,40693,PASS,2,True
0.07176329201320186,bank_k10_seed10002,511c75242eb216b9c8754dede0a9239f7f446696b57177686f01bb572db168aa,True,2,True,e7ccc9f3474f760204cb9078bcad39a568d4b5c8858be69368584008d6b3914e,511c75242eb216b9c8754dede0a9239f7f446696b57177686f01bb572db168aa,True,"[15300, 23134]","[2, 3, 4, 5, 6, 7, 8, 9, 10, 11, 12, 13, 14, 15, 16, 17, 18, 19]",84f7ea5585ae456df74f6435f329ad129a9d16c4a7c2545f2f8403871b759434,True,09b2ecf7a9ef36c253b2467a45454f3b56f08973d11400d570d69bdc1a22f03e,"[3, 4, 5, 6, 7, 8, 9, 10, 11, 12, 13, 14, 15, 16, 17, 18, 19]",9562194bc74ba6277fdf11af43d450140a48126fc3d64c19def77cfd21d1bec7,e7ccc9f3474f760204cb9078bcad39a568d4b5c8858be69368584008d6b3914e,True,2fa61b2da81e021dc607168e5a56de010011e15903244abf6a60f9c0d0ff78c3,True,2259,0,38434,PASS,3,True
0.08099041602690704,bank_k10_seed10002,a8e3f94f518c646d5ee8ebebf7649571a19192b964a071dfe41428445cd49915,True,0,True,9d52533aabc3aa5600c29c1e68f391008d8886228c956cca720ca7a8f6b4045c,a8e3f94f518c646d5ee8ebebf7649571a19192b964a071dfe41428445cd49915,True,"[17098, 25854]","[0, 1, 2, 3, 4, 5, 6, 7, 8, 9, 10, 11, 12, 13, 14, 15, 16, 17, 18, 19]",3b8f5e9e4d8bc6471a9b6135885f88280fec05189b5141997420221888f50498,True,36fc90d77ef867d16212c36fe7c5a3eb430b3db8814417ebde0d55e3de55c04b,"[1, 2, 3, 4, 5, 6, 7, 8, 9, 10, 11, 12, 13, 14, 15, 16, 17, 18, 19]",d43a6843b4e2894f80ea2aeec2dc8ce8747f13d3d04ba0e829d5607e45c19ee8,9d52533aabc3aa5600c29c1e68f391008d8886228c956cca720ca7a8f6b4045c,True,,True,2259,1,42952,PASS,1,True
0.07541866600513458,bank_k10_seed10002,ce59b9a41e58ad96b53c3471aea78760b5d5d01af1d151e7817278bed21bd2d6,True,1,True,84f7ea5585ae456df74f6435f329ad129a9d16c4a7c2545f2f8403871b759434,ce59b9a41e58ad96b53c3471aea78760b5d5d01af1d151e7817278bed21bd2d6,True,"[16199, 24494]","[1, 2, 3, 4, 5, 6, 7, 8, 9, 10, 11, 12, 13, 14, 15, 16, 17, 18, 19]",9d52533aabc3aa5600c29c1e68f391008d8886228c956cca720ca7a8f6b4045c,True,00e15d24cd7647c8c2d52cb1d2211271e79a8b24891f8e49017c8c8d9b50dbab,"[2, 3, 4, 5, 6, 7, 8, 9, 10, 11, 12, 13, 14, 15, 16, 17, 18, 19]",2fa61b2da81e021dc607168e5a56de010011e15903244abf6a60f9c0d0ff78c3,84f7ea5585ae456df74f6435f329ad129a9d16c4a7c2545f2f8403871b759434,True,d43a6843b4e2894f80ea2aeec2dc8ce8747f13d3d04ba0e829d5607e45c19ee8,True,2259,1,40693,PASS,2,True
0.07146816700696945,bank_k10_seed10002,511c75242eb216b9c8754dede0a9239f7f446696b57177686f01bb572db168aa,True,2,True,e7ccc9f3474f760204cb9078bcad39a568d4b5c8858be69368584008d6b3914e,511c75242eb216b9c8754dede0a9239f7f446696b57177686f01bb572db168aa,True,"[15300, 23134]","[2, 3, 4, 5, 6, 7, 8, 9, 10, 11, 12, 13, 14, 15, 16, 17, 18, 19]",84f7ea5585ae456df74f6435f329ad129a9d16c4a7c2545f2f8403871b759434,True,09b2ecf7a9ef36c253b2467a45454f3b56f08973d11400d570d69bdc1a22f03e,"[3, 4, 5, 6, 7, 8, 9, 10, 11, 12, 13, 14, 15, 16, 17, 18, 19]",9562194bc74ba6277fdf11af43d450140a48126fc3d64c19def77cfd21d1bec7,e7ccc9f3474f760204cb9078bcad39a568d4b5c8858be69368584008d6b3914e,True,2fa61b2da81e021dc607168e5a56de010011e15903244abf6a60f9c0d0ff78c3,True,2259,1,38434,PASS,3,True
0.08027816700632684,bank_k10_seed10002,a8e3f94f518c646d5ee8ebebf7649571a19192b964a071dfe41428445cd49915,True,0,True,9d52533aabc3aa5600c29c1e68f391008d8886228c956cca720ca7a8f6b4045c,a8e3f94f518c646d5ee8ebebf7649571a19192b964a071dfe41428445cd49915,True,"[17098, 25854]","[0, 1, 2, 3, 4, 5, 6, 7, 8, 9, 10, 11, 12, 13, 14, 15, 16, 17, 18, 19]",3b8f5e9e4d8bc6471a9b6135885f88280fec05189b5141997420221888f50498,True,36fc90d77ef867d16212c36fe7c5a3eb430b3db8814417ebde0d55e3de55c04b,"[1, 2, 3, 4, 5, 6, 7, 8, 9, 10, 11, 12, 13, 14, 15, 16, 17, 18, 19]",d43a6843b4e2894f80ea2aeec2dc8ce8747f13d3d04ba0e829d5607e45c19ee8,9d52533aabc3aa5600c29c1e68f391008d8886228c956cca720ca7a8f6b4045c,True,,True,2259,2,42952,PASS,1,True
0.0757281249971129,bank_k10_seed10002,ce59b9a41e58ad96b53c3471aea78760b5d5d01af1d151e7817278bed21bd2d6,True,1,True,84f7ea5585ae456df74f6435f329ad129a9d16c4a7c2545f2f8403871b759434,ce59b9a41e58ad96b53c3471aea78760b5d5d01af1d151e7817278bed21bd2d6,True,"[16199, 24494]","[1, 2, 3, 4, 5, 6, 7, 8, 9, 10, 11, 12, 13, 14, 15, 16, 17, 18, 19]",9d52533aabc3aa5600c29c1e68f391008d8886228c956cca720ca7a8f6b4045c,True,00e15d24cd7647c8c2d52cb1d2211271e79a8b24891f8e49017c8c8d9b50dbab,"[2, 3, 4, 5, 6, 7, 8, 9, 10, 11, 12, 13, 14, 15, 16, 17, 18, 19]",2fa61b2da81e021dc607168e5a56de010011e15903244abf6a60f9c0d0ff78c3,84f7ea5585ae456df74f6435f329ad129a9d16c4a7c2545f2f8403871b759434,True,d43a6843b4e2894f80ea2aeec2dc8ce8747f13d3d04ba0e829d5607e45c19ee8,True,2259,2,40693,PASS,2,True
0.07275983301224187,bank_k10_seed10002,511c75242eb216b9c8754dede0a9239f7f446696b57177686f01bb572db168aa,True,2,True,e7ccc9f3474f760204cb9078bcad39a568d4b5c8858be69368584008d6b3914e,511c75242eb216b9c8754dede0a9239f7f446696b57177686f01bb572db168aa,True,"[15300, 23134]","[2, 3, 4, 5, 6, 7, 8, 9, 10, 11, 12, 13, 14, 15, 16, 17, 18, 19]",84f7ea5585ae456df74f6435f329ad129a9d16c4a7c2545f2f8403871b759434,True,09b2ecf7a9ef36c253b2467a45454f3b56f08973d11400d570d69bdc1a22f03e,"[3, 4, 5, 6, 7, 8, 9, 10, 11, 12, 13, 14, 15, 16, 17, 18, 19]",9562194bc74ba6277fdf11af43d450140a48126fc3d64c19def77cfd21d1bec7,e7ccc9f3474f760204cb9078bcad39a568d4b5c8858be69368584008d6b3914e,True,2fa61b2da81e021dc607168e5a56de010011e15903244abf6a60f9c0d0ff78c3,True,2259,2,38434,PASS,3,True
0.07912716700229794,bank_k10_seed10003,eabce06f1bde890579b2fc7a754689a5af2217b34ff8830ac80dc184a4df10ac,True,0,True,6bbbb1f168c75662844d4dbcce4b6ce2414366808407441058359a2ba8d146ad,eabce06f1bde890579b2fc7a754689a5af2217b34ff8830ac80dc184a4df10ac,True,"[17098, 25854]","[0, 1, 2, 3, 4, 5, 6, 7, 8, 9, 10, 11, 12, 13, 14, 15, 16, 17, 18, 19]",e6aa62366a80007c4c96c8b273ca1763b8aae3bbeb02e8cd6f5c73c4f2145b31,True,3c4537731a2715e6dcda5eac475c00ae8416cf999fc7ed0bceff1e3d6cd71526,"[1, 2, 3, 4, 5, 6, 7, 8, 9, 10, 11, 12, 13, 14, 15, 16, 17, 18, 19]",83dd922f3ad9b7b5f87f4bbfd587ab044c88b9bf238d23b053048416ede35440,6bbbb1f168c75662844d4dbcce4b6ce2414366808407441058359a2ba8d146ad,True,,True,2259,0,42952,PASS,1,True
0.07542874998762272,bank_k10_seed10003,b5de2f7534bfbbdbac8cbf1b18efdaf382f37ffaf2be5a9685c1c5de4c0566e6,True,1,True,8741c55ee13db595e8da890518826ef1b6391ebf9c156a3d36af206591654086,b5de2f7534bfbbdbac8cbf1b18efdaf382f37ffaf2be5a9685c1c5de4c0566e6,True,"[16199, 24494]","[1, 2, 3, 4, 5, 6, 7, 8, 9, 10, 11, 12, 13, 14, 15, 16, 17, 18, 19]",6bbbb1f168c75662844d4dbcce4b6ce2414366808407441058359a2ba8d146ad,True,8d253190ec8796971b7eed959aaca8c3e65aaed5c62cc6cc01243b56f5d19a4e,"[2, 3, 4, 5, 6, 7, 8, 9, 10, 11, 12, 13, 14, 15, 16, 17, 18, 19]",2e1d890ca90d7d9c9df297ff44f6b51b8912c1eaa16336e9ff877f4cabf2d936,8741c55ee13db595e8da890518826ef1b6391ebf9c156a3d36af206591654086,True,83dd922f3ad9b7b5f87f4bbfd587ab044c88b9bf238d23b053048416ede35440,True,2259,0,40693,PASS,2,True
0.07081033301074058,bank_k10_seed10003,a502d9a255dcadc2b5fd1f27f012e0093e5d3e053450fca8f6155291956987a6,True,2,True,4c6c7706cf96e23870aa79e5baaed4d0b0e93bbc22c74b71d259c7a973c9ea7e,a502d9a255dcadc2b5fd1f27f012e0093e5d3e053450fca8f6155291956987a6,True,"[15300, 23134]","[2, 3, 4, 5, 6, 7, 8, 9, 10, 11, 12, 13, 14, 15, 16, 17, 18, 19]",8741c55ee13db595e8da890518826ef1b6391ebf9c156a3d36af206591654086,True,0ff05f636a8ca865c12af3cfa5661018d2f8c379d9fbc218841bbbb789dd05bc,"[3, 4, 5, 6, 7, 8, 9, 10, 11, 12, 13, 14, 15, 16, 17, 18, 19]",bf104aaafb11d5f4caac35cde7594ed51a9a07875bdc4973e711b3c536a9c65d,4c6c7706cf96e23870aa79e5baaed4d0b0e93bbc22c74b71d259c7a973c9ea7e,True,2e1d890ca90d7d9c9df297ff44f6b51b8912c1eaa16336e9ff877f4cabf2d936,True,2259,0,38434,PASS,3,True
0.07881787500809878,bank_k10_seed10003,eabce06f1bde890579b2fc7a754689a5af2217b34ff8830ac80dc184a4df10ac,True,0,True,6bbbb1f168c75662844d4dbcce4b6ce2414366808407441058359a2ba8d146ad,eabce06f1bde890579b2fc7a754689a5af2217b34ff8830ac80dc184a4df10ac,True,"[17098, 25854]","[0, 1, 2, 3, 4, 5, 6, 7, 8, 9, 10, 11, 12, 13, 14, 15, 16, 17, 18, 19]",e6aa62366a80007c4c96c8b273ca1763b8aae3bbeb02e8cd6f5c73c4f2145b31,True,3c4537731a2715e6dcda5eac475c00ae8416cf999fc7ed0bceff1e3d6cd71526,"[1, 2, 3, 4, 5, 6, 7, 8, 9, 10, 11, 12, 13, 14, 15, 16, 17, 18, 19]",83dd922f3ad9b7b5f87f4bbfd587ab044c88b9bf238d23b053048416ede35440,6bbbb1f168c75662844d4dbcce4b6ce2414366808407441058359a2ba8d146ad,True,,True,2259,1,42952,PASS,1,True
0.07475966701167636,bank_k10_seed10003,b5de2f7534bfbbdbac8cbf1b18efdaf382f37ffaf2be5a9685c1c5de4c0566e6,True,1,True,8741c55ee13db595e8da890518826ef1b6391ebf9c156a3d36af206591654086,b5de2f7534bfbbdbac8cbf1b18efdaf382f37ffaf2be5a9685c1c5de4c0566e6,True,"[16199, 24494]","[1, 2, 3, 4, 5, 6, 7, 8, 9, 10, 11, 12, 13, 14, 15, 16, 17, 18, 19]",6bbbb1f168c75662844d4dbcce4b6ce2414366808407441058359a2ba8d146ad,True,8d253190ec8796971b7eed959aaca8c3e65aaed5c62cc6cc01243b56f5d19a4e,"[2, 3, 4, 5, 6, 7, 8, 9, 10, 11, 12, 13, 14, 15, 16, 17, 18, 19]",2e1d890ca90d7d9c9df297ff44f6b51b8912c1eaa16336e9ff877f4cabf2d936,8741c55ee13db595e8da890518826ef1b6391ebf9c156a3d36af206591654086,True,83dd922f3ad9b7b5f87f4bbfd587ab044c88b9bf238d23b053048416ede35440,True,2259,1,40693,PASS,2,True
0.07264008399215527,bank_k10_seed10003,a502d9a255dcadc2b5fd1f27f012e0093e5d3e053450fca8f6155291956987a6,True,2,True,4c6c7706cf96e23870aa79e5baaed4d0b0e93bbc22c74b71d259c7a973c9ea7e,a502d9a255dcadc2b5fd1f27f012e0093e5d3e053450fca8f6155291956987a6,True,"[15300, 23134]","[2, 3, 4, 5, 6, 7, 8, 9, 10, 11, 12, 13, 14, 15, 16, 17, 18, 19]",8741c55ee13db595e8da890518826ef1b6391ebf9c156a3d36af206591654086,True,0ff05f636a8ca865c12af3cfa5661018d2f8c379d9fbc218841bbbb789dd05bc,"[3, 4, 5, 6, 7, 8, 9, 10, 11, 12, 13, 14, 15, 16, 17, 18, 19]",bf104aaafb11d5f4caac35cde7594ed51a9a07875bdc4973e711b3c536a9c65d,4c6c7706cf96e23870aa79e5baaed4d0b0e93bbc22c74b71d259c7a973c9ea7e,True,2e1d890ca90d7d9c9df297ff44f6b51b8912c1eaa16336e9ff877f4cabf2d936,True,2259,1,38434,PASS,3,True
0.0795501249958761,bank_k10_seed10003,eabce06f1bde890579b2fc7a754689a5af2217b34ff8830ac80dc184a4df10ac,True,0,True,6bbbb1f168c75662844d4dbcce4b6ce2414366808407441058359a2ba8d146ad,eabce06f1bde890579b2fc7a754689a5af2217b34ff8830ac80dc184a4df10ac,True,"[17098, 25854]","[0, 1, 2, 3, 4, 5, 6, 7, 8, 9, 10, 11, 12, 13, 14, 15, 16, 17, 18, 19]",e6aa62366a80007c4c96c8b273ca1763b8aae3bbeb02e8cd6f5c73c4f2145b31,True,3c4537731a2715e6dcda5eac475c00ae8416cf999fc7ed0bceff1e3d6cd71526,"[1, 2, 3, 4, 5, 6, 7, 8, 9, 10, 11, 12, 13, 14, 15, 16, 17, 18, 19]",83dd922f3ad9b7b5f87f4bbfd587ab044c88b9bf238d23b053048416ede35440,6bbbb1f168c75662844d4dbcce4b6ce2414366808407441058359a2ba8d146ad,True,,True,2259,2,42952,PASS,1,True
0.07544799998868257,bank_k10_seed10003,b5de2f7534bfbbdbac8cbf1b18efdaf382f37ffaf2be5a9685c1c5de4c0566e6,True,1,True,8741c55ee13db595e8da890518826ef1b6391ebf9c156a3d36af206591654086,b5de2f7534bfbbdbac8cbf1b18efdaf382f37ffaf2be5a9685c1c5de4c0566e6,True,"[16199, 24494]","[1, 2, 3, 4, 5, 6, 7, 8, 9, 10, 11, 12, 13, 14, 15, 16, 17, 18, 19]",6bbbb1f168c75662844d4dbcce4b6ce2414366808407441058359a2ba8d146ad,True,8d253190ec8796971b7eed959aaca8c3e65aaed5c62cc6cc01243b56f5d19a4e,"[2, 3, 4, 5, 6, 7, 8, 9, 10, 11, 12, 13, 14, 15, 16, 17, 18, 19]",2e1d890ca90d7d9c9df297ff44f6b51b8912c1eaa16336e9ff877f4cabf2d936,8741c55ee13db595e8da890518826ef1b6391ebf9c156a3d36af206591654086,True,83dd922f3ad9b7b5f87f4bbfd587ab044c88b9bf238d23b053048416ede35440,True,2259,2,40693,PASS,2,True
0.07146408298285678,bank_k10_seed10003,a502d9a255dcadc2b5fd1f27f012e0093e5d3e053450fca8f6155291956987a6,True,2,True,4c6c7706cf96e23870aa79e5baaed4d0b0e93bbc22c74b71d259c7a973c9ea7e,a502d9a255dcadc2b5fd1f27f012e0093e5d3e053450fca8f6155291956987a6,True,"[15300, 23134]","[2, 3, 4, 5, 6, 7, 8, 9, 10, 11, 12, 13, 14, 15, 16, 17, 18, 19]",8741c55ee13db595e8da890518826ef1b6391ebf9c156a3d36af206591654086,True,0ff05f636a8ca865c12af3cfa5661018d2f8c379d9fbc218841bbbb789dd05bc,"[3, 4, 5, 6, 7, 8, 9, 10, 11, 12, 13, 14, 15, 16, 17, 18, 19]",bf104aaafb11d5f4caac35cde7594ed51a9a07875bdc4973e711b3c536a9c65d,4c6c7706cf96e23870aa79e5baaed4d0b0e93bbc22c74b71d259c7a973c9ea7e,True,2e1d890ca90d7d9c9df297ff44f6b51b8912c1eaa16336e9ff877f4cabf2d936,True,2259,2,38434,PASS,3,True
0.07979216700186953,bank_k10_seed10004,d6b6273eefae2767abca2dc0fefcc35b192faaeeaedd2e4e24d304f953337d3d,True,0,True,1e7af08eb4755dc7bf0fba407c9ae1b89a0fc7e375e660924873f02185009e4e,d6b6273eefae2767abca2dc0fefcc35b192faaeeaedd2e4e24d304f953337d3d,True,"[17098, 25854]","[0, 1, 2, 3, 4, 5, 6, 7, 8, 9, 10, 11, 12, 13, 14, 15, 16, 17, 18, 19]",189629e6d923079f06e5a616e8a4d54ae72bd771cccf1c1589ec2b0a29938ec4,True,7d1a7763318b4e18bf146f9f0e3b34935b5732a642173b767311e7c9459d6b71,"[1, 2, 3, 4, 5, 6, 7, 8, 9, 10, 11, 12, 13, 14, 15, 16, 17, 18, 19]",259ffbed0694e4c9d0ab0b1bb7174e6674e1704678be07ada7436b94175c00b4,1e7af08eb4755dc7bf0fba407c9ae1b89a0fc7e375e660924873f02185009e4e,True,,True,2259,0,42952,PASS,1,True
0.07441570900846273,bank_k10_seed10004,3dff66d0293f2471913b01c59baa32e99ba17940a342af3d49cffc6512f4a852,True,1,True,c8b131cdabd933fc32ebe37cfc3b9f9cb4a467db9be8ccba4f8de27485ab302e,3dff66d0293f2471913b01c59baa32e99ba17940a342af3d49cffc6512f4a852,True,"[16199, 24494]","[1, 2, 3, 4, 5, 6, 7, 8, 9, 10, 11, 12, 13, 14, 15, 16, 17, 18, 19]",1e7af08eb4755dc7bf0fba407c9ae1b89a0fc7e375e660924873f02185009e4e,True,8a85d340820e219fbed63591c675c5e40e6d0b38583b2247f16b09e4a8ec4861,"[2, 3, 4, 5, 6, 7, 8, 9, 10, 11, 12, 13, 14, 15, 16, 17, 18, 19]",8a4f0d1e72c7b391628297aa5e7a759bb370709c0209ea1d0ffde7924096bd0f,c8b131cdabd933fc32ebe37cfc3b9f9cb4a467db9be8ccba4f8de27485ab302e,True,259ffbed0694e4c9d0ab0b1bb7174e6674e1704678be07ada7436b94175c00b4,True,2259,0,40693,PASS,2,True
0.07073612499516457,bank_k10_seed10004,f0e9ca02113dc9c1d626fa7f8c931fbef81ea75bea46e8812ef4dea5f50f06be,True,2,True,7e18db7f8377ff0248162fd8d62fc9ede56bf068ce89bcf3d815aaeb36b22dbf,f0e9ca02113dc9c1d626fa7f8c931fbef81ea75bea46e8812ef4dea5f50f06be,True,"[15300, 23134]","[2, 3, 4, 5, 6, 7, 8, 9, 10, 11, 12, 13, 14, 15, 16, 17, 18, 19]",c8b131cdabd933fc32ebe37cfc3b9f9cb4a467db9be8ccba4f8de27485ab302e,True,9177f78a380185f0a1e8c8d1663067bab7ab19ac6084da50b7eacbf911f166ab,"[3, 4, 5, 6, 7, 8, 9, 10, 11, 12, 13, 14, 15, 16, 17, 18, 19]",77102b38bd436e7f897361a6a2694b169ecb6cf171db8a804d70c8570c3b79ae,7e18db7f8377ff0248162fd8d62fc9ede56bf068ce89bcf3d815aaeb36b22dbf,True,8a4f0d1e72c7b391628297aa5e7a759bb370709c0209ea1d0ffde7924096bd0f,True,2259,0,38434,PASS,3,True
0.07956283300882205,bank_k10_seed10004,d6b6273eefae2767abca2dc0fefcc35b192faaeeaedd2e4e24d304f953337d3d,True,0,True,1e7af08eb4755dc7bf0fba407c9ae1b89a0fc7e375e660924873f02185009e4e,d6b6273eefae2767abca2dc0fefcc35b192faaeeaedd2e4e24d304f953337d3d,True,"[17098, 25854]","[0, 1, 2, 3, 4, 5, 6, 7, 8, 9, 10, 11, 12, 13, 14, 15, 16, 17, 18, 19]",189629e6d923079f06e5a616e8a4d54ae72bd771cccf1c1589ec2b0a29938ec4,True,7d1a7763318b4e18bf146f9f0e3b34935b5732a642173b767311e7c9459d6b71,"[1, 2, 3, 4, 5, 6, 7, 8, 9, 10, 11, 12, 13, 14, 15, 16, 17, 18, 19]",259ffbed0694e4c9d0ab0b1bb7174e6674e1704678be07ada7436b94175c00b4,1e7af08eb4755dc7bf0fba407c9ae1b89a0fc7e375e660924873f02185009e4e,True,,True,2259,1,42952,PASS,1,True
0.0745512499997858,bank_k10_seed10004,3dff66d0293f2471913b01c59baa32e99ba17940a342af3d49cffc6512f4a852,True,1,True,c8b131cdabd933fc32ebe37cfc3b9f9cb4a467db9be8ccba4f8de27485ab302e,3dff66d0293f2471913b01c59baa32e99ba17940a342af3d49cffc6512f4a852,True,"[16199, 24494]","[1, 2, 3, 4, 5, 6, 7, 8, 9, 10, 11, 12, 13, 14, 15, 16, 17, 18, 19]",1e7af08eb4755dc7bf0fba407c9ae1b89a0fc7e375e660924873f02185009e4e,True,8a85d340820e219fbed63591c675c5e40e6d0b38583b2247f16b09e4a8ec4861,"[2, 3, 4, 5, 6, 7, 8, 9, 10, 11, 12, 13, 14, 15, 16, 17, 18, 19]",8a4f0d1e72c7b391628297aa5e7a759bb370709c0209ea1d0ffde7924096bd0f,c8b131cdabd933fc32ebe37cfc3b9f9cb4a467db9be8ccba4f8de27485ab302e,True,259ffbed0694e4c9d0ab0b1bb7174e6674e1704678be07ada7436b94175c00b4,True,2259,1,40693,PASS,2,True
0.07109866698738188,bank_k10_seed10004,f0e9ca02113dc9c1d626fa7f8c931fbef81ea75bea46e8812ef4dea5f50f06be,True,2,True,7e18db7f8377ff0248162fd8d62fc9ede56bf068ce89bcf3d815aaeb36b22dbf,f0e9ca02113dc9c1d626fa7f8c931fbef81ea75bea46e8812ef4dea5f50f06be,True,"[15300, 23134]","[2, 3, 4, 5, 6, 7, 8, 9, 10, 11, 12, 13, 14, 15, 16, 17, 18, 19]",c8b131cdabd933fc32ebe37cfc3b9f9cb4a467db9be8ccba4f8de27485ab302e,True,9177f78a380185f0a1e8c8d1663067bab7ab19ac6084da50b7eacbf911f166ab,"[3, 4, 5, 6, 7, 8, 9, 10, 11, 12, 13, 14, 15, 16, 17, 18, 19]",77102b38bd436e7f897361a6a2694b169ecb6cf171db8a804d70c8570c3b79ae,7e18db7f8377ff0248162fd8d62fc9ede56bf068ce89bcf3d815aaeb36b22dbf,True,8a4f0d1e72c7b391628297aa5e7a759bb370709c0209ea1d0ffde7924096bd0f,True,2259,1,38434,PASS,3,True
0.07882629198138602,bank_k10_seed10004,d6b6273eefae2767abca2dc0fefcc35b192faaeeaedd2e4e24d304f953337d3d,True,0,True,1e7af08eb4755dc7bf0fba407c9ae1b89a0fc7e375e660924873f02185009e4e,d6b6273eefae2767abca2dc0fefcc35b192faaeeaedd2e4e24d304f953337d3d,True,"[17098, 25854]","[0, 1, 2, 3, 4, 5, 6, 7, 8, 9, 10, 11, 12, 13, 14, 15, 16, 17, 18, 19]",189629e6d923079f06e5a616e8a4d54ae72bd771cccf1c1589ec2b0a29938ec4,True,7d1a7763318b4e18bf146f9f0e3b34935b5732a642173b767311e7c9459d6b71,"[1, 2, 3, 4, 5, 6, 7, 8, 9, 10, 11, 12, 13, 14, 15, 16, 17, 18, 19]",259ffbed0694e4c9d0ab0b1bb7174e6674e1704678be07ada7436b94175c00b4,1e7af08eb4755dc7bf0fba407c9ae1b89a0fc7e375e660924873f02185009e4e,True,,True,2259,2,42952,PASS,1,True
0.07575341701158322,bank_k10_seed10004,3dff66d0293f2471913b01c59baa32e99ba17940a342af3d49cffc6512f4a852,True,1,True,c8b131cdabd933fc32ebe37cfc3b9f9cb4a467db9be8ccba4f8de27485ab302e,3dff66d0293f2471913b01c59baa32e99ba17940a342af3d49cffc6512f4a852,True,"[16199, 24494]","[1, 2, 3, 4, 5, 6, 7, 8, 9, 10, 11, 12, 13, 14, 15, 16, 17, 18, 19]",1e7af08eb4755dc7bf0fba407c9ae1b89a0fc7e375e660924873f02185009e4e,True,8a85d340820e219fbed63591c675c5e40e6d0b38583b2247f16b09e4a8ec4861,"[2, 3, 4, 5, 6, 7, 8, 9, 10, 11, 12, 13, 14, 15, 16, 17, 18, 19]",8a4f0d1e72c7b391628297aa5e7a759bb370709c0209ea1d0ffde7924096bd0f,c8b131cdabd933fc32ebe37cfc3b9f9cb4a467db9be8ccba4f8de27485ab302e,True,259ffbed0694e4c9d0ab0b1bb7174e6674e1704678be07ada7436b94175c00b4,True,2259,2,40693,PASS,2,True
0.07087374999537133,bank_k10_seed10004,f0e9ca02113dc9c1d626fa7f8c931fbef81ea75bea46e8812ef4dea5f50f06be,True,2,True,7e18db7f8377ff0248162fd8d62fc9ede56bf068ce89bcf3d815aaeb36b22dbf,f0e9ca02113dc9c1d626fa7f8c931fbef81ea75bea46e8812ef4dea5f50f06be,True,"[15300, 23134]","[2, 3, 4, 5, 6, 7, 8, 9, 10, 11, 12, 13, 14, 15, 16, 17, 18, 19]",c8b131cdabd933fc32ebe37cfc3b9f9cb4a467db9be8ccba4f8de27485ab302e,True,9177f78a380185f0a1e8c8d1663067bab7ab19ac6084da50b7eacbf911f166ab,"[3, 4, 5, 6, 7, 8, 9, 10, 11, 12, 13, 14, 15, 16, 17, 18, 19]",77102b38bd436e7f897361a6a2694b169ecb6cf171db8a804d70c8570c3b79ae,7e18db7f8377ff0248162fd8d62fc9ede56bf068ce89bcf3d815aaeb36b22dbf,True,8a4f0d1e72c7b391628297aa5e7a759bb370709c0209ea1d0ffde7924096bd0f,True,2259,2,38434,PASS,3,True
0.23765766597352922,credit_k10_seed10000,07a5f93fec097db17bc9b441b81ae5f02c0a32409728d5d26a8e22a6d282b5ef,True,0,True,99aa2851fe6eea958c23be844f01c768035c41cb3c309f53f70245301ed2c7f0,07a5f93fec097db17bc9b441b81ae5f02c0a32409728d5d26a8e22a6d282b5ef,True,"[5332, 24369]","[0, 1, 2, 3, 4, 5, 6, 7, 8, 9, 10, 11, 12, 13, 14, 15, 16, 17, 18, 19, 20, 21, 22, 23, 24, 25, 26, 27, 28, 29, 30, 31, 32, 33, 34, 35, 36, 37, 38, 39, 40, 41, 42, 43, 44, 45, 46, 47, 48, 49, 50, 51, 52, 53, 54, 55, 56, 57, 58, 59, 60, 61, 62, 63, 64, 65, 66, 67, 68, 69, 70, 71, 72, 73, 74, 75, 76, 77, 78, 79, 80, 81, 82, 83, 84, 85, 86, 87, 88, 89, 90, 91, 92, 93, 94, 95, 96, 97, 98, 99]",eba9bdc409e95b392ce297fb66b0a763b85e3e619885e77062724653db1af64f,True,e6c5e43d87a02f5e833beed7c52b46b0adadc9b0abd932be5e3cbb0ecb85ce75,"[1, 2, 3, 4, 5, 6, 7, 8, 9, 10, 11, 12, 13, 14, 15, 16, 17, 18, 19, 20, 21, 22, 23, 24, 25, 26, 27, 28, 29, 30, 31, 32, 33, 34, 35, 36, 37, 38, 39, 40, 41, 42, 43, 44, 45, 46, 47, 48, 49, 50, 51, 52, 53, 54, 55, 56, 57, 58, 59, 60, 61, 62, 63, 64, 65, 66, 67, 68, 69, 70, 71, 72, 73, 74, 75, 76, 77, 78, 79, 80, 81, 82, 83, 84, 85, 86, 87, 88, 89, 90, 91, 92, 93, 94, 95, 96, 97, 98, 99]",da489f048df450d245c3d264387450aa8e981c74aa1858f8a6a38c9a3b24eb20,99aa2851fe6eea958c23be844f01c768035c41cb3c309f53f70245301ed2c7f0,True,,True,299,0,29701,PASS,1,True
0.2331741669913754,credit_k10_seed10000,5222051895260d5be795d2d6f5e6cfa8f87fa141445a72fbd55f425c6ee5c396,True,1,True,e52d826148b280d3c3ffcec10f1a077bbdb567b8ed5dbf10b2e4d10bf94810a4,5222051895260d5be795d2d6f5e6cfa8f87fa141445a72fbd55f425c6ee5c396,True,"[5279, 24123]","[1, 2, 3, 4, 5, 6, 7, 8, 9, 10, 11, 12, 13, 14, 15, 16, 17, 18, 19, 20, 21, 22, 23, 24, 25, 26, 27, 28, 29, 30, 31, 32, 33, 34, 35, 36, 37, 38, 39, 40, 41, 42, 43, 44, 45, 46, 47, 48, 49, 50, 51, 52, 53, 54, 55, 56, 57, 58, 59, 60, 61, 62, 63, 64, 65, 66, 67, 68, 69, 70, 71, 72, 73, 74, 75, 76, 77, 78, 79, 80, 81, 82, 83, 84, 85, 86, 87, 88, 89, 90, 91, 92, 93, 94, 95, 96, 97, 98, 99]",99aa2851fe6eea958c23be844f01c768035c41cb3c309f53f70245301ed2c7f0,True,5179cc34c24c1725988db3d1bc89faa9c017e432cfc7ef0541bf105a0f07e21b,"[2, 3, 4, 5, 6, 7, 8, 9, 10, 11, 12, 13, 14, 15, 16, 17, 18, 19, 20, 21, 22, 23, 24, 25, 26, 27, 28, 29, 30, 31, 32, 33, 34, 35, 36, 37, 38, 39, 40, 41, 42, 43, 44, 45, 46, 47, 48, 49, 50, 51, 52, 53, 54, 55, 56, 57, 58, 59, 60, 61, 62, 63, 64, 65, 66, 67, 68, 69, 70, 71, 72, 73, 74, 75, 76, 77, 78, 79, 80, 81, 82, 83, 84, 85, 86, 87, 88, 89, 90, 91, 92, 93, 94, 95, 96, 97, 98, 99]",656399c27024a0566911a71911f3cb1cd15756a6b8385dfe94e641a86985b354,e52d826148b280d3c3ffcec10f1a077bbdb567b8ed5dbf10b2e4d10bf94810a4,True,da489f048df450d245c3d264387450aa8e981c74aa1858f8a6a38c9a3b24eb20,True,299,0,29402,PASS,2,True
0.22997712501091883,credit_k10_seed10000,bff06c70d3c507b82e03b87725f26cf644458d93a2634bedc97d5ef008d6f1b9,True,2,True,cee882d849a93191a83efc0764c1e5838d3bdccdd3270f55ee1e11257ea88fd4,bff06c70d3c507b82e03b87725f26cf644458d93a2634bedc97d5ef008d6f1b9,True,"[5226, 23877]","[2, 3, 4, 5, 6, 7, 8, 9, 10, 11, 12, 13, 14, 15, 16, 17, 18, 19, 20, 21, 22, 23, 24, 25, 26, 27, 28, 29, 30, 31, 32, 33, 34, 35, 36, 37, 38, 39, 40, 41, 42, 43, 44, 45, 46, 47, 48, 49, 50, 51, 52, 53, 54, 55, 56, 57, 58, 59, 60, 61, 62, 63, 64, 65, 66, 67, 68, 69, 70, 71, 72, 73, 74, 75, 76, 77, 78, 79, 80, 81, 82, 83, 84, 85, 86, 87, 88, 89, 90, 91, 92, 93, 94, 95, 96, 97, 98, 99]",e52d826148b280d3c3ffcec10f1a077bbdb567b8ed5dbf10b2e4d10bf94810a4,True,8811853bc683b62d9c3f2d0619d320afa7dc666c2d9ddb83d43a7b940ee090f2,"[3, 4, 5, 6, 7, 8, 9, 10, 11, 12, 13, 14, 15, 16, 17, 18, 19, 20, 21, 22, 23, 24, 25, 26, 27, 28, 29, 30, 31, 32, 33, 34, 35, 36, 37, 38, 39, 40, 41, 42, 43, 44, 45, 46, 47, 48, 49, 50, 51, 52, 53, 54, 55, 56, 57, 58, 59, 60, 61, 62, 63, 64, 65, 66, 67, 68, 69, 70, 71, 72, 73, 74, 75, 76, 77, 78, 79, 80, 81, 82, 83, 84, 85, 86, 87, 88, 89, 90, 91, 92, 93, 94, 95, 96, 97, 98, 99]",c0e94fa4235ab47aa46b7c200c0f2e638b5afd51fa3a575fbb8f03a62155c47d,cee882d849a93191a83efc0764c1e5838d3bdccdd3270f55ee1e11257ea88fd4,True,656399c27024a0566911a71911f3cb1cd15756a6b8385dfe94e641a86985b354,True,299,0,29103,PASS,3,True
0.2436851249949541,credit_k10_seed10000,07a5f93fec097db17bc9b441b81ae5f02c0a32409728d5d26a8e22a6d282b5ef,True,0,True,99aa2851fe6eea958c23be844f01c768035c41cb3c309f53f70245301ed2c7f0,07a5f93fec097db17bc9b441b81ae5f02c0a32409728d5d26a8e22a6d282b5ef,True,"[5332, 24369]","[0, 1, 2, 3, 4, 5, 6, 7, 8, 9, 10, 11, 12, 13, 14, 15, 16, 17, 18, 19, 20, 21, 22, 23, 24, 25, 26, 27, 28, 29, 30, 31, 32, 33, 34, 35, 36, 37, 38, 39, 40, 41, 42, 43, 44, 45, 46, 47, 48, 49, 50, 51, 52, 53, 54, 55, 56, 57, 58, 59, 60, 61, 62, 63, 64, 65, 66, 67, 68, 69, 70, 71, 72, 73, 74, 75, 76, 77, 78, 79, 80, 81, 82, 83, 84, 85, 86, 87, 88, 89, 90, 91, 92, 93, 94, 95, 96, 97, 98, 99]",eba9bdc409e95b392ce297fb66b0a763b85e3e619885e77062724653db1af64f,True,e6c5e43d87a02f5e833beed7c52b46b0adadc9b0abd932be5e3cbb0ecb85ce75,"[1, 2, 3, 4, 5, 6, 7, 8, 9, 10, 11, 12, 13, 14, 15, 16, 17, 18, 19, 20, 21, 22, 23, 24, 25, 26, 27, 28, 29, 30, 31, 32, 33, 34, 35, 36, 37, 38, 39, 40, 41, 42, 43, 44, 45, 46, 47, 48, 49, 50, 51, 52, 53, 54, 55, 56, 57, 58, 59, 60, 61, 62, 63, 64, 65, 66, 67, 68, 69, 70, 71, 72, 73, 74, 75, 76, 77, 78, 79, 80, 81, 82, 83, 84, 85, 86, 87, 88, 89, 90, 91, 92, 93, 94, 95, 96, 97, 98, 99]",da489f048df450d245c3d264387450aa8e981c74aa1858f8a6a38c9a3b24eb20,99aa2851fe6eea958c23be844f01c768035c41cb3c309f53f70245301ed2c7f0,True,,True,299,1,29701,PASS,1,True
0.24057395799900405,credit_k10_seed10000,5222051895260d5be795d2d6f5e6cfa8f87fa141445a72fbd55f425c6ee5c396,True,1,True,e52d826148b280d3c3ffcec10f1a077bbdb567b8ed5dbf10b2e4d10bf94810a4,5222051895260d5be795d2d6f5e6cfa8f87fa141445a72fbd55f425c6ee5c396,True,"[5279, 24123]","[1, 2, 3, 4, 5, 6, 7, 8, 9, 10, 11, 12, 13, 14, 15, 16, 17, 18, 19, 20, 21, 22, 23, 24, 25, 26, 27, 28, 29, 30, 31, 32, 33, 34, 35, 36, 37, 38, 39, 40, 41, 42, 43, 44, 45, 46, 47, 48, 49, 50, 51, 52, 53, 54, 55, 56, 57, 58, 59, 60, 61, 62, 63, 64, 65, 66, 67, 68, 69, 70, 71, 72, 73, 74, 75, 76, 77, 78, 79, 80, 81, 82, 83, 84, 85, 86, 87, 88, 89, 90, 91, 92, 93, 94, 95, 96, 97, 98, 99]",99aa2851fe6eea958c23be844f01c768035c41cb3c309f53f70245301ed2c7f0,True,5179cc34c24c1725988db3d1bc89faa9c017e432cfc7ef0541bf105a0f07e21b,"[2, 3, 4, 5, 6, 7, 8, 9, 10, 11, 12, 13, 14, 15, 16, 17, 18, 19, 20, 21, 22, 23, 24, 25, 26, 27, 28, 29, 30, 31, 32, 33, 34, 35, 36, 37, 38, 39, 40, 41, 42, 43, 44, 45, 46, 47, 48, 49, 50, 51, 52, 53, 54, 55, 56, 57, 58, 59, 60, 61, 62, 63, 64, 65, 66, 67, 68, 69, 70, 71, 72, 73, 74, 75, 76, 77, 78, 79, 80, 81, 82, 83, 84, 85, 86, 87, 88, 89, 90, 91, 92, 93, 94, 95, 96, 97, 98, 99]",656399c27024a0566911a71911f3cb1cd15756a6b8385dfe94e641a86985b354,e52d826148b280d3c3ffcec10f1a077bbdb567b8ed5dbf10b2e4d10bf94810a4,True,da489f048df450d245c3d264387450aa8e981c74aa1858f8a6a38c9a3b24eb20,True,299,1,29402,PASS,2,True
0.23899450001772493,credit_k10_seed10000,bff06c70d3c507b82e03b87725f26cf644458d93a2634bedc97d5ef008d6f1b9,True,2,True,cee882d849a93191a83efc0764c1e5838d3bdccdd3270f55ee1e11257ea88fd4,bff06c70d3c507b82e03b87725f26cf644458d93a2634bedc97d5ef008d6f1b9,True,"[5226, 23877]","[2, 3, 4, 5, 6, 7, 8, 9, 10, 11, 12, 13, 14, 15, 16, 17, 18, 19, 20, 21, 22, 23, 24, 25, 26, 27, 28, 29, 30, 31, 32, 33, 34, 35, 36, 37, 38, 39, 40, 41, 42, 43, 44, 45, 46, 47, 48, 49, 50, 51, 52, 53, 54, 55, 56, 57, 58, 59, 60, 61, 62, 63, 64, 65, 66, 67, 68, 69, 70, 71, 72, 73, 74, 75, 76, 77, 78, 79, 80, 81, 82, 83, 84, 85, 86, 87, 88, 89, 90, 91, 92, 93, 94, 95, 96, 97, 98, 99]",e52d826148b280d3c3ffcec10f1a077bbdb567b8ed5dbf10b2e4d10bf94810a4,True,8811853bc683b62d9c3f2d0619d320afa7dc666c2d9ddb83d43a7b940ee090f2,"[3, 4, 5, 6, 7, 8, 9, 10, 11, 12, 13, 14, 15, 16, 17, 18, 19, 20, 21, 22, 23, 24, 25, 26, 27, 28, 29, 30, 31, 32, 33, 34, 35, 36, 37, 38, 39, 40, 41, 42, 43, 44, 45, 46, 47, 48, 49, 50, 51, 52, 53, 54, 55, 56, 57, 58, 59, 60, 61, 62, 63, 64, 65, 66, 67, 68, 69, 70, 71, 72, 73, 74, 75, 76, 77, 78, 79, 80, 81, 82, 83, 84, 85, 86, 87, 88, 89, 90, 91, 92, 93, 94, 95, 96, 97, 98, 99]",c0e94fa4235ab47aa46b7c200c0f2e638b5afd51fa3a575fbb8f03a62155c47d,cee882d849a93191a83efc0764c1e5838d3bdccdd3270f55ee1e11257ea88fd4,True,656399c27024a0566911a71911f3cb1cd15756a6b8385dfe94e641a86985b354,True,299,1,29103,PASS,3,True
0.23755137500120327,credit_k10_seed10000,07a5f93fec097db17bc9b441b81ae5f02c0a32409728d5d26a8e22a6d282b5ef,True,0,True,99aa2851fe6eea958c23be844f01c768035c41cb3c309f53f70245301ed2c7f0,07a5f93fec097db17bc9b441b81ae5f02c0a32409728d5d26a8e22a6d282b5ef,True,"[5332, 24369]","[0, 1, 2, 3, 4, 5, 6, 7, 8, 9, 10, 11, 12, 13, 14, 15, 16, 17, 18, 19, 20, 21, 22, 23, 24, 25, 26, 27, 28, 29, 30, 31, 32, 33, 34, 35, 36, 37, 38, 39, 40, 41, 42, 43, 44, 45, 46, 47, 48, 49, 50, 51, 52, 53, 54, 55, 56, 57, 58, 59, 60, 61, 62, 63, 64, 65, 66, 67, 68, 69, 70, 71, 72, 73, 74, 75, 76, 77, 78, 79, 80, 81, 82, 83, 84, 85, 86, 87, 88, 89, 90, 91, 92, 93, 94, 95, 96, 97, 98, 99]",eba9bdc409e95b392ce297fb66b0a763b85e3e619885e77062724653db1af64f,True,e6c5e43d87a02f5e833beed7c52b46b0adadc9b0abd932be5e3cbb0ecb85ce75,"[1, 2, 3, 4, 5, 6, 7, 8, 9, 10, 11, 12, 13, 14, 15, 16, 17, 18, 19, 20, 21, 22, 23, 24, 25, 26, 27, 28, 29, 30, 31, 32, 33, 34, 35, 36, 37, 38, 39, 40, 41, 42, 43, 44, 45, 46, 47, 48, 49, 50, 51, 52, 53, 54, 55, 56, 57, 58, 59, 60, 61, 62, 63, 64, 65, 66, 67, 68, 69, 70, 71, 72, 73, 74, 75, 76, 77, 78, 79, 80, 81, 82, 83, 84, 85, 86, 87, 88, 89, 90, 91, 92, 93, 94, 95, 96, 97, 98, 99]",da489f048df450d245c3d264387450aa8e981c74aa1858f8a6a38c9a3b24eb20,99aa2851fe6eea958c23be844f01c768035c41cb3c309f53f70245301ed2c7f0,True,,True,299,2,29701,PASS,1,True
0.23447079202742316,credit_k10_seed10000,5222051895260d5be795d2d6f5e6cfa8f87fa141445a72fbd55f425c6ee5c396,True,1,True,e52d826148b280d3c3ffcec10f1a077bbdb567b8ed5dbf10b2e4d10bf94810a4,5222051895260d5be795d2d6f5e6cfa8f87fa141445a72fbd55f425c6ee5c396,True,"[5279, 24123]","[1, 2, 3, 4, 5, 6, 7, 8, 9, 10, 11, 12, 13, 14, 15, 16, 17, 18, 19, 20, 21, 22, 23, 24, 25, 26, 27, 28, 29, 30, 31, 32, 33, 34, 35, 36, 37, 38, 39, 40, 41, 42, 43, 44, 45, 46, 47, 48, 49, 50, 51, 52, 53, 54, 55, 56, 57, 58, 59, 60, 61, 62, 63, 64, 65, 66, 67, 68, 69, 70, 71, 72, 73, 74, 75, 76, 77, 78, 79, 80, 81, 82, 83, 84, 85, 86, 87, 88, 89, 90, 91, 92, 93, 94, 95, 96, 97, 98, 99]",99aa2851fe6eea958c23be844f01c768035c41cb3c309f53f70245301ed2c7f0,True,5179cc34c24c1725988db3d1bc89faa9c017e432cfc7ef0541bf105a0f07e21b,"[2, 3, 4, 5, 6, 7, 8, 9, 10, 11, 12, 13, 14, 15, 16, 17, 18, 19, 20, 21, 22, 23, 24, 25, 26, 27, 28, 29, 30, 31, 32, 33, 34, 35, 36, 37, 38, 39, 40, 41, 42, 43, 44, 45, 46, 47, 48, 49, 50, 51, 52, 53, 54, 55, 56, 57, 58, 59, 60, 61, 62, 63, 64, 65, 66, 67, 68, 69, 70, 71, 72, 73, 74, 75, 76, 77, 78, 79, 80, 81, 82, 83, 84, 85, 86, 87, 88, 89, 90, 91, 92, 93, 94, 95, 96, 97, 98, 99]",656399c27024a0566911a71911f3cb1cd15756a6b8385dfe94e641a86985b354,e52d826148b280d3c3ffcec10f1a077bbdb567b8ed5dbf10b2e4d10bf94810a4,True,da489f048df450d245c3d264387450aa8e981c74aa1858f8a6a38c9a3b24eb20,True,299,2,29402,PASS,2,True
0.23158145800698549,credit_k10_seed10000,bff06c70d3c507b82e03b87725f26cf644458d93a2634bedc97d5ef008d6f1b9,True,2,True,cee882d849a93191a83efc0764c1e5838d3bdccdd3270f55ee1e11257ea88fd4,bff06c70d3c507b82e03b87725f26cf644458d93a2634bedc97d5ef008d6f1b9,True,"[5226, 23877]","[2, 3, 4, 5, 6, 7, 8, 9, 10, 11, 12, 13, 14, 15, 16, 17, 18, 19, 20, 21, 22, 23, 24, 25, 26, 27, 28, 29, 30, 31, 32, 33, 34, 35, 36, 37, 38, 39, 40, 41, 42, 43, 44, 45, 46, 47, 48, 49, 50, 51, 52, 53, 54, 55, 56, 57, 58, 59, 60, 61, 62, 63, 64, 65, 66, 67, 68, 69, 70, 71, 72, 73, 74, 75, 76, 77, 78, 79, 80, 81, 82, 83, 84, 85, 86, 87, 88, 89, 90, 91, 92, 93, 94, 95, 96, 97, 98, 99]",e52d826148b280d3c3ffcec10f1a077bbdb567b8ed5dbf10b2e4d10bf94810a4,True,8811853bc683b62d9c3f2d0619d320afa7dc666c2d9ddb83d43a7b940ee090f2,"[3, 4, 5, 6, 7, 8, 9, 10, 11, 12, 13, 14, 15, 16, 17, 18, 19, 20, 21, 22, 23, 24, 25, 26, 27, 28, 29, 30, 31, 32, 33, 34, 35, 36, 37, 38, 39, 40, 41, 42, 43, 44, 45, 46, 47, 48, 49, 50, 51, 52, 53, 54, 55, 56, 57, 58, 59, 60, 61, 62, 63, 64, 65, 66, 67, 68, 69, 70, 71, 72, 73, 74, 75, 76, 77, 78, 79, 80, 81, 82, 83, 84, 85, 86, 87, 88, 89, 90, 91, 92, 93, 94, 95, 96, 97, 98, 99]",c0e94fa4235ab47aa46b7c200c0f2e638b5afd51fa3a575fbb8f03a62155c47d,cee882d849a93191a83efc0764c1e5838d3bdccdd3270f55ee1e11257ea88fd4,True,656399c27024a0566911a71911f3cb1cd15756a6b8385dfe94e641a86985b354,True,299,2,29103,PASS,3,True
0.23740641699987464,credit_k10_seed10001,cd13bb23c81ec8614aa143680c5c7ea2ea25dc65ad1539621ef42385cecc417c,True,0,True,31d1194fb413ed2761b5ddef50b1022342db1d86b1d5470915a068f242905581,cd13bb23c81ec8614aa143680c5c7ea2ea25dc65ad1539621ef42385cecc417c,True,"[5332, 24369]","[0, 1, 2, 3, 4, 5, 6, 7, 8, 9, 10, 11, 12, 13, 14, 15, 16, 17, 18, 19, 20, 21, 22, 23, 24, 25, 26, 27, 28, 29, 30, 31, 32, 33, 34, 35, 36, 37, 38, 39, 40, 41, 42, 43, 44, 45, 46, 47, 48, 49, 50, 51, 52, 53, 54, 55, 56, 57, 58, 59, 60, 61, 62, 63, 64, 65, 66, 67, 68, 69, 70, 71, 72, 73, 74, 75, 76, 77, 78, 79, 80, 81, 82, 83, 84, 85, 86, 87, 88, 89, 90, 91, 92, 93, 94, 95, 96, 97, 98, 99]",692b0b4f5e13f16cdb18493737076c8cd4a970e194eb0099af8d4107494e674d,True,b13770ea0e590e59e4c16d88366cffd078117c328bb006157a979f957611ff05,"[1, 2, 3, 4, 5, 6, 7, 8, 9, 10, 11, 12, 13, 14, 15, 16, 17, 18, 19, 20, 21, 22, 23, 24, 25, 26, 27, 28, 29, 30, 31, 32, 33, 34, 35, 36, 37, 38, 39, 40, 41, 42, 43, 44, 45, 46, 47, 48, 49, 50, 51, 52, 53, 54, 55, 56, 57, 58, 59, 60, 61, 62, 63, 64, 65, 66, 67, 68, 69, 70, 71, 72, 73, 74, 75, 76, 77, 78, 79, 80, 81, 82, 83, 84, 85, 86, 87, 88, 89, 90, 91, 92, 93, 94, 95, 96, 97, 98, 99]",3217acc05aa6f806d658725024efd61a7d1dc41507c52a93346bda8681c3e300,31d1194fb413ed2761b5ddef50b1022342db1d86b1d5470915a068f242905581,True,,True,299,0,29701,PASS,1,True
0.23392812500242144,credit_k10_seed10001,c22109a6edea3ecb617f55c1ddeaedbaafb8efa0eee36219b0c632452b28ecb4,True,1,True,ec2a963cf2bb4237c7fe5fe2ea69e9892ecea444512e5ec556020aa5d918ef40,c22109a6edea3ecb617f55c1ddeaedbaafb8efa0eee36219b0c632452b28ecb4,True,"[5279, 24123]","[1, 2, 3, 4, 5, 6, 7, 8, 9, 10, 11, 12, 13, 14, 15, 16, 17, 18, 19, 20, 21, 22, 23, 24, 25, 26, 27, 28, 29, 30, 31, 32, 33, 34, 35, 36, 37, 38, 39, 40, 41, 42, 43, 44, 45, 46, 47, 48, 49, 50, 51, 52, 53, 54, 55, 56, 57, 58, 59, 60, 61, 62, 63, 64, 65, 66, 67, 68, 69, 70, 71, 72, 73, 74, 75, 76, 77, 78, 79, 80, 81, 82, 83, 84, 85, 86, 87, 88, 89, 90, 91, 92, 93, 94, 95, 96, 97, 98, 99]",31d1194fb413ed2761b5ddef50b1022342db1d86b1d5470915a068f242905581,True,c8f23d89d1a585d084a024de01f4d77880fc05c6d001212046f60efd9657c6c1,"[2, 3, 4, 5, 6, 7, 8, 9, 10, 11, 12, 13, 14, 15, 16, 17, 18, 19, 20, 21, 22, 23, 24, 25, 26, 27, 28, 29, 30, 31, 32, 33, 34, 35, 36, 37, 38, 39, 40, 41, 42, 43, 44, 45, 46, 47, 48, 49, 50, 51, 52, 53, 54, 55, 56, 57, 58, 59, 60, 61, 62, 63, 64, 65, 66, 67, 68, 69, 70, 71, 72, 73, 74, 75, 76, 77, 78, 79, 80, 81, 82, 83, 84, 85, 86, 87, 88, 89, 90, 91, 92, 93, 94, 95, 96, 97, 98, 99]",a16a443cc73168bcd294a1e86cf1ee7508f9cd348b4eaec41b81a3ba63994616,ec2a963cf2bb4237c7fe5fe2ea69e9892ecea444512e5ec556020aa5d918ef40,True,3217acc05aa6f806d658725024efd61a7d1dc41507c52a93346bda8681c3e300,True,299,0,29402,PASS,2,True
0.23275845797616057,credit_k10_seed10001,4e4f5b6646adb23a2b5efbb1f20b2cfb1bef6b893e4a06ff518e71136a1a7d35,True,2,True,2a9bf91f3b1a85c9c8877a4cd5861d8f34a4f35246d397f3a75ae1caa5e0f285,4e4f5b6646adb23a2b5efbb1f20b2cfb1bef6b893e4a06ff518e71136a1a7d35,True,"[5226, 23877]","[2, 3, 4, 5, 6, 7, 8, 9, 10, 11, 12, 13, 14, 15, 16, 17, 18, 19, 20, 21, 22, 23, 24, 25, 26, 27, 28, 29, 30, 31, 32, 33, 34, 35, 36, 37, 38, 39, 40, 41, 42, 43, 44, 45, 46, 47, 48, 49, 50, 51, 52, 53, 54, 55, 56, 57, 58, 59, 60, 61, 62, 63, 64, 65, 66, 67, 68, 69, 70, 71, 72, 73, 74, 75, 76, 77, 78, 79, 80, 81, 82, 83, 84, 85, 86, 87, 88, 89, 90, 91, 92, 93, 94, 95, 96, 97, 98, 99]",ec2a963cf2bb4237c7fe5fe2ea69e9892ecea444512e5ec556020aa5d918ef40,True,e946be093633921998b995cdb6cabe4913c7dd8fed0a8cb9ff959d8d6bd4fd68,"[3, 4, 5, 6, 7, 8, 9, 10, 11, 12, 13, 14, 15, 16, 17, 18, 19, 20, 21, 22, 23, 24, 25, 26, 27, 28, 29, 30, 31, 32, 33, 34, 35, 36, 37, 38, 39, 40, 41, 42, 43, 44, 45, 46, 47, 48, 49, 50, 51, 52, 53, 54, 55, 56, 57, 58, 59, 60, 61, 62, 63, 64, 65, 66, 67, 68, 69, 70, 71, 72, 73, 74, 75, 76, 77, 78, 79, 80, 81, 82, 83, 84, 85, 86, 87, 88, 89, 90, 91, 92, 93, 94, 95, 96, 97, 98, 99]",0d40bec3cd410cf67a8e4294fc622da90c4aedf3195851a53690733d415d59b1,2a9bf91f3b1a85c9c8877a4cd5861d8f34a4f35246d397f3a75ae1caa5e0f285,True,a16a443cc73168bcd294a1e86cf1ee7508f9cd348b4eaec41b81a3ba63994616,True,299,0,29103,PASS,3,True
0.23761887499131262,credit_k10_seed10001,cd13bb23c81ec8614aa143680c5c7ea2ea25dc65ad1539621ef42385cecc417c,True,0,True,31d1194fb413ed2761b5ddef50b1022342db1d86b1d5470915a068f242905581,cd13bb23c81ec8614aa143680c5c7ea2ea25dc65ad1539621ef42385cecc417c,True,"[5332, 24369]","[0, 1, 2, 3, 4, 5, 6, 7, 8, 9, 10, 11, 12, 13, 14, 15, 16, 17, 18, 19, 20, 21, 22, 23, 24, 25, 26, 27, 28, 29, 30, 31, 32, 33, 34, 35, 36, 37, 38, 39, 40, 41, 42, 43, 44, 45, 46, 47, 48, 49, 50, 51, 52, 53, 54, 55, 56, 57, 58, 59, 60, 61, 62, 63, 64, 65, 66, 67, 68, 69, 70, 71, 72, 73, 74, 75, 76, 77, 78, 79, 80, 81, 82, 83, 84, 85, 86, 87, 88, 89, 90, 91, 92, 93, 94, 95, 96, 97, 98, 99]",692b0b4f5e13f16cdb18493737076c8cd4a970e194eb0099af8d4107494e674d,True,b13770ea0e590e59e4c16d88366cffd078117c328bb006157a979f957611ff05,"[1, 2, 3, 4, 5, 6, 7, 8, 9, 10, 11, 12, 13, 14, 15, 16, 17, 18, 19, 20, 21, 22, 23, 24, 25, 26, 27, 28, 29, 30, 31, 32, 33, 34, 35, 36, 37, 38, 39, 40, 41, 42, 43, 44, 45, 46, 47, 48, 49, 50, 51, 52, 53, 54, 55, 56, 57, 58, 59, 60, 61, 62, 63, 64, 65, 66, 67, 68, 69, 70, 71, 72, 73, 74, 75, 76, 77, 78, 79, 80, 81, 82, 83, 84, 85, 86, 87, 88, 89, 90, 91, 92, 93, 94, 95, 96, 97, 98, 99]",3217acc05aa6f806d658725024efd61a7d1dc41507c52a93346bda8681c3e300,31d1194fb413ed2761b5ddef50b1022342db1d86b1d5470915a068f242905581,True,,True,299,1,29701,PASS,1,True
0.23719987500226125,credit_k10_seed10001,c22109a6edea3ecb617f55c1ddeaedbaafb8efa0eee36219b0c632452b28ecb4,True,1,True,ec2a963cf2bb4237c7fe5fe2ea69e9892ecea444512e5ec556020aa5d918ef40,c22109a6edea3ecb617f55c1ddeaedbaafb8efa0eee36219b0c632452b28ecb4,True,"[5279, 24123]","[1, 2, 3, 4, 5, 6, 7, 8, 9, 10, 11, 12, 13, 14, 15, 16, 17, 18, 19, 20, 21, 22, 23, 24, 25, 26, 27, 28, 29, 30, 31, 32, 33, 34, 35, 36, 37, 38, 39, 40, 41, 42, 43, 44, 45, 46, 47, 48, 49, 50, 51, 52, 53, 54, 55, 56, 57, 58, 59, 60, 61, 62, 63, 64, 65, 66, 67, 68, 69, 70, 71, 72, 73, 74, 75, 76, 77, 78, 79, 80, 81, 82, 83, 84, 85, 86, 87, 88, 89, 90, 91, 92, 93, 94, 95, 96, 97, 98, 99]",31d1194fb413ed2761b5ddef50b1022342db1d86b1d5470915a068f242905581,True,c8f23d89d1a585d084a024de01f4d77880fc05c6d001212046f60efd9657c6c1,"[2, 3, 4, 5, 6, 7, 8, 9, 10, 11, 12, 13, 14, 15, 16, 17, 18, 19, 20, 21, 22, 23, 24, 25, 26, 27, 28, 29, 30, 31, 32, 33, 34, 35, 36, 37, 38, 39, 40, 41, 42, 43, 44, 45, 46, 47, 48, 49, 50, 51, 52, 53, 54, 55, 56, 57, 58, 59, 60, 61, 62, 63, 64, 65, 66, 67, 68, 69, 70, 71, 72, 73, 74, 75, 76, 77, 78, 79, 80, 81, 82, 83, 84, 85, 86, 87, 88, 89, 90, 91, 92, 93, 94, 95, 96, 97, 98, 99]",a16a443cc73168bcd294a1e86cf1ee7508f9cd348b4eaec41b81a3ba63994616,ec2a963cf2bb4237c7fe5fe2ea69e9892ecea444512e5ec556020aa5d918ef40,True,3217acc05aa6f806d658725024efd61a7d1dc41507c52a93346bda8681c3e300,True,299,1,29402,PASS,2,True
0.23361591700813733,credit_k10_seed10001,4e4f5b6646adb23a2b5efbb1f20b2cfb1bef6b893e4a06ff518e71136a1a7d35,True,2,True,2a9bf91f3b1a85c9c8877a4cd5861d8f34a4f35246d397f3a75ae1caa5e0f285,4e4f5b6646adb23a2b5efbb1f20b2cfb1bef6b893e4a06ff518e71136a1a7d35,True,"[5226, 23877]","[2, 3, 4, 5, 6, 7, 8, 9, 10, 11, 12, 13, 14, 15, 16, 17, 18, 19, 20, 21, 22, 23, 24, 25, 26, 27, 28, 29, 30, 31, 32, 33, 34, 35, 36, 37, 38, 39, 40, 41, 42, 43, 44, 45, 46, 47, 48, 49, 50, 51, 52, 53, 54, 55, 56, 57, 58, 59, 60, 61, 62, 63, 64, 65, 66, 67, 68, 69, 70, 71, 72, 73, 74, 75, 76, 77, 78, 79, 80, 81, 82, 83, 84, 85, 86, 87, 88, 89, 90, 91, 92, 93, 94, 95, 96, 97, 98, 99]",ec2a963cf2bb4237c7fe5fe2ea69e9892ecea444512e5ec556020aa5d918ef40,True,e946be093633921998b995cdb6cabe4913c7dd8fed0a8cb9ff959d8d6bd4fd68,"[3, 4, 5, 6, 7, 8, 9, 10, 11, 12, 13, 14, 15, 16, 17, 18, 19, 20, 21, 22, 23, 24, 25, 26, 27, 28, 29, 30, 31, 32, 33, 34, 35, 36, 37, 38, 39, 40, 41, 42, 43, 44, 45, 46, 47, 48, 49, 50, 51, 52, 53, 54, 55, 56, 57, 58, 59, 60, 61, 62, 63, 64, 65, 66, 67, 68, 69, 70, 71, 72, 73, 74, 75, 76, 77, 78, 79, 80, 81, 82, 83, 84, 85, 86, 87, 88, 89, 90, 91, 92, 93, 94, 95, 96, 97, 98, 99]",0d40bec3cd410cf67a8e4294fc622da90c4aedf3195851a53690733d415d59b1,2a9bf91f3b1a85c9c8877a4cd5861d8f34a4f35246d397f3a75ae1caa5e0f285,True,a16a443cc73168bcd294a1e86cf1ee7508f9cd348b4eaec41b81a3ba63994616,True,299,1,29103,PASS,3,True
0.238108541991096,credit_k10_seed10001,cd13bb23c81ec8614aa143680c5c7ea2ea25dc65ad1539621ef42385cecc417c,True,0,True,31d1194fb413ed2761b5ddef50b1022342db1d86b1d5470915a068f242905581,cd13bb23c81ec8614aa143680c5c7ea2ea25dc65ad1539621ef42385cecc417c,True,"[5332, 24369]","[0, 1, 2, 3, 4, 5, 6, 7, 8, 9, 10, 11, 12, 13, 14, 15, 16, 17, 18, 19, 20, 21, 22, 23, 24, 25, 26, 27, 28, 29, 30, 31, 32, 33, 34, 35, 36, 37, 38, 39, 40, 41, 42, 43, 44, 45, 46, 47, 48, 49, 50, 51, 52, 53, 54, 55, 56, 57, 58, 59, 60, 61, 62, 63, 64, 65, 66, 67, 68, 69, 70, 71, 72, 73, 74, 75, 76, 77, 78, 79, 80, 81, 82, 83, 84, 85, 86, 87, 88, 89, 90, 91, 92, 93, 94, 95, 96, 97, 98, 99]",692b0b4f5e13f16cdb18493737076c8cd4a970e194eb0099af8d4107494e674d,True,b13770ea0e590e59e4c16d88366cffd078117c328bb006157a979f957611ff05,"[1, 2, 3, 4, 5, 6, 7, 8, 9, 10, 11, 12, 13, 14, 15, 16, 17, 18, 19, 20, 21, 22, 23, 24, 25, 26, 27, 28, 29, 30, 31, 32, 33, 34, 35, 36, 37, 38, 39, 40, 41, 42, 43, 44, 45, 46, 47, 48, 49, 50, 51, 52, 53, 54, 55, 56, 57, 58, 59, 60, 61, 62, 63, 64, 65, 66, 67, 68, 69, 70, 71, 72, 73, 74, 75, 76, 77, 78, 79, 80, 81, 82, 83, 84, 85, 86, 87, 88, 89, 90, 91, 92, 93, 94, 95, 96, 97, 98, 99]",3217acc05aa6f806d658725024efd61a7d1dc41507c52a93346bda8681c3e300,31d1194fb413ed2761b5ddef50b1022342db1d86b1d5470915a068f242905581,True,,True,299,2,29701,PASS,1,True
0.23703170800581574,credit_k10_seed10001,c22109a6edea3ecb617f55c1ddeaedbaafb8efa0eee36219b0c632452b28ecb4,True,1,True,ec2a963cf2bb4237c7fe5fe2ea69e9892ecea444512e5ec556020aa5d918ef40,c22109a6edea3ecb617f55c1ddeaedbaafb8efa0eee36219b0c632452b28ecb4,True,"[5279, 24123]","[1, 2, 3, 4, 5, 6, 7, 8, 9, 10, 11, 12, 13, 14, 15, 16, 17, 18, 19, 20, 21, 22, 23, 24, 25, 26, 27, 28, 29, 30, 31, 32, 33, 34, 35, 36, 37, 38, 39, 40, 41, 42, 43, 44, 45, 46, 47, 48, 49, 50, 51, 52, 53, 54, 55, 56, 57, 58, 59, 60, 61, 62, 63, 64, 65, 66, 67, 68, 69, 70, 71, 72, 73, 74, 75, 76, 77, 78, 79, 80, 81, 82, 83, 84, 85, 86, 87, 88, 89, 90, 91, 92, 93, 94, 95, 96, 97, 98, 99]",31d1194fb413ed2761b5ddef50b1022342db1d86b1d5470915a068f242905581,True,c8f23d89d1a585d084a024de01f4d77880fc05c6d001212046f60efd9657c6c1,"[2, 3, 4, 5, 6, 7, 8, 9, 10, 11, 12, 13, 14, 15, 16, 17, 18, 19, 20, 21, 22, 23, 24, 25, 26, 27, 28, 29, 30, 31, 32, 33, 34, 35, 36, 37, 38, 39, 40, 41, 42, 43, 44, 45, 46, 47, 48, 49, 50, 51, 52, 53, 54, 55, 56, 57, 58, 59, 60, 61, 62, 63, 64, 65, 66, 67, 68, 69, 70, 71, 72, 73, 74, 75, 76, 77, 78, 79, 80, 81, 82, 83, 84, 85, 86, 87, 88, 89, 90, 91, 92, 93, 94, 95, 96, 97, 98, 99]",a16a443cc73168bcd294a1e86cf1ee7508f9cd348b4eaec41b81a3ba63994616,ec2a963cf2bb4237c7fe5fe2ea69e9892ecea444512e5ec556020aa5d918ef40,True,3217acc05aa6f806d658725024efd61a7d1dc41507c52a93346bda8681c3e300,True,299,2,29402,PASS,2,True
0.23318924999330193,credit_k10_seed10001,4e4f5b6646adb23a2b5efbb1f20b2cfb1bef6b893e4a06ff518e71136a1a7d35,True,2,True,2a9bf91f3b1a85c9c8877a4cd5861d8f34a4f35246d397f3a75ae1caa5e0f285,4e4f5b6646adb23a2b5efbb1f20b2cfb1bef6b893e4a06ff518e71136a1a7d35,True,"[5226, 23877]","[2, 3, 4, 5, 6, 7, 8, 9, 10, 11, 12, 13, 14, 15, 16, 17, 18, 19, 20, 21, 22, 23, 24, 25, 26, 27, 28, 29, 30, 31, 32, 33, 34, 35, 36, 37, 38, 39, 40, 41, 42, 43, 44, 45, 46, 47, 48, 49, 50, 51, 52, 53, 54, 55, 56, 57, 58, 59, 60, 61, 62, 63, 64, 65, 66, 67, 68, 69, 70, 71, 72, 73, 74, 75, 76, 77, 78, 79, 80, 81, 82, 83, 84, 85, 86, 87, 88, 89, 90, 91, 92, 93, 94, 95, 96, 97, 98, 99]",ec2a963cf2bb4237c7fe5fe2ea69e9892ecea444512e5ec556020aa5d918ef40,True,e946be093633921998b995cdb6cabe4913c7dd8fed0a8cb9ff959d8d6bd4fd68,"[3, 4, 5, 6, 7, 8, 9, 10, 11, 12, 13, 14, 15, 16, 17, 18, 19, 20, 21, 22, 23, 24, 25, 26, 27, 28, 29, 30, 31, 32, 33, 34, 35, 36, 37, 38, 39, 40, 41, 42, 43, 44, 45, 46, 47, 48, 49, 50, 51, 52, 53, 54, 55, 56, 57, 58, 59, 60, 61, 62, 63, 64, 65, 66, 67, 68, 69, 70, 71, 72, 73, 74, 75, 76, 77, 78, 79, 80, 81, 82, 83, 84, 85, 86, 87, 88, 89, 90, 91, 92, 93, 94, 95, 96, 97, 98, 99]",0d40bec3cd410cf67a8e4294fc622da90c4aedf3195851a53690733d415d59b1,2a9bf91f3b1a85c9c8877a4cd5861d8f34a4f35246d397f3a75ae1caa5e0f285,True,a16a443cc73168bcd294a1e86cf1ee7508f9cd348b4eaec41b81a3ba63994616,True,299,2,29103,PASS,3,True
0.23599370798910968,credit_k10_seed10002,5d5db7dbed9e1a2ff8fc9211fb76efe79488f2c247e8e99cf2df57fb350130c7,True,0,True,1e8c7c441be2f2892405247c44008216f175c9fc24dc28a2819789a6532b0e4d,5d5db7dbed9e1a2ff8fc9211fb76efe79488f2c247e8e99cf2df57fb350130c7,True,"[5332, 24369]","[0, 1, 2, 3, 4, 5, 6, 7, 8, 9, 10, 11, 12, 13, 14, 15, 16, 17, 18, 19, 20, 21, 22, 23, 24, 25, 26, 27, 28, 29, 30, 31, 32, 33, 34, 35, 36, 37, 38, 39, 40, 41, 42, 43, 44, 45, 46, 47, 48, 49, 50, 51, 52, 53, 54, 55, 56, 57, 58, 59, 60, 61, 62, 63, 64, 65, 66, 67, 68, 69, 70, 71, 72, 73, 74, 75, 76, 77, 78, 79, 80, 81, 82, 83, 84, 85, 86, 87, 88, 89, 90, 91, 92, 93, 94, 95, 96, 97, 98, 99]",ffe9dfecfebc7e00f2333d4a8089faad71720ad978f1b1e19312dd2336f16a78,True,60e90e18483b367b9ac82856d72105099a22bfc8c3850a102a6058c2d6968d86,"[1, 2, 3, 4, 5, 6, 7, 8, 9, 10, 11, 12, 13, 14, 15, 16, 17, 18, 19, 20, 21, 22, 23, 24, 25, 26, 27, 28, 29, 30, 31, 32, 33, 34, 35, 36, 37, 38, 39, 40, 41, 42, 43, 44, 45, 46, 47, 48, 49, 50, 51, 52, 53, 54, 55, 56, 57, 58, 59, 60, 61, 62, 63, 64, 65, 66, 67, 68, 69, 70, 71, 72, 73, 74, 75, 76, 77, 78, 79, 80, 81, 82, 83, 84, 85, 86, 87, 88, 89, 90, 91, 92, 93, 94, 95, 96, 97, 98, 99]",9d26ba9767066b1e522e2994d4b2dc9030f82537a34581a668b7c21e35792386,1e8c7c441be2f2892405247c44008216f175c9fc24dc28a2819789a6532b0e4d,True,,True,299,0,29701,PASS,1,True
0.23378174999379553,credit_k10_seed10002,2cf6be259cdd2a9626f0d847e7285b216448678c7198d9b6849ddff41fa25667,True,1,True,296f3c63c20ec957d36ba5a0cf701dfabcdebf18e53aaa138c653d8a87e0e7ac,2cf6be259cdd2a9626f0d847e7285b216448678c7198d9b6849ddff41fa25667,True,"[5279, 24123]","[1, 2, 3, 4, 5, 6, 7, 8, 9, 10, 11, 12, 13, 14, 15, 16, 17, 18, 19, 20, 21, 22, 23, 24, 25, 26, 27, 28, 29, 30, 31, 32, 33, 34, 35, 36, 37, 38, 39, 40, 41, 42, 43, 44, 45, 46, 47, 48, 49, 50, 51, 52, 53, 54, 55, 56, 57, 58, 59, 60, 61, 62, 63, 64, 65, 66, 67, 68, 69, 70, 71, 72, 73, 74, 75, 76, 77, 78, 79, 80, 81, 82, 83, 84, 85, 86, 87, 88, 89, 90, 91, 92, 93, 94, 95, 96, 97, 98, 99]",1e8c7c441be2f2892405247c44008216f175c9fc24dc28a2819789a6532b0e4d,True,9db50506dc02a608e759b32f6d2624fc6bf428b4db410cd17a4e23cc5ef99135,"[2, 3, 4, 5, 6, 7, 8, 9, 10, 11, 12, 13, 14, 15, 16, 17, 18, 19, 20, 21, 22, 23, 24, 25, 26, 27, 28, 29, 30, 31, 32, 33, 34, 35, 36, 37, 38, 39, 40, 41, 42, 43, 44, 45, 46, 47, 48, 49, 50, 51, 52, 53, 54, 55, 56, 57, 58, 59, 60, 61, 62, 63, 64, 65, 66, 67, 68, 69, 70, 71, 72, 73, 74, 75, 76, 77, 78, 79, 80, 81, 82, 83, 84, 85, 86, 87, 88, 89, 90, 91, 92, 93, 94, 95, 96, 97, 98, 99]",569c09dcdfdf7b549fe0590ee8ba16cacde76e8384bcf082efae60768886b864,296f3c63c20ec957d36ba5a0cf701dfabcdebf18e53aaa138c653d8a87e0e7ac,True,9d26ba9767066b1e522e2994d4b2dc9030f82537a34581a668b7c21e35792386,True,299,0,29402,PASS,2,True
0.23222729199915193,credit_k10_seed10002,7972fe5f8a160b9499efc5c206e19143f8119b7d877507e63c65b66667f9dcce,True,2,True,13dd2dedfe8c9d48fd1ad2972383a103d0c522bb094fa6ba402c7dc2ed21d8dc,7972fe5f8a160b9499efc5c206e19143f8119b7d877507e63c65b66667f9dcce,True,"[5226, 23877]","[2, 3, 4, 5, 6, 7, 8, 9, 10, 11, 12, 13, 14, 15, 16, 17, 18, 19, 20, 21, 22, 23, 24, 25, 26, 27, 28, 29, 30, 31, 32, 33, 34, 35, 36, 37, 38, 39, 40, 41, 42, 43, 44, 45, 46, 47, 48, 49, 50, 51, 52, 53, 54, 55, 56, 57, 58, 59, 60, 61, 62, 63, 64, 65, 66, 67, 68, 69, 70, 71, 72, 73, 74, 75, 76, 77, 78, 79, 80, 81, 82, 83, 84, 85, 86, 87, 88, 89, 90, 91, 92, 93, 94, 95, 96, 97, 98, 99]",296f3c63c20ec957d36ba5a0cf701dfabcdebf18e53aaa138c653d8a87e0e7ac,True,bfffd56f640993daa6132f06ac89e7d18c0d2c709dc9d936e32869e4b94ae7bf,"[3, 4, 5, 6, 7, 8, 9, 10, 11, 12, 13, 14, 15, 16, 17, 18, 19, 20, 21, 22, 23, 24, 25, 26, 27, 28, 29, 30, 31, 32, 33, 34, 35, 36, 37, 38, 39, 40, 41, 42, 43, 44, 45, 46, 47, 48, 49, 50, 51, 52, 53, 54, 55, 56, 57, 58, 59, 60, 61, 62, 63, 64, 65, 66, 67, 68, 69, 70, 71, 72, 73, 74, 75, 76, 77, 78, 79, 80, 81, 82, 83, 84, 85, 86, 87, 88, 89, 90, 91, 92, 93, 94, 95, 96, 97, 98, 99]",90858087555ca13a8fbd4a22ab51bbbe1c3ebfaf238b54407d48a4fa4fc93820,13dd2dedfe8c9d48fd1ad2972383a103d0c522bb094fa6ba402c7dc2ed21d8dc,True,569c09dcdfdf7b549fe0590ee8ba16cacde76e8384bcf082efae60768886b864,True,299,0,29103,PASS,3,True
0.23822091601323336,credit_k10_seed10002,5d5db7dbed9e1a2ff8fc9211fb76efe79488f2c247e8e99cf2df57fb350130c7,True,0,True,1e8c7c441be2f2892405247c44008216f175c9fc24dc28a2819789a6532b0e4d,5d5db7dbed9e1a2ff8fc9211fb76efe79488f2c247e8e99cf2df57fb350130c7,True,"[5332, 24369]","[0, 1, 2, 3, 4, 5, 6, 7, 8, 9, 10, 11, 12, 13, 14, 15, 16, 17, 18, 19, 20, 21, 22, 23, 24, 25, 26, 27, 28, 29, 30, 31, 32, 33, 34, 35, 36, 37, 38, 39, 40, 41, 42, 43, 44, 45, 46, 47, 48, 49, 50, 51, 52, 53, 54, 55, 56, 57, 58, 59, 60, 61, 62, 63, 64, 65, 66, 67, 68, 69, 70, 71, 72, 73, 74, 75, 76, 77, 78, 79, 80, 81, 82, 83, 84, 85, 86, 87, 88, 89, 90, 91, 92, 93, 94, 95, 96, 97, 98, 99]",ffe9dfecfebc7e00f2333d4a8089faad71720ad978f1b1e19312dd2336f16a78,True,60e90e18483b367b9ac82856d72105099a22bfc8c3850a102a6058c2d6968d86,"[1, 2, 3, 4, 5, 6, 7, 8, 9, 10, 11, 12, 13, 14, 15, 16, 17, 18, 19, 20, 21, 22, 23, 24, 25, 26, 27, 28, 29, 30, 31, 32, 33, 34, 35, 36, 37, 38, 39, 40, 41, 42, 43, 44, 45, 46, 47, 48, 49, 50, 51, 52, 53, 54, 55, 56, 57, 58, 59, 60, 61, 62, 63, 64, 65, 66, 67, 68, 69, 70, 71, 72, 73, 74, 75, 76, 77, 78, 79, 80, 81, 82, 83, 84, 85, 86, 87, 88, 89, 90, 91, 92, 93, 94, 95, 96, 97, 98, 99]",9d26ba9767066b1e522e2994d4b2dc9030f82537a34581a668b7c21e35792386,1e8c7c441be2f2892405247c44008216f175c9fc24dc28a2819789a6532b0e4d,True,,True,299,1,29701,PASS,1,True
0.23491641602595337,credit_k10_seed10002,2cf6be259cdd2a9626f0d847e7285b216448678c7198d9b6849ddff41fa25667,True,1,True,296f3c63c20ec957d36ba5a0cf701dfabcdebf18e53aaa138c653d8a87e0e7ac,2cf6be259cdd2a9626f0d847e7285b216448678c7198d9b6849ddff41fa25667,True,"[5279, 24123]","[1, 2, 3, 4, 5, 6, 7, 8, 9, 10, 11, 12, 13, 14, 15, 16, 17, 18, 19, 20, 21, 22, 23, 24, 25, 26, 27, 28, 29, 30, 31, 32, 33, 34, 35, 36, 37, 38, 39, 40, 41, 42, 43, 44, 45, 46, 47, 48, 49, 50, 51, 52, 53, 54, 55, 56, 57, 58, 59, 60, 61, 62, 63, 64, 65, 66, 67, 68, 69, 70, 71, 72, 73, 74, 75, 76, 77, 78, 79, 80, 81, 82, 83, 84, 85, 86, 87, 88, 89, 90, 91, 92, 93, 94, 95, 96, 97, 98, 99]",1e8c7c441be2f2892405247c44008216f175c9fc24dc28a2819789a6532b0e4d,True,9db50506dc02a608e759b32f6d2624fc6bf428b4db410cd17a4e23cc5ef99135,"[2, 3, 4, 5, 6, 7, 8, 9, 10, 11, 12, 13, 14, 15, 16, 17, 18, 19, 20, 21, 22, 23, 24, 25, 26, 27, 28, 29, 30, 31, 32, 33, 34, 35, 36, 37, 38, 39, 40, 41, 42, 43, 44, 45, 46, 47, 48, 49, 50, 51, 52, 53, 54, 55, 56, 57, 58, 59, 60, 61, 62, 63, 64, 65, 66, 67, 68, 69, 70, 71, 72, 73, 74, 75, 76, 77, 78, 79, 80, 81, 82, 83, 84, 85, 86, 87, 88, 89, 90, 91, 92, 93, 94, 95, 96, 97, 98, 99]",569c09dcdfdf7b549fe0590ee8ba16cacde76e8384bcf082efae60768886b864,296f3c63c20ec957d36ba5a0cf701dfabcdebf18e53aaa138c653d8a87e0e7ac,True,9d26ba9767066b1e522e2994d4b2dc9030f82537a34581a668b7c21e35792386,True,299,1,29402,PASS,2,True
0.2331318330252543,credit_k10_seed10002,7972fe5f8a160b9499efc5c206e19143f8119b7d877507e63c65b66667f9dcce,True,2,True,13dd2dedfe8c9d48fd1ad2972383a103d0c522bb094fa6ba402c7dc2ed21d8dc,7972fe5f8a160b9499efc5c206e19143f8119b7d877507e63c65b66667f9dcce,True,"[5226, 23877]","[2, 3, 4, 5, 6, 7, 8, 9, 10, 11, 12, 13, 14, 15, 16, 17, 18, 19, 20, 21, 22, 23, 24, 25, 26, 27, 28, 29, 30, 31, 32, 33, 34, 35, 36, 37, 38, 39, 40, 41, 42, 43, 44, 45, 46, 47, 48, 49, 50, 51, 52, 53, 54, 55, 56, 57, 58, 59, 60, 61, 62, 63, 64, 65, 66, 67, 68, 69, 70, 71, 72, 73, 74, 75, 76, 77, 78, 79, 80, 81, 82, 83, 84, 85, 86, 87, 88, 89, 90, 91, 92, 93, 94, 95, 96, 97, 98, 99]",296f3c63c20ec957d36ba5a0cf701dfabcdebf18e53aaa138c653d8a87e0e7ac,True,bfffd56f640993daa6132f06ac89e7d18c0d2c709dc9d936e32869e4b94ae7bf,"[3, 4, 5, 6, 7, 8, 9, 10, 11, 12, 13, 14, 15, 16, 17, 18, 19, 20, 21, 22, 23, 24, 25, 26, 27, 28, 29, 30, 31, 32, 33, 34, 35, 36, 37, 38, 39, 40, 41, 42, 43, 44, 45, 46, 47, 48, 49, 50, 51, 52, 53, 54, 55, 56, 57, 58, 59, 60, 61, 62, 63, 64, 65, 66, 67, 68, 69, 70, 71, 72, 73, 74, 75, 76, 77, 78, 79, 80, 81, 82, 83, 84, 85, 86, 87, 88, 89, 90, 91, 92, 93, 94, 95, 96, 97, 98, 99]",90858087555ca13a8fbd4a22ab51bbbe1c3ebfaf238b54407d48a4fa4fc93820,13dd2dedfe8c9d48fd1ad2972383a103d0c522bb094fa6ba402c7dc2ed21d8dc,True,569c09dcdfdf7b549fe0590ee8ba16cacde76e8384bcf082efae60768886b864,True,299,1,29103,PASS,3,True
0.23742720900918357,credit_k10_seed10002,5d5db7dbed9e1a2ff8fc9211fb76efe79488f2c247e8e99cf2df57fb350130c7,True,0,True,1e8c7c441be2f2892405247c44008216f175c9fc24dc28a2819789a6532b0e4d,5d5db7dbed9e1a2ff8fc9211fb76efe79488f2c247e8e99cf2df57fb350130c7,True,"[5332, 24369]","[0, 1, 2, 3, 4, 5, 6, 7, 8, 9, 10, 11, 12, 13, 14, 15, 16, 17, 18, 19, 20, 21, 22, 23, 24, 25, 26, 27, 28, 29, 30, 31, 32, 33, 34, 35, 36, 37, 38, 39, 40, 41, 42, 43, 44, 45, 46, 47, 48, 49, 50, 51, 52, 53, 54, 55, 56, 57, 58, 59, 60, 61, 62, 63, 64, 65, 66, 67, 68, 69, 70, 71, 72, 73, 74, 75, 76, 77, 78, 79, 80, 81, 82, 83, 84, 85, 86, 87, 88, 89, 90, 91, 92, 93, 94, 95, 96, 97, 98, 99]",ffe9dfecfebc7e00f2333d4a8089faad71720ad978f1b1e19312dd2336f16a78,True,60e90e18483b367b9ac82856d72105099a22bfc8c3850a102a6058c2d6968d86,"[1, 2, 3, 4, 5, 6, 7, 8, 9, 10, 11, 12, 13, 14, 15, 16, 17, 18, 19, 20, 21, 22, 23, 24, 25, 26, 27, 28, 29, 30, 31, 32, 33, 34, 35, 36, 37, 38, 39, 40, 41, 42, 43, 44, 45, 46, 47, 48, 49, 50, 51, 52, 53, 54, 55, 56, 57, 58, 59, 60, 61, 62, 63, 64, 65, 66, 67, 68, 69, 70, 71, 72, 73, 74, 75, 76, 77, 78, 79, 80, 81, 82, 83, 84, 85, 86, 87, 88, 89, 90, 91, 92, 93, 94, 95, 96, 97, 98, 99]",9d26ba9767066b1e522e2994d4b2dc9030f82537a34581a668b7c21e35792386,1e8c7c441be2f2892405247c44008216f175c9fc24dc28a2819789a6532b0e4d,True,,True,299,2,29701,PASS,1,True
0.235195291985292,credit_k10_seed10002,2cf6be259cdd2a9626f0d847e7285b216448678c7198d9b6849ddff41fa25667,True,1,True,296f3c63c20ec957d36ba5a0cf701dfabcdebf18e53aaa138c653d8a87e0e7ac,2cf6be259cdd2a9626f0d847e7285b216448678c7198d9b6849ddff41fa25667,True,"[5279, 24123]","[1, 2, 3, 4, 5, 6, 7, 8, 9, 10, 11, 12, 13, 14, 15, 16, 17, 18, 19, 20, 21, 22, 23, 24, 25, 26, 27, 28, 29, 30, 31, 32, 33, 34, 35, 36, 37, 38, 39, 40, 41, 42, 43, 44, 45, 46, 47, 48, 49, 50, 51, 52, 53, 54, 55, 56, 57, 58, 59, 60, 61, 62, 63, 64, 65, 66, 67, 68, 69, 70, 71, 72, 73, 74, 75, 76, 77, 78, 79, 80, 81, 82, 83, 84, 85, 86, 87, 88, 89, 90, 91, 92, 93, 94, 95, 96, 97, 98, 99]",1e8c7c441be2f2892405247c44008216f175c9fc24dc28a2819789a6532b0e4d,True,9db50506dc02a608e759b32f6d2624fc6bf428b4db410cd17a4e23cc5ef99135,"[2, 3, 4, 5, 6, 7, 8, 9, 10, 11, 12, 13, 14, 15, 16, 17, 18, 19, 20, 21, 22, 23, 24, 25, 26, 27, 28, 29, 30, 31, 32, 33, 34, 35, 36, 37, 38, 39, 40, 41, 42, 43, 44, 45, 46, 47, 48, 49, 50, 51, 52, 53, 54, 55, 56, 57, 58, 59, 60, 61, 62, 63, 64, 65, 66, 67, 68, 69, 70, 71, 72, 73, 74, 75, 76, 77, 78, 79, 80, 81, 82, 83, 84, 85, 86, 87, 88, 89, 90, 91, 92, 93, 94, 95, 96, 97, 98, 99]",569c09dcdfdf7b549fe0590ee8ba16cacde76e8384bcf082efae60768886b864,296f3c63c20ec957d36ba5a0cf701dfabcdebf18e53aaa138c653d8a87e0e7ac,True,9d26ba9767066b1e522e2994d4b2dc9030f82537a34581a668b7c21e35792386,True,299,2,29402,PASS,2,True
0.2326218329835683,credit_k10_seed10002,7972fe5f8a160b9499efc5c206e19143f8119b7d877507e63c65b66667f9dcce,True,2,True,13dd2dedfe8c9d48fd1ad2972383a103d0c522bb094fa6ba402c7dc2ed21d8dc,7972fe5f8a160b9499efc5c206e19143f8119b7d877507e63c65b66667f9dcce,True,"[5226, 23877]","[2, 3, 4, 5, 6, 7, 8, 9, 10, 11, 12, 13, 14, 15, 16, 17, 18, 19, 20, 21, 22, 23, 24, 25, 26, 27, 28, 29, 30, 31, 32, 33, 34, 35, 36, 37, 38, 39, 40, 41, 42, 43, 44, 45, 46, 47, 48, 49, 50, 51, 52, 53, 54, 55, 56, 57, 58, 59, 60, 61, 62, 63, 64, 65, 66, 67, 68, 69, 70, 71, 72, 73, 74, 75, 76, 77, 78, 79, 80, 81, 82, 83, 84, 85, 86, 87, 88, 89, 90, 91, 92, 93, 94, 95, 96, 97, 98, 99]",296f3c63c20ec957d36ba5a0cf701dfabcdebf18e53aaa138c653d8a87e0e7ac,True,bfffd56f640993daa6132f06ac89e7d18c0d2c709dc9d936e32869e4b94ae7bf,"[3, 4, 5, 6, 7, 8, 9, 10, 11, 12, 13, 14, 15, 16, 17, 18, 19, 20, 21, 22, 23, 24, 25, 26, 27, 28, 29, 30, 31, 32, 33, 34, 35, 36, 37, 38, 39, 40, 41, 42, 43, 44, 45, 46, 47, 48, 49, 50, 51, 52, 53, 54, 55, 56, 57, 58, 59, 60, 61, 62, 63, 64, 65, 66, 67, 68, 69, 70, 71, 72, 73, 74, 75, 76, 77, 78, 79, 80, 81, 82, 83, 84, 85, 86, 87, 88, 89, 90, 91, 92, 93, 94, 95, 96, 97, 98, 99]",90858087555ca13a8fbd4a22ab51bbbe1c3ebfaf238b54407d48a4fa4fc93820,13dd2dedfe8c9d48fd1ad2972383a103d0c522bb094fa6ba402c7dc2ed21d8dc,True,569c09dcdfdf7b549fe0590ee8ba16cacde76e8384bcf082efae60768886b864,True,299,2,29103,PASS,3,True
0.23526787501759827,credit_k10_seed10003,c15489f7a05321ae5f3a110762f3bddb2c7ee86a34c61c9ca5d95d3faef56be4,True,0,True,c45a379e4bdcb0b65425d1984605310c34680a4d717dac63a381f37443cb06c4,c15489f7a05321ae5f3a110762f3bddb2c7ee86a34c61c9ca5d95d3faef56be4,True,"[5332, 24369]","[0, 1, 2, 3, 4, 5, 6, 7, 8, 9, 10, 11, 12, 13, 14, 15, 16, 17, 18, 19, 20, 21, 22, 23, 24, 25, 26, 27, 28, 29, 30, 31, 32, 33, 34, 35, 36, 37, 38, 39, 40, 41, 42, 43, 44, 45, 46, 47, 48, 49, 50, 51, 52, 53, 54, 55, 56, 57, 58, 59, 60, 61, 62, 63, 64, 65, 66, 67, 68, 69, 70, 71, 72, 73, 74, 75, 76, 77, 78, 79, 80, 81, 82, 83, 84, 85, 86, 87, 88, 89, 90, 91, 92, 93, 94, 95, 96, 97, 98, 99]",9680905037ab21e80fc73e0bf164365623cb82c43f9264fa1e0bec41ca23b79b,True,9181ca940a6a143fe7b51aa7da8e06b5d2a0ecbaf7aa2f97dc51a792b3f6ef27,"[1, 2, 3, 4, 5, 6, 7, 8, 9, 10, 11, 12, 13, 14, 15, 16, 17, 18, 19, 20, 21, 22, 23, 24, 25, 26, 27, 28, 29, 30, 31, 32, 33, 34, 35, 36, 37, 38, 39, 40, 41, 42, 43, 44, 45, 46, 47, 48, 49, 50, 51, 52, 53, 54, 55, 56, 57, 58, 59, 60, 61, 62, 63, 64, 65, 66, 67, 68, 69, 70, 71, 72, 73, 74, 75, 76, 77, 78, 79, 80, 81, 82, 83, 84, 85, 86, 87, 88, 89, 90, 91, 92, 93, 94, 95, 96, 97, 98, 99]",085f40df835887ca24903b4e524725493489d3362927e0be7728574f6f189e17,c45a379e4bdcb0b65425d1984605310c34680a4d717dac63a381f37443cb06c4,True,,True,299,0,29701,PASS,1,True
0.23444420800660737,credit_k10_seed10003,591cc3e904cc5d441e828156229856767ee8d769b1cb0752b9cbee91fad4e9e2,True,1,True,a7f6ee19327fb2a2482a31fe77ea19dccc5eab42494d995e819b731aa4b42431,591cc3e904cc5d441e828156229856767ee8d769b1cb0752b9cbee91fad4e9e2,True,"[5279, 24123]","[1, 2, 3, 4, 5, 6, 7, 8, 9, 10, 11, 12, 13, 14, 15, 16, 17, 18, 19, 20, 21, 22, 23, 24, 25, 26, 27, 28, 29, 30, 31, 32, 33, 34, 35, 36, 37, 38, 39, 40, 41, 42, 43, 44, 45, 46, 47, 48, 49, 50, 51, 52, 53, 54, 55, 56, 57, 58, 59, 60, 61, 62, 63, 64, 65, 66, 67, 68, 69, 70, 71, 72, 73, 74, 75, 76, 77, 78, 79, 80, 81, 82, 83, 84, 85, 86, 87, 88, 89, 90, 91, 92, 93, 94, 95, 96, 97, 98, 99]",c45a379e4bdcb0b65425d1984605310c34680a4d717dac63a381f37443cb06c4,True,1da51f145acee317422db76f705500e4fda38f05f88721df12672007518e46b0,"[2, 3, 4, 5, 6, 7, 8, 9, 10, 11, 12, 13, 14, 15, 16, 17, 18, 19, 20, 21, 22, 23, 24, 25, 26, 27, 28, 29, 30, 31, 32, 33, 34, 35, 36, 37, 38, 39, 40, 41, 42, 43, 44, 45, 46, 47, 48, 49, 50, 51, 52, 53, 54, 55, 56, 57, 58, 59, 60, 61, 62, 63, 64, 65, 66, 67, 68, 69, 70, 71, 72, 73, 74, 75, 76, 77, 78, 79, 80, 81, 82, 83, 84, 85, 86, 87, 88, 89, 90, 91, 92, 93, 94, 95, 96, 97, 98, 99]",a40efe7d0b7c13f2eeee8945d3204d91beb34dc06dd9268444fc8b76bc09b5e5,a7f6ee19327fb2a2482a31fe77ea19dccc5eab42494d995e819b731aa4b42431,True,085f40df835887ca24903b4e524725493489d3362927e0be7728574f6f189e17,True,299,0,29402,PASS,2,True
0.23246183301671408,credit_k10_seed10003,8a842401b70d2be9314e60073215fe92c965f892b077902384cc31f0190e6211,True,2,True,3a12cfd874cf0cc4d8aedb80d0065af6a72b847d242e567a5feb2fceeb251839,8a842401b70d2be9314e60073215fe92c965f892b077902384cc31f0190e6211,True,"[5226, 23877]","[2, 3, 4, 5, 6, 7, 8, 9, 10, 11, 12, 13, 14, 15, 16, 17, 18, 19, 20, 21, 22, 23, 24, 25, 26, 27, 28, 29, 30, 31, 32, 33, 34, 35, 36, 37, 38, 39, 40, 41, 42, 43, 44, 45, 46, 47, 48, 49, 50, 51, 52, 53, 54, 55, 56, 57, 58, 59, 60, 61, 62, 63, 64, 65, 66, 67, 68, 69, 70, 71, 72, 73, 74, 75, 76, 77, 78, 79, 80, 81, 82, 83, 84, 85, 86, 87, 88, 89, 90, 91, 92, 93, 94, 95, 96, 97, 98, 99]",a7f6ee19327fb2a2482a31fe77ea19dccc5eab42494d995e819b731aa4b42431,True,5e2b3e16dda6f80d6a64c67ad31ace0966d9f383d47b47115791acb5ed9a792e,"[3, 4, 5, 6, 7, 8, 9, 10, 11, 12, 13, 14, 15, 16, 17, 18, 19, 20, 21, 22, 23, 24, 25, 26, 27, 28, 29, 30, 31, 32, 33, 34, 35, 36, 37, 38, 39, 40, 41, 42, 43, 44, 45, 46, 47, 48, 49, 50, 51, 52, 53, 54, 55, 56, 57, 58, 59, 60, 61, 62, 63, 64, 65, 66, 67, 68, 69, 70, 71, 72, 73, 74, 75, 76, 77, 78, 79, 80, 81, 82, 83, 84, 85, 86, 87, 88, 89, 90, 91, 92, 93, 94, 95, 96, 97, 98, 99]",2c9a7147d70b012af517f02ec76a96a6328022fe9aa8c62996f6733cb31e9f6a,3a12cfd874cf0cc4d8aedb80d0065af6a72b847d242e567a5feb2fceeb251839,True,a40efe7d0b7c13f2eeee8945d3204d91beb34dc06dd9268444fc8b76bc09b5e5,True,299,0,29103,PASS,3,True
0.2389823329867795,credit_k10_seed10003,c15489f7a05321ae5f3a110762f3bddb2c7ee86a34c61c9ca5d95d3faef56be4,True,0,True,c45a379e4bdcb0b65425d1984605310c34680a4d717dac63a381f37443cb06c4,c15489f7a05321ae5f3a110762f3bddb2c7ee86a34c61c9ca5d95d3faef56be4,True,"[5332, 24369]","[0, 1, 2, 3, 4, 5, 6, 7, 8, 9, 10, 11, 12, 13, 14, 15, 16, 17, 18, 19, 20, 21, 22, 23, 24, 25, 26, 27, 28, 29, 30, 31, 32, 33, 34, 35, 36, 37, 38, 39, 40, 41, 42, 43, 44, 45, 46, 47, 48, 49, 50, 51, 52, 53, 54, 55, 56, 57, 58, 59, 60, 61, 62, 63, 64, 65, 66, 67, 68, 69, 70, 71, 72, 73, 74, 75, 76, 77, 78, 79, 80, 81, 82, 83, 84, 85, 86, 87, 88, 89, 90, 91, 92, 93, 94, 95, 96, 97, 98, 99]",9680905037ab21e80fc73e0bf164365623cb82c43f9264fa1e0bec41ca23b79b,True,9181ca940a6a143fe7b51aa7da8e06b5d2a0ecbaf7aa2f97dc51a792b3f6ef27,"[1, 2, 3, 4, 5, 6, 7, 8, 9, 10, 11, 12, 13, 14, 15, 16, 17, 18, 19, 20, 21, 22, 23, 24, 25, 26, 27, 28, 29, 30, 31, 32, 33, 34, 35, 36, 37, 38, 39, 40, 41, 42, 43, 44, 45, 46, 47, 48, 49, 50, 51, 52, 53, 54, 55, 56, 57, 58, 59, 60, 61, 62, 63, 64, 65, 66, 67, 68, 69, 70, 71, 72, 73, 74, 75, 76, 77, 78, 79, 80, 81, 82, 83, 84, 85, 86, 87, 88, 89, 90, 91, 92, 93, 94, 95, 96, 97, 98, 99]",085f40df835887ca24903b4e524725493489d3362927e0be7728574f6f189e17,c45a379e4bdcb0b65425d1984605310c34680a4d717dac63a381f37443cb06c4,True,,True,299,1,29701,PASS,1,True
0.23516833400935866,credit_k10_seed10003,591cc3e904cc5d441e828156229856767ee8d769b1cb0752b9cbee91fad4e9e2,True,1,True,a7f6ee19327fb2a2482a31fe77ea19dccc5eab42494d995e819b731aa4b42431,591cc3e904cc5d441e828156229856767ee8d769b1cb0752b9cbee91fad4e9e2,True,"[5279, 24123]","[1, 2, 3, 4, 5, 6, 7, 8, 9, 10, 11, 12, 13, 14, 15, 16, 17, 18, 19, 20, 21, 22, 23, 24, 25, 26, 27, 28, 29, 30, 31, 32, 33, 34, 35, 36, 37, 38, 39, 40, 41, 42, 43, 44, 45, 46, 47, 48, 49, 50, 51, 52, 53, 54, 55, 56, 57, 58, 59, 60, 61, 62, 63, 64, 65, 66, 67, 68, 69, 70, 71, 72, 73, 74, 75, 76, 77, 78, 79, 80, 81, 82, 83, 84, 85, 86, 87, 88, 89, 90, 91, 92, 93, 94, 95, 96, 97, 98, 99]",c45a379e4bdcb0b65425d1984605310c34680a4d717dac63a381f37443cb06c4,True,1da51f145acee317422db76f705500e4fda38f05f88721df12672007518e46b0,"[2, 3, 4, 5, 6, 7, 8, 9, 10, 11, 12, 13, 14, 15, 16, 17, 18, 19, 20, 21, 22, 23, 24, 25, 26, 27, 28, 29, 30, 31, 32, 33, 34, 35, 36, 37, 38, 39, 40, 41, 42, 43, 44, 45, 46, 47, 48, 49, 50, 51, 52, 53, 54, 55, 56, 57, 58, 59, 60, 61, 62, 63, 64, 65, 66, 67, 68, 69, 70, 71, 72, 73, 74, 75, 76, 77, 78, 79, 80, 81, 82, 83, 84, 85, 86, 87, 88, 89, 90, 91, 92, 93, 94, 95, 96, 97, 98, 99]",a40efe7d0b7c13f2eeee8945d3204d91beb34dc06dd9268444fc8b76bc09b5e5,a7f6ee19327fb2a2482a31fe77ea19dccc5eab42494d995e819b731aa4b42431,True,085f40df835887ca24903b4e524725493489d3362927e0be7728574f6f189e17,True,299,1,29402,PASS,2,True
0.2318664169870317,credit_k10_seed10003,8a842401b70d2be9314e60073215fe92c965f892b077902384cc31f0190e6211,True,2,True,3a12cfd874cf0cc4d8aedb80d0065af6a72b847d242e567a5feb2fceeb251839,8a842401b70d2be9314e60073215fe92c965f892b077902384cc31f0190e6211,True,"[5226, 23877]","[2, 3, 4, 5, 6, 7, 8, 9, 10, 11, 12, 13, 14, 15, 16, 17, 18, 19, 20, 21, 22, 23, 24, 25, 26, 27, 28, 29, 30, 31, 32, 33, 34, 35, 36, 37, 38, 39, 40, 41, 42, 43, 44, 45, 46, 47, 48, 49, 50, 51, 52, 53, 54, 55, 56, 57, 58, 59, 60, 61, 62, 63, 64, 65, 66, 67, 68, 69, 70, 71, 72, 73, 74, 75, 76, 77, 78, 79, 80, 81, 82, 83, 84, 85, 86, 87, 88, 89, 90, 91, 92, 93, 94, 95, 96, 97, 98, 99]",a7f6ee19327fb2a2482a31fe77ea19dccc5eab42494d995e819b731aa4b42431,True,5e2b3e16dda6f80d6a64c67ad31ace0966d9f383d47b47115791acb5ed9a792e,"[3, 4, 5, 6, 7, 8, 9, 10, 11, 12, 13, 14, 15, 16, 17, 18, 19, 20, 21, 22, 23, 24, 25, 26, 27, 28, 29, 30, 31, 32, 33, 34, 35, 36, 37, 38, 39, 40, 41, 42, 43, 44, 45, 46, 47, 48, 49, 50, 51, 52, 53, 54, 55, 56, 57, 58, 59, 60, 61, 62, 63, 64, 65, 66, 67, 68, 69, 70, 71, 72, 73, 74, 75, 76, 77, 78, 79, 80, 81, 82, 83, 84, 85, 86, 87, 88, 89, 90, 91, 92, 93, 94, 95, 96, 97, 98, 99]",2c9a7147d70b012af517f02ec76a96a6328022fe9aa8c62996f6733cb31e9f6a,3a12cfd874cf0cc4d8aedb80d0065af6a72b847d242e567a5feb2fceeb251839,True,a40efe7d0b7c13f2eeee8945d3204d91beb34dc06dd9268444fc8b76bc09b5e5,True,299,1,29103,PASS,3,True
0.23946787498425692,credit_k10_seed10003,c15489f7a05321ae5f3a110762f3bddb2c7ee86a34c61c9ca5d95d3faef56be4,True,0,True,c45a379e4bdcb0b65425d1984605310c34680a4d717dac63a381f37443cb06c4,c15489f7a05321ae5f3a110762f3bddb2c7ee86a34c61c9ca5d95d3faef56be4,True,"[5332, 24369]","[0, 1, 2, 3, 4, 5, 6, 7, 8, 9, 10, 11, 12, 13, 14, 15, 16, 17, 18, 19, 20, 21, 22, 23, 24, 25, 26, 27, 28, 29, 30, 31, 32, 33, 34, 35, 36, 37, 38, 39, 40, 41, 42, 43, 44, 45, 46, 47, 48, 49, 50, 51, 52, 53, 54, 55, 56, 57, 58, 59, 60, 61, 62, 63, 64, 65, 66, 67, 68, 69, 70, 71, 72, 73, 74, 75, 76, 77, 78, 79, 80, 81, 82, 83, 84, 85, 86, 87, 88, 89, 90, 91, 92, 93, 94, 95, 96, 97, 98, 99]",9680905037ab21e80fc73e0bf164365623cb82c43f9264fa1e0bec41ca23b79b,True,9181ca940a6a143fe7b51aa7da8e06b5d2a0ecbaf7aa2f97dc51a792b3f6ef27,"[1, 2, 3, 4, 5, 6, 7, 8, 9, 10, 11, 12, 13, 14, 15, 16, 17, 18, 19, 20, 21, 22, 23, 24, 25, 26, 27, 28, 29, 30, 31, 32, 33, 34, 35, 36, 37, 38, 39, 40, 41, 42, 43, 44, 45, 46, 47, 48, 49, 50, 51, 52, 53, 54, 55, 56, 57, 58, 59, 60, 61, 62, 63, 64, 65, 66, 67, 68, 69, 70, 71, 72, 73, 74, 75, 76, 77, 78, 79, 80, 81, 82, 83, 84, 85, 86, 87, 88, 89, 90, 91, 92, 93, 94, 95, 96, 97, 98, 99]",085f40df835887ca24903b4e524725493489d3362927e0be7728574f6f189e17,c45a379e4bdcb0b65425d1984605310c34680a4d717dac63a381f37443cb06c4,True,,True,299,2,29701,PASS,1,True
0.23513474999344908,credit_k10_seed10003,591cc3e904cc5d441e828156229856767ee8d769b1cb0752b9cbee91fad4e9e2,True,1,True,a7f6ee19327fb2a2482a31fe77ea19dccc5eab42494d995e819b731aa4b42431,591cc3e904cc5d441e828156229856767ee8d769b1cb0752b9cbee91fad4e9e2,True,"[5279, 24123]","[1, 2, 3, 4, 5, 6, 7, 8, 9, 10, 11, 12, 13, 14, 15, 16, 17, 18, 19, 20, 21, 22, 23, 24, 25, 26, 27, 28, 29, 30, 31, 32, 33, 34, 35, 36, 37, 38, 39, 40, 41, 42, 43, 44, 45, 46, 47, 48, 49, 50, 51, 52, 53, 54, 55, 56, 57, 58, 59, 60, 61, 62, 63, 64, 65, 66, 67, 68, 69, 70, 71, 72, 73, 74, 75, 76, 77, 78, 79, 80, 81, 82, 83, 84, 85, 86, 87, 88, 89, 90, 91, 92, 93, 94, 95, 96, 97, 98, 99]",c45a379e4bdcb0b65425d1984605310c34680a4d717dac63a381f37443cb06c4,True,1da51f145acee317422db76f705500e4fda38f05f88721df12672007518e46b0,"[2, 3, 4, 5, 6, 7, 8, 9, 10, 11, 12, 13, 14, 15, 16, 17, 18, 19, 20, 21, 22, 23, 24, 25, 26, 27, 28, 29, 30, 31, 32, 33, 34, 35, 36, 37, 38, 39, 40, 41, 42, 43, 44, 45, 46, 47, 48, 49, 50, 51, 52, 53, 54, 55, 56, 57, 58, 59, 60, 61, 62, 63, 64, 65, 66, 67, 68, 69, 70, 71, 72, 73, 74, 75, 76, 77, 78, 79, 80, 81, 82, 83, 84, 85, 86, 87, 88, 89, 90, 91, 92, 93, 94, 95, 96, 97, 98, 99]",a40efe7d0b7c13f2eeee8945d3204d91beb34dc06dd9268444fc8b76bc09b5e5,a7f6ee19327fb2a2482a31fe77ea19dccc5eab42494d995e819b731aa4b42431,True,085f40df835887ca24903b4e524725493489d3362927e0be7728574f6f189e17,True,299,2,29402,PASS,2,True
0.23279262500000186,credit_k10_seed10003,8a842401b70d2be9314e60073215fe92c965f892b077902384cc31f0190e6211,True,2,True,3a12cfd874cf0cc4d8aedb80d0065af6a72b847d242e567a5feb2fceeb251839,8a842401b70d2be9314e60073215fe92c965f892b077902384cc31f0190e6211,True,"[5226, 23877]","[2, 3, 4, 5, 6, 7, 8, 9, 10, 11, 12, 13, 14, 15, 16, 17, 18, 19, 20, 21, 22, 23, 24, 25, 26, 27, 28, 29, 30, 31, 32, 33, 34, 35, 36, 37, 38, 39, 40, 41, 42, 43, 44, 45, 46, 47, 48, 49, 50, 51, 52, 53, 54, 55, 56, 57, 58, 59, 60, 61, 62, 63, 64, 65, 66, 67, 68, 69, 70, 71, 72, 73, 74, 75, 76, 77, 78, 79, 80, 81, 82, 83, 84, 85, 86, 87, 88, 89, 90, 91, 92, 93, 94, 95, 96, 97, 98, 99]",a7f6ee19327fb2a2482a31fe77ea19dccc5eab42494d995e819b731aa4b42431,True,5e2b3e16dda6f80d6a64c67ad31ace0966d9f383d47b47115791acb5ed9a792e,"[3, 4, 5, 6, 7, 8, 9, 10, 11, 12, 13, 14, 15, 16, 17, 18, 19, 20, 21, 22, 23, 24, 25, 26, 27, 28, 29, 30, 31, 32, 33, 34, 35, 36, 37, 38, 39, 40, 41, 42, 43, 44, 45, 46, 47, 48, 49, 50, 51, 52, 53, 54, 55, 56, 57, 58, 59, 60, 61, 62, 63, 64, 65, 66, 67, 68, 69, 70, 71, 72, 73, 74, 75, 76, 77, 78, 79, 80, 81, 82, 83, 84, 85, 86, 87, 88, 89, 90, 91, 92, 93, 94, 95, 96, 97, 98, 99]",2c9a7147d70b012af517f02ec76a96a6328022fe9aa8c62996f6733cb31e9f6a,3a12cfd874cf0cc4d8aedb80d0065af6a72b847d242e567a5feb2fceeb251839,True,a40efe7d0b7c13f2eeee8945d3204d91beb34dc06dd9268444fc8b76bc09b5e5,True,299,2,29103,PASS,3,True
0.2367216249986086,credit_k10_seed10004,29c19fc83487381a6d94799afe67bba51be77063dd4dea1132da4c1facab6acb,True,0,True,ce115a9c077e7fa211865365d97059ce5899f49b15e1950d69f21670b1f698ea,29c19fc83487381a6d94799afe67bba51be77063dd4dea1132da4c1facab6acb,True,"[5332, 24369]","[0, 1, 2, 3, 4, 5, 6, 7, 8, 9, 10, 11, 12, 13, 14, 15, 16, 17, 18, 19, 20, 21, 22, 23, 24, 25, 26, 27, 28, 29, 30, 31, 32, 33, 34, 35, 36, 37, 38, 39, 40, 41, 42, 43, 44, 45, 46, 47, 48, 49, 50, 51, 52, 53, 54, 55, 56, 57, 58, 59, 60, 61, 62, 63, 64, 65, 66, 67, 68, 69, 70, 71, 72, 73, 74, 75, 76, 77, 78, 79, 80, 81, 82, 83, 84, 85, 86, 87, 88, 89, 90, 91, 92, 93, 94, 95, 96, 97, 98, 99]",792e66ab4f9b18262edbcf9535f74290622c55527f44f9e807fe2c5f7e1296e3,True,81c308134b9b979a041ac52185ae1bd92b9c3cf9d1cd3cafb7b224b7ef5b1538,"[1, 2, 3, 4, 5, 6, 7, 8, 9, 10, 11, 12, 13, 14, 15, 16, 17, 18, 19, 20, 21, 22, 23, 24, 25, 26, 27, 28, 29, 30, 31, 32, 33, 34, 35, 36, 37, 38, 39, 40, 41, 42, 43, 44, 45, 46, 47, 48, 49, 50, 51, 52, 53, 54, 55, 56, 57, 58, 59, 60, 61, 62, 63, 64, 65, 66, 67, 68, 69, 70, 71, 72, 73, 74, 75, 76, 77, 78, 79, 80, 81, 82, 83, 84, 85, 86, 87, 88, 89, 90, 91, 92, 93, 94, 95, 96, 97, 98, 99]",d0d8f7af53cbc7291245b51ddebc6e4c760a4506786566a46cb372e896ff1c1c,ce115a9c077e7fa211865365d97059ce5899f49b15e1950d69f21670b1f698ea,True,,True,299,0,29701,PASS,1,True
0.23643770802300423,credit_k10_seed10004,95f81ebc2a7c9404c802436f91311736601579e4f8945b07840f577d1b874b09,True,1,True,3a229099ee2856ff7e1611d6209c63e9806168f0a5575ba56c0b2c5e983c11cc,95f81ebc2a7c9404c802436f91311736601579e4f8945b07840f577d1b874b09,True,"[5279, 24123]","[1, 2, 3, 4, 5, 6, 7, 8, 9, 10, 11, 12, 13, 14, 15, 16, 17, 18, 19, 20, 21, 22, 23, 24, 25, 26, 27, 28, 29, 30, 31, 32, 33, 34, 35, 36, 37, 38, 39, 40, 41, 42, 43, 44, 45, 46, 47, 48, 49, 50, 51, 52, 53, 54, 55, 56, 57, 58, 59, 60, 61, 62, 63, 64, 65, 66, 67, 68, 69, 70, 71, 72, 73, 74, 75, 76, 77, 78, 79, 80, 81, 82, 83, 84, 85, 86, 87, 88, 89, 90, 91, 92, 93, 94, 95, 96, 97, 98, 99]",ce115a9c077e7fa211865365d97059ce5899f49b15e1950d69f21670b1f698ea,True,c7ab32008b9875c3e2be5962ac445ae775e5edf34f58812931ce6562cbae0135,"[2, 3, 4, 5, 6, 7, 8, 9, 10, 11, 12, 13, 14, 15, 16, 17, 18, 19, 20, 21, 22, 23, 24, 25, 26, 27, 28, 29, 30, 31, 32, 33, 34, 35, 36, 37, 38, 39, 40, 41, 42, 43, 44, 45, 46, 47, 48, 49, 50, 51, 52, 53, 54, 55, 56, 57, 58, 59, 60, 61, 62, 63, 64, 65, 66, 67, 68, 69, 70, 71, 72, 73, 74, 75, 76, 77, 78, 79, 80, 81, 82, 83, 84, 85, 86, 87, 88, 89, 90, 91, 92, 93, 94, 95, 96, 97, 98, 99]",5f1e2294de6448c33758f69069b70baa8ce899c0c6c11a082298b6805912f9c0,3a229099ee2856ff7e1611d6209c63e9806168f0a5575ba56c0b2c5e983c11cc,True,d0d8f7af53cbc7291245b51ddebc6e4c760a4506786566a46cb372e896ff1c1c,True,299,0,29402,PASS,2,True
0.233114165981533,credit_k10_seed10004,fd1be467d1fe5d8adf2f4b4e3055fa4ee1eb9fbd8bb9abc0411faaedafcbe47a,True,2,True,84d920f8cef9666a1f4cdacfad6ed6dd79deaa9d243bc45ea87203f2a5f3d47d,fd1be467d1fe5d8adf2f4b4e3055fa4ee1eb9fbd8bb9abc0411faaedafcbe47a,True,"[5226, 23877]","[2, 3, 4, 5, 6, 7, 8, 9, 10, 11, 12, 13, 14, 15, 16, 17, 18, 19, 20, 21, 22, 23, 24, 25, 26, 27, 28, 29, 30, 31, 32, 33, 34, 35, 36, 37, 38, 39, 40, 41, 42, 43, 44, 45, 46, 47, 48, 49, 50, 51, 52, 53, 54, 55, 56, 57, 58, 59, 60, 61, 62, 63, 64, 65, 66, 67, 68, 69, 70, 71, 72, 73, 74, 75, 76, 77, 78, 79, 80, 81, 82, 83, 84, 85, 86, 87, 88, 89, 90, 91, 92, 93, 94, 95, 96, 97, 98, 99]",3a229099ee2856ff7e1611d6209c63e9806168f0a5575ba56c0b2c5e983c11cc,True,20d8cba332cee90c98cbba33d1db3bd39280a0ed5936fa69181baed4d39c04cb,"[3, 4, 5, 6, 7, 8, 9, 10, 11, 12, 13, 14, 15, 16, 17, 18, 19, 20, 21, 22, 23, 24, 25, 26, 27, 28, 29, 30, 31, 32, 33, 34, 35, 36, 37, 38, 39, 40, 41, 42, 43, 44, 45, 46, 47, 48, 49, 50, 51, 52, 53, 54, 55, 56, 57, 58, 59, 60, 61, 62, 63, 64, 65, 66, 67, 68, 69, 70, 71, 72, 73, 74, 75, 76, 77, 78, 79, 80, 81, 82, 83, 84, 85, 86, 87, 88, 89, 90, 91, 92, 93, 94, 95, 96, 97, 98, 99]",da286248dd61e6876b8e442bffca8b8e848d197422c3651aa57ee1cf13b1a46a,84d920f8cef9666a1f4cdacfad6ed6dd79deaa9d243bc45ea87203f2a5f3d47d,True,5f1e2294de6448c33758f69069b70baa8ce899c0c6c11a082298b6805912f9c0,True,299,0,29103,PASS,3,True
0.24008820799645036,credit_k10_seed10004,29c19fc83487381a6d94799afe67bba51be77063dd4dea1132da4c1facab6acb,True,0,True,ce115a9c077e7fa211865365d97059ce5899f49b15e1950d69f21670b1f698ea,29c19fc83487381a6d94799afe67bba51be77063dd4dea1132da4c1facab6acb,True,"[5332, 24369]","[0, 1, 2, 3, 4, 5, 6, 7, 8, 9, 10, 11, 12, 13, 14, 15, 16, 17, 18, 19, 20, 21, 22, 23, 24, 25, 26, 27, 28, 29, 30, 31, 32, 33, 34, 35, 36, 37, 38, 39, 40, 41, 42, 43, 44, 45, 46, 47, 48, 49, 50, 51, 52, 53, 54, 55, 56, 57, 58, 59, 60, 61, 62, 63, 64, 65, 66, 67, 68, 69, 70, 71, 72, 73, 74, 75, 76, 77, 78, 79, 80, 81, 82, 83, 84, 85, 86, 87, 88, 89, 90, 91, 92, 93, 94, 95, 96, 97, 98, 99]",792e66ab4f9b18262edbcf9535f74290622c55527f44f9e807fe2c5f7e1296e3,True,81c308134b9b979a041ac52185ae1bd92b9c3cf9d1cd3cafb7b224b7ef5b1538,"[1, 2, 3, 4, 5, 6, 7, 8, 9, 10, 11, 12, 13, 14, 15, 16, 17, 18, 19, 20, 21, 22, 23, 24, 25, 26, 27, 28, 29, 30, 31, 32, 33, 34, 35, 36, 37, 38, 39, 40, 41, 42, 43, 44, 45, 46, 47, 48, 49, 50, 51, 52, 53, 54, 55, 56, 57, 58, 59, 60, 61, 62, 63, 64, 65, 66, 67, 68, 69, 70, 71, 72, 73, 74, 75, 76, 77, 78, 79, 80, 81, 82, 83, 84, 85, 86, 87, 88, 89, 90, 91, 92, 93, 94, 95, 96, 97, 98, 99]",d0d8f7af53cbc7291245b51ddebc6e4c760a4506786566a46cb372e896ff1c1c,ce115a9c077e7fa211865365d97059ce5899f49b15e1950d69f21670b1f698ea,True,,True,299,1,29701,PASS,1,True
0.2370878750225529,credit_k10_seed10004,95f81ebc2a7c9404c802436f91311736601579e4f8945b07840f577d1b874b09,True,1,True,3a229099ee2856ff7e1611d6209c63e9806168f0a5575ba56c0b2c5e983c11cc,95f81ebc2a7c9404c802436f91311736601579e4f8945b07840f577d1b874b09,True,"[5279, 24123]","[1, 2, 3, 4, 5, 6, 7, 8, 9, 10, 11, 12, 13, 14, 15, 16, 17, 18, 19, 20, 21, 22, 23, 24, 25, 26, 27, 28, 29, 30, 31, 32, 33, 34, 35, 36, 37, 38, 39, 40, 41, 42, 43, 44, 45, 46, 47, 48, 49, 50, 51, 52, 53, 54, 55, 56, 57, 58, 59, 60, 61, 62, 63, 64, 65, 66, 67, 68, 69, 70, 71, 72, 73, 74, 75, 76, 77, 78, 79, 80, 81, 82, 83, 84, 85, 86, 87, 88, 89, 90, 91, 92, 93, 94, 95, 96, 97, 98, 99]",ce115a9c077e7fa211865365d97059ce5899f49b15e1950d69f21670b1f698ea,True,c7ab32008b9875c3e2be5962ac445ae775e5edf34f58812931ce6562cbae0135,"[2, 3, 4, 5, 6, 7, 8, 9, 10, 11, 12, 13, 14, 15, 16, 17, 18, 19, 20, 21, 22, 23, 24, 25, 26, 27, 28, 29, 30, 31, 32, 33, 34, 35, 36, 37, 38, 39, 40, 41, 42, 43, 44, 45, 46, 47, 48, 49, 50, 51, 52, 53, 54, 55, 56, 57, 58, 59, 60, 61, 62, 63, 64, 65, 66, 67, 68, 69, 70, 71, 72, 73, 74, 75, 76, 77, 78, 79, 80, 81, 82, 83, 84, 85, 86, 87, 88, 89, 90, 91, 92, 93, 94, 95, 96, 97, 98, 99]",5f1e2294de6448c33758f69069b70baa8ce899c0c6c11a082298b6805912f9c0,3a229099ee2856ff7e1611d6209c63e9806168f0a5575ba56c0b2c5e983c11cc,True,d0d8f7af53cbc7291245b51ddebc6e4c760a4506786566a46cb372e896ff1c1c,True,299,1,29402,PASS,2,True
0.23287954198895022,credit_k10_seed10004,fd1be467d1fe5d8adf2f4b4e3055fa4ee1eb9fbd8bb9abc0411faaedafcbe47a,True,2,True,84d920f8cef9666a1f4cdacfad6ed6dd79deaa9d243bc45ea87203f2a5f3d47d,fd1be467d1fe5d8adf2f4b4e3055fa4ee1eb9fbd8bb9abc0411faaedafcbe47a,True,"[5226, 23877]","[2, 3, 4, 5, 6, 7, 8, 9, 10, 11, 12, 13, 14, 15, 16, 17, 18, 19, 20, 21, 22, 23, 24, 25, 26, 27, 28, 29, 30, 31, 32, 33, 34, 35, 36, 37, 38, 39, 40, 41, 42, 43, 44, 45, 46, 47, 48, 49, 50, 51, 52, 53, 54, 55, 56, 57, 58, 59, 60, 61, 62, 63, 64, 65, 66, 67, 68, 69, 70, 71, 72, 73, 74, 75, 76, 77, 78, 79, 80, 81, 82, 83, 84, 85, 86, 87, 88, 89, 90, 91, 92, 93, 94, 95, 96, 97, 98, 99]",3a229099ee2856ff7e1611d6209c63e9806168f0a5575ba56c0b2c5e983c11cc,True,20d8cba332cee90c98cbba33d1db3bd39280a0ed5936fa69181baed4d39c04cb,"[3, 4, 5, 6, 7, 8, 9, 10, 11, 12, 13, 14, 15, 16, 17, 18, 19, 20, 21, 22, 23, 24, 25, 26, 27, 28, 29, 30, 31, 32, 33, 34, 35, 36, 37, 38, 39, 40, 41, 42, 43, 44, 45, 46, 47, 48, 49, 50, 51, 52, 53, 54, 55, 56, 57, 58, 59, 60, 61, 62, 63, 64, 65, 66, 67, 68, 69, 70, 71, 72, 73, 74, 75, 76, 77, 78, 79, 80, 81, 82, 83, 84, 85, 86, 87, 88, 89, 90, 91, 92, 93, 94, 95, 96, 97, 98, 99]",da286248dd61e6876b8e442bffca8b8e848d197422c3651aa57ee1cf13b1a46a,84d920f8cef9666a1f4cdacfad6ed6dd79deaa9d243bc45ea87203f2a5f3d47d,True,5f1e2294de6448c33758f69069b70baa8ce899c0c6c11a082298b6805912f9c0,True,299,1,29103,PASS,3,True
0.2371073329995852,credit_k10_seed10004,29c19fc83487381a6d94799afe67bba51be77063dd4dea1132da4c1facab6acb,True,0,True,ce115a9c077e7fa211865365d97059ce5899f49b15e1950d69f21670b1f698ea,29c19fc83487381a6d94799afe67bba51be77063dd4dea1132da4c1facab6acb,True,"[5332, 24369]","[0, 1, 2, 3, 4, 5, 6, 7, 8, 9, 10, 11, 12, 13, 14, 15, 16, 17, 18, 19, 20, 21, 22, 23, 24, 25, 26, 27, 28, 29, 30, 31, 32, 33, 34, 35, 36, 37, 38, 39, 40, 41, 42, 43, 44, 45, 46, 47, 48, 49, 50, 51, 52, 53, 54, 55, 56, 57, 58, 59, 60, 61, 62, 63, 64, 65, 66, 67, 68, 69, 70, 71, 72, 73, 74, 75, 76, 77, 78, 79, 80, 81, 82, 83, 84, 85, 86, 87, 88, 89, 90, 91, 92, 93, 94, 95, 96, 97, 98, 99]",792e66ab4f9b18262edbcf9535f74290622c55527f44f9e807fe2c5f7e1296e3,True,81c308134b9b979a041ac52185ae1bd92b9c3cf9d1cd3cafb7b224b7ef5b1538,"[1, 2, 3, 4, 5, 6, 7, 8, 9, 10, 11, 12, 13, 14, 15, 16, 17, 18, 19, 20, 21, 22, 23, 24, 25, 26, 27, 28, 29, 30, 31, 32, 33, 34, 35, 36, 37, 38, 39, 40, 41, 42, 43, 44, 45, 46, 47, 48, 49, 50, 51, 52, 53, 54, 55, 56, 57, 58, 59, 60, 61, 62, 63, 64, 65, 66, 67, 68, 69, 70, 71, 72, 73, 74, 75, 76, 77, 78, 79, 80, 81, 82, 83, 84, 85, 86, 87, 88, 89, 90, 91, 92, 93, 94, 95, 96, 97, 98, 99]",d0d8f7af53cbc7291245b51ddebc6e4c760a4506786566a46cb372e896ff1c1c,ce115a9c077e7fa211865365d97059ce5899f49b15e1950d69f21670b1f698ea,True,,True,299,2,29701,PASS,1,True
0.23451908302376978,credit_k10_seed10004,95f81ebc2a7c9404c802436f91311736601579e4f8945b07840f577d1b874b09,True,1,True,3a229099ee2856ff7e1611d6209c63e9806168f0a5575ba56c0b2c5e983c11cc,95f81ebc2a7c9404c802436f91311736601579e4f8945b07840f577d1b874b09,True,"[5279, 24123]","[1, 2, 3, 4, 5, 6, 7, 8, 9, 10, 11, 12, 13, 14, 15, 16, 17, 18, 19, 20, 21, 22, 23, 24, 25, 26, 27, 28, 29, 30, 31, 32, 33, 34, 35, 36, 37, 38, 39, 40, 41, 42, 43, 44, 45, 46, 47, 48, 49, 50, 51, 52, 53, 54, 55, 56, 57, 58, 59, 60, 61, 62, 63, 64, 65, 66, 67, 68, 69, 70, 71, 72, 73, 74, 75, 76, 77, 78, 79, 80, 81, 82, 83, 84, 85, 86, 87, 88, 89, 90, 91, 92, 93, 94, 95, 96, 97, 98, 99]",ce115a9c077e7fa211865365d97059ce5899f49b15e1950d69f21670b1f698ea,True,c7ab32008b9875c3e2be5962ac445ae775e5edf34f58812931ce6562cbae0135,"[2, 3, 4, 5, 6, 7, 8, 9, 10, 11, 12, 13, 14, 15, 16, 17, 18, 19, 20, 21, 22, 23, 24, 25, 26, 27, 28, 29, 30, 31, 32, 33, 34, 35, 36, 37, 38, 39, 40, 41, 42, 43, 44, 45, 46, 47, 48, 49, 50, 51, 52, 53, 54, 55, 56, 57, 58, 59, 60, 61, 62, 63, 64, 65, 66, 67, 68, 69, 70, 71, 72, 73, 74, 75, 76, 77, 78, 79, 80, 81, 82, 83, 84, 85, 86, 87, 88, 89, 90, 91, 92, 93, 94, 95, 96, 97, 98, 99]",5f1e2294de6448c33758f69069b70baa8ce899c0c6c11a082298b6805912f9c0,3a229099ee2856ff7e1611d6209c63e9806168f0a5575ba56c0b2c5e983c11cc,True,d0d8f7af53cbc7291245b51ddebc6e4c760a4506786566a46cb372e896ff1c1c,True,299,2,29402,PASS,2,True
0.2318431669846177,credit_k10_seed10004,fd1be467d1fe5d8adf2f4b4e3055fa4ee1eb9fbd8bb9abc0411faaedafcbe47a,True,2,True,84d920f8cef9666a1f4cdacfad6ed6dd79deaa9d243bc45ea87203f2a5f3d47d,fd1be467d1fe5d8adf2f4b4e3055fa4ee1eb9fbd8bb9abc0411faaedafcbe47a,True,"[5226, 23877]","[2, 3, 4, 5, 6, 7, 8, 9, 10, 11, 12, 13, 14, 15, 16, 17, 18, 19, 20, 21, 22, 23, 24, 25, 26, 27, 28, 29, 30, 31, 32, 33, 34, 35, 36, 37, 38, 39, 40, 41, 42, 43, 44, 45, 46, 47, 48, 49, 50, 51, 52, 53, 54, 55, 56, 57, 58, 59, 60, 61, 62, 63, 64, 65, 66, 67, 68, 69, 70, 71, 72, 73, 74, 75, 76, 77, 78, 79, 80, 81, 82, 83, 84, 85, 86, 87, 88, 89, 90, 91, 92, 93, 94, 95, 96, 97, 98, 99]",3a229099ee2856ff7e1611d6209c63e9806168f0a5575ba56c0b2c5e983c11cc,True,20d8cba332cee90c98cbba33d1db3bd39280a0ed5936fa69181baed4d39c04cb,"[3, 4, 5, 6, 7, 8, 9, 10, 11, 12, 13, 14, 15, 16, 17, 18, 19, 20, 21, 22, 23, 24, 25, 26, 27, 28, 29, 30, 31, 32, 33, 34, 35, 36, 37, 38, 39, 40, 41, 42, 43, 44, 45, 46, 47, 48, 49, 50, 51, 52, 53, 54, 55, 56, 57, 58, 59, 60, 61, 62, 63, 64, 65, 66, 67, 68, 69, 70, 71, 72, 73, 74, 75, 76, 77, 78, 79, 80, 81, 82, 83, 84, 85, 86, 87, 88, 89, 90, 91, 92, 93, 94, 95, 96, 97, 98, 99]",da286248dd61e6876b8e442bffca8b8e848d197422c3651aa57ee1cf13b1a46a,84d920f8cef9666a1f4cdacfad6ed6dd79deaa9d243bc45ea87203f2a5f3d47d,True,5f1e2294de6448c33758f69069b70baa8ce899c0c6c11a082298b6805912f9c0,True,299,2,29103,PASS,3,True
