algorithm_seconds,case_id,dataset,deserialize_seconds,method,model_output_bytes,model_output_seconds,model_output_sha256,operational_seconds,order,persistence_seconds,position,read_seconds,reload_validated,reload_validation_seconds,repetition,request_preparation_seconds,request_seconds,seed,serialization_seconds,state_bytes,state_sha256,step,storage_contract,utc,withdrawn_client,write_seconds
0.24238570799934678,adult_k10_seed10000,adult,2.429200685583055e-05,fresh,82426,0.0008997090044431388,30ea19a6a210935e5a410f3778bddffa9969c5c4dc76d9a55c6b11d8206d479b,0.24348033402930014,"[""fresh"", ""compact""]",0.00017025001579895616,0,3.420800203457475e-05,True,8.125003660097718e-06,0,2.4667009711265564e-05,0.24331008401350118,10000,1.2541015166789293e-05,312,72eea0be26c63d38d9667e3a51ba8b39df816b17f3996b3e440d5a5162a62ae4,1,ordinary buffered local write/close/read; no fsync; trusted bytes,2026-09-26T07:45:58.927567+00:00,0,9.108398808166385e-05
0.00796037502004765,adult_k10_seed10000,adult,0.0007277909899130464,compact,82426,0.0007748329953756183,30ea19a6a210935e5a410f3778bddffa9969c5c4dc76d9a55c6b11d8206d479b,0.01452629201230593,"[""fresh"", ""compact""]",0.00579004199244082,1,0.0005108749901410192,True,0.0030024590087123215,0,1.0420044418424368e-06,0.00873625001986511,10000,0.0011788749834522605,3317926,870b99270899f14f910656b6537b5afcccc087a53d085956fbc6d4b4394bdfaa,1,ordinary buffered local write/close/read; no fsync; trusted bytes,2026-09-26T07:45:58.944747+00:00,0,0.00037004202022217214
0.007921709009679034,adult_k10_seed10000,adult,0.000828166987048462,compact,82424,0.0008623329922556877,eac0600e6de54b32c060ce6a81657f46a87e18c5dad9cf279b2a5a486a2a6469,0.014734959026100114,"[""compact"", ""fresh""]",0.005950459017185494,0,0.0005393750034272671,True,0.003018125018570572,0,4.580069798976183e-07,0.00878450000891462,10000,0.0011530420160852373,3284420,19037ff0912d504193c03fcd0ac6023e3a7efeafb2d432bb17d7b0f43dbb33cf,2,ordinary buffered local write/close/read; no fsync; trusted bytes,2026-09-26T07:46:00.448299+00:00,1,0.0004117499920539558
0.23300124998786487,adult_k10_seed10000,adult,1.9333994714543223e-05,fresh,82424,0.0008530000050086528,eac0600e6de54b32c060ce6a81657f46a87e18c5dad9cf279b2a5a486a2a6469,0.23414537400822155,"[""compact"", ""fresh""]",0.00027845799922943115,1,0.00015270800213329494,True,7.041002390906215e-06,0,1.2666016118600965e-05,0.23386691600899212,10000,9.207986295223236e-06,310,0647177df76d12ae0184f6c57cf116dbf3eb71e59eb0066c902a93c9a9923c3b,2,ordinary buffered local write/close/read; no fsync; trusted bytes,2026-09-26T07:46:00.684576+00:00,1,9.016701369546354e-05
0.23070929100504145,adult_k10_seed10000,adult,1.7667014617472887e-05,fresh,82426,0.0008729170076549053,a3ba1ba7ed947635789dd242bf350a9dcf47a12a4a75294a890fb8ffede6a181,0.23187641700496897,"[""fresh"", ""compact""]",0.00027637500897981226,0,0.00015074998373165727,True,6.832997314631939e-06,0,1.7833983292803168e-05,0.23160004199598916,10000,8.95801349543035e-06,308,aa974860d1b3287e6f27824e266bb3807981c604ad89723af72a6a734cc2a97b,3,ordinary buffered local write/close/read; no fsync; trusted bytes,2026-09-26T07:46:02.397917+00:00,2,9.216699982061982e-05
0.007918042014352977,adult_k10_seed10000,adult,0.0007356250134762377,compact,82426,0.0007606249710079283,a3ba1ba7ed947635789dd242bf350a9dcf47a12a4a75294a890fb8ffede6a181,0.014509166998323053,"[""fresh"", ""compact""]",0.005830250011058524,1,0.0005100419803056866,True,0.0030199160100892186,0,2.500019036233425e-07,0.008678916987264529,10000,0.0011767499963752925,3250905,7b80959d6121fceaa073267c323ce49f17f0cabc8d808443436239d512f3a24e,3,ordinary buffered local write/close/read; no fsync; trusted bytes,2026-09-26T07:46:02.414693+00:00,2,0.00038791701081208885
0.007940665993373841,adult_k10_seed10000,adult,0.0005585830076597631,compact,82426,0.0008783339872024953,30ea19a6a210935e5a410f3778bddffa9969c5c4dc76d9a55c6b11d8206d479b,0.014632042002631351,"[""compact"", ""fresh""]",0.0058123330236412585,0,0.0005345419922377914,True,0.002972000016598031,1,7.089984137564898e-07,0.008819708978990093,10000,0.0012717920180875808,3317926,870b99270899f14f910656b6537b5afcccc087a53d085956fbc6d4b4394bdfaa,1,ordinary buffered local write/close/read; no fsync; trusted bytes,2026-09-26T07:46:04.207808+00:00,0,0.00047541598905809224
0.23540329199749976,adult_k10_seed10000,adult,1.895800232887268e-05,fresh,82426,0.0008847080171108246,30ea19a6a210935e5a410f3778bddffa9969c5c4dc76d9a55c6b11d8206d479b,0.23659000001498498,"[""compact"", ""fresh""]",0.00028912501875311136,1,0.00015458298730663955,True,8.37500556372106e-06,1,1.2874981621280313e-05,0.23630087499623187,10000,8.917006198316813e-06,312,72eea0be26c63d38d9667e3a51ba8b39df816b17f3996b3e440d5a5162a62ae4,1,ordinary buffered local write/close/read; no fsync; trusted bytes,2026-09-26T07:46:04.446616+00:00,0,9.829201735556126e-05
0.23381804098607972,adult_k10_seed10000,adult,1.562500256113708e-05,fresh,82424,0.0009032500092871487,eac0600e6de54b32c060ce6a81657f46a87e18c5dad9cf279b2a5a486a2a6469,0.23506204099976458,"[""fresh"", ""compact""]",0.00032283298787660897,0,0.00020300000323913991,True,5.832989700138569e-06,1,1.791701652109623e-05,0.23473920801188797,10000,8.58298153616488e-06,310,0647177df76d12ae0184f6c57cf116dbf3eb71e59eb0066c902a93c9a9923c3b,2,ordinary buffered local write/close/read; no fsync; trusted bytes,2026-09-26T07:46:05.790459+00:00,1,8.979201084002852e-05
0.00817699998151511,adult_k10_seed10000,adult,0.000626958004431799,compact,82424,0.0007971670129336417,eac0600e6de54b32c060ce6a81657f46a87e18c5dad9cf279b2a5a486a2a6469,0.014943707996280864,"[""fresh"", ""compact""]",0.005969332996755838,1,0.0005390419973991811,True,0.003066500008571893,1,2.0800507627427578e-07,0.008974374999525025,10000,0.0012980419851373881,3284420,19037ff0912d504193c03fcd0ac6023e3a7efeafb2d432bb17d7b0f43dbb33cf,2,ordinary buffered local write/close/read; no fsync; trusted bytes,2026-09-26T07:46:05.807842+00:00,1,0.0004387910012155771
0.007868707994930446,adult_k10_seed10000,adult,0.0005590839718934149,compact,82426,0.0008540000126231462,a3ba1ba7ed947635789dd242bf350a9dcf47a12a4a75294a890fb8ffede6a181,0.014827291015535593,"[""compact"", ""fresh""]",0.006103958003222942,0,0.0005685000214725733,True,0.0033040410198736936,1,6.250047590583563e-07,0.00872333301231265,10000,0.0012564169883262366,3250905,7b80959d6121fceaa073267c323ce49f17f0cabc8d808443436239d512f3a24e,3,ordinary buffered local write/close/read; no fsync; trusted bytes,2026-09-26T07:46:06.921952+00:00,2,0.000415916001657024
0.23082783300196752,adult_k10_seed10000,adult,1.5041005099192262e-05,fresh,82426,0.0007871669949963689,a3ba1ba7ed947635789dd242bf350a9dcf47a12a4a75294a890fb8ffede6a181,0.2317756659758743,"[""compact"", ""fresh""]",0.00014495800132863224,1,3.1249976018443704e-05,True,5.62501372769475e-06,1,1.5707977581769228e-05,0.23163070797454566,10000,8.707982487976551e-06,308,aa974860d1b3287e6f27824e266bb3807981c604ad89723af72a6a734cc2a97b,3,ordinary buffered local write/close/read; no fsync; trusted bytes,2026-09-26T07:46:07.156022+00:00,2,8.433402399532497e-05
0.2374461250146851,adult_k10_seed10000,adult,1.4541001291945577e-05,fresh,82426,0.0008087919850368053,30ea19a6a210935e5a410f3778bddffa9969c5c4dc76d9a55c6b11d8206d479b,0.238606750004692,"[""fresh"", ""compact""]",0.0003326250007376075,0,0.00021554200793616474,True,5.791982403025031e-06,2,1.9208004232496023e-05,0.2382741250039544,10000,8.833012543618679e-06,312,72eea0be26c63d38d9667e3a51ba8b39df816b17f3996b3e440d5a5162a62ae4,1,ordinary buffered local write/close/read; no fsync; trusted bytes,2026-09-26T07:46:08.806562+00:00,0,8.791699656285346e-05
0.00793999998131767,adult_k10_seed10000,adult,0.0006349169998429716,compact,82426,0.0007860420155338943,30ea19a6a210935e5a410f3778bddffa9969c5c4dc76d9a55c6b11d8206d479b,0.014709292008774355,"[""fresh"", ""compact""]",0.005983000010019168,1,0.0005384999967645854,True,0.0031662500114180148,2,2.500019036233425e-07,0.008726291998755187,10000,0.0012458749988581985,3317926,870b99270899f14f910656b6537b5afcccc087a53d085956fbc6d4b4394bdfaa,1,ordinary buffered local write/close/read; no fsync; trusted bytes,2026-09-26T07:46:08.823433+00:00,0,0.00039745800313539803
0.008093208976788446,adult_k10_seed10000,adult,0.0006081669998820871,compact,82424,0.0008734580187592655,eac0600e6de54b32c060ce6a81657f46a87e18c5dad9cf279b2a5a486a2a6469,0.014994749013567343,"[""compact"", ""fresh""]",0.006027541006915271,0,0.0006177920149639249,True,0.003087416000198573,2,5.410111043602228e-07,0.008967208006652072,10000,0.001249916007509455,3284420,19037ff0912d504193c03fcd0ac6023e3a7efeafb2d432bb17d7b0f43dbb33cf,2,ordinary buffered local write/close/read; no fsync; trusted bytes,2026-09-26T07:46:09.958254+00:00,1,0.0004642499843612313
0.23357045798911713,adult_k10_seed10000,adult,1.854199217632413e-05,fresh,82424,0.0008716669981367886,eac0600e6de54b32c060ce6a81657f46a87e18c5dad9cf279b2a5a486a2a6469,0.23474879199056886,"[""compact"", ""fresh""]",0.00029337499290704727,1,0.0001351670071016997,True,7.95800588093698e-06,2,1.329201040789485e-05,0.23445541699766181,10000,1.0166986612603068e-05,310,0647177df76d12ae0184f6c57cf116dbf3eb71e59eb0066c902a93c9a9923c3b,2,ordinary buffered local write/close/read; no fsync; trusted bytes,2026-09-26T07:46:10.195346+00:00,1,0.00012154100113548338
0.23114991700276732,adult_k10_seed10000,adult,1.4791992725804448e-05,fresh,82426,0.0008895409991964698,a3ba1ba7ed947635789dd242bf350a9dcf47a12a4a75294a890fb8ffede6a181,0.23237783304648474,"[""fresh"", ""compact""]",0.00032025002292357385,0,0.00019950000569224358,True,5.666021024808288e-06,2,1.8125021597370505e-05,0.23205758302356116,10000,8.834002073854208e-06,308,aa974860d1b3287e6f27824e266bb3807981c604ad89723af72a6a734cc2a97b,3,ordinary buffered local write/close/read; no fsync; trusted bytes,2026-09-26T07:46:11.532735+00:00,2,9.145800140686333e-05
0.007896750001236796,adult_k10_seed10000,adult,0.000585292000323534,compact,82426,0.0007712090155109763,a3ba1ba7ed947635789dd242bf350a9dcf47a12a4a75294a890fb8ffede6a181,0.014500582998152822,"[""fresh"", ""compact""]",0.005832458002259955,1,0.0005878749943803996,True,0.003021582990186289,2,1.659791450947523e-07,0.008668124995892867,10000,0.0011990420171059668,3250905,7b80959d6121fceaa073267c323ce49f17f0cabc8d808443436239d512f3a24e,3,ordinary buffered local write/close/read; no fsync; trusted bytes,2026-09-26T07:46:11.549596+00:00,2,0.00043866600026376545
0.008346958988113329,adult_k10_seed10001,adult,0.0007876669988036156,compact,82416,0.0008930829935707152,256cd108c67a124281691130597ccfa63749096ac87a8137395804eb8ddb6685,0.01530741699389182,"[""compact"", ""fresh""]",0.006066792004276067,0,0.0005511250055860728,True,0.0032091249886434525,0,5.830079317092896e-07,0.009240624989615753,10001,0.0011576249962672591,3317926,8a792d5b515dc96bbbc495dac1b260d2136afeee2c4de143443c8793c3499c00,1,ordinary buffered local write/close/read; no fsync; trusted bytes,2026-09-26T07:46:13.589086+00:00,0,0.000361250014975667
0.23979054199298844,adult_k10_seed10001,adult,2.2791995434090495e-05,fresh,82416,0.0008508329920005053,256cd108c67a124281691130597ccfa63749096ac87a8137395804eb8ddb6685,0.24093779100803658,"[""compact"", ""fresh""]",0.0002770830178633332,1,0.000132125016534701,True,7.624999852851033e-06,0,1.9333005184307694e-05,0.24066070799017325,10001,1.1750002158805728e-05,312,72eea0be26c63d38d9667e3a51ba8b39df816b17f3996b3e440d5a5162a62ae4,1,ordinary buffered local write/close/read; no fsync; trusted bytes,2026-09-26T07:46:13.832426+00:00,0,0.00010279100388288498
0.23506225002347492,adult_k10_seed10001,adult,1.6875012079253793e-05,fresh,82410,0.000865790992975235,024d1d362eb9428f1c3e4c658fcee4d2c50833761af7ee48f4d81ef235cca45b,0.23624720799853094,"[""fresh"", ""compact""]",0.00030191699624992907,0,3.229198046028614e-05,True,6.291986210271716e-06,0,1.724998583085835e-05,0.235945291002281,10001,9.542010957375169e-06,310,0647177df76d12ae0184f6c57cf116dbf3eb71e59eb0066c902a93c9a9923c3b,2,ordinary buffered local write/close/read; no fsync; trusted bytes,2026-09-26T07:46:15.557768+00:00,1,0.00023691600654274225
0.008122375002130866,adult_k10_seed10001,adult,0.0007807909860275686,compact,82410,0.0008032500045374036,024d1d362eb9428f1c3e4c658fcee4d2c50833761af7ee48f4d81ef235cca45b,0.0151722920127213,"[""fresh"", ""compact""]",0.006246417004149407,1,0.0005269169923849404,True,0.003015916998265311,0,2.500019036233425e-07,0.008925875008571893,10001,0.0014386670081876218,3284420,283923d8d620a91108978e4952054430581692d31bdac987dce71f9a7308b46e,2,ordinary buffered local write/close/read; no fsync; trusted bytes,2026-09-26T07:46:15.575431+00:00,1,0.00048412501928396523
0.00795812500291504,adult_k10_seed10001,adult,0.0007526660047005862,compact,82428,0.0008533340005669743,a4eb38f0a91386d864c6566aae4b1e101e9250426be2f12efc12f58ef66ef99a,0.014926333009498194,"[""compact"", ""fresh""]",0.006114540999988094,0,0.0005597500130534172,True,0.003024250007001683,0,3.3300602808594704e-07,0.0088117920095101,10001,0.001322915981290862,3250905,b7d4a92c7e34246af8d941647cb1e9abf7979875359fb1292dac635010751366,3,ordinary buffered local write/close/read; no fsync; trusted bytes,2026-09-26T07:46:17.050714+00:00,2,0.0004549589939415455
0.23189820800325833,adult_k10_seed10001,adult,1.4124991139397025e-05,fresh,82428,0.0008435829950030893,a4eb38f0a91386d864c6566aae4b1e101e9250426be2f12efc12f58ef66ef99a,0.23306795800453983,"[""compact"", ""fresh""]",0.00031341699650511146,1,0.00018979099695570767,True,6.04201341047883e-06,0,1.2750009773299098e-05,0.23275454100803472,10001,8.834002073854208e-06,308,aa974860d1b3287e6f27824e266bb3807981c604ad89723af72a6a734cc2a97b,3,ordinary buffered local write/close/read; no fsync; trusted bytes,2026-09-26T07:46:17.286031+00:00,2,9.462499292567372e-05
0.23664362501585856,adult_k10_seed10001,adult,1.662501017563045e-05,fresh,82416,0.000853832985740155,256cd108c67a124281691130597ccfa63749096ac87a8137395804eb8ddb6685,0.23782849998679012,"[""fresh"", ""compact""]",0.00031391700031235814,0,0.0001900839852169156,True,7.708003977313638e-06,1,1.712498487904668e-05,0.23751458298647776,10001,8.749979315325618e-06,312,72eea0be26c63d38d9667e3a51ba8b39df816b17f3996b3e440d5a5162a62ae4,1,ordinary buffered local write/close/read; no fsync; trusted bytes,2026-09-26T07:46:19.296637+00:00,0,9.075002162717283e-05
0.008014874998480082,adult_k10_seed10001,adult,0.0005487919843290001,compact,82416,0.0007685419986955822,256cd108c67a124281691130597ccfa63749096ac87a8137395804eb8ddb6685,0.014883875992381945,"[""fresh"", ""compact""]",0.006100166996475309,1,0.0005270000256132334,True,0.0031788749911356717,1,2.9199873097240925e-07,0.008783708995906636,10001,0.0012065420160070062,3317926,8a792d5b515dc96bbbc495dac1b260d2136afeee2c4de143443c8793c3499c00,1,ordinary buffered local write/close/read; no fsync; trusted bytes,2026-09-26T07:46:19.313956+00:00,0,0.0006389579793903977
0.008087499998509884,adult_k10_seed10001,adult,0.0005396670021582395,compact,82410,0.000842957990244031,024d1d362eb9428f1c3e4c658fcee4d2c50833761af7ee48f4d81ef235cca45b,0.014821541000856087,"[""compact"", ""fresh""]",0.005890708009246737,0,0.0005727499956265092,True,0.0031462500046472996,1,3.7500285543501377e-07,0.00893083299160935,10001,0.0012181659985799342,3284420,283923d8d620a91108978e4952054430581692d31bdac987dce71f9a7308b46e,2,ordinary buffered local write/close/read; no fsync; trusted bytes,2026-09-26T07:46:20.447363+00:00,1,0.0004138750082347542
0.23857720801606774,adult_k10_seed10001,adult,1.9583007087931037e-05,fresh,82410,0.0008537079847883433,024d1d362eb9428f1c3e4c658fcee4d2c50833761af7ee48f4d81ef235cca45b,0.2397245829924941,"[""compact"", ""fresh""]",0.00028162499074824154,1,0.00015375000657513738,True,7.166992872953415e-06,1,1.2042000889778137e-05,0.23944295800174586,10001,8.625007467344403e-06,310,0647177df76d12ae0184f6c57cf116dbf3eb71e59eb0066c902a93c9a9923c3b,2,ordinary buffered local write/close/read; no fsync; trusted bytes,2026-09-26T07:46:20.689314+00:00,1,9.249997674487531e-05
0.23404758400283754,adult_k10_seed10001,adult,1.662501017563045e-05,fresh,82428,0.0008673330012243241,a4eb38f0a91386d864c6566aae4b1e101e9250426be2f12efc12f58ef66ef99a,0.23521037501632236,"[""fresh"", ""compact""]",0.00027754201437346637,0,0.0001477499899920076,True,8.25000461190939e-06,1,1.7915997887030244e-05,0.2349328330019489,10001,9.000010322779417e-06,308,aa974860d1b3287e6f27824e266bb3807981c604ad89723af72a6a734cc2a97b,3,ordinary buffered local write/close/read; no fsync; trusted bytes,2026-09-26T07:46:22.023965+00:00,2,9.59169992711395e-05
0.007980624999618158,adult_k10_seed10001,adult,0.000584916997468099,compact,82428,0.0007844999781809747,a4eb38f0a91386d864c6566aae4b1e101e9250426be2f12efc12f58ef66ef99a,0.014797999989241362,"[""fresh"", ""compact""]",0.006032582983607426,1,0.0006061669846531004,True,0.002930916001787409,1,2.92027834802866e-07,0.008765417005633935,10001,0.00118787499377504,3250905,b7d4a92c7e34246af8d941647cb1e9abf7979875359fb1292dac635010751366,3,ordinary buffered local write/close/read; no fsync; trusted bytes,2026-09-26T07:46:22.041056+00:00,2,0.0007227080059237778
0.007950541999889538,adult_k10_seed10001,adult,0.0005695830041076988,compact,82416,0.0009235419856850058,256cd108c67a124281691130597ccfa63749096ac87a8137395804eb8ddb6685,0.01468083297368139,"[""compact"", ""fresh""]",0.00580645797890611,0,0.0005839170189574361,True,0.0030163749761413783,2,2.910092007368803e-07,0.00887437499477528,10001,0.0012457499979063869,3317926,8a792d5b515dc96bbbc495dac1b260d2136afeee2c4de143443c8793c3499c00,1,ordinary buffered local write/close/read; no fsync; trusted bytes,2026-09-26T07:46:23.476170+00:00,0,0.0003908329817932099
0.23762470798101276,adult_k10_seed10001,adult,1.5666999388486147e-05,fresh,82416,0.000850584008730948,256cd108c67a124281691130597ccfa63749096ac87a8137395804eb8ddb6685,0.23881529198843054,"[""compact"", ""fresh""]",0.000325374974636361,1,0.00020466599380597472,True,5.66698145121336e-06,2,1.4625024050474167e-05,0.23848991701379418,10001,8.749979315325618e-06,312,72eea0be26c63d38d9667e3a51ba8b39df816b17f3996b3e440d5a5162a62ae4,1,ordinary buffered local write/close/read; no fsync; trusted bytes,2026-09-26T07:46:23.717334+00:00,0,9.062502067536116e-05
0.23746012500487268,adult_k10_seed10001,adult,1.5249999705702066e-05,fresh,82410,0.0008167499909177423,024d1d362eb9428f1c3e4c658fcee4d2c50833761af7ee48f4d81ef235cca45b,0.23843679201672785,"[""fresh"", ""compact""]",0.00014058401575312018,0,2.837498323060572e-05,True,5.959009286016226e-06,2,1.9333005184307694e-05,0.23829620800097473,10001,8.167000487446785e-06,310,0647177df76d12ae0184f6c57cf116dbf3eb71e59eb0066c902a93c9a9923c3b,2,ordinary buffered local write/close/read; no fsync; trusted bytes,2026-09-26T07:46:25.081450+00:00,1,8.283302304334939e-05
0.00800562501535751,adult_k10_seed10001,adult,0.0006988749955780804,compact,82410,0.0008078749815467745,024d1d362eb9428f1c3e4c658fcee4d2c50833761af7ee48f4d81ef235cca45b,0.015180249989498407,"[""fresh"", ""compact""]",0.0063664999906904995,1,0.0005171250086277723,True,0.0030515829857904464,2,2.500019036233425e-07,0.008813749998807907,10001,0.0013429590035229921,3284420,283923d8d620a91108978e4952054430581692d31bdac987dce71f9a7308b46e,2,ordinary buffered local write/close/read; no fsync; trusted bytes,2026-09-26T07:46:25.098912+00:00,1,0.0007559579971712083
0.007879124983446673,adult_k10_seed10001,adult,0.000580541993258521,compact,82428,0.0008535420056432486,a4eb38f0a91386d864c6566aae4b1e101e9250426be2f12efc12f58ef66ef99a,0.014528041996527463,"[""compact"", ""fresh""]",0.005794875003630295,0,0.0005798749916721135,True,0.003070833015954122,2,5.00003807246685e-07,0.008733166992897168,10001,0.001181375002488494,3250905,b7d4a92c7e34246af8d941647cb1e9abf7979875359fb1292dac635010751366,3,ordinary buffered local write/close/read; no fsync; trusted bytes,2026-09-26T07:46:26.221506+00:00,2,0.00038225000025704503
0.2314352079993114,adult_k10_seed10001,adult,1.4874996850267053e-05,fresh,82428,0.0008713340212125331,a4eb38f0a91386d864c6566aae4b1e101e9250426be2f12efc12f58ef66ef99a,0.2331412080093287,"[""compact"", ""fresh""]",0.0008223330078180879,1,3.125000512227416e-05,True,5.875015631318092e-06,2,1.233298098668456e-05,0.2323188750015106,10001,8.583010639995337e-06,308,aa974860d1b3287e6f27824e266bb3807981c604ad89723af72a6a734cc2a97b,3,ordinary buffered local write/close/read; no fsync; trusted bytes,2026-09-26T07:46:26.456915+00:00,2,0.0007617499795742333
0.24211187497712672,adult_k10_seed10002,adult,2.3542001144960523e-05,fresh,82418,0.000945459003560245,5e85765098e54fc4144558f37bc8c194ee6583cf3798e869254103c15ee543f6,0.24340866701095365,"[""fresh"", ""compact""]",0.0003277920186519623,0,0.00019408302614465356,True,6.624992238357663e-06,0,2.3541011614724994e-05,0.2430808749923017,10002,1.4999997802078724e-05,312,72eea0be26c63d38d9667e3a51ba8b39df816b17f3996b3e440d5a5162a62ae4,1,ordinary buffered local write/close/read; no fsync; trusted bytes,2026-09-26T07:46:28.746143+00:00,0,8.854200132191181e-05
0.008210708008846268,adult_k10_seed10002,adult,0.0008231669780798256,compact,82418,0.0008254579734057188,5e85765098e54fc4144558f37bc8c194ee6583cf3798e869254103c15ee543f6,0.015692915971158072,"[""fresh"", ""compact""]",0.006656290992395952,1,0.0005343750235624611,True,0.0033286660036537796,0,4.5899651013314724e-07,0.00903662497876212,10002,0.0012717499921564013,3317926,9268b5fb5f88511c4db08ecd9fed9b1d7a3c1609baab6e2c8a25c714187c0778,1,ordinary buffered local write/close/read; no fsync; trusted bytes,2026-09-26T07:46:28.764152+00:00,0,0.0006983329949434847
0.007863292004913092,adult_k10_seed10002,adult,0.0005716670129913837,compact,82424,0.0008492080087307841,0d038182cb103aa62a1bdf5589fee1c472146fec8de57e81371915c21ced225f,0.014658708008937538,"[""compact"", ""fresh""]",0.0059455000155139714,0,0.0005725829978473485,True,0.0031643749971408397,0,7.079797796905041e-07,0.008713207993423566,10002,0.001237165997736156,3284420,aa58855ca20275f3c9c32665c2165f8abc971f7440c32dc2c40029df788fbaf3,2,ordinary buffered local write/close/read; no fsync; trusted bytes,2026-09-26T07:46:30.269257+00:00,1,0.00039970900979824364
0.23385391701594926,adult_k10_seed10002,adult,1.6000005416572094e-05,fresh,82424,0.0008337920007761568,0d038182cb103aa62a1bdf5589fee1c472146fec8de57e81371915c21ced225f,0.235014375008177,"[""compact"", ""fresh""]",0.0003125829971395433,1,0.0001897919864859432,True,5.95799065195024e-06,0,1.4082994312047958e-05,0.23470179201103747,10002,9.292009053751826e-06,310,0647177df76d12ae0184f6c57cf116dbf3eb71e59eb0066c902a93c9a9923c3b,2,ordinary buffered local write/close/read; no fsync; trusted bytes,2026-09-26T07:46:30.506545+00:00,1,9.154100553132594e-05
0.23256858400418423,adult_k10_seed10002,adult,1.4874996850267053e-05,fresh,82430,0.0009196659957524389,787daae254c239447ba5295e21bd74a32783a0cf3969b22b3bb8a08c005daeaf,0.23382654099259526,"[""fresh"", ""compact""]",0.0003133749996777624,0,0.00018825000734068453,True,6.04201341047883e-06,0,2.491599298082292e-05,0.2335131659929175,10002,9.624985978007317e-06,308,aa974860d1b3287e6f27824e266bb3807981c604ad89723af72a6a734cc2a97b,3,ordinary buffered local write/close/read; no fsync; trusted bytes,2026-09-26T07:46:32.238147+00:00,2,9.458299609832466e-05
0.007919916999526322,adult_k10_seed10002,adult,0.0007172500190790743,compact,82430,0.0007171250181272626,787daae254c239447ba5295e21bd74a32783a0cf3969b22b3bb8a08c005daeaf,0.014867375022731721,"[""fresh"", ""compact""]",0.006230083003174514,1,0.0005472920020110905,True,0.0030627079831901938,0,2.500019036233425e-07,0.008637292019557208,10002,0.0011654580011963844,3250905,4db90fcaaf407ac12a8257647bcaa986f324931f3dfc0c173981c614d7c3392a,3,ordinary buffered local write/close/read; no fsync; trusted bytes,2026-09-26T07:46:32.255314+00:00,2,0.0007373749976977706
0.008011708006961271,adult_k10_seed10002,adult,0.0005326249811332673,compact,82418,0.0008661669853609055,5e85765098e54fc4144558f37bc8c194ee6583cf3798e869254103c15ee543f6,0.014758166973479092,"[""compact"", ""fresh""]",0.005879957985598594,0,0.0005804579996038228,True,0.0031919169996399432,1,3.33995558321476e-07,0.008878208987880498,10002,0.0011691249965224415,3317926,9268b5fb5f88511c4db08ecd9fed9b1d7a3c1609baab6e2c8a25c714187c0778,1,ordinary buffered local write/close/read; no fsync; trusted bytes,2026-09-26T07:46:34.047362+00:00,0,0.0004058330086991191
0.23749237501760945,adult_k10_seed10002,adult,1.545899431221187e-05,fresh,82418,0.0008312079880852252,5e85765098e54fc4144558f37bc8c194ee6583cf3798e869254103c15ee543f6,0.2386614169809036,"[""compact"", ""fresh""]",0.0003251669986639172,1,0.00019783299649134278,True,5.875015631318092e-06,1,1.2666976545006037e-05,0.23833624998223968,10002,9.042007150128484e-06,312,72eea0be26c63d38d9667e3a51ba8b39df816b17f3996b3e440d5a5162a62ae4,1,ordinary buffered local write/close/read; no fsync; trusted bytes,2026-09-26T07:46:34.288376+00:00,0,9.695798507891595e-05
0.2343638330057729,adult_k10_seed10002,adult,1.5459023416042328e-05,fresh,82424,0.0008682500047143549,0d038182cb103aa62a1bdf5589fee1c472146fec8de57e81371915c21ced225f,0.23556079101399519,"[""fresh"", ""compact""]",0.00030750001315027475,0,0.00018524998449720442,True,6.249989382922649e-06,1,2.1207990357652307e-05,0.2352532910008449,10002,9.25001222640276e-06,310,0647177df76d12ae0184f6c57cf116dbf3eb71e59eb0066c902a93c9a9923c3b,2,ordinary buffered local write/close/read; no fsync; trusted bytes,2026-09-26T07:46:35.642120+00:00,1,9.12910036277026e-05
0.007983459014212713,adult_k10_seed10002,adult,0.0005442920082714409,compact,82424,0.0007594579947181046,0d038182cb103aa62a1bdf5589fee1c472146fec8de57e81371915c21ced225f,0.014815917034866288,"[""fresh"", ""compact""]",0.006072750024031848,1,0.0005191249947529286,True,0.0029662080050911754,1,2.500019036233425e-07,0.00874316701083444,10002,0.0013068340194877237,3284420,aa58855ca20275f3c9c32665c2165f8abc971f7440c32dc2c40029df788fbaf3,2,ordinary buffered local write/close/read; no fsync; trusted bytes,2026-09-26T07:46:35.659287+00:00,1,0.0007362909964285791
0.007778041996061802,adult_k10_seed10002,adult,0.0005772920267190784,compact,82430,0.0008537499816156924,787daae254c239447ba5295e21bd74a32783a0cf3969b22b3bb8a08c005daeaf,0.0145496669865679,"[""compact"", ""fresh""]",0.005917292000958696,0,0.0005381669907364994,True,0.0032296249992214143,1,5.830079317092896e-07,0.008632374985609204,10002,0.0011857499775942415,3250905,4db90fcaaf407ac12a8257647bcaa986f324931f3dfc0c173981c614d7c3392a,3,ordinary buffered local write/close/read; no fsync; trusted bytes,2026-09-26T07:46:36.779440+00:00,2,0.00038645800668746233
0.2305700420110952,adult_k10_seed10002,adult,1.3999990187585354e-05,fresh,82430,0.000865417008753866,787daae254c239447ba5295e21bd74a32783a0cf3969b22b3bb8a08c005daeaf,0.23175866602105089,"[""compact"", ""fresh""]",0.0003102910122834146,1,0.0001917910121846944,True,5.62501372769475e-06,1,1.291598891839385e-05,0.23144837500876747,10002,9.25001222640276e-06,308,aa974860d1b3287e6f27824e266bb3807981c604ad89723af72a6a734cc2a97b,3,ordinary buffered local write/close/read; no fsync; trusted bytes,2026-09-26T07:46:37.013465+00:00,2,8.962498395703733e-05
0.23753474999102764,adult_k10_seed10002,adult,1.4999997802078724e-05,fresh,82418,0.0008735830197110772,5e85765098e54fc4144558f37bc8c194ee6583cf3798e869254103c15ee543f6,0.23874841601355,"[""fresh"", ""compact""]",0.0003195000172127038,0,0.0001943749957717955,True,5.5000127758830786e-06,2,2.058298559859395e-05,0.2384289159963373,10002,9.08400397747755e-06,312,72eea0be26c63d38d9667e3a51ba8b39df816b17f3996b3e440d5a5162a62ae4,1,ordinary buffered local write/close/read; no fsync; trusted bytes,2026-09-26T07:46:38.681131+00:00,0,9.554100688546896e-05
0.007871875015553087,adult_k10_seed10002,adult,0.0005725829978473485,compact,82418,0.000760875002015382,5e85765098e54fc4144558f37bc8c194ee6583cf3798e869254103c15ee543f6,0.014620625035604462,"[""fresh"", ""compact""]",0.00598762501613237,1,0.0005284590006340295,True,0.003231583017623052,2,2.500019036233425e-07,0.008633000019472092,10002,0.0012345420254860073,3317926,9268b5fb5f88511c4db08ecd9fed9b1d7a3c1609baab6e2c8a25c714187c0778,1,ordinary buffered local write/close/read; no fsync; trusted bytes,2026-09-26T07:46:38.698047+00:00,0,0.00042045797454193234
0.007956208020914346,adult_k10_seed10002,adult,0.0005877079966012388,compact,82424,0.0008548329933546484,0d038182cb103aa62a1bdf5589fee1c472146fec8de57e81371915c21ced225f,0.014476499985903502,"[""compact"", ""fresh""]",0.005664833995979279,0,0.0005589590000454336,True,0.002962166996439919,2,6.249756552278996e-07,0.008811665989924222,10002,0.0011490840115584433,3284420,aa58855ca20275f3c9c32665c2165f8abc971f7440c32dc2c40029df788fbaf3,2,ordinary buffered local write/close/read; no fsync; trusted bytes,2026-09-26T07:46:39.832669+00:00,1,0.0004069159913342446
0.23483779100934044,adult_k10_seed10002,adult,1.5541998436674476e-05,fresh,82424,0.000966041989158839,0d038182cb103aa62a1bdf5589fee1c472146fec8de57e81371915c21ced225f,0.23613899998599663,"[""compact"", ""fresh""]",0.00032095800270326436,1,0.00017633300740271807,True,6.624992238357663e-06,2,1.4208984794095159e-05,0.23581804198329337,10002,9.750016033649445e-06,310,0647177df76d12ae0184f6c57cf116dbf3eb71e59eb0066c902a93c9a9923c3b,2,ordinary buffered local write/close/read; no fsync; trusted bytes,2026-09-26T07:46:40.070987+00:00,1,0.0001127079885918647
0.23140712501481175,adult_k10_seed10002,adult,1.60830095410347e-05,fresh,82430,0.0008803749806247652,787daae254c239447ba5295e21bd74a32783a0cf3969b22b3bb8a08c005daeaf,0.23262041696580127,"[""fresh"", ""compact""]",0.0003114999854005873,0,0.0001824169885367155,True,5.791982403025031e-06,2,2.141698496416211e-05,0.23230891698040068,10002,8.708011591807008e-06,308,aa974860d1b3287e6f27824e266bb3807981c604ad89723af72a6a734cc2a97b,3,ordinary buffered local write/close/read; no fsync; trusted bytes,2026-09-26T07:46:41.409333+00:00,2,9.849999332800508e-05
0.00773549999576062,adult_k10_seed10002,adult,0.0005301659984979779,compact,82430,0.0007597919902764261,787daae254c239447ba5295e21bd74a32783a0cf3969b22b3bb8a08c005daeaf,0.014479624980594963,"[""fresh"", ""compact""]",0.005983999988529831,1,0.0005244589992798865,True,0.002904249995481223,2,3.3300602808594704e-07,0.008495624992065132,10002,0.0012575000000651926,3250905,4db90fcaaf407ac12a8257647bcaa986f324931f3dfc0c173981c614d7c3392a,3,ordinary buffered local write/close/read; no fsync; trusted bytes,2026-09-26T07:46:41.426193+00:00,2,0.0007676249952055514
0.008401250001043081,adult_k10_seed10003,adult,0.0006088750087656081,compact,82422,0.0009296670032199472,fd58fc90bf5e6a5c486a034a5fc90d50ce906bfec4fbf64d8dc5a9eda2c479f2,0.01505829198868014,"[""compact"", ""fresh""]",0.005726709001464769,0,0.0005286669766064733,True,0.002974167000502348,0,6.659829523414373e-07,0.00933158298721537,10003,0.0012077919964212924,3317926,349cdd8a69f457b81c1103abf57e6a7688afa48175a9a750bea735c54afaf1aa,1,ordinary buffered local write/close/read; no fsync; trusted bytes,2026-09-26T07:46:43.502028+00:00,0,0.0004072080191690475
0.2405890410009306,adult_k10_seed10003,adult,1.7332989955320954e-05,fresh,82422,0.0008318750187754631,fd58fc90bf5e6a5c486a034a5fc90d50ce906bfec4fbf64d8dc5a9eda2c479f2,0.2417699579964392,"[""compact"", ""fresh""]",0.00032049999572336674,1,0.000203417002921924,True,5.749985575675964e-06,0,2.854198100976646e-05,0.24144945800071582,10003,9.334005881100893e-06,312,72eea0be26c63d38d9667e3a51ba8b39df816b17f3996b3e440d5a5162a62ae4,1,ordinary buffered local write/close/read; no fsync; trusted bytes,2026-09-26T07:46:43.746217+00:00,0,8.466601138934493e-05
0.2333718330191914,adult_k10_seed10003,adult,1.6958016203716397e-05,fresh,82410,0.0008228749793488532,9c87c4d6c64f29cad1330442f6b29dbd76bd084b9d95f8030f46e99441af18a7,0.23437024996383116,"[""fresh"", ""compact""]",0.00015516698476858437,0,3.008398925885558e-05,True,5.999987479299307e-06,0,2.0374980522319674e-05,0.23421508297906257,10003,9.41698090173304e-06,310,0647177df76d12ae0184f6c57cf116dbf3eb71e59eb0066c902a93c9a9923c3b,2,ordinary buffered local write/close/read; no fsync; trusted bytes,2026-09-26T07:46:45.465329+00:00,1,9.270801092498004e-05
0.007938334019854665,adult_k10_seed10003,adult,0.0008156249823514372,compact,82410,0.000780749978730455,9c87c4d6c64f29cad1330442f6b29dbd76bd084b9d95f8030f46e99441af18a7,0.015043374995002523,"[""fresh"", ""compact""]",0.006323958019493148,1,0.0005295420123729855,True,0.0030678330222144723,0,3.329769242554903e-07,0.008719416975509375,10003,0.0011841660016216338,3284420,367ea823d2360c27365e99012f0115de56396c44dfb0453feeb034d9240d23d6,2,ordinary buffered local write/close/read; no fsync; trusted bytes,2026-09-26T07:46:45.482607+00:00,1,0.000726792000932619
0.007899499993072823,adult_k10_seed10003,adult,0.0006233749736566097,compact,82424,0.0008347500115633011,8e22d3acacc31b612b4d69d802bdd0df162bd7bd6978ed28b19f5593f12f0706,0.014769249013625085,"[""compact"", ""fresh""]",0.006034541002009064,0,0.0005597080162260681,True,0.003250250010751188,0,4.580069798976183e-07,0.008734708011616021,10003,0.0011681250180117786,3250905,527b8df829220cd22184361b7a473c757aa8ae852a01f1ebdde3160c2502e517,3,ordinary buffered local write/close/read; no fsync; trusted bytes,2026-09-26T07:46:46.956922+00:00,2,0.00043308298336341977
0.23359254200477153,adult_k10_seed10003,adult,1.541597885079682e-05,fresh,82424,0.0008862919930834323,8e22d3acacc31b612b4d69d802bdd0df162bd7bd6978ed28b19f5593f12f0706,0.23481654198258184,"[""compact"", ""fresh""]",0.0003247499989811331,1,0.0002000840031541884,True,5.709007382392883e-06,0,1.2957985745742917e-05,0.2344917919836007,10003,8.583010639995337e-06,308,aa974860d1b3287e6f27824e266bb3807981c604ad89723af72a6a734cc2a97b,3,ordinary buffered local write/close/read; no fsync; trusted bytes,2026-09-26T07:46:47.193978+00:00,2,9.495799895375967e-05
0.2379614590026904,adult_k10_seed10003,adult,1.550000160932541e-05,fresh,82422,0.0008519160037394613,fd58fc90bf5e6a5c486a034a5fc90d50ce906bfec4fbf64d8dc5a9eda2c479f2,0.23912687500705943,"[""fresh"", ""compact""]",0.00029387499671429396,0,0.00016554200556129217,True,6.082991603761911e-06,1,1.9625003915280104e-05,0.23883300001034513,10003,8.834002073854208e-06,312,72eea0be26c63d38d9667e3a51ba8b39df816b17f3996b3e440d5a5162a62ae4,1,ordinary buffered local write/close/read; no fsync; trusted bytes,2026-09-26T07:46:49.197554+00:00,0,9.791599586606026e-05
0.008136833988828585,adult_k10_seed10003,adult,0.0006058750150259584,compact,82422,0.0007605410064570606,fd58fc90bf5e6a5c486a034a5fc90d50ce906bfec4fbf64d8dc5a9eda2c479f2,0.015161749004619196,"[""fresh"", ""compact""]",0.006264083000132814,1,0.0005179999861866236,True,0.0031257910013664514,1,2.910092007368803e-07,0.008897666004486382,10003,0.0012120000028517097,3317926,349cdd8a69f457b81c1103abf57e6a7688afa48175a9a750bea735c54afaf1aa,1,ordinary buffered local write/close/read; no fsync; trusted bytes,2026-09-26T07:46:49.214967+00:00,0,0.000802416994702071
0.0079038749972824,adult_k10_seed10003,adult,0.0006433749804273248,compact,82410,0.0008596250263508409,9c87c4d6c64f29cad1330442f6b29dbd76bd084b9d95f8030f46e99441af18a7,0.014699624996865168,"[""compact"", ""fresh""]",0.005935499997576699,0,0.0005785830144304782,True,0.003045207995455712,1,6.249756552278996e-07,0.00876412499928847,10003,0.0012378340179566294,3284420,367ea823d2360c27365e99012f0115de56396c44dfb0453feeb034d9240d23d6,2,ordinary buffered local write/close/read; no fsync; trusted bytes,2026-09-26T07:46:50.348749+00:00,1,0.0004304999893065542
0.23442645801696926,adult_k10_seed10003,adult,1.8499995348975062e-05,fresh,82410,0.0008619170112069696,9c87c4d6c64f29cad1330442f6b29dbd76bd084b9d95f8030f46e99441af18a7,0.23560941699543037,"[""compact"", ""fresh""]",0.00030862499261274934,1,0.00018408300820738077,True,6.041984306648374e-06,1,1.2416974641382694e-05,0.23530079200281762,10003,8.583010639995337e-06,310,0647177df76d12ae0184f6c57cf116dbf3eb71e59eb0066c902a93c9a9923c3b,2,ordinary buffered local write/close/read; no fsync; trusted bytes,2026-09-26T07:46:50.586542+00:00,1,9.14169941097498e-05
0.23476466699503362,adult_k10_seed10003,adult,1.5083991456776857e-05,fresh,82424,0.0008604580070823431,8e22d3acacc31b612b4d69d802bdd0df162bd7bd6978ed28b19f5593f12f0706,0.2359473750111647,"[""fresh"", ""compact""]",0.0003022919991053641,0,0.00018362500122748315,True,6.083020707592368e-06,1,1.995800994336605e-05,0.23564508301205933,10003,8.958973921835423e-06,308,aa974860d1b3287e6f27824e266bb3807981c604ad89723af72a6a734cc2a97b,3,ordinary buffered local write/close/read; no fsync; trusted bytes,2026-09-26T07:46:51.930810+00:00,2,8.854101179167628e-05
0.007996333006303757,adult_k10_seed10003,adult,0.000572290999116376,compact,82424,0.000773874984588474,8e22d3acacc31b612b4d69d802bdd0df162bd7bd6978ed28b19f5593f12f0706,0.015159582981141284,"[""fresh"", ""compact""]",0.006389124988345429,1,0.0006706670101266354,True,0.003134541999315843,1,2.500019036233425e-07,0.008770457992795855,10003,0.001192625000840053,3250905,527b8df829220cd22184361b7a473c757aa8ae852a01f1ebdde3160c2502e517,3,ordinary buffered local write/close/read; no fsync; trusted bytes,2026-09-26T07:46:51.948310+00:00,2,0.0008189999789465219
0.008082665997790173,adult_k10_seed10003,adult,0.0005788749840576202,compact,82422,0.000858584011439234,fd58fc90bf5e6a5c486a034a5fc90d50ce906bfec4fbf64d8dc5a9eda2c479f2,0.014683584013255313,"[""compact"", ""fresh""]",0.005741583998315036,0,0.000535375002073124,True,0.0030214590078685433,2,7.500057108700275e-07,0.008942000014940277,10003,0.001173791999462992,3317926,349cdd8a69f457b81c1103abf57e6a7688afa48175a9a750bea735c54afaf1aa,1,ordinary buffered local write/close/read; no fsync; trusted bytes,2026-09-26T07:46:53.378668+00:00,0,0.00043208300485275686
0.23751162498956546,adult_k10_seed10003,adult,1.4707999071106315e-05,fresh,82422,0.0008680419996380806,fd58fc90bf5e6a5c486a034a5fc90d50ce906bfec4fbf64d8dc5a9eda2c479f2,0.23870437502046116,"[""compact"", ""fresh""]",0.0003115000145044178,1,0.00018950001685880125,True,6.124988431110978e-06,2,1.3208016753196716e-05,0.23839287500595674,10003,8.95900302566588e-06,312,72eea0be26c63d38d9667e3a51ba8b39df816b17f3996b3e440d5a5162a62ae4,1,ordinary buffered local write/close/read; no fsync; trusted bytes,2026-09-26T07:46:53.619735+00:00,0,9.220800711773336e-05
0.2340087089978624,adult_k10_seed10003,adult,1.8167018424719572e-05,fresh,82410,0.0008579579880461097,9c87c4d6c64f29cad1330442f6b29dbd76bd084b9d95f8030f46e99441af18a7,0.23520137500599958,"[""fresh"", ""compact""]",0.00031674999627284706,0,0.00019449999672360718,True,5.832989700138569e-06,2,1.7958023818209767e-05,0.23488462500972673,10003,8.25000461190939e-06,310,0647177df76d12ae0184f6c57cf116dbf3eb71e59eb0066c902a93c9a9923c3b,2,ordinary buffered local write/close/read; no fsync; trusted bytes,2026-09-26T07:46:54.974871+00:00,1,8.999998681247234e-05
0.00792108301538974,adult_k10_seed10003,adult,0.0005903749843128026,compact,82410,0.0007721250003669411,9c87c4d6c64f29cad1330442f6b29dbd76bd084b9d95f8030f46e99441af18a7,0.015038541023386642,"[""fresh"", ""compact""]",0.006345000001601875,1,0.0005141250148881227,True,0.0031434580159839243,2,3.3300602808594704e-07,0.008693541021784768,10003,0.0012709169823210686,3284420,367ea823d2360c27365e99012f0115de56396c44dfb0453feeb034d9240d23d6,2,ordinary buffered local write/close/read; no fsync; trusted bytes,2026-09-26T07:46:54.992255+00:00,1,0.0008261250040959567
0.008010000019567087,adult_k10_seed10003,adult,0.0005604159960057586,compact,82424,0.0008452920010313392,8e22d3acacc31b612b4d69d802bdd0df162bd7bd6978ed28b19f5593f12f0706,0.014774833020055667,"[""compact"", ""fresh""]",0.005919083021581173,0,0.0005857500073034316,True,0.0031692500051576644,2,4.5797787606716156e-07,0.008855749998474494,10003,0.001176042016595602,3250905,527b8df829220cd22184361b7a473c757aa8ae852a01f1ebdde3160c2502e517,3,ordinary buffered local write/close/read; no fsync; trusted bytes,2026-09-26T07:46:56.120398+00:00,2,0.0004276249965187162
0.23107687500305474,adult_k10_seed10003,adult,1.5124998753890395e-05,fresh,82424,0.0008808340062387288,8e22d3acacc31b612b4d69d802bdd0df162bd7bd6978ed28b19f5593f12f0706,0.23229658300988376,"[""compact"", ""fresh""]",0.00032504100818187,1,0.00019854199490509927,True,5.791021976619959e-06,2,1.3832992408424616e-05,0.2319715420017019,10003,9.58298915065825e-06,308,aa974860d1b3287e6f27824e266bb3807981c604ad89723af72a6a734cc2a97b,3,ordinary buffered local write/close/read; no fsync; trusted bytes,2026-09-26T07:46:56.355158+00:00,2,9.600000339560211e-05
0.24528624999220483,adult_k10_seed10004,adult,1.9875005818903446e-05,fresh,82428,0.000799917004769668,616c259413991a5e980c13bcec4180fc08c583fb7fad67a11a913c9cb543da1f,0.24625587501213886,"[""fresh"", ""compact""]",0.0001473749871365726,0,2.491698251105845e-05,True,6.665999535471201e-06,0,2.2333028027787805e-05,0.24610850002500229,10004,1.2417003745213151e-05,312,72eea0be26c63d38d9667e3a51ba8b39df816b17f3996b3e440d5a5162a62ae4,1,ordinary buffered local write/close/read; no fsync; trusted bytes,2026-09-26T07:46:58.624418+00:00,0,8.349999552592635e-05
0.008110374998068437,adult_k10_seed10004,adult,0.000851332995807752,compact,82428,0.0008124590094666928,616c259413991a5e980c13bcec4180fc08c583fb7fad67a11a913c9cb543da1f,0.015580084000248462,"[""fresh"", ""compact""]",0.0066567919857334346,1,0.000498417008202523,True,0.0032894999894779176,0,4.580069798976183e-07,0.008923292014515027,10004,0.0012174999865237623,3317926,bc94102a182d2dec352830a8c80b985256e4c056ba119bc2ca749481c3add7b6,1,ordinary buffered local write/close/read; no fsync; trusted bytes,2026-09-26T07:46:58.642353+00:00,0,0.0008000420057214797
0.008036957995500416,adult_k10_seed10004,adult,0.0007672499923501164,compact,82418,0.0008587500196881592,898477e58c1da24411f40e73f8a704f52e682c2b3e216fc8ba86a5cab05fdcbc,0.014952791010728106,"[""compact"", ""fresh""]",0.0060566249885596335,0,0.0005417909997049719,True,0.0031685839931014925,0,4.580069798976183e-07,0.008896166022168472,10004,0.001179665996460244,3284420,8b2da3a2caf73d1f57e52fdce242157cc29e0af7a0dcdcd8577abb6bd7441609,2,ordinary buffered local write/close/read; no fsync; trusted bytes,2026-09-26T07:47:00.127968+00:00,1,0.00039933400694280863
0.2345712079841178,adult_k10_seed10004,adult,1.737498678267002e-05,fresh,82418,0.0008559589914511889,898477e58c1da24411f40e73f8a704f52e682c2b3e216fc8ba86a5cab05fdcbc,0.23575000002165325,"[""compact"", ""fresh""]",0.0003085000207647681,1,0.00017962499987334013,True,6.333022611215711e-06,0,1.4333025319501758e-05,0.23544150000088848,10004,9.37501317821443e-06,310,0647177df76d12ae0184f6c57cf116dbf3eb71e59eb0066c902a93c9a9923c3b,2,ordinary buffered local write/close/read; no fsync; trusted bytes,2026-09-26T07:47:00.366139+00:00,1,9.579199831932783e-05
0.23350462500820868,adult_k10_seed10004,adult,1.4874996850267053e-05,fresh,82414,0.0008926669834181666,ea61696aa0724388c9684fb1852d3487196675244f5ca57d8a907030b5b407e0,0.2347358749830164,"[""fresh"", ""compact""]",0.0003158329927828163,0,0.00019633400370366871,True,6.290996680036187e-06,0,2.274999860674143e-05,0.23442004199023359,10004,9.583018254488707e-06,308,aa974860d1b3287e6f27824e266bb3807981c604ad89723af72a6a734cc2a97b,3,ordinary buffered local write/close/read; no fsync; trusted bytes,2026-09-26T07:47:02.043197+00:00,2,8.874997729435563e-05
0.008028083015233278,adult_k10_seed10004,adult,0.0007435409934259951,compact,82414,0.0008398749923799187,ea61696aa0724388c9684fb1852d3487196675244f5ca57d8a907030b5b407e0,0.015016166988061741,"[""fresh"", ""compact""]",0.0061478340066969395,1,0.0005139170098118484,True,0.003025584010174498,0,3.7497375160455704e-07,0.008868332981364802,10004,0.0012461250007618219,3250905,39f10063bd5f2fc8f8e144af6a6fd0f1842a5499ad29ed8c7f3413977c19039e,3,ordinary buffered local write/close/read; no fsync; trusted bytes,2026-09-26T07:47:02.060619+00:00,2,0.0006186669925227761
0.007729000004474074,adult_k10_seed10004,adult,0.0005838749930262566,compact,82428,0.0009222080116160214,616c259413991a5e980c13bcec4180fc08c583fb7fad67a11a913c9cb543da1f,0.014409791998332366,"[""compact"", ""fresh""]",0.005758124985732138,0,0.0005355000030249357,True,0.0029965839930810034,1,4.5899651013314724e-07,0.008651667012600228,10004,0.0012590829865075648,3317926,bc94102a182d2dec352830a8c80b985256e4c056ba119bc2ca749481c3add7b6,1,ordinary buffered local write/close/read; no fsync; trusted bytes,2026-09-26T07:47:03.826857+00:00,0,0.00038308301009237766
0.2357727079943288,adult_k10_seed10004,adult,1.7707992810755968e-05,fresh,82428,0.0008415420015808195,616c259413991a5e980c13bcec4180fc08c583fb7fad67a11a913c9cb543da1f,0.23735895799472928,"[""compact"", ""fresh""]",0.0007300830038730055,1,3.704198752529919e-05,True,7.499998901039362e-06,1,1.462499494664371e-05,0.23662887499085627,10004,8.791015716269612e-06,312,72eea0be26c63d38d9667e3a51ba8b39df816b17f3996b3e440d5a5162a62ae4,1,ordinary buffered local write/close/read; no fsync; trusted bytes,2026-09-26T07:47:04.066505+00:00,0,0.0006590420089196414
0.23348708401317708,adult_k10_seed10004,adult,1.6833015251904726e-05,fresh,82418,0.0008879999804776162,898477e58c1da24411f40e73f8a704f52e682c2b3e216fc8ba86a5cab05fdcbc,0.23457212498760782,"[""fresh"", ""compact""]",0.00017262500477954745,0,3.024999750778079e-05,True,7.750000804662704e-06,1,2.4415989173576236e-05,0.23439949998282827,10004,9.624985978007317e-06,310,0647177df76d12ae0184f6c57cf116dbf3eb71e59eb0066c902a93c9a9923c3b,2,ordinary buffered local write/close/read; no fsync; trusted bytes,2026-09-26T07:47:05.405009+00:00,1,0.00010816700523719192
0.008154415991157293,adult_k10_seed10004,adult,0.000592917000176385,compact,82418,0.0007794590201228857,898477e58c1da24411f40e73f8a704f52e682c2b3e216fc8ba86a5cab05fdcbc,0.014942542009521276,"[""fresh"", ""compact""]",0.006008500000461936,1,0.0005846249987371266,True,0.003200040984665975,1,1.66997779160738e-07,0.00893404200905934,10004,0.001230709021911025,3284420,8b2da3a2caf73d1f57e52fdce242157cc29e0af7a0dcdcd8577abb6bd7441609,2,ordinary buffered local write/close/read; no fsync; trusted bytes,2026-09-26T07:47:05.422244+00:00,1,0.00040020799497142434
0.00859041599323973,adult_k10_seed10004,adult,0.0007107080018613487,compact,82414,0.0009305000130552799,ea61696aa0724388c9684fb1852d3487196675244f5ca57d8a907030b5b407e0,0.016330250015016645,"[""compact"", ""fresh""]",0.006808917009038851,0,0.0005535839882213622,True,0.003372417006175965,1,4.169996827840805e-07,0.009521333005977795,10004,0.0017245420021936297,3250905,39f10063bd5f2fc8f8e144af6a6fd0f1842a5499ad29ed8c7f3413977c19039e,3,ordinary buffered local write/close/read; no fsync; trusted bytes,2026-09-26T07:47:06.557911+00:00,2,0.00044766601058654487
0.25215954100713134,adult_k10_seed10004,adult,1.5583005733788013e-05,fresh,82414,0.000804208975750953,ea61696aa0724388c9684fb1852d3487196675244f5ca57d8a907030b5b407e0,0.2531749589543324,"[""compact"", ""fresh""]",0.00019649998284876347,1,2.9749993700534105e-05,True,6.499991286545992e-06,1,1.4708988601341844e-05,0.25297845897148363,10004,9.458977729082108e-06,308,aa974860d1b3287e6f27824e266bb3807981c604ad89723af72a6a734cc2a97b,3,ordinary buffered local write/close/read; no fsync; trusted bytes,2026-09-26T07:47:06.814077+00:00,2,0.00013520801439881325
0.25139962500543334,adult_k10_seed10004,adult,1.4666002243757248e-05,fresh,82428,0.0008081659907475114,616c259413991a5e980c13bcec4180fc08c583fb7fad67a11a913c9cb543da1f,0.25244483299320564,"[""fresh"", ""compact""]",0.00021591701079159975,0,3.2167008612304926e-05,True,6.416987162083387e-06,2,2.1124986233189702e-05,0.25222891598241404,10004,8.917006198316813e-06,312,72eea0be26c63d38d9667e3a51ba8b39df816b17f3996b3e440d5a5162a62ae4,1,ordinary buffered local write/close/read; no fsync; trusted bytes,2026-09-26T07:47:08.524787+00:00,0,0.00015375000657513738
0.008293625025544316,adult_k10_seed10004,adult,0.0006804999720770866,compact,82428,0.0008519169932696968,616c259413991a5e980c13bcec4180fc08c583fb7fad67a11a913c9cb543da1f,0.015571041993098333,"[""fresh"", ""compact""]",0.0064251250005327165,1,0.0006031250231899321,True,0.003306416008854285,2,3.7497375160455704e-07,0.009145916992565617,10004,0.0012727919965982437,3317926,bc94102a182d2dec352830a8c80b985256e4c056ba119bc2ca749481c3add7b6,1,ordinary buffered local write/close/read; no fsync; trusted bytes,2026-09-26T07:47:08.542726+00:00,0,0.0005622919998131692
0.008960791979916394,adult_k10_seed10004,adult,0.0006067909998819232,compact,82418,0.0009514169942121953,898477e58c1da24411f40e73f8a704f52e682c2b3e216fc8ba86a5cab05fdcbc,0.016401416971348226,"[""compact"", ""fresh""]",0.006488624989287928,0,0.0005226250214036554,True,0.003384708979865536,2,5.830079317092896e-07,0.009912791982060298,10004,0.0014563330041710287,3284420,8b2da3a2caf73d1f57e52fdce242157cc29e0af7a0dcdcd8577abb6bd7441609,2,ordinary buffered local write/close/read; no fsync; trusted bytes,2026-09-26T07:47:09.735127+00:00,1,0.0005181669839657843
0.26143183300155215,adult_k10_seed10004,adult,1.5166995581239462e-05,fresh,82418,0.0008651250100228935,898477e58c1da24411f40e73f8a704f52e682c2b3e216fc8ba86a5cab05fdcbc,0.26248125001438893,"[""compact"", ""fresh""]",0.00016862500342540443,1,3.2374984584748745e-05,True,6.54099858365953e-06,2,1.5666999388486147e-05,0.26231262501096353,10004,9.584007784724236e-06,310,0647177df76d12ae0184f6c57cf116dbf3eb71e59eb0066c902a93c9a9923c3b,2,ordinary buffered local write/close/read; no fsync; trusted bytes,2026-09-26T07:47:10.000198+00:00,1,0.00010495801689103246
0.24979712499771267,adult_k10_seed10004,adult,1.5375000657513738e-05,fresh,82414,0.0008854170155245811,ea61696aa0724388c9684fb1852d3487196675244f5ca57d8a907030b5b407e0,0.25086383303278126,"[""fresh"", ""compact""]",0.0001554580230731517,0,2.795798354782164e-05,True,6.500020390376449e-06,2,2.5832996470853686e-05,0.2507083750097081,10004,9.833020158112049e-06,308,aa974860d1b3287e6f27824e266bb3807981c604ad89723af72a6a734cc2a97b,3,ordinary buffered local write/close/read; no fsync; trusted bytes,2026-09-26T07:47:11.430213+00:00,2,9.579199831932783e-05
0.008211791981011629,adult_k10_seed10004,adult,0.0005891250038985163,compact,82414,0.0008019579981919378,ea61696aa0724388c9684fb1852d3487196675244f5ca57d8a907030b5b407e0,0.015203999966615811,"[""fresh"", ""compact""]",0.006189999985508621,1,0.0005398339999374002,True,0.003312582994112745,2,2.500019036233425e-07,0.00901399998110719,10004,0.0012970420066267252,3250905,39f10063bd5f2fc8f8e144af6a6fd0f1842a5499ad29ed8c7f3413977c19039e,3,ordinary buffered local write/close/read; no fsync; trusted bytes,2026-09-26T07:47:11.447871+00:00,2,0.0004514159809332341
0.001529708009911701,bank_k10_seed10000,bank,0.00015495799016207457,compact,33630,0.0005413339822553098,10e024de8ec2b15bd8e13f3bfa5550bc789e4a304229ca91b57c662fded241b2,0.0032472079910803586,"[""compact"", ""fresh""]",0.001175665995106101,0,7.18749943189323e-05,True,0.0003961249894928187,0,5.00003807246685e-07,0.0020715419959742576,10000,0.00023100001271814108,266235,60b3e78b32f4b02e15dae4f613bc52e50a7f41b411f684f9050f0db73bf3fa23,1,ordinary buffered local write/close/read; no fsync; trusted bytes,2026-09-26T07:47:13.022001+00:00,0,0.0003217080084141344
0.216557208012091,bank_k10_seed10000,bank,1.5666999388486147e-05,fresh,33630,0.0005323749792296439,10e024de8ec2b15bd8e13f3bfa5550bc789e4a304229ca91b57c662fded241b2,0.21740658397902735,"[""compact"", ""fresh""]",0.00031166698317974806,1,0.00018741597887128592,True,4.250003257766366e-06,0,5.3340045269578695e-06,0.2170949169958476,10000,6.374990334734321e-06,72,134c37472f1b7cd08940923e382e4d73f7dcdb9d8daef70685c7e3c19463a8a1,1,ordinary buffered local write/close/read; no fsync; trusted bytes,2026-09-26T07:47:13.241603+00:00,0,9.795901132747531e-05
0.20264945802045986,bank_k10_seed10000,bank,1.4084012946113944e-05,fresh,33652,0.000589250004850328,fe4584002a09552c5d52517f22d0e7f56b98decfdc2b83fabb45b3c6032d1dac,0.20356312501826324,"[""fresh"", ""compact""]",0.00031312499777413905,0,0.0001945830008480698,True,5.582987796515226e-06,0,1.129199517890811e-05,0.2032500000204891,10000,6.707996362820268e-06,70,80f48d62ca1dab82bc3b5e8a0eb2703b06e111faf8d03f3d4341611c68523520,2,ordinary buffered local write/close/read; no fsync; trusted bytes,2026-09-26T07:47:13.792064+00:00,1,9.216699982061982e-05
0.0013810830132570118,bank_k10_seed10000,bank,0.00013370797387324274,compact,33652,0.0003795420052483678,fe4584002a09552c5d52517f22d0e7f56b98decfdc2b83fabb45b3c6032d1dac,0.0026091250183526427,"[""fresh"", ""compact""]",0.0008482080011162907,1,5.308300023898482e-05,True,0.0003448750067036599,0,2.9199873097240925e-07,0.001760917017236352,10000,0.0002165829937439412,252236,6821cf700cd3dcf01100946500d6e1fa22faffef0f563e9aaa992b12a29cd8bf,2,ordinary buffered local write/close/read; no fsync; trusted bytes,2026-09-26T07:47:13.797171+00:00,1,9.995902655646205e-05
0.0013446670200210065,bank_k10_seed10000,bank,0.00012599999899975955,compact,33646,0.00046012498205527663,8656aabac9f2cf20a4d21dcf951edee119e6ec75ecc0201ed25c8173d6ff66c4,0.003027165977982804,"[""compact"", ""fresh""]",0.001221915998030454,0,5.570900975726545e-05,True,0.00031066598603501916,0,4.5797787606716156e-07,0.0018052499799523503,10000,0.00019787499331869185,238246,57ca9d952f0026ca8ee4ea0928fde1b4da228f5c1ce093bef5e740c7ba8fe1e9,3,ordinary buffered local write/close/read; no fsync; trusted bytes,2026-09-26T07:47:14.126200+00:00,2,0.0005316660099197179
0.19057579201762564,bank_k10_seed10000,bank,1.1333002476021647e-05,fresh,33646,0.000547957984963432,8656aabac9f2cf20a4d21dcf951edee119e6ec75ecc0201ed25c8173d6ff66c4,0.19145308301085606,"[""compact"", ""fresh""]",0.00032550000469200313,1,0.00021079200087115169,True,3.6249984987080097e-06,0,3.8330035749822855e-06,0.19112758300616406,10000,5.95799065195024e-06,68,cc3a4c61695a7500fd4ad173823ae1877b85c1f00e00d71cc7b76d264e7191dd,3,ordinary buffered local write/close/read; no fsync; trusted bytes,2026-09-26T07:47:14.319332+00:00,2,9.379201219417155e-05
0.2138009170012083,bank_k10_seed10000,bank,1.5166995581239462e-05,fresh,33630,0.0005404169787652791,10e024de8ec2b15bd8e13f3bfa5550bc789e4a304229ca91b57c662fded241b2,0.21465441698092036,"[""fresh"", ""compact""]",0.00030833299388177693,0,0.00019270798657089472,True,4.083005478605628e-06,1,4.750007065013051e-06,0.21434608398703858,10000,6.040994776412845e-06,72,134c37472f1b7cd08940923e382e4d73f7dcdb9d8daef70685c7e3c19463a8a1,1,ordinary buffered local write/close/read; no fsync; trusted bytes,2026-09-26T07:47:14.873743+00:00,0,9.033401147462428e-05
0.001414124999428168,bank_k10_seed10000,bank,0.0001197500096168369,compact,33630,0.000380749988835305,10e024de8ec2b15bd8e13f3bfa5550bc789e4a304229ca91b57c662fded241b2,0.002662624989170581,"[""fresh"", ""compact""]",0.0008674999990034848,1,5.520798731595278e-05,True,0.0003690839803311974,1,2.500019036233425e-07,0.0017951249901670963,10000,0.0002245830255560577,266235,60b3e78b32f4b02e15dae4f613bc52e50a7f41b411f684f9050f0db73bf3fa23,1,ordinary buffered local write/close/read; no fsync; trusted bytes,2026-09-26T07:47:14.878784+00:00,0,9.887499618344009e-05
0.0013572079769801348,bank_k10_seed10000,bank,0.00010991698945872486,compact,33652,0.0005079590191598982,fe4584002a09552c5d52517f22d0e7f56b98decfdc2b83fabb45b3c6032d1dac,0.0027043330192100257,"[""compact"", ""fresh""]",0.0008380830113310367,0,8.395800250582397e-05,True,0.0003220000071451068,1,1.0830117389559746e-06,0.001866250007878989,10000,0.00019804100156761706,252236,6821cf700cd3dcf01100946500d6e1fa22faffef0f563e9aaa992b12a29cd8bf,2,ordinary buffered local write/close/read; no fsync; trusted bytes,2026-09-26T07:47:14.975465+00:00,1,0.000124167010653764
0.20365845802007243,bank_k10_seed10000,bank,1.1374999303370714e-05,fresh,33652,0.000525874987943098,fe4584002a09552c5d52517f22d0e7f56b98decfdc2b83fabb45b3c6032d1dac,0.20451179199153557,"[""compact"", ""fresh""]",0.0003201249928679317,1,0.00020812501315958798,True,3.6249984987080097e-06,1,7.333990652114153e-06,0.20419166699866764,10000,5.95799065195024e-06,70,80f48d62ca1dab82bc3b5e8a0eb2703b06e111faf8d03f3d4341611c68523520,2,ordinary buffered local write/close/read; no fsync; trusted bytes,2026-09-26T07:47:15.181502+00:00,1,9.104199125431478e-05
0.1909565840032883,bank_k10_seed10000,bank,1.0332994861528277e-05,fresh,33646,0.00052375000086613,8656aabac9f2cf20a4d21dcf951edee119e6ec75ecc0201ed25c8173d6ff66c4,0.19162370800040662,"[""fresh"", ""compact""]",0.00013820797903463244,0,2.995898830704391e-05,True,3.1249946914613247e-06,1,5.166017217561603e-06,0.191485500021372,10000,6.082991603761911e-06,68,cc3a4c61695a7500fd4ad173823ae1877b85c1f00e00d71cc7b76d264e7191dd,3,ordinary buffered local write/close/read; no fsync; trusted bytes,2026-09-26T07:47:15.462395+00:00,2,8.870800957083702e-05
0.0013568750000558794,bank_k10_seed10000,bank,0.00011562500731088221,compact,33646,0.0004810419923160225,8656aabac9f2cf20a4d21dcf951edee119e6ec75ecc0201ed25c8173d6ff66c4,0.002670416986802593,"[""fresh"", ""compact""]",0.0008314589795190841,1,6.18330086581409e-05,True,0.0003125839866697788,1,1.0410149116069078e-06,0.0018389580072835088,10000,0.00021991698304191232,238246,57ca9d952f0026ca8ee4ea0928fde1b4da228f5c1ce093bef5e740c7ba8fe1e9,3,ordinary buffered local write/close/read; no fsync; trusted bytes,2026-09-26T07:47:15.467317+00:00,2,0.00012149999383836985
0.0015222500078380108,bank_k10_seed10000,bank,0.00012087498907931149,compact,33630,0.0005217079888097942,10e024de8ec2b15bd8e13f3bfa5550bc789e4a304229ca91b57c662fded241b2,0.002943374012829736,"[""compact"", ""fresh""]",0.0008989580092020333,0,6.61670055706054e-05,True,0.00033637500018812716,2,4.580069798976183e-07,0.0020444160036277026,10000,0.00022887502564117312,266235,60b3e78b32f4b02e15dae4f613bc52e50a7f41b411f684f9050f0db73bf3fa23,1,ordinary buffered local write/close/read; no fsync; trusted bytes,2026-09-26T07:47:15.585735+00:00,0,0.0001466659887228161
0.21418854099465534,bank_k10_seed10000,bank,1.0542018571868539e-05,fresh,33630,0.000518666987773031,10e024de8ec2b15bd8e13f3bfa5550bc789e4a304229ca91b57c662fded241b2,0.21503420796943828,"[""compact"", ""fresh""]",0.0003222079831175506,1,0.00020650000078603625,True,3.832974471151829e-06,2,4.792003892362118e-06,0.21471199998632073,10000,5.790992872789502e-06,72,134c37472f1b7cd08940923e382e4d73f7dcdb9d8daef70685c7e3c19463a8a1,1,ordinary buffered local write/close/read; no fsync; trusted bytes,2026-09-26T07:47:15.802391+00:00,0,9.554199641570449e-05
0.20332570897880942,bank_k10_seed10000,bank,1.1167023330926895e-05,fresh,33652,0.0005232910043559968,fe4584002a09552c5d52517f22d0e7f56b98decfdc2b83fabb45b3c6032d1dac,0.20419141600723378,"[""fresh"", ""compact""]",0.0003372080100234598,0,0.00023795798188075423,True,3.749999450519681e-06,2,5.208014044910669e-06,0.20385420799721032,10000,5.207984941080213e-06,70,80f48d62ca1dab82bc3b5e8a0eb2703b06e111faf8d03f3d4341611c68523520,2,ordinary buffered local write/close/read; no fsync; trusted bytes,2026-09-26T07:47:16.100773+00:00,1,7.912502042017877e-05
0.001452249998692423,bank_k10_seed10000,bank,0.0001295830006711185,compact,33652,0.0003964169882237911,fe4584002a09552c5d52517f22d0e7f56b98decfdc2b83fabb45b3c6032d1dac,0.0026821249921340495,"[""fresh"", ""compact""]",0.000833208003314212,1,5.3458992624655366e-05,True,0.00033275000168941915,2,2.500019036233425e-07,0.0018489169888198376,10000,0.00020904102711938322,252236,6821cf700cd3dcf01100946500d6e1fa22faffef0f563e9aaa992b12a29cd8bf,2,ordinary buffered local write/close/read; no fsync; trusted bytes,2026-09-26T07:47:16.105584+00:00,1,0.00010837498120963573
0.0013263750006444752,bank_k10_seed10000,bank,0.00011954200454056263,compact,33646,0.0004317499988246709,8656aabac9f2cf20a4d21dcf951edee119e6ec75ecc0201ed25c8173d6ff66c4,0.002629249996971339,"[""compact"", ""fresh""]",0.0008709999965503812,0,7.01249809935689e-05,True,0.00032704201294109225,2,1.2500095181167126e-07,0.0017582500004209578,10000,0.00022987500415183604,238246,57ca9d952f0026ca8ee4ea0928fde1b4da228f5c1ce093bef5e740c7ba8fe1e9,3,ordinary buffered local write/close/read; no fsync; trusted bytes,2026-09-26T07:47:16.196955+00:00,2,0.00012441599392332137
0.19126849999884143,bank_k10_seed10000,bank,1.0457995813339949e-05,fresh,33646,0.0004654160002246499,8656aabac9f2cf20a4d21dcf951edee119e6ec75ecc0201ed25c8173d6ff66c4,0.1918552489951253,"[""compact"", ""fresh""]",0.00011670798994600773,1,2.5459012249484658e-05,True,2.874992787837982e-06,2,4.62500611320138e-06,0.19173854100517929,10000,4.583009285852313e-06,68,cc3a4c61695a7500fd4ad173823ae1877b85c1f00e00d71cc7b76d264e7191dd,3,ordinary buffered local write/close/read; no fsync; trusted bytes,2026-09-26T07:47:16.390538+00:00,2,7.333297980949283e-05
0.21768245901330374,bank_k10_seed10001,bank,2.3250002413988113e-05,fresh,33654,0.0005448329902719706,356eae1f9a18026f867f4faeada9ae80c14af22e111f3be9acb2280d77d98d25,0.2185622919932939,"[""fresh"", ""compact""]",0.0003234169853385538,0,0.00019754099776037037,True,3.958994057029486e-06,0,1.158300437964499e-05,0.21823887500795536,10001,6.124988431110978e-06,72,134c37472f1b7cd08940923e382e4d73f7dcdb9d8daef70685c7e3c19463a8a1,1,ordinary buffered local write/close/read; no fsync; trusted bytes,2026-09-26T07:47:17.190498+00:00,0,9.254200267605484e-05
0.001479332975577563,bank_k10_seed10001,bank,0.00014104199362918735,compact,33654,0.00039183301851153374,356eae1f9a18026f867f4faeada9ae80c14af22e111f3be9acb2280d77d98d25,0.0028184999828226864,"[""fresh"", ""compact""]",0.0009469169890508056,1,5.2916002459824085e-05,True,0.0003709169977810234,0,4.169996827840805e-07,0.0018715829937718809,10001,0.00023549998877570033,266235,660dc3d6d45f5c9bc0dc573805c997aa8ef1315878e1ae0695f0d584c6012d61,1,ordinary buffered local write/close/read; no fsync; trusted bytes,2026-09-26T07:47:17.195890+00:00,0,0.00014654200640507042
0.0013984169927425683,bank_k10_seed10001,bank,0.00012570898979902267,compact,33640,0.0005118749977555126,854ff334e384ee89214aa298b4663566202246329c43bd0cf34fe311a350d3f5,0.002744249999523163,"[""compact"", ""fresh""]",0.0008337910112459213,0,6.666601984761655e-05,True,0.00032391599961556494,0,1.66997779160738e-07,0.0019104589882772416,10001,0.00019275001250207424,252236,3df863968d989260b11e859a369e05d3e9d2b67c0bed5bc4e87c84cc5fcfa041,2,ordinary buffered local write/close/read; no fsync; trusted bytes,2026-09-26T07:47:17.545740+00:00,1,0.00012474998948164284
0.2012817909999285,bank_k10_seed10001,bank,1.2834003427997231e-05,fresh,33640,0.0005400420050136745,854ff334e384ee89214aa298b4663566202246329c43bd0cf34fe311a350d3f5,0.20221916699665599,"[""compact"", ""fresh""]",0.0003896669950336218,1,0.0002586659975349903,True,3.875000402331352e-06,0,7.6669966802001e-06,0.20182950000162236,10001,6.124988431110978e-06,70,80f48d62ca1dab82bc3b5e8a0eb2703b06e111faf8d03f3d4341611c68523520,2,ordinary buffered local write/close/read; no fsync; trusted bytes,2026-09-26T07:47:17.749811+00:00,1,0.00010816700523719192
0.19207750001805834,bank_k10_seed10001,bank,1.0707997716963291e-05,fresh,33652,0.0005076669913250953,1a323cf6fc9a4e90efb95609119436cad3e799bdfce2645fa537b7a7ed4cd252,0.19290616697981022,"[""fresh"", ""compact""]",0.0003140839980915189,0,0.00018445900059305131,True,3.416993422433734e-06,0,6.915972335264087e-06,0.1925920829817187,10001,5.417008651420474e-06,68,cc3a4c61695a7500fd4ad173823ae1877b85c1f00e00d71cc7b76d264e7191dd,3,ordinary buffered local write/close/read; no fsync; trusted bytes,2026-09-26T07:47:18.269513+00:00,2,0.00011008299770765007
0.0012669579882640392,bank_k10_seed10001,bank,0.00012433301890268922,compact,33652,0.00036379200173541903,1a323cf6fc9a4e90efb95609119436cad3e799bdfce2645fa537b7a7ed4cd252,0.0023916249920148402,"[""fresh"", ""compact""]",0.0007605830032844096,1,4.962499951943755e-05,True,0.0003096250002272427,0,2.9199873097240925e-07,0.0016310419887304306,10001,0.00017362498329021037,238246,0f15d02361e27a206d0b28a4bccf05f2479fe4760f2b7ec1b7479c7cf89c9289,3,ordinary buffered local write/close/read; no fsync; trusted bytes,2026-09-26T07:47:18.274088+00:00,2,0.0001033750013448298
0.001486875000409782,bank_k10_seed10001,bank,0.00011583301238715649,compact,33654,0.0005040839896537364,356eae1f9a18026f867f4faeada9ae80c14af22e111f3be9acb2280d77d98d25,0.002848916978109628,"[""compact"", ""fresh""]",0.0008576669788453728,0,6.791698979213834e-05,True,0.0003352499916218221,1,2.910092007368803e-07,0.001991249999264255,10001,0.0001865419908426702,266235,660dc3d6d45f5c9bc0dc573805c997aa8ef1315878e1ae0695f0d584c6012d61,1,ordinary buffered local write/close/read; no fsync; trusted bytes,2026-09-26T07:47:18.611304+00:00,0,0.00015212499420158565
0.21428354099043645,bank_k10_seed10001,bank,1.087499549612403e-05,fresh,33654,0.0005425420240499079,356eae1f9a18026f867f4faeada9ae80c14af22e111f3be9acb2280d77d98d25,0.21515383300720714,"[""compact"", ""fresh""]",0.0003229999856557697,1,0.00019033299759030342,True,3.6669953260570765e-06,1,4.750007065013051e-06,0.21483083302155137,10001,5.542009603232145e-06,72,134c37472f1b7cd08940923e382e4d73f7dcdb9d8daef70685c7e3c19463a8a1,1,ordinary buffered local write/close/read; no fsync; trusted bytes,2026-09-26T07:47:18.828154+00:00,0,0.00011258298764005303
0.2026635840011295,bank_k10_seed10001,bank,1.0666000889614224e-05,fresh,33640,0.0005219999875407666,854ff334e384ee89214aa298b4663566202246329c43bd0cf34fe311a350d3f5,0.20352108401129954,"[""fresh"", ""compact""]",0.0003269170119892806,0,0.00020683399634435773,True,3.4590193536132574e-06,1,8.583010639995337e-06,0.20319416699931026,10001,6.082991603761911e-06,70,80f48d62ca1dab82bc3b5e8a0eb2703b06e111faf8d03f3d4341611c68523520,2,ordinary buffered local write/close/read; no fsync; trusted bytes,2026-09-26T07:47:19.125434+00:00,1,9.987500379793346e-05
0.0013681249984074384,bank_k10_seed10001,bank,0.0001280419819522649,compact,33640,0.0003957920125685632,854ff334e384ee89214aa298b4663566202246329c43bd0cf34fe311a350d3f5,0.0026710420206654817,"[""fresh"", ""compact""]",0.0009068750077858567,1,5.487501039169729e-05,True,0.00034070800757035613,1,2.500019036233425e-07,0.001764167012879625,10001,0.00025762501172721386,252236,3df863968d989260b11e859a369e05d3e9d2b67c0bed5bc4e87c84cc5fcfa041,2,ordinary buffered local write/close/read; no fsync; trusted bytes,2026-09-26T07:47:19.130323+00:00,1,0.00012562499614432454
0.0013209170137997717,bank_k10_seed10001,bank,0.00012162502389401197,compact,33652,0.00047491700388491154,1a323cf6fc9a4e90efb95609119436cad3e799bdfce2645fa537b7a7ed4cd252,0.0026183330337516963,"[""compact"", ""fresh""]",0.000819833017885685,0,6.716698408126831e-05,True,0.0003158329927828163,1,2.6659981813281775e-06,0.0017985000158660114,10001,0.0002045410219579935,238246,0f15d02361e27a206d0b28a4bccf05f2479fe4760f2b7ec1b7479c7cf89c9289,3,ordinary buffered local write/close/read; no fsync; trusted bytes,2026-09-26T07:47:19.221990+00:00,2,0.00011066699516959488
0.19356591699761339,bank_k10_seed10001,bank,1.566598075442016e-05,fresh,33652,0.0005857909854967147,1a323cf6fc9a4e90efb95609119436cad3e799bdfce2645fa537b7a7ed4cd252,0.19448158296290785,"[""compact"", ""fresh""]",0.000325749977491796,1,0.00019762502051889896,True,3.6669953260570765e-06,1,4.125002305954695e-06,0.19415583298541605,10001,5.707988748326898e-06,68,cc3a4c61695a7500fd4ad173823ae1877b85c1f00e00d71cc7b76d264e7191dd,3,ordinary buffered local write/close/read; no fsync; trusted bytes,2026-09-26T07:47:19.418143+00:00,2,0.00010308399214409292
0.21362033401965164,bank_k10_seed10001,bank,1.1625001206994057e-05,fresh,33654,0.0005373749881982803,356eae1f9a18026f867f4faeada9ae80c14af22e111f3be9acb2280d77d98d25,0.21445645901258104,"[""fresh"", ""compact""]",0.0002903749991673976,0,0.0001536250056233257,True,4.375004209578037e-06,2,8.37500556372106e-06,0.21416608401341364,10001,6.457994459196925e-06,72,134c37472f1b7cd08940923e382e4d73f7dcdb9d8daef70685c7e3c19463a8a1,1,ordinary buffered local write/close/read; no fsync; trusted bytes,2026-09-26T07:47:19.746479+00:00,0,0.0001142919936683029
0.001425041991751641,bank_k10_seed10001,bank,0.00012079201405867934,compact,33654,0.0003932919935323298,356eae1f9a18026f867f4faeada9ae80c14af22e111f3be9acb2280d77d98d25,0.002655916992807761,"[""fresh"", ""compact""]",0.0008372919983230531,1,6.741599645465612e-05,True,0.0003544169885572046,2,2.910092007368803e-07,0.0018186249944847077,10001,0.0001847500097937882,266235,660dc3d6d45f5c9bc0dc573805c997aa8ef1315878e1ae0695f0d584c6012d61,1,ordinary buffered local write/close/read; no fsync; trusted bytes,2026-09-26T07:47:19.751230+00:00,0,0.00010991698945872486
0.0015038750134408474,bank_k10_seed10001,bank,0.00010895798914134502,compact,33640,0.0004481659852899611,854ff334e384ee89214aa298b4663566202246329c43bd0cf34fe311a350d3f5,0.002745042002061382,"[""compact"", ""fresh""]",0.000792709004599601,0,7.537499186582863e-05,True,0.0003200420178472996,2,2.9199873097240925e-07,0.001952332997461781,10001,0.0001751669915392995,252236,3df863968d989260b11e859a369e05d3e9d2b67c0bed5bc4e87c84cc5fcfa041,2,ordinary buffered local write/close/read; no fsync; trusted bytes,2026-09-26T07:47:19.848019+00:00,1,0.00011316701420582831
0.20184995801537298,bank_k10_seed10001,bank,1.1041003745049238e-05,fresh,33640,0.000500541995279491,854ff334e384ee89214aa298b4663566202246329c43bd0cf34fe311a350d3f5,0.20267025000066496,"[""compact"", ""fresh""]",0.0003162079956382513,1,0.00020795900491066277,True,3.4999975468963385e-06,2,3.541994374245405e-06,0.2023540420050267,10001,5.6670105550438166e-06,70,80f48d62ca1dab82bc3b5e8a0eb2703b06e111faf8d03f3d4341611c68523520,2,ordinary buffered local write/close/read; no fsync; trusted bytes,2026-09-26T07:47:20.052317+00:00,1,8.804097888059914e-05
0.1914568749780301,bank_k10_seed10001,bank,1.1166994227096438e-05,fresh,33652,0.000531375000718981,1a323cf6fc9a4e90efb95609119436cad3e799bdfce2645fa537b7a7ed4cd252,0.192301249015145,"[""fresh"", ""compact""]",0.0003070830134674907,0,0.0001979580265469849,True,3.4580007195472717e-06,2,5.91602292843163e-06,0.1919941660016775,10001,6.083020707592368e-06,68,cc3a4c61695a7500fd4ad173823ae1877b85c1f00e00d71cc7b76d264e7191dd,3,ordinary buffered local write/close/read; no fsync; trusted bytes,2026-09-26T07:47:20.334470+00:00,2,8.841697126626968e-05
0.001295458001550287,bank_k10_seed10001,bank,0.00011033299961127341,compact,33652,0.00038291700184345245,1a323cf6fc9a4e90efb95609119436cad3e799bdfce2645fa537b7a7ed4cd252,0.0024567919899709523,"[""fresh"", ""compact""]",0.0007781669846735895,1,6.641700747422874e-05,True,0.0003151669807266444,2,2.500019036233425e-07,0.0016786250052973628,10001,0.00018316699424758554,238246,0f15d02361e27a206d0b28a4bccf05f2479fe4760f2b7ec1b7479c7cf89c9289,3,ordinary buffered local write/close/read; no fsync; trusted bytes,2026-09-26T07:47:20.339045+00:00,2,0.00010308300261385739
0.001588333019753918,bank_k10_seed10002,bank,0.00013766702613793314,compact,33648,0.0004962079983670264,36fc90d77ef867d16212c36fe7c5a3eb430b3db8814417ebde0d55e3de55c04b,0.002991832996485755,"[""compact"", ""fresh""]",0.0009066249767784029,0,6.466597551479936e-05,True,0.00035587497404776514,0,6.67001586407423e-07,0.002085208019707352,10002,0.0002023330016527325,266235,d43a6843b4e2894f80ea2aeec2dc8ce8747f13d3d04ba0e829d5607e45c19ee8,1,ordinary buffered local write/close/read; no fsync; trusted bytes,2026-09-26T07:47:32.211101+00:00,0,0.0001460839994251728
0.21629441701225005,bank_k10_seed10002,bank,1.479100319556892e-05,fresh,33648,0.0005858329823240638,36fc90d77ef867d16212c36fe7c5a3eb430b3db8814417ebde0d55e3de55c04b,0.2170574170013424,"[""compact"", ""fresh""]",0.00017104201833717525,1,3.554200520738959e-05,True,4.542001988738775e-06,0,6.124988431110978e-06,0.21688637498300523,10002,7.041991921141744e-06,72,134c37472f1b7cd08940923e382e4d73f7dcdb9d8daef70685c7e3c19463a8a1,1,ordinary buffered local write/close/read; no fsync; trusted bytes,2026-09-26T07:47:32.430055+00:00,0,0.00010912501602433622
0.20153629200649448,bank_k10_seed10002,bank,1.3209006283432245e-05,fresh,33654,0.0005549999768845737,00e15d24cd7647c8c2d52cb1d2211271e79a8b24891f8e49017c8c8d9b50dbab,0.202254791976884,"[""fresh"", ""compact""]",0.00015754200285300612,0,3.954098792746663e-05,True,4.375004209578037e-06,0,5.95799065195024e-06,0.202097249974031,10002,7.0829992182552814e-06,70,80f48d62ca1dab82bc3b5e8a0eb2703b06e111faf8d03f3d4341611c68523520,2,ordinary buffered local write/close/read; no fsync; trusted bytes,2026-09-26T07:47:32.980544+00:00,1,9.333400521427393e-05
0.0013879170001018792,bank_k10_seed10002,bank,0.00012525002239271998,compact,33654,0.00038816698361188173,00e15d24cd7647c8c2d52cb1d2211271e79a8b24891f8e49017c8c8d9b50dbab,0.002586833987152204,"[""fresh"", ""compact""]",0.0008105000015348196,1,5.399997462518513e-05,True,0.0003220409853383899,0,2.500019036233425e-07,0.0017763339856173843,10002,0.00018400000408291817,252236,2fa61b2da81e021dc607168e5a56de010011e15903244abf6a60f9c0d0ff78c3,2,ordinary buffered local write/close/read; no fsync; trusted bytes,2026-09-26T07:47:32.985184+00:00,1,0.00012520901509560645
0.0014037500077392906,bank_k10_seed10002,bank,0.00016504101222380996,compact,33638,0.00047362499753944576,09b2ecf7a9ef36c253b2467a45454f3b56f08973d11400d570d69bdc1a22f03e,0.0027761250094044954,"[""compact"", ""fresh""]",0.0008985000022221357,0,6.712498725391924e-05,True,0.00033070897916331887,0,2.500019036233425e-07,0.0018776250071823597,10002,0.00019441600306890905,238246,9562194bc74ba6277fdf11af43d450140a48126fc3d64c19def77cfd21d1bec7,3,ordinary buffered local write/close/read; no fsync; trusted bytes,2026-09-26T07:47:33.314300+00:00,2,0.00014120902051217854
0.1915275829960592,bank_k10_seed10002,bank,1.0209012543782592e-05,fresh,33638,0.0004983340040780604,09b2ecf7a9ef36c253b2467a45454f3b56f08973d11400d570d69bdc1a22f03e,0.19219220901140943,"[""compact"", ""fresh""]",0.00016191700706258416,1,2.7915986720472574e-05,True,3.249995643272996e-06,0,4.375004209578037e-06,0.19203029200434685,10002,5.375011824071407e-06,68,cc3a4c61695a7500fd4ad173823ae1877b85c1f00e00d71cc7b76d264e7191dd,3,ordinary buffered local write/close/read; no fsync; trusted bytes,2026-09-26T07:47:33.508262+00:00,2,0.00011516700033098459
0.21455087498179637,bank_k10_seed10002,bank,1.0124989785254002e-05,fresh,33648,0.0005010410095565021,36fc90d77ef867d16212c36fe7c5a3eb430b3db8814417ebde0d55e3de55c04b,0.2152082080137916,"[""fresh"", ""compact""]",0.00014945800649002194,0,3.024999750778079e-05,True,3.875000402331352e-06,1,6.834015948697925e-06,0.21505875000730157,10002,6.125017534941435e-06,72,134c37472f1b7cd08940923e382e4d73f7dcdb9d8daef70685c7e3c19463a8a1,1,ordinary buffered local write/close/read; no fsync; trusted bytes,2026-09-26T07:47:34.059275+00:00,0,9.908300125971437e-05
0.0014695830177515745,bank_k10_seed10002,bank,0.0001269589993171394,compact,33648,0.00043849999201484025,36fc90d77ef867d16212c36fe7c5a3eb430b3db8814417ebde0d55e3de55c04b,0.0028453739651013166,"[""fresh"", ""compact""]",0.0009369579784106463,1,7.758301217108965e-05,True,0.0003565829829312861,1,3.329769242554903e-07,0.0019084159866906703,10002,0.00021820800611749291,266235,d43a6843b4e2894f80ea2aeec2dc8ce8747f13d3d04ba0e829d5607e45c19ee8,1,ordinary buffered local write/close/read; no fsync; trusted bytes,2026-09-26T07:47:34.064186+00:00,0,0.00015762497787363827
0.0014539580151904374,bank_k10_seed10002,bank,0.00012912499369122088,compact,33654,0.0004567920113913715,00e15d24cd7647c8c2d52cb1d2211271e79a8b24891f8e49017c8c8d9b50dbab,0.002826876036124304,"[""compact"", ""fresh""]",0.0009154170111287385,0,7.112498860806227e-05,True,0.00035029201535508037,1,7.089984137564898e-07,0.0019114590249955654,10002,0.0002042090054601431,252236,2fa61b2da81e021dc607168e5a56de010011e15903244abf6a60f9c0d0ff78c3,2,ordinary buffered local write/close/read; no fsync; trusted bytes,2026-09-26T07:47:34.163414+00:00,1,0.00016066600801423192
0.20353599998634309,bank_k10_seed10002,bank,1.1416996130719781e-05,fresh,33654,0.0004976250056643039,00e15d24cd7647c8c2d52cb1d2211271e79a8b24891f8e49017c8c8d9b50dbab,0.20419687498360872,"[""compact"", ""fresh""]",0.00015883299056440592,1,3.229102003388107e-05,True,3.4580007195472717e-06,1,4.417001036927104e-06,0.20403804199304432,10002,5.166977643966675e-06,70,80f48d62ca1dab82bc3b5e8a0eb2703b06e111faf8d03f3d4341611c68523520,2,ordinary buffered local write/close/read; no fsync; trusted bytes,2026-09-26T07:47:34.369420+00:00,1,0.00010649999603629112
0.19277341599809006,bank_k10_seed10002,bank,1.1041003745049238e-05,fresh,33638,0.0005355839966796339,09b2ecf7a9ef36c253b2467a45454f3b56f08973d11400d570d69bdc1a22f03e,0.19347637495957315,"[""fresh"", ""compact""]",0.00016166598652489483,0,3.254198236390948e-05,True,3.6249984987080097e-06,1,5.7089782785624266e-06,0.19331470897304825,10002,6.457994459196925e-06,68,cc3a4c61695a7500fd4ad173823ae1877b85c1f00e00d71cc7b76d264e7191dd,3,ordinary buffered local write/close/read; no fsync; trusted bytes,2026-09-26T07:47:34.652824+00:00,2,0.00010800000745803118
0.0013097920164000243,bank_k10_seed10002,bank,0.00010616701911203563,compact,33638,0.000580916996113956,09b2ecf7a9ef36c253b2467a45454f3b56f08973d11400d570d69bdc1a22f03e,0.0026619170093908906,"[""fresh"", ""compact""]",0.0007708749908488244,1,5.7666999055072665e-05,True,0.00030949999927543104,1,3.3300602808594704e-07,0.0018910420185420662,10002,0.0001793749979697168,238246,9562194bc74ba6277fdf11af43d450140a48126fc3d64c19def77cfd21d1bec7,3,ordinary buffered local write/close/read; no fsync; trusted bytes,2026-09-26T07:47:34.657605+00:00,2,0.00011816597543656826
0.0015098330040927976,bank_k10_seed10002,bank,0.00011337501928210258,compact,33648,0.0004684590094257146,36fc90d77ef867d16212c36fe7c5a3eb430b3db8814417ebde0d55e3de55c04b,0.0028000010061077774,"[""compact"", ""fresh""]",0.0008213339897338301,0,6.26669789198786e-05,True,0.00033329197322018445,2,3.7500285543501377e-07,0.0019786670163739473,10002,0.00018550001550465822,266235,d43a6843b4e2894f80ea2aeec2dc8ce8747f13d3d04ba0e829d5607e45c19ee8,1,ordinary buffered local write/close/read; no fsync; trusted bytes,2026-09-26T07:47:34.774935+00:00,0,0.00012650000280700624
0.21489458400174044,bank_k10_seed10002,bank,1.1041993275284767e-05,fresh,33648,0.00046633300371468067,36fc90d77ef867d16212c36fe7c5a3eb430b3db8814417ebde0d55e3de55c04b,0.21549929201137275,"[""compact"", ""fresh""]",0.00013412500265985727,1,2.8457987355068326e-05,True,3.8330035749822855e-06,2,4.250003257766366e-06,0.2153651670087129,10002,5.417008651420474e-06,72,134c37472f1b7cd08940923e382e4d73f7dcdb9d8daef70685c7e3c19463a8a1,1,ordinary buffered local write/close/read; no fsync; trusted bytes,2026-09-26T07:47:34.991978+00:00,0,8.537500980310142e-05
0.2043013329966925,bank_k10_seed10002,bank,1.0124989785254002e-05,fresh,33654,0.0005004169943276793,00e15d24cd7647c8c2d52cb1d2211271e79a8b24891f8e49017c8c8d9b50dbab,0.20494495899765752,"[""fresh"", ""compact""]",0.00013779199798591435,0,2.9749993700534105e-05,True,3.4580007195472717e-06,2,5.417008651420474e-06,0.2048071669996716,10002,6.250018486753106e-06,70,80f48d62ca1dab82bc3b5e8a0eb2703b06e111faf8d03f3d4341611c68523520,2,ordinary buffered local write/close/read; no fsync; trusted bytes,2026-09-26T07:47:35.292291+00:00,1,8.820899529382586e-05
0.001350791018921882,bank_k10_seed10002,bank,0.00012166600208729506,compact,33654,0.0003859169955831021,00e15d24cd7647c8c2d52cb1d2211271e79a8b24891f8e49017c8c8d9b50dbab,0.0025932920107152313,"[""fresh"", ""compact""]",0.0008563750016037375,1,6.749999010935426e-05,True,0.0003440840227995068,2,2.0899460650980473e-07,0.0017369170091114938,10002,0.00019945797976106405,252236,2fa61b2da81e021dc607168e5a56de010011e15903244abf6a60f9c0d0ff78c3,2,ordinary buffered local write/close/read; no fsync; trusted bytes,2026-09-26T07:47:35.296972+00:00,1,0.00012366700684651732
0.0014521249977406114,bank_k10_seed10002,bank,0.00010908301919698715,compact,33638,0.0004640829865820706,09b2ecf7a9ef36c253b2467a45454f3b56f08973d11400d570d69bdc1a22f03e,0.0026917069917544723,"[""compact"", ""fresh""]",0.000775291002355516,0,5.774997407570481e-05,True,0.0003055830020457506,2,2.0800507627427578e-07,0.0019164159893989563,10002,0.00018841598648577929,238246,9562194bc74ba6277fdf11af43d450140a48126fc3d64c19def77cfd21d1bec7,3,ordinary buffered local write/close/read; no fsync; trusted bytes,2026-09-26T07:47:35.389785+00:00,2,0.00011445902055129409
0.1942599159956444,bank_k10_seed10002,bank,1.0332994861528277e-05,fresh,33638,0.0005046669975854456,09b2ecf7a9ef36c253b2467a45454f3b56f08973d11400d570d69bdc1a22f03e,0.19490595799288712,"[""compact"", ""fresh""]",0.00013729100464843214,1,2.99170205835253e-05,True,3.3329997677356005e-06,2,4.083995008841157e-06,0.1947686669882387,10002,5.415990017354488e-06,68,cc3a4c61695a7500fd4ad173823ae1877b85c1f00e00d71cc7b76d264e7191dd,3,ordinary buffered local write/close/read; no fsync; trusted bytes,2026-09-26T07:47:35.586399+00:00,2,8.829199941828847e-05
0.21721220802282915,bank_k10_seed10003,bank,1.5416007954627275e-05,fresh,33646,0.0004975839983671904,3c4537731a2715e6dcda5eac475c00ae8416cf999fc7ed0bceff1e3d6cd71526,0.21787041702191345,"[""fresh"", ""compact""]",0.00015437501133419573,0,3.370898775756359e-05,True,4.208995960652828e-06,0,6.249989382922649e-06,0.21771604201057926,10003,6.791000487282872e-06,72,134c37472f1b7cd08940923e382e4d73f7dcdb9d8daef70685c7e3c19463a8a1,1,ordinary buffered local write/close/read; no fsync; trusted bytes,2026-09-26T07:47:36.367274+00:00,0,9.425001917406917e-05
0.0014567500038538128,bank_k10_seed10003,bank,0.000142250006319955,compact,33646,0.0004309579962864518,3c4537731a2715e6dcda5eac475c00ae8416cf999fc7ed0bceff1e3d6cd71526,0.002819915971485898,"[""fresh"", ""compact""]",0.000931707996642217,1,5.549998604692519e-05,True,0.0003654999891296029,0,4.999747034162283e-07,0.0018882079748436809,10003,0.00021562501206062734,266235,83dd922f3ad9b7b5f87f4bbfd587ab044c88b9bf238d23b053048416ede35440,1,ordinary buffered local write/close/read; no fsync; trusted bytes,2026-09-26T07:47:36.372400+00:00,0,0.0001528330030851066
0.0013886250089854002,bank_k10_seed10003,bank,0.00013066700194031,compact,33662,0.0004233329964336008,8d253190ec8796971b7eed959aaca8c3e65aaed5c62cc6cc01243b56f5d19a4e,0.0026398340123705566,"[""compact"", ""fresh""]",0.0008275840082205832,0,6.624998059123755e-05,True,0.0003228750138077885,0,2.9199873097240925e-07,0.0018122500041499734,10003,0.00017783400835469365,252236,2e1d890ca90d7d9c9df297ff44f6b51b8912c1eaa16336e9ff877f4cabf2d936,2,ordinary buffered local write/close/read; no fsync; trusted bytes,2026-09-26T07:47:36.726185+00:00,1,0.0001299580035265535
0.20127745799254626,bank_k10_seed10003,bank,1.300001167692244e-05,fresh,33662,0.0005534580268431455,8d253190ec8796971b7eed959aaca8c3e65aaed5c62cc6cc01243b56f5d19a4e,0.20216520800022408,"[""compact"", ""fresh""]",0.0003291670000180602,1,0.00019991700537502766,True,4.082976374775171e-06,0,5.124980816617608e-06,0.20183604100020602,10003,7.124996045604348e-06,70,80f48d62ca1dab82bc3b5e8a0eb2703b06e111faf8d03f3d4341611c68523520,2,ordinary buffered local write/close/read; no fsync; trusted bytes,2026-09-26T07:47:36.929987+00:00,1,0.00010504201054573059
0.19274133301223628,bank_k10_seed10003,bank,1.2083997717127204e-05,fresh,33640,0.0005366670084185898,0ff05f636a8ca865c12af3cfa5661018d2f8c379d9fbc218841bbbb789dd05bc,0.19360308401519433,"[""fresh"", ""compact""]",0.00031870900420472026,0,0.00020208299974910915,True,3.6249984987080097e-06,0,6.374990334734321e-06,0.1932843750109896,10003,6.000016583129764e-06,68,cc3a4c61695a7500fd4ad173823ae1877b85c1f00e00d71cc7b76d264e7191dd,3,ordinary buffered local write/close/read; no fsync; trusted bytes,2026-09-26T07:47:37.449954+00:00,2,9.491699165664613e-05
0.0012907500204164535,bank_k10_seed10003,bank,0.00012862501898780465,compact,33640,0.0003480419982224703,0ff05f636a8ca865c12af3cfa5661018d2f8c379d9fbc218841bbbb789dd05bc,0.002411125024082139,"[""fresh"", ""compact""]",0.000772083003539592,1,5.170798976905644e-05,True,0.0003174169978592545,0,2.500019036233425e-07,0.001639042020542547,10003,0.0001741659943945706,238246,bf104aaafb11d5f4caac35cde7594ed51a9a07875bdc4973e711b3c536a9c65d,3,ordinary buffered local write/close/read; no fsync; trusted bytes,2026-09-26T07:47:37.454461+00:00,2,0.00010016700252890587
0.0014849999861326069,bank_k10_seed10003,bank,0.00012116599828004837,compact,33646,0.0005074159998912364,3c4537731a2715e6dcda5eac475c00ae8416cf999fc7ed0bceff1e3d6cd71526,0.0028300829872023314,"[""compact"", ""fresh""]",0.0008374580065719783,0,6.7666987888515e-05,True,0.00033812501351349056,1,2.0899460650980473e-07,0.001992624980630353,10003,0.00018937498680315912,266235,83dd922f3ad9b7b5f87f4bbfd587ab044c88b9bf238d23b053048416ede35440,1,ordinary buffered local write/close/read; no fsync; trusted bytes,2026-09-26T07:47:37.797137+00:00,0,0.00012112502008676529
0.21450991701567546,bank_k10_seed10003,bank,1.0249990737065673e-05,fresh,33646,0.0012858329864684492,3c4537731a2715e6dcda5eac475c00ae8416cf999fc7ed0bceff1e3d6cd71526,0.21595441596582532,"[""compact"", ""fresh""]",0.0001547499850858003,1,2.9791990527883172e-05,True,4.04199818149209e-06,1,3.915978595614433e-06,0.21579966598073952,10003,6.165995728224516e-06,72,134c37472f1b7cd08940923e382e4d73f7dcdb9d8daef70685c7e3c19463a8a1,1,ordinary buffered local write/close/read; no fsync; trusted bytes,2026-09-26T07:47:38.014748+00:00,0,0.00010450000991113484
0.20399999999790452,bank_k10_seed10003,bank,1.087499549612403e-05,fresh,33662,0.0005649169906973839,8d253190ec8796971b7eed959aaca8c3e65aaed5c62cc6cc01243b56f5d19a4e,0.20472437498392537,"[""fresh"", ""compact""]",0.00015254199388436973,0,2.9457994969561696e-05,True,3.583991201594472e-06,1,6.9160014390945435e-06,0.204571832990041,10003,6.499991286545992e-06,70,80f48d62ca1dab82bc3b5e8a0eb2703b06e111faf8d03f3d4341611c68523520,2,ordinary buffered local write/close/read; no fsync; trusted bytes,2026-09-26T07:47:38.313357+00:00,1,0.00010212502093054354
0.0013733750092796981,bank_k10_seed10003,bank,0.00011004199041053653,compact,33662,0.003023541998118162,8d253190ec8796971b7eed959aaca8c3e65aaed5c62cc6cc01243b56f5d19a4e,0.005159624997759238,"[""fresh"", ""compact""]",0.0007625419821124524,1,5.15409919898957e-05,True,0.00031666699214838445,1,1.6600824892520905e-07,0.0043970830156467855,10003,0.00017662500613369048,252236,2e1d890ca90d7d9c9df297ff44f6b51b8912c1eaa16336e9ff877f4cabf2d936,2,ordinary buffered local write/close/read; no fsync; trusted bytes,2026-09-26T07:47:38.320608+00:00,1,0.00010766700142994523
0.0013477499887812883,bank_k10_seed10003,bank,0.0001068339915946126,compact,33640,0.00046854198444634676,0ff05f636a8ca865c12af3cfa5661018d2f8c379d9fbc218841bbbb789dd05bc,0.002582541957963258,"[""compact"", ""fresh""]",0.0007659169787075371,0,5.879098898731172e-05,True,0.0003052079991903156,1,3.3300602808594704e-07,0.001816624979255721,10003,0.00017533398931846023,238246,bf104aaafb11d5f4caac35cde7594ed51a9a07875bdc4973e711b3c536a9c65d,3,ordinary buffered local write/close/read; no fsync; trusted bytes,2026-09-26T07:47:38.412358+00:00,2,0.0001197500096168369
0.19347483300953172,bank_k10_seed10003,bank,1.0916002793237567e-05,fresh,33640,0.0005134580133017153,0ff05f636a8ca865c12af3cfa5661018d2f8c379d9fbc218841bbbb789dd05bc,0.19414374997722916,"[""compact"", ""fresh""]",0.00015104198246262968,1,3.079199814237654e-05,True,3.583991201594472e-06,1,4.416971933096647e-06,0.19399270799476653,10003,5.999987479299307e-06,68,cc3a4c61695a7500fd4ad173823ae1877b85c1f00e00d71cc7b76d264e7191dd,3,ordinary buffered local write/close/read; no fsync; trusted bytes,2026-09-26T07:47:38.608143+00:00,2,9.975000284612179e-05
0.21720937499776483,bank_k10_seed10003,bank,1.1374999303370714e-05,fresh,33646,0.0005287080130074173,3c4537731a2715e6dcda5eac475c00ae8416cf999fc7ed0bceff1e3d6cd71526,0.2178944580082316,"[""fresh"", ""compact""]",0.00014600000577047467,0,2.8833019314333797e-05,True,4.083995008841157e-06,2,1.0374991688877344e-05,0.21774845800246112,10003,6.332993507385254e-06,72,134c37472f1b7cd08940923e382e4d73f7dcdb9d8daef70685c7e3c19463a8a1,1,ordinary buffered local write/close/read; no fsync; trusted bytes,2026-09-26T07:47:38.942977+00:00,0,9.537499863654375e-05
0.001424000016413629,bank_k10_seed10003,bank,0.0001230830093845725,compact,33646,0.0004450419801287353,3c4537731a2715e6dcda5eac475c00ae8416cf999fc7ed0bceff1e3d6cd71526,0.002717666997341439,"[""fresh"", ""compact""]",0.0008484999998472631,1,5.545798921957612e-05,True,0.000345667009241879,2,1.2500095181167126e-07,0.001869166997494176,10003,0.00021212498540990055,266235,83dd922f3ad9b7b5f87f4bbfd587ab044c88b9bf238d23b053048416ede35440,1,ordinary buffered local write/close/read; no fsync; trusted bytes,2026-09-26T07:47:38.947772+00:00,0,0.00011216700659133494
0.001376583008095622,bank_k10_seed10003,bank,0.00011216601706109941,compact,33662,0.00044487498234957457,8d253190ec8796971b7eed959aaca8c3e65aaed5c62cc6cc01243b56f5d19a4e,0.0026241659943480045,"[""compact"", ""fresh""]",0.0008024160051718354,0,6.937500438652933e-05,True,0.00032087499857880175,2,2.9199873097240925e-07,0.001821749989176169,10003,0.00018437500693835318,252236,2e1d890ca90d7d9c9df297ff44f6b51b8912c1eaa16336e9ff877f4cabf2d936,2,ordinary buffered local write/close/read; no fsync; trusted bytes,2026-09-26T07:47:39.045161+00:00,1,0.00011562497820705175
0.20522549998713657,bank_k10_seed10003,bank,1.0750023648142815e-05,fresh,33662,0.000533874990651384,8d253190ec8796971b7eed959aaca8c3e65aaed5c62cc6cc01243b56f5d19a4e,0.2060897909977939,"[""compact"", ""fresh""]",0.00032387502142228186,1,0.00021116697462275624,True,3.916997229680419e-06,2,6.54099858365953e-06,0.20576591597637162,10003,5.958019755780697e-06,70,80f48d62ca1dab82bc3b5e8a0eb2703b06e111faf8d03f3d4341611c68523520,2,ordinary buffered local write/close/read; no fsync; trusted bytes,2026-09-26T07:47:39.253018+00:00,1,9.208300616592169e-05
0.1933383340074215,bank_k10_seed10003,bank,1.0958989150822163e-05,fresh,33640,0.0005303749931044877,0ff05f636a8ca865c12af3cfa5661018d2f8c379d9fbc218841bbbb789dd05bc,0.1940252919739578,"[""fresh"", ""compact""]",0.00014970797928981483,0,2.9332994017750025e-05,True,3.7080026231706142e-06,2,6.874994141981006e-06,0.19387558399466798,10003,6.249989382922649e-06,68,cc3a4c61695a7500fd4ad173823ae1877b85c1f00e00d71cc7b76d264e7191dd,3,ordinary buffered local write/close/read; no fsync; trusted bytes,2026-09-26T07:47:39.536993+00:00,2,9.945800411514938e-05
0.0013177079963497818,bank_k10_seed10003,bank,0.00011675001587718725,compact,33640,0.00042658401071093976,0ff05f636a8ca865c12af3cfa5661018d2f8c379d9fbc218841bbbb789dd05bc,0.0025470420077908784,"[""fresh"", ""compact""]",0.000802416994702071,1,5.908298771828413e-05,True,0.00030845898436382413,2,3.3300602808594704e-07,0.0017446250130888075,10003,0.00020141698769293725,238246,bf104aaafb11d5f4caac35cde7594ed51a9a07875bdc4973e711b3c536a9c65d,3,ordinary buffered local write/close/read; no fsync; trusted bytes,2026-09-26T07:47:39.541850+00:00,2,0.00011670801904983819
0.0016744169988669455,bank_k10_seed10004,bank,0.00012599999899975955,compact,33652,0.0006925420020706952,7d1a7763318b4e18bf146f9f0e3b34935b5732a642173b767311e7c9459d6b71,0.0032678339921403676,"[""compact"", ""fresh""]",0.0009002499864436686,0,6.145899533294141e-05,True,0.00035179100814275444,0,6.250047590583563e-07,0.002367584005696699,10004,0.00022754198289476335,266235,259ffbed0694e4c9d0ab0b1bb7174e6674e1704678be07ada7436b94175c00b4,1,ordinary buffered local write/close/read; no fsync; trusted bytes,2026-09-26T07:47:40.073873+00:00,0,0.00013345800107344985
0.21788491599727422,bank_k10_seed10004,bank,1.2959004379808903e-05,fresh,33652,0.0004587090224958956,7d1a7763318b4e18bf146f9f0e3b34935b5732a642173b767311e7c9459d6b71,0.21849491700413637,"[""compact"", ""fresh""]",0.0001461670035496354,1,3.420800203457475e-05,True,3.4999975468963385e-06,0,5.124980816617608e-06,0.21834875000058673,10004,5.832989700138569e-06,72,134c37472f1b7cd08940923e382e4d73f7dcdb9d8daef70685c7e3c19463a8a1,1,ordinary buffered local write/close/read; no fsync; trusted bytes,2026-09-26T07:47:40.294444+00:00,0,8.966700988821685e-05
0.20188075001351535,bank_k10_seed10004,bank,1.2834003427997231e-05,fresh,33636,0.0005223749903962016,8a85d340820e219fbed63591c675c5e40e6d0b38583b2247f16b09e4a8ec4861,0.20273225000710227,"[""fresh"", ""compact""]",0.0003228750138077885,0,0.00020108299213461578,True,3.875000402331352e-06,0,6.249989382922649e-06,0.20240937499329448,10004,6.999995093792677e-06,70,80f48d62ca1dab82bc3b5e8a0eb2703b06e111faf8d03f3d4341611c68523520,2,ordinary buffered local write/close/read; no fsync; trusted bytes,2026-09-26T07:47:40.843348+00:00,1,9.808302274905145e-05
0.0014250829990487546,bank_k10_seed10004,bank,0.00012579199392348528,compact,33636,0.00039783300599083304,8a85d340820e219fbed63591c675c5e40e6d0b38583b2247f16b09e4a8ec4861,0.0026450410077814013,"[""fresh"", ""compact""]",0.0008218330040108413,1,5.5208016419783235e-05,True,0.0003284999984316528,0,2.9199873097240925e-07,0.00182320800377056,10004,0.00019970801076851785,252236,8a4f0d1e72c7b391628297aa5e7a759bb370709c0209ea1d0ffde7924096bd0f,2,ordinary buffered local write/close/read; no fsync; trusted bytes,2026-09-26T07:47:40.848085+00:00,1,0.0001126249844674021
0.0013549170107580721,bank_k10_seed10004,bank,0.0001066249969881028,compact,33644,0.0004437080060597509,9177f78a380185f0a1e8c8d1663067bab7ab19ac6084da50b7eacbf911f166ab,0.002562625042628497,"[""compact"", ""fresh""]",0.0007637500239070505,0,6.44999963697046e-05,True,0.00030554202385246754,0,2.500019036233425e-07,0.0017988750187214464,10004,0.0001756249985191971,238246,77102b38bd436e7f897361a6a2694b169ecb6cf171db8a804d70c8570c3b79ae,3,ordinary buffered local write/close/read; no fsync; trusted bytes,2026-09-26T07:47:41.177947+00:00,2,0.00011145800817757845
0.19010350000462495,bank_k10_seed10004,bank,1.0499992640689015e-05,fresh,33644,0.0005421249952632934,9177f78a380185f0a1e8c8d1663067bab7ab19ac6084da50b7eacbf911f166ab,0.1909739579714369,"[""compact"", ""fresh""]",0.00032324998755939305,1,0.00021425000159069896,True,3.416993422433734e-06,0,5.082983989268541e-06,0.1906507079838775,10004,5.665991920977831e-06,68,cc3a4c61695a7500fd4ad173823ae1877b85c1f00e00d71cc7b76d264e7191dd,3,ordinary buffered local write/close/read; no fsync; trusted bytes,2026-09-26T07:47:41.370580+00:00,2,8.941700798459351e-05
0.2147447080060374,bank_k10_seed10004,bank,1.2083997717127204e-05,fresh,33652,0.0005509170005097985,7d1a7763318b4e18bf146f9f0e3b34935b5732a642173b767311e7c9459d6b71,0.21562416799133644,"[""fresh"", ""compact""]",0.0003228339774068445,0,0.00020487498841248453,True,3.4999975468963385e-06,1,5.709007382392883e-06,0.2153013340139296,10004,6.208982085809112e-06,72,134c37472f1b7cd08940923e382e4d73f7dcdb9d8daef70685c7e3c19463a8a1,1,ordinary buffered local write/close/read; no fsync; trusted bytes,2026-09-26T07:47:41.926731+00:00,0,9.616601164452732e-05
0.0014840419753454626,bank_k10_seed10004,bank,0.00011970801278948784,compact,33652,0.0004116660275030881,7d1a7763318b4e18bf146f9f0e3b34935b5732a642173b767311e7c9459d6b71,0.0027387079899199307,"[""fresh"", ""compact""]",0.0008428329892922193,1,5.400000372901559e-05,True,0.00034533298457972705,1,1.66997779160738e-07,0.0018958750006277114,10004,0.00022283298312686384,266235,259ffbed0694e4c9d0ab0b1bb7174e6674e1704678be07ada7436b94175c00b4,1,ordinary buffered local write/close/read; no fsync; trusted bytes,2026-09-26T07:47:41.931567+00:00,0,0.00010095900506712496
0.001435457990737632,bank_k10_seed10004,bank,0.0001552909961901605,compact,33636,0.0005777080077677965,8a85d340820e219fbed63591c675c5e40e6d0b38583b2247f16b09e4a8ec4861,0.0029992499912623316,"[""compact"", ""fresh""]",0.0009857499971985817,0,6.633400334976614e-05,True,0.0003844170132651925,1,3.33995558321476e-07,0.00201349999406375,10004,0.00024358299560844898,252236,8a4f0d1e72c7b391628297aa5e7a759bb370709c0209ea1d0ffde7924096bd0f,2,ordinary buffered local write/close/read; no fsync; trusted bytes,2026-09-26T07:47:42.029729+00:00,1,0.00013612498878501356
0.2030677500006277,bank_k10_seed10004,bank,1.1042022379115224e-05,fresh,33636,0.0005416250205598772,8a85d340820e219fbed63591c675c5e40e6d0b38583b2247f16b09e4a8ec4861,0.2039321260235738,"[""compact"", ""fresh""]",0.00031754199881106615,1,0.0002039159880951047,True,3.541994374245405e-06,1,5.209003575146198e-06,0.20361458402476273,10004,6.082991603761911e-06,70,80f48d62ca1dab82bc3b5e8a0eb2703b06e111faf8d03f3d4341611c68523520,2,ordinary buffered local write/close/read; no fsync; trusted bytes,2026-09-26T07:47:42.235483+00:00,1,9.295900235883892e-05
0.19226116698700935,bank_k10_seed10004,bank,1.0124989785254002e-05,fresh,33644,0.0005619580042548478,9177f78a380185f0a1e8c8d1663067bab7ab19ac6084da50b7eacbf911f166ab,0.19314220800879411,"[""fresh"", ""compact""]",0.0003139160107821226,0,0.00021166700753383338,True,3.416003892198205e-06,1,5.1670067477971315e-06,0.192828291998012,10004,5.91602292843163e-06,68,cc3a4c61695a7500fd4ad173823ae1877b85c1f00e00d71cc7b76d264e7191dd,3,ordinary buffered local write/close/read; no fsync; trusted bytes,2026-09-26T07:47:42.517454+00:00,2,8.279198664240539e-05
0.0013325830223038793,bank_k10_seed10004,bank,0.00012941600289195776,compact,33644,0.0003937089932151139,9177f78a380185f0a1e8c8d1663067bab7ab19ac6084da50b7eacbf911f166ab,0.0025907500239554793,"[""fresh"", ""compact""]",0.0008642500033602118,1,5.7249999372288585e-05,True,0.0003255420015193522,1,2.0800507627427578e-07,0.0017265000205952674,10004,0.00023962502018548548,238246,77102b38bd436e7f897361a6a2694b169ecb6cf171db8a804d70c8570c3b79ae,3,ordinary buffered local write/close/read; no fsync; trusted bytes,2026-09-26T07:47:42.522307+00:00,2,0.00011241697939112782
0.0014857500209473073,bank_k10_seed10004,bank,0.0001267919724341482,compact,33652,0.0005046250007580966,7d1a7763318b4e18bf146f9f0e3b34935b5732a642173b767311e7c9459d6b71,0.0029575410299003124,"[""compact"", ""fresh""]",0.0009668330021668226,0,7.249999907799065e-05,True,0.0003584580263122916,2,3.3300602808594704e-07,0.00199070802773349,10004,0.00022808299399912357,266235,259ffbed0694e4c9d0ab0b1bb7174e6674e1704678be07ada7436b94175c00b4,1,ordinary buffered local write/close/read; no fsync; trusted bytes,2026-09-26T07:47:42.638685+00:00,0,0.00018100001034326851
0.21458699999493547,bank_k10_seed10004,bank,1.09999964479357e-05,fresh,33652,0.0005480420077219605,7d1a7763318b4e18bf146f9f0e3b34935b5732a642173b767311e7c9459d6b71,0.2154692920157686,"[""compact"", ""fresh""]",0.0003301250108052045,1,0.00021975001436658204,True,3.8330035749822855e-06,2,4.125002305954695e-06,0.21513916700496338,10004,5.874986527487636e-06,72,134c37472f1b7cd08940923e382e4d73f7dcdb9d8daef70685c7e3c19463a8a1,1,ordinary buffered local write/close/read; no fsync; trusted bytes,2026-09-26T07:47:42.856054+00:00,0,8.966700988821685e-05
0.20477129198843613,bank_k10_seed10004,bank,1.0875024599954486e-05,fresh,33636,0.0005257920129224658,8a85d340820e219fbed63591c675c5e40e6d0b38583b2247f16b09e4a8ec4861,0.20561579198692925,"[""fresh"", ""compact""]",0.00031383297755382955,0,0.0002057919919025153,True,3.4159747883677483e-06,2,4.875008016824722e-06,0.20530195900937542,10004,6.041984306648374e-06,70,80f48d62ca1dab82bc3b5e8a0eb2703b06e111faf8d03f3d4341611c68523520,2,ordinary buffered local write/close/read; no fsync; trusted bytes,2026-09-26T07:47:43.155717+00:00,1,8.770800195634365e-05
0.0013626249856315553,bank_k10_seed10004,bank,0.00012079201405867934,compact,33636,0.00035170800401829183,8a85d340820e219fbed63591c675c5e40e6d0b38583b2247f16b09e4a8ec4861,0.002559290995122865,"[""fresh"", ""compact""]",0.0008447500003967434,1,5.3957977797836065e-05,True,0.00032295798882842064,2,2.0800507627427578e-07,0.0017145409947261214,10004,0.00024108399520628154,252236,8a4f0d1e72c7b391628297aa5e7a759bb370709c0209ea1d0ffde7924096bd0f,2,ordinary buffered local write/close/read; no fsync; trusted bytes,2026-09-26T07:47:43.160417+00:00,1,0.00010595802450552583
0.0013784580223727971,bank_k10_seed10004,bank,0.00011529200128279626,compact,33644,0.0004635840014088899,9177f78a380185f0a1e8c8d1663067bab7ab19ac6084da50b7eacbf911f166ab,0.002643793006427586,"[""compact"", ""fresh""]",0.000801333982963115,0,6.158300675451756e-05,True,0.00030254197190515697,2,4.169996827840805e-07,0.001842459023464471,10004,0.00020312500419095159,238246,77102b38bd436e7f897361a6a2694b169ecb6cf171db8a804d70c8570c3b79ae,3,ordinary buffered local write/close/read; no fsync; trusted bytes,2026-09-26T07:47:43.253122+00:00,2,0.0001187919988296926
0.19188179101911373,bank_k10_seed10004,bank,1.1041993275284767e-05,fresh,33644,0.0006103749910835177,9177f78a380185f0a1e8c8d1663067bab7ab19ac6084da50b7eacbf911f166ab,0.19281804098864086,"[""compact"", ""fresh""]",0.000320708000799641,1,0.0002077080134768039,True,3.583001671358943e-06,2,5.166977643966675e-06,0.19249733298784122,10004,6.082991603761911e-06,68,cc3a4c61695a7500fd4ad173823ae1877b85c1f00e00d71cc7b76d264e7191dd,3,ordinary buffered local write/close/read; no fsync; trusted bytes,2026-09-26T07:47:43.447541+00:00,2,9.229200077243149e-05
0.16426158300600946,credit_k10_seed10000,credit,2.3500004317611456e-05,fresh,18350,0.0004287920019123703,e6c5e43d87a02f5e833beed7c52b46b0adadc9b0abd932be5e3cbb0ecb85ce75,0.16503799997735769,"[""fresh"", ""compact""]",0.00032699998700991273,0,0.0001934999891091138,True,5.749985575675964e-06,0,2.0624982425943017e-05,0.16471099999034777,10000,1.3290991773828864e-05,312,72eea0be26c63d38d9667e3a51ba8b39df816b17f3996b3e440d5a5162a62ae4,1,ordinary buffered local write/close/read; no fsync; trusted bytes,2026-09-26T07:47:44.150771+00:00,0,9.095901623368263e-05
0.006273917009821162,credit_k10_seed10000,credit,0.0005190000229049474,compact,18350,0.00035179199767298996,e6c5e43d87a02f5e833beed7c52b46b0adadc9b0abd932be5e3cbb0ecb85ce75,0.00966154198977165,"[""fresh"", ""compact""]",0.0030354170012287796,1,0.00019758299458771944,True,0.001277708972338587,0,4.159810487180948e-07,0.00662612498854287,10000,0.0008838330104481429,783184,da489f048df450d245c3d264387450aa8e981c74aa1858f8a6a38c9a3b24eb20,1,ordinary buffered local write/close/read; no fsync; trusted bytes,2026-09-26T07:47:44.162916+00:00,0,0.00015729200094938278
0.006240958988200873,credit_k10_seed10000,credit,0.00047716699191369116,compact,18370,0.0004319160070735961,5179cc34c24c1725988db3d1bc89faa9c017e432cfc7ef0541bf105a0f07e21b,0.010027000011177734,"[""compact"", ""fresh""]",0.0033537500130478293,0,0.00022987500415183604,True,0.0012569579994305968,0,3.7500285543501377e-07,0.006673249998129904,10000,0.0007994589977897704,775278,656399c27024a0566911a71911f3cb1cd15756a6b8385dfe94e641a86985b354,2,ordinary buffered local write/close/read; no fsync; trusted bytes,2026-09-26T07:47:44.569077+00:00,1,0.0005902910197619349
0.16193212498910725,credit_k10_seed10000,credit,1.6167003195732832e-05,fresh,18370,0.00042424999992363155,5179cc34c24c1725988db3d1bc89faa9c017e432cfc7ef0541bf105a0f07e21b,0.16269570795702748,"[""compact"", ""fresh""]",0.0003263329854235053,1,0.00020937499357387424,True,5.95799065195024e-06,0,1.2999982573091984e-05,0.16236937497160397,10000,9.249983122572303e-06,310,0647177df76d12ae0184f6c57cf116dbf3eb71e59eb0066c902a93c9a9923c3b,2,ordinary buffered local write/close/read; no fsync; trusted bytes,2026-09-26T07:47:44.733867+00:00,1,8.55830148793757e-05
0.1579868330154568,credit_k10_seed10000,credit,1.4582998119294643e-05,fresh,18386,0.0004203749995213002,8811853bc683b62d9c3f2d0619d320afa7dc666c2d9ddb83d43a7b940ee090f2,0.15875095798401162,"[""fresh"", ""compact""]",0.00032737498986534774,0,0.00021341699175536633,True,6.124988431110978e-06,0,1.637497916817665e-05,0.15842358299414627,10000,8.625007467344403e-06,308,aa974860d1b3287e6f27824e266bb3807981c604ad89723af72a6a734cc2a97b,3,ordinary buffered local write/close/read; no fsync; trusted bytes,2026-09-26T07:47:45.278006+00:00,2,8.462500409223139e-05
0.005894667003303766,credit_k10_seed10000,credit,0.0005250419781077653,compact,18386,0.00033333300962112844,8811853bc683b62d9c3f2d0619d320afa7dc666c2d9ddb83d43a7b940ee090f2,0.0091671250120271,"[""fresh"", ""compact""]",0.002938791993074119,1,0.00020195802790112793,True,0.001270458014914766,0,3.3300602808594704e-07,0.006228333018952981,10000,0.0007841669721528888,767372,c0e94fa4235ab47aa46b7c200c0f2e638b5afd51fa3a575fbb8f03a62155c47d,3,ordinary buffered local write/close/read; no fsync; trusted bytes,2026-09-26T07:47:45.289567+00:00,2,0.0001571669999975711
0.006293167010881007,credit_k10_seed10000,credit,0.00048383299144916236,compact,18350,0.00041849998524412513,e6c5e43d87a02f5e833beed7c52b46b0adadc9b0abd932be5e3cbb0ecb85ce75,0.009662415977800265,"[""compact"", ""fresh""]",0.0029500410018954426,0,0.0002068330068141222,True,0.0012656250037252903,1,7.079797796905041e-07,0.006712374975904822,10000,0.0008079160179477185,783184,da489f048df450d245c3d264387450aa8e981c74aa1858f8a6a38c9a3b24eb20,1,ordinary buffered local write/close/read; no fsync; trusted bytes,2026-09-26T07:47:45.762045+00:00,0,0.00018583398195914924
0.16545233299257234,credit_k10_seed10000,credit,1.5291996533051133e-05,fresh,18350,0.00039558298885822296,e6c5e43d87a02f5e833beed7c52b46b0adadc9b0abd932be5e3cbb0ecb85ce75,0.16616333299316466,"[""compact"", ""fresh""]",0.00030166699434630573,1,0.0001820419856812805,True,6.207992555573583e-06,1,1.3750017387792468e-05,0.16586166599881835,10000,8.95900302566588e-06,312,72eea0be26c63d38d9667e3a51ba8b39df816b17f3996b3e440d5a5162a62ae4,1,ordinary buffered local write/close/read; no fsync; trusted bytes,2026-09-26T07:47:45.930595+00:00,0,8.916601655073464e-05
0.1627856669947505,credit_k10_seed10000,credit,1.7166981706395745e-05,fresh,18370,0.00045612500980496407,5179cc34c24c1725988db3d1bc89faa9c017e432cfc7ef0541bf105a0f07e21b,0.1635697929887101,"[""fresh"", ""compact""]",0.0003103339986409992,0,0.00017666700296103954,True,6.749993190169334e-06,1,1.766698551364243e-05,0.1632594589900691,10000,9.292009053751826e-06,310,0647177df76d12ae0184f6c57cf116dbf3eb71e59eb0066c902a93c9a9923c3b,2,ordinary buffered local write/close/read; no fsync; trusted bytes,2026-09-26T07:47:46.379356+00:00,1,0.00010045801172964275
0.0062021249905228615,credit_k10_seed10000,credit,0.00047037500189617276,compact,18370,0.00036120900767855346,5179cc34c24c1725988db3d1bc89faa9c017e432cfc7ef0541bf105a0f07e21b,0.009439250017749146,"[""fresh"", ""compact""]",0.002875625010346994,1,0.00015374997747130692,True,0.0012612090213224292,1,2.910092007368803e-07,0.006563625007402152,10000,0.0008256660075858235,775278,656399c27024a0566911a71911f3cb1cd15756a6b8385dfe94e641a86985b354,2,ordinary buffered local write/close/read; no fsync; trusted bytes,2026-09-26T07:47:46.391115+00:00,1,0.0001646250020712614
0.005971249978756532,credit_k10_seed10000,credit,0.000469833001261577,compact,18386,0.00042245801887474954,8811853bc683b62d9c3f2d0619d320afa7dc666c2d9ddb83d43a7b940ee090f2,0.009400124981766567,"[""compact"", ""fresh""]",0.003005582984769717,0,0.00018766699940897524,True,0.0012373329955153167,1,8.33999365568161e-07,0.00639454199699685,10000,0.0008969579939730465,767372,c0e94fa4235ab47aa46b7c200c0f2e638b5afd51fa3a575fbb8f03a62155c47d,3,ordinary buffered local write/close/read; no fsync; trusted bytes,2026-09-26T07:47:46.682231+00:00,2,0.00021379199461080134
0.16086537501541898,credit_k10_seed10000,credit,1.5082972822710872e-05,fresh,18386,0.0004122079990338534,8811853bc683b62d9c3f2d0619d320afa7dc666c2d9ddb83d43a7b940ee090f2,0.1615894999995362,"[""compact"", ""fresh""]",0.00029929200536571443,1,0.00017304200446233153,True,5.875015631318092e-06,1,1.262497971765697e-05,0.1612902079941705,10000,8.834002073854208e-06,308,aa974860d1b3287e6f27824e266bb3807981c604ad89723af72a6a734cc2a97b,3,ordinary buffered local write/close/read; no fsync; trusted bytes,2026-09-26T07:47:46.845821+00:00,2,9.645801037549973e-05
0.1613003340025898,credit_k10_seed10000,credit,1.4874996850267053e-05,fresh,18350,0.00042141598532907665,e6c5e43d87a02f5e833beed7c52b46b0adadc9b0abd932be5e3cbb0ecb85ce75,0.16206525001325645,"[""fresh"", ""compact""]",0.00032654200913384557,0,0.0002075409865938127,True,5.6670105550438166e-06,2,1.6958016203716397e-05,0.1617387080041226,10000,9.125011274591088e-06,312,72eea0be26c63d38d9667e3a51ba8b39df816b17f3996b3e440d5a5162a62ae4,1,ordinary buffered local write/close/read; no fsync; trusted bytes,2026-09-26T07:47:47.368227+00:00,0,8.93340038601309e-05
0.006071667012292892,credit_k10_seed10000,credit,0.00047491700388491154,compact,18350,0.00029054100741632283,e6c5e43d87a02f5e833beed7c52b46b0adadc9b0abd932be5e3cbb0ecb85ce75,0.009300665988121182,"[""fresh"", ""compact""]",0.0029381249914877117,1,0.00020775001030415297,True,0.0012920829758513719,2,3.329769242554903e-07,0.00636254099663347,10000,0.0008105839951895177,783184,da489f048df450d245c3d264387450aa8e981c74aa1858f8a6a38c9a3b24eb20,1,ordinary buffered local write/close/read; no fsync; trusted bytes,2026-09-26T07:47:47.379816+00:00,0,0.00015279100625775754
0.006103708001319319,credit_k10_seed10000,credit,0.0004644590080715716,compact,18370,0.0003671669983305037,5179cc34c24c1725988db3d1bc89faa9c017e432cfc7ef0541bf105a0f07e21b,0.009303083003032953,"[""compact"", ""fresh""]",0.002831874997355044,0,0.00018983299378305674,True,0.0012310829770285636,2,3.3300602808594704e-07,0.006471208005677909,10000,0.0007775830163154751,775278,656399c27024a0566911a71911f3cb1cd15756a6b8385dfe94e641a86985b354,2,ordinary buffered local write/close/read; no fsync; trusted bytes,2026-09-26T07:47:47.667686+00:00,1,0.00016891700215637684
0.1603715000092052,credit_k10_seed10000,credit,1.791701652109623e-05,fresh,18370,0.0003950829850509763,5179cc34c24c1725988db3d1bc89faa9c017e432cfc7ef0541bf105a0f07e21b,0.16108504100702703,"[""compact"", ""fresh""]",0.0003057080029975623,1,0.00018858298426494002,True,6.707996362820268e-06,2,1.2750009773299098e-05,0.16077933300402947,10000,8.25000461190939e-06,310,0647177df76d12ae0184f6c57cf116dbf3eb71e59eb0066c902a93c9a9923c3b,2,ordinary buffered local write/close/read; no fsync; trusted bytes,2026-09-26T07:47:47.830907+00:00,1,8.425000123679638e-05
0.15711012500105426,credit_k10_seed10000,credit,1.420799526385963e-05,fresh,18386,0.0004360830062068999,8811853bc683b62d9c3f2d0619d320afa7dc666c2d9ddb83d43a7b940ee090f2,0.15788895898731425,"[""fresh"", ""compact""]",0.0003251669986639172,0,0.0002086249878630042,True,5.8340083342045546e-06,2,1.7583981389179826e-05,0.15756379198865034,10000,8.957984391599894e-06,308,aa974860d1b3287e6f27824e266bb3807981c604ad89723af72a6a734cc2a97b,3,ordinary buffered local write/close/read; no fsync; trusted bytes,2026-09-26T07:47:48.264172+00:00,2,8.75420228112489e-05
0.005859083001269028,credit_k10_seed10000,credit,0.0004512080049607903,compact,18386,0.00026279198937118053,8811853bc683b62d9c3f2d0619d320afa7dc666c2d9ddb83d43a7b940ee090f2,0.00892112500150688,"[""fresh"", ""compact""]",0.002799083013087511,1,0.00019987497944384813,True,0.0012200420023873448,2,1.66997779160738e-07,0.006122041988419369,10000,0.0007842500053811818,767372,c0e94fa4235ab47aa46b7c200c0f2e638b5afd51fa3a575fbb8f03a62155c47d,3,ordinary buffered local write/close/read; no fsync; trusted bytes,2026-09-26T07:47:48.275376+00:00,2,0.00014370802091434598
0.006129459012299776,credit_k10_seed10001,credit,0.0005448340089060366,compact,18440,0.00042424999992363155,b13770ea0e590e59e4c16d88366cffd078117c328bb006157a979f957611ff05,0.009581000020261854,"[""compact"", ""fresh""]",0.003026291000423953,0,0.0001678749977145344,True,0.0013162909890525043,0,1.00000761449337e-06,0.006554709019837901,10001,0.000819833017885685,783184,3217acc05aa6f806d658725024efd61a7d1dc41507c52a93346bda8681c3e300,1,ordinary buffered local write/close/read; no fsync; trusted bytes,2026-09-26T07:47:49.031651+00:00,0,0.00017745798686519265
0.16299662500387058,credit_k10_seed10001,credit,2.054200740531087e-05,fresh,18440,0.00045312498696148396,b13770ea0e590e59e4c16d88366cffd078117c328bb006157a979f957611ff05,0.16379566700197756,"[""compact"", ""fresh""]",0.00033037501270882785,1,0.00020691598183475435,True,5.6670105550438166e-06,0,1.5541998436674476e-05,0.16346529198926874,10001,9.790994226932526e-06,312,72eea0be26c63d38d9667e3a51ba8b39df816b17f3996b3e440d5a5162a62ae4,1,ordinary buffered local write/close/read; no fsync; trusted bytes,2026-09-26T07:47:49.197774+00:00,0,8.74590186867863e-05
0.16150499999639578,credit_k10_seed10001,credit,2.0167004549875855e-05,fresh,18402,0.0004529580182861537,c8f23d89d1a585d084a024de01f4d77880fc05c6d001212046f60efd9657c6c1,0.16229949999251403,"[""fresh"", ""compact""]",0.00032295798882842064,0,0.0001770000089891255,True,6.040994776412845e-06,0,1.8583989003673196e-05,0.1619765420036856,10001,1.3291981304064393e-05,310,0647177df76d12ae0184f6c57cf116dbf3eb71e59eb0066c902a93c9a9923c3b,2,ordinary buffered local write/close/read; no fsync; trusted bytes,2026-09-26T07:47:49.755396+00:00,1,0.00010645799920894206
0.006177333008963615,credit_k10_seed10001,credit,0.0005022500117775053,compact,18402,0.0002894169883802533,c8f23d89d1a585d084a024de01f4d77880fc05c6d001212046f60efd9657c6c1,0.009499167004832998,"[""fresh"", ""compact""]",0.0030321670055855066,1,0.00019016599981114268,True,0.0012354589998722076,0,2.500019036233425e-07,0.006466999999247491,10001,0.0009067079809028655,775278,a16a443cc73168bcd294a1e86cf1ee7508f9cd348b4eaec41b81a3ba63994616,2,ordinary buffered local write/close/read; no fsync; trusted bytes,2026-09-26T07:47:49.767333+00:00,1,0.00019758401322178543
0.006063417007680982,credit_k10_seed10001,credit,0.00047008300316520035,compact,18354,0.00036574999103322625,e946be093633921998b995cdb6cabe4913c7dd8fed0a8cb9ff959d8d6bd4fd68,0.009380709001561627,"[""compact"", ""fresh""]",0.002951166999991983,0,0.00023329199757426977,True,0.0012341669935267419,0,3.7500285543501377e-07,0.006429542001569644,10001,0.0008312090067192912,767372,0d40bec3cd410cf67a8e4294fc622da90c4aedf3195851a53690733d415d59b1,3,ordinary buffered local write/close/read; no fsync; trusted bytes,2026-09-26T07:47:50.162842+00:00,2,0.00018241599900647998
0.15825395900174044,credit_k10_seed10001,credit,1.4375022146850824e-05,fresh,18354,0.00044679100392386317,e946be093633921998b995cdb6cabe4913c7dd8fed0a8cb9ff959d8d6bd4fd68,0.15902508300496265,"[""compact"", ""fresh""]",0.0003109170065727085,1,0.0001922499795909971,True,5.916983354836702e-06,0,1.3415992725640535e-05,0.15871416599838994,10001,8.750008419156075e-06,308,aa974860d1b3287e6f27824e266bb3807981c604ad89723af72a6a734cc2a97b,3,ordinary buffered local write/close/read; no fsync; trusted bytes,2026-09-26T07:47:50.323943+00:00,2,8.962501306086779e-05
0.16148708300897852,credit_k10_seed10001,credit,1.5291996533051133e-05,fresh,18440,0.00044458400225266814,b13770ea0e590e59e4c16d88366cffd078117c328bb006157a979f957611ff05,0.1622803340142127,"[""fresh"", ""compact""]",0.0003292089968454093,0,0.00020791598944924772,True,5.792011506855488e-06,1,1.9458006136119366e-05,0.1619511250173673,10001,8.95900302566588e-06,312,72eea0be26c63d38d9667e3a51ba8b39df816b17f3996b3e440d5a5162a62ae4,1,ordinary buffered local write/close/read; no fsync; trusted bytes,2026-09-26T07:47:50.947211+00:00,0,9.124999633058906e-05
0.00606683298246935,credit_k10_seed10001,credit,0.000497291999636218,compact,18440,0.0003420830180402845,b13770ea0e590e59e4c16d88366cffd078117c328bb006157a979f957611ff05,0.009319375007180497,"[""fresh"", ""compact""]",0.002910209004767239,1,0.00019304099259898067,True,0.001235292002093047,1,2.500019036233425e-07,0.006409166002413258,10001,0.0008224589983001351,783184,3217acc05aa6f806d658725024efd61a7d1dc41507c52a93346bda8681c3e300,1,ordinary buffered local write/close/read; no fsync; trusted bytes,2026-09-26T07:47:50.958873+00:00,0,0.00016212501213885844
0.0060979170084465295,credit_k10_seed10001,credit,0.0004516660119406879,compact,18402,0.00035562500124797225,c8f23d89d1a585d084a024de01f4d77880fc05c6d001212046f60efd9657c6c1,0.009307792992331088,"[""compact"", ""fresh""]",0.0028539589839056134,0,0.00019908399553969502,True,0.0012333339836914092,1,2.9199873097240925e-07,0.006453834008425474,10001,0.0007897089817561209,775278,a16a443cc73168bcd294a1e86cf1ee7508f9cd348b4eaec41b81a3ba63994616,2,ordinary buffered local write/close/read; no fsync; trusted bytes,2026-09-26T07:47:51.246400+00:00,1,0.00018016601097770035
0.15907066699583083,credit_k10_seed10001,credit,1.4999997802078724e-05,fresh,18402,0.0004106250125914812,c8f23d89d1a585d084a024de01f4d77880fc05c6d001212046f60efd9657c6c1,0.15981658300734125,"[""compact"", ""fresh""]",0.000320708000799641,1,0.00020416700863279402,True,5.54099096916616e-06,1,1.4582998119294643e-05,0.1594958750065416,10001,8.542003342881799e-06,310,0647177df76d12ae0184f6c57cf116dbf3eb71e59eb0066c902a93c9a9923c3b,2,ordinary buffered local write/close/read; no fsync; trusted bytes,2026-09-26T07:47:51.408355+00:00,1,8.745800005272031e-05
0.15739949999260716,credit_k10_seed10001,credit,1.4416000340133905e-05,fresh,18354,0.0004165419959463179,e946be093633921998b995cdb6cabe4913c7dd8fed0a8cb9ff959d8d6bd4fd68,0.15816145902499557,"[""fresh"", ""compact""]",0.00032820901833474636,0,0.00021216701134108007,True,5.709007382392883e-06,1,1.720801810733974e-05,0.15783325000666082,10001,8.875009370967746e-06,308,aa974860d1b3287e6f27824e266bb3807981c604ad89723af72a6a734cc2a97b,3,ordinary buffered local write/close/read; no fsync; trusted bytes,2026-09-26T07:47:51.844077+00:00,2,8.704198990017176e-05
0.005952582985628396,credit_k10_seed10001,credit,0.00046283399569801986,compact,18354,0.00034183301613666117,e946be093633921998b995cdb6cabe4913c7dd8fed0a8cb9ff959d8d6bd4fd68,0.009173416008707136,"[""fresh"", ""compact""]",0.002878500003134832,1,0.00019787499331869185,True,0.001274083013413474,1,5.00003807246685e-07,0.006294916005572304,10001,0.0007882499776314944,767372,0d40bec3cd410cf67a8e4294fc622da90c4aedf3195851a53690733d415d59b1,3,ordinary buffered local write/close/read; no fsync; trusted bytes,2026-09-26T07:47:51.855607+00:00,2,0.0001554580230731517
0.006088416004786268,credit_k10_seed10001,credit,0.00047745899064466357,compact,18440,0.0003809999907389283,b13770ea0e590e59e4c16d88366cffd078117c328bb006157a979f957611ff05,0.009401999996043742,"[""compact"", ""fresh""]",0.0029321670008357614,0,0.0002317500184290111,True,0.001222708000568673,2,4.169996827840805e-07,0.00646983299520798,10001,0.0008110420021694154,783184,3217acc05aa6f806d658725024efd61a7d1dc41507c52a93346bda8681c3e300,1,ordinary buffered local write/close/read; no fsync; trusted bytes,2026-09-26T07:47:52.217203+00:00,0,0.00018920798902399838
0.1610545000003185,credit_k10_seed10001,credit,1.5083001926541328e-05,fresh,18440,0.0004208750033285469,b13770ea0e590e59e4c16d88366cffd078117c328bb006157a979f957611ff05,0.16181845802930184,"[""compact"", ""fresh""]",0.00033000000985339284,1,0.00021033399389125407,True,5.62501372769475e-06,2,1.3083015801385045e-05,0.16148845801944844,10001,8.792005246505141e-06,312,72eea0be26c63d38d9667e3a51ba8b39df816b17f3996b3e440d5a5162a62ae4,1,ordinary buffered local write/close/read; no fsync; trusted bytes,2026-09-26T07:47:52.380960+00:00,0,9.016599506139755e-05
0.1603926250245422,credit_k10_seed10001,credit,1.404198701493442e-05,fresh,18402,0.00041620800038799644,c8f23d89d1a585d084a024de01f4d77880fc05c6d001212046f60efd9657c6c1,0.16114979202393442,"[""fresh"", ""compact""]",0.00032495902269147336,0,0.0002053330244962126,True,5.6670105550438166e-06,2,1.5999976312741637e-05,0.16082483300124295,10001,8.458999218419194e-06,310,0647177df76d12ae0184f6c57cf116dbf3eb71e59eb0066c902a93c9a9923c3b,2,ordinary buffered local write/close/read; no fsync; trusted bytes,2026-09-26T07:47:52.820906+00:00,1,9.145800140686333e-05
0.006064291985239834,credit_k10_seed10001,credit,0.0004651250201277435,compact,18402,0.0003598750045057386,c8f23d89d1a585d084a024de01f4d77880fc05c6d001212046f60efd9657c6c1,0.009291333000874147,"[""fresh"", ""compact""]",0.0028669580060523003,1,0.00014608298079110682,True,0.0012247499835211784,2,2.0800507627427578e-07,0.0064243749948218465,10001,0.00084954101475887,775278,a16a443cc73168bcd294a1e86cf1ee7508f9cd348b4eaec41b81a3ba63994616,2,ordinary buffered local write/close/read; no fsync; trusted bytes,2026-09-26T07:47:52.832572+00:00,1,0.00018145900685340166
0.006193291017552838,credit_k10_seed10001,credit,0.00046008400386199355,compact,18354,0.0004135839990340173,e946be093633921998b995cdb6cabe4913c7dd8fed0a8cb9ff959d8d6bd4fd68,0.009446625015698373,"[""compact"", ""fresh""]",0.002839458000380546,0,0.00020008301362395287,True,0.0011739579786080867,2,2.9199873097240925e-07,0.0066071670153178275,10001,0.0008207500213757157,767372,0d40bec3cd410cf67a8e4294fc622da90c4aedf3195851a53690733d415d59b1,3,ordinary buffered local write/close/read; no fsync; trusted bytes,2026-09-26T07:47:53.119189+00:00,2,0.000184582982910797
0.15788358298595995,credit_k10_seed10001,credit,1.8291000742465258e-05,fresh,18354,0.0004229170153848827,e946be093633921998b995cdb6cabe4913c7dd8fed0a8cb9ff959d8d6bd4fd68,0.15865700002177618,"[""compact"", ""fresh""]",0.0003367500030435622,1,0.0002168749924749136,True,7.08398874849081e-06,2,1.3750017387792468e-05,0.15832025001873262,10001,8.54101381264627e-06,308,aa974860d1b3287e6f27824e266bb3807981c604ad89723af72a6a734cc2a97b,3,ordinary buffered local write/close/read; no fsync; trusted bytes,2026-09-26T07:47:53.280206+00:00,2,8.595900726504624e-05
0.16386479200446047,credit_k10_seed10002,credit,2.012500772252679e-05,fresh,18358,0.0004213330103084445,60e90e18483b367b9ac82856d72105099a22bfc8c3850a102a6058c2d6968d86,0.1646601670072414,"[""fresh"", ""compact""]",0.00034966698149219155,0,0.00021579198073595762,True,5.999987479299307e-06,0,2.4375010980293155e-05,0.1643105000257492,10002,1.1791998986154795e-05,312,72eea0be26c63d38d9667e3a51ba8b39df816b17f3996b3e440d5a5162a62ae4,1,ordinary buffered local write/close/read; no fsync; trusted bytes,2026-09-26T07:47:54.161087+00:00,0,9.595800656825304e-05
0.006177000002935529,credit_k10_seed10002,credit,0.0005544160085264593,compact,18358,0.00033812501351349056,60e90e18483b367b9ac82856d72105099a22bfc8c3850a102a6058c2d6968d86,0.009493290999671444,"[""fresh"", ""compact""]",0.0029775000002700835,1,0.0001981249952223152,True,0.0012662090011872351,0,6.659829523414373e-07,0.006515790999401361,10002,0.0007968749850988388,783184,9d26ba9767066b1e522e2994d4b2dc9030f82537a34581a668b7c21e35792386,1,ordinary buffered local write/close/read; no fsync; trusted bytes,2026-09-26T07:47:54.172931+00:00,0,0.0001618750102352351
0.006335082987789065,credit_k10_seed10002,credit,0.0004701249999925494,compact,18406,0.0004304590111132711,9db50506dc02a608e759b32f6d2624fc6bf428b4db410cd17a4e23cc5ef99135,0.0099892090074718,"[""compact"", ""fresh""]",0.0032231670047622174,0,0.00023529099416919053,True,0.0012382090208120644,0,5.00003807246685e-07,0.0067660420027095824,10002,0.0008544579904992133,775278,569c09dcdfdf7b549fe0590ee8ba16cacde76e8384bcf082efae60768886b864,2,ordinary buffered local write/close/read; no fsync; trusted bytes,2026-09-26T07:47:54.576873+00:00,1,0.0004250839992891997
0.16092616698006168,credit_k10_seed10002,credit,1.6834004782140255e-05,fresh,18406,0.00040812502265907824,9db50506dc02a608e759b32f6d2624fc6bf428b4db410cd17a4e23cc5ef99135,0.16168304200982675,"[""compact"", ""fresh""]",0.0003313329943921417,1,0.00021183298667892814,True,5.54099096916616e-06,0,1.7417012713849545e-05,0.1613517090154346,10002,9.167008101940155e-06,310,0647177df76d12ae0184f6c57cf116dbf3eb71e59eb0066c902a93c9a9923c3b,2,ordinary buffered local write/close/read; no fsync; trusted bytes,2026-09-26T07:47:54.740707+00:00,1,8.7958003859967e-05
0.16009337501600385,credit_k10_seed10002,credit,1.554097980260849e-05,fresh,18350,0.00043620800715871155,bfffd56f640993daa6132f06ac89e7d18c0d2c709dc9d936e32869e4b94ae7bf,0.1608740839874372,"[""fresh"", ""compact""]",0.0003274589835200459,0,0.00020804200903512537,True,5.709007382392883e-06,0,1.7041980754584074e-05,0.16054662500391714,10002,1.200000406242907e-05,308,aa974860d1b3287e6f27824e266bb3807981c604ad89723af72a6a734cc2a97b,3,ordinary buffered local write/close/read; no fsync; trusted bytes,2026-09-26T07:47:55.289508+00:00,2,8.616698323749006e-05
0.006085291999625042,credit_k10_seed10002,credit,0.0004897500039078295,compact,18350,0.00026370800333097577,bfffd56f640993daa6132f06ac89e7d18c0d2c709dc9d936e32869e4b94ae7bf,0.009315542003605515,"[""fresh"", ""compact""]",0.0029662919987458736,1,0.00015666699619032443,True,0.00121795799350366,0,2.500019036233425e-07,0.006349250004859641,10002,0.0009489170042797923,767372,90858087555ca13a8fbd4a22ab51bbbe1c3ebfaf238b54407d48a4fa4fc93820,3,ordinary buffered local write/close/read; no fsync; trusted bytes,2026-09-26T07:47:55.301177+00:00,2,0.00015300000086426735
0.006210166990058497,credit_k10_seed10002,credit,0.00047087500570341945,compact,18358,0.0004287080082576722,60e90e18483b367b9ac82856d72105099a22bfc8c3850a102a6058c2d6968d86,0.009602541016647592,"[""compact"", ""fresh""]",0.002963208011351526,0,0.000252291007200256,True,0.0012644169910345227,1,4.580069798976183e-07,0.006639333005296066,10002,0.0008047500159591436,783184,9d26ba9767066b1e522e2994d4b2dc9030f82537a34581a668b7c21e35792386,1,ordinary buffered local write/close/read; no fsync; trusted bytes,2026-09-26T07:47:55.771383+00:00,0,0.00017087499145418406
0.1624407499912195,credit_k10_seed10002,credit,1.5875004464760423e-05,fresh,18358,0.0003658339846879244,60e90e18483b367b9ac82856d72105099a22bfc8c3850a102a6058c2d6968d86,0.1629622089676559,"[""compact"", ""fresh""]",0.00014312498387880623,1,3.225001273676753e-05,True,6.041984306648374e-06,1,1.2500007869675756e-05,0.1628190839837771,10002,8.832983439788222e-06,312,72eea0be26c63d38d9667e3a51ba8b39df816b17f3996b3e440d5a5162a62ae4,1,ordinary buffered local write/close/read; no fsync; trusted bytes,2026-09-26T07:47:55.936435+00:00,0,8.012499893084168e-05
0.1610778750036843,credit_k10_seed10002,credit,1.562500256113708e-05,fresh,18406,0.00040479100425727665,9db50506dc02a608e759b32f6d2624fc6bf428b4db410cd17a4e23cc5ef99135,0.1618442079925444,"[""fresh"", ""compact""]",0.0003443750028964132,0,0.0002246249932795763,True,5.375011824071407e-06,1,1.7166981706395745e-05,0.16149983298964798,10002,8.792005246505141e-06,310,0647177df76d12ae0184f6c57cf116dbf3eb71e59eb0066c902a93c9a9923c3b,2,ordinary buffered local write/close/read; no fsync; trusted bytes,2026-09-26T07:47:56.377780+00:00,1,8.995798998512328e-05
0.006027541996445507,credit_k10_seed10002,credit,0.000502750015584752,compact,18406,0.0002871250035241246,9db50506dc02a608e759b32f6d2624fc6bf428b4db410cd17a4e23cc5ef99135,0.009196750004775822,"[""fresh"", ""compact""]",0.0028818330029025674,1,0.00014054100029170513,True,0.0012454999960027635,1,2.500019036233425e-07,0.006314917001873255,10002,0.0008405419939663261,775278,569c09dcdfdf7b549fe0590ee8ba16cacde76e8384bcf082efae60768886b864,2,ordinary buffered local write/close/read; no fsync; trusted bytes,2026-09-26T07:47:56.389339+00:00,1,0.00015249999705702066
0.005996416992275044,credit_k10_seed10002,credit,0.0004649579932447523,compact,18350,0.0003486660134512931,bfffd56f640993daa6132f06ac89e7d18c0d2c709dc9d936e32869e4b94ae7bf,0.009229457034962252,"[""compact"", ""fresh""]",0.0028840410232078284,0,0.00018845900194719434,True,0.0012212080182507634,1,3.3300602808594704e-07,0.006345416011754423,10002,0.0008255410066340119,767372,90858087555ca13a8fbd4a22ab51bbbe1c3ebfaf238b54407d48a4fa4fc93820,3,ordinary buffered local write/close/read; no fsync; trusted bytes,2026-09-26T07:47:56.673603+00:00,2,0.0001838750031311065
0.15912558301351964,credit_k10_seed10002,credit,1.4457997167482972e-05,fresh,18350,0.0003940839960705489,bfffd56f640993daa6132f06ac89e7d18c0d2c709dc9d936e32869e4b94ae7bf,0.15985400098725222,"[""compact"", ""fresh""]",0.0003228339774068445,1,0.00020233402028679848,True,5.291978595778346e-06,1,1.1500000255182385e-05,0.15953116700984538,10002,8.208997314795852e-06,308,aa974860d1b3287e6f27824e266bb3807981c604ad89723af72a6a734cc2a97b,3,ordinary buffered local write/close/read; no fsync; trusted bytes,2026-09-26T07:47:56.835325+00:00,2,9.254098404198885e-05
0.1630638749920763,credit_k10_seed10002,credit,1.4375022146850824e-05,fresh,18358,0.0003997500170953572,60e90e18483b367b9ac82856d72105099a22bfc8c3850a102a6058c2d6968d86,0.16380341598414816,"[""fresh"", ""compact""]",0.0003234579926356673,0,0.00020983300055377185,True,5.291978595778346e-06,2,1.6332982340827584e-05,0.1634799579915125,10002,8.416012860834599e-06,312,72eea0be26c63d38d9667e3a51ba8b39df816b17f3996b3e440d5a5162a62ae4,1,ordinary buffered local write/close/read; no fsync; trusted bytes,2026-09-26T07:47:57.350676+00:00,0,8.55419784784317e-05
0.006224458978977054,credit_k10_seed10002,credit,0.00046958401799201965,compact,18358,0.00030345801496878266,60e90e18483b367b9ac82856d72105099a22bfc8c3850a102a6058c2d6968d86,0.009406249009771273,"[""fresh"", ""compact""]",0.0028780410066246986,1,0.00020466599380597472,True,0.0012437909899745136,2,2.910092007368803e-07,0.006528208003146574,10002,0.0008073330100160092,783184,9d26ba9767066b1e522e2994d4b2dc9030f82537a34581a668b7c21e35792386,1,ordinary buffered local write/close/read; no fsync; trusted bytes,2026-09-26T07:47:57.362355+00:00,0,0.0001526669948361814
0.006099083024309948,credit_k10_seed10002,credit,0.00046795798698440194,compact,18406,0.00041791697731241584,9db50506dc02a608e759b32f6d2624fc6bf428b4db410cd17a4e23cc5ef99135,0.009381749987369403,"[""compact"", ""fresh""]",0.0028642079851124436,0,0.00019324998720549047,True,0.001216250006109476,2,5.420006345957518e-07,0.00651754200225696,10002,0.0008101660059764981,775278,569c09dcdfdf7b549fe0590ee8ba16cacde76e8384bcf082efae60768886b864,2,ordinary buffered local write/close/read; no fsync; trusted bytes,2026-09-26T07:47:57.650584+00:00,1,0.00017658399883657694
0.15972520801005885,credit_k10_seed10002,credit,1.9625003915280104e-05,fresh,18406,0.0004050419956911355,9db50506dc02a608e759b32f6d2624fc6bf428b4db410cd17a4e23cc5ef99135,0.16046412498690188,"[""compact"", ""fresh""]",0.00032137500238604844,1,0.00017204199684783816,True,8.957984391599894e-06,2,1.2499978765845299e-05,0.16014274998451583,10002,1.0834017302840948e-05,310,0647177df76d12ae0184f6c57cf116dbf3eb71e59eb0066c902a93c9a9923c3b,2,ordinary buffered local write/close/read; no fsync; trusted bytes,2026-09-26T07:47:57.813100+00:00,1,0.00010991599992848933
0.16002404200844467,credit_k10_seed10002,credit,1.4541990822181106e-05,fresh,18350,0.00041195799713023007,bfffd56f640993daa6132f06ac89e7d18c0d2c709dc9d936e32869e4b94ae7bf,0.16078633297001943,"[""fresh"", ""compact""]",0.0003329159808345139,0,0.00021679099882021546,True,5.332985892891884e-06,2,1.7416983610019088e-05,0.16045341698918492,10002,9.040988516062498e-06,308,aa974860d1b3287e6f27824e266bb3807981c604ad89723af72a6a734cc2a97b,3,ordinary buffered local write/close/read; no fsync; trusted bytes,2026-09-26T07:47:58.249765+00:00,2,8.720901678316295e-05
0.005953832995146513,credit_k10_seed10002,credit,0.0004516670014709234,compact,18350,0.0002663749910425395,bfffd56f640993daa6132f06ac89e7d18c0d2c709dc9d936e32869e4b94ae7bf,0.009025874984217808,"[""fresh"", ""compact""]",0.0028055000002495944,1,0.0002080000122077763,True,0.001220499980263412,2,1.66997779160738e-07,0.006220374983968213,10002,0.000782542017986998,767372,90858087555ca13a8fbd4a22ab51bbbe1c3ebfaf238b54407d48a4fa4fc93820,3,ordinary buffered local write/close/read; no fsync; trusted bytes,2026-09-26T07:47:58.261147+00:00,2,0.00014279098832048476
0.006188041006680578,credit_k10_seed10003,credit,0.0005101659917272627,compact,18398,0.00038204199518077075,9181ca940a6a143fe7b51aa7da8e06b5d2a0ecbaf7aa2f97dc51a792b3f6ef27,0.009551708993967623,"[""compact"", ""fresh""]",0.0029811669955961406,0,0.00021841700072400272,True,0.001254167000297457,0,4.5899651013314724e-07,0.006570541998371482,10003,0.0008265000069513917,783184,085f40df835887ca24903b4e524725493489d3362927e0be7728574f6f189e17,1,ordinary buffered local write/close/read; no fsync; trusted bytes,2026-09-26T07:47:59.003553+00:00,0,0.0001719169958960265
0.16308795800432563,credit_k10_seed10003,credit,1.7250014934688807e-05,fresh,18398,0.00041562499245628715,9181ca940a6a143fe7b51aa7da8e06b5d2a0ecbaf7aa2f97dc51a792b3f6ef27,0.16386799997417256,"[""compact"", ""fresh""]",0.00033799998345784843,1,0.00021837500389665365,True,6.08398113399744e-06,0,2.6416993932798505e-05,0.16352999999071471,10003,9.457988198846579e-06,312,72eea0be26c63d38d9667e3a51ba8b39df816b17f3996b3e440d5a5162a62ae4,1,ordinary buffered local write/close/read; no fsync; trusted bytes,2026-09-26T07:47:59.169914+00:00,0,8.683299529366195e-05
0.16090633400017396,credit_k10_seed10003,credit,1.7084006685763597e-05,fresh,18390,0.0003891250235028565,1da51f145acee317422db76f705500e4fda38f05f88721df12672007518e46b0,0.16163083398714662,"[""fresh"", ""compact""]",0.0003191669820807874,0,0.00020366598619148135,True,5.707988748326898e-06,0,1.6207981389015913e-05,0.16131166700506583,10003,9.249983122572303e-06,310,0647177df76d12ae0184f6c57cf116dbf3eb71e59eb0066c902a93c9a9923c3b,2,ordinary buffered local write/close/read; no fsync; trusted bytes,2026-09-26T07:47:59.724256+00:00,1,8.345901733264327e-05
0.006037042010575533,credit_k10_seed10003,credit,0.000503125018440187,compact,18390,0.000279416999546811,1da51f145acee317422db76f705500e4fda38f05f88721df12672007518e46b0,0.009125208976911381,"[""fresh"", ""compact""]",0.002808499993989244,1,0.00014599997666664422,True,0.0012187910033389926,0,2.499727997928858e-07,0.006316708982922137,10003,0.0007824589847587049,775278,a40efe7d0b7c13f2eeee8945d3204d91beb34dc06dd9268444fc8b76bc09b5e5,2,ordinary buffered local write/close/read; no fsync; trusted bytes,2026-09-26T07:47:59.735639+00:00,1,0.00015812501078471541
0.006012999976519495,credit_k10_seed10003,credit,0.0005349169950932264,compact,18344,0.0003651670122053474,5e2b3e16dda6f80d6a64c67ad31ace0966d9f383d47b47115791acb5ed9a792e,0.009345291997306049,"[""compact"", ""fresh""]",0.002966750005725771,0,0.00020129099721089005,True,0.0012785830185748637,0,3.7500285543501377e-07,0.006378541991580278,10003,0.0007834169955458492,767372,2c9a7147d70b012af517f02ec76a96a6328022fe9aa8c62996f6733cb31e9f6a,3,ordinary buffered local write/close/read; no fsync; trusted bytes,2026-09-26T07:48:00.130953+00:00,2,0.00016854199930094182
0.15831670799525455,credit_k10_seed10003,credit,1.504199462942779e-05,fresh,18344,0.0004223329888191074,5e2b3e16dda6f80d6a64c67ad31ace0966d9f383d47b47115791acb5ed9a792e,0.15907591598806903,"[""compact"", ""fresh""]",0.0003240410005673766,1,0.00020916701760143042,True,5.665991920977831e-06,0,1.2834003427997231e-05,0.15875187498750165,10003,8.833012543618679e-06,308,aa974860d1b3287e6f27824e266bb3807981c604ad89723af72a6a734cc2a97b,3,ordinary buffered local write/close/read; no fsync; trusted bytes,2026-09-26T07:48:00.292113+00:00,2,8.53329838719219e-05
0.16076512497966178,credit_k10_seed10003,credit,1.550000160932541e-05,fresh,18398,0.00041233401861973107,9181ca940a6a143fe7b51aa7da8e06b5d2a0ecbaf7aa2f97dc51a792b3f6ef27,0.16153400001348928,"[""fresh"", ""compact""]",0.00033687500399537385,0,0.00021887500770390034,True,5.709007382392883e-06,1,1.966601121239364e-05,0.1611971250094939,10003,9.125011274591088e-06,312,72eea0be26c63d38d9667e3a51ba8b39df816b17f3996b3e440d5a5162a62ae4,1,ordinary buffered local write/close/read; no fsync; trusted bytes,2026-09-26T07:48:00.913519+00:00,0,8.766597602516413e-05
0.006059209001250565,credit_k10_seed10003,credit,0.00045862499973736703,compact,18398,0.00032087499857880175,9181ca940a6a143fe7b51aa7da8e06b5d2a0ecbaf7aa2f97dc51a792b3f6ef27,0.00920529299764894,"[""fresh"", ""compact""]",0.0028249589959159493,1,0.00015954201808199286,True,0.0012334999919403344,1,2.500019036233425e-07,0.00638033400173299,10003,0.0008099999977275729,783184,085f40df835887ca24903b4e524725493489d3362927e0be7728574f6f189e17,1,ordinary buffered local write/close/read; no fsync; trusted bytes,2026-09-26T07:48:00.925003+00:00,0,0.0001632919884286821
0.006016625004122034,credit_k10_seed10003,credit,0.0004716669791378081,compact,18390,0.00036120801814831793,1da51f145acee317422db76f705500e4fda38f05f88721df12672007518e46b0,0.0093289990327321,"[""compact"", ""fresh""]",0.002950666006654501,0,0.00020204202155582607,True,0.0013072910078335553,1,5.00003807246685e-07,0.006378333026077598,10003,0.0007966660195961595,775278,a40efe7d0b7c13f2eeee8945d3204d91beb34dc06dd9268444fc8b76bc09b5e5,2,ordinary buffered local write/close/read; no fsync; trusted bytes,2026-09-26T07:48:01.213725+00:00,1,0.000172999978531152
0.1587798330001533,credit_k10_seed10003,credit,1.4457997167482972e-05,fresh,18390,0.0004085830005351454,1da51f145acee317422db76f705500e4fda38f05f88721df12672007518e46b0,0.1595276249863673,"[""compact"", ""fresh""]",0.00032599997939541936,1,0.00021004202426411211,True,5.791982403025031e-06,1,1.3209006283432245e-05,0.15920162500697188,10003,8.332979632541537e-06,310,0647177df76d12ae0184f6c57cf116dbf3eb71e59eb0066c902a93c9a9923c3b,2,ordinary buffered local write/close/read; no fsync; trusted bytes,2026-09-26T07:48:01.375444+00:00,1,8.73749959282577e-05
0.15857870801119134,credit_k10_seed10003,credit,2.1041982108727098e-05,fresh,18344,0.00048820898518897593,5e2b3e16dda6f80d6a64c67ad31ace0966d9f383d47b47115791acb5ed9a792e,0.15941420898889191,"[""fresh"", ""compact""]",0.00033141698804683983,0,0.0001930830185301602,True,1.6542006051167846e-05,1,1.5875004464760423e-05,0.15908279200084507,10003,1.0374991688877344e-05,308,aa974860d1b3287e6f27824e266bb3807981c604ad89723af72a6a734cc2a97b,3,ordinary buffered local write/close/read; no fsync; trusted bytes,2026-09-26T07:48:01.810548+00:00,2,9.037498966790736e-05
0.006171582994284108,credit_k10_seed10003,credit,0.0005054170032963157,compact,18344,0.0002965829917229712,5e2b3e16dda6f80d6a64c67ad31ace0966d9f383d47b47115791acb5ed9a792e,0.009460625005885959,"[""fresh"", ""compact""]",0.0029919999942649156,1,0.00020245800260454416,True,0.0012794159993063658,1,4.5902561396360397e-07,0.006468625011621043,10003,0.0008542089781258255,767372,2c9a7147d70b012af517f02ec76a96a6328022fe9aa8c62996f6733cb31e9f6a,3,ordinary buffered local write/close/read; no fsync; trusted bytes,2026-09-26T07:48:01.822630+00:00,2,0.00015050001093186438
0.00602908298606053,credit_k10_seed10003,credit,0.00048562500160187483,compact,18398,0.0004185000143479556,9181ca940a6a143fe7b51aa7da8e06b5d2a0ecbaf7aa2f97dc51a792b3f6ef27,0.00952862499980256,"[""compact"", ""fresh""]",0.00308062499971129,0,0.00022420799359679222,True,0.0012603749928530306,2,4.169996827840805e-07,0.00644800000009127,10003,0.000899875012692064,783184,085f40df835887ca24903b4e524725493489d3362927e0be7728574f6f189e17,1,ordinary buffered local write/close/read; no fsync; trusted bytes,2026-09-26T07:48:02.182522+00:00,0,0.00021054199896752834
0.16235162498196587,credit_k10_seed10003,credit,1.4542019926011562e-05,fresh,18398,0.000436875008745119,9181ca940a6a143fe7b51aa7da8e06b5d2a0ecbaf7aa2f97dc51a792b3f6ef27,0.16313241599709727,"[""compact"", ""fresh""]",0.00033079099375754595,1,0.00021295799524523318,True,5.915993824601173e-06,2,1.3125012628734112e-05,0.16280162500333972,10003,8.874980267137289e-06,312,72eea0be26c63d38d9667e3a51ba8b39df816b17f3996b3e440d5a5162a62ae4,1,ordinary buffered local write/close/read; no fsync; trusted bytes,2026-09-26T07:48:02.347581+00:00,0,8.850000449456275e-05
0.16122487501706928,credit_k10_seed10003,credit,1.945797703228891e-05,fresh,18390,0.0004269589844625443,1da51f145acee317422db76f705500e4fda38f05f88721df12672007518e46b0,0.1619906259875279,"[""fresh"", ""compact""]",0.0003215420001652092,0,0.0001982920221053064,True,6.417016265913844e-06,2,1.724998583085835e-05,0.16166908398736268,10003,8.542003342881799e-06,310,0647177df76d12ae0184f6c57cf116dbf3eb71e59eb0066c902a93c9a9923c3b,2,ordinary buffered local write/close/read; no fsync; trusted bytes,2026-09-26T07:48:02.790857+00:00,1,8.883298141881824e-05
0.006144542014226317,credit_k10_seed10003,credit,0.00045516699901781976,compact,18390,0.00036466598976403475,1da51f145acee317422db76f705500e4fda38f05f88721df12672007518e46b0,0.00941629201406613,"[""fresh"", ""compact""]",0.0029067920113448054,1,0.00019745799363590777,True,0.0012134170101489872,2,2.9199873097240925e-07,0.0065095000027213246,10003,0.0008593329985160381,775278,a40efe7d0b7c13f2eeee8945d3204d91beb34dc06dd9268444fc8b76bc09b5e5,2,ordinary buffered local write/close/read; no fsync; trusted bytes,2026-09-26T07:48:02.802586+00:00,1,0.0001814170100260526
0.006248124991543591,credit_k10_seed10003,credit,0.0005492500204127282,compact,18344,0.0004387499939184636,5e2b3e16dda6f80d6a64c67ad31ace0966d9f383d47b47115791acb5ed9a792e,0.01002804099698551,"[""compact"", ""fresh""]",0.0033408330054953694,0,0.00021716600167565048,True,0.0012984169879928231,2,3.3300602808594704e-07,0.0066872079914901406,10003,0.0010946660186164081,767372,2c9a7147d70b012af517f02ec76a96a6328022fe9aa8c62996f6733cb31e9f6a,3,ordinary buffered local write/close/read; no fsync; trusted bytes,2026-09-26T07:48:03.088312+00:00,2,0.00018133397679775953
0.1594957500055898,credit_k10_seed10003,credit,1.8708000425249338e-05,fresh,18344,0.0004107500135432929,5e2b3e16dda6f80d6a64c67ad31ace0966d9f383d47b47115791acb5ed9a792e,0.16025204202742316,"[""compact"", ""fresh""]",0.0003267920110374689,1,0.00020320797921158373,True,5.959009286016226e-06,2,1.8749997252598405e-05,0.1599252500163857,10003,8.292001439258456e-06,308,aa974860d1b3287e6f27824e266bb3807981c604ad89723af72a6a734cc2a97b,3,ordinary buffered local write/close/read; no fsync; trusted bytes,2026-09-26T07:48:03.251343+00:00,2,9.062502067536116e-05
0.16378150001401082,credit_k10_seed10004,credit,2.1083018509671092e-05,fresh,18360,0.0004229159967508167,81c308134b9b979a041ac52185ae1bd92b9c3cf9d1cd3cafb7b224b7ef5b1538,0.16455745801795274,"[""fresh"", ""compact""]",0.0003337500093039125,0,0.00021320898667909205,True,5.874986527487636e-06,0,1.9291997887194157e-05,0.16422370800864883,10004,1.1124997399747372e-05,312,72eea0be26c63d38d9667e3a51ba8b39df816b17f3996b3e440d5a5162a62ae4,1,ordinary buffered local write/close/read; no fsync; trusted bytes,2026-09-26T07:48:04.192190+00:00,0,8.245802018791437e-05
0.0061163750069681555,credit_k10_seed10004,credit,0.0005351669969968498,compact,18360,0.00031674999627284706,81c308134b9b979a041ac52185ae1bd92b9c3cf9d1cd3cafb7b224b7ef5b1538,0.009352415974717587,"[""fresh"", ""compact""]",0.0029188329936005175,1,0.0001845410151872784,True,0.0012506249768193811,0,4.5797787606716156e-07,0.00643358298111707,10004,0.0007810830138623714,783184,d0d8f7af53cbc7291245b51ddebc6e4c760a4506786566a46cb372e896ff1c1c,1,ordinary buffered local write/close/read; no fsync; trusted bytes,2026-09-26T07:48:04.203841+00:00,0,0.00016741699073463678
0.005974041996523738,credit_k10_seed10004,credit,0.0004783750046044588,compact,18412,0.0004743330064229667,c7ab32008b9875c3e2be5962ac445ae775e5edf34f58812931ce6562cbae0135,0.009380875009810552,"[""compact"", ""fresh""]",0.0029320000030566007,0,0.00020254100672900677,True,0.0012225839891470969,0,5.00003807246685e-07,0.006448875006753951,10004,0.0008156659896485507,775278,5f1e2294de6448c33758f69069b70baa8ce899c0c6c11a082298b6805912f9c0,2,ordinary buffered local write/close/read; no fsync; trusted bytes,2026-09-26T07:48:04.607805+00:00,1,0.0002128340129274875
0.16011375002563,credit_k10_seed10004,credit,1.937500201165676e-05,fresh,18412,0.00042945798486471176,c7ab32008b9875c3e2be5962ac445ae775e5edf34f58812931ce6562cbae0135,0.16089633398223668,"[""compact"", ""fresh""]",0.00033908398472703993,1,0.00020970799960196018,True,9.958981536328793e-06,0,1.404198701493442e-05,0.16055724999750964,10004,1.0583986295387149e-05,310,0647177df76d12ae0184f6c57cf116dbf3eb71e59eb0066c902a93c9a9923c3b,2,ordinary buffered local write/close/read; no fsync; trusted bytes,2026-09-26T07:48:04.770785+00:00,1,8.945801528170705e-05
0.15832987500471063,credit_k10_seed10004,credit,1.4958000974729657e-05,fresh,18362,0.000410082982853055,20d8cba332cee90c98cbba33d1db3bd39280a0ed5936fa69181baed4d39c04cb,0.1590997919847723,"[""fresh"", ""compact""]",0.00033974999678321183,0,0.0002095829986501485,True,6.125017534941435e-06,0,2.008400042541325e-05,0.1587600419879891,10004,8.41697328723967e-06,308,aa974860d1b3287e6f27824e266bb3807981c604ad89723af72a6a734cc2a97b,3,ordinary buffered local write/close/read; no fsync; trusted bytes,2026-09-26T07:48:05.320006+00:00,2,0.00010066700633615255
0.00590983300935477,credit_k10_seed10004,credit,0.0006040419975761324,compact,18362,0.00030250000418163836,20d8cba332cee90c98cbba33d1db3bd39280a0ed5936fa69181baed4d39c04cb,0.00931733296602033,"[""fresh"", ""compact""]",0.0031046249787323177,1,0.00024537500576116145,True,0.001209666981594637,0,3.7497375160455704e-07,0.006212707987288013,10004,0.000868332979734987,767372,da286248dd61e6876b8e442bffca8b8e848d197422c3651aa57ee1cf13b1a46a,3,ordinary buffered local write/close/read; no fsync; trusted bytes,2026-09-26T07:48:05.331687+00:00,2,0.00017720801406539977
0.0061032919911667705,credit_k10_seed10004,credit,0.0004692499933298677,compact,18360,0.00040508300298824906,81c308134b9b979a041ac52185ae1bd92b9c3cf9d1cd3cafb7b224b7ef5b1538,0.009469208016525954,"[""compact"", ""fresh""]",0.0029602920112665743,0,0.00024145800853148103,True,0.0012261250230949372,1,5.410111043602228e-07,0.00650891600525938,10004,0.0008236670109909028,783184,d0d8f7af53cbc7291245b51ddebc6e4c760a4506786566a46cb372e896ff1c1c,1,ordinary buffered local write/close/read; no fsync; trusted bytes,2026-09-26T07:48:05.803354+00:00,0,0.00019979197531938553
0.16229958401527256,credit_k10_seed10004,credit,1.5624973457306623e-05,fresh,18360,0.00040804099990054965,81c308134b9b979a041ac52185ae1bd92b9c3cf9d1cd3cafb7b224b7ef5b1538,0.1630575410090387,"[""compact"", ""fresh""]",0.00033325000549666584,1,0.00021004202426411211,True,5.958019755780697e-06,1,1.666598836891353e-05,0.16272429100354202,10004,8.66700429469347e-06,312,72eea0be26c63d38d9667e3a51ba8b39df816b17f3996b3e440d5a5162a62ae4,1,ordinary buffered local write/close/read; no fsync; trusted bytes,2026-09-26T07:48:05.968540+00:00,0,9.295798372477293e-05
0.16082920800545253,credit_k10_seed10004,credit,1.7542013665661216e-05,fresh,18412,0.0004091669979970902,c7ab32008b9875c3e2be5962ac445ae775e5edf34f58812931ce6562cbae0135,0.16157508300966583,"[""fresh"", ""compact""]",0.0003155000158585608,0,0.00019387499196454883,True,5.707988748326898e-06,1,2.1207990357652307e-05,0.16125958299380727,10004,8.542003342881799e-06,310,0647177df76d12ae0184f6c57cf116dbf3eb71e59eb0066c902a93c9a9923c3b,2,ordinary buffered local write/close/read; no fsync; trusted bytes,2026-09-26T07:48:06.411489+00:00,1,8.983301813714206e-05
0.0059400839963927865,credit_k10_seed10004,credit,0.0005229579983279109,compact,18412,0.00032225000904873013,c7ab32008b9875c3e2be5962ac445ae775e5edf34f58812931ce6562cbae0135,0.009178625012282282,"[""fresh"", ""compact""]",0.002916083001764491,1,0.0001564999984111637,True,0.0012454579991754144,1,2.0800507627427578e-07,0.006262542010517791,10004,0.000821666995761916,775278,5f1e2294de6448c33758f69069b70baa8ce899c0c6c11a082298b6805912f9c0,2,ordinary buffered local write/close/read; no fsync; trusted bytes,2026-09-26T07:48:06.423042+00:00,1,0.00016950001008808613
0.0060552080103661865,credit_k10_seed10004,credit,0.00047520798398181796,compact,18362,0.00036958299460820854,20d8cba332cee90c98cbba33d1db3bd39280a0ed5936fa69181baed4d39c04cb,0.00923479101038538,"[""compact"", ""fresh""]",0.002809625002555549,0,0.00015312500181607902,True,0.0012098750157747418,1,3.7500285543501377e-07,0.00642516600782983,10004,0.0008016249921638519,767372,da286248dd61e6876b8e442bffca8b8e848d197422c3651aa57ee1cf13b1a46a,3,ordinary buffered local write/close/read; no fsync; trusted bytes,2026-09-26T07:48:06.709702+00:00,2,0.00016979200881905854
0.15859654202358797,credit_k10_seed10004,credit,1.704200985841453e-05,fresh,18362,0.00040845799958333373,20d8cba332cee90c98cbba33d1db3bd39280a0ed5936fa69181baed4d39c04cb,0.15932908200193197,"[""compact"", ""fresh""]",0.00031154099269770086,1,0.00018708300194703043,True,6.207992555573583e-06,1,1.2540986062958837e-05,0.15901754100923426,10004,8.540984708815813e-06,308,aa974860d1b3287e6f27824e266bb3807981c604ad89723af72a6a734cc2a97b,3,ordinary buffered local write/close/read; no fsync; trusted bytes,2026-09-26T07:48:06.871128+00:00,2,9.26670036278665e-05
0.16250558398314752,credit_k10_seed10004,credit,1.479100319556892e-05,fresh,18360,0.00041912501910701394,81c308134b9b979a041ac52185ae1bd92b9c3cf9d1cd3cafb7b224b7ef5b1538,0.16327237500809133,"[""fresh"", ""compact""]",0.0003310409956611693,0,0.00020812498405575752,True,5.874986527487636e-06,2,1.662501017563045e-05,0.16294133401243016,10004,8.833012543618679e-06,312,72eea0be26c63d38d9667e3a51ba8b39df816b17f3996b3e440d5a5162a62ae4,1,ordinary buffered local write/close/read; no fsync; trusted bytes,2026-09-26T07:48:07.385419+00:00,0,9.341700933873653e-05
0.006062958011170849,credit_k10_seed10004,credit,0.0004677500110119581,compact,18360,0.0003027500060852617,81c308134b9b979a041ac52185ae1bd92b9c3cf9d1cd3cafb7b224b7ef5b1538,0.009251292038243264,"[""fresh"", ""compact""]",0.0028852920222561806,1,0.00015445798635482788,True,0.0012963750050403178,2,2.9199873097240925e-07,0.006366000015987083,10004,0.0008052920165937394,783184,d0d8f7af53cbc7291245b51ddebc6e4c760a4506786566a46cb372e896ff1c1c,1,ordinary buffered local write/close/read; no fsync; trusted bytes,2026-09-26T07:48:07.396969+00:00,0,0.00016141700325533748
0.006075958983274177,credit_k10_seed10004,credit,0.0004669170011766255,compact,18412,0.000401416007662192,c7ab32008b9875c3e2be5962ac445ae775e5edf34f58812931ce6562cbae0135,0.009297333017457277,"[""compact"", ""fresh""]",0.0028195420163683593,0,0.00016779202269390225,True,0.0012185829982627183,2,4.1601015254855156e-07,0.006477791001088917,10004,0.0007900840137153864,775278,5f1e2294de6448c33758f69069b70baa8ce899c0c6c11a082298b6805912f9c0,2,ordinary buffered local write/close/read; no fsync; trusted bytes,2026-09-26T07:48:07.683959+00:00,1,0.00017616598051972687
0.1607767090026755,credit_k10_seed10004,credit,1.8499995348975062e-05,fresh,18412,0.0004250000056345016,c7ab32008b9875c3e2be5962ac445ae775e5edf34f58812931ce6562cbae0135,0.16155329198227264,"[""compact"", ""fresh""]",0.0003384999872650951,1,0.0002145830076187849,True,5.66698145121336e-06,2,1.3082986697554588e-05,0.16121479199500754,10004,8.416012860834599e-06,310,0647177df76d12ae0184f6c57cf116dbf3eb71e59eb0066c902a93c9a9923c3b,2,ordinary buffered local write/close/read; no fsync; trusted bytes,2026-09-26T07:48:07.847603+00:00,1,9.133398998528719e-05
0.15773437498137355,credit_k10_seed10004,credit,1.5041005099192262e-05,fresh,18362,0.0004207500023767352,20d8cba332cee90c98cbba33d1db3bd39280a0ed5936fa69181baed4d39c04cb,0.15851466698222794,"[""fresh"", ""compact""]",0.00034070899710059166,0,0.0002195419801864773,True,5.584006430581212e-06,2,1.883300137706101e-05,0.15817395798512734,10004,8.792005246505141e-06,308,aa974860d1b3287e6f27824e266bb3807981c604ad89723af72a6a734cc2a97b,3,ordinary buffered local write/close/read; no fsync; trusted bytes,2026-09-26T07:48:08.281466+00:00,2,9.175000013783574e-05
0.005966750002698973,credit_k10_seed10004,credit,0.0004685420135501772,compact,18362,0.00026095801149494946,20d8cba332cee90c98cbba33d1db3bd39280a0ed5936fa69181baed4d39c04cb,0.00905629200860858,"[""fresh"", ""compact""]",0.0028283749998081475,1,0.00017991597997024655,True,0.0012366249866317958,2,2.0899460650980473e-07,0.006227917008800432,10004,0.0008018750231713057,767372,da286248dd61e6876b8e442bffca8b8e848d197422c3651aa57ee1cf13b1a46a,3,ordinary buffered local write/close/read; no fsync; trusted bytes,2026-09-26T07:48:08.292818+00:00,2,0.00014141699648462236
