panel,trial,method,completion_sha256,artifact,artifact_sha256,receipt_sha256
P2,P2_adult_k4_t0,fresh,cdae83a30a0d42fef94f91e35cc0c0184fb4caa5f9a18a3ddb1d0e33cd621e94,remediation/results/ftf1d-p2-full-20260919/P2_adult_k4_t0/fresh.json,40b1b9f0445c9bfa4bd2a44d96ac3ab747d70a472919521fcb15944e23659fd1,1ad91138eef413f50e4d658bf4f6220664a445b505afec2a80505e5537abb966
P2,P2_adult_k4_t0,none,cdae83a30a0d42fef94f91e35cc0c0184fb4caa5f9a18a3ddb1d0e33cd621e94,remediation/results/ftf1d-p2-full-20260919/P2_adult_k4_t0/none.json,b668e83db7dd53543978174dbf3237b186fb4f0f7bc2c004e3e15f6de1bd9d16,1534ab20793cb6b80d92158a69af7933ae184feee956eeb6d88a67bca6e5d404
P2,P2_adult_k4_t0,basic,cdae83a30a0d42fef94f91e35cc0c0184fb4caa5f9a18a3ddb1d0e33cd621e94,remediation/results/ftf1d-p2-full-20260919/P2_adult_k4_t0/basic.json,368893b77c64ca3584055fab4af98bb13bc37fb145131dd3fd4d80c48521e90c,a7b2124f75c6fa88abd32dc62973ac578be4fec64e6a5fd810c4ffd45e275942
P2,P2_adult_k4_t0,runnerup,cdae83a30a0d42fef94f91e35cc0c0184fb4caa5f9a18a3ddb1d0e33cd621e94,remediation/results/ftf1d-p2-full-20260919/P2_adult_k4_t0/runnerup.json,fd168f704c700fb48ec64de4f4d1f71d4b70f88383c3e42bccad7713e93d9f6f,79b5508a2c29023dce39d6019247384d4af35819173d7d5f4e35ea940f645f74
P2,P2_adult_k4_t1,fresh,91386377bb286f9c741e17ccb75931a48322b22f16cc20971a029361d4e01c89,remediation/results/ftf1d-p2-full-20260919/P2_adult_k4_t1/fresh.json,6c3bf661f184c389b9d12f8c6793aec41f90670d967ac12ea53a9ec7c5e09f80,f695e91305f052db842530c13f0eaa544f4619a5e2ca2d0b75619befded08fef
P2,P2_adult_k4_t1,none,91386377bb286f9c741e17ccb75931a48322b22f16cc20971a029361d4e01c89,remediation/results/ftf1d-p2-full-20260919/P2_adult_k4_t1/none.json,bd28ceeace97ea3730cda5ff85093ba51bbddcc2b8fa4deb2a7668ea0ecd18b6,794269cc1bcdf0adc402fa3d8c1dcaa28bdc246720291e6129c15b389c2139d8
P2,P2_adult_k4_t1,basic,91386377bb286f9c741e17ccb75931a48322b22f16cc20971a029361d4e01c89,remediation/results/ftf1d-p2-full-20260919/P2_adult_k4_t1/basic.json,526c5e8f960ad4c051b9db14b2aaf462b271a8508595f095b4dc75f3904d70b4,4c969ae0cfa34af1a34689eddf1221b8179df6df9af83b51d289e6692b191128
P2,P2_adult_k4_t1,runnerup,91386377bb286f9c741e17ccb75931a48322b22f16cc20971a029361d4e01c89,remediation/results/ftf1d-p2-full-20260919/P2_adult_k4_t1/runnerup.json,40ceb7e5a33b4597e1f479eb4f1aebdde79a9eeda421424be56b1569cc4c22fc,7e240e02d23665547ce0acce441f62f21b3a8ac4754c4b694f1707821a8fcaf7
P2,P2_adult_k4_t2,fresh,d04bde54421941eb291a012ad0f4ee1bd6c73eacc0144f49fd5928efc0ed99ad,remediation/results/ftf1d-p2-full-20260919/P2_adult_k4_t2/fresh.json,725788cf5e8d3e860b13253b189c9269f833a06c74d423090018fa364552560a,a708c14efd52b7bf29f759c4de6256cf7abe2fac315bacc199ea358dc66cb5c9
P2,P2_adult_k4_t2,none,d04bde54421941eb291a012ad0f4ee1bd6c73eacc0144f49fd5928efc0ed99ad,remediation/results/ftf1d-p2-full-20260919/P2_adult_k4_t2/none.json,de477c915dc019efd179fbf178de6118997211d80659a1a48f374d485729d909,7fc078f094b10b699e4b0556581cfe5cc313cc3e65fcbf7fd579ac7555d4bb60
P2,P2_adult_k4_t2,basic,d04bde54421941eb291a012ad0f4ee1bd6c73eacc0144f49fd5928efc0ed99ad,remediation/results/ftf1d-p2-full-20260919/P2_adult_k4_t2/basic.json,b979e98dc41c3d04f2634a65022dc176e5eedf15d97d8263bb707c13b8a877d7,1495dd8cce78aeb704b85dd7bc501f3e8a1600611a842dabd377ba1e3fe4aeab
P2,P2_adult_k4_t2,runnerup,d04bde54421941eb291a012ad0f4ee1bd6c73eacc0144f49fd5928efc0ed99ad,remediation/results/ftf1d-p2-full-20260919/P2_adult_k4_t2/runnerup.json,2ee32aab7b8582f88abf89e85e9f0dc93ebbdcd36426e9dda685c00eabc9e767,81bb88656892c5431af72b0470fb310edec201ba045159ada89947fbeee4687b
P2,P2_adult_k4_t3,fresh,7f8b444d9d8a13fb07a85eab402aeb802fc48603d57ae6e4a35008df088666f6,remediation/results/ftf1d-p2-full-20260919/P2_adult_k4_t3/fresh.json,d48925ca904d29b21562c6c50618265add395cce70b0c446d6b1a15257004ebe,ab54e512bf4f682f9142554df7a217244d9d028c22bbfa985058718a49f33fd4
P2,P2_adult_k4_t3,none,7f8b444d9d8a13fb07a85eab402aeb802fc48603d57ae6e4a35008df088666f6,remediation/results/ftf1d-p2-full-20260919/P2_adult_k4_t3/none.json,e94970fb36292c77ea219da59b9dbb621c8218d4c2d69752a885b62f157d9a78,e6c7a8af7b0c3cbe63e4258ee8cc822a75f996087426111accf8d4964fa59264
P2,P2_adult_k4_t3,basic,7f8b444d9d8a13fb07a85eab402aeb802fc48603d57ae6e4a35008df088666f6,remediation/results/ftf1d-p2-full-20260919/P2_adult_k4_t3/basic.json,ea8cf4a9f7d804a56ec6d9e40524fa5d414b35310899dad7b184559321919008,df1d3a4cf24e4f3b97760f34d5e319876dfb91d74f70bf0b927258098d3701d1
P2,P2_adult_k4_t3,runnerup,7f8b444d9d8a13fb07a85eab402aeb802fc48603d57ae6e4a35008df088666f6,remediation/results/ftf1d-p2-full-20260919/P2_adult_k4_t3/runnerup.json,143b9882ef0738e56b3abaaa26aaab8e55871bbbbd403b9042901cb5030b6b1d,206010f22bca096b78c72293e21e300c88ee7f794d3d9fd187488ab721525f34
P2,P2_adult_k4_t4,fresh,3396a758cc853ed7db3e55fc7b36ffee642d015f50b58a1160e66c1a79a56ddb,remediation/results/ftf1d-p2-full-20260919/P2_adult_k4_t4/fresh.json,a42840f44cf02d0f062290f4536935210fe8b3440a8f8d8cf55b596c3e270ec6,84f5a88a228fd02282aa16c5ef3f6c96e38eeb68483206da810c60aa8b868337
P2,P2_adult_k4_t4,none,3396a758cc853ed7db3e55fc7b36ffee642d015f50b58a1160e66c1a79a56ddb,remediation/results/ftf1d-p2-full-20260919/P2_adult_k4_t4/none.json,38919d8c4b45da0ecbbfb667d54591534a26c010eeafa6c308d52e75ac18cf9b,0a68672face975f648980bb28bb8927c88f0b191d7e4dd64507729ab9d6ca459
P2,P2_adult_k4_t4,basic,3396a758cc853ed7db3e55fc7b36ffee642d015f50b58a1160e66c1a79a56ddb,remediation/results/ftf1d-p2-full-20260919/P2_adult_k4_t4/basic.json,76d7297f0ba22725fb0515e7ef28ca5c0fe51dd474acbe3b7b80ce129cb5dd71,e212e9199b129f92b220ec681b949d00a5fb4c13431a7fc3c9c9bf8376aae1f0
P2,P2_adult_k4_t4,runnerup,3396a758cc853ed7db3e55fc7b36ffee642d015f50b58a1160e66c1a79a56ddb,remediation/results/ftf1d-p2-full-20260919/P2_adult_k4_t4/runnerup.json,d9d1de59d090a17e89d219329e7180437c1b28e8fbb388dd55dd1ab6bebe51bf,7daef21dbd664d350f2d654299ca8d1fd01d821608e201ee1da3b4bb86d7e7e0
P2,P2_adult_k5_t0,fresh,851d6d04cb4c92ab8d5bf28aa0ead2bb7bca4743ac594970b10d232218486159,remediation/results/ftf1d-p2-full-20260919/P2_adult_k5_t0/fresh.json,1ba7b257dff3ccf0eb085f90210cc54acfb75d0361f1dd9e2638af02a9719a02,bddd6c0dd5f623b678d60bdefd7b6b3e2c19e68938105823bf5afb829ddccf88
P2,P2_adult_k5_t0,none,851d6d04cb4c92ab8d5bf28aa0ead2bb7bca4743ac594970b10d232218486159,remediation/results/ftf1d-p2-full-20260919/P2_adult_k5_t0/none.json,c555b306883e3c80cfa07f00a21ff137b2a7cf3d5a7f2ad04dc2e61153247363,7baf365a43085fbb5118d5c10e56f9e3832c21dad12500bde21bcd6e7c97cc48
P2,P2_adult_k5_t0,basic,851d6d04cb4c92ab8d5bf28aa0ead2bb7bca4743ac594970b10d232218486159,remediation/results/ftf1d-p2-full-20260919/P2_adult_k5_t0/basic.json,fda41eb9d8beb075a575e6b7e68c1e7b9965781176e79d56dcb89b3093cb553d,43502aa67a9a5c7a3507d8cf6299d538fa2525230fd408f25c15d229bb297dde
P2,P2_adult_k5_t0,runnerup,851d6d04cb4c92ab8d5bf28aa0ead2bb7bca4743ac594970b10d232218486159,remediation/results/ftf1d-p2-full-20260919/P2_adult_k5_t0/runnerup.json,dea8da6bae6b58c7f2883439de14525680d3233e53ba920505b3bcc01d46a092,f2445aafcfb978f05ead7356c2f2de913f5d4512b065bbc42ab56b6d49d32681
P2,P2_adult_k5_t1,fresh,17e33e7fc50de10733af4a209f83a3bd28b08275891cfa6ed188360a31d40120,remediation/results/ftf1d-p2-full-20260919/P2_adult_k5_t1/fresh.json,ec94faa6de04a7e16bd444d88545a25d61fb35b5a8d073d4caa4aae8321d8268,1a177a60dc1a02f6f051c343761cc76e76e0dd1fa536ab8caade05ee53da9bb7
P2,P2_adult_k5_t1,none,17e33e7fc50de10733af4a209f83a3bd28b08275891cfa6ed188360a31d40120,remediation/results/ftf1d-p2-full-20260919/P2_adult_k5_t1/none.json,d39dc29983ff35025bc9ca04b5cac082886f9930a89e984a0b23bd7255217d4d,55c0414c8c749f922f251076ee473e6777f464776725055a4ee50592b8f50505
P2,P2_adult_k5_t1,basic,17e33e7fc50de10733af4a209f83a3bd28b08275891cfa6ed188360a31d40120,remediation/results/ftf1d-p2-full-20260919/P2_adult_k5_t1/basic.json,f2ebf0f75cc2301a20344fb54fcebf3784a7dd43befbce6a45ea202dd6e17a57,64b081ad4fe4f47fffe829199de7710acb83c43ea249ec3aac29f508bf5099dc
P2,P2_adult_k5_t1,runnerup,17e33e7fc50de10733af4a209f83a3bd28b08275891cfa6ed188360a31d40120,remediation/results/ftf1d-p2-full-20260919/P2_adult_k5_t1/runnerup.json,99627db80ce3093b5625d69cc38d7c8fda178330193ee9283c01a5fc7fce7897,5283a5ed3290c90cf1c2a603a02d0804132b4e6918865bfa59d745de18f3a82a
P2,P2_adult_k5_t2,fresh,4af1e22cd4cedda01f7943799e3ec2c014efae6db9c4a4a13c1ad276393b03ef,remediation/results/ftf1d-p2-full-20260919/P2_adult_k5_t2/fresh.json,f1f785cf4635224633ff18c4a15144b7e01c6418d385b0326f30867578e142dd,95bff3827094db1aba049a90257c161762483dadfeb99d5200ff6111ad5f446e
P2,P2_adult_k5_t2,none,4af1e22cd4cedda01f7943799e3ec2c014efae6db9c4a4a13c1ad276393b03ef,remediation/results/ftf1d-p2-full-20260919/P2_adult_k5_t2/none.json,9f1800dff5473e5ef49039fe23a2a47f7f8d1fca06d5c56d2985f70f126486d7,ba628b9f43209d05f303183fd86b0b50cf85cf55671bba4cda0a955213731d0c
P2,P2_adult_k5_t2,basic,4af1e22cd4cedda01f7943799e3ec2c014efae6db9c4a4a13c1ad276393b03ef,remediation/results/ftf1d-p2-full-20260919/P2_adult_k5_t2/basic.json,c4543c222c32ce1be1118cafe3add872173949a941572f880656d9b88a17fd27,1ec6cd1465ee57c054314cf4b3f470d74bf289cc325ed667e8f03ca18274f305
P2,P2_adult_k5_t2,runnerup,4af1e22cd4cedda01f7943799e3ec2c014efae6db9c4a4a13c1ad276393b03ef,remediation/results/ftf1d-p2-full-20260919/P2_adult_k5_t2/runnerup.json,e739e30f1420607bdd458b56eddca7ecaf8ac802f2b7eb91e121d014d4ebbe38,f9d37f6f7022564dacfeddca1572f05d9011fc1276d8e34d4cd82a2cd880e73f
P2,P2_adult_k5_t3,fresh,73ff3ba714ab9f81a4a837ca56a2d02d954faf448badcc3cf6fae7f15ea45aa3,remediation/results/ftf1d-p2-full-20260919/P2_adult_k5_t3/fresh.json,5572f771e841c1059b82551da42c46881e825be5bddd894ecd2ff94e8d2e98b5,d653a8fc77857aa942743d8d127a3967ec39b2e74f89b635641e6fc23fdefb3c
P2,P2_adult_k5_t3,none,73ff3ba714ab9f81a4a837ca56a2d02d954faf448badcc3cf6fae7f15ea45aa3,remediation/results/ftf1d-p2-full-20260919/P2_adult_k5_t3/none.json,d46b0d7357dd9f2ed648f0fcead18aacf9c5d6f01cf05d752530db807ebdb145,8784c70818aa64cde68d8da9a13579e04ec6975f03b3cc7ba6ae61fd67694926
P2,P2_adult_k5_t3,basic,73ff3ba714ab9f81a4a837ca56a2d02d954faf448badcc3cf6fae7f15ea45aa3,remediation/results/ftf1d-p2-full-20260919/P2_adult_k5_t3/basic.json,5065e51e0d30833802c193ebfa9e3c68e9068e8c7580b5cc8e7d443c3362c23a,8eb8b6a5a93dbea46421d9521bd005e50e54ab09623322ad48870c6a6c274ebc
P2,P2_adult_k5_t3,runnerup,73ff3ba714ab9f81a4a837ca56a2d02d954faf448badcc3cf6fae7f15ea45aa3,remediation/results/ftf1d-p2-full-20260919/P2_adult_k5_t3/runnerup.json,70db399608bc690dd48d64a92daa86bcb3e5d57074c820a86afdb79ae040abe3,acd172f2eb1d5399652cc9510cf43fdd8aad10fd131f7f725976ec8d0b42e560
P2,P2_adult_k5_t4,fresh,071fb5922a5f82dfc0b6eaff55ea23d10b421eade6d3d96a4eea2aa85384a096,remediation/results/ftf1d-p2-full-20260919/P2_adult_k5_t4/fresh.json,d08ef71e432b4ebd556170cb23110092ac4cb110a117493fb8af8d71eac8e709,531aaa013e51540f87621a069c1bcc48d89a400fb1a42595ccfaf5a379f91482
P2,P2_adult_k5_t4,none,071fb5922a5f82dfc0b6eaff55ea23d10b421eade6d3d96a4eea2aa85384a096,remediation/results/ftf1d-p2-full-20260919/P2_adult_k5_t4/none.json,65f90bdf79b9b1c48b4f3028b83ca901cf343ac04df0abde3299a64d4d1da8e0,7124b430073a693ed3b6d8ac66b7a210a0c2c4e8c1e371fbd208d65223129ed2
P2,P2_adult_k5_t4,basic,071fb5922a5f82dfc0b6eaff55ea23d10b421eade6d3d96a4eea2aa85384a096,remediation/results/ftf1d-p2-full-20260919/P2_adult_k5_t4/basic.json,3d457adc4d3c3ff34d4afb3d34bd1cd677b2b42966ceb792964a25ceb49c291c,eca6c510cce07b8985dcffefa108bd5042fedee93a037b74f22db21c917ed249
P2,P2_adult_k5_t4,runnerup,071fb5922a5f82dfc0b6eaff55ea23d10b421eade6d3d96a4eea2aa85384a096,remediation/results/ftf1d-p2-full-20260919/P2_adult_k5_t4/runnerup.json,5490ea93299a5a450ba917138ae7597eb7906cb3db25f2b2bb19ff4fef425da9,de44e723b7b160723dd0968424558b74bd5c17ae9f5d4fb4b82f0147947c0188
P2,P2_adult_k6_t0,fresh,d576f0ca505d2ae63bb45ec87670c675da81f0a17871ea84000d1f90312e8376,remediation/results/ftf1d-p2-full-20260919/P2_adult_k6_t0/fresh.json,bb719497af9d4ae43082746ff5ce8d360c9b0b02e3b3a850a39d3960391d09ea,ff3edaa736393fc3107ee4915a0befca78aa97d9ebb97f786bfccb05e94a323e
P2,P2_adult_k6_t0,none,d576f0ca505d2ae63bb45ec87670c675da81f0a17871ea84000d1f90312e8376,remediation/results/ftf1d-p2-full-20260919/P2_adult_k6_t0/none.json,38f1fe707e680e05f97a7e013df41674c990858b19150239357d857a620610ae,9376d005390d3777ecf6f6699ee4c9c4ec7bd703e9414b04a94ca98d3ad43137
P2,P2_adult_k6_t0,basic,d576f0ca505d2ae63bb45ec87670c675da81f0a17871ea84000d1f90312e8376,remediation/results/ftf1d-p2-full-20260919/P2_adult_k6_t0/basic.json,f7cc68a74caa57559b4015a02dab1cff18e8ed71240a964224932581c46bab6a,863818178b38b5ed5c673251dab14ce957ef1f868b3aed84c6505d658529e72d
P2,P2_adult_k6_t0,runnerup,d576f0ca505d2ae63bb45ec87670c675da81f0a17871ea84000d1f90312e8376,remediation/results/ftf1d-p2-full-20260919/P2_adult_k6_t0/runnerup.json,0b09ddaaf99ee303a469012cc59b71c63776a6f7dfefc75bc679092505ddad8b,bc2574ca031f97ea88ccc8758354bf2da997118875d3bb9ede075ed14419de3e
P2,P2_adult_k6_t1,fresh,a64cc74f7cb1df667ab182b5d645d9ef2d123fc283a5c0f5446ba2d96e828381,remediation/results/ftf1d-p2-full-20260919/P2_adult_k6_t1/fresh.json,39234d21ea3c87927ac9f0edaec7bf7924b218b0daa19b0e9dc0822ff682c9ab,dad44d84a5cbb720bf7fb546261ac9a98fef5d87da14a021e4e721e8bb783c09
P2,P2_adult_k6_t1,none,a64cc74f7cb1df667ab182b5d645d9ef2d123fc283a5c0f5446ba2d96e828381,remediation/results/ftf1d-p2-full-20260919/P2_adult_k6_t1/none.json,c0ed71ffa06727a2fbdf6c909527c82cd70a1d4a5798ad25cbad262313558626,850a86e0ff6a88f172d77970e0c26c11f1d902b336b7dc7f3725639cd7bcfaf4
P2,P2_adult_k6_t1,basic,a64cc74f7cb1df667ab182b5d645d9ef2d123fc283a5c0f5446ba2d96e828381,remediation/results/ftf1d-p2-full-20260919/P2_adult_k6_t1/basic.json,d298a87ca30536ccc57ac014024c2a8d7ad49a18b146a7a6c59c1e0508913694,5e2952877797803a401aad8983d604f8d58c2c91e1bd3cfe70085a372b4fc4b0
P2,P2_adult_k6_t1,runnerup,a64cc74f7cb1df667ab182b5d645d9ef2d123fc283a5c0f5446ba2d96e828381,remediation/results/ftf1d-p2-full-20260919/P2_adult_k6_t1/runnerup.json,b5934c2d85de704d3fa1ff7fd399cd05dab883eb28f93eb05d1a9cd63e01477a,b51f70d21302a9df678a94c59b28228c6c44f8c3a64889fe6fb15b8637002935
P2,P2_adult_k6_t2,fresh,aa9846e2785cb620e4e5b9a40f231d1357a11e8201d2142ab3057d0a4c2b0ab5,remediation/results/ftf1d-p2-full-20260919/P2_adult_k6_t2/fresh.json,52ba11ba215712ccb9238e24843ac563c0d04513f2bad218a32f1352856739f0,af0c01b3a057a768b3a0b54ef85d12e8b9044a25acfff85e60bf9de359bc54cf
P2,P2_adult_k6_t2,none,aa9846e2785cb620e4e5b9a40f231d1357a11e8201d2142ab3057d0a4c2b0ab5,remediation/results/ftf1d-p2-full-20260919/P2_adult_k6_t2/none.json,dff2cd346f7463e2161f2c6b84885e20ea9ad4a52f12fc074ae78be7c10fac71,414bb1635e5e7a9c57ec6cda4bae94b69f760ea601202dbd03a8f21ff7b906b6
P2,P2_adult_k6_t2,basic,aa9846e2785cb620e4e5b9a40f231d1357a11e8201d2142ab3057d0a4c2b0ab5,remediation/results/ftf1d-p2-full-20260919/P2_adult_k6_t2/basic.json,6d2d16da33d5cfd76edf34924646dd3f468de1182278580f48e413f8b4c06634,ff461b8be084548ffd4f5e5154a12cf56b75945aeafbb2a1812461775938827e
P2,P2_adult_k6_t2,runnerup,aa9846e2785cb620e4e5b9a40f231d1357a11e8201d2142ab3057d0a4c2b0ab5,remediation/results/ftf1d-p2-full-20260919/P2_adult_k6_t2/runnerup.json,d5d7aa76209e6a50b9fa071fcdeaa4180239395f0c763ae3cffba83a4e347633,0d3e3b563fe1480b6a7826b8586edce24730ab9abe410034c20816c1a9e72cf6
P2,P2_adult_k6_t3,fresh,32b26b21ec082895c6c756f54fec3e075380a87df918ee5ebfcffe85c3420840,remediation/results/ftf1d-p2-full-20260919/P2_adult_k6_t3/fresh.json,d3f92632b81428186be251c5822c4009eefbe49ef61aa3bd24653cd2fc02edb2,c7da9d0701f7025e2eae77ef8eb23a7b8a06cfb13df55eff47619a1abcdf388d
P2,P2_adult_k6_t3,none,32b26b21ec082895c6c756f54fec3e075380a87df918ee5ebfcffe85c3420840,remediation/results/ftf1d-p2-full-20260919/P2_adult_k6_t3/none.json,b089da16fe145744347b242c490eb1d3004e5a5fbbb11b66078d409ec62ad24f,89d812fc139a711f70d13dc82fe1efdede0a740ecf46fa37cfc129d13d4ed1c5
P2,P2_adult_k6_t3,basic,32b26b21ec082895c6c756f54fec3e075380a87df918ee5ebfcffe85c3420840,remediation/results/ftf1d-p2-full-20260919/P2_adult_k6_t3/basic.json,baa87acfa6bb87d38206d13beaff9a25115b075ae1750ab90a3b7ad008ec05f6,bd2dcfef92fa37989038d0e35af4dc1cc7877a794373a8bdd72eca9f3dcea0d7
P2,P2_adult_k6_t3,runnerup,32b26b21ec082895c6c756f54fec3e075380a87df918ee5ebfcffe85c3420840,remediation/results/ftf1d-p2-full-20260919/P2_adult_k6_t3/runnerup.json,e0857d74587b76f0533a6647163aea746b63a068f99fe82f46205269b0633bc4,a45603e4952295ec5b5a5ccc0c90dd39681f5adec2a9b21ed1fd15d79dbc4b54
P2,P2_adult_k6_t4,fresh,eafa165431f2e941313b350aa10a8c7013a9546b0c430aa9c0749403ff308134,remediation/results/ftf1d-p2-full-20260919/P2_adult_k6_t4/fresh.json,cf25ff03c457a28ad4d3c452edd6cf3425b66e30910a08399e54fc1b49900ada,7805e417d72fab3d92d87614880086e3c2131cfcc3f282d411a72fca3c086ccc
P2,P2_adult_k6_t4,none,eafa165431f2e941313b350aa10a8c7013a9546b0c430aa9c0749403ff308134,remediation/results/ftf1d-p2-full-20260919/P2_adult_k6_t4/none.json,3852c154af69e32c74e84038ccbb001af18a562bb57df6e07347e3166521a2f1,3d7067cc9052bf71fc799df5ba4e256546e9efbcc8622758768e965cc4455431
P2,P2_adult_k6_t4,basic,eafa165431f2e941313b350aa10a8c7013a9546b0c430aa9c0749403ff308134,remediation/results/ftf1d-p2-full-20260919/P2_adult_k6_t4/basic.json,a2014b0d50ce48919d5290beb0b4258ef5251ef9b5ebf6779d6a099e718110a9,44f126c83ef16dba878e4c573b2ba13746cc05b359d30ef287912b76974d7dae
P2,P2_adult_k6_t4,runnerup,eafa165431f2e941313b350aa10a8c7013a9546b0c430aa9c0749403ff308134,remediation/results/ftf1d-p2-full-20260919/P2_adult_k6_t4/runnerup.json,f78c9cb7c153ce79024c142a571049c1cc4102a4ee21c1c67bcc77cf0f83c37c,f5891cf8b5f22c55314ab94b08363a03cd49c6ab91fe1620f410ae4ce08c8ce1
P2,P2_adult_k7_t0,fresh,e0813bf368de0ad4ddec4cc5d1ef92cf79984a6388eb016184d58a1d4ac9eaf9,remediation/results/ftf1d-p2-full-20260919/P2_adult_k7_t0/fresh.json,dda463feb6141657e5e83524b3eede3c3d3aa0d1948ae581fad972d7147cd271,ec09453c0654235f726befdfa16bd65e8f06582936798f754652d2c22623da37
P2,P2_adult_k7_t0,none,e0813bf368de0ad4ddec4cc5d1ef92cf79984a6388eb016184d58a1d4ac9eaf9,remediation/results/ftf1d-p2-full-20260919/P2_adult_k7_t0/none.json,37396e03024965a80e156d56a489c62d1526c1a8b0bb6627a2a30219d7ef359a,3e85aa94e5cc8546238d99072f35720d5fd004a104d78a5ade2e4acbb24e2696
P2,P2_adult_k7_t0,basic,e0813bf368de0ad4ddec4cc5d1ef92cf79984a6388eb016184d58a1d4ac9eaf9,remediation/results/ftf1d-p2-full-20260919/P2_adult_k7_t0/basic.json,97963c49f98abf0c5d2a4f7248f5a32039d13a9e47dccc020b612f03e4ab656a,7d6ce03aceefad929226b4cc393a788fa81e3a0cc51d8cc08118e8454578ce8b
P2,P2_adult_k7_t0,runnerup,e0813bf368de0ad4ddec4cc5d1ef92cf79984a6388eb016184d58a1d4ac9eaf9,remediation/results/ftf1d-p2-full-20260919/P2_adult_k7_t0/runnerup.json,e7ed36a0410547220e1d082905ceb2cff6b92df45a3403f959b9e3c975a50b08,cafd747191564735645da4fedb5a59f0cea3d1ef0bf786e405c5d26be633e6b0
P2,P2_adult_k7_t1,fresh,69dbc84a7f6d401e468a5cd869f3e8f5c434b2e7570fd2976f7477161d1e18a8,remediation/results/ftf1d-p2-full-20260919/P2_adult_k7_t1/fresh.json,9d1f53e9bfed0148cce53fe7a37d9ef3e2405d787e803116b6af53bc44b92446,a0cb75a9a76925bdf31c98e5509efa6c51a7759e77f3d27720fc01368371a396
P2,P2_adult_k7_t1,none,69dbc84a7f6d401e468a5cd869f3e8f5c434b2e7570fd2976f7477161d1e18a8,remediation/results/ftf1d-p2-full-20260919/P2_adult_k7_t1/none.json,54dc098db528d9e04fea348ffaf92e46c3d8b8a412829f8e4f363becd28b8cc5,96435f35d12b40cfc009a93ced2f8b934040e77b4c72005e10a011db10c3746f
P2,P2_adult_k7_t1,basic,69dbc84a7f6d401e468a5cd869f3e8f5c434b2e7570fd2976f7477161d1e18a8,remediation/results/ftf1d-p2-full-20260919/P2_adult_k7_t1/basic.json,113b3e5a8a4b64106288bae6942351bdbba15985cb534f0d194dff4313c82c1a,d1a8baee2e3ed11761ece725f2455b924ebe04cdbd599388666c5e457a0be20a
P2,P2_adult_k7_t1,runnerup,69dbc84a7f6d401e468a5cd869f3e8f5c434b2e7570fd2976f7477161d1e18a8,remediation/results/ftf1d-p2-full-20260919/P2_adult_k7_t1/runnerup.json,056df4111c44c3f82bc8db98143fcab97f153046d47c35f9d6946da6375e9b6d,909345be29920d697f3cce00f98083e65537323525b9c5f9cb067b5616e5eac1
P2,P2_adult_k7_t2,fresh,ce36574722cdbec5e04a90de6fa4bf5bce52dc4764dec93903577166c4acdb88,remediation/results/ftf1d-p2-full-20260919/P2_adult_k7_t2/fresh.json,7a0b34d0a8dbe7837efb24f88d6434e85cdf71f9b2c7d44f5c8e9bf9544f027a,95f2c57eb2e8a7098c6e562473b66007e0cdf54da857698ecdb7a78c984d292c
P2,P2_adult_k7_t2,none,ce36574722cdbec5e04a90de6fa4bf5bce52dc4764dec93903577166c4acdb88,remediation/results/ftf1d-p2-full-20260919/P2_adult_k7_t2/none.json,2d3fab67d38fe3663bc80dc8731f316ba1a64d4c857c4ed8334adf1d23b2a17d,99d8bd0404aa86e992f496b83afeed058e0b27b5156fd2d38c339bac118ddbf2
P2,P2_adult_k7_t2,basic,ce36574722cdbec5e04a90de6fa4bf5bce52dc4764dec93903577166c4acdb88,remediation/results/ftf1d-p2-full-20260919/P2_adult_k7_t2/basic.json,c92a398041616f1d2816d9ccb72e2d357f8e55a3dd58cf052a7a4a192bc39391,9fd2be626bf4afa90208c6ea73478d4bc9b3135d570723ddf159b7a899f81970
P2,P2_adult_k7_t2,runnerup,ce36574722cdbec5e04a90de6fa4bf5bce52dc4764dec93903577166c4acdb88,remediation/results/ftf1d-p2-full-20260919/P2_adult_k7_t2/runnerup.json,3494d98e092108dc2f4fcba8204bf71af59694b68240fff323060f5120a088b1,96cd4f8c3617d0fca9c54c93bab379c641db1e3161b240aefc10f9a9bde6e673
P2,P2_adult_k7_t3,fresh,c4de4e1fa02ad406a9ee7ff30d6e360c2fa82abeda322cf40c57d5be5cc3ce9f,remediation/results/ftf1d-p2-full-20260919/P2_adult_k7_t3/fresh.json,1672e398056edc456720d109ba658816a38e4fbd8eb80debdab8385019ced1eb,bb9e1e4c932747d8e6382b74e704dc83c039b97007ee4e0c2a63dfe937069211
P2,P2_adult_k7_t3,none,c4de4e1fa02ad406a9ee7ff30d6e360c2fa82abeda322cf40c57d5be5cc3ce9f,remediation/results/ftf1d-p2-full-20260919/P2_adult_k7_t3/none.json,20c016aa39ec5c7461c05b5a2674d604dccd58eb3f30a71031f0abb01a73c1aa,50b499f2cfc99a8f433bedc291a6df48f56bc8a7dc127022f8225aa443101885
P2,P2_adult_k7_t3,basic,c4de4e1fa02ad406a9ee7ff30d6e360c2fa82abeda322cf40c57d5be5cc3ce9f,remediation/results/ftf1d-p2-full-20260919/P2_adult_k7_t3/basic.json,54c62f14dca55238c3cbf2eabccd0fec5ed1a96a6acfe665a4cf675a23057a31,0e44ece29213a35c321080c7e06a1ce236cce24026a59abf2f285b5541c3e71b
P2,P2_adult_k7_t3,runnerup,c4de4e1fa02ad406a9ee7ff30d6e360c2fa82abeda322cf40c57d5be5cc3ce9f,remediation/results/ftf1d-p2-full-20260919/P2_adult_k7_t3/runnerup.json,d3bc822011b1fa89bf2281d8dd130394a8d9ef7efc989d12bb3760a71afbc518,7ea7eb3a150710f5f931699126b2b0a2bc113b285c2367f798afa4277cd315a4
P2,P2_adult_k7_t4,fresh,7fccac8b68618bc48dbcf9c47f343b370a824bf74c30c208d2c5d09006d7ccb9,remediation/results/ftf1d-p2-full-20260919/P2_adult_k7_t4/fresh.json,8cb03e2888e5fe0848cafff3acec4b3c407f9f4dbea8543d2c21e755f13c8774,82b87bf76707b655ee2fbe8d66a773189bced8a94810e908db27ceba25f7c993
P2,P2_adult_k7_t4,none,7fccac8b68618bc48dbcf9c47f343b370a824bf74c30c208d2c5d09006d7ccb9,remediation/results/ftf1d-p2-full-20260919/P2_adult_k7_t4/none.json,ad5dc4cf4d1cb79bf4107d15619c2b286df253f9fed331302dc8e6e5e1d758b6,b788ee50a9b3cea7d0098399d5d156a6380f79e55c1b80dfa55915d59a457654
P2,P2_adult_k7_t4,basic,7fccac8b68618bc48dbcf9c47f343b370a824bf74c30c208d2c5d09006d7ccb9,remediation/results/ftf1d-p2-full-20260919/P2_adult_k7_t4/basic.json,3c7314a0dcca615ebdf1f0b05c880c213593df05ff87c4dc0870abaffd5ee8f3,e3bc82baf50da29e0123bfb3b63f1218684a0ffb2f5f6cc79844850dc6ee3703
P2,P2_adult_k7_t4,runnerup,7fccac8b68618bc48dbcf9c47f343b370a824bf74c30c208d2c5d09006d7ccb9,remediation/results/ftf1d-p2-full-20260919/P2_adult_k7_t4/runnerup.json,c751314e6cb048185bb2c87d0aefbaa073423619e1f137af0e943f6354288614,6004fd22e950670b56bb16e74faf61ec904437904a70813dd1471acebb4e05bf
P2,P2_adult_k8_t0,fresh,d6a55978eae2655b5c2e0b260b919cff33c2b22d70befd09c1fc5737c908a259,remediation/results/ftf1d-p2-full-20260919/P2_adult_k8_t0/fresh.json,1de32eb1bcd25cf8531eaf0db4c4bfdb68d0e176d3cb18faefa9496cdf9247f4,ffc6fe8ad3f69612fdc6b2cf6917eac6f10e4e113320ccd7c49850b13fdf2887
P2,P2_adult_k8_t0,none,d6a55978eae2655b5c2e0b260b919cff33c2b22d70befd09c1fc5737c908a259,remediation/results/ftf1d-p2-full-20260919/P2_adult_k8_t0/none.json,33127653154f1fdaf269de4dad4cb529859492e07113fc7b7139b9f097788cc0,e2add4490f6f648d0ba7e8c9d0f621e1584023e406b29b6a47ae729fd7c706c5
P2,P2_adult_k8_t0,basic,d6a55978eae2655b5c2e0b260b919cff33c2b22d70befd09c1fc5737c908a259,remediation/results/ftf1d-p2-full-20260919/P2_adult_k8_t0/basic.json,19e66394e3505ac6566f3e5c354ba5ad38d9fff8ba912392460f17dd78c9d898,e2feac41c8b3f10df225b57ca9759446476b545d7f5d6299828760308017a5a3
P2,P2_adult_k8_t0,runnerup,d6a55978eae2655b5c2e0b260b919cff33c2b22d70befd09c1fc5737c908a259,remediation/results/ftf1d-p2-full-20260919/P2_adult_k8_t0/runnerup.json,d5686cc99076f5f01ead8cfdd11c314b4dc746d12b4aad3bedc97d9874a00114,0dbd4d80df7b715b1d770f2657d41a71053d89972f2915b8c5e06bed2882a614
P2,P2_adult_k8_t1,fresh,4919c7fcaf742f3844d6b3b22891a69255bf5ffc40c75991855f9e50bb7f3106,remediation/results/ftf1d-p2-full-20260919/P2_adult_k8_t1/fresh.json,e7da64a8b8feb2462ec7b433c9dceb7cd213e0519dba4a8258c3eb5c23d33620,0b594c0cf7a82461639d65ab9a48c49eed48255f88cec3c9709b85153fa4cb05
P2,P2_adult_k8_t1,none,4919c7fcaf742f3844d6b3b22891a69255bf5ffc40c75991855f9e50bb7f3106,remediation/results/ftf1d-p2-full-20260919/P2_adult_k8_t1/none.json,27e2edd962bf9dd856165db6f89cbc16740005b9e8e0aac184d13f85feb5ee22,da0478fc0199abc92358577e0de99a1df7b59481dd3c0798082682940ec2b3b6
P2,P2_adult_k8_t1,basic,4919c7fcaf742f3844d6b3b22891a69255bf5ffc40c75991855f9e50bb7f3106,remediation/results/ftf1d-p2-full-20260919/P2_adult_k8_t1/basic.json,b3d7b6cf0ed137e6a2a5c7074f5b8ca1acaf1359a7a5ad5eb65a816c87c9cb11,e498ff7eb20258b76c840c5c4d8f2ca5755b25bdfc605cf80251d2d5f77bca0d
P2,P2_adult_k8_t1,runnerup,4919c7fcaf742f3844d6b3b22891a69255bf5ffc40c75991855f9e50bb7f3106,remediation/results/ftf1d-p2-full-20260919/P2_adult_k8_t1/runnerup.json,68ba2ec7adaea46af5cd89bb41bbe14d837f27575ccc3148dff3a8a43129509f,aa983268e003c0ce9f02dc4a9744f301e85bad7b1d9ac094ee3ddccf5efeeb7b
P2,P2_adult_k8_t2,fresh,9be870ec0c8c5d517dc6b806ecd65f2362649ddb34c9fef9019a782dc9765a8e,remediation/results/ftf1d-p2-full-20260919/P2_adult_k8_t2/fresh.json,af032bd9ef78d59a6e07d331df6e9dea2d361728fdcf5791c3bf47dd7a324f09,87727d71fc1872c86e7628ca95aee909b2222e8dacabea862438037c1cbb91fa
P2,P2_adult_k8_t2,none,9be870ec0c8c5d517dc6b806ecd65f2362649ddb34c9fef9019a782dc9765a8e,remediation/results/ftf1d-p2-full-20260919/P2_adult_k8_t2/none.json,96089519640af843001d0fd77927d7da5d381ad1ecee4f4791e5593ee28d47d4,be5ab725cd80e6aac42386d85ad7693edef2a16af380f2741cf48501f3ab1c4e
P2,P2_adult_k8_t2,basic,9be870ec0c8c5d517dc6b806ecd65f2362649ddb34c9fef9019a782dc9765a8e,remediation/results/ftf1d-p2-full-20260919/P2_adult_k8_t2/basic.json,c984b441f6729c3cb362fd598f947db71fe6961df6288e8bf8a0cec28e3480d3,61c0b6c622a466c9927c092b4f421341a5abc1218839e397800c5092e59c63c5
P2,P2_adult_k8_t2,runnerup,9be870ec0c8c5d517dc6b806ecd65f2362649ddb34c9fef9019a782dc9765a8e,remediation/results/ftf1d-p2-full-20260919/P2_adult_k8_t2/runnerup.json,ca11467d3e6cb638b3058963dfc82d8c3917deb1306ddd14df36e34b9cc18955,89321870712465f4d69ec49a3635e556c1c3ae3bc498911c0cae6c46772cd1ea
P2,P2_adult_k8_t3,fresh,b9f585c796a4b7f514c3e2e23e86b02d0593c6ab27ea1225fd250ef1da170534,remediation/results/ftf1d-p2-full-20260919/P2_adult_k8_t3/fresh.json,9e557f3e3c78fda5d4b1df87bf72b5e2e0d4e58daac7aa8eacd2acf59b7f065f,8ff013a9273de8409a3ec34ef3a7bd750810c717a0f507c632178d71533efb6e
P2,P2_adult_k8_t3,none,b9f585c796a4b7f514c3e2e23e86b02d0593c6ab27ea1225fd250ef1da170534,remediation/results/ftf1d-p2-full-20260919/P2_adult_k8_t3/none.json,6f117bb8445733b94bed4dee13b91c048ce5cda33f21d29592a19c56ddaaa3ac,48b1e53d7826aa27a46a5d28895c6272beef97ca29e7a40b56b43b99a1584662
P2,P2_adult_k8_t3,basic,b9f585c796a4b7f514c3e2e23e86b02d0593c6ab27ea1225fd250ef1da170534,remediation/results/ftf1d-p2-full-20260919/P2_adult_k8_t3/basic.json,a1300934a6c67381a39e46750eae67e25857cb2bae0368a6a538632447e24aba,1fc6cc65a8eda5db21520cf805c092913764b3022824ce702019bc81e62fe342
P2,P2_adult_k8_t3,runnerup,b9f585c796a4b7f514c3e2e23e86b02d0593c6ab27ea1225fd250ef1da170534,remediation/results/ftf1d-p2-full-20260919/P2_adult_k8_t3/runnerup.json,936c2d77c489a098d6cd33dff213bb82c01f023056d032050251f9f0dc8bc17d,70ee4a6f9a9ece1313124e0e0c5ff3970e5de44945ce9f17024521a26d550b94
P2,P2_adult_k8_t4,fresh,0b7f28158b45f657b347e544badd5ec03816e356ef8ccaa58ddb10df820f3908,remediation/results/ftf1d-p2-full-20260919/P2_adult_k8_t4/fresh.json,d8795d98e5ce254254d696ea0bf6d49c7287c7781b485bde579113b4346d076e,132d30e0614449eee996fa9ed4c2bf705630205182d8f8b97017b16e3946ebc7
P2,P2_adult_k8_t4,none,0b7f28158b45f657b347e544badd5ec03816e356ef8ccaa58ddb10df820f3908,remediation/results/ftf1d-p2-full-20260919/P2_adult_k8_t4/none.json,2f9c7eaa28259d3804895b6b0518b2bd4450f4bf3926b6134dbf57cd0ee57d3b,5020ad3088b7fe473dd806414bbac6d0278107a4c48dd9ab90e1603cae04f827
P2,P2_adult_k8_t4,basic,0b7f28158b45f657b347e544badd5ec03816e356ef8ccaa58ddb10df820f3908,remediation/results/ftf1d-p2-full-20260919/P2_adult_k8_t4/basic.json,ded34121911dbe6558565dd128b9bf36050fa8ddaf9d7aa104120f1b0a8838ba,d9b096d255e007134f991e072da977719431a66e38402957f1bb3ee918bbeb37
P2,P2_adult_k8_t4,runnerup,0b7f28158b45f657b347e544badd5ec03816e356ef8ccaa58ddb10df820f3908,remediation/results/ftf1d-p2-full-20260919/P2_adult_k8_t4/runnerup.json,58551e0cfacfa1f5ba5f40a1fc4c073dddf65fccfcb79dbdd0885b6e15e068e4,55011e30d55977361ea8bb24d9ad6aaeab2dcac71509ce9ac3bb473e0f81ef26
P2,P2_adult_k9_t0,fresh,577dab408de3b9a127923cd7ba8ff43bfc029cd4524528e95599d61b6fea8fce,remediation/results/ftf1d-p2-full-20260919/P2_adult_k9_t0/fresh.json,ad8fc2ff7f5a3710d88fa3751008da652847f379b562a540c4f10dee710f800a,95afd72ab5e34f57723e8ca67f7deac9a1a14118f31ca05dc187d7be7863c223
P2,P2_adult_k9_t0,none,577dab408de3b9a127923cd7ba8ff43bfc029cd4524528e95599d61b6fea8fce,remediation/results/ftf1d-p2-full-20260919/P2_adult_k9_t0/none.json,4fc0ba7ccb896c2d61f5846bdfe5764494fa889dc2d344f090a4ba19f168846d,99d60ae7d8e0c9888f0f0bf67d1fcf1ace443c96a5c762aa6f43c1938f810a73
P2,P2_adult_k9_t0,basic,577dab408de3b9a127923cd7ba8ff43bfc029cd4524528e95599d61b6fea8fce,remediation/results/ftf1d-p2-full-20260919/P2_adult_k9_t0/basic.json,aa0c56af48cb1a8cfb4d17f8d6067db82174d0feb152a4601a41caba35727f02,a2ba330a480fd889e370edcbed53ac3d425488466c5900da30703274edb87067
P2,P2_adult_k9_t0,runnerup,577dab408de3b9a127923cd7ba8ff43bfc029cd4524528e95599d61b6fea8fce,remediation/results/ftf1d-p2-full-20260919/P2_adult_k9_t0/runnerup.json,a401ac01c905b33c9056884175152dce6067233f92bfdaa698ca82c34e9d7d04,6e32947509a756956409d03708dd0e9b32590709f702c95fa4d27521c23df643
P2,P2_adult_k9_t1,fresh,6557b80eb5727ac9226414711905845ee17fbd78f172a18d533ba41a7f05bc4d,remediation/results/ftf1d-p2-full-20260919/P2_adult_k9_t1/fresh.json,cab204a800b1505c3846faf906abf5800bd6b4f14c747f18f6d520c30caf0327,2748a68ad7502ce59b61451f5431ea6d18cd27e04fb37f21ca4ff56b718b8d07
P2,P2_adult_k9_t1,none,6557b80eb5727ac9226414711905845ee17fbd78f172a18d533ba41a7f05bc4d,remediation/results/ftf1d-p2-full-20260919/P2_adult_k9_t1/none.json,1f04be0fe575e5074810437ba2e51a3efa2869f7e3eae505f3048b232b9e7485,05d1331e7ab3b3b46bfbbc363127c011f13ef35d6e702e7ea091c2c98de118c6
P2,P2_adult_k9_t1,basic,6557b80eb5727ac9226414711905845ee17fbd78f172a18d533ba41a7f05bc4d,remediation/results/ftf1d-p2-full-20260919/P2_adult_k9_t1/basic.json,1c1734ade6253e77dcbb7960989b385120be37273b4754e1a357397b69487497,eda48cc274a9061c0ee6be82dc9c8f72a2063c996e63dc40011ddd51d77bea73
P2,P2_adult_k9_t1,runnerup,6557b80eb5727ac9226414711905845ee17fbd78f172a18d533ba41a7f05bc4d,remediation/results/ftf1d-p2-full-20260919/P2_adult_k9_t1/runnerup.json,ffe2e0b6255b8756b035151769f96902d84f5816a231d8b8ad88003d3aac01ac,8f2abad5e23543354f8da6d9e7a7c4574da2ce36a1ee0e6ee5318dd7abb4572a
P2,P2_adult_k9_t2,fresh,e01b9b41fdc4fb1e6f4e678a89baeb7484083f5237fb622ffa547b0b05912b3f,remediation/results/ftf1d-p2-full-20260919/P2_adult_k9_t2/fresh.json,eea837781cba0f1809c0d31002f84bc7f3f80a755ba059a072164c88eef3f950,9a307d2b4ebd96f26e23907aeade182710ccbbe0f5f279599e2f71039b5e6c40
P2,P2_adult_k9_t2,none,e01b9b41fdc4fb1e6f4e678a89baeb7484083f5237fb622ffa547b0b05912b3f,remediation/results/ftf1d-p2-full-20260919/P2_adult_k9_t2/none.json,8933b5512c4d0a6ec174dd1b55c4c7eb5d0f7df4319379e5920c26b37feb6c60,f544d9587d26db3675b330f022f1456c287e12f3cc4aadc7c0804440fde13b9f
P2,P2_adult_k9_t2,basic,e01b9b41fdc4fb1e6f4e678a89baeb7484083f5237fb622ffa547b0b05912b3f,remediation/results/ftf1d-p2-full-20260919/P2_adult_k9_t2/basic.json,423713d5590ada7ef099038364fcb2b78b695480f4b589faa203ed67f64d60f0,76a38bca71e22b21aff582a6a7b90a64d047d21ddd78de67a0cbf450e726f64e
P2,P2_adult_k9_t2,runnerup,e01b9b41fdc4fb1e6f4e678a89baeb7484083f5237fb622ffa547b0b05912b3f,remediation/results/ftf1d-p2-full-20260919/P2_adult_k9_t2/runnerup.json,90daa737dc254605b015864ac63b355fdb024c10a1b1b0f3a57f5d6d87d444d1,0a89b80d12afe2feb756da93d618acac3e70ed7e72fa012823870cc081fce085
P2,P2_adult_k9_t3,fresh,7e2903a269f526ab04846ba888a8161f8f507fa1210232587eb2b09f09ec036c,remediation/results/ftf1d-p2-full-20260919/P2_adult_k9_t3/fresh.json,0bd2e347cb305ab0eb7693af3defe02b91bf35910b7da409ec9adb0a6133c0c0,9eff0a84d788abafe416fbe66ace254c72e95910a4cbc01a5e18dc4a1ae734af
P2,P2_adult_k9_t3,none,7e2903a269f526ab04846ba888a8161f8f507fa1210232587eb2b09f09ec036c,remediation/results/ftf1d-p2-full-20260919/P2_adult_k9_t3/none.json,f4263fb95c0411e3ec63d720f9e1965ffd37ca5699dd4cf8f666eec71e95673d,dc718f5879f35fd3da06124238d41890c1bc7bd7f49e332146ba204dae4da717
P2,P2_adult_k9_t3,basic,7e2903a269f526ab04846ba888a8161f8f507fa1210232587eb2b09f09ec036c,remediation/results/ftf1d-p2-full-20260919/P2_adult_k9_t3/basic.json,0ffbaf43bf0ec902540ad3075c680339b2b83e64361667ca0e20bbd0738c4c25,444003c5cb2d0f0567e04bd4417527f0a50181a839369413fb8664f11621cc23
P2,P2_adult_k9_t3,runnerup,7e2903a269f526ab04846ba888a8161f8f507fa1210232587eb2b09f09ec036c,remediation/results/ftf1d-p2-full-20260919/P2_adult_k9_t3/runnerup.json,1706465ba97b977648ee0cb2554a8700c5a6526a315a306d6170144c37aebf64,021c5737b7c6aab445248150fd5e59215349bf612d2ce70fe63c71f69ec3b9be
P2,P2_adult_k9_t4,fresh,fb414cf32447226a2b80b00471ccb8cd1816061e528c7b39d850859618297972,remediation/results/ftf1d-p2-full-20260919/P2_adult_k9_t4/fresh.json,33386740b08a305a40d905890b0d48350996b9988df1a84f7eddd0802d559b0f,4abb6a229ca562d4d02b7afa0a7c436e30e87cef82b6afc6271d4370d46828ef
P2,P2_adult_k9_t4,none,fb414cf32447226a2b80b00471ccb8cd1816061e528c7b39d850859618297972,remediation/results/ftf1d-p2-full-20260919/P2_adult_k9_t4/none.json,940b9a504656d3bdaec7612603c252211d3969545efd88e50dc6bba96c3b226a,99635d5c856f135d520907946a47f26aa02ca4939d972a8717d1584b4edd331b
P2,P2_adult_k9_t4,basic,fb414cf32447226a2b80b00471ccb8cd1816061e528c7b39d850859618297972,remediation/results/ftf1d-p2-full-20260919/P2_adult_k9_t4/basic.json,e8b6ab6e1604938b793d877eda5036a81ed75d3640e2b42511674bffd9456f08,68a25478f4110248c4922a3a2c61df61481ff0bdfdc576e263a5077b00904795
P2,P2_adult_k9_t4,runnerup,fb414cf32447226a2b80b00471ccb8cd1816061e528c7b39d850859618297972,remediation/results/ftf1d-p2-full-20260919/P2_adult_k9_t4/runnerup.json,fc41d68074d5cff8d86cf3cc5920366e748aa43e212a8357a0328f99ef0dbc67,1bd597b0adeaa7c18ffdf89008b3998ac87ffdc9473cf7ee3100eed7201040f4
P2,P2_adult_k10_t0,fresh,5dfc90523a0fc943cb3cf20a12a74b08c1530e1b665af4459cbc940312279b99,remediation/results/ftf1d-p2-full-20260919/P2_adult_k10_t0/fresh.json,cd0ccd328d7109d12db7776b8011e33fbff6ef490f4cbfed60e13aeca1be5b4d,54ca9fabba2436a58f578087e461f873649aada369134c2e0e8785c498e574cf
P2,P2_adult_k10_t0,none,5dfc90523a0fc943cb3cf20a12a74b08c1530e1b665af4459cbc940312279b99,remediation/results/ftf1d-p2-full-20260919/P2_adult_k10_t0/none.json,36fedc75b18dee650458013083b13acc4047cec2953660b46149b14911729b3d,01814c35b72c182eef65c9677330a7901ac9722292080fb6e06d55e5cb757da8
P2,P2_adult_k10_t0,basic,5dfc90523a0fc943cb3cf20a12a74b08c1530e1b665af4459cbc940312279b99,remediation/results/ftf1d-p2-full-20260919/P2_adult_k10_t0/basic.json,5dca3e22b64581b926b2a8b03ea2974e29671126c8552d403b88c449d263bbcc,6b4e461e8add6afabacd7199cc627b26d0e07a9db973918a8ed27356a69d32ea
P2,P2_adult_k10_t0,runnerup,5dfc90523a0fc943cb3cf20a12a74b08c1530e1b665af4459cbc940312279b99,remediation/results/ftf1d-p2-full-20260919/P2_adult_k10_t0/runnerup.json,c376bb0e8504d40b1aa88819f0dc69ff4860373a24c163fc810d376cadc3d561,79213ca72bc151f5b282878a95f20ba029646d5ab8647bc2b5264121007d1494
P2,P2_adult_k10_t1,fresh,0c9b16a3b9c5c823bfdb9131f2d0c487ef9e1846af7b540780205290b0fa6c5c,remediation/results/ftf1d-p2-full-20260919/P2_adult_k10_t1/fresh.json,909985c642cfac572288b79ae3b7b32a96125c267a762c360e1bf81be1e1c5a6,c98d4a4fca8125d5c71654a728e7e7e7716e75bece1f13505cc70ff26f05d28c
P2,P2_adult_k10_t1,none,0c9b16a3b9c5c823bfdb9131f2d0c487ef9e1846af7b540780205290b0fa6c5c,remediation/results/ftf1d-p2-full-20260919/P2_adult_k10_t1/none.json,b3f462eb173a384d44f054060c39a2a66d2b106eb9e76ba01d5a3164f81c8287,c7d6c1b413b129d4db226e8e776da8fff77c5805b03dfaab9ed440692f911ad6
P2,P2_adult_k10_t1,basic,0c9b16a3b9c5c823bfdb9131f2d0c487ef9e1846af7b540780205290b0fa6c5c,remediation/results/ftf1d-p2-full-20260919/P2_adult_k10_t1/basic.json,5b1ca2320ffbc616a23c5299bdc99a3b959af94cfc79335a8ef5e1e1b79266a8,90fdb892fabef50489e40bf4b0dcc5f464a6052d8e11bfbb13ad91061666c720
P2,P2_adult_k10_t1,runnerup,0c9b16a3b9c5c823bfdb9131f2d0c487ef9e1846af7b540780205290b0fa6c5c,remediation/results/ftf1d-p2-full-20260919/P2_adult_k10_t1/runnerup.json,d4fae47f98d0c1d578248bdb0efaa72957484651d453735b197ef53e3d1bd5d1,deb577359bb47ec36e49a02b2164d32dca2a342628f88b5c2aa6267cca710faa
P2,P2_adult_k10_t2,fresh,e8af410b769248659636e49e01a2615c9be44812fbd7e8a195aeebb100df3be5,remediation/results/ftf1d-p2-full-20260919/P2_adult_k10_t2/fresh.json,fe9ace779a275afcdbacb4b1dc21469c55352e3aec15bdf71bce364d8bd80713,6a0ca358f02aecf0278f5191513417c429ec697d6ef83e4892379998837450f8
P2,P2_adult_k10_t2,none,e8af410b769248659636e49e01a2615c9be44812fbd7e8a195aeebb100df3be5,remediation/results/ftf1d-p2-full-20260919/P2_adult_k10_t2/none.json,4a586a4428451843c0d208432e0a20ad572f1973dbc408964da33aa60788aa5e,b6da481b93fefc352275c3248d3f7b8d0d07da42f557046491ca39a1f4a2860a
P2,P2_adult_k10_t2,basic,e8af410b769248659636e49e01a2615c9be44812fbd7e8a195aeebb100df3be5,remediation/results/ftf1d-p2-full-20260919/P2_adult_k10_t2/basic.json,1c9c558fd40ef9a85f6ae54fedfa3f3ae1f7476f865a5ce34ead13ab5720679d,708273914ef9b7904614d28a914936a2b75cc7795ceb1ab085142017cba7a391
P2,P2_adult_k10_t2,runnerup,e8af410b769248659636e49e01a2615c9be44812fbd7e8a195aeebb100df3be5,remediation/results/ftf1d-p2-full-20260919/P2_adult_k10_t2/runnerup.json,ad0e9036ea553adc5a1b0be81dfd58469269db571cf21ddecb9b7a9e0834e7c2,eabb38538adf59f61abda51984b3df0a07f2dd89a89ce2978fe44e238ae13717
P2,P2_adult_k10_t3,fresh,4d166ff7e7fc03a176d720f863a9ef1e22ff434b9356254d6899916f19d84512,remediation/results/ftf1d-p2-full-20260919/P2_adult_k10_t3/fresh.json,e337305582cfc09bf2f27d05c3a22f52b7263a8da4fbcc821fff61c24d98b97c,a3874e6d865f11e1ca61f0e896381ac4dfef35c5f6397cdad90bd02174e3aa8b
P2,P2_adult_k10_t3,none,4d166ff7e7fc03a176d720f863a9ef1e22ff434b9356254d6899916f19d84512,remediation/results/ftf1d-p2-full-20260919/P2_adult_k10_t3/none.json,56904ec4eca37a807fa00cd4db64d8e951c9a139c0801f0aa439c3efb5579d89,35763410766388a8bd353f8ec0dab880af9477fa8c6d286431bf135f798b2068
P2,P2_adult_k10_t3,basic,4d166ff7e7fc03a176d720f863a9ef1e22ff434b9356254d6899916f19d84512,remediation/results/ftf1d-p2-full-20260919/P2_adult_k10_t3/basic.json,b7b6ed3fc445e3b18b3cbdf607c13ed24dd6b70f1c3ab03ad9cb1b1b241500a8,96571d97e13c3eb7e2b7f5a6a402cf583f0eb0fae8275c1b8ac64f2d20198fd4
P2,P2_adult_k10_t3,runnerup,4d166ff7e7fc03a176d720f863a9ef1e22ff434b9356254d6899916f19d84512,remediation/results/ftf1d-p2-full-20260919/P2_adult_k10_t3/runnerup.json,c099570c35641eb21ce576255d3a5d3c8d94c4009fe091d1c90305b12a7dc087,8fd21adb7e247344bd6480eea48d5de1b52873770e93f4e6a157a3c6d7c33b55
P2,P2_adult_k10_t4,fresh,634b95870fad943fb2355cdfdd8ab8516a60970421f2f45667c355905538ef6c,remediation/results/ftf1d-p2-full-20260919/P2_adult_k10_t4/fresh.json,fa0109ecdee44e86cfd200c87a79ffbbf104586badf23331f48deb7a958ccf21,fcda91ab01362060af36f636226c2e31ae08465f81e243d937c91919e91ed00e
P2,P2_adult_k10_t4,none,634b95870fad943fb2355cdfdd8ab8516a60970421f2f45667c355905538ef6c,remediation/results/ftf1d-p2-full-20260919/P2_adult_k10_t4/none.json,2a7d328cca31716a1a37e4dd33c92f60ffae5e96ab742fb7417199d7510843be,b41117e1e32b6eabab3ab8ee0103607969da329eb6e027d496a1197db08588a1
P2,P2_adult_k10_t4,basic,634b95870fad943fb2355cdfdd8ab8516a60970421f2f45667c355905538ef6c,remediation/results/ftf1d-p2-full-20260919/P2_adult_k10_t4/basic.json,8c2b59ba90386e7faec5119149d0baf9c7cf4f58f1df218be7e55fd4c15699fc,c4e27b8a5e825d12cdc7de0baa1f477e21383483d3cc2dd9d006e39c5147676e
P2,P2_adult_k10_t4,runnerup,634b95870fad943fb2355cdfdd8ab8516a60970421f2f45667c355905538ef6c,remediation/results/ftf1d-p2-full-20260919/P2_adult_k10_t4/runnerup.json,a10a92acdaae64e52d3e09b4736074b9312b23d526a2e54e302ae712033bb9c3,f72b6957c1e85091002da1a3e051543aadd5b81afddceb7d91f68262c0e26a39
P2,P2_adult_k11_t0,fresh,b8bb5a058091bb638dad2a0f45752e35194c4c19d96bdf5f648755ed66b6c975,remediation/results/ftf1d-p2-full-20260919/P2_adult_k11_t0/fresh.json,0b3015d4cb557bb9c7cfe672c38840de72a6379777f1422b77a1c3e977099b66,d7cbde031c8272e462b25f140d68683ce1043a71a03d662188be63b853337518
P2,P2_adult_k11_t0,none,b8bb5a058091bb638dad2a0f45752e35194c4c19d96bdf5f648755ed66b6c975,remediation/results/ftf1d-p2-full-20260919/P2_adult_k11_t0/none.json,b1d11db459f12ee11343cb2c24d3dab8ff7a0dddaa0692e0975e84a42472346d,80bb80428a5bd348c998ae36e92e4f90402c77ea13f6fa50cea2f3b6eb0d2f99
P2,P2_adult_k11_t0,basic,b8bb5a058091bb638dad2a0f45752e35194c4c19d96bdf5f648755ed66b6c975,remediation/results/ftf1d-p2-full-20260919/P2_adult_k11_t0/basic.json,2434496171b637ec3f0a1680dc9d0410060be39df82055d245fcef5688ed2850,d3a42ad3d9adf6c3519cd80d46ee3b9d3cde47bea92a829ce3f70c5360e7c1d7
P2,P2_adult_k11_t0,runnerup,b8bb5a058091bb638dad2a0f45752e35194c4c19d96bdf5f648755ed66b6c975,remediation/results/ftf1d-p2-full-20260919/P2_adult_k11_t0/runnerup.json,0eb94d89726e622a4b045c54057b55752e6ad6528e32230e2667cb42e53c366c,13ffb150b54a78a84a34f036a0ea7f9ef35bfe0470dfaa8a52e0136a053b8e5c
P2,P2_adult_k11_t1,fresh,5dab373b6a43eb4f6a83af97308bda7bbcf9adf96df857d5bca7e96584503033,remediation/results/ftf1d-p2-full-20260919/P2_adult_k11_t1/fresh.json,251bffa3388201e19d0ad818b52803a8f91ad16b742d00d4f6ecce5740caf392,f34313e913ecf3447202b9126605048c9d144c4477ea6a19e7b756d459bd4128
P2,P2_adult_k11_t1,none,5dab373b6a43eb4f6a83af97308bda7bbcf9adf96df857d5bca7e96584503033,remediation/results/ftf1d-p2-full-20260919/P2_adult_k11_t1/none.json,09ceaeb7b94bbcaeaf0bd6849025e7a6e73fb28625f963f13e27b78bc513f3fe,f1c79bd5292f8293d7df4f0fab473705216082d530af5b1a842206c44d6e004d
P2,P2_adult_k11_t1,basic,5dab373b6a43eb4f6a83af97308bda7bbcf9adf96df857d5bca7e96584503033,remediation/results/ftf1d-p2-full-20260919/P2_adult_k11_t1/basic.json,165b2e2aee0210f861e479cb5972ff51e9579d157a1b487d35230e21f44c872a,42a8da345cb74d4ff984c5818671d4dee6ade6440e2b989c0b50b88be2b16d68
P2,P2_adult_k11_t1,runnerup,5dab373b6a43eb4f6a83af97308bda7bbcf9adf96df857d5bca7e96584503033,remediation/results/ftf1d-p2-full-20260919/P2_adult_k11_t1/runnerup.json,4326a09a6608aea70279ed2947aba96b5a85260ad1970855da0c6ee86f604049,d7c26d0e4d5c290e0331ab3c4b7d3a0bea173ecb2b0a5e0ae66d76c143511f57
P2,P2_adult_k11_t2,fresh,41bacf1dcfe1a9593001da8f920cf7065f62fc3f271cdd0c6876e5ab692671ab,remediation/results/ftf1d-p2-full-20260919/P2_adult_k11_t2/fresh.json,7ac7927005ee9d68da3c91ba5d27084a7cb9dc1a2e0c999c58944b5edd108f68,84d3466d88a5887dcb0e3e6be1b561d9e29aebdb13044adbbde73e012edd2f6f
P2,P2_adult_k11_t2,none,41bacf1dcfe1a9593001da8f920cf7065f62fc3f271cdd0c6876e5ab692671ab,remediation/results/ftf1d-p2-full-20260919/P2_adult_k11_t2/none.json,e8c1dd328018c26e68412f782796de7fa015306d547c697ac589231cb0dddd76,5c6e51a47252330bded21cf33b5a798048c45c6eb27bb3d3898ec76c18881111
P2,P2_adult_k11_t2,basic,41bacf1dcfe1a9593001da8f920cf7065f62fc3f271cdd0c6876e5ab692671ab,remediation/results/ftf1d-p2-full-20260919/P2_adult_k11_t2/basic.json,22a893bc7537409fac378ae24948147867158752718cf06dad5ec2d2af9b9ede,3ff202f226b9875bcbdbb7027caa2239957bd9a08effb971837b546072a8deed
P2,P2_adult_k11_t2,runnerup,41bacf1dcfe1a9593001da8f920cf7065f62fc3f271cdd0c6876e5ab692671ab,remediation/results/ftf1d-p2-full-20260919/P2_adult_k11_t2/runnerup.json,0faa4013110805b705739de27494781d2a1dfbe795d99a7ea27e386d1a3d2494,364dab17fdfea75b02f70ab8f2d8c2d84837c97b9ea5ea890c0afb281570e746
P2,P2_adult_k11_t3,fresh,976a8981ce4075301199de396d099c821009be2df62c3a3f6c42d89729fb1a60,remediation/results/ftf1d-p2-full-20260919/P2_adult_k11_t3/fresh.json,561f31aa35728fcd62792cbc6d23be55e78935e36640bc11de53623c9bfe8005,b37cade41c6093125ba31bf14eca9c3af1cbcd58d666e67531d084b02a573b79
P2,P2_adult_k11_t3,none,976a8981ce4075301199de396d099c821009be2df62c3a3f6c42d89729fb1a60,remediation/results/ftf1d-p2-full-20260919/P2_adult_k11_t3/none.json,6c09e01ef3feae40781538ac7f564ff4640a64c31e0e63cad65ccb8d12dace77,f257e8a5509199bbbaed0cb4fa9bb8e6c5b6498abc73aa3d7ab96ffde96752b8
P2,P2_adult_k11_t3,basic,976a8981ce4075301199de396d099c821009be2df62c3a3f6c42d89729fb1a60,remediation/results/ftf1d-p2-full-20260919/P2_adult_k11_t3/basic.json,42bdca9a08f51869c6846d55d82c027b07fe21a3d4b4cb820efdbd919cdc334f,52152be542a03572d20e4c59492f82ba2310042d8fb0f67a46a1754d6d153218
P2,P2_adult_k11_t3,runnerup,976a8981ce4075301199de396d099c821009be2df62c3a3f6c42d89729fb1a60,remediation/results/ftf1d-p2-full-20260919/P2_adult_k11_t3/runnerup.json,c68321882a58971f5d54d7c9806b1ad90611707baebb6d9d559582c26e3cfc7c,a728183f00690638824431dcba2a3393375a3c37141462a97fb0bcbb0bfde143
P2,P2_adult_k11_t4,fresh,11cf2a980f0620f467f9548dc2501c0025664c3625649a2f7d8df9b46985ab66,remediation/results/ftf1d-p2-full-20260919/P2_adult_k11_t4/fresh.json,1680e49310f16a743db6b43e134d3a4aed88c776e430e3d1fecc30949ec0b71e,48021d9f7ffe8100262aaedb40cf7f52475d6e5d0cc2cb8ff3261ca64e06eaca
P2,P2_adult_k11_t4,none,11cf2a980f0620f467f9548dc2501c0025664c3625649a2f7d8df9b46985ab66,remediation/results/ftf1d-p2-full-20260919/P2_adult_k11_t4/none.json,0357aef28512b095ab49ac49f340de8c413c08a388983c4b866e3f49add52c7a,d932093e400695b7e6b5334109a9e06f4f2d1c4e5371f994c17ee4f962691a59
P2,P2_adult_k11_t4,basic,11cf2a980f0620f467f9548dc2501c0025664c3625649a2f7d8df9b46985ab66,remediation/results/ftf1d-p2-full-20260919/P2_adult_k11_t4/basic.json,ee6f9771105bff5e19ac19e0388f52018db1a630788bda896a3de6f6439f5209,4ad1f14458b0187f7a1dc39604cc389c2e7635d6890ad3ad6d9067929a515612
P2,P2_adult_k11_t4,runnerup,11cf2a980f0620f467f9548dc2501c0025664c3625649a2f7d8df9b46985ab66,remediation/results/ftf1d-p2-full-20260919/P2_adult_k11_t4/runnerup.json,8f7326aef8c2fd59e95f8107e1234ba95fea464e6b3523aa927c665494683401,50006bc489a9800ff66383b0e30423255dbb0f19777a05bb0e7bb7c601780531
P2,P2_adult_k12_t0,fresh,3e74ed6d0d86ac0b4e0699633639eb2da05915116804beaa59732d04fe87a105,remediation/results/ftf1d-p2-full-20260919/P2_adult_k12_t0/fresh.json,3275d6e2649f7d472e536488880cdd645402c964f0fda695e3275aef369a5456,3de1853866e41e946843e04ea77f552bc810aeded4ef104ffc24c0226c461c01
P2,P2_adult_k12_t0,none,3e74ed6d0d86ac0b4e0699633639eb2da05915116804beaa59732d04fe87a105,remediation/results/ftf1d-p2-full-20260919/P2_adult_k12_t0/none.json,0fd3fbd7766b717a1065e7fb672ba29fba611e3f5b31210905110f7fe909f628,eb64cdd5d60604b6eb8e397e4bf1b2caf42433cc37d20e2dbddea9e8b22a88c2
P2,P2_adult_k12_t0,basic,3e74ed6d0d86ac0b4e0699633639eb2da05915116804beaa59732d04fe87a105,remediation/results/ftf1d-p2-full-20260919/P2_adult_k12_t0/basic.json,9f6f9f4ccea66fe6cddf23576f5a612f63c4b90169240321a18631cd8b5303f9,a255bbe53666fc22910cabe0d51ea524879dee1cb3781b7535ea4709a5825187
P2,P2_adult_k12_t0,runnerup,3e74ed6d0d86ac0b4e0699633639eb2da05915116804beaa59732d04fe87a105,remediation/results/ftf1d-p2-full-20260919/P2_adult_k12_t0/runnerup.json,e90a06856fe91ee9733c8a9d5d624472682a045066ced6f7eb32be7d765b6f49,28b28fa0afb1b694773c545028ab025fcabe9ca705a45caf75c2e6dfdac003e3
P2,P2_adult_k12_t1,fresh,db35e42791a2de828172a6d741d0590e3c4f9dd348320868152a8fc127167332,remediation/results/ftf1d-p2-full-20260919/P2_adult_k12_t1/fresh.json,6669c332ccf048e89dcd202a60d9f49fd770d12a1f935c8137edaf5366f1cb1d,c48c5d05319ce746f651db8b0a88885f14905c42c42fec2325e352f4fb6a2263
P2,P2_adult_k12_t1,none,db35e42791a2de828172a6d741d0590e3c4f9dd348320868152a8fc127167332,remediation/results/ftf1d-p2-full-20260919/P2_adult_k12_t1/none.json,3d7693880104ff30ac6d1b765bd20302e9ff8d29cd96ac57db038ef6694f542e,6948548b2905b235b7c4c970256a592c449f8f077d19ff507ec9a4de9cee8561
P2,P2_adult_k12_t1,basic,db35e42791a2de828172a6d741d0590e3c4f9dd348320868152a8fc127167332,remediation/results/ftf1d-p2-full-20260919/P2_adult_k12_t1/basic.json,7d65d831470eae2f7ed49a1f490cf92dc2cfa83f87fde74e18261daf5b930d29,ede0cbd9694db8d42c3b0290348be60cdce09a4308c63d05d26a3c6ce6b316d4
P2,P2_adult_k12_t1,runnerup,db35e42791a2de828172a6d741d0590e3c4f9dd348320868152a8fc127167332,remediation/results/ftf1d-p2-full-20260919/P2_adult_k12_t1/runnerup.json,d442230285087a3eed0c6f77b8b9ea63713c409f71b6e4d3686d792ea8b41b60,ca1801cbe1c2bbfc8e08c20f91d1dc064c8f3210a7e5334b3e5258e3ceb1bd7c
P2,P2_adult_k12_t2,fresh,558ac27bad15947a9040c409c91d9cf3c640c4c6d1cce619dc4a5088e5a59a0a,remediation/results/ftf1d-p2-full-20260919/P2_adult_k12_t2/fresh.json,17a53a5e21eac5377f4806a40cdb6101a76e715d135d5443be4b338f34bc06fa,8439db7f20d74fdd7515e4d8852c909fec9cb05f5d1087fdb650689839af217c
P2,P2_adult_k12_t2,none,558ac27bad15947a9040c409c91d9cf3c640c4c6d1cce619dc4a5088e5a59a0a,remediation/results/ftf1d-p2-full-20260919/P2_adult_k12_t2/none.json,d2d5f7849d5e8b8783cd53ffb4daf2758812c13c889a058a8810fa15a3279e10,eeae0cb5bbcc113129e77206b20e7b54c7885362f5da2d61432ecd0fd0fd5509
P2,P2_adult_k12_t2,basic,558ac27bad15947a9040c409c91d9cf3c640c4c6d1cce619dc4a5088e5a59a0a,remediation/results/ftf1d-p2-full-20260919/P2_adult_k12_t2/basic.json,6b8ad08c85d3a64b8b8634da63ee4e89dc255c7432ee6f95f1283430c650ab13,333336ce7b00b3f14185e749fa78dfcb9f5a4d5df9c7e2008130eeb2906ec3e7
P2,P2_adult_k12_t2,runnerup,558ac27bad15947a9040c409c91d9cf3c640c4c6d1cce619dc4a5088e5a59a0a,remediation/results/ftf1d-p2-full-20260919/P2_adult_k12_t2/runnerup.json,15ee49c3d0b038aaa7a855e6cb070a0d3f18cc417bf28047f28ac4ff211b9d81,710092c62171fa167a9c5ee0d8fbc80fe4193a05b6d32ea65d504b00856c8c18
P2,P2_adult_k12_t3,fresh,6a338e7ab9cb3b32e1447d78914905be958a0cb6d3150c0ce36f4ddaaa5be5e2,remediation/results/ftf1d-p2-full-20260919/P2_adult_k12_t3/fresh.json,4d02906dc1105552ef86486b947f29b5a3da83f331d9a9036ceb0caa830aa41e,77a2d643834eceb83f6cf02fbd0635c4b616cf4e10b8a1ae8fd6b493f82dfe48
P2,P2_adult_k12_t3,none,6a338e7ab9cb3b32e1447d78914905be958a0cb6d3150c0ce36f4ddaaa5be5e2,remediation/results/ftf1d-p2-full-20260919/P2_adult_k12_t3/none.json,dd4e19a003ed7e8f6e398e271b4125d8fda13ef3d3d747a6b5e631df6243ee88,b041f5c58d126437ded4e7dee60340eb5c27655076ba2e027ccfd616ef75c51c
P2,P2_adult_k12_t3,basic,6a338e7ab9cb3b32e1447d78914905be958a0cb6d3150c0ce36f4ddaaa5be5e2,remediation/results/ftf1d-p2-full-20260919/P2_adult_k12_t3/basic.json,a4e18e1a7589324ac3d3d5c86241781eab1b6e39e9f5fdef8d64ea6665b9ad48,156779de370a8937e43c4def986d07725c2401a69f448256057b3e0348a542d7
P2,P2_adult_k12_t3,runnerup,6a338e7ab9cb3b32e1447d78914905be958a0cb6d3150c0ce36f4ddaaa5be5e2,remediation/results/ftf1d-p2-full-20260919/P2_adult_k12_t3/runnerup.json,f47b9639aa8c31e8e566554ae14d7ab73bc1879cba005e0c5a646f6c50c59690,1651a5d9b33e9c92427646120592f649c2d8529763ca725fe0239bd23419ac38
P2,P2_adult_k12_t4,fresh,1d66ce14f1d86a55d21f729eb74f6b0e23849fc781a8cfb27bd789ab2ad0f156,remediation/results/ftf1d-p2-full-20260919/P2_adult_k12_t4/fresh.json,479669fc7251416dee0ea4784b330171774710db048de9334dc849d4db1b437f,23e60b4f17d8d2adeb559abc7b32f6d9323c2aeb7b80cb0e85b794c1cae4c29c
P2,P2_adult_k12_t4,none,1d66ce14f1d86a55d21f729eb74f6b0e23849fc781a8cfb27bd789ab2ad0f156,remediation/results/ftf1d-p2-full-20260919/P2_adult_k12_t4/none.json,bce1cf88a286c305482fb7b019c6be626733c8d2cf7529a1674be1d25b8783eb,b864ffc98e579855260d217a13a0e9e0bdd000fe9fbccf3b72418c64b1bce807
P2,P2_adult_k12_t4,basic,1d66ce14f1d86a55d21f729eb74f6b0e23849fc781a8cfb27bd789ab2ad0f156,remediation/results/ftf1d-p2-full-20260919/P2_adult_k12_t4/basic.json,20b734ec7183a925e5deca385e445658dfa395d712027608f464731beb717951,05f3ffc20236bb83ed0e49bd29bf99803acb4d24f24c2a36ac30bed506d67211
P2,P2_adult_k12_t4,runnerup,1d66ce14f1d86a55d21f729eb74f6b0e23849fc781a8cfb27bd789ab2ad0f156,remediation/results/ftf1d-p2-full-20260919/P2_adult_k12_t4/runnerup.json,6a3d32f4b9705409dfd1cee8c0898cb125a82c4cfab23fec8777252e87443e1b,2d9096a5b6f0dc5b73faed8583c15083434f636ebb0000e5d9992260e4d929d1
P2,P2_adult_k13_t0,fresh,67982ffc27001d2278ca6ae48ce615b60dc240833453be409b7c2947bd9c9d4a,remediation/results/ftf1d-p2-full-20260919/P2_adult_k13_t0/fresh.json,0a1cefbdea434bc3cfe7f7aafabda9921e7bfdd21a960bf91ca3c6b8b4140e40,2041f4c56c5a6898a1e07b1d37299c76bb39d46ba9c07b48ee59b542fd4d9cb7
P2,P2_adult_k13_t0,none,67982ffc27001d2278ca6ae48ce615b60dc240833453be409b7c2947bd9c9d4a,remediation/results/ftf1d-p2-full-20260919/P2_adult_k13_t0/none.json,a9f1f0a32b66fb3ab88af9fc8e585ce864b758fcefb858b20cf8eda03abf9b56,fd0aaa18b5623813fe78ec28f67bc21fd1e6801d3bda448ed9361968542f31f9
P2,P2_adult_k13_t0,basic,67982ffc27001d2278ca6ae48ce615b60dc240833453be409b7c2947bd9c9d4a,remediation/results/ftf1d-p2-full-20260919/P2_adult_k13_t0/basic.json,edd62cc19eed3212ab00ba920ef94974f68b0bff8f6c13e4ae145761b7304f6e,ae07a39176f42d565d8781e2e7f2bc6032c5d9406fd5b8fb37dae5ff9d0ac3b8
P2,P2_adult_k13_t0,runnerup,67982ffc27001d2278ca6ae48ce615b60dc240833453be409b7c2947bd9c9d4a,remediation/results/ftf1d-p2-full-20260919/P2_adult_k13_t0/runnerup.json,37cbbf15c04395bc26f6699a8458031bc0cf46529f05d9c0c1df672cc6e0635d,f06f2f08653e8f17656f885af0c0973ba8235bb03496758521872b657896ce63
P2,P2_adult_k13_t1,fresh,38dce42d519a8b5cda0b1a87a7141d2b59735df88c0f1c47ff453793abcf203c,remediation/results/ftf1d-p2-full-20260919/P2_adult_k13_t1/fresh.json,088ab118532d1f15f12c37516a91d49b6b649209fe24a7177889043e157df25c,0dd2531846550cd566f04276fb42e059ccdac5f262265dab9bebf596f2dd9e5d
P2,P2_adult_k13_t1,none,38dce42d519a8b5cda0b1a87a7141d2b59735df88c0f1c47ff453793abcf203c,remediation/results/ftf1d-p2-full-20260919/P2_adult_k13_t1/none.json,a4ae10fdf2f37f08a452331c7c7e1cebdb20783ea6f0e67021597445b351fd9b,28ab4adde5561328e583073591e22f1539fe43412366a63af9074b7522e7d8fd
P2,P2_adult_k13_t1,basic,38dce42d519a8b5cda0b1a87a7141d2b59735df88c0f1c47ff453793abcf203c,remediation/results/ftf1d-p2-full-20260919/P2_adult_k13_t1/basic.json,3bf7e3c2b8300a2078ef3e16c12a128047ffbe1ef93e408534b491a53763da5b,6fab21f0c564f2c1a1b3c9513a00b3897fb01beb25e97d038ce573e3e5149dc6
P2,P2_adult_k13_t1,runnerup,38dce42d519a8b5cda0b1a87a7141d2b59735df88c0f1c47ff453793abcf203c,remediation/results/ftf1d-p2-full-20260919/P2_adult_k13_t1/runnerup.json,2228da1b245a3aa83a2294e0570bbd4d784104744af597861dfd21795cd91ea6,a9ece0ab7f0d46977396b6f065a52535c512daa40d740adb67db45fd98be4312
P2,P2_adult_k13_t2,fresh,c2547ecdba1ab4170472d2b9920eea813694f644393bf4cb0a7884e854c45e24,remediation/results/ftf1d-p2-full-20260919/P2_adult_k13_t2/fresh.json,af685519b827d8c6dddf8404358c2583f90ac477a22b7070f93236d47c211d27,4811f0137230545ecb94b2608a474babcd699c229880f4c4f8a612f40ac66873
P2,P2_adult_k13_t2,none,c2547ecdba1ab4170472d2b9920eea813694f644393bf4cb0a7884e854c45e24,remediation/results/ftf1d-p2-full-20260919/P2_adult_k13_t2/none.json,81174ebe11cf3821a6822330d42528ba7ea7da8108e20593883b06824f6c03ba,5557af312a80b37b827836a179f0fb19cc04f880e2a46e9d66e7b4e3aff302f9
P2,P2_adult_k13_t2,basic,c2547ecdba1ab4170472d2b9920eea813694f644393bf4cb0a7884e854c45e24,remediation/results/ftf1d-p2-full-20260919/P2_adult_k13_t2/basic.json,1dc5dbfa47375fc34aa78831494be8bfd9faf7a8123711266df1fb839803f069,c84bdc1f638aba7b8fdd4cc2bb91f3afc4f82b5afbf6e18bdd1759f393e0ba3c
P2,P2_adult_k13_t2,runnerup,c2547ecdba1ab4170472d2b9920eea813694f644393bf4cb0a7884e854c45e24,remediation/results/ftf1d-p2-full-20260919/P2_adult_k13_t2/runnerup.json,b8158ec7ff4798bd445cf67db111081878d5f4930217a08744f24fc06a1897ae,b0ef0f877588edc8b8e1e7fbc846363b8fc8a8e79db72c2c9e2151968dbe6cdd
P2,P2_adult_k13_t3,fresh,cf533cd19dd9f83b6ad44ccbee5155809c5cfff534b4ac03e2d4d51a3a3e107b,remediation/results/ftf1d-p2-full-20260919/P2_adult_k13_t3/fresh.json,c2a1b4cee775a12785fb3e440f6a25e9191a58591e35dabab43ecddf3f3d2131,0632eabf05528bf50dbe239808ce43faa07f6ab0eef1ddc6d221e5fe157d31c7
P2,P2_adult_k13_t3,none,cf533cd19dd9f83b6ad44ccbee5155809c5cfff534b4ac03e2d4d51a3a3e107b,remediation/results/ftf1d-p2-full-20260919/P2_adult_k13_t3/none.json,c1f2a9ab53d6fdffed93b6ccdd10fadd75013bb3806b1ef35000c2030ae23ef2,bc3da1de53cca9c7f24dda9ea58a89c705e2a66e861ad0d1225b01a7931f1c20
P2,P2_adult_k13_t3,basic,cf533cd19dd9f83b6ad44ccbee5155809c5cfff534b4ac03e2d4d51a3a3e107b,remediation/results/ftf1d-p2-full-20260919/P2_adult_k13_t3/basic.json,3c2dd9c176dee6817693ed66d251e8ffea07a9999b931326c8e76cb5f055b4a9,54d62c7c311133672319935212a7791d422c07f34b621567753aa97c929edc4f
P2,P2_adult_k13_t3,runnerup,cf533cd19dd9f83b6ad44ccbee5155809c5cfff534b4ac03e2d4d51a3a3e107b,remediation/results/ftf1d-p2-full-20260919/P2_adult_k13_t3/runnerup.json,242c4ebd2572df33db04884bd28d8b87a3841884b6b20c0146a066794a83d615,6eee2b6b1084e7eacb9ef78244bf41443f9f51c4337456268cdf9ae2a4eb36c0
P2,P2_adult_k13_t4,fresh,63d84cf0dd1e3e1c89299cdd1bdb4deff5390b746327b28959ade0db3a365458,remediation/results/ftf1d-p2-full-20260919/P2_adult_k13_t4/fresh.json,43a0d39e5bf6c1d8260e603149be180e13e9b7c49a494f1875518591822ed97f,0eb4a4d5d75b4bcba9be023f3f0bd5a600131bbcd483f3b799ed54471ca9054a
P2,P2_adult_k13_t4,none,63d84cf0dd1e3e1c89299cdd1bdb4deff5390b746327b28959ade0db3a365458,remediation/results/ftf1d-p2-full-20260919/P2_adult_k13_t4/none.json,ed447ccc04b3b661bfebeab68b37117ce3f9be695002e48e2ff8e564fef1bd25,3e73121fab2760caab698bbefab09865bd2247e150a9f6cbc368f19aa20004f8
P2,P2_adult_k13_t4,basic,63d84cf0dd1e3e1c89299cdd1bdb4deff5390b746327b28959ade0db3a365458,remediation/results/ftf1d-p2-full-20260919/P2_adult_k13_t4/basic.json,49fdb31c2dff574988ce8e9c5d11bf7ba3b27eb6d6ad47c43549fa25b91f6863,54b7ae1fec9322723a96aa63f5201afb9b5379022bf53e7b7856c8fdd582c2ba
P2,P2_adult_k13_t4,runnerup,63d84cf0dd1e3e1c89299cdd1bdb4deff5390b746327b28959ade0db3a365458,remediation/results/ftf1d-p2-full-20260919/P2_adult_k13_t4/runnerup.json,629a4a8436ee2503626fb2181fcc2e7b137a523e988fff2ea9457fecd703ec84,67f420d158b614fde503803b5f6bba178e0bbdf6774cc1b52ddf00917192d9d0
P2,P2_adult_k14_t0,fresh,d593093f1e7c8d52477c577f5740e5e8ced1de44d7648d9b78c1420691464388,remediation/results/ftf1d-p2-full-20260919/P2_adult_k14_t0/fresh.json,16f264899ba46c956ce93dc86a0a51634a0110c5e0f1d80b3a5066c0771be086,ab99bff3034552a6428873f006206ae8b3538649eefbdc6b9701451b3f05a79e
P2,P2_adult_k14_t0,none,d593093f1e7c8d52477c577f5740e5e8ced1de44d7648d9b78c1420691464388,remediation/results/ftf1d-p2-full-20260919/P2_adult_k14_t0/none.json,cd43ef9729dc8188ec22ba6a0459b68c05fb83e46c995dbb377977592dda6efb,6cca24133439f8c3d2224226ade52bd17a63e07afeaa4dc8d85fc7bb21ec77c4
P2,P2_adult_k14_t0,basic,d593093f1e7c8d52477c577f5740e5e8ced1de44d7648d9b78c1420691464388,remediation/results/ftf1d-p2-full-20260919/P2_adult_k14_t0/basic.json,abb342dc4ad4b4985bf2bede624e6a79d05d9d5082fc9766975804b199d5b247,205fd04201e121db839097bcfa9e3f0780335c0b3b6f835f1e9d9eddd41e9bf9
P2,P2_adult_k14_t0,runnerup,d593093f1e7c8d52477c577f5740e5e8ced1de44d7648d9b78c1420691464388,remediation/results/ftf1d-p2-full-20260919/P2_adult_k14_t0/runnerup.json,3363df072c02395e8bdb3dadd6dd13199b2c22016d0c52abc8d4dedb014145a1,f8b9ab8ee97a8262697cf75e5c465c85d0fd367ff9d6a168270d752312b0f208
P2,P2_adult_k14_t1,fresh,1aa6bb2257cbab2a36570baceadd507e0ce873eef796266bcecf23b3853c7874,remediation/results/ftf1d-p2-full-20260919/P2_adult_k14_t1/fresh.json,a6b0beb364514a64e08318e40617f379ddad5234295d6d98f5b2147f1c69847c,908ec732b751114d8e533416e3075f62e9759e6ee24c21cda71629ed32976b12
P2,P2_adult_k14_t1,none,1aa6bb2257cbab2a36570baceadd507e0ce873eef796266bcecf23b3853c7874,remediation/results/ftf1d-p2-full-20260919/P2_adult_k14_t1/none.json,b2dcd7ac816fb4b90e7312db0acb57a8646fbf46125908968c8a192347e5b7f6,8f4dec3e6ea8482b413e650de6d5899045348e311a5d1d5cedaf53f710d24757
P2,P2_adult_k14_t1,basic,1aa6bb2257cbab2a36570baceadd507e0ce873eef796266bcecf23b3853c7874,remediation/results/ftf1d-p2-full-20260919/P2_adult_k14_t1/basic.json,a45ba5d5c8fb028d091bac4e0e921e1d32b4a8df3083bec930515540a8c55979,8812a26967157dd62c9d31cae05b4a9245a7d4c7d946c75825963c58de49d290
P2,P2_adult_k14_t1,runnerup,1aa6bb2257cbab2a36570baceadd507e0ce873eef796266bcecf23b3853c7874,remediation/results/ftf1d-p2-full-20260919/P2_adult_k14_t1/runnerup.json,c35ad88868a8a1ae3da97b30bf1a3f4cd6a1d1cf15fa0ee8862f81e2b66c9a33,69a078780ab1983ec77619dff46499d499fdadd9adadaa6ef0f78b91ea1ca5d2
P2,P2_adult_k14_t2,fresh,525ae37804e6c531495c287661cb574718c681e1c0237269faa79e0532d0070f,remediation/results/ftf1d-p2-full-20260919/P2_adult_k14_t2/fresh.json,82ad90af6c1475f370dd2922ad5246098547824bbe8fcbf8fdb08328cfec9444,80dc16d2f0b221b238d652eeb4d6ed9ecd8ba388c700029a2ef6d552b7695abf
P2,P2_adult_k14_t2,none,525ae37804e6c531495c287661cb574718c681e1c0237269faa79e0532d0070f,remediation/results/ftf1d-p2-full-20260919/P2_adult_k14_t2/none.json,9c1351f483698e1fc54531fdc4f8abb40e29a50162ed64fef115c51368437b95,c160aa495160b7c6de93590dcf34471a03a1ddeabb0973ac0eb2ee50bada1c10
P2,P2_adult_k14_t2,basic,525ae37804e6c531495c287661cb574718c681e1c0237269faa79e0532d0070f,remediation/results/ftf1d-p2-full-20260919/P2_adult_k14_t2/basic.json,f349a0815baa0e4711d5c3a906d4306f1dc2638bb8c6357b0e1d06d2855398ee,9790f835f71de6cfb2be6d49105c4357bc67965950857f9655be1b34cf67589c
P2,P2_adult_k14_t2,runnerup,525ae37804e6c531495c287661cb574718c681e1c0237269faa79e0532d0070f,remediation/results/ftf1d-p2-full-20260919/P2_adult_k14_t2/runnerup.json,d345f0f9a9a1a55c1257da0d7de79a601fc833cd4009d6e26f75192dc0d2efb6,02aa9521b5464df6abafc7eee66013918f05bf0d5bc533e3fccb896cb872f776
P2,P2_adult_k14_t3,fresh,d1203245f3d6fe6c08b0e415148a7ced6d6e0ee4158dce0850a152025641b240,remediation/results/ftf1d-p2-full-20260919/P2_adult_k14_t3/fresh.json,2316364518845a309544a149c26da28ede945ed1d3c506551b9747948cfc934f,d3ad456daf59cb42835f60967157ffc103b3e993d890646e6c890bbf79f33a34
P2,P2_adult_k14_t3,none,d1203245f3d6fe6c08b0e415148a7ced6d6e0ee4158dce0850a152025641b240,remediation/results/ftf1d-p2-full-20260919/P2_adult_k14_t3/none.json,bd39620b2e254725b02aafe1b568007c34bf4d80a6e76adb0d0a1cfdb1a18d13,362bf8261fc0fe082d09c4bb5536c3bf71abfd8ec2369c33eed75f1f3c0ea42d
P2,P2_adult_k14_t3,basic,d1203245f3d6fe6c08b0e415148a7ced6d6e0ee4158dce0850a152025641b240,remediation/results/ftf1d-p2-full-20260919/P2_adult_k14_t3/basic.json,bcf480af4f3c1c37a691b9aa6aab3761a881f2414278db56fa439c5ee77060a8,0995d08518b183e98a4488cf4b8e3789a101a6cd4e0fa06b81887f267c4c39f3
P2,P2_adult_k14_t3,runnerup,d1203245f3d6fe6c08b0e415148a7ced6d6e0ee4158dce0850a152025641b240,remediation/results/ftf1d-p2-full-20260919/P2_adult_k14_t3/runnerup.json,19153b218c89100e93018251221b93d8caaa9745aa0c01dfc41dd4087770b6e4,d1c0e188abd3d04149b0443cf77714c703403cb75daf7d9750bc28286d6dbfce
P2,P2_adult_k14_t4,fresh,ecfc3f75a718842e04844024c98f60797ca24531b881efd387578ebd4e8a170b,remediation/results/ftf1d-p2-full-20260919/P2_adult_k14_t4/fresh.json,b3211d22dce0bfd7aa8deb3b68dbf3a18ec1612123fffeec6d5d98ed4bc814a6,3ceb45bfdbca20ab020602fecbab8ee3bec430c2c30b6a6a80ac7433cca8b5a1
P2,P2_adult_k14_t4,none,ecfc3f75a718842e04844024c98f60797ca24531b881efd387578ebd4e8a170b,remediation/results/ftf1d-p2-full-20260919/P2_adult_k14_t4/none.json,b9bd9873f7927e301404d8807402c538bb5a5db746a9c25a7b4f8ca5a626793d,61151fb52d13f8694c61ed9d02fbc689086dc6ccbbdd7d548886c90cea640f42
P2,P2_adult_k14_t4,basic,ecfc3f75a718842e04844024c98f60797ca24531b881efd387578ebd4e8a170b,remediation/results/ftf1d-p2-full-20260919/P2_adult_k14_t4/basic.json,04d0aa2e44cf049091d1eecce4ccb29cfb1832b623f36b7256250ae42e3daf62,8cf2fc94085aa5e22ab03af11193dc671d9ce1ba832fa4354495ef47c710c68e
P2,P2_adult_k14_t4,runnerup,ecfc3f75a718842e04844024c98f60797ca24531b881efd387578ebd4e8a170b,remediation/results/ftf1d-p2-full-20260919/P2_adult_k14_t4/runnerup.json,4afc7005c4b66653e650641ef49867d62949a25fdb72f375d46530aa0d2ae4a4,5bfc2de0941454d5c6ca0bac12ebf9b4681a60bf472884c3cc6c82d7431e6317
P2,P2_adult_k15_t0,fresh,21f304a9e9c59f5d049cc78465b091cca507dcb1ae22c0df3ba255bba21822a3,remediation/results/ftf1d-p2-full-20260919/P2_adult_k15_t0/fresh.json,6b1c95517bbab5551ed0a432d6128389c33ce273fe53360438ff72707b96d7aa,a6f7dd0e6fa901cf7ac5379891ac5b349726b38d52845afaa6a4f8c2315897a5
P2,P2_adult_k15_t0,none,21f304a9e9c59f5d049cc78465b091cca507dcb1ae22c0df3ba255bba21822a3,remediation/results/ftf1d-p2-full-20260919/P2_adult_k15_t0/none.json,f7db54088eef6893afedcaedc8de538e8f10d4c99f80446fe25eed5bfedc8be2,b55fb6a49cd4fae7a2fa52a72eaf6a791cae97c535237861bddbd1998a8ecf01
P2,P2_adult_k15_t0,basic,21f304a9e9c59f5d049cc78465b091cca507dcb1ae22c0df3ba255bba21822a3,remediation/results/ftf1d-p2-full-20260919/P2_adult_k15_t0/basic.json,1c4997d0e9d419381ed82c20ec3453a5de5d2e5df32d93b61c22484c2678522a,06e3ad5b7dcacf28d0fa3066fe21e6c1c184363420a6bc159cdadd65c522a682
P2,P2_adult_k15_t0,runnerup,21f304a9e9c59f5d049cc78465b091cca507dcb1ae22c0df3ba255bba21822a3,remediation/results/ftf1d-p2-full-20260919/P2_adult_k15_t0/runnerup.json,3ac6a50f768d9f91000b6d0c50fd5f1689a35f07ea81c66ff2bb11e06c02e23a,d9703f809af0eee2abb3087a1d46671c4daa78c6f4392c3dc8b3a915f3b9f617
P2,P2_adult_k15_t1,fresh,73ee229cf54480d42c66a81f97aed1a55c2187ce5d48d22f1d5b910404166fa3,remediation/results/ftf1d-p2-full-20260919/P2_adult_k15_t1/fresh.json,f9e1b80a7ab922c486770ce702f87905458e9f476425b22a81e3282845958df2,4853bd01dcd56ab126ded92bf71d1a00bf397d7159e7f21cb9d14ced464a7d04
P2,P2_adult_k15_t1,none,73ee229cf54480d42c66a81f97aed1a55c2187ce5d48d22f1d5b910404166fa3,remediation/results/ftf1d-p2-full-20260919/P2_adult_k15_t1/none.json,3456fed1b15af3c2dc34f9e6b61c8d62b0048cc4241de97e569ceb77f9fd5d8d,fb39a607cec7105953e8befda6a2cbfbe7fbcfbd46f0605025e824762ddc0dff
P2,P2_adult_k15_t1,basic,73ee229cf54480d42c66a81f97aed1a55c2187ce5d48d22f1d5b910404166fa3,remediation/results/ftf1d-p2-full-20260919/P2_adult_k15_t1/basic.json,32a31c5be92b0fa421d6824ddf6727eecf18082328ec102ce95e75e58a6cd5ab,49e122d2d486b13fb36405791d77acf0ec44b0f9169d5963ebacd32ee9816faf
P2,P2_adult_k15_t1,runnerup,73ee229cf54480d42c66a81f97aed1a55c2187ce5d48d22f1d5b910404166fa3,remediation/results/ftf1d-p2-full-20260919/P2_adult_k15_t1/runnerup.json,28caffb147111c2f47b068889db12fe0b4afa0fe538033d4377f18e28ee83d9b,93d7265555df4d8f8036e7ac13d463bb17f7733793ee5471c28e0ba13f57a570
P2,P2_adult_k15_t2,fresh,5c6461593839cb9b1070fe71d2a2fecd46ebfd0aca99c9b3dd6a75ad1863e207,remediation/results/ftf1d-p2-full-20260919/P2_adult_k15_t2/fresh.json,0178b7960a0b4c2eca1440967550aa8eba6b300230427c120c3fd7fe08ccdb5a,e3fb3e635e39031d2eb7845cb78ca908b497a04db255b8cf9fa477f2b02aa647
P2,P2_adult_k15_t2,none,5c6461593839cb9b1070fe71d2a2fecd46ebfd0aca99c9b3dd6a75ad1863e207,remediation/results/ftf1d-p2-full-20260919/P2_adult_k15_t2/none.json,68b98fdb941ccd8c4b27aa3a5fa3f1042f4b952277675140a2762a08a825f21d,a445195734353a099808f4e35ca7752a7284dcac49b56159800981201d449cdb
P2,P2_adult_k15_t2,basic,5c6461593839cb9b1070fe71d2a2fecd46ebfd0aca99c9b3dd6a75ad1863e207,remediation/results/ftf1d-p2-full-20260919/P2_adult_k15_t2/basic.json,6782d31f49f4a8cc6005baf119829c36ed8f00bd7a081835e59c478fb6f2a30c,ba5f86c98f2c4c7db32ce292b4a4b3fd66b8ee40ef74410a0076bf8bb5c45948
P2,P2_adult_k15_t2,runnerup,5c6461593839cb9b1070fe71d2a2fecd46ebfd0aca99c9b3dd6a75ad1863e207,remediation/results/ftf1d-p2-full-20260919/P2_adult_k15_t2/runnerup.json,18ce115e5a7a9330660949ebb61f78cfc3423fc84a15e43c3699c419de85dc50,cda56c4e116f8d7e1a4cd8425cbcec2830b6e18ae87c1776055d98ac19778287
P2,P2_adult_k15_t3,fresh,6fd03b55a6e7fddf84159b61560ba0ef50563f806665b6d8223b2539f4676476,remediation/results/ftf1d-p2-full-20260919/P2_adult_k15_t3/fresh.json,204db4c4a167d53d8b59486140cc94962667300879a62172c4b0acd36f888944,c6b2a1fee71f0f88a318b67cf800350f70e58b68b5e600d32f1e350f938b7b6c
P2,P2_adult_k15_t3,none,6fd03b55a6e7fddf84159b61560ba0ef50563f806665b6d8223b2539f4676476,remediation/results/ftf1d-p2-full-20260919/P2_adult_k15_t3/none.json,24e27288314c35220fe349e45963634b2ae8e29ac6fda946f6d2be2f91e2201d,4b343b40592b28098b0a2ddde797801a8c5267fe08023a45e9efa9bd6fea71bb
P2,P2_adult_k15_t3,basic,6fd03b55a6e7fddf84159b61560ba0ef50563f806665b6d8223b2539f4676476,remediation/results/ftf1d-p2-full-20260919/P2_adult_k15_t3/basic.json,99e3663ed7e7f21d44d9f1f2ee6787cd3857e6b372eaeed1969d548778abed1a,0ad821bdc0fa8f37be821e62c0a922c97ed068ea070a4a42fe0d4125957839df
P2,P2_adult_k15_t3,runnerup,6fd03b55a6e7fddf84159b61560ba0ef50563f806665b6d8223b2539f4676476,remediation/results/ftf1d-p2-full-20260919/P2_adult_k15_t3/runnerup.json,c0b54ccf03fce56b7d8350c37a7f9bd605bb51dd3f1a3bb5e040b86abdd01dc0,03d50f64e12886f582808ea4f090d6600a76876da46a6a3fcf9d4dff5d2ab646
P2,P2_adult_k15_t4,fresh,b38c822f2b8a7d7e94b3d8000aeee7b5aca4440994a16c5bfc61bc85b0b08ad4,remediation/results/ftf1d-p2-full-20260919/P2_adult_k15_t4/fresh.json,9dfe8d62c64145318e20ce78afbe1372e875d2c83e95df79a29d1f2e773f9de6,56c539fb4231c299f97165ae6c7ad17139d172b24830f395c030a1fedd20e9d0
P2,P2_adult_k15_t4,none,b38c822f2b8a7d7e94b3d8000aeee7b5aca4440994a16c5bfc61bc85b0b08ad4,remediation/results/ftf1d-p2-full-20260919/P2_adult_k15_t4/none.json,50f38567414d5406fd580e8f2d8d6d0fa96385e790f7c3c2f5d8107f2bce5bde,e2e70bbed64ec11f4de932647ee4ae3b37716c7e955cf4b2c97a97e1dbf13eea
P2,P2_adult_k15_t4,basic,b38c822f2b8a7d7e94b3d8000aeee7b5aca4440994a16c5bfc61bc85b0b08ad4,remediation/results/ftf1d-p2-full-20260919/P2_adult_k15_t4/basic.json,e2e43d22a2077bdbca52a008e55fab6082c52f5d865e9470716d0f1d95d9f270,c1b3f35a82dadf39ceced1d83f3f84e2a14e5dc810ee14665fb8ca2e82f8301d
P2,P2_adult_k15_t4,runnerup,b38c822f2b8a7d7e94b3d8000aeee7b5aca4440994a16c5bfc61bc85b0b08ad4,remediation/results/ftf1d-p2-full-20260919/P2_adult_k15_t4/runnerup.json,d14fbec6ac3cca11f9caca1563801c59cfb81837f90c7308cc9c918ce8c8ea90,902cdade54f59d3639edff24e0d74499659815e6f405c75c4d8c47747766005d
P2,P2_adult_k16_t0,fresh,cfc8c2808283ac2b8ccf682fcf6209e3e8dc1eab6c7fcffe2528c6d0f6bbf874,remediation/results/ftf1d-p2-full-20260919/P2_adult_k16_t0/fresh.json,b36e7947aca83b2fb8e7af344bfdf36d067e320330937bfdd60871cec4182b4e,7e77c3e94330378b96cac32b19177cb8eb0c19ba3a7788f5221ff1682449a226
P2,P2_adult_k16_t0,none,cfc8c2808283ac2b8ccf682fcf6209e3e8dc1eab6c7fcffe2528c6d0f6bbf874,remediation/results/ftf1d-p2-full-20260919/P2_adult_k16_t0/none.json,685e1fc3ffc57c8e1df69dd6feb66866e7800cee0c22d63a2528f4705d642392,c610dab11d2c3371df13900c4fc6b457b5a75f3be22985c66fb84983b5f9ace5
P2,P2_adult_k16_t0,basic,cfc8c2808283ac2b8ccf682fcf6209e3e8dc1eab6c7fcffe2528c6d0f6bbf874,remediation/results/ftf1d-p2-full-20260919/P2_adult_k16_t0/basic.json,108277e2f12a6b033aae307a9af15de2a7e77b7fa7b4a07a3fad9df69680a4b5,3231e65367dac95c03c63b96ab907b94eaa69294d509071c163c1fc95170bfbe
P2,P2_adult_k16_t0,runnerup,cfc8c2808283ac2b8ccf682fcf6209e3e8dc1eab6c7fcffe2528c6d0f6bbf874,remediation/results/ftf1d-p2-full-20260919/P2_adult_k16_t0/runnerup.json,92ee4cad26450b7dc2f5c9eb50b62e609a313fb75cd0c4ca47e4486a6257ddb6,409e18b972c4746dcb594a81f1ddb62ce8f57d2f52ffacbfa946f151bc152657
P2,P2_adult_k16_t1,fresh,44f097a4327e200e76f60f9891a2a0dab78ef55897444dcbdbbf8cf3edadcc46,remediation/results/ftf1d-p2-full-20260919/P2_adult_k16_t1/fresh.json,8e7ed5e5f5553ca454456dcc27210a42be9ad35a1f811705647f53b66fd24de8,60e75f28a8179b2230728bbc472dede3494d596db9ab5eff301f6649e7913748
P2,P2_adult_k16_t1,none,44f097a4327e200e76f60f9891a2a0dab78ef55897444dcbdbbf8cf3edadcc46,remediation/results/ftf1d-p2-full-20260919/P2_adult_k16_t1/none.json,095c41d6fc0689e64fe2807cf0c203af81a123d4a0e211b0728677a83985fa88,20aab8da14f33d4691264b2a21c4483038e35c5df73805aa55e3704bdbaac9ec
P2,P2_adult_k16_t1,basic,44f097a4327e200e76f60f9891a2a0dab78ef55897444dcbdbbf8cf3edadcc46,remediation/results/ftf1d-p2-full-20260919/P2_adult_k16_t1/basic.json,4c94f70da6f8eb3889b508a5a5429d490406bf1fd45ea1636a9362570c0a996c,270c7a21efad278009f6923750a51591d17630de8b2547fafcf573f2e579ecd4
P2,P2_adult_k16_t1,runnerup,44f097a4327e200e76f60f9891a2a0dab78ef55897444dcbdbbf8cf3edadcc46,remediation/results/ftf1d-p2-full-20260919/P2_adult_k16_t1/runnerup.json,625626e34d98a5d08b9172289cf040c875fec3372e8bafebf963c86321d8011a,62fc52cd9066139177d769a61b315e410786c05e2942e12b51339e8541b74ebb
P2,P2_adult_k16_t2,fresh,4e14b3e7496b8d2acbb0a9313caf0b8aec249072a9c5af4885016998bad72e1b,remediation/results/ftf1d-p2-full-20260919/P2_adult_k16_t2/fresh.json,a8962f2cc6760b1c82441a9c287b80d0fcd2b7aabe658748f6b416407a1a9ed4,5dbdc73c04e4daf11341229bd6a25bd884924527feabb403e62612aadae521f8
P2,P2_adult_k16_t2,none,4e14b3e7496b8d2acbb0a9313caf0b8aec249072a9c5af4885016998bad72e1b,remediation/results/ftf1d-p2-full-20260919/P2_adult_k16_t2/none.json,50c383e188456020055bc6bd1a0d96ddc9b966cb92f137debb9f8104beaff62e,fbbbc99b806bd49b63a55169835a2f03925389b13eb81ea91305a98324db1e45
P2,P2_adult_k16_t2,basic,4e14b3e7496b8d2acbb0a9313caf0b8aec249072a9c5af4885016998bad72e1b,remediation/results/ftf1d-p2-full-20260919/P2_adult_k16_t2/basic.json,ffed2743294681dfd809c32881650d00c1436329ed04d726b05d41d0d4491cf4,84d29c6545eaa77f09e9a5e7e0d4bc0c8c899dab73e40b33359811b3eea9b40e
P2,P2_adult_k16_t2,runnerup,4e14b3e7496b8d2acbb0a9313caf0b8aec249072a9c5af4885016998bad72e1b,remediation/results/ftf1d-p2-full-20260919/P2_adult_k16_t2/runnerup.json,9412dd2c000a96714a696daf46dd27c712a98b1be94986229471ef94e63e81e8,3480d192aaf65199bcb73818b041617b276197010a049c86db460dd3a6fd194d
P2,P2_adult_k16_t3,fresh,d009773758c854342d62a0e11bf848a15997b0fafc6b2167abae09ee0e042faf,remediation/results/ftf1d-p2-full-20260919/P2_adult_k16_t3/fresh.json,93ca69e1d68c8199c0eba159417c2072bf2d9aa5370267c077ae5f34f59f3f61,5c86558f68a6a2a338bf3176963053a232869db85dd50c8f12df0cc4ee7d68ff
P2,P2_adult_k16_t3,none,d009773758c854342d62a0e11bf848a15997b0fafc6b2167abae09ee0e042faf,remediation/results/ftf1d-p2-full-20260919/P2_adult_k16_t3/none.json,53e762906647f63cd2e810d4b16cd845e49d534fdf1c4e13b45dc15be3a0a163,4b6b7f4f6afc6a9ad6282bccb64f8706154aaa4c147457361b4af69b3c5de992
P2,P2_adult_k16_t3,basic,d009773758c854342d62a0e11bf848a15997b0fafc6b2167abae09ee0e042faf,remediation/results/ftf1d-p2-full-20260919/P2_adult_k16_t3/basic.json,81d6e061da2be0222e826fb4fcbdf1df4c02828b693ee478f738dafa5f9e900d,ed8081d4fad0787e50546c5e4160c0176137d40befbafc9fb754e7c77ad7ee59
P2,P2_adult_k16_t3,runnerup,d009773758c854342d62a0e11bf848a15997b0fafc6b2167abae09ee0e042faf,remediation/results/ftf1d-p2-full-20260919/P2_adult_k16_t3/runnerup.json,7b8a7301420916a8db51c086d603391be236d7caeabc49b4d3b4666cd60764f3,cab7a0b9a8f4dda9999feb99ed8f2bfd04e18f685b99e527f7cd51bd07fee70c
P2,P2_adult_k16_t4,fresh,de162a743ece7ccb86b40f2a703f7adfa71eaf99b9c0e5c53ed50b18840cb25d,remediation/results/ftf1d-p2-full-20260919/P2_adult_k16_t4/fresh.json,cefd97895a6297b8e224a55a464e5c773f95918c855a801e8904a3c2f7db6968,9770dcee01bf6a4ed17cbbfbc9072a6ae7ffa3211299f8a089d9e9b8e2ce9f87
P2,P2_adult_k16_t4,none,de162a743ece7ccb86b40f2a703f7adfa71eaf99b9c0e5c53ed50b18840cb25d,remediation/results/ftf1d-p2-full-20260919/P2_adult_k16_t4/none.json,f78486503d7da4450a045230a7eb3aa052d66361a6562feb44c2209f8be1f569,b4becd64492669d682f3465a32ee0f3eb3e14b5faafb893673f9be4fefff18da
P2,P2_adult_k16_t4,basic,de162a743ece7ccb86b40f2a703f7adfa71eaf99b9c0e5c53ed50b18840cb25d,remediation/results/ftf1d-p2-full-20260919/P2_adult_k16_t4/basic.json,cfee59dd59dd24b3ef956cbf3b952349431533579b1a052fd343b827fcdb9622,ccc24108e6275609f48f9e73b9b57a151e43dd055f620edadc687e0fcbe3dd16
P2,P2_adult_k16_t4,runnerup,de162a743ece7ccb86b40f2a703f7adfa71eaf99b9c0e5c53ed50b18840cb25d,remediation/results/ftf1d-p2-full-20260919/P2_adult_k16_t4/runnerup.json,5fdaffdeb3d992a0aea9177537aa09bd978b827a74e0cb01a15329b1b158dbf7,09d168be6894bec95439e49c8e36e01612530551b0fb0bd01c941a622f42c795
P2,P2_bank_k2_t0,fresh,9906b5be97ffdae51c7923cf025df422d981b517715b69fa6eb362ca2248cf57,remediation/results/ftf1d-p2-full-20260919/P2_bank_k2_t0/fresh.json,e6c7ec74f51cae884066bd80e21fd26436d1d2b732f491e7ba4bd83c1ad1b217,108cff66c288a4b1970dcdb5e002323fd6d3bb4038eaf50639b8e797a2f606c7
P2,P2_bank_k2_t0,none,9906b5be97ffdae51c7923cf025df422d981b517715b69fa6eb362ca2248cf57,remediation/results/ftf1d-p2-full-20260919/P2_bank_k2_t0/none.json,e8ad0635c94a738bcce4e0b702dc8ef58b63c5a7feb18966eccbddf3dfd4abac,3b886b43e2c8b0c8b92e1def0cc5cb56420802dac9af078c3c827777a87c0b84
P2,P2_bank_k2_t0,basic,9906b5be97ffdae51c7923cf025df422d981b517715b69fa6eb362ca2248cf57,remediation/results/ftf1d-p2-full-20260919/P2_bank_k2_t0/basic.json,5a3370439610d49f6ff35a84714861845e04b085950e1e77ed6651dc268e5f0a,8c1f70224400043f3a1ec2cf133996a6f517b179748fc728feb2725e101990bf
P2,P2_bank_k2_t0,runnerup,9906b5be97ffdae51c7923cf025df422d981b517715b69fa6eb362ca2248cf57,remediation/results/ftf1d-p2-full-20260919/P2_bank_k2_t0/runnerup.json,499c3436c3ccfb546bab26cf9e39feb0454bf8a81761ad6f245982449fe22ca4,e88d3304fac77695bfd3aecebe8067e28840fd666c74251965b03072871c8519
P2,P2_bank_k2_t1,fresh,13deb191eaaa5af0d3ae83f495c5ce6f376edbed261337517a08580eb84233c3,remediation/results/ftf1d-p2-full-20260919/P2_bank_k2_t1/fresh.json,be77a3c4b03c445a623e9ec3b7a27bbe2df4666122e484efa057eb102c3bc697,7fc80c9f638ca990f05cbdcf93dd19e6127b84cd254d256dc063139593badbe6
P2,P2_bank_k2_t1,none,13deb191eaaa5af0d3ae83f495c5ce6f376edbed261337517a08580eb84233c3,remediation/results/ftf1d-p2-full-20260919/P2_bank_k2_t1/none.json,045f4845fc3973cc8eb76d53045bdbc14d424cc4000dbe78b23452e86808df1b,6197181e1b4c87e2bd45def4a3fd82c09788dddfa94b096d8b89b316c6ee0c6e
P2,P2_bank_k2_t1,basic,13deb191eaaa5af0d3ae83f495c5ce6f376edbed261337517a08580eb84233c3,remediation/results/ftf1d-p2-full-20260919/P2_bank_k2_t1/basic.json,8434828f8922cbe876aee26c92dae383c2c6c862aaa21b2f520ac42fd65d7ec1,acc20c8638f0a168fd4b47d7f895083b321cc59a9466fe7902b36ef30fe91acf
P2,P2_bank_k2_t1,runnerup,13deb191eaaa5af0d3ae83f495c5ce6f376edbed261337517a08580eb84233c3,remediation/results/ftf1d-p2-full-20260919/P2_bank_k2_t1/runnerup.json,2459ee32028b7fbdebdee728771ccc47275f9a1b669053bfdd7d904ae797879d,026f62abd6c1d399ab8b7b6edb2a5f3d630b72c15600f5d17ec2a44b70a4df59
P2,P2_bank_k2_t2,fresh,7fc8836a0d002cefc0c550f9bf729cbcef4d2d7b4583360c4542ef818cd5e07e,remediation/results/ftf1d-p2-full-20260919/P2_bank_k2_t2/fresh.json,682c9e08cafd14269277b1a00fedbc9244e2bc23b85f1ae7565902984f1c0156,d954b4d493beb85a06334231cde2212796bee4b7af67e38d6790bdddc6a13f25
P2,P2_bank_k2_t2,none,7fc8836a0d002cefc0c550f9bf729cbcef4d2d7b4583360c4542ef818cd5e07e,remediation/results/ftf1d-p2-full-20260919/P2_bank_k2_t2/none.json,a91e2313d76ecab951819f2ab0088754aa8efe41c6c600e1c6c00b3b36a7e875,f3687c5c452111c7e8f62520657c579a5f7cc6f8735ec2410621d917f64c07f4
P2,P2_bank_k2_t2,basic,7fc8836a0d002cefc0c550f9bf729cbcef4d2d7b4583360c4542ef818cd5e07e,remediation/results/ftf1d-p2-full-20260919/P2_bank_k2_t2/basic.json,49b78e719b4b722f1dc71af3586b1dd126d03aa01065e131a3db443e57db9647,c75a5aeb890d96b6e885e9292d57965ded9e2c751566aa6ad58a8afd3e624a97
P2,P2_bank_k2_t2,runnerup,7fc8836a0d002cefc0c550f9bf729cbcef4d2d7b4583360c4542ef818cd5e07e,remediation/results/ftf1d-p2-full-20260919/P2_bank_k2_t2/runnerup.json,4175c980213e72d7ba03330c0fd822a27b14d1157493a48bf7c29c54acd5335e,9a6eda76c6a173f3ab40011d904aa7a1cf4270d82e41f61678bdbb67a4f10d57
P2,P2_bank_k2_t3,fresh,e39f88e7f0156a40eb73e3137b114634eab0e04058bba49d3e95e49bc0204960,remediation/results/ftf1d-p2-full-20260919/P2_bank_k2_t3/fresh.json,839203350d98ebb38a8020ad86275555801e41fdbaa81db232f947594faa316d,6c10862f3bbaff82154f3e1d318ac5f6318bfea0eeb085a73d9a2beebfade47b
P2,P2_bank_k2_t3,none,e39f88e7f0156a40eb73e3137b114634eab0e04058bba49d3e95e49bc0204960,remediation/results/ftf1d-p2-full-20260919/P2_bank_k2_t3/none.json,58dc349ffb9c6648edeb9c35f4ab1f6174a0977fefd56883b22294d131691388,01fbf110049dca48fa5b62306afe62c37658e7e1b7019db22817a59e6a3ec630
P2,P2_bank_k2_t3,basic,e39f88e7f0156a40eb73e3137b114634eab0e04058bba49d3e95e49bc0204960,remediation/results/ftf1d-p2-full-20260919/P2_bank_k2_t3/basic.json,a836e0605712ffc4d7cd0e2a29e889dffa46089fb5a78d649f1543cb53897250,e70168e57a342ef2ae40e0e674cf7080e45ca1896fde963143b9f4efd9c4d490
P2,P2_bank_k2_t3,runnerup,e39f88e7f0156a40eb73e3137b114634eab0e04058bba49d3e95e49bc0204960,remediation/results/ftf1d-p2-full-20260919/P2_bank_k2_t3/runnerup.json,b0d23931836e1a8cd5ebf1aeb98e6dfd87b2552c7fc2d474734140099a7c54d9,c62a84326eb28b49b12a78e0320677690240e92f0a169ae0532191206c03d881
P2,P2_bank_k2_t4,fresh,8d4ba23048d2be709bee234f088dfb82f57e279c11f29885b9319b8dfdc3865d,remediation/results/ftf1d-p2-full-20260919/P2_bank_k2_t4/fresh.json,c131cc3f514b40630dafceefcc29321b78de7110838550be8b6c23bb1ea068a0,d8f605f0fa8924d88ffe05b560ef1996613ce9cb37e968d867cc7881ea69bdb9
P2,P2_bank_k2_t4,none,8d4ba23048d2be709bee234f088dfb82f57e279c11f29885b9319b8dfdc3865d,remediation/results/ftf1d-p2-full-20260919/P2_bank_k2_t4/none.json,36ff5c4be87b7f68abbc7fa6a25b497cc1fbab712f91c36a1ffa186049c0c6c3,1af9aba85b1da6957737d61bef173bcd1be680579d82c2fbb413ba80d727fe33
P2,P2_bank_k2_t4,basic,8d4ba23048d2be709bee234f088dfb82f57e279c11f29885b9319b8dfdc3865d,remediation/results/ftf1d-p2-full-20260919/P2_bank_k2_t4/basic.json,dd5211a96738fd071845a07e26f77c89616aa3d53ed23ed0248dc9705d5b1b14,72ccfe16a0288ed6e45da6a46b2f19df30e5a8f2175ea96f3efafeae8f8454a1
P2,P2_bank_k2_t4,runnerup,8d4ba23048d2be709bee234f088dfb82f57e279c11f29885b9319b8dfdc3865d,remediation/results/ftf1d-p2-full-20260919/P2_bank_k2_t4/runnerup.json,c367b62ac8238cd552d94ea9acbc3fd5c3057ede8c867beb2b208cfdf14f2c22,f3ac81c0fac0de8bf91f8bd915b491c17032873febceba6d348060e9123040da
P2,P2_bank_k3_t0,fresh,10ac3a78103008ea4c76032b0f980dd223c5ac33ac08e86b430972010750505d,remediation/results/ftf1d-p2-full-20260919/P2_bank_k3_t0/fresh.json,931aa37b02fca1252b09e7333436bae9ad4065de0f85468ee01105726bacedd5,669ede44d78b4761868d48b341068d91c467bc1935e7ab8bca2fff0077a3cf22
P2,P2_bank_k3_t0,none,10ac3a78103008ea4c76032b0f980dd223c5ac33ac08e86b430972010750505d,remediation/results/ftf1d-p2-full-20260919/P2_bank_k3_t0/none.json,ed3ce29ddb956d39b56ca6bb2931f49ee16737741bc1fcf0e20372a0f325504d,69c2e97d43c59e0de40b98b2b5415922c9c4e8b93a785651c16010520d070a9b
P2,P2_bank_k3_t0,basic,10ac3a78103008ea4c76032b0f980dd223c5ac33ac08e86b430972010750505d,remediation/results/ftf1d-p2-full-20260919/P2_bank_k3_t0/basic.json,3729f0de77d6574587ff5b5a1068fa91b6be5712967dd678addbd0cac899f558,c1a234f4a2546b9b5b60f007e5839faeaf844ec36b156cabb7853ec862db5c6d
P2,P2_bank_k3_t0,runnerup,10ac3a78103008ea4c76032b0f980dd223c5ac33ac08e86b430972010750505d,remediation/results/ftf1d-p2-full-20260919/P2_bank_k3_t0/runnerup.json,4dce2732265df31479e1168d033dd32d19446f09a18bd59e98cbefb1ec4d29db,c4172d9017080bce088517d521d15dbfb058766bd50f53a708217011da057425
P2,P2_bank_k3_t1,fresh,06429d744f6946404d69f3be503b9ae7ace9f794d23996a20f029c1b0f498e72,remediation/results/ftf1d-p2-full-20260919/P2_bank_k3_t1/fresh.json,dde288c72befc9838fc918bfb75141b3d0d23870e91b9f048df179c7ddeaddc6,87e9b2455297a984ff5cd47aa65bd18fd91182de7f979470421d657952217e88
P2,P2_bank_k3_t1,none,06429d744f6946404d69f3be503b9ae7ace9f794d23996a20f029c1b0f498e72,remediation/results/ftf1d-p2-full-20260919/P2_bank_k3_t1/none.json,6cf9344c753b37f92efbfe2fc9aa3e4722110aea09b7d512a36c7039779ce62d,b77ecb89cd84a77d2b6eab5fdc42f1fb10e694b7445fcea3761add084ef226af
P2,P2_bank_k3_t1,basic,06429d744f6946404d69f3be503b9ae7ace9f794d23996a20f029c1b0f498e72,remediation/results/ftf1d-p2-full-20260919/P2_bank_k3_t1/basic.json,c1a0f351c2676302535a0e8e101c9a37b60b929e1eee7cc4bd5bd71cc8046a0a,42e3ea7b799cc30329377155432ee27c8c8bf85c38f6e4e09d8a6533935452ed
P2,P2_bank_k3_t1,runnerup,06429d744f6946404d69f3be503b9ae7ace9f794d23996a20f029c1b0f498e72,remediation/results/ftf1d-p2-full-20260919/P2_bank_k3_t1/runnerup.json,f075b2ffbaa7177f85588c06cdfac6a5c1786f20b51911cc5a86421f9f52c2da,7a4ad152aabe170456bcfb43d6499e48643408e377afbd9567614966133d0645
P2,P2_bank_k3_t2,fresh,208ccc7994e7ae484006ddbf525fc922884fefb3a5711c1e7da919e69cbdc95a,remediation/results/ftf1d-p2-full-20260919/P2_bank_k3_t2/fresh.json,6c0179856d6ef2a554dafb77ef08b0f41347d5d16ff243ef301f11fbf57f96f3,f8ffd6f1f8554476ee6b5c02e9e0e69986720f0530725b9e51c11b655d0d6f24
P2,P2_bank_k3_t2,none,208ccc7994e7ae484006ddbf525fc922884fefb3a5711c1e7da919e69cbdc95a,remediation/results/ftf1d-p2-full-20260919/P2_bank_k3_t2/none.json,ac09a59e13d08a516956cc39c476abd1b6d1bbfd947562503bb4149f05cf237f,272f2b0532033cb941a623642fb859ec6a9c7bfbc2a9b5b4fe30f73eb448b594
P2,P2_bank_k3_t2,basic,208ccc7994e7ae484006ddbf525fc922884fefb3a5711c1e7da919e69cbdc95a,remediation/results/ftf1d-p2-full-20260919/P2_bank_k3_t2/basic.json,244b6381aec3486d4e0f9f08dbc3a42c3f8d7b67824f897b1fbb5ad377cf71ae,06ae5914a6d3e4b437012cdf444fdbfab365195889d1d543611ac3837bd8a316
P2,P2_bank_k3_t2,runnerup,208ccc7994e7ae484006ddbf525fc922884fefb3a5711c1e7da919e69cbdc95a,remediation/results/ftf1d-p2-full-20260919/P2_bank_k3_t2/runnerup.json,3d8422dc02097d43eb6247cbb393bcf454ed57cbca002a650a062a93c6944018,93ada7464b1ac5415689a827635adaa311238a32fa10ee047cc814c36f8e9e09
P2,P2_bank_k3_t3,fresh,8ffb5a2cba8603e0c94cc3aa3a5b41440c7d74fb8ff8923cd6666c5145870fce,remediation/results/ftf1d-p2-full-20260919/P2_bank_k3_t3/fresh.json,dde319547b7fb8e6162cf474f1362a28d5b8422e29ac4ef303f41130df72665f,4097831b93287ed62318f01ed8807b7687efe359df5687a60165ec3aa5546c98
P2,P2_bank_k3_t3,none,8ffb5a2cba8603e0c94cc3aa3a5b41440c7d74fb8ff8923cd6666c5145870fce,remediation/results/ftf1d-p2-full-20260919/P2_bank_k3_t3/none.json,aa4cc6603987144c19cf27a5b2039138540d32ed360e8d80a850f45ef1af8b2d,e7dc6886ad1f0a81d5575f27b24648dc12c25ab09b31d5c8726af0a72d30c71c
P2,P2_bank_k3_t3,basic,8ffb5a2cba8603e0c94cc3aa3a5b41440c7d74fb8ff8923cd6666c5145870fce,remediation/results/ftf1d-p2-full-20260919/P2_bank_k3_t3/basic.json,f4be4d031604c8de98ac7d47418d82b5ba8d839e7fef3acdb551c828910a8f7a,e0909f4a6745a1a61413f52597051dd790314aa7a926c80e4fef3c28f91f1545
P2,P2_bank_k3_t3,runnerup,8ffb5a2cba8603e0c94cc3aa3a5b41440c7d74fb8ff8923cd6666c5145870fce,remediation/results/ftf1d-p2-full-20260919/P2_bank_k3_t3/runnerup.json,948092ace595c38dd56296347c4cf36a6221de75b9333a56d8d0cc0bc6750f16,e8dd98b0603e0ae670b2591e86b8dcef91af6fcf816b2b2fc7210283e9328901
P2,P2_bank_k3_t4,fresh,101c5026694d4b5a9078f4116c2a0ddc2053317e84fd8813da06bdc5d580ebec,remediation/results/ftf1d-p2-full-20260919/P2_bank_k3_t4/fresh.json,b7c7d2e70af6e9df1f44528f1dedc713b1e7b69baa8e7c74a1d994769acd22f7,1cc16c561b2e889a33467e9fb3c253fc0b45be340338a1b95e82b84057f28804
P2,P2_bank_k3_t4,none,101c5026694d4b5a9078f4116c2a0ddc2053317e84fd8813da06bdc5d580ebec,remediation/results/ftf1d-p2-full-20260919/P2_bank_k3_t4/none.json,1f495ce97397a9f09cfc68f341d2feb0153180dde15859fbbd00bc573d6f6c81,ecb15c6fdaaa3169dbf80ed2c6c4b1694ff91668a90f464fcc9ba3524e9d05f4
P2,P2_bank_k3_t4,basic,101c5026694d4b5a9078f4116c2a0ddc2053317e84fd8813da06bdc5d580ebec,remediation/results/ftf1d-p2-full-20260919/P2_bank_k3_t4/basic.json,e88a74e2fcc04ccb4ad12e36fb097a341be544bdb6f5e5392c69945a2929429d,9e24f6622578be5defef60ce97163bfbb3fd88cd69a2872321e1d2ee554fe604
P2,P2_bank_k3_t4,runnerup,101c5026694d4b5a9078f4116c2a0ddc2053317e84fd8813da06bdc5d580ebec,remediation/results/ftf1d-p2-full-20260919/P2_bank_k3_t4/runnerup.json,84e895b8024b0046b0943cccd403ce80504565a336e7ba211475188cd9aa35ab,8a0404e6a2fdb6f9b8560f602e27f08a96311deaacf434c29b656d670fb0b62e
P2,P2_bank_k4_t0,fresh,ec249b8d7d1a7970eaea846532dd395ef0ac3fbdc1e12effab0263551ec42d35,remediation/results/ftf1d-p2-full-20260919/P2_bank_k4_t0/fresh.json,f68b950c3136b01e87fee68d8328fe9d820eab93928c7aaf617ab7b52a6a82bf,a22880f36dfd895eca0c812ba3dfbc5021417cdf45fd889db9f33d1d081514d6
P2,P2_bank_k4_t0,none,ec249b8d7d1a7970eaea846532dd395ef0ac3fbdc1e12effab0263551ec42d35,remediation/results/ftf1d-p2-full-20260919/P2_bank_k4_t0/none.json,0c34b6b7c2d1a6f6eeaadcb94c87957cd433f6b82d67887ec18d11fe527dab79,0bdcad518630686f73fcff489c2b9763051a1bdb34c9eb38e1783507fae5ffe9
P2,P2_bank_k4_t0,basic,ec249b8d7d1a7970eaea846532dd395ef0ac3fbdc1e12effab0263551ec42d35,remediation/results/ftf1d-p2-full-20260919/P2_bank_k4_t0/basic.json,16eb3a7cf61e755b654d1aa21702797e187d8092ff7b23ee06633b0a39bfcbf2,5ce250e9453f0699407829c94c6c6ee9d4035418b9d05860d64dd3c458766798
P2,P2_bank_k4_t0,runnerup,ec249b8d7d1a7970eaea846532dd395ef0ac3fbdc1e12effab0263551ec42d35,remediation/results/ftf1d-p2-full-20260919/P2_bank_k4_t0/runnerup.json,27fdce190e34c96c84d42545cb0d784c7c3ffc3f45df9bc6c1c5a461beb71617,718ee7e95df830f569b2655d6d35959bec36d1813365e2d2fce38b9ae6b193d6
P2,P2_bank_k4_t1,fresh,12777b0d80c3cf0a19df385290313ef72beb9ef8eff7f829b80d1b6b2a1e30e1,remediation/results/ftf1d-p2-full-20260919/P2_bank_k4_t1/fresh.json,5bfe5ecebffb60577ece000daf116ba8885b019625a0125260f95944d7ea4237,1c0e1bd1b51ef022ebf22ef6ed6da1421ab0946ff490efde934634680ea9314e
P2,P2_bank_k4_t1,none,12777b0d80c3cf0a19df385290313ef72beb9ef8eff7f829b80d1b6b2a1e30e1,remediation/results/ftf1d-p2-full-20260919/P2_bank_k4_t1/none.json,c116b6b1d3182095a2a8b2632ab3662a27828a89ddae3993549b78ce15c1e267,21b599225be4b5102296657461c204824a5f03a650fb00124e6d95bdd9b8c749
P2,P2_bank_k4_t1,basic,12777b0d80c3cf0a19df385290313ef72beb9ef8eff7f829b80d1b6b2a1e30e1,remediation/results/ftf1d-p2-full-20260919/P2_bank_k4_t1/basic.json,52747d4b0dd8c8998aa3eaa192e3aaba3fff6395b8c59e45bad921f0384bb6d1,af41ce20b37b9974e05128c0a5c367f1ba1b58c42eacf3ea2c4ec265dc99e7fe
P2,P2_bank_k4_t1,runnerup,12777b0d80c3cf0a19df385290313ef72beb9ef8eff7f829b80d1b6b2a1e30e1,remediation/results/ftf1d-p2-full-20260919/P2_bank_k4_t1/runnerup.json,feef55b16894aca3c0036a9f7db401f6ed6adbf30944053fd97f11157a0214a6,a69b325b7d2e51bc0769305aa7cdb2dd3ecf5c7161e819eaef43f7bbe9d91814
P2,P2_bank_k4_t2,fresh,eafbc966da0b8ad900079f512da2a88f8b6358f445e593e94389f2caa5fc39b3,remediation/results/ftf1d-p2-full-20260919/P2_bank_k4_t2/fresh.json,33bdfbbcc23625cf92a0774d93ce8cf9fc5e158bd41df9cd209c85fbff6f974a,860255a281114ca38316df16bf997be513d4e38fab9f0e68abe2ffca9e5304c4
P2,P2_bank_k4_t2,none,eafbc966da0b8ad900079f512da2a88f8b6358f445e593e94389f2caa5fc39b3,remediation/results/ftf1d-p2-full-20260919/P2_bank_k4_t2/none.json,84c78ac812297730e625e1a67d5618c761620f7bb979312bcef22a544e9bb549,a20c58e420fdff74a84ab1fa192f7438e9ba4c2fcce5da9f7a96fd437926ae4d
P2,P2_bank_k4_t2,basic,eafbc966da0b8ad900079f512da2a88f8b6358f445e593e94389f2caa5fc39b3,remediation/results/ftf1d-p2-full-20260919/P2_bank_k4_t2/basic.json,d8d161db29186e0f2ff8bc58da01c7a6760aa4c0c37a6b2889e01c18b49f5b82,57546b017a7397818395642a08cfd98f676e1665286e69c8394e5c90e97ff7cc
P2,P2_bank_k4_t2,runnerup,eafbc966da0b8ad900079f512da2a88f8b6358f445e593e94389f2caa5fc39b3,remediation/results/ftf1d-p2-full-20260919/P2_bank_k4_t2/runnerup.json,8f40260f128b078d03c6ad8e4443451b36ae515b4cd9295c7b7444af38ba6463,3cb759f6336016e673653f5472dd46a4dfb651c446cb4eef3d4ae2dd97bbaec8
P2,P2_bank_k4_t3,fresh,812106d9434d149a569a138f984649b4b4fc037c2941fbc7626babdb47fc9ddd,remediation/results/ftf1d-p2-full-20260919/P2_bank_k4_t3/fresh.json,790d4f2e14680b7b3b8160577ef9d455151130bbcacfab5638612dd5dfb91dc4,aa9c1acd3268791f5129352daa0af9937be63405d131397d34268dce43c78027
P2,P2_bank_k4_t3,none,812106d9434d149a569a138f984649b4b4fc037c2941fbc7626babdb47fc9ddd,remediation/results/ftf1d-p2-full-20260919/P2_bank_k4_t3/none.json,dae12983b0813b3ea8899ffaa8dfae6c2d039b0d79b73b72a21cfde24a685f04,47643cbb4545682c5fae1c5b0e013a009529ff1365e5a584956d7a0c2e6a7172
P2,P2_bank_k4_t3,basic,812106d9434d149a569a138f984649b4b4fc037c2941fbc7626babdb47fc9ddd,remediation/results/ftf1d-p2-full-20260919/P2_bank_k4_t3/basic.json,70c92368692397601a166109df63559602d0571a74569b48f7f85b99a04954a0,2340d81778abcd2d349fd26e281e2fa4bc58deab43176f895a002ea4d11349bd
P2,P2_bank_k4_t3,runnerup,812106d9434d149a569a138f984649b4b4fc037c2941fbc7626babdb47fc9ddd,remediation/results/ftf1d-p2-full-20260919/P2_bank_k4_t3/runnerup.json,e40ac84300ab9068d496d4b227f06fb5f2ea61a439bb93a3679e76b39ef0f2cc,42eab5adb804251780dad657de63d4a2676ca9d53ed573e64cc87a83183b7ece
P2,P2_bank_k4_t4,fresh,1792adeeffde16c8ffb0026c83e3f4e58e5fae61142f68842a828de1b8ade4de,remediation/results/ftf1d-p2-full-20260919/P2_bank_k4_t4/fresh.json,a0629a4d16d5364581be230e7f5961e3c0bea795d788a128c2a4a9390fc94580,82d5cbb85a9b6e1a8d11b00d1af2f3a78d8b26425644e524b4b354aee114c00f
P2,P2_bank_k4_t4,none,1792adeeffde16c8ffb0026c83e3f4e58e5fae61142f68842a828de1b8ade4de,remediation/results/ftf1d-p2-full-20260919/P2_bank_k4_t4/none.json,e8818c2bbd923b7f98a0ac01302347ecd573d434b333a03ea7ecbc1e50c69713,d1388e3b72461b603491f736d4f9fd6f5e10802361076a161cf86e46f0a225c5
P2,P2_bank_k4_t4,basic,1792adeeffde16c8ffb0026c83e3f4e58e5fae61142f68842a828de1b8ade4de,remediation/results/ftf1d-p2-full-20260919/P2_bank_k4_t4/basic.json,dedcca597a74be8bb4188c5a819fd2aee70beac5f00448be68d22491709fbfd6,0787f0ff6a205dec2b5816b8d3a9f6197b9c4bcd55d3de6fbca9acaa4dbcf7eb
P2,P2_bank_k4_t4,runnerup,1792adeeffde16c8ffb0026c83e3f4e58e5fae61142f68842a828de1b8ade4de,remediation/results/ftf1d-p2-full-20260919/P2_bank_k4_t4/runnerup.json,f0d4660f89e2a3cca97b6dc9ada4d3e974297bec8da8a30cbbf2e141b3f291bb,5aea7cb37e003fb528c32b81d6d7ea4212904a40c1414445836539a7c3f87ee0
P2,P2_bank_k5_t0,fresh,70db59135cdbccc8b08b946e92b58306998231c7271e4217baa46d5335e4244f,remediation/results/ftf1d-p2-full-20260919/P2_bank_k5_t0/fresh.json,050e4d5a87cde720a49be867404bb96a42668578b52b76fb5bccbe0b51662f45,9d2bfb62bfd273971cbdc69dc1eae8419f8b3b21300c28f56a61cd7bbbdb8225
P2,P2_bank_k5_t0,none,70db59135cdbccc8b08b946e92b58306998231c7271e4217baa46d5335e4244f,remediation/results/ftf1d-p2-full-20260919/P2_bank_k5_t0/none.json,75ec502ffb94701e9845374f6e0ec20fa21933e6f572e9840e586f8c4edd2dcf,3018b2cdfbd788ecd06e07044c4f92c648deee802430f2cbd59ec25469dcf34d
P2,P2_bank_k5_t0,basic,70db59135cdbccc8b08b946e92b58306998231c7271e4217baa46d5335e4244f,remediation/results/ftf1d-p2-full-20260919/P2_bank_k5_t0/basic.json,7bf7ea4243f17d5d5ec2179dead32e0e7cfe984f1f70eeb0d5ec29e61be1ae2b,b870b8b0868de5c204b25594def58292928b725f1f4687428df49e4657ba3460
P2,P2_bank_k5_t0,runnerup,70db59135cdbccc8b08b946e92b58306998231c7271e4217baa46d5335e4244f,remediation/results/ftf1d-p2-full-20260919/P2_bank_k5_t0/runnerup.json,98832882bb4cd27de4c97bb51cdbd1c778f356f04a0a64af51a0e8b5826841b4,8f0eae07ebcfb875f26176438d90f1e4532fde4444411b357d69d751a50213a8
P2,P2_bank_k5_t1,fresh,fde5c702d61c0e1c3d3da8d9bf11531f5ee4a6d6326e1fcf595a4f50b5ebf626,remediation/results/ftf1d-p2-full-20260919/P2_bank_k5_t1/fresh.json,4d9aa5c8bd12577554cc501755ce2fb0647aafa0c5a23e5b18517fbb899fe570,5593bea2f69d343c6e1e7c4cf7ebb81c630510f1a81843c884d4970bd0ade059
P2,P2_bank_k5_t1,none,fde5c702d61c0e1c3d3da8d9bf11531f5ee4a6d6326e1fcf595a4f50b5ebf626,remediation/results/ftf1d-p2-full-20260919/P2_bank_k5_t1/none.json,2458e88430389d51e22ed66dbb80bbb7baa9d5fbc506fc651465600108b1aa9a,f367cab4ee661fef092cc715b84cffce548de9f981dc7d58e8e33b346ee8b5e3
P2,P2_bank_k5_t1,basic,fde5c702d61c0e1c3d3da8d9bf11531f5ee4a6d6326e1fcf595a4f50b5ebf626,remediation/results/ftf1d-p2-full-20260919/P2_bank_k5_t1/basic.json,77d26bd5e3c95dd8e9b811be06a9592e1cd06f6b63870382316a1888211be841,dc9f5e36fc8ca1f3712cf78d010c9e61946871d42fcdcb08362e185162c52adb
P2,P2_bank_k5_t1,runnerup,fde5c702d61c0e1c3d3da8d9bf11531f5ee4a6d6326e1fcf595a4f50b5ebf626,remediation/results/ftf1d-p2-full-20260919/P2_bank_k5_t1/runnerup.json,9091a7a25c1d50fe1edc1390b21d1fe8ca4b1a5c611fc96e62bf66633e16a0fa,c25d0685fa73e681de7ab318e67eb8a56ba9fa928a7ecb21efa9ec6dd6d95945
P2,P2_bank_k5_t2,fresh,8f9cd73d369de6e7c0221d2a9553ce2284eb43fc34c2597443fa58a1473596de,remediation/results/ftf1d-p2-full-20260919/P2_bank_k5_t2/fresh.json,27efbdadb504f68ead9f9864e25479b5cb7ce830f418b0eb5a41e336eb16638b,def76d883980812aec62a84470b34f6dbf449979cb0f7261164895df0ff0dcb3
P2,P2_bank_k5_t2,none,8f9cd73d369de6e7c0221d2a9553ce2284eb43fc34c2597443fa58a1473596de,remediation/results/ftf1d-p2-full-20260919/P2_bank_k5_t2/none.json,058f98f146819ef6e036405ec8d3e3d10b9bb92b023e81f2775302e9428b0a0e,26610a40367a06251974deabc15b59e68cf707ca1c96944ed0c6c6d0cb792c10
P2,P2_bank_k5_t2,basic,8f9cd73d369de6e7c0221d2a9553ce2284eb43fc34c2597443fa58a1473596de,remediation/results/ftf1d-p2-full-20260919/P2_bank_k5_t2/basic.json,21905a9bcb6fa218160f0e80addb80e33fde918899aa264c5cedf8abb5bd4294,906fe7ca0b4fc34dd91bd144bfc3afba656743380c8731ffedaf5c89fbb5fd7d
P2,P2_bank_k5_t2,runnerup,8f9cd73d369de6e7c0221d2a9553ce2284eb43fc34c2597443fa58a1473596de,remediation/results/ftf1d-p2-full-20260919/P2_bank_k5_t2/runnerup.json,8f11ff8741361cfd5c16c022df9faa45739d4653778b357b5c71dba620a875a5,c16b29af01c5d867a66c5f528af554e7eaf675e73937233074fd5ac8d711c0ab
P2,P2_bank_k5_t3,fresh,f6a4f674d044cf9fb40f04d34c45d6f05002817ae1e6e8c25ab393449d154276,remediation/results/ftf1d-p2-full-20260919/P2_bank_k5_t3/fresh.json,b2dd57a1372218b80fc90fbba59941143ebed5bd2fa7f3b5d628ebf71819f317,38b166b0657d60bbf4cdf304cd4a9c62b2e045d71206e8a0930b6e00d720fac9
P2,P2_bank_k5_t3,none,f6a4f674d044cf9fb40f04d34c45d6f05002817ae1e6e8c25ab393449d154276,remediation/results/ftf1d-p2-full-20260919/P2_bank_k5_t3/none.json,63af94764e21fd3cb8255318c2ce986ce3e8e98a715b08fae54a297316aa5525,82669da6c98812b6aee8d8343d5b4c1b55678e0f419eb2c29001fcc7da5a142c
P2,P2_bank_k5_t3,basic,f6a4f674d044cf9fb40f04d34c45d6f05002817ae1e6e8c25ab393449d154276,remediation/results/ftf1d-p2-full-20260919/P2_bank_k5_t3/basic.json,ad2b5afd69a3432b80988a62f1ffa911d47ad4e6e07369578da4a73b9ea8adfd,a2d1060494486488cee785cbc2c55f4a67806d198920eafb9109b160f8d8db65
P2,P2_bank_k5_t3,runnerup,f6a4f674d044cf9fb40f04d34c45d6f05002817ae1e6e8c25ab393449d154276,remediation/results/ftf1d-p2-full-20260919/P2_bank_k5_t3/runnerup.json,346406d544de20cad88c2088625f3a2adc11eed4c3c3a711e943f370054515b4,9dd4a675e08018aea9ef09aff286b146737712060741ac4c296233cca254529f
P2,P2_bank_k5_t4,fresh,1f5e0d44c73ad952b70eeefe18d5da81ecaeea2c54e4075c819157dac013a5bc,remediation/results/ftf1d-p2-full-20260919/P2_bank_k5_t4/fresh.json,6f940584838ac553b17f96cfe2bd5310d6bfebe68537945f87f0bd382e843a0f,2111ae9bfc82a38785bfc0b21404df23868d98a9910e1dc7334348aebcd5498e
P2,P2_bank_k5_t4,none,1f5e0d44c73ad952b70eeefe18d5da81ecaeea2c54e4075c819157dac013a5bc,remediation/results/ftf1d-p2-full-20260919/P2_bank_k5_t4/none.json,e5208cb6cc74eb616fb83424249e1f9780f1ae21286397dbd8ced99bd6a84300,488b69516d0906b38ba4b9697702317a6ae0020759948432b383d0d5c3510b42
P2,P2_bank_k5_t4,basic,1f5e0d44c73ad952b70eeefe18d5da81ecaeea2c54e4075c819157dac013a5bc,remediation/results/ftf1d-p2-full-20260919/P2_bank_k5_t4/basic.json,9475eb922706307ffd6c00ec23a03602806f68607c0b0aab0d8834d262509e69,a39cd95b4fd587276db6f2120bed69247f84fecf8e973011985f4382d390a090
P2,P2_bank_k5_t4,runnerup,1f5e0d44c73ad952b70eeefe18d5da81ecaeea2c54e4075c819157dac013a5bc,remediation/results/ftf1d-p2-full-20260919/P2_bank_k5_t4/runnerup.json,46549b384f2c4c413a4b4c6e0d67f5d7167c7e7a9ea5d045dc3d996d20059631,9930ceed20cdcee6ed32d506f1939bd6dce5f38a35366a8359b9d08e3f1be37d
P2,P2_bank_k10_t0,fresh,7f8a7e0fea5c0f0ebb717f4c042fb51ea0ccb296ae5f02a46d1b6e9ad7525142,remediation/results/ftf1d-p2-full-20260919/P2_bank_k10_t0/fresh.json,2b900bd4ce3e8c4cd347409e0efaa915622953d21e41527dcb1fd91fdd0bd505,0d3be3c9282f5e0eab5495e3bf36956aad483f96abf99670780a036be2fd87c4
P2,P2_bank_k10_t0,none,7f8a7e0fea5c0f0ebb717f4c042fb51ea0ccb296ae5f02a46d1b6e9ad7525142,remediation/results/ftf1d-p2-full-20260919/P2_bank_k10_t0/none.json,64a5eea4bb15f878205df9535804eb9e9ef4d46e56caea4f6b6e40f92981d437,b331c397609a1883524fb91ced64a4285f47bd009f16313611d9fb4d7583c5b7
P2,P2_bank_k10_t0,basic,7f8a7e0fea5c0f0ebb717f4c042fb51ea0ccb296ae5f02a46d1b6e9ad7525142,remediation/results/ftf1d-p2-full-20260919/P2_bank_k10_t0/basic.json,6f86f0dd1f182ec41b42e61ab3023e6d330c9e0eec0caf5fae8f705084019148,ac0ad9d2dde2a9c4642465a86f56ac391476826ac01b57d3b41fe9b66b738899
P2,P2_bank_k10_t0,runnerup,7f8a7e0fea5c0f0ebb717f4c042fb51ea0ccb296ae5f02a46d1b6e9ad7525142,remediation/results/ftf1d-p2-full-20260919/P2_bank_k10_t0/runnerup.json,0ad813f4516d88d204652a73a55f569e3e802ef6fdbdd1df3fb59c2167745633,779f49fc591f8b232c3620daf71a6d54efe37054c0f8321e71d4fb3f1cfc7bdd
P2,P2_bank_k10_t1,fresh,1f68f6debd815fbd8105cad097a0d4d02c66047bff6e76b71937dac4868850a3,remediation/results/ftf1d-p2-full-20260919/P2_bank_k10_t1/fresh.json,439d1e56ae07c64c730a38726ba8227cd59801f7625b4d759d15c1a54927776b,c263dee67260c3847d9955264475b074bf8f63de3f8b657d7130cee0bd735381
P2,P2_bank_k10_t1,none,1f68f6debd815fbd8105cad097a0d4d02c66047bff6e76b71937dac4868850a3,remediation/results/ftf1d-p2-full-20260919/P2_bank_k10_t1/none.json,3fc3eff9d30850bb2194df509732520b3d42698f62fe9791d09b4f06e55c8633,5d83c4e2fb0002accff39fd07821af31a677f45d2db3dc2bdc568eb3a28e1438
P2,P2_bank_k10_t1,basic,1f68f6debd815fbd8105cad097a0d4d02c66047bff6e76b71937dac4868850a3,remediation/results/ftf1d-p2-full-20260919/P2_bank_k10_t1/basic.json,db18ab1086e8f8b144f3d8c36aecdf087bc66646ba67e8f79f398b0a0a0d6c06,1b87f6c4c8533c991ed661be2c91abc3db856e2443ffe0c035f3e93df8442137
P2,P2_bank_k10_t1,runnerup,1f68f6debd815fbd8105cad097a0d4d02c66047bff6e76b71937dac4868850a3,remediation/results/ftf1d-p2-full-20260919/P2_bank_k10_t1/runnerup.json,47a6297f4fea018543f28ce788dfab4162a26d7855186a21c24b0efc84549b10,d5b2fc56457a296086f9b359b49c8f3fa0053ae18c435a00ff3e25bea1bb52ad
P2,P2_bank_k10_t2,fresh,4b7546f6d153fa3a8c6a54d359ea384f3f8deec66951833d735669ceedc95d81,remediation/results/ftf1d-p2-full-20260919/P2_bank_k10_t2/fresh.json,e600ea50883fe814f2663b50d7b281a167ad432f8ad775f84705b236b7b2914f,d4800a965e40826d297bc01be68a693d63e70e399c5fc2c1c36f0bf7ce132981
P2,P2_bank_k10_t2,none,4b7546f6d153fa3a8c6a54d359ea384f3f8deec66951833d735669ceedc95d81,remediation/results/ftf1d-p2-full-20260919/P2_bank_k10_t2/none.json,c6ac4a7ab6eb663eead65d9937d49a0cdc53d02e1e5cc665b3ec126445d49525,69589f18da44e6545285e19a531e65075951df3e6aa62eb8f480ee268dc629a8
P2,P2_bank_k10_t2,basic,4b7546f6d153fa3a8c6a54d359ea384f3f8deec66951833d735669ceedc95d81,remediation/results/ftf1d-p2-full-20260919/P2_bank_k10_t2/basic.json,9f8ee7f48bdc6a79ef938045fd70a35b5514d24e5484c77821defbbbe731a51b,b0fd717bea5126adbca0b55043e5f76e70f516791be65cb226d1e585ceff090a
P2,P2_bank_k10_t2,runnerup,4b7546f6d153fa3a8c6a54d359ea384f3f8deec66951833d735669ceedc95d81,remediation/results/ftf1d-p2-full-20260919/P2_bank_k10_t2/runnerup.json,33f42b43116d928a69bc0fc97cb78442b64d0e3ecf1bb274318b21075430c173,eff6c68e697d6a9c120161d94f64a42ae98635dbc5525d7a7b5b0c6fdf391bfe
P2,P2_bank_k10_t3,fresh,9d262df7220e84a93ac3d9877606cba5b9055dfb51efb48ea01fece0e954bddd,remediation/results/ftf1d-p2-full-20260919/P2_bank_k10_t3/fresh.json,8859ae6d334de7593061df61bff5aaa4eb5f6cf5b88140d3c6f8e98e8e3d7dfe,e0efbdf74a039e49bb3c3a6ecb194dc32883f3fb93a6f95f207971c3b621bbea
P2,P2_bank_k10_t3,none,9d262df7220e84a93ac3d9877606cba5b9055dfb51efb48ea01fece0e954bddd,remediation/results/ftf1d-p2-full-20260919/P2_bank_k10_t3/none.json,ebe19ad15951de25b06cd1c667d7efc75bddfe9c2675e9706c03ebf41c9787f7,2437b17a1622cb858f23e2ddb1601c7a64c6159ee0bddd489b9154fb1503ddb3
P2,P2_bank_k10_t3,basic,9d262df7220e84a93ac3d9877606cba5b9055dfb51efb48ea01fece0e954bddd,remediation/results/ftf1d-p2-full-20260919/P2_bank_k10_t3/basic.json,13494acf7c7671c6a2b3b2da4713c9425b6a0f0ebcb89b4627f1b69c85e0ab9d,0cb0dd68c3603527501c3ca9d0f0d9fe0b929cb75c0c82317130a76ecdd945f9
P2,P2_bank_k10_t3,runnerup,9d262df7220e84a93ac3d9877606cba5b9055dfb51efb48ea01fece0e954bddd,remediation/results/ftf1d-p2-full-20260919/P2_bank_k10_t3/runnerup.json,ce29b50f76f2ab867c9920e05faf38cc7367acfb55c07f195abee8b782c275b4,c7340652c35c2c8341ad61e5edce467b05d7a3baaeb49ab16da14994daeffbb0
P2,P2_bank_k10_t4,fresh,3d7b17082020175ea56b881446fa36217c3275daa7b5113fe220158ac0b78936,remediation/results/ftf1d-p2-full-20260919/P2_bank_k10_t4/fresh.json,afa92e1700f50b1164d361b69d891080a6246330de7939915e105de8e3653d59,e8ad1c79f68a21e7d46abd8321e3327312d45794df2478694bf8d4cdd93a3315
P2,P2_bank_k10_t4,none,3d7b17082020175ea56b881446fa36217c3275daa7b5113fe220158ac0b78936,remediation/results/ftf1d-p2-full-20260919/P2_bank_k10_t4/none.json,4b0ddc49c271cb868290941076cd01b4cb110c001d97b973dc873c8f92fd6b2c,bce3b7177c6118a9e36ff64f37a079a6831120346b711105e051a84084c3142c
P2,P2_bank_k10_t4,basic,3d7b17082020175ea56b881446fa36217c3275daa7b5113fe220158ac0b78936,remediation/results/ftf1d-p2-full-20260919/P2_bank_k10_t4/basic.json,d3524a031d8a90615ebc94e75f892a244d4c78f5afbb8f29a4c3048013e85d4f,ed165de755f9ecba3dcc669b0278bc154b80d7a6aef43097f6ff5370fd339351
P2,P2_bank_k10_t4,runnerup,3d7b17082020175ea56b881446fa36217c3275daa7b5113fe220158ac0b78936,remediation/results/ftf1d-p2-full-20260919/P2_bank_k10_t4/runnerup.json,96937078e33f0926c437c35d99e6c52dc4b94a05a73072c7f068e26509bd9bbd,c792682023885600dd3a540ffef3cd21ec10b04c00f9f05388ffe505fc2980b5
P2,P2_bank_k20_t0,fresh,1b8be4627d9009c3aa573a9d136fea3274e121f228b7639013e19ccbdd1b35ca,remediation/results/ftf1d-p2-full-20260919/P2_bank_k20_t0/fresh.json,b5f578471156e91a578e8d250511f5e8c8a71fc26ca29812534571023cca3ace,f402aa68067fbadd679f485d868c6de08c1ec7353b6498c0ac01716759765700
P2,P2_bank_k20_t0,none,1b8be4627d9009c3aa573a9d136fea3274e121f228b7639013e19ccbdd1b35ca,remediation/results/ftf1d-p2-full-20260919/P2_bank_k20_t0/none.json,5715af66e36756ee4765289a412007330dde6598d3af87269496c6d5cfb790e5,2c0d9a4ed0dcd39575d6f6006d1a6002ee34d070f0b9645fec0617158e102ea5
P2,P2_bank_k20_t0,basic,1b8be4627d9009c3aa573a9d136fea3274e121f228b7639013e19ccbdd1b35ca,remediation/results/ftf1d-p2-full-20260919/P2_bank_k20_t0/basic.json,fb8788b0ed34d080e6ae14c0356fe45d966667758dcf4b3f82bc808287ecd757,2768ba9295912766d003dd0b366060cbef98ebc9aec4d5f1e8a27c4a6b715802
P2,P2_bank_k20_t0,runnerup,1b8be4627d9009c3aa573a9d136fea3274e121f228b7639013e19ccbdd1b35ca,remediation/results/ftf1d-p2-full-20260919/P2_bank_k20_t0/runnerup.json,2455299e42e980fa531ce09e03b2f38af53fd602e106bd5b214bcafc9a12c866,28dae0e8635420c6293dd1094088d11ce5f5c29240e170b493331f66ee6ad120
P2,P2_bank_k20_t1,fresh,043fedcbde25582dac66a2bbd7035e159538e4c9f693cdc4b8fdc45fd6f96cc0,remediation/results/ftf1d-p2-full-20260919/P2_bank_k20_t1/fresh.json,f82d135f7c68dc144e2f40268d8f8bf5dc95f40137e24c4942af206c57c323c6,d78a93715ecadbb90ac2c0cc3d90c2729d3fde14d4c3cbb0700bff9ea4e73deb
P2,P2_bank_k20_t1,none,043fedcbde25582dac66a2bbd7035e159538e4c9f693cdc4b8fdc45fd6f96cc0,remediation/results/ftf1d-p2-full-20260919/P2_bank_k20_t1/none.json,b2fc3a917e6e0bc0a91c81e49792ea9410698a9f650c175e174e2cd9ec8e7efd,d2a2eb41994519def186e1df64501dd17761e750876671ce1f3ed611c68b9c03
P2,P2_bank_k20_t1,basic,043fedcbde25582dac66a2bbd7035e159538e4c9f693cdc4b8fdc45fd6f96cc0,remediation/results/ftf1d-p2-full-20260919/P2_bank_k20_t1/basic.json,32a92ddc9ca369940e75fe05f574ef2eca19113a005560d0e199cc74a7fecd99,e664367102e71473a9de9056cf8cb27e866434db0bf97f65b781599eaf9197b5
P2,P2_bank_k20_t1,runnerup,043fedcbde25582dac66a2bbd7035e159538e4c9f693cdc4b8fdc45fd6f96cc0,remediation/results/ftf1d-p2-full-20260919/P2_bank_k20_t1/runnerup.json,50f5986503fd6ecd554307e4be0fd31b4d1c229e70ba368dc5b986ce0b62cce2,f1a37d021ad7e8a038b2affec0c8bf6ec403f7bc190e77b22c4bf67e819c8774
P2,P2_bank_k20_t2,fresh,7654e9ac8dbd456f87d3bcb4699d1ab2b4e400ff9d7e31b0cd1ba33c5ea559d7,remediation/results/ftf1d-p2-full-20260919/P2_bank_k20_t2/fresh.json,9e67d8f5f781f7be445694d9816c6ffeb75f028337f911444d9431fadcacea5e,b122cb3f8465a4d9106a7f9b935e5a476ff8a74405a92a9c13d37f480a1b0908
P2,P2_bank_k20_t2,none,7654e9ac8dbd456f87d3bcb4699d1ab2b4e400ff9d7e31b0cd1ba33c5ea559d7,remediation/results/ftf1d-p2-full-20260919/P2_bank_k20_t2/none.json,336830309d1319880d011aeec16bd04c4af78dab150e54107f43831e1c3afaa6,9697ca8ece3dbc962d85abaef6b20f82a56da992b29fa066251e00094ff8d218
P2,P2_bank_k20_t2,basic,7654e9ac8dbd456f87d3bcb4699d1ab2b4e400ff9d7e31b0cd1ba33c5ea559d7,remediation/results/ftf1d-p2-full-20260919/P2_bank_k20_t2/basic.json,738468aaff50ef92cb8c2c2b97377e4064902c71496ef302e2c00ea8578d38c9,b14257f5e43ca82ad8196b4d4bfbddfa2677518d9f3071f6817516021ba6a210
P2,P2_bank_k20_t2,runnerup,7654e9ac8dbd456f87d3bcb4699d1ab2b4e400ff9d7e31b0cd1ba33c5ea559d7,remediation/results/ftf1d-p2-full-20260919/P2_bank_k20_t2/runnerup.json,be7a6b313aa186ce4fee926bb8608d71b336fbe893dbd66ca599270ab39efaaf,a1a90d80a5d0d109c1c31ae5969c4e8ed5c3e464570485cbb8ec8b78bc93b912
P2,P2_bank_k20_t3,fresh,89f180f800038d21c849c64c011d9f2560955f1df1b29667f0e69b6480ad7501,remediation/results/ftf1d-p2-full-20260919/P2_bank_k20_t3/fresh.json,aa651da20103325bdde5b29437b22aabf9d43ec840bb9ba68878ca6d74d2e64b,3a54cab7fcf337dcee7b0b2edaa0769ee8712416d5a0b7b8f37a1317d22a490c
P2,P2_bank_k20_t3,none,89f180f800038d21c849c64c011d9f2560955f1df1b29667f0e69b6480ad7501,remediation/results/ftf1d-p2-full-20260919/P2_bank_k20_t3/none.json,b2c50a4a5d6d1519796e9082457f7e8865051d690ca0fda79fefd3d6556864a7,e9de1d5c751d71e3c5f6c3a8e950d7885e5e6800cc38268cb6f60cf4cfb30448
P2,P2_bank_k20_t3,basic,89f180f800038d21c849c64c011d9f2560955f1df1b29667f0e69b6480ad7501,remediation/results/ftf1d-p2-full-20260919/P2_bank_k20_t3/basic.json,53ebf0e2983c0f90e96fe65991be458b03572ce07927064761c170419ae1d703,e123451a404146713ba91f685b06322a32683bc1077a651fef226a2f88f62332
P2,P2_bank_k20_t3,runnerup,89f180f800038d21c849c64c011d9f2560955f1df1b29667f0e69b6480ad7501,remediation/results/ftf1d-p2-full-20260919/P2_bank_k20_t3/runnerup.json,9f2453bdb55ac8cbfafdc57f82ec30d997151f042573d2b842544e1fb331c28c,6bb7714b53d5b6874747eb5e385a8214169e76bcf9fbfe201ec4918fb6a33965
P2,P2_bank_k20_t4,fresh,f0b679e83217fe9321e3c9abb5bbc4d5dc6a16ad7d35dae2f6de758023c72f25,remediation/results/ftf1d-p2-full-20260919/P2_bank_k20_t4/fresh.json,86c89f204367b1047b616f8d82a20d80e52996632e52e413f4200fd1dc69a7a3,3d3948f8a6111f6650025014ef386116da5487a19f2b6269506a882db8175f55
P2,P2_bank_k20_t4,none,f0b679e83217fe9321e3c9abb5bbc4d5dc6a16ad7d35dae2f6de758023c72f25,remediation/results/ftf1d-p2-full-20260919/P2_bank_k20_t4/none.json,8f1ba99a8c6e92057b1751ddff6a5df0c9aac97ac816371991755a66558adfb9,1f5a888d6f6916f074f5cb5f075055219d8f00a1b16e746b6f43df249b91b65a
P2,P2_bank_k20_t4,basic,f0b679e83217fe9321e3c9abb5bbc4d5dc6a16ad7d35dae2f6de758023c72f25,remediation/results/ftf1d-p2-full-20260919/P2_bank_k20_t4/basic.json,4771ca0f59200ddffc88198ecb8cdff69a81f1771b7f532f488c436fa552d680,69f3cd56a3dfd45cee49121cfa7e0b0932c2a7ae1e93290e49f4186ea17b3a91
P2,P2_bank_k20_t4,runnerup,f0b679e83217fe9321e3c9abb5bbc4d5dc6a16ad7d35dae2f6de758023c72f25,remediation/results/ftf1d-p2-full-20260919/P2_bank_k20_t4/runnerup.json,c1de74f1f3bee0c6d88a8d35931b09e0d181d3ccd3e0eae0aa9558bc107013e1,63a22ef3167c1364b3ed66319faef5fd687995c9a71aec6aa275d53a89501905
P2,P2_bank_k30_t0,fresh,0d9c179626fced82fcd2d37ffea84005ea5ca03c49bd2af9131e17dcbd904866,remediation/results/ftf1d-p2-full-20260919/P2_bank_k30_t0/fresh.json,0e616d14e50d2885ee5473fbd521f52608400adb0a1122f85a74646660c4bbff,88ea916de3586f86d2c9428d00785cffdd44a8be4a101a33fa1297147c4ba0fe
P2,P2_bank_k30_t0,none,0d9c179626fced82fcd2d37ffea84005ea5ca03c49bd2af9131e17dcbd904866,remediation/results/ftf1d-p2-full-20260919/P2_bank_k30_t0/none.json,bb8761975b5ca484639c4ef37e16b821c37dc493b54c968a51e33c69b0f76fc1,3cf7b230cea1f995bc1aa90411c68f6e20f1d3aed2215ff381bedab08036eb06
P2,P2_bank_k30_t0,basic,0d9c179626fced82fcd2d37ffea84005ea5ca03c49bd2af9131e17dcbd904866,remediation/results/ftf1d-p2-full-20260919/P2_bank_k30_t0/basic.json,87c1cb7a0df4b2f972d2a125f4cb39e55db1b355081f5c82c2eb313798b378d3,59dc50e9bb5262f03335a0486ecb035804ddb0bfbb0eab1335ef0a215394c69d
P2,P2_bank_k30_t0,runnerup,0d9c179626fced82fcd2d37ffea84005ea5ca03c49bd2af9131e17dcbd904866,remediation/results/ftf1d-p2-full-20260919/P2_bank_k30_t0/runnerup.json,8f51a8c84e3bf8d49f5f88cd8d1b382b8da18c72cb2802fe9568bb6f56b7f769,a3ac42b07dff4ac2adf9bf199aa3f5a0ac357d0ca31acee7b1634b8f3dcbae77
P2,P2_bank_k30_t1,fresh,eacf90f1d48a3219fa570ce293f3286418607e0ecbaa1d3b2562bc251726fead,remediation/results/ftf1d-p2-full-20260919/P2_bank_k30_t1/fresh.json,d8dffa6dae716cba425d16f277dc0f6c80eccc998390174b1a0d2cd11c0fc914,37eaba9fb116ccf9869e80936cf01dece3110449e095a81d3677a78334aa9baa
P2,P2_bank_k30_t1,none,eacf90f1d48a3219fa570ce293f3286418607e0ecbaa1d3b2562bc251726fead,remediation/results/ftf1d-p2-full-20260919/P2_bank_k30_t1/none.json,c08e8f40ceaaabcdf881dbd02efc7863ba7a7147e0fdc0b476c208eec7137e3f,742184b7dbb350f751e2a802b504cb7ce1da8ee162fffb5a92ccb6d8b796be14
P2,P2_bank_k30_t1,basic,eacf90f1d48a3219fa570ce293f3286418607e0ecbaa1d3b2562bc251726fead,remediation/results/ftf1d-p2-full-20260919/P2_bank_k30_t1/basic.json,080c7aef205924e5d4f0099597d19d6339ed31ba23af592c2d4d6826313434aa,6923c9af00c475f376d4df31db82f95d4405eddc92cd496955da18d90fc3a088
P2,P2_bank_k30_t1,runnerup,eacf90f1d48a3219fa570ce293f3286418607e0ecbaa1d3b2562bc251726fead,remediation/results/ftf1d-p2-full-20260919/P2_bank_k30_t1/runnerup.json,0abe729bda42261cdb31d92f029fc313dea3f9fd1331c458660cdccf82f90b1c,5ad610345102f4864fe210e0930e37a2dabdb1a852c204817569c23bad65f757
P2,P2_bank_k30_t2,fresh,fcde71aa5544d06ed29710c08a5d446df35d5d90135e4828f0e77d34e3b45315,remediation/results/ftf1d-p2-full-20260919/P2_bank_k30_t2/fresh.json,13e5b0127c4e92ca89b40f504c6d15ade3ff83f29dad5a1c1a35db9beb85fdf8,d64b7005fe07f7c8fb82909c8c626b60de1b1451fa9c21134b0fb71698cb6e1e
P2,P2_bank_k30_t2,none,fcde71aa5544d06ed29710c08a5d446df35d5d90135e4828f0e77d34e3b45315,remediation/results/ftf1d-p2-full-20260919/P2_bank_k30_t2/none.json,b80d36478b589447abebf1ececd0bd35b09c14bb29d4edbb7076cf88dc6f7f58,7f663a637af471d077774fdedef18d5d49e9644e74c533cf0436aa85a392729c
P2,P2_bank_k30_t2,basic,fcde71aa5544d06ed29710c08a5d446df35d5d90135e4828f0e77d34e3b45315,remediation/results/ftf1d-p2-full-20260919/P2_bank_k30_t2/basic.json,6584354c542aef1b4d06d0071050a0c05837ed31367713da35da9ded1dfe48a9,f77aed41d4978c5393298ce076e5b27a2918780b86428140cbde8343598b0a8e
P2,P2_bank_k30_t2,runnerup,fcde71aa5544d06ed29710c08a5d446df35d5d90135e4828f0e77d34e3b45315,remediation/results/ftf1d-p2-full-20260919/P2_bank_k30_t2/runnerup.json,24ce1e83aadf523af105662255c60874bbfb53edd8da66fa40d2f7882d5268b1,cb300a895be950d32e90f17dd69a35c7d26d1de48f2fecd61ec218fa7357278b
P2,P2_bank_k30_t3,fresh,599f8f91499a1646a4fb92a9798a060dc414e19e10964c5968839717067374db,remediation/results/ftf1d-p2-full-20260919/P2_bank_k30_t3/fresh.json,c212861a1cdb113c8244e70becde50a87d6450d083d04f7a51befe8a20cc4a43,a035f4a4757728ad9d2288d7f2ca63028e20d251e5ee7ddee7e1d1be5428e95d
P2,P2_bank_k30_t3,none,599f8f91499a1646a4fb92a9798a060dc414e19e10964c5968839717067374db,remediation/results/ftf1d-p2-full-20260919/P2_bank_k30_t3/none.json,912143f0c6a14e5ada2a1ec604e208d62f283393249d4311f5b7e09d8817adcb,d132f8a43fc06369fbd5b8b2fef6c9250222a0c2241bab15b42dc453fa0b49aa
P2,P2_bank_k30_t3,basic,599f8f91499a1646a4fb92a9798a060dc414e19e10964c5968839717067374db,remediation/results/ftf1d-p2-full-20260919/P2_bank_k30_t3/basic.json,6675b1533bbd6fc46ae5f51ddb553fdf991fe5ee57923d5785aaeade9a919d4b,a0f1d6f05b704e230fb20959bb1ea1c7860aec9fbf61d62d174839549e28a5c8
P2,P2_bank_k30_t3,runnerup,599f8f91499a1646a4fb92a9798a060dc414e19e10964c5968839717067374db,remediation/results/ftf1d-p2-full-20260919/P2_bank_k30_t3/runnerup.json,f7cb38ea700da5a64c8db8ef03cf1a70b94f09ae6af8f9e84d8274fc51013e34,b7857e4608a3f48e3ada026e16018cee266c1a8989a177d4ee29d7a1aa9dba43
P2,P2_bank_k30_t4,fresh,3a006b32c876dea79e6d4aec057e27960729fe818d9b9d7df793dd09338f1c73,remediation/results/ftf1d-p2-full-20260919/P2_bank_k30_t4/fresh.json,46e24c4c089bf9a5ad363f3b95303112b7cca0fb1d4e11f996edb5edd4275457,2b38ecf7669c8ca178f575d6b97b9cc7acb93000c0c5cd8789490c6c3dd73fa2
P2,P2_bank_k30_t4,none,3a006b32c876dea79e6d4aec057e27960729fe818d9b9d7df793dd09338f1c73,remediation/results/ftf1d-p2-full-20260919/P2_bank_k30_t4/none.json,7f8d2a01775475130bfb3bd3072277fe756f179fb894bd7b4a2c263bd5b1e0cb,15ecb1c0c68ec2537182fb9648e23a9ffb0940a35c821bfa703151d0f5e083e1
P2,P2_bank_k30_t4,basic,3a006b32c876dea79e6d4aec057e27960729fe818d9b9d7df793dd09338f1c73,remediation/results/ftf1d-p2-full-20260919/P2_bank_k30_t4/basic.json,2a68d9e8d7b6eed7c7375bdfb56afe51e050f5b6c8579f3507e4ff1887cd64ca,376b7dfaf285d756f7a1f2982155555f9e3fbf6d9a3e451afaed083cdbc598f0
P2,P2_bank_k30_t4,runnerup,3a006b32c876dea79e6d4aec057e27960729fe818d9b9d7df793dd09338f1c73,remediation/results/ftf1d-p2-full-20260919/P2_bank_k30_t4/runnerup.json,dd75042e29ef135f3c08f354c39f704c85c01532fbb19ef6c0a569348788487c,4fbeb0e5cd6795d676c0b01c2fdca181fb69b23615c82a756f072986f7095d69
P2,P2_bank_k40_t0,fresh,0c43b1342be0b270dd2b861a5e8f8e2a2cd7001e70ac0e7e7f2ee3ca3d69eec5,remediation/results/ftf1d-p2-full-20260919/P2_bank_k40_t0/fresh.json,8ad99825ee5460981d4589c85e1bebd1a8388cfa5983c583d400762a0ab8aaa0,8f4a46ff55a6452075fae3b7821698bf9fb8a7c4b5d1deaa9fa3062762639af1
P2,P2_bank_k40_t0,none,0c43b1342be0b270dd2b861a5e8f8e2a2cd7001e70ac0e7e7f2ee3ca3d69eec5,remediation/results/ftf1d-p2-full-20260919/P2_bank_k40_t0/none.json,753282a1a85edc6b6db247550e2cea8bd8b305407b0b7eeb410852fe4f51f001,4600d74e926a464da418b71d9b6797345ba7855ac63d44ec658cd74e091f424b
P2,P2_bank_k40_t0,basic,0c43b1342be0b270dd2b861a5e8f8e2a2cd7001e70ac0e7e7f2ee3ca3d69eec5,remediation/results/ftf1d-p2-full-20260919/P2_bank_k40_t0/basic.json,8f7d765700a5f02b2e775ae5ef98ddba261c7c66601abeb1415286405d1ff94e,e318744c5fff5494e58adb140da8475ee10064aa6cf0b9190f2c1c19d5af40aa
P2,P2_bank_k40_t0,runnerup,0c43b1342be0b270dd2b861a5e8f8e2a2cd7001e70ac0e7e7f2ee3ca3d69eec5,remediation/results/ftf1d-p2-full-20260919/P2_bank_k40_t0/runnerup.json,92b097f0e6b77379e814b156a3ce20a33022e046fda7461b6fe30a09d9bd017f,00c0bc3edca9c7e6d8070ba2a54bbc6d0d88149f22a6ac574113782decbc194d
P2,P2_bank_k40_t1,fresh,a47d42ff2964e66378a595d5bfcbc68eb884155df2827d13fd47a0130ff6339b,remediation/results/ftf1d-p2-full-20260919/P2_bank_k40_t1/fresh.json,76c91ebbdf9ff567fd7fd7b3eca233f583512e54ce41f1c3b49b7d37bb4a6945,8fe1a64ecd270e442dbb8909c46a8b0fadecd3ae36d6a8cf58147ecea5590dc3
P2,P2_bank_k40_t1,none,a47d42ff2964e66378a595d5bfcbc68eb884155df2827d13fd47a0130ff6339b,remediation/results/ftf1d-p2-full-20260919/P2_bank_k40_t1/none.json,419e7ba78c2362cf9d8519586372fe6d0d72725fe8affd2f90d94e21a5db4cab,34517f03d33f56f5581033fa8941dcbed1d6eab9e55ea47d37816978641662d7
P2,P2_bank_k40_t1,basic,a47d42ff2964e66378a595d5bfcbc68eb884155df2827d13fd47a0130ff6339b,remediation/results/ftf1d-p2-full-20260919/P2_bank_k40_t1/basic.json,0c7c00a496280d5b0f34fda9ba82766729af5dc008a448d1844185c8741efd66,1dbd37eb668ce381077218e0b9bca6c23713573e36dca10669dbb7c1f7d15df9
P2,P2_bank_k40_t1,runnerup,a47d42ff2964e66378a595d5bfcbc68eb884155df2827d13fd47a0130ff6339b,remediation/results/ftf1d-p2-full-20260919/P2_bank_k40_t1/runnerup.json,cb00cc53c6a5b767a815b83aaaa03a894ab6294ddcf86a98a1501c5276790ad3,370eb340b893bbd2f471f4035a756690fb0fb8d4e4bd412bcf0e8cbad0aac1da
P2,P2_bank_k40_t2,fresh,55f23bdced5813e50d9a401c3b2e0e88a4ce8d503dbb9fb36509fdacedc1202f,remediation/results/ftf1d-p2-full-20260919/P2_bank_k40_t2/fresh.json,cea99bea846efbd71eb6bf5f79a6ea2e33403cb036561b33a4cb5da9abc79b2f,cbd68f585fc35fb7abdc58beaa18e6f46308a1ef4fa2943f1bbd56112277319a
P2,P2_bank_k40_t2,none,55f23bdced5813e50d9a401c3b2e0e88a4ce8d503dbb9fb36509fdacedc1202f,remediation/results/ftf1d-p2-full-20260919/P2_bank_k40_t2/none.json,53975c127df85f93191427b221ba7ccdae30e8ef3fad126881d28daa7fbd7c91,40bb7cd5e821d7ad36f01d11efbd81d9caa793c2c797287e4d457a841bdc47f3
P2,P2_bank_k40_t2,basic,55f23bdced5813e50d9a401c3b2e0e88a4ce8d503dbb9fb36509fdacedc1202f,remediation/results/ftf1d-p2-full-20260919/P2_bank_k40_t2/basic.json,bad627eebdfa4560e8c4d366666389c4050a7fe9953a85d58796766bc1b7252b,4bc77d0bdd702711b97c33dd165e4d33b1c153f491195615d3d9904fdd09efb9
P2,P2_bank_k40_t2,runnerup,55f23bdced5813e50d9a401c3b2e0e88a4ce8d503dbb9fb36509fdacedc1202f,remediation/results/ftf1d-p2-full-20260919/P2_bank_k40_t2/runnerup.json,dfdca4a0028ea05a2788ce8d4e047a6718f09fe1f633e517ad3cf5f10d34077b,d4444e73d147102c5336a4870eaceeee541f84c9a31c0980c266cf09d46865f5
P2,P2_bank_k40_t3,fresh,8a45f9222b1ac870af67e1d1807d1e41f276d782ce2267ab6a1a9595cf9ffdbc,remediation/results/ftf1d-p2-full-20260919/P2_bank_k40_t3/fresh.json,b21385806a9f2d114992c9aa216e38f68ca0e71ceb9982cd0ea3d21c76ed6208,69014c8f20b9a574962b1c0c4a911c064f70d74ce0847e6c77fe5e76c04385a5
P2,P2_bank_k40_t3,none,8a45f9222b1ac870af67e1d1807d1e41f276d782ce2267ab6a1a9595cf9ffdbc,remediation/results/ftf1d-p2-full-20260919/P2_bank_k40_t3/none.json,3017be18a3eed24f61520db83c41a33d7ccdc828c6afb5237d014fbfc21055c4,8d2c903e1fb85b72fd0ba9f34254e40a7d07e934160766dc1327ca4ae753455e
P2,P2_bank_k40_t3,basic,8a45f9222b1ac870af67e1d1807d1e41f276d782ce2267ab6a1a9595cf9ffdbc,remediation/results/ftf1d-p2-full-20260919/P2_bank_k40_t3/basic.json,53012f139f00ca43c614895b7e4d4de1f6ac0ba12c8fca2bb1c51b8fa81f4f47,1ba758fc1178e3f33a0b5bbe169fc8a6f8a89231593177115022f91b20e52bfb
P2,P2_bank_k40_t3,runnerup,8a45f9222b1ac870af67e1d1807d1e41f276d782ce2267ab6a1a9595cf9ffdbc,remediation/results/ftf1d-p2-full-20260919/P2_bank_k40_t3/runnerup.json,0b81df311205c0a5c8437e632133d94b46898788c1503924be82de4004a7c943,ba537ab81c6e381f37f1669c3aaf4839bbbfc125b5c607b79992d448402e6662
P2,P2_bank_k40_t4,fresh,5ce36ed8e2d1914ef1050fcd031442e61c0ae0ce6890dcd31d5ed84f5b84db60,remediation/results/ftf1d-p2-full-20260919/P2_bank_k40_t4/fresh.json,9017b28377b7bd12a123bb6d3f5f6f51b4e52a50390756496a2d3875b7004399,24ded0f97d71d2c3bb7120b0d77e7cfb888de54e155c45d3bbc7df1a7bcd4c82
P2,P2_bank_k40_t4,none,5ce36ed8e2d1914ef1050fcd031442e61c0ae0ce6890dcd31d5ed84f5b84db60,remediation/results/ftf1d-p2-full-20260919/P2_bank_k40_t4/none.json,3a1318b4b48af7afe7d8d7c02f9baea839acda53bb5d221de5b2e773016f74c1,a6629b6cfd0c5c7a525574f9d65dc531d28ccb1ef15f2605747402237238302e
P2,P2_bank_k40_t4,basic,5ce36ed8e2d1914ef1050fcd031442e61c0ae0ce6890dcd31d5ed84f5b84db60,remediation/results/ftf1d-p2-full-20260919/P2_bank_k40_t4/basic.json,263e581f2fe2128cd39a0962553746d9f67660ee949bace36d2349d4ccc292a5,66f277f06083b4c2f154e3dc10d90221b41cb9f761556ee984bda3231156e409
P2,P2_bank_k40_t4,runnerup,5ce36ed8e2d1914ef1050fcd031442e61c0ae0ce6890dcd31d5ed84f5b84db60,remediation/results/ftf1d-p2-full-20260919/P2_bank_k40_t4/runnerup.json,63006db48e6f217a2cdbf88c0c70ff75868b4bcb2cff23ad32f220f38fba20a1,6178d5784372494de4fad330bfc75888e2d4544c56a6360b8d51bbfa36c98345
P2,P2_bank_k50_t0,fresh,e045b5280f8ade4da586343feb751a011bc114674cf2dfe2ad68de0d2eb3bcc0,remediation/results/ftf1d-p2-full-20260919/P2_bank_k50_t0/fresh.json,951ae612cae171bf2058e3764948e8145f7fcf3c35103266532a63d5146b36de,c6a718e7bfb02e88050d949e28a183bf012ec633386d3d4025866f917c8d6a3e
P2,P2_bank_k50_t0,none,e045b5280f8ade4da586343feb751a011bc114674cf2dfe2ad68de0d2eb3bcc0,remediation/results/ftf1d-p2-full-20260919/P2_bank_k50_t0/none.json,759a61f0571aab6f4d69576e79f6275795cdc51a55bb65210fd9daf64d223bcf,03f515e6682a1c55f0bae0ca34e0a02064025421a80ae453f49bdbf24e6ceef2
P2,P2_bank_k50_t0,basic,e045b5280f8ade4da586343feb751a011bc114674cf2dfe2ad68de0d2eb3bcc0,remediation/results/ftf1d-p2-full-20260919/P2_bank_k50_t0/basic.json,137a9d19056dc9a601a0d197ecbc1e4c08163abb92450f35be63d55cb5d2dc6c,0946238cbc44f809325783ea3e5eae838d2b00774f4ff67aca42f32aeee868ea
P2,P2_bank_k50_t0,runnerup,e045b5280f8ade4da586343feb751a011bc114674cf2dfe2ad68de0d2eb3bcc0,remediation/results/ftf1d-p2-full-20260919/P2_bank_k50_t0/runnerup.json,6a0eeb3083a9ab2be9732cd39f72d4f211de838227e3d2e35b5610634ce607e5,bb6489d9a1797f177971ac2c419efc7ea03502f75782d50996b59de9039a76ff
P2,P2_bank_k50_t1,fresh,9ed3490eb12324aae4ebd95209507f09e18bd033259d9d621da3083424a3483e,remediation/results/ftf1d-p2-full-20260919/P2_bank_k50_t1/fresh.json,5d7e6c5cef66600072a719fbc0dc8e8f6360b265c184ac8d7de9ccda9192e520,baf2fed004066d49a2c3b2a5ffb91dbaceb6fc11b4a222b48b9a79ff93f3d746
P2,P2_bank_k50_t1,none,9ed3490eb12324aae4ebd95209507f09e18bd033259d9d621da3083424a3483e,remediation/results/ftf1d-p2-full-20260919/P2_bank_k50_t1/none.json,784e5960cdea0602b30accb1102debec64595050275c24b52beb9d1b3455112f,97c82dda09cdea5211c0c984aa37aac8c3e575d6c240347af77d9f0909d0a751
P2,P2_bank_k50_t1,basic,9ed3490eb12324aae4ebd95209507f09e18bd033259d9d621da3083424a3483e,remediation/results/ftf1d-p2-full-20260919/P2_bank_k50_t1/basic.json,160ae075ecd0e2e75f9f0019b6a30447ea3e47086a9b800dbe133f0949797627,078ff531df01920d94bc68b91152a40ed75dde20ae3938a6bb647c7c9a097515
P2,P2_bank_k50_t1,runnerup,9ed3490eb12324aae4ebd95209507f09e18bd033259d9d621da3083424a3483e,remediation/results/ftf1d-p2-full-20260919/P2_bank_k50_t1/runnerup.json,7de31a6ca663c7f10c1d534c94f0c38b85b8fd2cb3d37451f34e40185e069e01,f64ff510e33c91d51b673115421411d205439a7c55749629d9a55b8ff28a212c
P2,P2_bank_k50_t2,fresh,25676fd0e68329bd5e481415f96b42a6f4cdc248dc985320b498a0fa03ef5f0b,remediation/results/ftf1d-p2-full-20260919/P2_bank_k50_t2/fresh.json,7334cae7576c9ae264d7c4f37c47a3d181d157555dd7320f961e19edd74fc593,0643edd37e83744458f013647208f5a368a271a5e347caebb9274a2b5984cf7b
P2,P2_bank_k50_t2,none,25676fd0e68329bd5e481415f96b42a6f4cdc248dc985320b498a0fa03ef5f0b,remediation/results/ftf1d-p2-full-20260919/P2_bank_k50_t2/none.json,2e82c6c1549c419cf5026161b0514491fe8a62eb9c070dc8000816111d45237e,a0200feccb2c478606f58c929aa66cf18ffc353394233f1b43da1c5e7e9b7ee9
P2,P2_bank_k50_t2,basic,25676fd0e68329bd5e481415f96b42a6f4cdc248dc985320b498a0fa03ef5f0b,remediation/results/ftf1d-p2-full-20260919/P2_bank_k50_t2/basic.json,8668b09aa58e38267ebe85fa4837911398752969ae509e06e56c3283befc9411,db9bb1895f3cee9e054c953d03b3139f1199f1623a749579eefd5ab1a174cd2a
P2,P2_bank_k50_t2,runnerup,25676fd0e68329bd5e481415f96b42a6f4cdc248dc985320b498a0fa03ef5f0b,remediation/results/ftf1d-p2-full-20260919/P2_bank_k50_t2/runnerup.json,ae46bc3ce2bfab2f099548badc055620e561994d1994a1e1c9a3433af1a2b140,7b7e28eee2e157b16b5f209dfa178d525b29a51677127fcdff7766ff2f71870e
P2,P2_bank_k50_t3,fresh,8a4da3cc9ab1df1f9fd83f876de103aed677ddf3b3f02b29cb9a8d679c96c9ba,remediation/results/ftf1d-p2-full-20260919/P2_bank_k50_t3/fresh.json,52da8e05ab4fa444d2457c70b29b3e74929dbb8b3a2a951b4b0f18c7049bc417,4495fca32c2a4b363c4f1cbc0901ea63aa05b4f8a88d6b0fdda93b999c21411e
P2,P2_bank_k50_t3,none,8a4da3cc9ab1df1f9fd83f876de103aed677ddf3b3f02b29cb9a8d679c96c9ba,remediation/results/ftf1d-p2-full-20260919/P2_bank_k50_t3/none.json,1041d9171cf6769d12f08bcd1d39f1ac02ad2d69f25d8003fea7668fffcd77a9,31bf3346cd0e8e041a853855dea40b2702f41002670e138a5e71f1166c1568e7
P2,P2_bank_k50_t3,basic,8a4da3cc9ab1df1f9fd83f876de103aed677ddf3b3f02b29cb9a8d679c96c9ba,remediation/results/ftf1d-p2-full-20260919/P2_bank_k50_t3/basic.json,76494f9b69a8c544da5f89868246ae0622932b60360860bccaefbc62059973c9,d8eff79f1dc6d737df9703fe02b9026576642c0857bfd4961e55fbc269327bc9
P2,P2_bank_k50_t3,runnerup,8a4da3cc9ab1df1f9fd83f876de103aed677ddf3b3f02b29cb9a8d679c96c9ba,remediation/results/ftf1d-p2-full-20260919/P2_bank_k50_t3/runnerup.json,80cfc8fecfafac5b34bbc2b9aacada26b703ee1b428d72c7863854972052b761,795a253f1983be08bfa69c195376e8d64204a0b8a41403d40d7307d4144f16ba
P2,P2_bank_k50_t4,fresh,27f06514a3f5ecc56980a8a1adf8ea76da275813be8c433d6c601fcf568f53e8,remediation/results/ftf1d-p2-full-20260919/P2_bank_k50_t4/fresh.json,fa894f9f60abbfa58cea25229c8a203f7f4578e965c69659bab98444de426886,ddd01c99f8f0019ab0559c5e0b01f3a5c1392a9d709f5bce5bedf5d227584531
P2,P2_bank_k50_t4,none,27f06514a3f5ecc56980a8a1adf8ea76da275813be8c433d6c601fcf568f53e8,remediation/results/ftf1d-p2-full-20260919/P2_bank_k50_t4/none.json,8b1e0faf6770170dde78e139e35d298b98abab7f92111952b75f975ab0cb58cc,e59e14105917753e2a5db8c1ac4f399030efec49528e810d90dc5fce3caa4c3a
P2,P2_bank_k50_t4,basic,27f06514a3f5ecc56980a8a1adf8ea76da275813be8c433d6c601fcf568f53e8,remediation/results/ftf1d-p2-full-20260919/P2_bank_k50_t4/basic.json,6755bfc8760e74c6689795a63e6422524676bd9e995961f4bbecc10b999388a1,12bc71c845f258f5390ad79fdce08b43ca2b63f779f147a293c774938750427c
P2,P2_bank_k50_t4,runnerup,27f06514a3f5ecc56980a8a1adf8ea76da275813be8c433d6c601fcf568f53e8,remediation/results/ftf1d-p2-full-20260919/P2_bank_k50_t4/runnerup.json,3bafe53e1ccb3c8de8ff80457c14c4ee884930be5886de7b603ee090512a1800,a43eeb5673ab805eab94548100f942e0f29eb76c47402e1e6b6235b5dc286802
P2,P2_credit_k4_t0,fresh,4ec36138472b5a7ef3c911f46ff0ce2c2b5224d9e2b2ad24666c5a9c81f3312d,remediation/results/ftf1d-p2-full-20260919/P2_credit_k4_t0/fresh.json,6fb4c1ab45c7e2d262af5ce786db228113f550c7464d00c687d1e33647342d52,e609d0f3379fff2c5baf80c7fef26406bc7bb5a9131900aff14f64863c5b5ea5
P2,P2_credit_k4_t0,none,4ec36138472b5a7ef3c911f46ff0ce2c2b5224d9e2b2ad24666c5a9c81f3312d,remediation/results/ftf1d-p2-full-20260919/P2_credit_k4_t0/none.json,3f8064537e860d2aaa03e6c903df01c17736acd9c03d569ac8c51c6a8f261bc4,527fe6e0e30a300628e8cb78bae50c8207a0cc2eb545909a1ea954522ecab303
P2,P2_credit_k4_t0,basic,4ec36138472b5a7ef3c911f46ff0ce2c2b5224d9e2b2ad24666c5a9c81f3312d,remediation/results/ftf1d-p2-full-20260919/P2_credit_k4_t0/basic.json,5203d2d1bf567b0f0e46cb49022ed712fade99bfcce104fc7852f8e7fd910c88,6953e09067609468119c6689788a07497ae0581d915797e2d7f94c12e0968055
P2,P2_credit_k4_t0,runnerup,4ec36138472b5a7ef3c911f46ff0ce2c2b5224d9e2b2ad24666c5a9c81f3312d,remediation/results/ftf1d-p2-full-20260919/P2_credit_k4_t0/runnerup.json,371aa70cef657ba1244a4f60db54fec3dfbb95de3275f299f2933302b6b11b44,cb8d88f46ea2d3d8c1a68aa60232a35030333cec8f3ccf22286abfa7bc6bee91
P2,P2_credit_k4_t1,fresh,144022ab258183f1706f76882ebac09466ceeb00a5845f9ca7fc16c7f8d7ef9b,remediation/results/ftf1d-p2-full-20260919/P2_credit_k4_t1/fresh.json,e7a14c09b7683ad0ba30308c5e40b388daf06b740921f29650bf2e10d01e0f7d,41648da12da35b0d033b90ab2bb6069aa63ed78c91acaf2399adaa10b450d08b
P2,P2_credit_k4_t1,none,144022ab258183f1706f76882ebac09466ceeb00a5845f9ca7fc16c7f8d7ef9b,remediation/results/ftf1d-p2-full-20260919/P2_credit_k4_t1/none.json,bf643ba89b528f042d7c8f6c20746ef6d438e4427a07e40a5d8f87da8b37a61e,e83e82eec9d3822eba70c5557558e48d4714cb968367fe978d501f842d2b8862
P2,P2_credit_k4_t1,basic,144022ab258183f1706f76882ebac09466ceeb00a5845f9ca7fc16c7f8d7ef9b,remediation/results/ftf1d-p2-full-20260919/P2_credit_k4_t1/basic.json,ddb9a7049bb959b5c24126c409c8e526b1afdbc7f71b3119ae8d69d1f367a40e,816ad96488525734892e7f9bf9c3b4e0f3e73ca1fbf13e000e8e99edb8ace02f
P2,P2_credit_k4_t1,runnerup,144022ab258183f1706f76882ebac09466ceeb00a5845f9ca7fc16c7f8d7ef9b,remediation/results/ftf1d-p2-full-20260919/P2_credit_k4_t1/runnerup.json,2b016c91e6d8a1b867c6b1e0bb5907eb1a657c4660ad6b5e7530e2215361c707,f3042e37b58838a24208438a62f797b6b382ba680f5408521122468daf99acf6
P2,P2_credit_k4_t2,fresh,5ef31290758e7f3376d6b3651d0acf4c4bb13e6645ff119b05b6dbe13d91cdcc,remediation/results/ftf1d-p2-full-20260919/P2_credit_k4_t2/fresh.json,cc84035f3f1ae8d976907c4d868a917fc7c6ecf57f65b74db9be041dd0cb90c9,4fa0a5499cfbbf3199090f0e90b3cb12d95d52c59dac7013289a8ea8019f58a6
P2,P2_credit_k4_t2,none,5ef31290758e7f3376d6b3651d0acf4c4bb13e6645ff119b05b6dbe13d91cdcc,remediation/results/ftf1d-p2-full-20260919/P2_credit_k4_t2/none.json,c0888d95c37fa7e06e813248d46b9550fcd186c24264f84708800ce1ed7e87ab,21477bc1c40788116eb0bfd3849878f4bb7e7905c4562588cf00ff355522103b
P2,P2_credit_k4_t2,basic,5ef31290758e7f3376d6b3651d0acf4c4bb13e6645ff119b05b6dbe13d91cdcc,remediation/results/ftf1d-p2-full-20260919/P2_credit_k4_t2/basic.json,417dba1560cfff5b2c9ab366ce20d0f7e7325bed82110ed1d201801b5285b0e9,15fe16a866d0a9c5fa2b89375fda6374a83a4734efb613f9b981bad504b1697c
P2,P2_credit_k4_t2,runnerup,5ef31290758e7f3376d6b3651d0acf4c4bb13e6645ff119b05b6dbe13d91cdcc,remediation/results/ftf1d-p2-full-20260919/P2_credit_k4_t2/runnerup.json,ddf1bcab149288f376a2d86f48dd1db6ef2632708558411a06518b62c15888b6,1b20e97272c1730f185ad7c3f19ec2f6a190cc9dfd8ffe85ffa6b155bbc4c4bd
P2,P2_credit_k4_t3,fresh,931bfdeaaf0d21f65ba6fa9203a4aa27fd17c69976c79d9f41a2ba9561bfc41f,remediation/results/ftf1d-p2-full-20260919/P2_credit_k4_t3/fresh.json,276613b5fea4c59c4da2493d81d2b2e668fe628d92f1da783625cf2931d47a79,68c75d991c69469f174d1e16701a5b78a9741ef0362fdb5fe83008b273850838
P2,P2_credit_k4_t3,none,931bfdeaaf0d21f65ba6fa9203a4aa27fd17c69976c79d9f41a2ba9561bfc41f,remediation/results/ftf1d-p2-full-20260919/P2_credit_k4_t3/none.json,131bb8fc80175750905a981ce6bbf400d1cc14980a4d362ee793b95f8c489876,c2e312258c89b669eb1beede459146bd504d68dc0cbb90cdb4958e590791f9d6
P2,P2_credit_k4_t3,basic,931bfdeaaf0d21f65ba6fa9203a4aa27fd17c69976c79d9f41a2ba9561bfc41f,remediation/results/ftf1d-p2-full-20260919/P2_credit_k4_t3/basic.json,d79b690ad3183fae0d0fe41f35a4f2c16826b552f7286b19d72781709aae355a,c542658595216667505ea1d52d5b358463c708d7c638c32aa188f3c7090b9512
P2,P2_credit_k4_t3,runnerup,931bfdeaaf0d21f65ba6fa9203a4aa27fd17c69976c79d9f41a2ba9561bfc41f,remediation/results/ftf1d-p2-full-20260919/P2_credit_k4_t3/runnerup.json,be785ae029036d6dfdb4a20213b7c982211a0f26906d37e6b2d3dcdaa13334e9,b7a1a1383121ed4c227f69d9f6156d724c163688732e39a01f579af2123ffd7f
P2,P2_credit_k4_t4,fresh,94a77e1b47306bdbfcc5fae09a8445d92b382428d5bc6e596a3f5da0027454fc,remediation/results/ftf1d-p2-full-20260919/P2_credit_k4_t4/fresh.json,ce58acd41ec2644780d003275476582505be42e4622905ac4e93f48f6d12b7e8,da3ad16fcdb7448f7f2d24ba854e5db933e60cc2970cb60849494d36f9e92404
P2,P2_credit_k4_t4,none,94a77e1b47306bdbfcc5fae09a8445d92b382428d5bc6e596a3f5da0027454fc,remediation/results/ftf1d-p2-full-20260919/P2_credit_k4_t4/none.json,73c139c323242a469eedb8ca4c122d75e4f13e197085d1fb0e42b35ed9972374,aa784d78fd56fe9d986bb87bf18e564b4847c2cc5fc29d94a235d28b4e84dbb9
P2,P2_credit_k4_t4,basic,94a77e1b47306bdbfcc5fae09a8445d92b382428d5bc6e596a3f5da0027454fc,remediation/results/ftf1d-p2-full-20260919/P2_credit_k4_t4/basic.json,56bcaf9c4a0ea296d0945ace6346d1d5ca212b32d74da9b90b8d5e451e34c452,c5dd1ff3db39ba2d7fc9a9b8e63c4adb66fa6483186a06fd85634c7dd3345929
P2,P2_credit_k4_t4,runnerup,94a77e1b47306bdbfcc5fae09a8445d92b382428d5bc6e596a3f5da0027454fc,remediation/results/ftf1d-p2-full-20260919/P2_credit_k4_t4/runnerup.json,8a066ebd524594833a0ed929d1ec97f323f2bf36a7bd1fbf42a4baa52caf5fa0,38f261d75da9bb2e76b632f64d22537866c75cfd71fe9c7c34b6d465fdbe0dae
P2,P2_credit_k5_t0,fresh,7ad6db133a7e86e73cb28d6b10e767cf9d89356e8ea35ff1eb2daa9cc9276f3b,remediation/results/ftf1d-p2-full-20260919/P2_credit_k5_t0/fresh.json,97783ce27472283184eccfb04cc966ab2f7d40d3445c168ca7e53a8d4af092fb,77e1f3a4987e6fdece8fc560d70a1f40bfd52c016f729fe89432c4b18de8bd92
P2,P2_credit_k5_t0,none,7ad6db133a7e86e73cb28d6b10e767cf9d89356e8ea35ff1eb2daa9cc9276f3b,remediation/results/ftf1d-p2-full-20260919/P2_credit_k5_t0/none.json,3e4d4539c8fe656c8fe31c0f86a2cd6d755cc69c109f1b43558267f0a7c37f6a,6c88c049815882565bdd43b3d33c103c2915708fc385b6ec016ab9b69a6ddf5c
P2,P2_credit_k5_t0,basic,7ad6db133a7e86e73cb28d6b10e767cf9d89356e8ea35ff1eb2daa9cc9276f3b,remediation/results/ftf1d-p2-full-20260919/P2_credit_k5_t0/basic.json,67bcae934163670893d8e90e516fad04cd85ce3285fb952e6bf8c7b3f5c67946,d63e65c8ff3180399e836156ee31e4eda27ec3a5a18839af7062acff32459af4
P2,P2_credit_k5_t0,runnerup,7ad6db133a7e86e73cb28d6b10e767cf9d89356e8ea35ff1eb2daa9cc9276f3b,remediation/results/ftf1d-p2-full-20260919/P2_credit_k5_t0/runnerup.json,f165c1a44a068b84b217e6da33a2e6fdd8a6a9899cd40f693707cb5efe57ef95,76a50a056d9f965a561f69a98cb1333f1e4243ad47725c2cc7f83e60607b251a
P2,P2_credit_k5_t1,fresh,d12756e5a84ac7c6b1fb4e576e0c33de22bdd75b8def5bcffe8cee1ea2970194,remediation/results/ftf1d-p2-full-20260919/P2_credit_k5_t1/fresh.json,676ecb38a204ec5f5dddf4497a22cf73e35b2324b4eef8112ee64afd2539d44a,5e3103d1e7d9191bac3e7543f93299689279b9eff8ad969a36ce238516568fd9
P2,P2_credit_k5_t1,none,d12756e5a84ac7c6b1fb4e576e0c33de22bdd75b8def5bcffe8cee1ea2970194,remediation/results/ftf1d-p2-full-20260919/P2_credit_k5_t1/none.json,6fa6b503c268a13ca53a2d3ce7b474d120e0b9a1added81e44b34b6b70e46d2a,3080cee79323914708142343e649f313b66c16a8af1f2a3c3e019cc731dd9449
P2,P2_credit_k5_t1,basic,d12756e5a84ac7c6b1fb4e576e0c33de22bdd75b8def5bcffe8cee1ea2970194,remediation/results/ftf1d-p2-full-20260919/P2_credit_k5_t1/basic.json,44150157d80e29bd92dd430512833466b7d3c38524f97143bf83279e6d42f051,f3420170cb417445446c3317b27e09a256854885e61aaf65bd16efc15c8adcbd
P2,P2_credit_k5_t1,runnerup,d12756e5a84ac7c6b1fb4e576e0c33de22bdd75b8def5bcffe8cee1ea2970194,remediation/results/ftf1d-p2-full-20260919/P2_credit_k5_t1/runnerup.json,9e832e4237971cc16e9af1bb1ecae2f4ec2299013bee7d4f2864ed0e3df5d5e4,a39d0d902cac2720596292ee6b0f92e41a9eddb72c1b2e263dd109115699da23
P2,P2_credit_k5_t2,fresh,7561b251f1d8a4ead3b993b97496cf0d136a28bb1371603e50174fb32c03241d,remediation/results/ftf1d-p2-full-20260919/P2_credit_k5_t2/fresh.json,1feb8af0408964aad7942a2b5b24a829a4f6de9a5e7b3b079733b1a593377ded,dcdd2d6320937dfa9ff171dc23a93e3da46a9d0251c4b55f7e575ae57af2a38a
P2,P2_credit_k5_t2,none,7561b251f1d8a4ead3b993b97496cf0d136a28bb1371603e50174fb32c03241d,remediation/results/ftf1d-p2-full-20260919/P2_credit_k5_t2/none.json,9845c0e8ebf919ca9479208024570c1af2f3f8a1b2ce4365c93ee621e8f6e1b5,6449a25420870fd90baa4fefc04f85c02f77934628fdcce913d4fd5ddd5e793a
P2,P2_credit_k5_t2,basic,7561b251f1d8a4ead3b993b97496cf0d136a28bb1371603e50174fb32c03241d,remediation/results/ftf1d-p2-full-20260919/P2_credit_k5_t2/basic.json,eab02c8f0af89e9ce1fd59757b3a5e748682a3603bf1027d78b4ed5461f33160,aa8bd227ab4346f9c7436dc25ebed49b5e1baab53eddfdcb46c33dd2c27c056d
P2,P2_credit_k5_t2,runnerup,7561b251f1d8a4ead3b993b97496cf0d136a28bb1371603e50174fb32c03241d,remediation/results/ftf1d-p2-full-20260919/P2_credit_k5_t2/runnerup.json,4099f6f6d7a430bc55fd070ee48cc44ad1b52452dd6db2059c7a79b3c7cce299,e6b7a7d7f6833d3fe49d80a90caa4fee4f3c6fb787d3e449ed9f5eb739ecb6f4
P2,P2_credit_k5_t3,fresh,31ce70165a5bc77300c13e49e604786c9d620440c6a59291061fe9dfec5a9cda,remediation/results/ftf1d-p2-full-20260919/P2_credit_k5_t3/fresh.json,5c36d54833adefbbeefebc6ae81e8fae9ee0439fe0c8f2e9aff875ffd81cc4d1,442f40f3a59670258168ebec5ac9316848af1d47927a371b549cc85a29192e01
P2,P2_credit_k5_t3,none,31ce70165a5bc77300c13e49e604786c9d620440c6a59291061fe9dfec5a9cda,remediation/results/ftf1d-p2-full-20260919/P2_credit_k5_t3/none.json,6987a08bcd139261e5d20bafc5db54d657f604ce936006c7a49959ed21536b74,783453697df4c2757468d0f048b106ec59bab1113dcd9d8ce64ecbad480c99b2
P2,P2_credit_k5_t3,basic,31ce70165a5bc77300c13e49e604786c9d620440c6a59291061fe9dfec5a9cda,remediation/results/ftf1d-p2-full-20260919/P2_credit_k5_t3/basic.json,60fa7e0418d1e733aee4e467415fbdc1373222d0c2920e80f9c2aa8438e2c54f,37c3025254e3c5b696910b4f59dd3e928dee087ecf35471fdb4a5446dea52226
P2,P2_credit_k5_t3,runnerup,31ce70165a5bc77300c13e49e604786c9d620440c6a59291061fe9dfec5a9cda,remediation/results/ftf1d-p2-full-20260919/P2_credit_k5_t3/runnerup.json,c623bd5877865ec4aeb84237b475824980560e49c67ac72322d0f462807062a9,d2aea7f78db0691ae8ef01e11512779c938e362f8229a9039c938e4282dc099a
P2,P2_credit_k5_t4,fresh,da13241d9cc46bb8232ad1bdc2e37c170dce965902fc47d541120f0750881cd3,remediation/results/ftf1d-p2-full-20260919/P2_credit_k5_t4/fresh.json,ad4f15e60400e2da151b56fcd7f6c3a799b0ce9049124fa26022d4a80c937fb4,ff3f13ff2acef41a1d931a0d35c4141d01760b99c46f8cc7b4ebbe52105c5e44
P2,P2_credit_k5_t4,none,da13241d9cc46bb8232ad1bdc2e37c170dce965902fc47d541120f0750881cd3,remediation/results/ftf1d-p2-full-20260919/P2_credit_k5_t4/none.json,67f96b884b61e812b533a9378f0a33d617c38a959a920e47e803588cab4011a0,a6a154cc11ab2b812baf52e95e4d61c05f8ce37e95aaf3043d9c6efa17cea4bb
P2,P2_credit_k5_t4,basic,da13241d9cc46bb8232ad1bdc2e37c170dce965902fc47d541120f0750881cd3,remediation/results/ftf1d-p2-full-20260919/P2_credit_k5_t4/basic.json,2a86502cde87b91d6d9e97e2c74a58fb27bd03fe5aaa14fc496f1f707c854ca0,53c7c8cd41dcad0a7819d7edb026844853d265869eeef4bc94df2a00b8eb4b02
P2,P2_credit_k5_t4,runnerup,da13241d9cc46bb8232ad1bdc2e37c170dce965902fc47d541120f0750881cd3,remediation/results/ftf1d-p2-full-20260919/P2_credit_k5_t4/runnerup.json,6881a4497f24cbe9726afe956c1ba0dd745020bd00591e879af776dc976ff8f9,91816d2d0d7c6a4b384d9a1a53fd08afbc5223a983411449f0cd88301cb55e56
P2,P2_credit_k6_t0,fresh,cfef33e81151b29f751dfb6381c1c2c9297b16ab4cfc5d2acc00e7a0561d0679,remediation/results/ftf1d-p2-full-20260919/P2_credit_k6_t0/fresh.json,7287f0d66de0041802ef499ed5dc0c1db293f70a1f7dc1cff931c0cce705a6e6,e5c0e93e59ada1d2ce384f09283832763ddd89d9b9920c8cbcc3803c8ec12b4b
P2,P2_credit_k6_t0,none,cfef33e81151b29f751dfb6381c1c2c9297b16ab4cfc5d2acc00e7a0561d0679,remediation/results/ftf1d-p2-full-20260919/P2_credit_k6_t0/none.json,c791dc78ff8fb92eb7fd2bf146d411cb65d0da7148a429e748cb0a4f2763bfe6,78b6bf194b3dc15f19082233fc1a6bab6a5d74f305bd98fb7741d6275ee7a4a5
P2,P2_credit_k6_t0,basic,cfef33e81151b29f751dfb6381c1c2c9297b16ab4cfc5d2acc00e7a0561d0679,remediation/results/ftf1d-p2-full-20260919/P2_credit_k6_t0/basic.json,75584c1d54e7ca3676001ad8253b85ee4996694162f505fe34eb448b5e781786,69aceedebd65d9509680514f9ec52dd91dfe9b9e3c9f0133736edc44e773a7ff
P2,P2_credit_k6_t0,runnerup,cfef33e81151b29f751dfb6381c1c2c9297b16ab4cfc5d2acc00e7a0561d0679,remediation/results/ftf1d-p2-full-20260919/P2_credit_k6_t0/runnerup.json,15717398b896dafec4f73823d3c1bdb9e5b588bf4bff479765660dcb649b77fa,4b6d26e92f636b9beb0e4b104630fef386c40bffa0935875a2e677963ad4d773
P2,P2_credit_k6_t1,fresh,066e4b7747eea41842f55711c84ad86afa7c932cf5509599bad422f2360e7c84,remediation/results/ftf1d-p2-full-20260919/P2_credit_k6_t1/fresh.json,3d625accc6919234dd320058cc5f9214ef68a4ccbce2567281c44dc26ddab150,036a6358253024687147cfa948f84f56cb18b8d01997debbc75bfd80e0b0cebf
P2,P2_credit_k6_t1,none,066e4b7747eea41842f55711c84ad86afa7c932cf5509599bad422f2360e7c84,remediation/results/ftf1d-p2-full-20260919/P2_credit_k6_t1/none.json,a460e1bf26d740c78797387625f22b338df2cbfb92e262d313b158dba575b5af,264d0aa714b9495cffa6a7f166e438ea61fcae3276f50d66c8536c4ecbc87eed
P2,P2_credit_k6_t1,basic,066e4b7747eea41842f55711c84ad86afa7c932cf5509599bad422f2360e7c84,remediation/results/ftf1d-p2-full-20260919/P2_credit_k6_t1/basic.json,77f5e143a9434136be3445cda8512c4d63ff1666534e2b8dffa7ec87fe806c9e,79123eedcc275032a5c80a396cc319079f5005f91813fc20885e4a8eadc8d8dd
P2,P2_credit_k6_t1,runnerup,066e4b7747eea41842f55711c84ad86afa7c932cf5509599bad422f2360e7c84,remediation/results/ftf1d-p2-full-20260919/P2_credit_k6_t1/runnerup.json,6122f1009f1c35fb81e55802db04170f0b30afd2d09f9476e56dcc30271a7115,dc0e405fc698dda28a0ccc416b2ba573dbf4228db76a8f49e6c7d374a443770b
P2,P2_credit_k6_t2,fresh,b1bb64f6cdba0599e191b6b15a11c3450a8387a286f65f14fdc580fde8b38bc9,remediation/results/ftf1d-p2-full-20260919/P2_credit_k6_t2/fresh.json,9036897f77545d204b371e17268323ce6eb4b1167dfdc0c6f5b3db8bcb25967f,8202394d310e696a8f3e2486f3fe06a6dd407e91408f2f3641b4761ee5896bb4
P2,P2_credit_k6_t2,none,b1bb64f6cdba0599e191b6b15a11c3450a8387a286f65f14fdc580fde8b38bc9,remediation/results/ftf1d-p2-full-20260919/P2_credit_k6_t2/none.json,71f79ac8468f088494b86c42c190e1e79e17706bb9f9d227d942e29dd057bb25,54858c0dbb0718c0c1719c167cc41a0ad1cd83213cb9dfa6449133792b4de94b
P2,P2_credit_k6_t2,basic,b1bb64f6cdba0599e191b6b15a11c3450a8387a286f65f14fdc580fde8b38bc9,remediation/results/ftf1d-p2-full-20260919/P2_credit_k6_t2/basic.json,2094bdb0f0d5d584be07c780ed6558a66da5982750bd2a06861c2c4a26d37a38,ccdf5c214e26683c6d65143e3029eaad0157a82c7f411b594a3afb6846a36fdd
P2,P2_credit_k6_t2,runnerup,b1bb64f6cdba0599e191b6b15a11c3450a8387a286f65f14fdc580fde8b38bc9,remediation/results/ftf1d-p2-full-20260919/P2_credit_k6_t2/runnerup.json,138215ec4539d022e443b6ca2660c4455c24f672cc4d2742ba46f419041db426,9483dbfe013433c43ab7c566439a9f909c2588541db176cfe2d757c7c66de772
P2,P2_credit_k6_t3,fresh,1b527b49d5aaedba7d5b662ee111e3bfd99d19ee64596d00860f7c35978aeb51,remediation/results/ftf1d-p2-full-20260919/P2_credit_k6_t3/fresh.json,b67704b203fb3218e1fdc0fab2d83c4bf28f48bb8286ebbec8e2890fda7e71a3,46d463a6944ccd4202ce0590b39fdc26d5c41b844a87797124a96f347af8a27b
P2,P2_credit_k6_t3,none,1b527b49d5aaedba7d5b662ee111e3bfd99d19ee64596d00860f7c35978aeb51,remediation/results/ftf1d-p2-full-20260919/P2_credit_k6_t3/none.json,a8ca1a05a6f7177699cae0b3d2ce5f24a942806588e16c572a8b9bec0575080f,d22ec35d2705e0894c4b0934500eb5bb9811f26599b2507fd3b4d7f6b7fac718
P2,P2_credit_k6_t3,basic,1b527b49d5aaedba7d5b662ee111e3bfd99d19ee64596d00860f7c35978aeb51,remediation/results/ftf1d-p2-full-20260919/P2_credit_k6_t3/basic.json,0cf9465a0fd6393a1fd92c5e73a9cf27b0224d9ea8d118602cf60d2be6e32644,efdba9510c80a9ce27dc3b836b550896685774dde6e75842af53ae82b475caf4
P2,P2_credit_k6_t3,runnerup,1b527b49d5aaedba7d5b662ee111e3bfd99d19ee64596d00860f7c35978aeb51,remediation/results/ftf1d-p2-full-20260919/P2_credit_k6_t3/runnerup.json,4009710adceb1a6aace6a57aa7302bf39f748da9c2e33886c18d31578f817cb7,cf4f74ffbe7985b032935c6418a490b8446ea304ac33c7c49155f9d1e3d561e6
P2,P2_credit_k6_t4,fresh,3bd37acb0e39e46d606bb157bbae7f95708b2d1a2ffd7923eda2fff4e343966f,remediation/results/ftf1d-p2-full-20260919/P2_credit_k6_t4/fresh.json,5f6059f1c4ae90a18c2c2aae7ef3ca5f35c51c28ef55377130ea84e98d79d640,f03eb1aa1c0f3c9686b7c91b33837dd5fdc953dd17422228f686361491884431
P2,P2_credit_k6_t4,none,3bd37acb0e39e46d606bb157bbae7f95708b2d1a2ffd7923eda2fff4e343966f,remediation/results/ftf1d-p2-full-20260919/P2_credit_k6_t4/none.json,f5afcbddab537fcda6c96bad3633cb1b4ce922eed3a3c7e571a3b8c92088a777,ff06c36155610305f5ff1bf78cd8d4763ac9cb36ba692af689358c48a4760563
P2,P2_credit_k6_t4,basic,3bd37acb0e39e46d606bb157bbae7f95708b2d1a2ffd7923eda2fff4e343966f,remediation/results/ftf1d-p2-full-20260919/P2_credit_k6_t4/basic.json,c2fd2e21a01d63bb2b1412eaadc357ca110095230bcf60dadcca6b90d7ffd4d5,de4fdf3fa32e9690e9495bcc46923913d1c1e0d277feaf2cacabfb91eb35b3a2
P2,P2_credit_k6_t4,runnerup,3bd37acb0e39e46d606bb157bbae7f95708b2d1a2ffd7923eda2fff4e343966f,remediation/results/ftf1d-p2-full-20260919/P2_credit_k6_t4/runnerup.json,3ac14c8650ff9e2154e712bacbcced3a903335060ae3198d0e042b84c354f61b,f97a20777a34af387320d1d82f9601a5d876c25ab4ff746af48b9e6cbf90fe1c
P2,P2_credit_k7_t0,fresh,cb330aefa84ca3be21f9abdcc8bf2f09c20567a9ffcdc18da43c87a2daf028d1,remediation/results/ftf1d-p2-full-20260919/P2_credit_k7_t0/fresh.json,3e715048b371880053acb9d6268f0145bedc1a4ab4e15e9c980beea55340a28b,cafb06d0720b9b0694515b8571463b191c58741dbe276e75437aae769040db7b
P2,P2_credit_k7_t0,none,cb330aefa84ca3be21f9abdcc8bf2f09c20567a9ffcdc18da43c87a2daf028d1,remediation/results/ftf1d-p2-full-20260919/P2_credit_k7_t0/none.json,1fdc530d1a097e54dec94d32e5a65d98973d62c19abe93dd12ee7ae4f244d078,ef7376a90f756a6defdda59212dccd8d7bf04ba98b894d50e26c45abb07920d1
P2,P2_credit_k7_t0,basic,cb330aefa84ca3be21f9abdcc8bf2f09c20567a9ffcdc18da43c87a2daf028d1,remediation/results/ftf1d-p2-full-20260919/P2_credit_k7_t0/basic.json,90cd8364b157e8ef0d37bb944ad51a2500eb15e2b7b52d135a2639b11e554ef6,6cd6e63a17df8a629e600f63b90cf7fd1735b37e2ba315aeb12f96f085697152
P2,P2_credit_k7_t0,runnerup,cb330aefa84ca3be21f9abdcc8bf2f09c20567a9ffcdc18da43c87a2daf028d1,remediation/results/ftf1d-p2-full-20260919/P2_credit_k7_t0/runnerup.json,c5ea7538949bdfadd45a6d4e4fcd9064f24398d48a1f3dfcc2b955e8c694e632,ca1b5e30296e80a0a76e215ccf3365b7523bfc1734271190d44f558fa9397051
P2,P2_credit_k7_t1,fresh,0760016d4b755522f7642856cf8aa14016924c926b14ab1425c188c29aa80315,remediation/results/ftf1d-p2-full-20260919/P2_credit_k7_t1/fresh.json,00425afef4f8ee4325ca6d8c956ce5b8b7869dcb85b6a17a7a8081e9d73e99fb,bc05bf407b67587af816fca553b6534c316aeff3df7f621589845e9a4f1aba82
P2,P2_credit_k7_t1,none,0760016d4b755522f7642856cf8aa14016924c926b14ab1425c188c29aa80315,remediation/results/ftf1d-p2-full-20260919/P2_credit_k7_t1/none.json,e2a027898147df3f12518c11dda780657134230dd206d9f2d748c1aacbbd0e7e,cc32f02672f2d8db11088195255ec7924295570253fe0a43a99e423b75cccf7d
P2,P2_credit_k7_t1,basic,0760016d4b755522f7642856cf8aa14016924c926b14ab1425c188c29aa80315,remediation/results/ftf1d-p2-full-20260919/P2_credit_k7_t1/basic.json,9c1e8321393e5b2f5d6a24d0c95430a48f631a66aeee29d85cf9a62a14208195,fcc0e8db8acaaf214594e554bc42ebe2ffb1cf1f9d100a94d18b9b61ed9407c2
P2,P2_credit_k7_t1,runnerup,0760016d4b755522f7642856cf8aa14016924c926b14ab1425c188c29aa80315,remediation/results/ftf1d-p2-full-20260919/P2_credit_k7_t1/runnerup.json,c9c8f94429886803f69b3f78c30dd594aa86fa86f89218cf9e68e58f5ab92a84,859fa4e0345e6e25854bdeafffcfedf746273a881d763b2c63100a8c0a3454d8
P2,P2_credit_k7_t2,fresh,0739d91ff3fbf434d86cb1b00b680868a494b209dcdbf8644d06e8abaa0fa605,remediation/results/ftf1d-p2-full-20260919/P2_credit_k7_t2/fresh.json,e26711cb2e1fb140d2be9e263801ceafafcc2b5952fcf19ad3da13acbea172b5,962c662ad3861f34424971936cb264feeca19bc60e7672d78d5b6a58c907937c
P2,P2_credit_k7_t2,none,0739d91ff3fbf434d86cb1b00b680868a494b209dcdbf8644d06e8abaa0fa605,remediation/results/ftf1d-p2-full-20260919/P2_credit_k7_t2/none.json,330f907ca1812079369344fa27f58e99d0d1a452f108ebc45a3657c6858cfc95,1d0f63646617af3659bc2111298612196237ab4bc2617763fe08537bdada695e
P2,P2_credit_k7_t2,basic,0739d91ff3fbf434d86cb1b00b680868a494b209dcdbf8644d06e8abaa0fa605,remediation/results/ftf1d-p2-full-20260919/P2_credit_k7_t2/basic.json,63881260878a6b99c7d8a9f7e246a63bbb9f8ae8d34746330a62407b990c5f3e,b5335c1609d66e7955fb6bdde98ec2507e7bd1dd2e0764b6889d398d53210b3a
P2,P2_credit_k7_t2,runnerup,0739d91ff3fbf434d86cb1b00b680868a494b209dcdbf8644d06e8abaa0fa605,remediation/results/ftf1d-p2-full-20260919/P2_credit_k7_t2/runnerup.json,442bcca7a61fd2c5a0bf95e761eb0ef820cb452d02f278f82c7db78598640e7c,5a071fadbb7edcb63381e24e7716b2549f573d0f0da561ec1fc7b40d2a3b9254
P2,P2_credit_k7_t3,fresh,2f0f404f2ab00bf3c21936ab6d046d64e31068bb74426282d046ce79c9fd50e3,remediation/results/ftf1d-p2-full-20260919/P2_credit_k7_t3/fresh.json,97a8ae7129b28892b97a12145d034ba0a0d59c4e49fef828dbc94b9834a33c61,57e267698186057bed98c31175e3083039a5f4aa15e03173df8cba10ca330faf
P2,P2_credit_k7_t3,none,2f0f404f2ab00bf3c21936ab6d046d64e31068bb74426282d046ce79c9fd50e3,remediation/results/ftf1d-p2-full-20260919/P2_credit_k7_t3/none.json,2805514e4a9956cd14b2db3910ecbb648ae54ed274a772650655ce06a48f69d7,919fc460d4c9ecc2e94d3729d0f48b33ed0cca829f5c15a1cb701f522a36e701
P2,P2_credit_k7_t3,basic,2f0f404f2ab00bf3c21936ab6d046d64e31068bb74426282d046ce79c9fd50e3,remediation/results/ftf1d-p2-full-20260919/P2_credit_k7_t3/basic.json,fa4d8080eb5d1ca085a4c025e41ee03175644a732328a181b0b9b43c05a3fdcf,cef1021f2e7e20db1941cf59682a164cae438739f2bfb62d4a59e2c65b25097a
P2,P2_credit_k7_t3,runnerup,2f0f404f2ab00bf3c21936ab6d046d64e31068bb74426282d046ce79c9fd50e3,remediation/results/ftf1d-p2-full-20260919/P2_credit_k7_t3/runnerup.json,d4e3e936c10f483d20582786812f0fe7ce07d80f33798db9103fc16c9636cb23,877d4b08a26667a1a991902df3f1bb0ffc12b33f0e35d1da8f48b7eeebd43fe7
P2,P2_credit_k7_t4,fresh,35aedca0e001d956e208148f733ae586c9aebac389f17b10b33ef7442d6e9925,remediation/results/ftf1d-p2-full-20260919/P2_credit_k7_t4/fresh.json,7f37d150d9f382a576884ebcebfbb7fa3aafd700673c14d7ba8fc0dddce8ae8c,47d291f1eb4baaf169532952f418cf8f64dabcb3addd3064068b7cc451da148f
P2,P2_credit_k7_t4,none,35aedca0e001d956e208148f733ae586c9aebac389f17b10b33ef7442d6e9925,remediation/results/ftf1d-p2-full-20260919/P2_credit_k7_t4/none.json,309f6fed8a2c5499093af31dac922963e3868ea742f451bc999904864a21aa0c,6a4559ad5076a4920ed87a71b57aff419afbcaa78ebb117e905f48593697dac8
P2,P2_credit_k7_t4,basic,35aedca0e001d956e208148f733ae586c9aebac389f17b10b33ef7442d6e9925,remediation/results/ftf1d-p2-full-20260919/P2_credit_k7_t4/basic.json,45263373247d1a2485bf6811b148860ab8e5fa31ad398ff4d43da2383aba0db3,74877fce9b6919289eaaf34f5b3ebcb0147d8635d4533a38752f5620961a8113
P2,P2_credit_k7_t4,runnerup,35aedca0e001d956e208148f733ae586c9aebac389f17b10b33ef7442d6e9925,remediation/results/ftf1d-p2-full-20260919/P2_credit_k7_t4/runnerup.json,67fce6f6e339e618cd1e8530daa7e4105360d4561c0146e7a075b59dca5afcb1,514f7ee5a6e088fca7fd92255c5ad88c724a0fa8d2f227f442156d03695c211e
P2,P2_credit_k8_t0,fresh,21f9b435a6e74ac19b8e2c91f091ac59f8a8ca8bb92900eb7479a540ed46fade,remediation/results/ftf1d-p2-full-20260919/P2_credit_k8_t0/fresh.json,9fc4c3309884a1ef8addf4d21212551f52ec46d8222f34b19aef27d827c0148b,76ca8bfb53fbec6da1c4a7d3580703892da7265df7b2766d4e6c77e2343e78bc
P2,P2_credit_k8_t0,none,21f9b435a6e74ac19b8e2c91f091ac59f8a8ca8bb92900eb7479a540ed46fade,remediation/results/ftf1d-p2-full-20260919/P2_credit_k8_t0/none.json,4487c9987aaccd9493601e0ce1860ecce18d233030e7b43f798b14ad6ca114df,bbf8c7375c40602cf0e4fb9fd1265be822bf24c5f6ea8248fb3a056ff492e53e
P2,P2_credit_k8_t0,basic,21f9b435a6e74ac19b8e2c91f091ac59f8a8ca8bb92900eb7479a540ed46fade,remediation/results/ftf1d-p2-full-20260919/P2_credit_k8_t0/basic.json,a4c71d4d2786d10a5fcfeb7f6977c1d72118262bac4746acf05f5302d8b5aa9f,32fae603ade4399d712fcc5887ae23b06e1f11beeef614a8596bb335be74dd58
P2,P2_credit_k8_t0,runnerup,21f9b435a6e74ac19b8e2c91f091ac59f8a8ca8bb92900eb7479a540ed46fade,remediation/results/ftf1d-p2-full-20260919/P2_credit_k8_t0/runnerup.json,215b5fc7319d6ca9d112b9ffb1217c4043304b520e07f8f10939e10c1815f70d,611a8cba32fb87a613c28b6b2d01129782e2912dc3a18f9a0df81d86ba4e6743
P2,P2_credit_k8_t1,fresh,19a73faa919f28a7c45374ac8a882ae8bad68eb649956c460ade221e2ccf916b,remediation/results/ftf1d-p2-full-20260919/P2_credit_k8_t1/fresh.json,b752ef01982d648f233767924e7b64067baf78db9f98fa2eaf5a9c9efa615850,b4c58d32cd864b2835eab3d56022ffaf4ffbed89e7d13eaf2eb9f3653261af20
P2,P2_credit_k8_t1,none,19a73faa919f28a7c45374ac8a882ae8bad68eb649956c460ade221e2ccf916b,remediation/results/ftf1d-p2-full-20260919/P2_credit_k8_t1/none.json,2b3275e9c0b79acaa00ae9ebfc21c01c3ae067a851c66462b5f9e1dc4d44cd22,93bee3cedf92cc68baf01865039200587149bce47af565429442f500d1f320de
P2,P2_credit_k8_t1,basic,19a73faa919f28a7c45374ac8a882ae8bad68eb649956c460ade221e2ccf916b,remediation/results/ftf1d-p2-full-20260919/P2_credit_k8_t1/basic.json,1f4ae3050c30ceb770e6acc56e2bf229b4094e86fe9ea3abb844cafa0704fe1f,b00cebb87b7d801adb54a6852fecfdc3c6126a3cf751c72cd46876eaf88c3bc4
P2,P2_credit_k8_t1,runnerup,19a73faa919f28a7c45374ac8a882ae8bad68eb649956c460ade221e2ccf916b,remediation/results/ftf1d-p2-full-20260919/P2_credit_k8_t1/runnerup.json,31a948459e8fc8f1a1a0ec0318f310e7964145b0ec87dad4796f500dbd70b75f,d8eb2cfe21c3a0e078e5507287a60f1a28871574978460292375b016ecab4501
P2,P2_credit_k8_t2,fresh,e54e4f45ad3aa3d615638ceac907f825d5a992e7334be676e0970b7c2ab77903,remediation/results/ftf1d-p2-full-20260919/P2_credit_k8_t2/fresh.json,95e64de2e23c77342ef2d88c0476f9e375f28106bda39a2b07c911a2fceb6978,2c86a52997a6dddf5f48a9326d20d6a60235e86ec3b1a04af6e7137de1fb2234
P2,P2_credit_k8_t2,none,e54e4f45ad3aa3d615638ceac907f825d5a992e7334be676e0970b7c2ab77903,remediation/results/ftf1d-p2-full-20260919/P2_credit_k8_t2/none.json,684237a73056b207a7eac53c1be55a653642cb57ca0055e84b7c26b30db32867,9d0afa58bc435eaf0b2bce3a8a86d3a210b8311f7a45849fc1c8320172286964
P2,P2_credit_k8_t2,basic,e54e4f45ad3aa3d615638ceac907f825d5a992e7334be676e0970b7c2ab77903,remediation/results/ftf1d-p2-full-20260919/P2_credit_k8_t2/basic.json,9fd52ee6d259c82b63880535b8dca0fac162fe9b40328185b7cc30a57b28e6ce,cbeefc492838e59eddd1666cbbc6701a4e30af9b67d9b22c569617994f1f96fd
P2,P2_credit_k8_t2,runnerup,e54e4f45ad3aa3d615638ceac907f825d5a992e7334be676e0970b7c2ab77903,remediation/results/ftf1d-p2-full-20260919/P2_credit_k8_t2/runnerup.json,e49efafdbabe32b6887f8787f4de88f6911ebe4145443d387e3f69e7bd8a6af1,27cf9dac5d7db1f3ca43240637516ce7d0873539032b9d3acefe58f13335844f
P2,P2_credit_k8_t3,fresh,6e06d246385889b61b8353f4d67788d8d136ce82dd646b5b5e923bf9a4eaee2f,remediation/results/ftf1d-p2-full-20260919/P2_credit_k8_t3/fresh.json,3e44096d2789f709e2616c9ca1d030678c3dc63f900afdac2f1c2755145ef73c,7d50058d4f163c1075fe7a4f3603bcb4eaea0faeb67a397e1eb47b09655de762
P2,P2_credit_k8_t3,none,6e06d246385889b61b8353f4d67788d8d136ce82dd646b5b5e923bf9a4eaee2f,remediation/results/ftf1d-p2-full-20260919/P2_credit_k8_t3/none.json,f438c766fad230a82accd96f5ad0fc07b5e204e17985af8eea4e1e1ea9741f0f,b337ba7689be51b419e0ba852e8cdc90de912303ccad20e0ca4dfb04b58fa3c6
P2,P2_credit_k8_t3,basic,6e06d246385889b61b8353f4d67788d8d136ce82dd646b5b5e923bf9a4eaee2f,remediation/results/ftf1d-p2-full-20260919/P2_credit_k8_t3/basic.json,bbe6d99bd913dc43cfc1dc6e7d3cf927d316135ecb33c338daa69bea50c1c53c,08423691b07c787424053b2bf2954e822cc4cbea8755134fa314d7a8a78846e7
P2,P2_credit_k8_t3,runnerup,6e06d246385889b61b8353f4d67788d8d136ce82dd646b5b5e923bf9a4eaee2f,remediation/results/ftf1d-p2-full-20260919/P2_credit_k8_t3/runnerup.json,21db9f61206b235c07d0848e8f6a26f9f707767e40f2379c0e0577185b26059a,e7d8df6aec3bb61229ee82337e6503f83f3c386055082969ca555ee45a1f05d1
P2,P2_credit_k8_t4,fresh,bb53540cdc4a0aa36c7e637b902a54dc1cec1b86035c5d1f3718fb34c87a055e,remediation/results/ftf1d-p2-full-20260919/P2_credit_k8_t4/fresh.json,5175e28b20550f390a2d18ca3276a8bbf3fe3d8d8c1ea293d88f1750d3ae0d74,b930134fb7fa4ef44b49f9c67786a1b3796307e05f7b2e2b996061607d05ad85
P2,P2_credit_k8_t4,none,bb53540cdc4a0aa36c7e637b902a54dc1cec1b86035c5d1f3718fb34c87a055e,remediation/results/ftf1d-p2-full-20260919/P2_credit_k8_t4/none.json,c266811e6fdf679a878c2030aa63fd6d9ba9e4927085bd7c6cc77a9110210062,4fc6d84261fd192a31c71807c499b5cd5936107851ead2efe74df14937cdf171
P2,P2_credit_k8_t4,basic,bb53540cdc4a0aa36c7e637b902a54dc1cec1b86035c5d1f3718fb34c87a055e,remediation/results/ftf1d-p2-full-20260919/P2_credit_k8_t4/basic.json,0121175bcf743a1ce7b27ff948f28a5eda98917ca5a20a93b7d29a5448b22b33,760cfc47e3bd3a6f24ebf2b95f970e8d762537dfd21e2b6087fc069ac49e76aa
P2,P2_credit_k8_t4,runnerup,bb53540cdc4a0aa36c7e637b902a54dc1cec1b86035c5d1f3718fb34c87a055e,remediation/results/ftf1d-p2-full-20260919/P2_credit_k8_t4/runnerup.json,2b158151836070064c2df7b5345e536097e7384cdeb2d3673cae5d6cde87f2c8,852dc8854e7dcb0cfeba5a805d8fdd77c4903a2199cf41fbca35a2301e783064
P2,P2_credit_k9_t0,fresh,3dc99da511f39aa2ff477bcce6c5ae7821116396cd056b0baf4ec9dcf87ce301,remediation/results/ftf1d-p2-full-20260919/P2_credit_k9_t0/fresh.json,dd0db0db05fa3265e439db6acf89721a1163bc26d89ddcff0f40d3bc062bac73,d4529c4562ff50732b50c1f0c7cbeb19f379ec4158e146b21e708e75add91164
P2,P2_credit_k9_t0,none,3dc99da511f39aa2ff477bcce6c5ae7821116396cd056b0baf4ec9dcf87ce301,remediation/results/ftf1d-p2-full-20260919/P2_credit_k9_t0/none.json,7d69656f1e971bb4f39fdc2d761ec08aaa56f361d4e95446eb612b7b5d3b9794,d639c8347b19a6f5ce834c7bf1fa1e39019cc47dc7ff177ca43a3c179c63d954
P2,P2_credit_k9_t0,basic,3dc99da511f39aa2ff477bcce6c5ae7821116396cd056b0baf4ec9dcf87ce301,remediation/results/ftf1d-p2-full-20260919/P2_credit_k9_t0/basic.json,e81c9a1395ce3a664ed32f16564ff1fee81c7eb284dcfbcd1028ecd2f732146f,cf908773d22a71d5235ef08897a2368e4459571efcbdd498f1c19e75735e3d53
P2,P2_credit_k9_t0,runnerup,3dc99da511f39aa2ff477bcce6c5ae7821116396cd056b0baf4ec9dcf87ce301,remediation/results/ftf1d-p2-full-20260919/P2_credit_k9_t0/runnerup.json,e9ded314a2e6f0a21c259ed73cc41e39302026623267b1a6d64cb1ada722b86b,a8eea9b3b3a6de155847cb51e938e02ba2cff33bea3a10031427e92468e95138
P2,P2_credit_k9_t1,fresh,553b8b63759817facc66465887bcd4722daaf4969f6c105423e2c8009f82fe69,remediation/results/ftf1d-p2-full-20260919/P2_credit_k9_t1/fresh.json,bee5fdd28f204c5ee23718d0c215d92f799fcc192b64c0bc4e3286b5eb20b3ff,2b0f7817ce9081cfdd23f2d0d4cc13add396ac5736b7c0f71b9ecdec47936d25
P2,P2_credit_k9_t1,none,553b8b63759817facc66465887bcd4722daaf4969f6c105423e2c8009f82fe69,remediation/results/ftf1d-p2-full-20260919/P2_credit_k9_t1/none.json,08fedc6a315502cbf56c63e1892a96f8798079f16239a25d0f384a6afd367a85,f922cbf44e8b273bacf86ca11c8c61648bf36bd9f356c87f5e599754bdbc20cd
P2,P2_credit_k9_t1,basic,553b8b63759817facc66465887bcd4722daaf4969f6c105423e2c8009f82fe69,remediation/results/ftf1d-p2-full-20260919/P2_credit_k9_t1/basic.json,12b8bb715ff7d8a2d498d2e5c47bc171b4fe9e71d501b667d87d84da8da5044b,029f295d223db36183e5a7670ec595b75301359e1b94fe84116406456340ec0b
P2,P2_credit_k9_t1,runnerup,553b8b63759817facc66465887bcd4722daaf4969f6c105423e2c8009f82fe69,remediation/results/ftf1d-p2-full-20260919/P2_credit_k9_t1/runnerup.json,e989a103f2e7acbfa31c1bd065ee4fb9bdb474ed975d4afd3a6759d7e98effd4,85ea390a8e851f44f190bb1ad9ceec065b1f35783a6fa173ba7e645162b176b6
P2,P2_credit_k9_t2,fresh,0f5589d3a95ed1087f857b2478e0fa919448c337db9e3b6d71cd2d3d49d9e366,remediation/results/ftf1d-p2-full-20260919/P2_credit_k9_t2/fresh.json,1daae30cd96fb19f1a08b2f88e98ec797133a5557780161190c3692efe52a4b9,027f3233045cd7ae5c115ffb01a0109053039302fadc22e79d16f6135335f5ae
P2,P2_credit_k9_t2,none,0f5589d3a95ed1087f857b2478e0fa919448c337db9e3b6d71cd2d3d49d9e366,remediation/results/ftf1d-p2-full-20260919/P2_credit_k9_t2/none.json,7d32330dee45328b3e377f0947fd4b0bbefe09b1b8f66599919691b98e9f857b,dfdb4fccfac058b4ea48f649135da78e245de6087b550595aca0c82832ad56ad
P2,P2_credit_k9_t2,basic,0f5589d3a95ed1087f857b2478e0fa919448c337db9e3b6d71cd2d3d49d9e366,remediation/results/ftf1d-p2-full-20260919/P2_credit_k9_t2/basic.json,3b32e5e9feaa933090f452aa6f92aab8bfadafbc3ca0ed4c877a60a000735b20,8443e3095f8a097c37f25d3fb90ff5e5123ccea342bdb0e7686d0763d6152a79
P2,P2_credit_k9_t2,runnerup,0f5589d3a95ed1087f857b2478e0fa919448c337db9e3b6d71cd2d3d49d9e366,remediation/results/ftf1d-p2-full-20260919/P2_credit_k9_t2/runnerup.json,24197ed25fc65d4e8ad2561346231306c6a8b0481523aa01f01bd1ec3d72f58c,e9886caaa34d71690641e6173c1c1ee7993a6696bc81c06040f6403a3d5c6f9a
P2,P2_credit_k9_t3,fresh,aea5de06c0bfdde3ac428f18d2726c0e3d1a36876ff3984386458ee5a8f66eeb,remediation/results/ftf1d-p2-full-20260919/P2_credit_k9_t3/fresh.json,947ed063b369674ad52011b875f16d56ce3675a4a6cbfc95d816c0216a350cff,38b683144f50c28157f0ed7e0f30ac7c8ff772811b588fa8e13e3c9e23660e72
P2,P2_credit_k9_t3,none,aea5de06c0bfdde3ac428f18d2726c0e3d1a36876ff3984386458ee5a8f66eeb,remediation/results/ftf1d-p2-full-20260919/P2_credit_k9_t3/none.json,d5148700bdb2c0603772c2e935978d2c50fe954ee74bd75cf97a34d81eb240b0,13cae7194d69979c3f69adffbc04fcfd3536e40f5d065af219ef845e7ea2909d
P2,P2_credit_k9_t3,basic,aea5de06c0bfdde3ac428f18d2726c0e3d1a36876ff3984386458ee5a8f66eeb,remediation/results/ftf1d-p2-full-20260919/P2_credit_k9_t3/basic.json,2128f3d4baba173f7e5707ad798e169caf02c9f7be9b7a9666ad668a91e49cfb,69eff4aa4c992f9dde20bdb4debc4dfd1eef47b9ab96f79d4a968abf8e8b2d67
P2,P2_credit_k9_t3,runnerup,aea5de06c0bfdde3ac428f18d2726c0e3d1a36876ff3984386458ee5a8f66eeb,remediation/results/ftf1d-p2-full-20260919/P2_credit_k9_t3/runnerup.json,4c86ad14348c64c3099b3e68ef426f005af9d7c0586f1c735d754cd1bf44cef3,e91d2c9bec36e0c689e3f42d67eb1873b825df30a4c15c573e8f9cc5fa499872
P2,P2_credit_k9_t4,fresh,10c777d93cdeac2247360b7f2f64b14ed92a058c62d9c04e0d8d104398159f04,remediation/results/ftf1d-p2-full-20260919/P2_credit_k9_t4/fresh.json,391261305dafe420996171bff6e4293240dee7c02bf112311c7987855c303e8a,35150e5cdffdb06f7ce1afbbac0ee1dc4092e2e5516c47e5007e1c827595815b
P2,P2_credit_k9_t4,none,10c777d93cdeac2247360b7f2f64b14ed92a058c62d9c04e0d8d104398159f04,remediation/results/ftf1d-p2-full-20260919/P2_credit_k9_t4/none.json,a2c90c6210a746a43876d67f253234937210192d86437c13dbc35dbae0e69fe3,3237e124c1657a5c2967057df81ba092b4747998c6a9ff3d42bbeb1a7494ce5d
P2,P2_credit_k9_t4,basic,10c777d93cdeac2247360b7f2f64b14ed92a058c62d9c04e0d8d104398159f04,remediation/results/ftf1d-p2-full-20260919/P2_credit_k9_t4/basic.json,2431c4aae9f6a331b523e06c6f99950ff99ffca986dba2f3cbf567c7a3bfbf37,d220215a4f30b40ca07f0fd7b6c55784d525495a8f4fa705e0fdbbad16443484
P2,P2_credit_k9_t4,runnerup,10c777d93cdeac2247360b7f2f64b14ed92a058c62d9c04e0d8d104398159f04,remediation/results/ftf1d-p2-full-20260919/P2_credit_k9_t4/runnerup.json,e01b6bb722a978c1310d012cb4b6761418410fae433a1ceb30c2df63be96a4a6,b087c89e679b7958651a9f89144b46f3b4b46739ce251d8566e53da0113f9ac2
P2,P2_credit_k10_t0,fresh,e0af467ccebaa5e3bc94c71f119c7a14a865e657d961716c5c6b545e93ea86cb,remediation/results/ftf1d-p2-full-20260919/P2_credit_k10_t0/fresh.json,52f10cf2939f3534c0cd70a246dd2b8041479298b60f5b92c34da1040f6a8e24,7d7fe19cd919cdea4b44cae7ab0b7a2e36d375933060d431a94b334fa47d759e
P2,P2_credit_k10_t0,none,e0af467ccebaa5e3bc94c71f119c7a14a865e657d961716c5c6b545e93ea86cb,remediation/results/ftf1d-p2-full-20260919/P2_credit_k10_t0/none.json,a24f04ee6429ae08ade8cceddaab3a4d9bca3adeb9ad3372d77a244e57bbdc89,5c444b17cd8fadddb8e116fb2d255a242d019f87ea12b48325336b022070ee28
P2,P2_credit_k10_t0,basic,e0af467ccebaa5e3bc94c71f119c7a14a865e657d961716c5c6b545e93ea86cb,remediation/results/ftf1d-p2-full-20260919/P2_credit_k10_t0/basic.json,a4ef609ea2da4681a79bc8add4705da4a13336b64daf3d8fcb82d1fa08562b34,83c6efceb3c349c803dc725df0feae4c1c27c6d7887de13cc87584deb4d9c9cc
P2,P2_credit_k10_t0,runnerup,e0af467ccebaa5e3bc94c71f119c7a14a865e657d961716c5c6b545e93ea86cb,remediation/results/ftf1d-p2-full-20260919/P2_credit_k10_t0/runnerup.json,902822478b210cec3ca00873b241ebf72188865ef62fa063235cba21b4f7483d,8ad16a242ad7466de3303caf74189a597481ff43bc1b8ea6adaa758861760560
P2,P2_credit_k10_t1,fresh,c5ac5ce863ce464bae59e9b3cd9a7c116321ade7742e013f0d3d36d61a6c432d,remediation/results/ftf1d-p2-full-20260919/P2_credit_k10_t1/fresh.json,c12eba112106537ee8f253873c8c7d2d921f5da30d61c73f9962733ed75f16f8,01aa031794426f5ec3a4cc159cce53bc04c0d038bf9e39657de30de847125577
P2,P2_credit_k10_t1,none,c5ac5ce863ce464bae59e9b3cd9a7c116321ade7742e013f0d3d36d61a6c432d,remediation/results/ftf1d-p2-full-20260919/P2_credit_k10_t1/none.json,f2b1d541b86fe2349f6933c8c47c87c68debea4bfbcdba4c67a80698e9877859,674089d37feb73322aa3741ca1e457ee8aa85ab9982c59cc899c2e56ad887444
P2,P2_credit_k10_t1,basic,c5ac5ce863ce464bae59e9b3cd9a7c116321ade7742e013f0d3d36d61a6c432d,remediation/results/ftf1d-p2-full-20260919/P2_credit_k10_t1/basic.json,0fa792117561643a559b55a315aa002971c0a3032305f340d16f7b29478348bd,eb6495932f99ac5085886c3d88a846247319d6359060a96614c668bf66a985ba
P2,P2_credit_k10_t1,runnerup,c5ac5ce863ce464bae59e9b3cd9a7c116321ade7742e013f0d3d36d61a6c432d,remediation/results/ftf1d-p2-full-20260919/P2_credit_k10_t1/runnerup.json,76d858d66b3607af429184ab02330630b5ec634b7dfd81c8dd167e4c0d322396,4378988929ed5c5787756bef2a8c1a4fd4e5bca2dea2086cc84036052ea667e8
P2,P2_credit_k10_t2,fresh,c8cca25c00a35b30a7b7acab2269587b7a94ab16b6089080849ecb343ba139df,remediation/results/ftf1d-p2-full-20260919/P2_credit_k10_t2/fresh.json,698a92e3533793fbbf702025a00ea8a7e34f662ae8b3c49cc52131c0baf58f33,a88c89191621dc64364e93ffd530a1e1a92b202a3f4cac4a4a92b1712034d43c
P2,P2_credit_k10_t2,none,c8cca25c00a35b30a7b7acab2269587b7a94ab16b6089080849ecb343ba139df,remediation/results/ftf1d-p2-full-20260919/P2_credit_k10_t2/none.json,54833c1fa6db07dd7ea4194f3875af53b9a9217ef55570b0839a9bd71c513dfa,0aa7996220ea9d12d3b0e59c47d3ff52a6cfe434aa1b82654c5c77e251ebaf39
P2,P2_credit_k10_t2,basic,c8cca25c00a35b30a7b7acab2269587b7a94ab16b6089080849ecb343ba139df,remediation/results/ftf1d-p2-full-20260919/P2_credit_k10_t2/basic.json,abf32531141da72aa5fd2f456364d03ab7df49aef6199b1f881ff50169f545dd,3c0f4fbd398dfc560ef9152b7161532033ba0056a107427b1be66a418b98e14f
P2,P2_credit_k10_t2,runnerup,c8cca25c00a35b30a7b7acab2269587b7a94ab16b6089080849ecb343ba139df,remediation/results/ftf1d-p2-full-20260919/P2_credit_k10_t2/runnerup.json,921ad16ccbdd48b3d145ad438082f6bb31de2b06e1d34959f99ec303f180ffa4,3ba726a404614af2a25bef5cb3e458e431caf7db94db46d24c614c4c92b92407
P2,P2_credit_k10_t3,fresh,4724e4d68f2e8e44fd559b50ffd7d7769d198e88e55ea37615aac8af09760776,remediation/results/ftf1d-p2-full-20260919/P2_credit_k10_t3/fresh.json,928ca91e44362fe8d9cebff0e4dd179d0f4c8ef72b71a50e62371da032fc19e3,02c4e9bd5eed6e3dc4487c5c3a059bbdd60a3dafd9e165317a7669fcbf9cb1ac
P2,P2_credit_k10_t3,none,4724e4d68f2e8e44fd559b50ffd7d7769d198e88e55ea37615aac8af09760776,remediation/results/ftf1d-p2-full-20260919/P2_credit_k10_t3/none.json,776ce979024b045393c6f77581d130ee8f4041793445cbe6882f114a44a71c31,844fd23e6e7a7ccf94aa4a652071533c98a4464c27215d987179f5394b3589cf
P2,P2_credit_k10_t3,basic,4724e4d68f2e8e44fd559b50ffd7d7769d198e88e55ea37615aac8af09760776,remediation/results/ftf1d-p2-full-20260919/P2_credit_k10_t3/basic.json,f7bbb0706bc41428bae3ad4d55ad5d6c8ceb83edaadaf59764304924cd0c403f,355681e9ba42e3e3e2409d858581537d8b5fababd2483d2f4f1b62b8b71ab048
P2,P2_credit_k10_t3,runnerup,4724e4d68f2e8e44fd559b50ffd7d7769d198e88e55ea37615aac8af09760776,remediation/results/ftf1d-p2-full-20260919/P2_credit_k10_t3/runnerup.json,82923dbef81a6a4de9343730652e284eab00642a0aadac949593f63d457fb602,f7131cb1c52d4d929be6e4c7bb483881e549b5f65404164ad05c44244e629f82
P2,P2_credit_k10_t4,fresh,a63f91f545b8b66f69519e2b9263efaa3364df6167b2395f30b0e9b969839cef,remediation/results/ftf1d-p2-full-20260919/P2_credit_k10_t4/fresh.json,f7885390b6571fdbc006f4a5ccebe24ab0a93880146e25cb2a238809c72a4e8f,cbd1f9e3a3c955601332e010dd4540f7bf2852e1762c839e63b685aeb0583a2f
P2,P2_credit_k10_t4,none,a63f91f545b8b66f69519e2b9263efaa3364df6167b2395f30b0e9b969839cef,remediation/results/ftf1d-p2-full-20260919/P2_credit_k10_t4/none.json,edd8b74cda1bb465dec2a39bbe660d2c9445bbf2da8aac9cc87ce5bad9dbda4d,5abe19098fb2e46e2252d7e75c86856c35b3283bfcd944135ae570efc7ba08d5
P2,P2_credit_k10_t4,basic,a63f91f545b8b66f69519e2b9263efaa3364df6167b2395f30b0e9b969839cef,remediation/results/ftf1d-p2-full-20260919/P2_credit_k10_t4/basic.json,2b2760641830025cb784e06074c63bc1363de9faaa18d46317ddce05d5ea0541,7f7afe582bad9fd49abf04c8789b0df42c16146d9b95b6f782cc402aceb9b7aa
P2,P2_credit_k10_t4,runnerup,a63f91f545b8b66f69519e2b9263efaa3364df6167b2395f30b0e9b969839cef,remediation/results/ftf1d-p2-full-20260919/P2_credit_k10_t4/runnerup.json,eb4d27977b3dcf15cc61e89dc4823af5a7624811a473241bb124865066c29693,dbb170d7f7cb39141f9657e3c5ee8348802c5429f100bd941995ae05d0a712d7
P2,P2_credit_k11_t0,fresh,cd51401a7ab87a81a32684a1648b87db5b4693baec04bce56e423a52b155dc1f,remediation/results/ftf1d-p2-full-20260919/P2_credit_k11_t0/fresh.json,9aa1bb6097d5d54bb08750f122b692e60b649263adf5e2dd123d173e083f13b9,e7bf3601a05d614754fede5cfc69148d6831629fd8f9c20a51f9c645d26afa2b
P2,P2_credit_k11_t0,none,cd51401a7ab87a81a32684a1648b87db5b4693baec04bce56e423a52b155dc1f,remediation/results/ftf1d-p2-full-20260919/P2_credit_k11_t0/none.json,470bc8485b32c53cb60e16df45d8afd90dcaca37f9b8e86bbfa5e75ac1124e26,5e0943daf632dd3810e2cb42b865a3a1c5369a462235f5fc1ff39ba189b72e04
P2,P2_credit_k11_t0,basic,cd51401a7ab87a81a32684a1648b87db5b4693baec04bce56e423a52b155dc1f,remediation/results/ftf1d-p2-full-20260919/P2_credit_k11_t0/basic.json,92ad9f0e512601655e0237f608364402c0b4e9af7b6540eaa032d129fe9af9d5,3511cbacde6cc22ca7fece7301ba3793f4552792e78b9c463c626cebf5034851
P2,P2_credit_k11_t0,runnerup,cd51401a7ab87a81a32684a1648b87db5b4693baec04bce56e423a52b155dc1f,remediation/results/ftf1d-p2-full-20260919/P2_credit_k11_t0/runnerup.json,398c31f842ed4371a69622c6e6bb02c4c2a74a5dab48fc208c5e2a8611bb7ea2,f9ff3ea645de7a19f9edc617aac5e50aaff59809a3e7f9607eb8bb9f66d3adeb
P2,P2_credit_k11_t1,fresh,583fa998633bbd32aeffeba893774f0a5fa8200a3967febbdd67891b14c3e6c6,remediation/results/ftf1d-p2-full-20260919/P2_credit_k11_t1/fresh.json,564cea80e0a4de6a84616dc0095b9c875222cf2bee92684789b914dd3079d267,4c2f134ad27ef805a21cbcf4d9bf151583e7c949bcfdfa2286388ead26c0e30d
P2,P2_credit_k11_t1,none,583fa998633bbd32aeffeba893774f0a5fa8200a3967febbdd67891b14c3e6c6,remediation/results/ftf1d-p2-full-20260919/P2_credit_k11_t1/none.json,722cf2ab9fa16d3c23e16d1832ed85a2377fc679e6fd4e591dc0a275dac375f3,7525fd82dc104c7b0754829fc22759a12564c0ff4d1a629db743ae39577c7e90
P2,P2_credit_k11_t1,basic,583fa998633bbd32aeffeba893774f0a5fa8200a3967febbdd67891b14c3e6c6,remediation/results/ftf1d-p2-full-20260919/P2_credit_k11_t1/basic.json,3b6a3d6dd7bed84bcb89d20aac40d6a5739705109e5f152515ca817b631bf24c,e9b388a988c8a41702fe189ecef1df20747f71ae426ff4fa3c044a0c31fa613d
P2,P2_credit_k11_t1,runnerup,583fa998633bbd32aeffeba893774f0a5fa8200a3967febbdd67891b14c3e6c6,remediation/results/ftf1d-p2-full-20260919/P2_credit_k11_t1/runnerup.json,99cb2d45b0a58d9293fcb751fb1c083f9b604d0ba29f91b9b6546abcca82e2d6,e8ffc86a6bb26d7a270e12e1e93f8c0283a46393e7e7d5958f6597951e362bf4
P2,P2_credit_k11_t2,fresh,53ad28094e624e680af43bb06b51b2d63dbba45b69a0f237c88a53b46a10c139,remediation/results/ftf1d-p2-full-20260919/P2_credit_k11_t2/fresh.json,a5fbfc316d311e1b770397d7ad980e3d636b1ac311a1add12904032e724a8bff,9f818c4d5ce5df734905b074429cdc13f27fdce38366812b01f1b9d8be805e63
P2,P2_credit_k11_t2,none,53ad28094e624e680af43bb06b51b2d63dbba45b69a0f237c88a53b46a10c139,remediation/results/ftf1d-p2-full-20260919/P2_credit_k11_t2/none.json,8ff522384eb7936f2caf599aafc85deb047c7d078c1b14c1307c274b30629aef,9335de8c99b2518cca987fe279846d86e61b8b855738d0a5dc29b97c4c60f7aa
P2,P2_credit_k11_t2,basic,53ad28094e624e680af43bb06b51b2d63dbba45b69a0f237c88a53b46a10c139,remediation/results/ftf1d-p2-full-20260919/P2_credit_k11_t2/basic.json,7d043216f39373adbd785400df3152752e63a3255f306439c703e96bd3f25b6c,a26ed5c3ea8ad47b6dbca545f792a83ca289af4b300b56cc1151996ebedf8373
P2,P2_credit_k11_t2,runnerup,53ad28094e624e680af43bb06b51b2d63dbba45b69a0f237c88a53b46a10c139,remediation/results/ftf1d-p2-full-20260919/P2_credit_k11_t2/runnerup.json,3db7e0b0b8837e621795e312888cddf46c4f4ef77901caf4fa65159b44b19d33,c87a288dbfebb13e3ebdcba68fe49ced3261f77b10dafc48ab4997f8df1a2f1c
P2,P2_credit_k11_t3,fresh,2323f093b4464c58f7cf0d263a7e0d7d30c87ce18618ea8065d4d47801a0f084,remediation/results/ftf1d-p2-full-20260919/P2_credit_k11_t3/fresh.json,668a582dd299ae7d8fe3f5157e0268fd3f7ae4b14429f474eb42477ce7d50bea,ddbb3df35cbd0274c9c1d65bcf9f2f778652b126613dbb42f4ba1f8e3535d762
P2,P2_credit_k11_t3,none,2323f093b4464c58f7cf0d263a7e0d7d30c87ce18618ea8065d4d47801a0f084,remediation/results/ftf1d-p2-full-20260919/P2_credit_k11_t3/none.json,0d3224ddaeac3cb299d3a6b4b03e2bb76c1bec4183edb2589e365e0bb83decf3,8d0702631f2929ffaa1313113c5bf5304a9eb70fda3143604d3dd5208e8d70bb
P2,P2_credit_k11_t3,basic,2323f093b4464c58f7cf0d263a7e0d7d30c87ce18618ea8065d4d47801a0f084,remediation/results/ftf1d-p2-full-20260919/P2_credit_k11_t3/basic.json,b6aa5f6a3ea916d0c85ad42076ded3b4e7fd8414f8d00392c12c92c741e413f2,8ee2b37a240814a33b1ad6c37b04925f40d5f40eb227d786f1552f70a08c9bcc
P2,P2_credit_k11_t3,runnerup,2323f093b4464c58f7cf0d263a7e0d7d30c87ce18618ea8065d4d47801a0f084,remediation/results/ftf1d-p2-full-20260919/P2_credit_k11_t3/runnerup.json,c931435c2d06a8189f3229d80c457e0191a9082fff71c48803b13e9073331ffb,c1967edcf373c86b79de09e85640241c146936aadfd05431b73308736a26adc7
P2,P2_credit_k11_t4,fresh,712b8b7026217b4160c4645304aa17dcd7abb36e3da2d6027d0c623dda97ee8d,remediation/results/ftf1d-p2-full-20260919/P2_credit_k11_t4/fresh.json,5f0018df31eb18e00bbc698fea72496bcc61754b56d55a3898201f0f105fccc2,c6f8d74b6793607b492364fd3a7651fdc0ea50d149a9ee789618f93175f3b24f
P2,P2_credit_k11_t4,none,712b8b7026217b4160c4645304aa17dcd7abb36e3da2d6027d0c623dda97ee8d,remediation/results/ftf1d-p2-full-20260919/P2_credit_k11_t4/none.json,615e673f909eec7173d95f52df170b5f52fd613612e68ba61c3fe6c65de3a61e,bb828cb49fcc7f0561959021d153cfb23c2be2762251dbbc535b5cbdaab7bcf7
P2,P2_credit_k11_t4,basic,712b8b7026217b4160c4645304aa17dcd7abb36e3da2d6027d0c623dda97ee8d,remediation/results/ftf1d-p2-full-20260919/P2_credit_k11_t4/basic.json,d25089157efd5f33d1eeed03862d560e768ad071789df5331d3af5ef20f481b5,e410ae26fd49f6635a32d7c01e8c67f93af804c1ee783550150f62e666131eaa
P2,P2_credit_k11_t4,runnerup,712b8b7026217b4160c4645304aa17dcd7abb36e3da2d6027d0c623dda97ee8d,remediation/results/ftf1d-p2-full-20260919/P2_credit_k11_t4/runnerup.json,9ce8a576e3a079602f057f6718aa46a3d59210025562a4df9b93ce05069e1bcc,fb0f01fa7f08fcf20cfbaca9e2eeeab2795ef5f10a252ef1abd0aa3d4b432645
P2,P2_credit_k12_t0,fresh,39bc4da9ae37cc872620091ec2185f598f82ded124c8161fc22e93d2e90f8694,remediation/results/ftf1d-p2-full-20260919/P2_credit_k12_t0/fresh.json,f61e0dc26d3a5a828dea4989bfca58375fec66c77109b09ca48345f9b6912ec0,91787a2571d112ee91431d77ffa0a78a57ff0d61461c4bca32475fca61c7214c
P2,P2_credit_k12_t0,none,39bc4da9ae37cc872620091ec2185f598f82ded124c8161fc22e93d2e90f8694,remediation/results/ftf1d-p2-full-20260919/P2_credit_k12_t0/none.json,a712bc6a1a6c30ecd9f24c93589b852213888f99ee165b263e715b6539d09634,c2794837f2cce61d904096ec1bdba2f554f155fc34db3cbe21b061f344cb8094
P2,P2_credit_k12_t0,basic,39bc4da9ae37cc872620091ec2185f598f82ded124c8161fc22e93d2e90f8694,remediation/results/ftf1d-p2-full-20260919/P2_credit_k12_t0/basic.json,bd5bd8827161338ab01903db118c014530db7a7d74678cc0b5279d809e1bc9ec,4abe93c9cee55e300dd2af20fb8a824b1abbc67eb4ad819f2832d3e1016f0242
P2,P2_credit_k12_t0,runnerup,39bc4da9ae37cc872620091ec2185f598f82ded124c8161fc22e93d2e90f8694,remediation/results/ftf1d-p2-full-20260919/P2_credit_k12_t0/runnerup.json,8d93800e096441aa10fef93019c00736c77eaee250e9a34750528133dc82d9e9,4b9006aa26ce916a5dc4053c3f3cc34f6b59474aa7cc72cbe08fe7fd6488e21d
P2,P2_credit_k12_t1,fresh,6eeda401c01fcdf0b0506032635f1bb8f26edc13bae09e7589f4ae7d647924ec,remediation/results/ftf1d-p2-full-20260919/P2_credit_k12_t1/fresh.json,1221257d497384c0700d517bb7fbdeeab36dcdde8d70cd97aa2b5b5daae5205c,629b2c5d844e17a33c4c91d6681f5288bb33caa19f377b67e3660b61ad3a77c6
P2,P2_credit_k12_t1,none,6eeda401c01fcdf0b0506032635f1bb8f26edc13bae09e7589f4ae7d647924ec,remediation/results/ftf1d-p2-full-20260919/P2_credit_k12_t1/none.json,c0c0467509d7bfe35845f88fd6f7caf9fa29013a0ba9a05aa3d4e8a5adc1fa6b,961977396a12525c851fff8328452eabcb6da84f6c2a87f88e8eeccb0db7d35d
P2,P2_credit_k12_t1,basic,6eeda401c01fcdf0b0506032635f1bb8f26edc13bae09e7589f4ae7d647924ec,remediation/results/ftf1d-p2-full-20260919/P2_credit_k12_t1/basic.json,787faddaea74a84be37eac0405821b4578fee880f0c3b4a7a3e2cf9249979640,007dc59d5b215b4d9b89e1f795a8765980cfab2b980d79ed71ced1518fe99519
P2,P2_credit_k12_t1,runnerup,6eeda401c01fcdf0b0506032635f1bb8f26edc13bae09e7589f4ae7d647924ec,remediation/results/ftf1d-p2-full-20260919/P2_credit_k12_t1/runnerup.json,460bf396acdebe1a35d9f22bb5c5533b3478a83c96a91dda8d87a958af4281a5,5231ee4ff17ebfbb84dd00b999cbf7cb944474624e42d6ea105c03b11dbaac7b
P2,P2_credit_k12_t2,fresh,39e7162f19a796886a19ea6d60b44b33f33b89c6b154e8fba73beb0560a3f0cf,remediation/results/ftf1d-p2-full-20260919/P2_credit_k12_t2/fresh.json,45ed558a399b95043dc4fcab031a9f7ff9b750cf53ebcb8ba12d43736b2df777,6dbd115ca304f7ca0ecbfed63dab3781d019bd3fc00f96b144f072b3a9275f81
P2,P2_credit_k12_t2,none,39e7162f19a796886a19ea6d60b44b33f33b89c6b154e8fba73beb0560a3f0cf,remediation/results/ftf1d-p2-full-20260919/P2_credit_k12_t2/none.json,3a2569a227e340ce7c5a1495f9a235c2ddf736f07e84c6a7abbd7fcc108f3219,fc4bf238b4c1387910e2088a7afcebaed69e486089b83ac188d83184891040e7
P2,P2_credit_k12_t2,basic,39e7162f19a796886a19ea6d60b44b33f33b89c6b154e8fba73beb0560a3f0cf,remediation/results/ftf1d-p2-full-20260919/P2_credit_k12_t2/basic.json,4cde465e7fa88a9898bd4616a9bbb12a04266d5e142f5c421acaf14d3f851ba5,55e6d9d448e27132f9e2d824abb649f72d746ccf6973afad64800f95fea3ca76
P2,P2_credit_k12_t2,runnerup,39e7162f19a796886a19ea6d60b44b33f33b89c6b154e8fba73beb0560a3f0cf,remediation/results/ftf1d-p2-full-20260919/P2_credit_k12_t2/runnerup.json,21f973b622322b2b38e4a1b54cd239dd271c65368fe75590e3d4613d7c8c5548,36217d503c95f43fd960079aa5e05240fc75fa0002a86095a54bcb00f5796254
P2,P2_credit_k12_t3,fresh,2d62d4fd5d64181aae8766e8730ef7c8765f79f4b4eb1ee4f70d544ba5041e4a,remediation/results/ftf1d-p2-full-20260919/P2_credit_k12_t3/fresh.json,9f0190b82728115455e309119a48a0454c46eab0e5d91547a322664eb0b806ff,14020e579d48f2378200fa799f574b05f95dce1fcd2366c408f572de996800b7
P2,P2_credit_k12_t3,none,2d62d4fd5d64181aae8766e8730ef7c8765f79f4b4eb1ee4f70d544ba5041e4a,remediation/results/ftf1d-p2-full-20260919/P2_credit_k12_t3/none.json,e86b8fc962f44368c1f0f2ca99a4e089744ba906f03ad3584d0f020453e5bce2,9cf3c3b5ba52cb8cb812e4507e04e83269d4888954cb215cd892dc9c7542cca3
P2,P2_credit_k12_t3,basic,2d62d4fd5d64181aae8766e8730ef7c8765f79f4b4eb1ee4f70d544ba5041e4a,remediation/results/ftf1d-p2-full-20260919/P2_credit_k12_t3/basic.json,ec4691bef8d5ec613410b24b5c55e2019436b7cd1132418c16d2de8afc32d168,0ab6ed0f1bb24f02f25aaddc969a2ae00985052ae47ed9b2c8144a5a406ae50d
P2,P2_credit_k12_t3,runnerup,2d62d4fd5d64181aae8766e8730ef7c8765f79f4b4eb1ee4f70d544ba5041e4a,remediation/results/ftf1d-p2-full-20260919/P2_credit_k12_t3/runnerup.json,642311b1bb6ca449a774ff8685cb5c6e2d6ce02fbb4d5a47d8b4d19e0b332dff,3be6f04661e15b8823f74541d4eba0412f0d5e0fcb10a6fda6a047bcf7d0fa75
P2,P2_credit_k12_t4,fresh,bfd9dbc83c1d5c6b65d946da05699d0fcb06a7f1ef1dcdf7a1845ba7fabaff53,remediation/results/ftf1d-p2-full-20260919/P2_credit_k12_t4/fresh.json,7da19cfa31d1b2bcacd9ed33c057b8b8cbaa4986ca291e8744317c6c2e9743dc,fb95a46b271b901bc6f910bd97e55ce8ec584780d9db263b9e5b935acee5fd38
P2,P2_credit_k12_t4,none,bfd9dbc83c1d5c6b65d946da05699d0fcb06a7f1ef1dcdf7a1845ba7fabaff53,remediation/results/ftf1d-p2-full-20260919/P2_credit_k12_t4/none.json,b88a4b6134c99f1159a0ce812c022a3cfa6e360bee3755e0b2f31bf82bdd3ba8,99f4bdba36906472ee1f3b5a741149173f75b363a91c6e3618a086712c8b1f68
P2,P2_credit_k12_t4,basic,bfd9dbc83c1d5c6b65d946da05699d0fcb06a7f1ef1dcdf7a1845ba7fabaff53,remediation/results/ftf1d-p2-full-20260919/P2_credit_k12_t4/basic.json,e2bdfaa6595f59b8e28f60fd0e6503ae9df49e3baf3fdc726b151e61198ce4fd,bc003822711b0631bc9a4fbc56d6bb41c8c325dc5feedcf75cd33a2eb9ab6aa1
P2,P2_credit_k12_t4,runnerup,bfd9dbc83c1d5c6b65d946da05699d0fcb06a7f1ef1dcdf7a1845ba7fabaff53,remediation/results/ftf1d-p2-full-20260919/P2_credit_k12_t4/runnerup.json,e218d638249a67fb9f750ae9e6f19a41616f1ca3de077ea8b5231979ecd988f1,a72a7bcc7d781db555b9a0e4d717651c16d89e06888ea63dd2d41bf9a4d2a15c
P2,P2_credit_k13_t0,fresh,1bf1565ddcbbf7aab8d66b90c26af4ca1f7e8821062df8cb87ba47508aafd6a5,remediation/results/ftf1d-p2-full-20260919/P2_credit_k13_t0/fresh.json,4814b7c27e8273af9fc019c7afbf6eb9c7aa1a1b5662205e7483944dafeca139,798a2cb75fdfda5066abc1128a203d507bf46b0ed82afff52d792797930971f5
P2,P2_credit_k13_t0,none,1bf1565ddcbbf7aab8d66b90c26af4ca1f7e8821062df8cb87ba47508aafd6a5,remediation/results/ftf1d-p2-full-20260919/P2_credit_k13_t0/none.json,87b25c4a020a8fddbd5c1d971b264e410a618f8275b8b07a2cf2ec6472961106,821007daa262e077d20ba75a5ab9b9029c51df099a98f7a2012eff2b1b84d57d
P2,P2_credit_k13_t0,basic,1bf1565ddcbbf7aab8d66b90c26af4ca1f7e8821062df8cb87ba47508aafd6a5,remediation/results/ftf1d-p2-full-20260919/P2_credit_k13_t0/basic.json,c03dcf4ce76d9f6b9780652ae09eb8b614d6e38b804876daa9c6418ed67dc49c,6cb4946c3d5d965f8628764cccb7ac87dac008973fd8c871eaa873ebfad1fcec
P2,P2_credit_k13_t0,runnerup,1bf1565ddcbbf7aab8d66b90c26af4ca1f7e8821062df8cb87ba47508aafd6a5,remediation/results/ftf1d-p2-full-20260919/P2_credit_k13_t0/runnerup.json,ad82397e924eacf32c0cfc9af76388ce2de17bdd076d63f3f8620a9595413bd6,b77a9ed90795d8097e2011ac06e5891197abd33a57dbf5f58fe0d3220dd24b5f
P2,P2_credit_k13_t1,fresh,7de650f5f6bf06d573872080d57c1c3368438a0ba40adf4e71d455d62e398342,remediation/results/ftf1d-p2-full-20260919/P2_credit_k13_t1/fresh.json,355c054927e19a82a94ec3585de5379cd3a02cac25560418eb008fbdc96ec306,07766bdd10cd025acb0d851d52cd3a309b257f2bd45e6a495f6207216a00b1d6
P2,P2_credit_k13_t1,none,7de650f5f6bf06d573872080d57c1c3368438a0ba40adf4e71d455d62e398342,remediation/results/ftf1d-p2-full-20260919/P2_credit_k13_t1/none.json,f5852061593e64a8e8ef9cbf4296ce9ceeb03a2132e69a23f93daa23b07b570f,6ee320fe724958669fe1d532a517f0d2c68552b3c99b5b6424711187e5342c3c
P2,P2_credit_k13_t1,basic,7de650f5f6bf06d573872080d57c1c3368438a0ba40adf4e71d455d62e398342,remediation/results/ftf1d-p2-full-20260919/P2_credit_k13_t1/basic.json,3504ddb6331ae0632ee506fa15e0aae760d156981b68b9933c3a2757f0a833c9,6da8ca73ae86296057be317e0cb2c19f56812581ff380764a454b24ed7a2efbe
P2,P2_credit_k13_t1,runnerup,7de650f5f6bf06d573872080d57c1c3368438a0ba40adf4e71d455d62e398342,remediation/results/ftf1d-p2-full-20260919/P2_credit_k13_t1/runnerup.json,e19f009db3f9a685a2c0bfaa92712556f1875c382dbb6ec2d298e360f09b3c83,bb0a7011c26b5a794d215884ea3c3882df74b3bac927e1b951e26ed1546f30e2
P2,P2_credit_k13_t2,fresh,4e8b1be8aea825355b5acd384ca0389b01825f256754a9135f8794277de39648,remediation/results/ftf1d-p2-full-20260919/P2_credit_k13_t2/fresh.json,53a7837c3393eadabd4a7ac180052e06d10b41e3f3619b61bf7ff54300b5f679,a747d1d8e0f3d232a104603cc7a3d2a3ea33a04048a01905479137de3e4f7a2f
P2,P2_credit_k13_t2,none,4e8b1be8aea825355b5acd384ca0389b01825f256754a9135f8794277de39648,remediation/results/ftf1d-p2-full-20260919/P2_credit_k13_t2/none.json,18b40c6049efd838dd7af10d843c14aa2fbb492e27e9ce698339c6bb4828717f,3ca8bed9983b999e209abf28a37b470f3cc969ea34cfbc119c73821e69af7e1d
P2,P2_credit_k13_t2,basic,4e8b1be8aea825355b5acd384ca0389b01825f256754a9135f8794277de39648,remediation/results/ftf1d-p2-full-20260919/P2_credit_k13_t2/basic.json,b4963deef3b6f68960d5af3afd270a7eeb5a19a118b6b8f609e0862f96b9968e,856a157a36848469fa6c09da4b02ca6f068744d517d33c27d2766d213fc8127b
P2,P2_credit_k13_t2,runnerup,4e8b1be8aea825355b5acd384ca0389b01825f256754a9135f8794277de39648,remediation/results/ftf1d-p2-full-20260919/P2_credit_k13_t2/runnerup.json,4d85a6c35d615fb21586237e6001673c329feb4f9c6ef711089eac90b802ac23,af38c8d9d83df447b73e14cd8be1c733c534c55d517aff082a9eef8cde6efae6
P2,P2_credit_k13_t3,fresh,9bf5fac376220653bfe1046480a880a2ca93c328a47dafbbdda2e16265a14b19,remediation/results/ftf1d-p2-full-20260919/P2_credit_k13_t3/fresh.json,ce7977b4b8a8c508e78f12138afb0a74081382c389242f12686454f0d4c22cba,8a035f74484e6534076a1d501ec530c39346f687ae1ccc6f18c32fa17d4ae649
P2,P2_credit_k13_t3,none,9bf5fac376220653bfe1046480a880a2ca93c328a47dafbbdda2e16265a14b19,remediation/results/ftf1d-p2-full-20260919/P2_credit_k13_t3/none.json,3aff6cebffd40ee27d66924ff4ea07a44a15dfa2b73e977a51018f1ec581f7ac,9386d33858af7ca02866f18fe80ba13e68037b089083dd2fa28946b6f2edb2cf
P2,P2_credit_k13_t3,basic,9bf5fac376220653bfe1046480a880a2ca93c328a47dafbbdda2e16265a14b19,remediation/results/ftf1d-p2-full-20260919/P2_credit_k13_t3/basic.json,23976839b0a977ee03a3ba7120961561eba1de5c8ea31381009568e5e9059806,cbdc64a4ac8a7168f16884ca5be67f438202656d02e23c83af6749a23d844c8b
P2,P2_credit_k13_t3,runnerup,9bf5fac376220653bfe1046480a880a2ca93c328a47dafbbdda2e16265a14b19,remediation/results/ftf1d-p2-full-20260919/P2_credit_k13_t3/runnerup.json,a5e59265c991df7e3aef4806612c5f18f4f8bf8471dff20d0eb70eda1ca427fe,e299910456842b0d6ee7d6fdcd99999bcc96b85b19c350b212858d3793b08c57
P2,P2_credit_k13_t4,fresh,0cd3d503db28cef2cebfdabc08176ef28f4dc59c81c629a3fbc6329b1366a671,remediation/results/ftf1d-p2-full-20260919/P2_credit_k13_t4/fresh.json,05da01c80d338c1cc62426fd5d77edcefae14d39a1952ebf6b2f043c6e40338e,689cf9d080e407546812fd1ca23713f9dc75f93ac0bfe479c95b5e93f5475dd1
P2,P2_credit_k13_t4,none,0cd3d503db28cef2cebfdabc08176ef28f4dc59c81c629a3fbc6329b1366a671,remediation/results/ftf1d-p2-full-20260919/P2_credit_k13_t4/none.json,fe1200962e647a189021be83951d217b553ec19ec9650f8b7d74ad9545f34978,060c77ebbc9b41cbadc0a1332691f1efcc12e9ba8c68596197fb2c1dcc306cd8
P2,P2_credit_k13_t4,basic,0cd3d503db28cef2cebfdabc08176ef28f4dc59c81c629a3fbc6329b1366a671,remediation/results/ftf1d-p2-full-20260919/P2_credit_k13_t4/basic.json,58f66a7708fd210133577a440206e8fd2dd9bf17d71a2ae4302b5b82443a13e3,09e3e4fa2f7d7bc6238a651ee0b627548eaa1446eef7b108639ba81e285acb7f
P2,P2_credit_k13_t4,runnerup,0cd3d503db28cef2cebfdabc08176ef28f4dc59c81c629a3fbc6329b1366a671,remediation/results/ftf1d-p2-full-20260919/P2_credit_k13_t4/runnerup.json,ee4bfd8e8b7d5df4b9500f48d747e1c8a822f7f22f96c14433cc1bbefa0b1f25,d7e161201fd83f4fce2572ce3984f69a623b40dac39075a75a0af8d38b3a9885
P2,P2_credit_k14_t0,fresh,d7cd91eac5e71bcebf2eb57884cb6d55044b2e8e6627281265eb569c65ec4758,remediation/results/ftf1d-p2-full-20260919/P2_credit_k14_t0/fresh.json,0e91e916a1c547906afdb9af731cfb3280596c6c0c380060f221013a7865e3f9,917d89443691c16e9b4a333c0c67d698012993aaa9039fc51066b3f3627e894f
P2,P2_credit_k14_t0,none,d7cd91eac5e71bcebf2eb57884cb6d55044b2e8e6627281265eb569c65ec4758,remediation/results/ftf1d-p2-full-20260919/P2_credit_k14_t0/none.json,94f3d5af33d0d48fb34b3f9f6884bb3e66e4e3a71ab845517cc44448ed43ecd7,7a26ba0089d4e02525a638c07427279540802f2429afe06d3f4e9380511788e3
P2,P2_credit_k14_t0,basic,d7cd91eac5e71bcebf2eb57884cb6d55044b2e8e6627281265eb569c65ec4758,remediation/results/ftf1d-p2-full-20260919/P2_credit_k14_t0/basic.json,be831aa8548d31fa0af9c508e408d44fb1c710cc74d721e0ad0112e97c102b92,1f9f1487a3956c3c45741a391451b2f4538c670559e483ab9d4ed31d402ee558
P2,P2_credit_k14_t0,runnerup,d7cd91eac5e71bcebf2eb57884cb6d55044b2e8e6627281265eb569c65ec4758,remediation/results/ftf1d-p2-full-20260919/P2_credit_k14_t0/runnerup.json,b42f8b21881c26f77088bfd39a1dde028dfb46998fe8689e05cd8446ec7ea695,5c85c5bdbf53ae53437277549d4148acfc75b818a5f7d3b84521b8d2b7806fb7
P2,P2_credit_k14_t1,fresh,887b9c3814b81e6caed7e03809d2e51a454cd0c84f1113a26ee99132c821fa63,remediation/results/ftf1d-p2-full-20260919/P2_credit_k14_t1/fresh.json,066c696848c4e543a16c1cc825f8a6d3da5446c8b8bb7a7fe4ca1b693744bee4,3ed70189b87aeb90ecb0aa91ee327ef598ca6ad87d4883a5cfde318327947ad9
P2,P2_credit_k14_t1,none,887b9c3814b81e6caed7e03809d2e51a454cd0c84f1113a26ee99132c821fa63,remediation/results/ftf1d-p2-full-20260919/P2_credit_k14_t1/none.json,b8007f26a92d6597c78c5d3946e4ed63d6b1d0244b555c5ae894811a404a8557,ef739b242efb2263c4e102330acfe86b970fd22862998de3b310b6ef5fd4029f
P2,P2_credit_k14_t1,basic,887b9c3814b81e6caed7e03809d2e51a454cd0c84f1113a26ee99132c821fa63,remediation/results/ftf1d-p2-full-20260919/P2_credit_k14_t1/basic.json,9b8f7a42a4825464558e913826ac40b1b7357ad613077a46e1a29e22e57a6cbb,4ea92bbbacfa2778b6c84842fb984695e6ae421e7c82d8f8301556e0099173aa
P2,P2_credit_k14_t1,runnerup,887b9c3814b81e6caed7e03809d2e51a454cd0c84f1113a26ee99132c821fa63,remediation/results/ftf1d-p2-full-20260919/P2_credit_k14_t1/runnerup.json,fdb79ba9495256fec5ee7e2daae31074d95f8c3561025f8f17b89d86ea783655,e9c8c6563696c973e4ea6f0f1531185b3752a900c78e4e302378e512db6e57b8
P2,P2_credit_k14_t2,fresh,f1184118b1b8c00ca325ca0da613fa56c2a82ee584625d2e13a80b1b297116a0,remediation/results/ftf1d-p2-full-20260919/P2_credit_k14_t2/fresh.json,9eed4a56fc31d73571a30fefcce41825a43dee2b7ecb7bddcfd2fa52e9b40866,4d5881c836d84aa294c8f533d819aa05d3c6ee4c8912b149be0fe0e2a9cfbf44
P2,P2_credit_k14_t2,none,f1184118b1b8c00ca325ca0da613fa56c2a82ee584625d2e13a80b1b297116a0,remediation/results/ftf1d-p2-full-20260919/P2_credit_k14_t2/none.json,d1556c24c97a8fa7d4924be552101028dfc8f637a825d68d7a232da56f7f5b4c,6f163932a51dbfd846330c25ea88bdd01d43dc1057e5e0a5f62835b6e4d65b5e
P2,P2_credit_k14_t2,basic,f1184118b1b8c00ca325ca0da613fa56c2a82ee584625d2e13a80b1b297116a0,remediation/results/ftf1d-p2-full-20260919/P2_credit_k14_t2/basic.json,cf6400e089b5839c9332eef3419a6a82d83aeb78df1699752a6e650817e78f51,468db2f81d60578945c34d46be10c2c76076ceaadbfde00efb3c5a8ab22b674d
P2,P2_credit_k14_t2,runnerup,f1184118b1b8c00ca325ca0da613fa56c2a82ee584625d2e13a80b1b297116a0,remediation/results/ftf1d-p2-full-20260919/P2_credit_k14_t2/runnerup.json,b1fb804d0400d3e09961a3961dd715d0e1d3a0655f701d43320487f818bb5fa4,e2bc84cf1dedb8a02c817dbf1afd28ae9e53db2f8a2a5d9ca115df57233dc057
P2,P2_credit_k14_t3,fresh,70801eafc515cf774d9a4403018122f1f057dbd800737f1916fdfd2e5f34f75f,remediation/results/ftf1d-p2-full-20260919/P2_credit_k14_t3/fresh.json,637038cf55e10857e7e785b1b93143fc43514df4146cf4ede505c1ed368a7603,fe73e0bfa1d7d16c6aa0455c31dde3f8be7e688f79958afed304c37412534539
P2,P2_credit_k14_t3,none,70801eafc515cf774d9a4403018122f1f057dbd800737f1916fdfd2e5f34f75f,remediation/results/ftf1d-p2-full-20260919/P2_credit_k14_t3/none.json,22e794eb9ca934711d6554f730da55b6a4b10c72ff142fd308aceeb520d30104,7ac346137f5f5f3cf8a7d4c0cf3c8c1059aa55f02cb9fbfb09980ac29a706e80
P2,P2_credit_k14_t3,basic,70801eafc515cf774d9a4403018122f1f057dbd800737f1916fdfd2e5f34f75f,remediation/results/ftf1d-p2-full-20260919/P2_credit_k14_t3/basic.json,7feb3ac046484836671ec3c036b8f5a5b1a2bf17ebd639c01699c5afeaa2ed34,6b965f63957876a6a0f59d60d99d4b9d108027ebe3ecdc56366fc301b8afeb5b
P2,P2_credit_k14_t3,runnerup,70801eafc515cf774d9a4403018122f1f057dbd800737f1916fdfd2e5f34f75f,remediation/results/ftf1d-p2-full-20260919/P2_credit_k14_t3/runnerup.json,8c86ed2a05053b1bd2af35ad9c7081c2c1d99249b5fedbd308abb007eff059e9,6cd056f71615ddb9eded98bb4e7ecd80afdccf34659d77bd5b2eb9449223d80c
P2,P2_credit_k14_t4,fresh,421810bdd62a2c5cacc96b5b71fe5f0bc9e8dacb6a53eee2136808c07bb08f6f,remediation/results/ftf1d-p2-full-20260919/P2_credit_k14_t4/fresh.json,6f5fdf60a0bbce65c0aefc1ce96df16a71910d2e06db3dc3ee25a8c8485a23a5,629b7063ef78bcc4b9688cc9805ad6eb3429bc25230d0b2646c21f36127907f7
P2,P2_credit_k14_t4,none,421810bdd62a2c5cacc96b5b71fe5f0bc9e8dacb6a53eee2136808c07bb08f6f,remediation/results/ftf1d-p2-full-20260919/P2_credit_k14_t4/none.json,67ca97585fa337c2121dbd5b4eb6410d26f7776bbb2815e9f85a4e344f716096,aecaf2de82f4f6382a40f748093985fba203ca4ca7b795842d2dc470ac625493
P2,P2_credit_k14_t4,basic,421810bdd62a2c5cacc96b5b71fe5f0bc9e8dacb6a53eee2136808c07bb08f6f,remediation/results/ftf1d-p2-full-20260919/P2_credit_k14_t4/basic.json,f97532a28c85461674f4d39b717a26ce331837efada3dec27ad13919c2f2efad,a8ba5a6ba3403e9d8ca646ce6454112069c5dfac84883a30893e3a020e17aa04
P2,P2_credit_k14_t4,runnerup,421810bdd62a2c5cacc96b5b71fe5f0bc9e8dacb6a53eee2136808c07bb08f6f,remediation/results/ftf1d-p2-full-20260919/P2_credit_k14_t4/runnerup.json,4536d395fff57002479321dd7b3d333eda94d9dab77f53ba0fffebe2aac9663e,893765807778f3599c81c1772603d36491a190c635e07e1bc64b22babdc671f6
P2,P2_credit_k15_t0,fresh,00a3a70f9ca5b874f700d3f6023a5a2d777666568a002e138d5e49c646718f57,remediation/results/ftf1d-p2-full-20260919/P2_credit_k15_t0/fresh.json,9e8a5b6a2bc9577a2efd2dc20221c70881843d1acdecc4048c594f44e8e31c71,8a2e57ea883a892964a4f0671634dd0724bf58dec5c6c50e5484d5b801031e07
P2,P2_credit_k15_t0,none,00a3a70f9ca5b874f700d3f6023a5a2d777666568a002e138d5e49c646718f57,remediation/results/ftf1d-p2-full-20260919/P2_credit_k15_t0/none.json,183dece84a2b8be70f444435a7163fcaecbb5d87631f2327f4a1525ddbf39f75,5d3373d56bcbfd960cb37994e0048aa99b5518410a4e7351e6cd8ac34581d186
P2,P2_credit_k15_t0,basic,00a3a70f9ca5b874f700d3f6023a5a2d777666568a002e138d5e49c646718f57,remediation/results/ftf1d-p2-full-20260919/P2_credit_k15_t0/basic.json,058cb659c9ff5dcb612455d5448541ffa41b975c6edd8f341c3cf77f692474c1,8779b4934ca4dd035402092b3ff5661d38c22989cd6bff9a22fda805b6be33d9
P2,P2_credit_k15_t0,runnerup,00a3a70f9ca5b874f700d3f6023a5a2d777666568a002e138d5e49c646718f57,remediation/results/ftf1d-p2-full-20260919/P2_credit_k15_t0/runnerup.json,ad2d20fa102bfab9fdd7183234e7eb60762fa7ebeea70e6169ff83afbb21e885,5948f244b2c8f58c94f3082d86ccb341880f5b9286effebcf1d54847b498cc88
P2,P2_credit_k15_t1,fresh,32c2605c3dd8f2d2aeeca4f88e0b7b50d9441a6556e84d18d0d7f53fbbf16e6d,remediation/results/ftf1d-p2-full-20260919/P2_credit_k15_t1/fresh.json,cc07bc5c83363b6b052f4d41eda12670786799f8b4fb4c1ee625b27c5c9afff0,459d436c0b3f2f9f790a9a40ce71525712beccdeb52774a723b378765958cd8d
P2,P2_credit_k15_t1,none,32c2605c3dd8f2d2aeeca4f88e0b7b50d9441a6556e84d18d0d7f53fbbf16e6d,remediation/results/ftf1d-p2-full-20260919/P2_credit_k15_t1/none.json,b42c6a9399e30396c780ac843eec946e51aba29d566382c8e7ae1931310b201a,14afc6bcb80eb64d31afad627d441628c5db3b74dff91ce8a3e3afd7b932ef39
P2,P2_credit_k15_t1,basic,32c2605c3dd8f2d2aeeca4f88e0b7b50d9441a6556e84d18d0d7f53fbbf16e6d,remediation/results/ftf1d-p2-full-20260919/P2_credit_k15_t1/basic.json,11691b01930cd8ddb370f5eb6760640e67b8ccc3a0a1fce9247ccc9e7f0e2636,8b79ff31adaa137d396de06a3b34c262cae86f2f7ebdc137a81d822366a240c6
P2,P2_credit_k15_t1,runnerup,32c2605c3dd8f2d2aeeca4f88e0b7b50d9441a6556e84d18d0d7f53fbbf16e6d,remediation/results/ftf1d-p2-full-20260919/P2_credit_k15_t1/runnerup.json,a04568ba60e150455020bd0474c60a8845795133f021b6be79b252efddd72f33,a01dce7345ca464ab18345c8ec2887a5bccd7bad856c52aac5cd7fb289896da0
P2,P2_credit_k15_t2,fresh,b4dd932c715afa7957b4cef1f90d7e34421eb5b8f08fde9cd024745745ff3e51,remediation/results/ftf1d-p2-full-20260919/P2_credit_k15_t2/fresh.json,a149d4a73357bdd141bba0be03168c1f1cb081890980348bbbb7c52841b3daa9,7a449fd806afdc43a48e1274dd9661e960e0a8808dbe308cd546097722e4b206
P2,P2_credit_k15_t2,none,b4dd932c715afa7957b4cef1f90d7e34421eb5b8f08fde9cd024745745ff3e51,remediation/results/ftf1d-p2-full-20260919/P2_credit_k15_t2/none.json,a4624feec85823ede892ab1ab80a456ad40b8e3dc6ddee65c906780c743b15e4,32313945b3e0aac6627ef9d7be11f2e9990c440294011c8f8487b8c8ed0daaf4
P2,P2_credit_k15_t2,basic,b4dd932c715afa7957b4cef1f90d7e34421eb5b8f08fde9cd024745745ff3e51,remediation/results/ftf1d-p2-full-20260919/P2_credit_k15_t2/basic.json,e051802358ad51384aedc8da3605eb36a385f55f0f1dfbd99141dda6a62bf2c5,2d7b75e4153884f598824904a9743e157f648ea061b0d556423e7dd62c7c1be0
P2,P2_credit_k15_t2,runnerup,b4dd932c715afa7957b4cef1f90d7e34421eb5b8f08fde9cd024745745ff3e51,remediation/results/ftf1d-p2-full-20260919/P2_credit_k15_t2/runnerup.json,5e73a48c59d8e2e73dec23b22898b9ce3fc04c01fedb201d1d3d0b296ef228a3,59d5b7c2e14983b984344ccac576fef96ea9b5e84b504885e58af07e5400d595
P2,P2_credit_k15_t3,fresh,3538a782ff2fb567c86781c8c0547bbd27b190398f4505fda224218334c0a8c8,remediation/results/ftf1d-p2-full-20260919/P2_credit_k15_t3/fresh.json,49145bcd9a75f0e96c6a33be50a8a20a7279e4d5992364eba5bdafb6f29b6070,958702a519e4bebbb82d8938a696b320d7748a274b9e3981669985343b8914f5
P2,P2_credit_k15_t3,none,3538a782ff2fb567c86781c8c0547bbd27b190398f4505fda224218334c0a8c8,remediation/results/ftf1d-p2-full-20260919/P2_credit_k15_t3/none.json,f928deeb1624820a7c171c700b2b862906c7f5cf5f515e20e7340f95ca5e2671,f6964a48be6d30bf935d9ad7109e06c7a541278c9b857c2b40df12a86e85d0c4
P2,P2_credit_k15_t3,basic,3538a782ff2fb567c86781c8c0547bbd27b190398f4505fda224218334c0a8c8,remediation/results/ftf1d-p2-full-20260919/P2_credit_k15_t3/basic.json,f96341631fcfa18f08b4c7cd6a3bd84475f6dab8905a3211a5a811814c906bbc,eeaf3cfb94269abc804b7e2b797d0bdbf8af5857d52295af352c4dbb3a056d23
P2,P2_credit_k15_t3,runnerup,3538a782ff2fb567c86781c8c0547bbd27b190398f4505fda224218334c0a8c8,remediation/results/ftf1d-p2-full-20260919/P2_credit_k15_t3/runnerup.json,e57a818902ada60139712e5af64ac5eecfd53f9ff499d40410efac36bd60d6fa,65da4502439fa97cc25c76281623bf8adcd98547692de66bdae64212007f593d
P2,P2_credit_k15_t4,fresh,c4ee13b707c358ccc678ff30bb0427a10dde7138659b87488074c9c6d72d66ce,remediation/results/ftf1d-p2-full-20260919/P2_credit_k15_t4/fresh.json,64ecb9fad8fbaf30f7ff4efc6547e8269935413c96bcc9923cbef8f80efa8e0a,93fdbe25bf9e80e21fa4a5fdb3284641a1648b80f1b4a2e5a1dde6acd8f600a9
P2,P2_credit_k15_t4,none,c4ee13b707c358ccc678ff30bb0427a10dde7138659b87488074c9c6d72d66ce,remediation/results/ftf1d-p2-full-20260919/P2_credit_k15_t4/none.json,ee57943e8f936b13af18d178cc46445f260a7cecf7bb513b840920ba7f3ee3ff,4b52b4f882e67cc8b9fd96b9b6fe01585c2dadb1ea17254c94bb68ea0604aa1c
P2,P2_credit_k15_t4,basic,c4ee13b707c358ccc678ff30bb0427a10dde7138659b87488074c9c6d72d66ce,remediation/results/ftf1d-p2-full-20260919/P2_credit_k15_t4/basic.json,b7f19d43e80136f9c7fb62a9b0cf9f04411677365670eb97a6fc9a913dff76a4,b9be9f0b47a7d7484f458d33008c664f7e4b78737d86134fa413718f620e85f4
P2,P2_credit_k15_t4,runnerup,c4ee13b707c358ccc678ff30bb0427a10dde7138659b87488074c9c6d72d66ce,remediation/results/ftf1d-p2-full-20260919/P2_credit_k15_t4/runnerup.json,a6a1be56ee1ab9430653dec52fb1eb64520f9217b162b03e90c24fab6e97cbba,6737f0ef3778364b91f808ecb7e591a70fee8febf21434d2c54fe895ef108138
P2,P2_credit_k16_t0,fresh,e1454a3dd95f554240f7c43700be1375d1dd6bf488b2adce4040fcd3e3aede35,remediation/results/ftf1d-p2-full-20260919/P2_credit_k16_t0/fresh.json,164dc36dd0d3c4dd6bba69ac56e47244b3c536f76f652e1366e6be2202514498,cc7f1ba72e038caab1cce0f21f251d9e26df4a4151ca4857943008f7a3dcfce1
P2,P2_credit_k16_t0,none,e1454a3dd95f554240f7c43700be1375d1dd6bf488b2adce4040fcd3e3aede35,remediation/results/ftf1d-p2-full-20260919/P2_credit_k16_t0/none.json,645681ae708c3afcd5d51a3c2b966cf1240398745349223d7b4c70d502860092,17bc5095cd3f369cb5c221af75ce49a34c7dbe5aa39abe0d022048a95f1fd836
P2,P2_credit_k16_t0,basic,e1454a3dd95f554240f7c43700be1375d1dd6bf488b2adce4040fcd3e3aede35,remediation/results/ftf1d-p2-full-20260919/P2_credit_k16_t0/basic.json,976085bc69b94ac38d5b12efc87788fa68117c667bd62713232406cdf8a64b79,da09c1bb63355223d12eb75f0c9cd696d2d0a7202c97c29d429ae33b5535754c
P2,P2_credit_k16_t0,runnerup,e1454a3dd95f554240f7c43700be1375d1dd6bf488b2adce4040fcd3e3aede35,remediation/results/ftf1d-p2-full-20260919/P2_credit_k16_t0/runnerup.json,8c5e5fb0654ba47b11d569048c46f062f7dbb8801dadc16dc2982744beee93ce,caf4a47fe4bb30d8d2838b03db58d4a6eb4dafe3846fa0cb8f3b7b8edb56c78f
P2,P2_credit_k16_t1,fresh,68d597392cb31cd0a5e454d3d92e5dcb9a7a82797c5ba70cbf8ce7e01ab54383,remediation/results/ftf1d-p2-full-20260919/P2_credit_k16_t1/fresh.json,99716e2f077a4ced69d060f82a08c4d9d176852ed0f56842e803cb57a062e90b,372f00dfde7a47951c05843c16c5333fe640f0eb1368fa5262f5aa100a86323d
P2,P2_credit_k16_t1,none,68d597392cb31cd0a5e454d3d92e5dcb9a7a82797c5ba70cbf8ce7e01ab54383,remediation/results/ftf1d-p2-full-20260919/P2_credit_k16_t1/none.json,3d8d90425e8d84f66b3ceeb5eed8ac8c341895726790a475d41f1fece8d6fafa,d60a122e84eeaa096ec2a7c8865c4fe1d68cb9785e2438579f4e47207db7d065
P2,P2_credit_k16_t1,basic,68d597392cb31cd0a5e454d3d92e5dcb9a7a82797c5ba70cbf8ce7e01ab54383,remediation/results/ftf1d-p2-full-20260919/P2_credit_k16_t1/basic.json,37d08f36ef17e019ab8beb22398de4c3eb57e65cf719ee6ed2f107fb6061c015,b6e6777d35acb78095ac20d018ca33a15c2a1494db536d056254e17e65b53826
P2,P2_credit_k16_t1,runnerup,68d597392cb31cd0a5e454d3d92e5dcb9a7a82797c5ba70cbf8ce7e01ab54383,remediation/results/ftf1d-p2-full-20260919/P2_credit_k16_t1/runnerup.json,4cdeb92f5ea83fa798ee9f31063c11d835ceeed90054e008eaa232e02cdfd67d,568ba3c9736ce6d323e93933cdba9c22e91b5fc42a0fe32ec9d125b6f9deeea4
P2,P2_credit_k16_t2,fresh,db9c2a0030a37c954e503a91bc58277b52b304e9d063a3c9b8eb9088b613498a,remediation/results/ftf1d-p2-full-20260919/P2_credit_k16_t2/fresh.json,c5ab1e43370cc82e58ff9c66f9e56da8589a7c9fca5576990c51a67e51d49177,e3b857b57d8707cfdffd938f05f2bd7e3d9023142e17e63103a6eefa38580df6
P2,P2_credit_k16_t2,none,db9c2a0030a37c954e503a91bc58277b52b304e9d063a3c9b8eb9088b613498a,remediation/results/ftf1d-p2-full-20260919/P2_credit_k16_t2/none.json,fe783b2aa2125fe97285c5a70d3164af9b0d3040c4167b1d3e93bf2e78bef20e,cc04e9d37b7d0cf3efe26d69b94ac834b5ff94298dca61af75f2f2a6829558e7
P2,P2_credit_k16_t2,basic,db9c2a0030a37c954e503a91bc58277b52b304e9d063a3c9b8eb9088b613498a,remediation/results/ftf1d-p2-full-20260919/P2_credit_k16_t2/basic.json,da65fca0513e1ae36c855145dba4ec413d3c7eb8f0df7d8940005f3a38898d0d,8eccf0e3937b44960074bcebee7919803669a89e89008e216116ede7f930a386
P2,P2_credit_k16_t2,runnerup,db9c2a0030a37c954e503a91bc58277b52b304e9d063a3c9b8eb9088b613498a,remediation/results/ftf1d-p2-full-20260919/P2_credit_k16_t2/runnerup.json,cb079161abfecac96e754095ffa79daf44c9637c170662ff3c96a704b432b7a2,1d782a88f31072c81984bee4e31456c982ac0f01f85ddd540570ddfed6fee158
P2,P2_credit_k16_t3,fresh,89b97cc95f22bda718bb418485c8989f23131d4329168e4699d82168dc71f835,remediation/results/ftf1d-p2-full-20260919/P2_credit_k16_t3/fresh.json,14465469f201189227aa1dd089cb2f579ac4258d44e20703bd4489c5cc873a15,5732e8616a91aee7a144d7d3047b15ccad5c922daba81bfa3facbc15977938f0
P2,P2_credit_k16_t3,none,89b97cc95f22bda718bb418485c8989f23131d4329168e4699d82168dc71f835,remediation/results/ftf1d-p2-full-20260919/P2_credit_k16_t3/none.json,f6ea1d4326735637489d8b26b2d7b131d9ea0c1ba188fa2efb147a9d3eaf0f8d,2e31160d2b0ac21c8c9f228a773c461f7734f674e39a8c29a6c8bfcd3ca5d0aa
P2,P2_credit_k16_t3,basic,89b97cc95f22bda718bb418485c8989f23131d4329168e4699d82168dc71f835,remediation/results/ftf1d-p2-full-20260919/P2_credit_k16_t3/basic.json,486c60fec4f0ad7ccfd0fd76e6fd14f1728048d67a0f273a88ce2facddab9c00,8318c42f1f1bf4b1668eaee2084a8c370551e33820c2ee091e89cf6cbd4940ab
P2,P2_credit_k16_t3,runnerup,89b97cc95f22bda718bb418485c8989f23131d4329168e4699d82168dc71f835,remediation/results/ftf1d-p2-full-20260919/P2_credit_k16_t3/runnerup.json,4b019aacc8b4912d212ae58bffaee51846ae0852539a7433419f64e63a5d2034,825842e5e62f23c9ecb9b5f6b84cb585dd051980f9fed04f47737d47d9060c9b
P2,P2_credit_k16_t4,fresh,429a59dcfe47901788b2e2b80349ff64f569ed94149797578c7b571e4f7b94a7,remediation/results/ftf1d-p2-full-20260919/P2_credit_k16_t4/fresh.json,f33070082152b4e1422d24a37c0e1ef70d3c9e7efe66fcffa4de758f8d33bffa,552e19c04e3a85c0be3a5a3963834f245ae63501a515b2b72038a6b1eb5e6a4f
P2,P2_credit_k16_t4,none,429a59dcfe47901788b2e2b80349ff64f569ed94149797578c7b571e4f7b94a7,remediation/results/ftf1d-p2-full-20260919/P2_credit_k16_t4/none.json,c1805202b66c8e0c8cdf37df2d0c7168887778ad4bbc9b5e2f2299fa39aedbdf,26d9c57a8675b609f7e2580a1ff1cd7b7b1edf9a3e1266323444721d8bd860f1
P2,P2_credit_k16_t4,basic,429a59dcfe47901788b2e2b80349ff64f569ed94149797578c7b571e4f7b94a7,remediation/results/ftf1d-p2-full-20260919/P2_credit_k16_t4/basic.json,f2d85ae4ffd3fad9a3a0ccdfd5390183c566ea3b2aad41b2f62b6fea168aa65a,c5a370212afe4cc90c36406d938708fab3ca124c1cae33bdbd073cb088b4d70c
P2,P2_credit_k16_t4,runnerup,429a59dcfe47901788b2e2b80349ff64f569ed94149797578c7b571e4f7b94a7,remediation/results/ftf1d-p2-full-20260919/P2_credit_k16_t4/runnerup.json,00d47aa054a73b16d9959cfc669e69ab0eee09499470fa78bee0094099acddef,e26b5a9bb80a4836d184642035d04e96df1a58e587ab49b0c0f5fd8e4b07ab09
P3,P3_design15_seed0,fresh,27d87cb5ddd7f50a2b14de4469aa1d0258e5947db7a8f4a78da2715f6cd299b9,remediation/p3/results/ftf1d-p3-full-20260919/P3_design15_seed0/fresh.json,294fbcb3d3d45aff89550c8c4be368b8415a88634cc8cd293ad5cfd9c9528396,97d56f759d034395059a29772f75dfddd9e27c25fc17e94587305d7ae86a5f5f
P3,P3_design15_seed0,none,27d87cb5ddd7f50a2b14de4469aa1d0258e5947db7a8f4a78da2715f6cd299b9,remediation/p3/results/ftf1d-p3-full-20260919/P3_design15_seed0/none.json,d9376c418cd1ad13d9c6ba77a9ec22a16433e12e9d8de48b3b83d9a26f8eee8b,28ba78a8409d371268469cadf95371877c396561718f658ba05d64819edd75fc
P3,P3_design15_seed0,basic,27d87cb5ddd7f50a2b14de4469aa1d0258e5947db7a8f4a78da2715f6cd299b9,remediation/p3/results/ftf1d-p3-full-20260919/P3_design15_seed0/basic.json,afe8b9fc9b8b0fa883a72335f9aaf205aebc44bf22d0e6dbaf13e2adfe7f4475,f860aea0ba5596b44a89c3eebde66ae5fcb17534a4f55389a157f62b422b8ada
P3,P3_design15_seed0,runnerup,27d87cb5ddd7f50a2b14de4469aa1d0258e5947db7a8f4a78da2715f6cd299b9,remediation/p3/results/ftf1d-p3-full-20260919/P3_design15_seed0/runnerup.json,4f561d2812ca9adb3808b5e07aa1cfe990953c563066499cc11032847b3022e1,e97571969fe012c20eda4d29fe8977f63288e21384852146207cdc3c07d2bf88
P3,P3_design15_seed1,fresh,3915801647886d974f7e35a9010947b090cc720d5c1c71d1e9890dd0f4114518,remediation/p3/results/ftf1d-p3-full-20260919/P3_design15_seed1/fresh.json,7b4e7b4b4b2f447b51158e4b6296e517dc1f00774888345a343bae57be779fd8,bb11b49c5ad4f6cb99408ce08d2a88fb49f2152ead6c4c4bb0160a7f9c858d56
P3,P3_design15_seed1,none,3915801647886d974f7e35a9010947b090cc720d5c1c71d1e9890dd0f4114518,remediation/p3/results/ftf1d-p3-full-20260919/P3_design15_seed1/none.json,b0c9c7e3bbef32e5ecf8e190acc66da62d2b67ea30170054f9909d8e1f19aa55,31604d01d8394a30262b18092471e1d3668b77a4be49046c78d7d677fe0d6aeb
P3,P3_design15_seed1,basic,3915801647886d974f7e35a9010947b090cc720d5c1c71d1e9890dd0f4114518,remediation/p3/results/ftf1d-p3-full-20260919/P3_design15_seed1/basic.json,d5a8049d78596b358ba5262b3be5787decaa8144346a161dadb716c8574de983,3ed575d9fc0439e217042236255737ba3fb08ff6482dddb103bdef6e7045d3cb
P3,P3_design15_seed1,runnerup,3915801647886d974f7e35a9010947b090cc720d5c1c71d1e9890dd0f4114518,remediation/p3/results/ftf1d-p3-full-20260919/P3_design15_seed1/runnerup.json,261ff09fa1d8584145df966bb5bd7104406ed032616090b281e7df6b54289d46,59e4c4bbebd3ddf1f1f40d53db0711b24ff8cf78423c9dfa5b882424927fb8c7
P3,P3_design15_seed2,fresh,ccbe258c9df1df87c00338a045282ef8cc826eb7ca173866c5c022d364fbaa24,remediation/p3/results/ftf1d-p3-full-20260919/P3_design15_seed2/fresh.json,e2f7301bf8be5a9157eb1ac0095993d191312224e7c11548f67b5994c3ec3e91,7d68c31e45c86a7dbac819f4203ec351aea239d01209d44ff7411faf48bc4673
P3,P3_design15_seed2,none,ccbe258c9df1df87c00338a045282ef8cc826eb7ca173866c5c022d364fbaa24,remediation/p3/results/ftf1d-p3-full-20260919/P3_design15_seed2/none.json,124316745dc89812445efa9e337c855e9293a29dda88d55129819eff36e18fd2,3f935130a76d8ca9b45f6135269b5ad01297a6915d1824b749267cd020cb0017
P3,P3_design15_seed2,basic,ccbe258c9df1df87c00338a045282ef8cc826eb7ca173866c5c022d364fbaa24,remediation/p3/results/ftf1d-p3-full-20260919/P3_design15_seed2/basic.json,4b79f89b699838b48d8099ea6dd79eb6e80926d18de04ae6cf08b53e9a6fc362,4b827b8d9c9c3e660405ebd66d2c1c4f528c9dc5cdb4391e12fec256d0541b98
P3,P3_design15_seed2,runnerup,ccbe258c9df1df87c00338a045282ef8cc826eb7ca173866c5c022d364fbaa24,remediation/p3/results/ftf1d-p3-full-20260919/P3_design15_seed2/runnerup.json,9ddf4424c5fb8e357da1cfe57c5c8b29fa5ac5000791a99147dcbb42e36cb9be,dbb9c7089ef67eb0fab4b498d8d44915ed06b501f5cafa9762460d558e8910c9
P3,P3_design15_seed3,fresh,5249df893e49d65fae62c5681a56963ab6c48de7792eaa54184e78ef795c83e1,remediation/p3/results/ftf1d-p3-full-20260919/P3_design15_seed3/fresh.json,deac01f66b0981ff41768eca8d1377e4471d48c2bfe882c8eea17d4a5d49ea37,a04f0124941baf16a8b1ad043df8c44a33c170d43dd91d0646579063640ffaa3
P3,P3_design15_seed3,none,5249df893e49d65fae62c5681a56963ab6c48de7792eaa54184e78ef795c83e1,remediation/p3/results/ftf1d-p3-full-20260919/P3_design15_seed3/none.json,ec8733bb2b2210dbd6a7b70ddd9fc823a7da798b1c16cf043faec5440688bf76,7cfc2dcd6953c366da823ce4bd132e3471cd80bfa7e24cc0e8f33f3dccd8714a
P3,P3_design15_seed3,basic,5249df893e49d65fae62c5681a56963ab6c48de7792eaa54184e78ef795c83e1,remediation/p3/results/ftf1d-p3-full-20260919/P3_design15_seed3/basic.json,b551372fdec03e78eced3169b8dc038498354f2993810d6c1e1885091b2f0052,34e081ba28d23e27a09161f050040bb9cb0b651067baf1600bfbc2219fc4acca
P3,P3_design15_seed3,runnerup,5249df893e49d65fae62c5681a56963ab6c48de7792eaa54184e78ef795c83e1,remediation/p3/results/ftf1d-p3-full-20260919/P3_design15_seed3/runnerup.json,1c9c9411d0c1d47f4e4769250031331c842c1f783d279cb84ea8f7f6793d32dc,c91953d20b79e65f1405481df520d36ab349a3dee51d25ffc214574d395383af
P3,P3_design15_seed4,fresh,9c9cf77868319b8403ba97c11f1a03e44ba147a688f79f4b350719ef670eb854,remediation/p3/results/ftf1d-p3-full-20260919/P3_design15_seed4/fresh.json,5da5c3baa4bd6b4c595bf522f8f6356af04077228ff7c34697105fcfa2dcf7cc,44e384f0b0fb32af43624c6768368af78a7677767a6329c0f7272e0896f866c6
P3,P3_design15_seed4,none,9c9cf77868319b8403ba97c11f1a03e44ba147a688f79f4b350719ef670eb854,remediation/p3/results/ftf1d-p3-full-20260919/P3_design15_seed4/none.json,c1289ec1b6356cf03e78de04a2e9a6be5ccbcfcbbc0300d7403ad03cc2b664ea,caca972a9d9522e6476aff90cac65043c681e903203cd2b6b54b2d51bd317c30
P3,P3_design15_seed4,basic,9c9cf77868319b8403ba97c11f1a03e44ba147a688f79f4b350719ef670eb854,remediation/p3/results/ftf1d-p3-full-20260919/P3_design15_seed4/basic.json,c2f03675e4ffbcd1b9e00ea7f1c87be3e347de7b14c385654e3ee3c124f65703,2328114a61ba83597d1a47f987c7ebc0f0694b7be6963f98bf076234bfa8e87c
P3,P3_design15_seed4,runnerup,9c9cf77868319b8403ba97c11f1a03e44ba147a688f79f4b350719ef670eb854,remediation/p3/results/ftf1d-p3-full-20260919/P3_design15_seed4/runnerup.json,0562a8d434315ce105b56d45b8fa431749da1bbd3a707cfee3fa1870a6725a0f,5db5be74a520bf5fb0dc1147289a1350c1792f6527452f4c572238a1f058fc24
P3,P3_design16_seed0,fresh,1444ee55e8735583bd98a26f80aba814931d030984ee1c85934d29407a49fc0b,remediation/p3/results/ftf1d-p3-full-20260919/P3_design16_seed0/fresh.json,71bd8803da563aadf88e1aedbeda73597a1a4faba80bff129290925b6632fd6a,6dc1bb464ddbfa726a5d145a09fac4d1fc8aa69a4c82ff594b200fae351da4aa
P3,P3_design16_seed0,none,1444ee55e8735583bd98a26f80aba814931d030984ee1c85934d29407a49fc0b,remediation/p3/results/ftf1d-p3-full-20260919/P3_design16_seed0/none.json,cf2dc2c8903cbcd336f14bf756ac9f983aacae2f74654cfa4c9191f799a895a7,9d6b72457f50b0a32f4a994013fb1baa92c661b1a960b07e337562b32c46f5be
P3,P3_design16_seed0,basic,1444ee55e8735583bd98a26f80aba814931d030984ee1c85934d29407a49fc0b,remediation/p3/results/ftf1d-p3-full-20260919/P3_design16_seed0/basic.json,1550752ae25eaff12fe2b9377f33d5603b50dc3976988213d926d5359a67ba0f,1d4ec9555577bdc2a53c750a81b651eee16413f1121bbb32bcb25541ea6b6f36
P3,P3_design16_seed0,runnerup,1444ee55e8735583bd98a26f80aba814931d030984ee1c85934d29407a49fc0b,remediation/p3/results/ftf1d-p3-full-20260919/P3_design16_seed0/runnerup.json,87b99c5435b2cd6444faa58603f0df1b7303303d1536468ed38d2ad418f35afa,8375c7235267059c7b731c4f56400ddd12cdd82f6c130132ce09cc587e5bac92
P3,P3_design16_seed1,fresh,264ee03815f9d2ebb353c78c8157944aa2d81063145a083b7f2addaf1596c7fa,remediation/p3/results/ftf1d-p3-full-20260919/P3_design16_seed1/fresh.json,5877c257b170800fd856a126dbf335eed7aed94f48d4f4d9197fc99a79d5807f,6716f6326d285af52700f7266cb1472d0cb10c5ef57e084be525ea8391ab7710
P3,P3_design16_seed1,none,264ee03815f9d2ebb353c78c8157944aa2d81063145a083b7f2addaf1596c7fa,remediation/p3/results/ftf1d-p3-full-20260919/P3_design16_seed1/none.json,e9c7da78f18cf0f249e547bf1b2e2f17e307476c038674436842db76260f5c5d,bf9e72a05d79c1931070e18b27c0e76f464ea92f476365f821f97074f52aa57c
P3,P3_design16_seed1,basic,264ee03815f9d2ebb353c78c8157944aa2d81063145a083b7f2addaf1596c7fa,remediation/p3/results/ftf1d-p3-full-20260919/P3_design16_seed1/basic.json,e2db683d1240ed5b5dc40825bd7be490da12fcf8a7639e19e4795abc82b7d2ea,8b5f1a44959f3efbe20a1583bbcaf43f1d2cf0ad5caf66c97630a846a15c3104
P3,P3_design16_seed1,runnerup,264ee03815f9d2ebb353c78c8157944aa2d81063145a083b7f2addaf1596c7fa,remediation/p3/results/ftf1d-p3-full-20260919/P3_design16_seed1/runnerup.json,87c70ddc26f14aa129e208c2d2599ae1de3110808f63483f08d2895ee6c1219d,26a28b60c35408ecce71eb7624e40b4ea60426da5da528912741e7204b1135c2
P3,P3_design16_seed2,fresh,87a35182146d71d080c793986f024d0ff26855410f346f67dd05bde9c086c272,remediation/p3/results/ftf1d-p3-full-20260919/P3_design16_seed2/fresh.json,c11163a7675bd1e27e473d4a363e96f2d014d4c726ae7ef1b6df4220b1e1a8d0,109c6527cb49a2676f359edf0b417e0349a4a496330435e5f20c8ebc9eb55214
P3,P3_design16_seed2,none,87a35182146d71d080c793986f024d0ff26855410f346f67dd05bde9c086c272,remediation/p3/results/ftf1d-p3-full-20260919/P3_design16_seed2/none.json,5348bc991cb1e6799d0bb156bdf866b9f318eff9ffe16fe64d7e3650720c35ab,6f1b4345387734b94e5a8dc0e1592143920280392373707cd589b3bf01a11c99
P3,P3_design16_seed2,basic,87a35182146d71d080c793986f024d0ff26855410f346f67dd05bde9c086c272,remediation/p3/results/ftf1d-p3-full-20260919/P3_design16_seed2/basic.json,93fb29b24f439659904b91c1360d08f05bbd7d3d5b78dc0167c2fd3c3fc756ec,c7b10ae7208d9ff620cd830898bd2ecfc53b5a7ab8e8b59ad5963f7017fc9c44
P3,P3_design16_seed2,runnerup,87a35182146d71d080c793986f024d0ff26855410f346f67dd05bde9c086c272,remediation/p3/results/ftf1d-p3-full-20260919/P3_design16_seed2/runnerup.json,06397cbb2acf08bd6fec71e28e030fece77f278a358772fcb23e5ee9882d3818,1058a5c3147000a0b5b045d6a013b37420aa0cfb097d437d876d24a402a35f7d
P3,P3_design16_seed3,fresh,3c12de3dc03a46be1fbbfc04d472f184301d02d4bae2300d6e550c4ef45d895e,remediation/p3/results/ftf1d-p3-full-20260919/P3_design16_seed3/fresh.json,278357d6bab5a2797fd0cb2628bd7b2212a31a71123f1cbc942a5a29ad4e52ba,cf0671e501a14f6f9781e1c7f5c19f2b08749a2095b170aa659adab157e6e32e
P3,P3_design16_seed3,none,3c12de3dc03a46be1fbbfc04d472f184301d02d4bae2300d6e550c4ef45d895e,remediation/p3/results/ftf1d-p3-full-20260919/P3_design16_seed3/none.json,982635da994b8f7ed493d79d871dd75c0956912adfe4d407202721b658bc5456,966cafbaeadb46f66a6a2fca27e5eca77207d9c6f3e86d0b3c09277fbd39e50c
P3,P3_design16_seed3,basic,3c12de3dc03a46be1fbbfc04d472f184301d02d4bae2300d6e550c4ef45d895e,remediation/p3/results/ftf1d-p3-full-20260919/P3_design16_seed3/basic.json,ec13b7b844b87176805754730952b4bc8dc6f64f44766121df5e4ae13eef4d3b,3e7036d8f771ceb7c882a3595f726dc986999369bd6d2bb326f5a4d6a231aafb
P3,P3_design16_seed3,runnerup,3c12de3dc03a46be1fbbfc04d472f184301d02d4bae2300d6e550c4ef45d895e,remediation/p3/results/ftf1d-p3-full-20260919/P3_design16_seed3/runnerup.json,a6e01dfb292238b33d4a672fa1f87cd5e41384d3fbf7e586b8d24e7ad79d23ba,39235cc4a1f2b872a654df50806a898d1cd8c59881a6eb1b3ea5a6dfd8e835dc
P3,P3_design16_seed4,fresh,3cec1025ba21ca6266f804e2fd12ab9ff7d8c4186c379adbf6b9e63fdce6f0fe,remediation/p3/results/ftf1d-p3-full-20260919/P3_design16_seed4/fresh.json,d4a07f60d29b5ab777bc23c0fdc71a6a1c3c1158a55169399584aa861be1fea4,0996abd50b717c50d7fe8a5aeee6fad27648008bf62cac2b9418c31e156bd614
P3,P3_design16_seed4,none,3cec1025ba21ca6266f804e2fd12ab9ff7d8c4186c379adbf6b9e63fdce6f0fe,remediation/p3/results/ftf1d-p3-full-20260919/P3_design16_seed4/none.json,ef39537d8396f7d2099b12b4e7979d2a82fa03d96349d5a55e64eb6f68054fef,74de16e67a61bde142f344367ec7506ceaaed9aab923ab973db8fcf3108cdbb8
P3,P3_design16_seed4,basic,3cec1025ba21ca6266f804e2fd12ab9ff7d8c4186c379adbf6b9e63fdce6f0fe,remediation/p3/results/ftf1d-p3-full-20260919/P3_design16_seed4/basic.json,a7a746eb691e04cb495b3a8fe4f7ef3850c9d15c29ed480d82a13bd723501c3e,a062bc86f03dc830c262e74b6fa1226144cf1100b4f23a3fbe63fd26c88ee382
P3,P3_design16_seed4,runnerup,3cec1025ba21ca6266f804e2fd12ab9ff7d8c4186c379adbf6b9e63fdce6f0fe,remediation/p3/results/ftf1d-p3-full-20260919/P3_design16_seed4/runnerup.json,3674ae294eca9d97b436cc026b91c5b40d3f7365f5dc59828ecd552f2e4eec1f,867b7957bae3144ed68920a43d995d3f1720946c9f976e2a7a7d46a3807c1ccc
P3,P3_design0_seed0,fresh,5baddd83f0cfe44b41ab7a02ec98bfc4bb1131af5b31ad85b3a0eb29cede8541,remediation/p3/results/ftf1d-p3-full-20260919/P3_design0_seed0/fresh.json,5d8f5579eefbbb80508eae5fc1b034687ebab027f7712ab930a572f72b04f938,026fb4348d52a1542a685a4b9235d513a3ad8d1bbe9b2f4eaa2f4879ae81ae51
P3,P3_design0_seed0,none,5baddd83f0cfe44b41ab7a02ec98bfc4bb1131af5b31ad85b3a0eb29cede8541,remediation/p3/results/ftf1d-p3-full-20260919/P3_design0_seed0/none.json,baa1463399be5eaa3943a6252649acf4e5d5c48dd64c240ad7e39ff8aee5be8e,1abe83a792b9e4f4548e22aebdacb284f5041f6cfb70ad56099387cf9094c1f4
P3,P3_design0_seed0,basic,5baddd83f0cfe44b41ab7a02ec98bfc4bb1131af5b31ad85b3a0eb29cede8541,remediation/p3/results/ftf1d-p3-full-20260919/P3_design0_seed0/basic.json,91d172cc25bf01e21658e9f7e9a671b77e7fbf6d7ae8c87815ffcb636cab0e51,3eb26b030ee587d07b3511031f12b27675be98ae5c82d55af8c5c9487e78fb84
P3,P3_design0_seed0,runnerup,5baddd83f0cfe44b41ab7a02ec98bfc4bb1131af5b31ad85b3a0eb29cede8541,remediation/p3/results/ftf1d-p3-full-20260919/P3_design0_seed0/runnerup.json,fa8e2677b8b692db99d5979f4a74781e6360b1df9350a45b764d2f8fce405070,a1f86a23818c693889414d224aedb13514946313514e634f72a286e8bf30a674
P3,P3_design0_seed1,fresh,95e22ea8005511db5f85dd28197dfa5d39e76c6f78387259e5e01fb70bea374d,remediation/p3/results/ftf1d-p3-full-20260919/P3_design0_seed1/fresh.json,a1da33c5c914af334c2787ec7bd04cf5d39029967667bfa63b6ceeb24c3d5a8e,dfc00394be5969e931c2061a9d4f8588059cf1e3027e312cf47ff38b73ec9ac7
P3,P3_design0_seed1,none,95e22ea8005511db5f85dd28197dfa5d39e76c6f78387259e5e01fb70bea374d,remediation/p3/results/ftf1d-p3-full-20260919/P3_design0_seed1/none.json,46d188d9b17b19c4eacf782a83a19314af2a14e6d189e7b59a4df10721b9ef74,983a975bdfde29533249b79efbeff6b528fcd042f38d52ca87d37314532f3ef7
P3,P3_design0_seed1,basic,95e22ea8005511db5f85dd28197dfa5d39e76c6f78387259e5e01fb70bea374d,remediation/p3/results/ftf1d-p3-full-20260919/P3_design0_seed1/basic.json,91312f456f34d406c414bf91c64e57e6da7baa838732b12e9bd317c388480356,3a28c8a97a7aec7aa3d94d079742bbe98d1a7dd9089b2013e177350830609fd7
P3,P3_design0_seed1,runnerup,95e22ea8005511db5f85dd28197dfa5d39e76c6f78387259e5e01fb70bea374d,remediation/p3/results/ftf1d-p3-full-20260919/P3_design0_seed1/runnerup.json,6e12caae84f4b315b6417794a56c3f9dca8b3b8bbab0fa45cd047188fe104996,a9277795d3d9c4e5f5ed5044fa3febbaad568d73fd20abe86838c81b4d9eb65b
P3,P3_design0_seed2,fresh,740ba8b266620d8c480ecd1193f7f910cfd16cea3cb4e8fe765405fb70e4905c,remediation/p3/results/ftf1d-p3-full-20260919/P3_design0_seed2/fresh.json,0cb27f3707a04fabf2167eeb4429467d8cd61aadb672d051bb5dd647bcdff7d6,f2e9009e3d5c8f7b6db697180ab098a9126f2e4926e1bca9e22d8e451ffe8361
P3,P3_design0_seed2,none,740ba8b266620d8c480ecd1193f7f910cfd16cea3cb4e8fe765405fb70e4905c,remediation/p3/results/ftf1d-p3-full-20260919/P3_design0_seed2/none.json,13538e12ea4ff78a40be84af66cbf8492bc4d371093d05236191131af5221e87,c1f71233d4830320507d9dace2b1ef21b9daba093ce21f6af7bb5196c104be5d
P3,P3_design0_seed2,basic,740ba8b266620d8c480ecd1193f7f910cfd16cea3cb4e8fe765405fb70e4905c,remediation/p3/results/ftf1d-p3-full-20260919/P3_design0_seed2/basic.json,2f2c77df5060da93dc56ae5cdee273e613ecc6323fafdbd6453c56aa43e2c960,49fa8ede1a74d329747bed5ef7d711d0f0e85c0af3ddacf930d1201899e9009b
P3,P3_design0_seed2,runnerup,740ba8b266620d8c480ecd1193f7f910cfd16cea3cb4e8fe765405fb70e4905c,remediation/p3/results/ftf1d-p3-full-20260919/P3_design0_seed2/runnerup.json,0fc20e489a5918223b4774b1c9c8a3974599373d1e315a88d4b8a59fc2533554,209d24813c86473bfa1f791207c91dbfb76b1121ab6529921956099e1adc63cd
P3,P3_design0_seed3,fresh,bc3e31f171cc27950fef09e46a31be3d1ec67d10bdea95d485f3280152a1bc99,remediation/p3/results/ftf1d-p3-full-20260919/P3_design0_seed3/fresh.json,d4126131749944c3081a4dbf1199757d5430a5cf42ede8dc2fdf20f03cd23957,1e35709e5b1d96275aadab2c910b42a31763f3b6597287da2a0357e5c86362e8
P3,P3_design0_seed3,none,bc3e31f171cc27950fef09e46a31be3d1ec67d10bdea95d485f3280152a1bc99,remediation/p3/results/ftf1d-p3-full-20260919/P3_design0_seed3/none.json,b7282a00b6338b9d5bbbadf1f225cfa3e5337ddd35a81560f6402807640ae9cd,b29e31f8f07f01c5105053baf9b31083463d90ed8c3a0497781fe4f8dd996622
P3,P3_design0_seed3,basic,bc3e31f171cc27950fef09e46a31be3d1ec67d10bdea95d485f3280152a1bc99,remediation/p3/results/ftf1d-p3-full-20260919/P3_design0_seed3/basic.json,25b5c7a2eaa7a8feb6fb04d407c88cc4222988dd53e4e21ea6584a5c8b525376,2c1957ba0c652c5ed3940aee61997ae18502831504ebc3880e8b59a127b09ec4
P3,P3_design0_seed3,runnerup,bc3e31f171cc27950fef09e46a31be3d1ec67d10bdea95d485f3280152a1bc99,remediation/p3/results/ftf1d-p3-full-20260919/P3_design0_seed3/runnerup.json,2e022e11aa1aec346b9f96bbc8108d71b70c716ae749590ae0eaea2364aac255,74edf82cc4f24dcf05488b54b08f7870d4b59192f7a1a99181ba474cb6cad322
P3,P3_design0_seed4,fresh,b830dde242264b6c6d7eb1081d36b499840535e490412f5d3b2de33d765a97de,remediation/p3/results/ftf1d-p3-full-20260919/P3_design0_seed4/fresh.json,bb2c0c0e1bbe9e0f93dd55b5884c49ab7da6d84ac3d16dda2aab407d1da9c2f0,12cc9706152e5dca79cca1cdc0bc86fd7bda73d0b04dc586bf5e3e41982f3c35
P3,P3_design0_seed4,none,b830dde242264b6c6d7eb1081d36b499840535e490412f5d3b2de33d765a97de,remediation/p3/results/ftf1d-p3-full-20260919/P3_design0_seed4/none.json,f7d0bb8a425ba70ba5dac58f9e73fa29ace25687e67ae2861ce70e9824ae741f,9fea5b686cd4c49a473c53c0f13b90cbf9e58e94674e2f32ff677d1ec8517378
P3,P3_design0_seed4,basic,b830dde242264b6c6d7eb1081d36b499840535e490412f5d3b2de33d765a97de,remediation/p3/results/ftf1d-p3-full-20260919/P3_design0_seed4/basic.json,b604da66b52cf6316713925b58b59fe411e60cf249a31d39f4ae352c32a3532c,5fd91f55dee016f36361102ae9c1400070d862dddf46f28c8d67a3d419d28f65
P3,P3_design0_seed4,runnerup,b830dde242264b6c6d7eb1081d36b499840535e490412f5d3b2de33d765a97de,remediation/p3/results/ftf1d-p3-full-20260919/P3_design0_seed4/runnerup.json,972e29d63d5c5807ab292c469a3483761c5914ac1da19d56825ae09b3e860ab1,5fcdbcf15c7fe47e87a2bbad1ed6ed918f147edf76fc8b8f19abde66fbb0dea5
P3,P3_design1_seed0,fresh,419a4b047f0ed341a37ed2fe6744842a9b2694da466d059d9d1c07d6f204227c,remediation/p3/results/ftf1d-p3-full-20260919/P3_design1_seed0/fresh.json,69e7c32aeb87d879821df4aae3cfe66df8af2633fdc55d8f6bcf286af6d07e18,a7f0fe3370ff2cc9487c16d46c2fc6c3f124840bee2a4929cd23246189e572ff
P3,P3_design1_seed0,none,419a4b047f0ed341a37ed2fe6744842a9b2694da466d059d9d1c07d6f204227c,remediation/p3/results/ftf1d-p3-full-20260919/P3_design1_seed0/none.json,17d521ea7ae5007b8da7a193680b83a74fe824b3d6232f804499f5f9fb5e6fb1,862c7abfe2da7df439a0cfa6151a079a2be78ab1e1249b39a4cafc2918664598
P3,P3_design1_seed0,basic,419a4b047f0ed341a37ed2fe6744842a9b2694da466d059d9d1c07d6f204227c,remediation/p3/results/ftf1d-p3-full-20260919/P3_design1_seed0/basic.json,06395d4fac1046a5f8218bcc99ef6940144ed501cfca66e35e126544bb00e50b,14403a6cf0ed7be2dd6414e6d5ea0f3b452236dec3b8df5d5398b3f60463bbe5
P3,P3_design1_seed0,runnerup,419a4b047f0ed341a37ed2fe6744842a9b2694da466d059d9d1c07d6f204227c,remediation/p3/results/ftf1d-p3-full-20260919/P3_design1_seed0/runnerup.json,311882cbb69ebc2462621d29c5085ef789949364d134625bafc27c88e7646994,d32b39e467e2e1e2aa08675f851c4fc3ca6af94cde4e85cdeec68736d228cd9d
P3,P3_design1_seed1,fresh,bce3ba03fbd326e8dfd16fcf49b45e81433b92a6ef891d72ae82956dffe9d039,remediation/p3/results/ftf1d-p3-full-20260919/P3_design1_seed1/fresh.json,97884a9bd4e65709c898acf8ef61e3cdc6e7f71b9ee244ca1335854f5e369ed6,63b43812062078fd588b07b34bc1d3b922c67799d63a4d8f20501209ebd38abe
P3,P3_design1_seed1,none,bce3ba03fbd326e8dfd16fcf49b45e81433b92a6ef891d72ae82956dffe9d039,remediation/p3/results/ftf1d-p3-full-20260919/P3_design1_seed1/none.json,0201292ffe3c4855ccdcbd6da9b2d92b48df59e56efffda7502dcd99ac23a9bf,8be93e9c526513ad266d9d7a6a2000ff8fa967b04d0c1c5222c1c2a409d3f0b4
P3,P3_design1_seed1,basic,bce3ba03fbd326e8dfd16fcf49b45e81433b92a6ef891d72ae82956dffe9d039,remediation/p3/results/ftf1d-p3-full-20260919/P3_design1_seed1/basic.json,41bdf28654a82321d6f5420b610e26edaa8a4f65626b21d82da92ec6adfdfa23,d5587c8d8564996982c5831c59c5d9b7b3b6992b72c384519c2e75ca7bbfb649
P3,P3_design1_seed1,runnerup,bce3ba03fbd326e8dfd16fcf49b45e81433b92a6ef891d72ae82956dffe9d039,remediation/p3/results/ftf1d-p3-full-20260919/P3_design1_seed1/runnerup.json,d80a10f5c87856b740ccd6f35ebe32f2519c4d54778bb7d0829f291080077499,65872e1ef5f8a0757c990ff0c0b4d36afe98aa06c8464582137667e018c10c3f
P3,P3_design1_seed2,fresh,bc2aba1622d6b2dd66abbe928452e034d9cf35f76840c425c61e27c26f6b4702,remediation/p3/results/ftf1d-p3-full-20260919/P3_design1_seed2/fresh.json,fa34fb48870e90d172b3706946a34c28fc2e4853aaf01ae5756d422944368d08,f7ab974ffc39f7cf75c17ea1e00f385dc6676c117d958d2195c380fbf6a73490
P3,P3_design1_seed2,none,bc2aba1622d6b2dd66abbe928452e034d9cf35f76840c425c61e27c26f6b4702,remediation/p3/results/ftf1d-p3-full-20260919/P3_design1_seed2/none.json,c9e27f832735aaa00646ac4dc9f5ceb976dc7816ed41ac506169a66102aa3601,78bdd7634cdeba98a9e3427a698d230017b71a959ddcb0108713d5975d7257ad
P3,P3_design1_seed2,basic,bc2aba1622d6b2dd66abbe928452e034d9cf35f76840c425c61e27c26f6b4702,remediation/p3/results/ftf1d-p3-full-20260919/P3_design1_seed2/basic.json,54456f81f7b8aa2b9c2bc7863c4ba79080d67226f3a963eae3d3663387a6796e,7315ae78ceba74388da6e1e56a2ba6c4550fedd5cd5529acf906fbafba80763c
P3,P3_design1_seed2,runnerup,bc2aba1622d6b2dd66abbe928452e034d9cf35f76840c425c61e27c26f6b4702,remediation/p3/results/ftf1d-p3-full-20260919/P3_design1_seed2/runnerup.json,55caafb737c8d726eefddfe15d9fbe0ea84728f30b9651617b435c25608bf426,1abf25a11c00e14dfc4511c16ca56a14b977012d20cabd98b448fd71965c80e3
P3,P3_design1_seed3,fresh,d277e4b5637cd75c7e8906d385182509f518b79cd7d2c737e24cb01f79b0c38b,remediation/p3/results/ftf1d-p3-full-20260919/P3_design1_seed3/fresh.json,64faca7f93acdd35b75f0ad3628feb3fdbeed699e36735e5482891d9b11f137a,1883530615700caf4824a12e77f3facb17476794f992d9e48495acdd3aaff56a
P3,P3_design1_seed3,none,d277e4b5637cd75c7e8906d385182509f518b79cd7d2c737e24cb01f79b0c38b,remediation/p3/results/ftf1d-p3-full-20260919/P3_design1_seed3/none.json,520925bef7208f1ffc240bdb748541fe6d67df4783790f44c87765235b50975f,cdd4c4bd8223fae7d6ea676aba2da0f956e63474aa5335b8fa08d26db1da3630
P3,P3_design1_seed3,basic,d277e4b5637cd75c7e8906d385182509f518b79cd7d2c737e24cb01f79b0c38b,remediation/p3/results/ftf1d-p3-full-20260919/P3_design1_seed3/basic.json,948809f8583516ea82055adab1469b3c11bbaf9c96c5d64d9c44270982a52385,cf99d43b9251b4ae8dc6799b88e008bddec0c3fd7ec839d66775b9d4ed2655bd
P3,P3_design1_seed3,runnerup,d277e4b5637cd75c7e8906d385182509f518b79cd7d2c737e24cb01f79b0c38b,remediation/p3/results/ftf1d-p3-full-20260919/P3_design1_seed3/runnerup.json,04aa2a2d86cba2e317c6dce10d5963df72831274b6305011635515a91652ac7d,41e8570bfaa35f9c235e7b626de69ee6ac2ed3f3001f220ceabf5fe70e4cce6a
P3,P3_design1_seed4,fresh,93397e7a9d9b703ad5fade8bb4c842f1f86d79188d731db3875076910a82993b,remediation/p3/results/ftf1d-p3-full-20260919/P3_design1_seed4/fresh.json,c618aaddd7d9469cf674429579695209ae5fa4c20588a80739af926bf45d66c7,931d5226dd49e88530c53bd8c28723401c13572a69db276db1846c6b1f1a6884
P3,P3_design1_seed4,none,93397e7a9d9b703ad5fade8bb4c842f1f86d79188d731db3875076910a82993b,remediation/p3/results/ftf1d-p3-full-20260919/P3_design1_seed4/none.json,667d17b5436dfeb9208d63b3feeadfe10c788fc5a14669b95ba20704fda510bb,4182a0bba08fafb0ba795fa619c33786ac1c7264982fd245769f3c1f7a3a0a7d
P3,P3_design1_seed4,basic,93397e7a9d9b703ad5fade8bb4c842f1f86d79188d731db3875076910a82993b,remediation/p3/results/ftf1d-p3-full-20260919/P3_design1_seed4/basic.json,b43f753668a28ac490da81ca3ea64bed8b5e8375f70ed8040a7ae26005918430,46e053d52d2b7cbf0b76564532c2b1f8bb80ce585736a0eb7fd892da33cf7f60
P3,P3_design1_seed4,runnerup,93397e7a9d9b703ad5fade8bb4c842f1f86d79188d731db3875076910a82993b,remediation/p3/results/ftf1d-p3-full-20260919/P3_design1_seed4/runnerup.json,1321ff6e85d0326d3fdaf6721ef4620cfc8d7c9492cbbb1f21a52c92353b2d4f,e84fbae96e1c69e4a536c068a930b23095fa32702176808791eb1c3900c1dbdc
P3,P3_design2_seed0,fresh,0e65ee52d2c78b1fa3f3c5265dc7f95db345808773ac0d1a18664c736400f315,remediation/p3/results/ftf1d-p3-full-20260919/P3_design2_seed0/fresh.json,0d2d3487d5db632bbd93acb756aad89d6414b51113ac5f1ee223e74b647358ba,dc291ab007bb4ab6cde19d75cf3acb0e0ea8c985ca65ce690b599a0d21091ea4
P3,P3_design2_seed0,none,0e65ee52d2c78b1fa3f3c5265dc7f95db345808773ac0d1a18664c736400f315,remediation/p3/results/ftf1d-p3-full-20260919/P3_design2_seed0/none.json,b3340addd006d751f62b96d7a1f3e6a4442536e788ce2b7cf3c6e146ab173b19,fdb6cd7b11ecedf919108cfb120460222d1e5685386c1519ecd0daedce50e9be
P3,P3_design2_seed0,basic,0e65ee52d2c78b1fa3f3c5265dc7f95db345808773ac0d1a18664c736400f315,remediation/p3/results/ftf1d-p3-full-20260919/P3_design2_seed0/basic.json,602a17bb48642d8e4949a4ec85d6f6720b55a8fab689ee3d97ad55891d34fb96,09355bd49a91b72bb855fd181b74e2c5436ed61613754d6b4add2b2e2af7f467
P3,P3_design2_seed0,runnerup,0e65ee52d2c78b1fa3f3c5265dc7f95db345808773ac0d1a18664c736400f315,remediation/p3/results/ftf1d-p3-full-20260919/P3_design2_seed0/runnerup.json,1a4b69a7cd7c2b509fe72374ea95fa4d938019fda3ee196205b3666e19a79f1f,5106d0b303a9a676129fe6ea089933d5e165722eca80d56fa234e6d59b3a8fe7
P3,P3_design2_seed1,fresh,bb704c749da61b3b21eeb68d2c11b8524bd6b4f79d0dc0f17002a81d00cfba04,remediation/p3/results/ftf1d-p3-full-20260919/P3_design2_seed1/fresh.json,5ecc36d91abbb10d3cdee937910b9669a66a84974f99530f789ff88835cc4757,c55105b36728ef6ca536e811f6eed2ab7abdec882cf097c7f2a7b1013e40f40c
P3,P3_design2_seed1,none,bb704c749da61b3b21eeb68d2c11b8524bd6b4f79d0dc0f17002a81d00cfba04,remediation/p3/results/ftf1d-p3-full-20260919/P3_design2_seed1/none.json,7b3bd013ed8ce2be6c3c7b09f06c8ad0e5bf846935da4e173ba13ce6be7950f7,e3ff24b5a25284b93b0523ab02cee5ab7a45eb911bb298478cce90eac32f99c5
P3,P3_design2_seed1,basic,bb704c749da61b3b21eeb68d2c11b8524bd6b4f79d0dc0f17002a81d00cfba04,remediation/p3/results/ftf1d-p3-full-20260919/P3_design2_seed1/basic.json,7a7124c25344acf6e93e8ef2412adf8831cda29137b7f4b4baf56ec8f4e2a3f0,2b7416f31ae4abbedb2aec0e6264686f8462ad3e74f56f3ad37e6e6748a7e758
P3,P3_design2_seed1,runnerup,bb704c749da61b3b21eeb68d2c11b8524bd6b4f79d0dc0f17002a81d00cfba04,remediation/p3/results/ftf1d-p3-full-20260919/P3_design2_seed1/runnerup.json,9c09bbbca4dbc313d9981f3b0e3330ae90e4c9e108f71fe04343e9281f6ee022,c3cef2552f124ce0ad2037cf6e34b099268417a34834d389b8ab854efd127b48
P3,P3_design2_seed2,fresh,cdb8d9b74dfdbed7a972b94471530593d0c04c9a19071060b7e4457fba7c7714,remediation/p3/results/ftf1d-p3-full-20260919/P3_design2_seed2/fresh.json,45f455dd8d0802f0673fc55b10a8628a43725cfbbe85a8959ea037592ac2c240,21912b887706fc347020c3e7ec44246a0eea0e303083d542c94f07e98c39cedd
P3,P3_design2_seed2,none,cdb8d9b74dfdbed7a972b94471530593d0c04c9a19071060b7e4457fba7c7714,remediation/p3/results/ftf1d-p3-full-20260919/P3_design2_seed2/none.json,2dea1e72eeaa300950079c070a9dd26b777da60f1b3a7f10e2effc594e3f8d27,f5db85119ed7f1a19c3b9eeebb41ed271fc88106a4cc33441fd6c8777549994e
P3,P3_design2_seed2,basic,cdb8d9b74dfdbed7a972b94471530593d0c04c9a19071060b7e4457fba7c7714,remediation/p3/results/ftf1d-p3-full-20260919/P3_design2_seed2/basic.json,00a1c2cf33330b3a24ae0d3d76d4fd4c974cd407d6d8dcfd5125785f89800a36,7ea5d38e52440875cc219412b258aff720b13c21fd8666443689f909e4909807
P3,P3_design2_seed2,runnerup,cdb8d9b74dfdbed7a972b94471530593d0c04c9a19071060b7e4457fba7c7714,remediation/p3/results/ftf1d-p3-full-20260919/P3_design2_seed2/runnerup.json,2038bc362663f8e4cfe011ae50906059d58f7f085d04605bfae3095b2b05e8c0,eaacf9a2ede5d280fffff56bd919e1976b78aa11243496d72011457c19ab64bc
P3,P3_design2_seed3,fresh,92a4f4ba58895fac3129b5a37fc38c221ead1481e651139c836bbf544dfdac2b,remediation/p3/results/ftf1d-p3-full-20260919/P3_design2_seed3/fresh.json,03c1ab75e970878199d9d8a144584bdb48b4ab8433f5cda4927a789a54b941af,16481e3509612911524ab988dbf11f030bb28587c7bc52402fa78a19423b6c33
P3,P3_design2_seed3,none,92a4f4ba58895fac3129b5a37fc38c221ead1481e651139c836bbf544dfdac2b,remediation/p3/results/ftf1d-p3-full-20260919/P3_design2_seed3/none.json,431cb71d4e4651bce185829d5264ecdb3175f9b21ebe596d7c4c43274eeb0225,8e925ad79aa709d25f1b93d5146c5bf57bc26a5423e356be2f0b26df2f5dd6ab
P3,P3_design2_seed3,basic,92a4f4ba58895fac3129b5a37fc38c221ead1481e651139c836bbf544dfdac2b,remediation/p3/results/ftf1d-p3-full-20260919/P3_design2_seed3/basic.json,94cff819ee1ab6bc83739001b55395747a8f5bcd5078bdbe3445e603d1cff60f,6cba13d716166ef4b41f43666cc556d6f03504a480be713828251423ce2450d7
P3,P3_design2_seed3,runnerup,92a4f4ba58895fac3129b5a37fc38c221ead1481e651139c836bbf544dfdac2b,remediation/p3/results/ftf1d-p3-full-20260919/P3_design2_seed3/runnerup.json,bb8ddecc0196735f2f8df8c26356b147544313b727369b1b57b56b2936796c89,49b50384a5bd4e8294cc862a957890864cf2fbd8b120405412dda07e7a034977
P3,P3_design2_seed4,fresh,a1d1e88388d8143b585187c6afdd24b9475a23bd03fd4220e360525c26cbeacd,remediation/p3/results/ftf1d-p3-full-20260919/P3_design2_seed4/fresh.json,bfb9ead96bcf4714fb09e397ea554a8a81ec6a34cefbafcf86fcfa6e24edccad,3644520c8d07979e3f74ed0e999bc495a49c473d4350dea8f004eaedcd092d71
P3,P3_design2_seed4,none,a1d1e88388d8143b585187c6afdd24b9475a23bd03fd4220e360525c26cbeacd,remediation/p3/results/ftf1d-p3-full-20260919/P3_design2_seed4/none.json,f9cbd4b92c6d534f089cf38949c0995390907c1606b9fabc1c5c62a175cde228,befc98dc7564dd937c96609a0aac2c47452fd017c982be87c574fd9714f0d709
P3,P3_design2_seed4,basic,a1d1e88388d8143b585187c6afdd24b9475a23bd03fd4220e360525c26cbeacd,remediation/p3/results/ftf1d-p3-full-20260919/P3_design2_seed4/basic.json,5f88c5c8a15ff2a3a0730a5f5e01b6a0793fea8d499e58882172c3545cb0cb5b,ad9f08fa1e322492382c238c64c1f195897a1eeb2a93f9a0e501ed4db08b4f09
P3,P3_design2_seed4,runnerup,a1d1e88388d8143b585187c6afdd24b9475a23bd03fd4220e360525c26cbeacd,remediation/p3/results/ftf1d-p3-full-20260919/P3_design2_seed4/runnerup.json,3f093ca531e3cad12b7a776a5a569af7d3186558f0043c428cd993b4c0b60751,f4049f1887bffda5cb04724f4718996bfefd2ad5eba78e87de3edf4843a3b53a
P3,P3_design3_seed0,fresh,270c496ee2b92da468a6b22f24b076b84c3496756ed9f48ae545c6ff2365715c,remediation/p3/results/ftf1d-p3-full-20260919/P3_design3_seed0/fresh.json,43a77021ead9dce6a9e5651c4a163f7e6a85fa7c9acbc9fee11f48198ad5ae63,16b26ab5bf74b62b6c7d4180e3b4349f73672e2cf1b562bb03a7d3599707928c
P3,P3_design3_seed0,none,270c496ee2b92da468a6b22f24b076b84c3496756ed9f48ae545c6ff2365715c,remediation/p3/results/ftf1d-p3-full-20260919/P3_design3_seed0/none.json,c831d570b0923a8b273acbb7c28134b33f536ce5a89c149e9834c6437a1f25c5,242b52d2ed1e25724eb66cfe9901ce8aa69b34f44cb9b44bd0f5fbfdc0d15287
P3,P3_design3_seed0,basic,270c496ee2b92da468a6b22f24b076b84c3496756ed9f48ae545c6ff2365715c,remediation/p3/results/ftf1d-p3-full-20260919/P3_design3_seed0/basic.json,7e519eb4eee4ba093d4fe5600ba4ab61c508753dac19062f169349ba7df85bd2,afc1c449b4154a3bc07677ac3ce04f5be1d64ed7c319e9102e0fda492951b1f3
P3,P3_design3_seed0,runnerup,270c496ee2b92da468a6b22f24b076b84c3496756ed9f48ae545c6ff2365715c,remediation/p3/results/ftf1d-p3-full-20260919/P3_design3_seed0/runnerup.json,e44f43afb6750673011498764a767e51d35ff936040b73a4bb9ec434bf20dc8f,6ae17cdf221bfc4f5b9cc68aa235fb800c79b6bb8c6fabb4ce19d2b3387fa8c1
P3,P3_design3_seed1,fresh,4d1e8baff63841a079901f47150883538606dc98ea781c69e396d01a60159ec3,remediation/p3/results/ftf1d-p3-full-20260919/P3_design3_seed1/fresh.json,8ee2578a4d386a60235c7d6b32976041cf8b1071a04a19ce68cda332d746f86d,001a52a124479f9066147f19b2207f9aacea7dbdae1670cb6be53ccd6c4250d3
P3,P3_design3_seed1,none,4d1e8baff63841a079901f47150883538606dc98ea781c69e396d01a60159ec3,remediation/p3/results/ftf1d-p3-full-20260919/P3_design3_seed1/none.json,306c0e50d36b0030de43e6a1e67f4d2d98da82952296a515e5c7ee48bb057176,65240e919f5b58209f1a1df0faa7e4ffee6cf2e6c4e236ba386d415168014e5d
P3,P3_design3_seed1,basic,4d1e8baff63841a079901f47150883538606dc98ea781c69e396d01a60159ec3,remediation/p3/results/ftf1d-p3-full-20260919/P3_design3_seed1/basic.json,fc7cb2704b19c63fd9fa4a17199ba46e33b389ed678579830a24eb89792562be,59c959467372bea41ab6014d9e21456a14265579447f75c918916305f0e65019
P3,P3_design3_seed1,runnerup,4d1e8baff63841a079901f47150883538606dc98ea781c69e396d01a60159ec3,remediation/p3/results/ftf1d-p3-full-20260919/P3_design3_seed1/runnerup.json,1be250f1f5e510412568a71a2d5f58037e748cc93c50e0b53ea4da9f4a8b4386,f45ccf4901d29c1104fabbb631a17a1da443d823c556f14e5c1ba19a79c6a8f0
P3,P3_design3_seed2,fresh,6df132bb22db1141f19083408347aa6737a4cc1f5be1b127ed1b9606eb9e7e28,remediation/p3/results/ftf1d-p3-full-20260919/P3_design3_seed2/fresh.json,e37901f5f7f4319bde6f18c3dae3be6573ddca42dacbdd47cb2e94d3459d9d47,f132ec60f2e1a4611cb6770a32d8e23700b3d968edf46aafdc857df4eb709e11
P3,P3_design3_seed2,none,6df132bb22db1141f19083408347aa6737a4cc1f5be1b127ed1b9606eb9e7e28,remediation/p3/results/ftf1d-p3-full-20260919/P3_design3_seed2/none.json,b5677d1bb92764743f793695be75de901fd6aef6829c5f8d56efff71e578866d,50e429d2f8b6b55459245ad842fff7791bfddaab2edc04636a9ecc590f478834
P3,P3_design3_seed2,basic,6df132bb22db1141f19083408347aa6737a4cc1f5be1b127ed1b9606eb9e7e28,remediation/p3/results/ftf1d-p3-full-20260919/P3_design3_seed2/basic.json,7c08ded75363500812e5dc552b597eea32321ac34166a90ae7495113d32a6031,081e03ca6b830b66ccf4dd49959fcfbc81f423454bb4ad137b40743250e0a5c5
P3,P3_design3_seed2,runnerup,6df132bb22db1141f19083408347aa6737a4cc1f5be1b127ed1b9606eb9e7e28,remediation/p3/results/ftf1d-p3-full-20260919/P3_design3_seed2/runnerup.json,2c2983a1435257acef0b6159db9b202419f664597c3d575fdc0d7a702bb6170f,218df1c959c62bf06a5f69664fe9ce8951369331aac41b4a5fce741420ecb6b8
P3,P3_design3_seed3,fresh,8aef2f37e1db30ef2cf33fda22cdb35eaa1d57174d1ae8e2b34bf7daaafdcf69,remediation/p3/results/ftf1d-p3-full-20260919/P3_design3_seed3/fresh.json,5266b6266b69bff7b5001fd652e32eed87658330ea7941e29e76a6a26274f8b2,9ede563284c0ae9f43ae7f6ee030f899bf8b9c9821909f4068f252805c071971
P3,P3_design3_seed3,none,8aef2f37e1db30ef2cf33fda22cdb35eaa1d57174d1ae8e2b34bf7daaafdcf69,remediation/p3/results/ftf1d-p3-full-20260919/P3_design3_seed3/none.json,bdb8e43f006ba6bada87ac1ac3f8281ac9824351ba4c3ff6fda87beabbfc9c03,9c836abebb5feaa4d1c1777bd6673c25dbf05ae8bf18974d0cd5051779c0eed5
P3,P3_design3_seed3,basic,8aef2f37e1db30ef2cf33fda22cdb35eaa1d57174d1ae8e2b34bf7daaafdcf69,remediation/p3/results/ftf1d-p3-full-20260919/P3_design3_seed3/basic.json,cb76ff44020988aa9bd4a3a84b7395260392f1dea0d6e552aa4e0e7e6e0c9a30,3dc22afeb245985945061bd3f3ca90e72d3385312bbf5b707a96b8ac56a3861c
P3,P3_design3_seed3,runnerup,8aef2f37e1db30ef2cf33fda22cdb35eaa1d57174d1ae8e2b34bf7daaafdcf69,remediation/p3/results/ftf1d-p3-full-20260919/P3_design3_seed3/runnerup.json,f95e8d7cf7d7cf9680e413e4cc08c73066fabbd4b0053db43486351c120ad12f,348e400c5f758b6ee6a1484dd0afa81c5481755626da665bd3b7a307541268d4
P3,P3_design3_seed4,fresh,35341937c0dcd7fba904c9ad07a96484bd8bdbc14ed809ad10d04ed04bb437bc,remediation/p3/results/ftf1d-p3-full-20260919/P3_design3_seed4/fresh.json,0955c1208046aa7874ae6c534df91ccce05267cc8143bf91ffd23b6be915e198,cc48b8b6b5f419b59d56533eb2f74abe237d02616a2e56c9f90b747b7582b8d7
P3,P3_design3_seed4,none,35341937c0dcd7fba904c9ad07a96484bd8bdbc14ed809ad10d04ed04bb437bc,remediation/p3/results/ftf1d-p3-full-20260919/P3_design3_seed4/none.json,babf2d46e3d2b80cd8e20fc7f68089d039dec52c704317ec9831b2182411c994,4f7c9a9f31dffb30c4f5e134c926f1d15bac006862466f4a6fac22c53166bf9a
P3,P3_design3_seed4,basic,35341937c0dcd7fba904c9ad07a96484bd8bdbc14ed809ad10d04ed04bb437bc,remediation/p3/results/ftf1d-p3-full-20260919/P3_design3_seed4/basic.json,ea54f26a9474baf7914dc8a2183023a847ba0723e5204b0b825d7a00f2066363,ecf9833cfe5b4486b1de92837189f64cea671def1509850998806b30ff6fb7d6
P3,P3_design3_seed4,runnerup,35341937c0dcd7fba904c9ad07a96484bd8bdbc14ed809ad10d04ed04bb437bc,remediation/p3/results/ftf1d-p3-full-20260919/P3_design3_seed4/runnerup.json,c0bb7235de482c7952c36346640c06805311d053f5bbd5d8ded9d80a297561f1,5d9bc1bf4019bc5a7ffa2697e78a9982c3365cd96b54b6810063768295f6ff02
P3,P3_design4_seed0,fresh,bb5948ca0b34d3e3d5507c00aa3c16314eea018c44af1c967ebb633dd8ba99e6,remediation/p3/results/ftf1d-p3-full-20260919/P3_design4_seed0/fresh.json,e82fc02bac555b3215449c88e980d0e495828361faf9bcc6511034217a113304,52338d590b1bb59b66fc675062252492976e639be35d7eb2d7cda65b47b454a5
P3,P3_design4_seed0,none,bb5948ca0b34d3e3d5507c00aa3c16314eea018c44af1c967ebb633dd8ba99e6,remediation/p3/results/ftf1d-p3-full-20260919/P3_design4_seed0/none.json,d8748bdb3137f177633b65873915590a8f24145cffec9ce3f8039213773f7745,c26bfa2574c8d06a7d7c905b19c93ae590d85eca650f7e305d4a017bec11cb16
P3,P3_design4_seed0,basic,bb5948ca0b34d3e3d5507c00aa3c16314eea018c44af1c967ebb633dd8ba99e6,remediation/p3/results/ftf1d-p3-full-20260919/P3_design4_seed0/basic.json,6f4ea5eeadb4f2689c8babe346c76f9e2d2b9a8dc4ebe03d1e24dfd9980ebe3f,bc9a486b53000eb3079325cc71fcbe3549ffebc7816c76a696592b7f8013adf6
P3,P3_design4_seed0,runnerup,bb5948ca0b34d3e3d5507c00aa3c16314eea018c44af1c967ebb633dd8ba99e6,remediation/p3/results/ftf1d-p3-full-20260919/P3_design4_seed0/runnerup.json,d0c5bca1263b0a3aefaf14de01677f220a850338971baa67b6214a6495a92d46,0716b3e2eab92e809b15b0454c135da067d8b6570c9ac3fd6ed5847ec4917a42
P3,P3_design4_seed1,fresh,3dfd186047eea1b24907c0c44f9fa8ae3043b36a5c54376f527dbed97a3fdf61,remediation/p3/results/ftf1d-p3-full-20260919/P3_design4_seed1/fresh.json,18c429ff525ec111e58a8bfe24d7b6fab36a464c378e1f35f0913ef504469675,5567d6d508ac814ef8f4d715006a0bcd2026fd28c3d2b671d3994b37f91261e9
P3,P3_design4_seed1,none,3dfd186047eea1b24907c0c44f9fa8ae3043b36a5c54376f527dbed97a3fdf61,remediation/p3/results/ftf1d-p3-full-20260919/P3_design4_seed1/none.json,d6355497244c9ab7df677e0cdbdd0925cdd8e14d06e949a7a2d6f7cf3320cf6e,6723d8bf7ce9861d034186af649f83aa55a2350ab72a5bda2c979a3d18abf53e
P3,P3_design4_seed1,basic,3dfd186047eea1b24907c0c44f9fa8ae3043b36a5c54376f527dbed97a3fdf61,remediation/p3/results/ftf1d-p3-full-20260919/P3_design4_seed1/basic.json,a199f1752cd3b608839a4a9ad5beba7955774443b9143f2629d906d4d91cf40e,1605b0dd525d8a2dfb6dc87a6b4df44a09e9eed9e33d03ee05178c0cc3381ea0
P3,P3_design4_seed1,runnerup,3dfd186047eea1b24907c0c44f9fa8ae3043b36a5c54376f527dbed97a3fdf61,remediation/p3/results/ftf1d-p3-full-20260919/P3_design4_seed1/runnerup.json,36490bd4564954915c83c214338e2adec929717f593461d8d1daefaed2cd9033,b9c5bcd99902fd8b9dd2dbb15e3af07602984716a6c599e64a7397f40384f477
P3,P3_design4_seed2,fresh,3182e8d6b761f119f0bcea7f5d7482a2554d46c8b3c097398eefb8e23c37e3ad,remediation/p3/results/ftf1d-p3-full-20260919/P3_design4_seed2/fresh.json,f06c57b4062ff95ab8a21851e46a0a455c4b3ad72a6af9490487f8fcc473ba4c,f3f47a5b2cb14d7ee24a54526786366e481de65ec6f27189182a9dcd2c8fb329
P3,P3_design4_seed2,none,3182e8d6b761f119f0bcea7f5d7482a2554d46c8b3c097398eefb8e23c37e3ad,remediation/p3/results/ftf1d-p3-full-20260919/P3_design4_seed2/none.json,17debf7a1d856147bc7767d54f55d30a2ad5fffcbc8c8123d177020078c741f5,4f233d907e60e9febc70dfec62616731ccbfbe8604fa0f4dfe9d607a23de788e
P3,P3_design4_seed2,basic,3182e8d6b761f119f0bcea7f5d7482a2554d46c8b3c097398eefb8e23c37e3ad,remediation/p3/results/ftf1d-p3-full-20260919/P3_design4_seed2/basic.json,773b9c8db89b8ffb41aa81ec85518b79689670dbd073c71643d7ddb812ffee76,16e51db94701346e0f87acd05b4597752775ca8490d70fe8c0018264747f8cb8
P3,P3_design4_seed2,runnerup,3182e8d6b761f119f0bcea7f5d7482a2554d46c8b3c097398eefb8e23c37e3ad,remediation/p3/results/ftf1d-p3-full-20260919/P3_design4_seed2/runnerup.json,3b122bc7725f0fc88cf1ecf50cef4dc448479bd4bec05ea921cf6c42123713a9,0fc1b0e205458af42e28849a06155226fdf2e625db6bc27f67fe2d0fbe5da1b4
P3,P3_design4_seed3,fresh,8ab5b9d3b51edb8d82422b01fee60decd740abbff5b87d18230dc56d9b295484,remediation/p3/results/ftf1d-p3-full-20260919/P3_design4_seed3/fresh.json,da8f03e08f2c87b45efc42747acd891755217234ac3d9b7cb7a40f1bf9425d72,2e859e23d40d0d395ab8ddffcd5bcbf7289bf8ec94ff41eff8c8fb1f80e03f85
P3,P3_design4_seed3,none,8ab5b9d3b51edb8d82422b01fee60decd740abbff5b87d18230dc56d9b295484,remediation/p3/results/ftf1d-p3-full-20260919/P3_design4_seed3/none.json,1a6e61877596cbcdc06c659873b674295b8589f7f17e0083215f2440fc9f72ab,9f81f73525e114b7b34c577f27579c36bdc46158406ae8aa3afc67efff843128
P3,P3_design4_seed3,basic,8ab5b9d3b51edb8d82422b01fee60decd740abbff5b87d18230dc56d9b295484,remediation/p3/results/ftf1d-p3-full-20260919/P3_design4_seed3/basic.json,64a4c241e484e0d2ad5787429528715f2e2a5e01f91e8067703d7075aa741e9f,55cb8740ea260f87b048a97e78062881991e98320cd7d54c06fee3545f93f7e0
P3,P3_design4_seed3,runnerup,8ab5b9d3b51edb8d82422b01fee60decd740abbff5b87d18230dc56d9b295484,remediation/p3/results/ftf1d-p3-full-20260919/P3_design4_seed3/runnerup.json,1638106e336ff1d1bfdbb36792802b9f7c1694b829e75320ade4ac049e7f57b2,1d2ece9550b590db053f52a3d21bccb764e635b482323593ca7738fe76410389
P3,P3_design4_seed4,fresh,7e7d3b25d089775a9dca24fefff7bd0c49196395a0e66ec26564e4e056753a64,remediation/p3/results/ftf1d-p3-full-20260919/P3_design4_seed4/fresh.json,bd5b67da7ebfe5474083ac805b38e4e555dcdb164e5e532d1be85c377cb1c65f,a9926142302bc7573af60230b7be7c2f0abdfacea5d0c8c40b8a9d3108ee27f4
P3,P3_design4_seed4,none,7e7d3b25d089775a9dca24fefff7bd0c49196395a0e66ec26564e4e056753a64,remediation/p3/results/ftf1d-p3-full-20260919/P3_design4_seed4/none.json,06eeb68f0c968def4888e853c1e57461946cbab2b3c1917e5274e987efe301ad,5a0a239fb0a45b50d352abb182e8764a9da4d7c1975cc99849d20979affb3cf0
P3,P3_design4_seed4,basic,7e7d3b25d089775a9dca24fefff7bd0c49196395a0e66ec26564e4e056753a64,remediation/p3/results/ftf1d-p3-full-20260919/P3_design4_seed4/basic.json,05b67aadfd812c2afaef16bafc03c4996c1fb5c1a28062dfb81b1486794300a3,6132bd21b2340b1974b64d32e0b1203303aac980653a2a3b76d15fda4c68e97e
P3,P3_design4_seed4,runnerup,7e7d3b25d089775a9dca24fefff7bd0c49196395a0e66ec26564e4e056753a64,remediation/p3/results/ftf1d-p3-full-20260919/P3_design4_seed4/runnerup.json,7d6cd5df7aa80f8852be60685362f004db40a1d2b86b587372df80b704e92605,816c436347db5c8ab6ccdac0873a0282a8009ff3c22347320e9cf1b9cddce8dc
P3,P3_design5_seed0,fresh,f940c464a99de551b7894db7bc544fb42ba4a93b4f801572e745fc4a86f86c3c,remediation/p3/results/ftf1d-p3-full-20260919/P3_design5_seed0/fresh.json,8cdd9f76f873606a2a78eada3cebc24039edfc7cb2c131eaaefa50329e9b8300,de9e241c075a13af72ce599164058d2ae95b7d71447cb91052e1fa194f6d9577
P3,P3_design5_seed0,none,f940c464a99de551b7894db7bc544fb42ba4a93b4f801572e745fc4a86f86c3c,remediation/p3/results/ftf1d-p3-full-20260919/P3_design5_seed0/none.json,a20a85c4c01d27530e598190271dcb6c033057b85f35880b7b47247a630299df,b481cfccd93d34b31cf00971cdf30089d7c3321f3499afc16da2905d8e7bd56a
P3,P3_design5_seed0,basic,f940c464a99de551b7894db7bc544fb42ba4a93b4f801572e745fc4a86f86c3c,remediation/p3/results/ftf1d-p3-full-20260919/P3_design5_seed0/basic.json,587d18c5c6a2e2ba7a9c7e10d86b39bf7a3f40dc3be43eeb852d7998a6323c41,7669b69bed253320044038df2162355c987b8341c782a26cdcde134d6531d821
P3,P3_design5_seed0,runnerup,f940c464a99de551b7894db7bc544fb42ba4a93b4f801572e745fc4a86f86c3c,remediation/p3/results/ftf1d-p3-full-20260919/P3_design5_seed0/runnerup.json,dbef5b0cb0295c0c1d5046b2c9fe770b4bd9f7df390c2b917e7218d3d31319f5,77e1336585a01141faf64d41bd885ec8488d44a51fae679023d4d68cba2937a1
P3,P3_design5_seed1,fresh,152768384cf84104aff34dc65dca1588bf50aab28cddc9ecf87e0f353daea867,remediation/p3/results/ftf1d-p3-full-20260919/P3_design5_seed1/fresh.json,82409f7f9786907ddd1222b31a2351bd8aff23f25f1ec21ea625505d2d7068e7,2b7d405e5c06e2f4f22f4a7a03be4df19df6cded2ca848b9655209a6caa12e24
P3,P3_design5_seed1,none,152768384cf84104aff34dc65dca1588bf50aab28cddc9ecf87e0f353daea867,remediation/p3/results/ftf1d-p3-full-20260919/P3_design5_seed1/none.json,9e899bc606ad71be6bd3716484b47b55b79b7b952441653a340737edab92a8e3,424d246fe8bb01643d55bd6a8eeefb981da1145fea86be7995c66be9297fcf6f
P3,P3_design5_seed1,basic,152768384cf84104aff34dc65dca1588bf50aab28cddc9ecf87e0f353daea867,remediation/p3/results/ftf1d-p3-full-20260919/P3_design5_seed1/basic.json,855b3b1cd75b1cd1d528c3281750c56d107d4321b22bfdaf64314ce16a8fa120,80a57f14072e798016b0954e31630bac1dbfea9fd1dc9b9a98617695fc0f00f8
P3,P3_design5_seed1,runnerup,152768384cf84104aff34dc65dca1588bf50aab28cddc9ecf87e0f353daea867,remediation/p3/results/ftf1d-p3-full-20260919/P3_design5_seed1/runnerup.json,3bf12b60749e68029618e5ab9a56e99f7e4d22b259081a4d43499b83bcd477ab,e2dbcce06ea074c619751d24d0fc0639c97ed2802bc06beed260cf5196e49219
P3,P3_design5_seed2,fresh,a6306e6ff0cefa6b6bd15f2283eca757c6a1404a0f0f6a579fcde226006185f0,remediation/p3/results/ftf1d-p3-full-20260919/P3_design5_seed2/fresh.json,4f202d1a207df7891bf86a45eb7e914f825bb1d36fe1eb27b65ae3e6801022ad,062185c86afc157fc9effebace7a53e39ecd294aec34b5af299c50ee622f6487
P3,P3_design5_seed2,none,a6306e6ff0cefa6b6bd15f2283eca757c6a1404a0f0f6a579fcde226006185f0,remediation/p3/results/ftf1d-p3-full-20260919/P3_design5_seed2/none.json,a27dc7bce0a1c6b9e9f1fa0369c1d70c8ab28c815dd8ea7a07aa16dc38dffbdf,a6cf41038faa1c6d0934db156082e18384b7d1b917f16767631a26dcad25108f
P3,P3_design5_seed2,basic,a6306e6ff0cefa6b6bd15f2283eca757c6a1404a0f0f6a579fcde226006185f0,remediation/p3/results/ftf1d-p3-full-20260919/P3_design5_seed2/basic.json,ccc44315c9e24144287e70751113df65c87ee16b18823f6e2f32106368d15d54,e1a15088da7756e53040cdfb14b6d365edff0adda9b111371b3924ab305aeaac
P3,P3_design5_seed2,runnerup,a6306e6ff0cefa6b6bd15f2283eca757c6a1404a0f0f6a579fcde226006185f0,remediation/p3/results/ftf1d-p3-full-20260919/P3_design5_seed2/runnerup.json,8e9bc4844e9905b0f1fb9f70a1351f4d7df2a8db76ea4d132648dbce33b46145,1096520964d9ab9307d485be81d2aa75bc54fe90f76cb86c45b6dd3b17b5c8d0
P3,P3_design5_seed3,fresh,c291a6452f29536b80ea3a998982ab72f5d1d45b8152faa4dc25f057a2e7a952,remediation/p3/results/ftf1d-p3-full-20260919/P3_design5_seed3/fresh.json,5ab92fa9ffc97171bc8a6cc22718ee93724e25e6f86fe75399c02269073f3aba,90e05100284a7493f9864c820682a1572358a8d00534ddc837bfe3568d04a17f
P3,P3_design5_seed3,none,c291a6452f29536b80ea3a998982ab72f5d1d45b8152faa4dc25f057a2e7a952,remediation/p3/results/ftf1d-p3-full-20260919/P3_design5_seed3/none.json,a46a7f6cfe1d16ff319210a4b4862c9e1067e59265bfe199d4e44fc7b2d28934,c74069221bad0e65744e6e1ab90b3e91a476d292f1698aabeb9a46ec9eaf72a2
P3,P3_design5_seed3,basic,c291a6452f29536b80ea3a998982ab72f5d1d45b8152faa4dc25f057a2e7a952,remediation/p3/results/ftf1d-p3-full-20260919/P3_design5_seed3/basic.json,12e3d0d94d3adc6fa2cfff4399cd34949fe678ae922c4f7d73d7189ecbaba470,48bbc20b57bc769ec41b8a4982612417bda7ddd11cbbb1176a85ba4db88c19e5
P3,P3_design5_seed3,runnerup,c291a6452f29536b80ea3a998982ab72f5d1d45b8152faa4dc25f057a2e7a952,remediation/p3/results/ftf1d-p3-full-20260919/P3_design5_seed3/runnerup.json,fe218da0f7855815fa7f4ec90761825398fd15653acc862ab39ff15ec4e38bf9,fed76ac05392cc208e64d03c0ca8dee9d9d7a1be78bf7e8d4517ac57c3015982
P3,P3_design5_seed4,fresh,26e8d0722c613c9c2e40702a2ab0971474170900160b996a32a528991d9d1edf,remediation/p3/results/ftf1d-p3-full-20260919/P3_design5_seed4/fresh.json,4ac0fb9854d8730455539c774397951da2ae527c82e66ae2a06cd73cebc735ea,f2edf95399315c9253321283ff41c4167fb5fc3f37b2af4a8ad23f6b77835274
P3,P3_design5_seed4,none,26e8d0722c613c9c2e40702a2ab0971474170900160b996a32a528991d9d1edf,remediation/p3/results/ftf1d-p3-full-20260919/P3_design5_seed4/none.json,92ffd2ea5a2d486e643bd7028a9a9eba4304cfa7a7d75790e7c1974ee986ffda,161dac8dc6813f820241e704da7b5e244f68caa683c8c6dc8b449cc612ba3c04
P3,P3_design5_seed4,basic,26e8d0722c613c9c2e40702a2ab0971474170900160b996a32a528991d9d1edf,remediation/p3/results/ftf1d-p3-full-20260919/P3_design5_seed4/basic.json,ab6eff42047f8350e867900611c9f4ba6ce0c5ae880c865d72fdd5e846083d60,7346264aefab010656ea7ae649bbbf42302ccd16e90cbe2f7df0de0959e9ac85
P3,P3_design5_seed4,runnerup,26e8d0722c613c9c2e40702a2ab0971474170900160b996a32a528991d9d1edf,remediation/p3/results/ftf1d-p3-full-20260919/P3_design5_seed4/runnerup.json,41e975057d22195410723ec7470cb20e066285ba9fdf87a155e5179472b449fe,b4b9e458ce3a5d97a000b791908a30f8300946d44d63ee7da8a4a45c239db63b
P3,P3_design6_seed0,fresh,b24365aa3255955739e54ae7ae4a7aa7d3d89f56c245947de923f9332b423d52,remediation/p3/results/ftf1d-p3-full-20260919/P3_design6_seed0/fresh.json,fed006c5ae2223bdb386f54ea8bdec87d8d886dda780c2597e97bc1ea87f8d8d,37d7f49ef37fbb4ac154b1b2bb5ed97fe11bb8b85f9bf398ee4ff2eb1f3fdde5
P3,P3_design6_seed0,none,b24365aa3255955739e54ae7ae4a7aa7d3d89f56c245947de923f9332b423d52,remediation/p3/results/ftf1d-p3-full-20260919/P3_design6_seed0/none.json,44169e3eb695d58273e6b20177a8774b740ff253b44698dcf2ec16ab6f4cc04c,4da88ed10f1daa0240c689230d57884af3c53f7fd76c64bf07b4b8e519b8656b
P3,P3_design6_seed0,basic,b24365aa3255955739e54ae7ae4a7aa7d3d89f56c245947de923f9332b423d52,remediation/p3/results/ftf1d-p3-full-20260919/P3_design6_seed0/basic.json,82a027abc584eaf5ee78dd8e4d42bc99f6b6ba70e2fa199a0a3a4bbdc3998769,19e4c845282f9012f276abe10e121775fd76b247152d3cec701956d1aa28f25c
P3,P3_design6_seed0,runnerup,b24365aa3255955739e54ae7ae4a7aa7d3d89f56c245947de923f9332b423d52,remediation/p3/results/ftf1d-p3-full-20260919/P3_design6_seed0/runnerup.json,8a91bc6ba6520468fd1bbe81512261bbde2d24868c9e4ca5befb3436b24ca797,4d3d02a03836717c6c9215545db8522970b1aeb96e9ae3f6ce03cce94ef51aad
P3,P3_design6_seed1,fresh,fba792991cd7ab7225ad42433ac938b4a2b132449ab91f220df53caff2e60315,remediation/p3/results/ftf1d-p3-full-20260919/P3_design6_seed1/fresh.json,143bc52cab9fd260898aa556d154672eb31a54589568da5a66b4bd6cc2cde1a0,222e41cf324af3d8e8e9eb98d095246045d914c98a23330c8aad96ade8ac49e7
P3,P3_design6_seed1,none,fba792991cd7ab7225ad42433ac938b4a2b132449ab91f220df53caff2e60315,remediation/p3/results/ftf1d-p3-full-20260919/P3_design6_seed1/none.json,162227198b1e9b6780e7a4e5f8d9b97cebafe0b190c5b38bfb946795c9d9f950,7b051d426308028d14ea11501259265c640cd214111e23464ccf4c0cbf55e2e8
P3,P3_design6_seed1,basic,fba792991cd7ab7225ad42433ac938b4a2b132449ab91f220df53caff2e60315,remediation/p3/results/ftf1d-p3-full-20260919/P3_design6_seed1/basic.json,65e16aec4ac72dd5efd7a7d52bca20406f138094bcd47af3c09e120c67f103f4,901b090cd4efbb4cf5792e88c4ffdfe80e7ec7a725dea1290f2702642fb2da96
P3,P3_design6_seed1,runnerup,fba792991cd7ab7225ad42433ac938b4a2b132449ab91f220df53caff2e60315,remediation/p3/results/ftf1d-p3-full-20260919/P3_design6_seed1/runnerup.json,77ef0e7b2c850f510e5c60527d484c5ec436e1a9f32e5683323af1316940d5eb,f6670d2b73d16df69997272a4fd84ac4ae96d65f149ac681c4c2832d9ed3e301
P3,P3_design6_seed2,fresh,82f2c5e25d7e801551aa4515d8780cf50ff731ac2f4d398cd23433fa7610777e,remediation/p3/results/ftf1d-p3-full-20260919/P3_design6_seed2/fresh.json,852b4d31147b08f1e5de0c79ceb07ebd052e5e2d27ef37743a1ac4f57650750d,293c231ed54eb2a1a13b53e805792dcb2b09fe7be9560124c49dae07b6d4b32c
P3,P3_design6_seed2,none,82f2c5e25d7e801551aa4515d8780cf50ff731ac2f4d398cd23433fa7610777e,remediation/p3/results/ftf1d-p3-full-20260919/P3_design6_seed2/none.json,d1d8ea97a0ae7c64d2f0389de3391aa407178eab519fb33486cb1ada6583373a,ee3575256fc0ecddb4cc5e77032aad8ede9f8796247784ddddc8b65d64dee8de
P3,P3_design6_seed2,basic,82f2c5e25d7e801551aa4515d8780cf50ff731ac2f4d398cd23433fa7610777e,remediation/p3/results/ftf1d-p3-full-20260919/P3_design6_seed2/basic.json,44d52289d1fd5cbdea6d274ede2b032c2a692b314f230784db4ca2a2717b55d1,50c0fb4cfc24e212b12d01303b96f283e8588362daaf167b41eb6383c261b8ba
P3,P3_design6_seed2,runnerup,82f2c5e25d7e801551aa4515d8780cf50ff731ac2f4d398cd23433fa7610777e,remediation/p3/results/ftf1d-p3-full-20260919/P3_design6_seed2/runnerup.json,c889523b0480f1d38ab9abce07d268605656939fcc6c3e1ea44d587bedf3f208,bf99e05a56b01b9aacd000664ec5af4321c22d2841f5e7d62d8401be22f8a6eb
P3,P3_design6_seed3,fresh,4cecb88a36c96ff1da0562e49b232b222b77b090af6d2cdd7b7245ffc4530558,remediation/p3/results/ftf1d-p3-full-20260919/P3_design6_seed3/fresh.json,e6047308f15273f640c7b6078108cae55e9468e7f74a8da0ae5c0f26050588d8,ae0925f5a6f44f8824cff5115dc1290f80cd37b2a68635fe512947638186ce34
P3,P3_design6_seed3,none,4cecb88a36c96ff1da0562e49b232b222b77b090af6d2cdd7b7245ffc4530558,remediation/p3/results/ftf1d-p3-full-20260919/P3_design6_seed3/none.json,ef66eaba98c4aa1a21507359c7814b4c8e13c23a381d1ef3f810a30db6cf86ac,4006f35261cedb12ad1745efb6c01424c17ba94f9db48ec558d01bb04f820314
P3,P3_design6_seed3,basic,4cecb88a36c96ff1da0562e49b232b222b77b090af6d2cdd7b7245ffc4530558,remediation/p3/results/ftf1d-p3-full-20260919/P3_design6_seed3/basic.json,cc689b1ef61ee65b52ef1d14f9abbc33a20c959ccf4a1da680ff1d566264f0b2,504c39e1e66d5dcab8b492e808de40d85df75b0c4aadb9987d05943becd80ea8
P3,P3_design6_seed3,runnerup,4cecb88a36c96ff1da0562e49b232b222b77b090af6d2cdd7b7245ffc4530558,remediation/p3/results/ftf1d-p3-full-20260919/P3_design6_seed3/runnerup.json,5da6486f3e01d635262c135430354cd780e67d7ec692f0d15a6af9ae4865ece7,c96636577e1f3bcff2cd1c88ac73162926ef965ffcb6ba005d14e1ff6b5f510a
P3,P3_design6_seed4,fresh,0784f96ca41bdc5dc31a5b32ef59fd004580c965b786c9a36af82aa1e55131ba,remediation/p3/results/ftf1d-p3-full-20260919/P3_design6_seed4/fresh.json,d7ecc472cd576fccd442c65bdfec6cd199c0e4d081a00d41fbb8f5ed983c2441,d44dad9ae50b2c6ed388b2fb87d6b10ed0cf09b1179f997278e4e851dc218f4f
P3,P3_design6_seed4,none,0784f96ca41bdc5dc31a5b32ef59fd004580c965b786c9a36af82aa1e55131ba,remediation/p3/results/ftf1d-p3-full-20260919/P3_design6_seed4/none.json,f93e556cad3d5417b6422c974bf37181914f78e2be59b43616834a0e39ad7bf5,7b53b140ac73532e69f65be4c579c6b86ed6f7f97740cf964e21b25d1c7497c5
P3,P3_design6_seed4,basic,0784f96ca41bdc5dc31a5b32ef59fd004580c965b786c9a36af82aa1e55131ba,remediation/p3/results/ftf1d-p3-full-20260919/P3_design6_seed4/basic.json,f38e324285b46acb9a36478ac846ee5afb29b889a7335386b3b4e0459bfa5475,bc25750382cd6b62eff1ce871ab53f4215d3a6156e2297a7d4a3c8e8edb2bb93
P3,P3_design6_seed4,runnerup,0784f96ca41bdc5dc31a5b32ef59fd004580c965b786c9a36af82aa1e55131ba,remediation/p3/results/ftf1d-p3-full-20260919/P3_design6_seed4/runnerup.json,2072efeb0ef792134e43341346ae579265b41c8c79fae33bf4831b68c234f482,bc6f9e7bca5363d24a54f93f653fb124cfe3ea87dadd80fffbea2e9ddf4458de
P3,P3_design7_seed0,fresh,f6c29beee11cfa948491737b213c03f71b31eabcf9d2895716c5a5cdd68dc395,remediation/p3/results/ftf1d-p3-full-20260919/P3_design7_seed0/fresh.json,377dc21545e078fda3cf6cad9cdc1fcf47213a69d375a946544b26bd22bd116a,f1124b885ef244f8efa4ad1828ee78b7ba609f7f7c5b2f3db3848c3469e9a344
P3,P3_design7_seed0,none,f6c29beee11cfa948491737b213c03f71b31eabcf9d2895716c5a5cdd68dc395,remediation/p3/results/ftf1d-p3-full-20260919/P3_design7_seed0/none.json,6b9b25db8c6a311120510e885cc832fcff7e27dc3b238af32f012f08f38717df,a04ccb77b137bef3be434a1f1fb6a184406ceb52941c78c6294fa16301f3666f
P3,P3_design7_seed0,basic,f6c29beee11cfa948491737b213c03f71b31eabcf9d2895716c5a5cdd68dc395,remediation/p3/results/ftf1d-p3-full-20260919/P3_design7_seed0/basic.json,06228429f3e421d633f52e63e1b1bdef65be1c730eb126d0cef1e9a2c1969eaf,8070ac305ca81c721c28a5db1d989d58be097687aa9cbd5eb0afaf2e75ce982a
P3,P3_design7_seed0,runnerup,f6c29beee11cfa948491737b213c03f71b31eabcf9d2895716c5a5cdd68dc395,remediation/p3/results/ftf1d-p3-full-20260919/P3_design7_seed0/runnerup.json,7ac30297a3e9fd0c3da52586d2e841ef46a542d2afcd7599f17720196905660a,91f1813968cf23efd982d70ae8d3de101b08b5a3da2da909626b6d85c5b963cf
P3,P3_design7_seed1,fresh,60f7df6a32691a0e0a4432cc82e3a20aeb483b2de4f9a104a5aeaf9054e038a4,remediation/p3/results/ftf1d-p3-full-20260919/P3_design7_seed1/fresh.json,1a3c000fc633f72937b923c3fd58ae303d1992e23396f5bfc01af9f198834c79,0ae2bdca2e64b24bc2654173e14ae804c24e153d576b636dead1969f05cc24f7
P3,P3_design7_seed1,none,60f7df6a32691a0e0a4432cc82e3a20aeb483b2de4f9a104a5aeaf9054e038a4,remediation/p3/results/ftf1d-p3-full-20260919/P3_design7_seed1/none.json,dc7d2634b597b1080579d103a4e8d59874dd84177b9075cfd0960e313fd148f0,4c7f87df19a211e177b5ff8097844c84901a32f73f1f0d5bec240e59e3402d62
P3,P3_design7_seed1,basic,60f7df6a32691a0e0a4432cc82e3a20aeb483b2de4f9a104a5aeaf9054e038a4,remediation/p3/results/ftf1d-p3-full-20260919/P3_design7_seed1/basic.json,1e4774548908a65c1fd2734f880d013ec47608e375162356dbad095ab5a2a15d,783d8e132b8f8e32dcb1a905e4e18c86db248915983a16bbae17ad8f0bf010fa
P3,P3_design7_seed1,runnerup,60f7df6a32691a0e0a4432cc82e3a20aeb483b2de4f9a104a5aeaf9054e038a4,remediation/p3/results/ftf1d-p3-full-20260919/P3_design7_seed1/runnerup.json,59c221ec4f3a12b6a1bbb647055d9bef13f2cb251afc5022ea0e044a6e8e6a1c,08eb4a19ff93ce7e45ac44e16a7553cbd8c6d154496b7b291299bed1a0fd3ee4
P3,P3_design7_seed2,fresh,95d35385110b0c9564083c35b2a343ae53dcbcbbd55a19035a5b4b04c199ebe9,remediation/p3/results/ftf1d-p3-full-20260919/P3_design7_seed2/fresh.json,69c6a534999baccfad753d0b6f50e30fb8efd644fa4ce8aa9db604128d83af36,6b45119d293662f6196ce4250f6769b69c7001419d5a47b5b055f53da341a179
P3,P3_design7_seed2,none,95d35385110b0c9564083c35b2a343ae53dcbcbbd55a19035a5b4b04c199ebe9,remediation/p3/results/ftf1d-p3-full-20260919/P3_design7_seed2/none.json,e441347681f1381bb03a3a79af139e003ee3c05375c3aa4d6d275eaab0ae87d6,3508fc8fa43e748fa6d72a915933a4f88bea810dd264d7da4c91e5b5376def25
P3,P3_design7_seed2,basic,95d35385110b0c9564083c35b2a343ae53dcbcbbd55a19035a5b4b04c199ebe9,remediation/p3/results/ftf1d-p3-full-20260919/P3_design7_seed2/basic.json,9f609c321a9be2ac641409b100d52f04e77b02dec482d1fe7cb9ee13fdba1be3,a83eb35e7e1a0a8b12c00646156da57e35729f830c2dc70df73aac8cec4bcf8c
P3,P3_design7_seed2,runnerup,95d35385110b0c9564083c35b2a343ae53dcbcbbd55a19035a5b4b04c199ebe9,remediation/p3/results/ftf1d-p3-full-20260919/P3_design7_seed2/runnerup.json,a89e8d59e3031bf6a2c40b24b9c34008bf2d6a42136fd3a451da6c05fb311e7d,cde943fe84cfa2313e7924604998288cc82acdb2a90c75dca8c1563030bbda27
P3,P3_design7_seed3,fresh,c312d094e37f5c13310f2a580989e5492a9656991be97a29ccbc5b983cedb4ab,remediation/p3/results/ftf1d-p3-full-20260919/P3_design7_seed3/fresh.json,24036478d4576750f429f2745f3ff728d8bebded1abe65a33181e672f9a51a6f,7abff595ecb569ab7573acd3be142ef384a5ed44903bac308a1f2381d3e7fea8
P3,P3_design7_seed3,none,c312d094e37f5c13310f2a580989e5492a9656991be97a29ccbc5b983cedb4ab,remediation/p3/results/ftf1d-p3-full-20260919/P3_design7_seed3/none.json,8fe6483f8394c425511621fc3fa24a05f66bfb36fd4b9fd1fcc1df0e096dd4ae,91360fb789cf45d84a92e8bcd9be7e1f6df983dd4f3d701b6fd08ac08ec87bae
P3,P3_design7_seed3,basic,c312d094e37f5c13310f2a580989e5492a9656991be97a29ccbc5b983cedb4ab,remediation/p3/results/ftf1d-p3-full-20260919/P3_design7_seed3/basic.json,9de4445c149b41140b96e7b0f8d8fdfc7bf9e1e319ba33fe9f5204943c515bb2,7e198917e87af0a1c048c224e1c8203d57c13644b7464f0ee76bd8a397491c25
P3,P3_design7_seed3,runnerup,c312d094e37f5c13310f2a580989e5492a9656991be97a29ccbc5b983cedb4ab,remediation/p3/results/ftf1d-p3-full-20260919/P3_design7_seed3/runnerup.json,85cd0c08b678cf61fcfdf83d373bbc582eeb08e3e2d22cb200714b52e3f9e082,e51277dc6394e85ddd9761a89cde447eda846a9969fdecf384ac104cd71f51f9
P3,P3_design7_seed4,fresh,7ece82fa69968b24eb8d2053e479227141f9a0a29db1688e7d79592aa03f95b9,remediation/p3/results/ftf1d-p3-full-20260919/P3_design7_seed4/fresh.json,59c093e28dad6ff0d16a358e9233f07ccb604f30bd6c918ba586f7444b281e53,0a2e678bd4b810a0f86b2d437f1ed1e60ec4894025e9490edf825dbc775fc216
P3,P3_design7_seed4,none,7ece82fa69968b24eb8d2053e479227141f9a0a29db1688e7d79592aa03f95b9,remediation/p3/results/ftf1d-p3-full-20260919/P3_design7_seed4/none.json,471cafcda4d8657c6e4d69014c48a38fb87d7d11e51c0ac3150eb2e9166ee14f,957686e89e489c931efd62ea6c710cfcee3588c016186c97c6c5fe51769f590c
P3,P3_design7_seed4,basic,7ece82fa69968b24eb8d2053e479227141f9a0a29db1688e7d79592aa03f95b9,remediation/p3/results/ftf1d-p3-full-20260919/P3_design7_seed4/basic.json,971a56edefc52cbb8c0168cf2523a05d319223e5ab16c5234f8e86b322a303a8,20576d37ced14217ec64240cbd820a41857deab0fe89a180fdd587123d2d116e
P3,P3_design7_seed4,runnerup,7ece82fa69968b24eb8d2053e479227141f9a0a29db1688e7d79592aa03f95b9,remediation/p3/results/ftf1d-p3-full-20260919/P3_design7_seed4/runnerup.json,dd16c9c2f862561b10f2485aace5f62600e8966e50c82dffd93aa112cb4a45da,1067a8cfa85a84e007f81d796dae61250a4935f7ded373d5ec9378e4cb2710fb
P3,P3_design8_seed0,fresh,52789506f5d2b0a6c35486b49acea437eb17b9bf4b0a365cfb4009a6d0ed0c82,remediation/p3/results/ftf1d-p3-full-20260919/P3_design8_seed0/fresh.json,2d3f88fbfbe86c38df9fef5a36453de3bd3adf8dfadaed55063b759b1bfc07c9,0fc37121eb23223c6e258653c2fac0177f72eef6215f0c4740b13b169a021ed1
P3,P3_design8_seed0,none,52789506f5d2b0a6c35486b49acea437eb17b9bf4b0a365cfb4009a6d0ed0c82,remediation/p3/results/ftf1d-p3-full-20260919/P3_design8_seed0/none.json,6ed7b745f4a007b0d3b9d27c9af8b416c094b6c6f424e2710f17a983bbeb168d,b989ed3570bd7d1f27931f00ea64568abab230cdf7ebc82cb8bcd19767b54734
P3,P3_design8_seed0,basic,52789506f5d2b0a6c35486b49acea437eb17b9bf4b0a365cfb4009a6d0ed0c82,remediation/p3/results/ftf1d-p3-full-20260919/P3_design8_seed0/basic.json,c6d567f7951aab7ba2588852a33254531637341e6d4dfd7316675bb082abd57c,d891c2a72c488e3c8b18450c2a4d29017a873317002b1eafd4bd68e4dab3d8dd
P3,P3_design8_seed0,runnerup,52789506f5d2b0a6c35486b49acea437eb17b9bf4b0a365cfb4009a6d0ed0c82,remediation/p3/results/ftf1d-p3-full-20260919/P3_design8_seed0/runnerup.json,a2249aca91554376a2f1ffdd7f8ce9cc71d3fdd09ba33a02de661eb30c7fbc38,89b0513d03b3052c560b059dd30acaa9157ba86d175ac5b5a8d91f1db4bd72e8
P3,P3_design8_seed1,fresh,16f107ab74a6a0ea8a10e7eb1c05a2495db4274470b6429f713ff82d9520bac1,remediation/p3/results/ftf1d-p3-full-20260919/P3_design8_seed1/fresh.json,9bd82a4a3f0696a546ee7d62b796ce65ff2412ba24e9fd7b8dc6d48eb43feaef,22438d25da2e6ef81db438ebdc8e3d64c1e4ca215938b51f04e9e48a8c4d1266
P3,P3_design8_seed1,none,16f107ab74a6a0ea8a10e7eb1c05a2495db4274470b6429f713ff82d9520bac1,remediation/p3/results/ftf1d-p3-full-20260919/P3_design8_seed1/none.json,cf6b4103033a0803d1689da6d73038b6f877359af7cde0a81debe95b4b5f536d,dd9e2cc7b7b22360f6c793af5b80c9344455040ad4eabcc557fbc6b4ae597a7b
P3,P3_design8_seed1,basic,16f107ab74a6a0ea8a10e7eb1c05a2495db4274470b6429f713ff82d9520bac1,remediation/p3/results/ftf1d-p3-full-20260919/P3_design8_seed1/basic.json,4adc5e25c2268608c7544823d498227586860d318cbf5273b1c9aede1a4da2af,93f5cb9b19854bd542affc0ff9b151ea575000539f1b1bad1c0443a863b7eff6
P3,P3_design8_seed1,runnerup,16f107ab74a6a0ea8a10e7eb1c05a2495db4274470b6429f713ff82d9520bac1,remediation/p3/results/ftf1d-p3-full-20260919/P3_design8_seed1/runnerup.json,286edec1fa8e61847cc9d5fde8397ef38b5d132a5556bbae65941dfc57dbe422,d8ef934d1aa9b22127e82d8a14c6e902b489032db5b49460a076e15b5f4b1d07
P3,P3_design8_seed2,fresh,58dd2e170d90a8f36e6b84318c6a9e0fbfa1adb3bb1b3ab2807a048d140859dd,remediation/p3/results/ftf1d-p3-full-20260919/P3_design8_seed2/fresh.json,3ce8c09204ad4241d3e99415ef10440ed8ada1d8070d68d6bfff358b18b39020,38ed01b1e3fa6d5447ed662028457c261257e974084253bd0ef681520f47b58f
P3,P3_design8_seed2,none,58dd2e170d90a8f36e6b84318c6a9e0fbfa1adb3bb1b3ab2807a048d140859dd,remediation/p3/results/ftf1d-p3-full-20260919/P3_design8_seed2/none.json,cca200a2d5dde187b4babe0e4aa9338600c601de2a4f698ac19d0e93b8fc2772,f09b263328a36f47bcf5186f9c7c5dcf1e94bfc506c6d64d6ddd03b43a945588
P3,P3_design8_seed2,basic,58dd2e170d90a8f36e6b84318c6a9e0fbfa1adb3bb1b3ab2807a048d140859dd,remediation/p3/results/ftf1d-p3-full-20260919/P3_design8_seed2/basic.json,bd930c8082196cc202139d9d2fede1a5e294c4bfc69c51e041b120d5c0c515b8,918192adf47c5192915a014ca454fe86d6e9fdcd2808a4dc0ee868e287c7ebcc
P3,P3_design8_seed2,runnerup,58dd2e170d90a8f36e6b84318c6a9e0fbfa1adb3bb1b3ab2807a048d140859dd,remediation/p3/results/ftf1d-p3-full-20260919/P3_design8_seed2/runnerup.json,0c19ccc55c7d9a3013e4431c3ee3239d9730919b08afa511c401854025391490,4f01a62a43a90b718fedd19c39507a8c0fbd49ad7261f8ec17ca0b4521022324
P3,P3_design8_seed3,fresh,5ae2b806c61a111e0a4ba4051c208f9f48ec07c1b53fe7257814b9c670faf784,remediation/p3/results/ftf1d-p3-full-20260919/P3_design8_seed3/fresh.json,eb39557c0bd475b3f36deb88ffd01212accf720bbfeff00c1102726c160f044f,0214ab0496925868f716661817e23ffe0ab837c6cf6e8882c64689f1c13383a8
P3,P3_design8_seed3,none,5ae2b806c61a111e0a4ba4051c208f9f48ec07c1b53fe7257814b9c670faf784,remediation/p3/results/ftf1d-p3-full-20260919/P3_design8_seed3/none.json,6195358479efb37b03479ce606521163e3c8b511eab9095ff52acbea0e1bba8f,1855cd9615d8568c7cdd97fa4b6aca9a79b75cc3987d4b42b85a3c722016bf3a
P3,P3_design8_seed3,basic,5ae2b806c61a111e0a4ba4051c208f9f48ec07c1b53fe7257814b9c670faf784,remediation/p3/results/ftf1d-p3-full-20260919/P3_design8_seed3/basic.json,6adc18552200c449416ad38c0cb2b1d137d8e8194b55c7333ada0a60162d6fce,9532714d82075d463c974c1bc2a804932f55e2093f79cd82279d2ac9572cdd8f
P3,P3_design8_seed3,runnerup,5ae2b806c61a111e0a4ba4051c208f9f48ec07c1b53fe7257814b9c670faf784,remediation/p3/results/ftf1d-p3-full-20260919/P3_design8_seed3/runnerup.json,c2dc1b56557261c285b23597dfa2b30f188def8dd4bf428e3b009788ed84d623,439c6e80cdec3089e5b9ed4f244b848e5a91a8f6ef315ab48986c123831e5f3b
P3,P3_design8_seed4,fresh,dbcc2b4b0abea88f88c79586bf52d12593ae98e2b8ab9d514b65a978066375a9,remediation/p3/results/ftf1d-p3-full-20260919/P3_design8_seed4/fresh.json,71e048eb3e794fa15ac471956b3495744f6ac979ddfcd0f284f115353bb94110,93dc50d712f1f8e164b69c11f6e0f5075ab43872a82fa865710dc2f56f28c2b4
P3,P3_design8_seed4,none,dbcc2b4b0abea88f88c79586bf52d12593ae98e2b8ab9d514b65a978066375a9,remediation/p3/results/ftf1d-p3-full-20260919/P3_design8_seed4/none.json,e958df885eb499d3d5553a43172dd5c86af8425980f01ae6eb6341edd485754d,2c39ae0fff69376631943158cd8d6c480cfa5ee871e6b4738bedbc5e251e5169
P3,P3_design8_seed4,basic,dbcc2b4b0abea88f88c79586bf52d12593ae98e2b8ab9d514b65a978066375a9,remediation/p3/results/ftf1d-p3-full-20260919/P3_design8_seed4/basic.json,a50730e56bd65ac0e2f0ec991ba695909b46e6ab1b08d8513ff946f19f5c5ab9,92d43e4f804418e7c917d4b46c3b20ad8ce97f71c1869d84c8e1f2f8971cbf3f
P3,P3_design8_seed4,runnerup,dbcc2b4b0abea88f88c79586bf52d12593ae98e2b8ab9d514b65a978066375a9,remediation/p3/results/ftf1d-p3-full-20260919/P3_design8_seed4/runnerup.json,fec6cecc79c6fa66e384ec1dbb30f3c9b4d61f15620b1e4f34dafe33c76b358a,49799c6e7e3edcc2deceb423630eabf00b748a0b7339ae052eee4780fbb0538b
P3,P3_design9_seed0,fresh,f6741e5da97f47bda458ca7dba0d7c07ad05ead999cbd459c788a097eca1db9d,remediation/p3/results/ftf1d-p3-full-20260919/P3_design9_seed0/fresh.json,e5bf83be79370ce9c733ba2e2beb35aeb0268d1d51e3c79ababa8dd183f0be31,c8ec1ef2228b3fd11d3a7f2d5fe86eaf1021c681db54695896db96a300f9c0de
P3,P3_design9_seed0,none,f6741e5da97f47bda458ca7dba0d7c07ad05ead999cbd459c788a097eca1db9d,remediation/p3/results/ftf1d-p3-full-20260919/P3_design9_seed0/none.json,d6d1c751a8998f91159b5a98ab708f8ac594d9e2b729648ec2d371d5f42e3efd,10f974ca2a17be44c0f838b3f98f4b7495c865843d3abf090928954d84afd252
P3,P3_design9_seed0,basic,f6741e5da97f47bda458ca7dba0d7c07ad05ead999cbd459c788a097eca1db9d,remediation/p3/results/ftf1d-p3-full-20260919/P3_design9_seed0/basic.json,61d8f4bb7f07de67e81ba165e5c858210f5fe0b6c657f1b5c0fa84079070ecd6,281469dd9d94ce58872d9958f277325d90318824cda8ca16fa87a5e5fe16e1a4
P3,P3_design9_seed0,runnerup,f6741e5da97f47bda458ca7dba0d7c07ad05ead999cbd459c788a097eca1db9d,remediation/p3/results/ftf1d-p3-full-20260919/P3_design9_seed0/runnerup.json,d14fa8b54bd56ed46a46057e4f452effb1e1cc8b0e7335453d1cbd7b0f08dc1e,1005f111b1fa3c0ce7d9fbcadb00565aed0cb0a710ed3a3a9fd5839fef696028
P3,P3_design9_seed1,fresh,77a5249d4e34ad60d8e9b3adf9086487eee275aa76301290955f5064a34cd64a,remediation/p3/results/ftf1d-p3-full-20260919/P3_design9_seed1/fresh.json,1f27bb452dfa98e27434dd2f370753ed5ff10f6bbce21cf0717fad51b6ed0b51,aff776a4da6ca22d8085ddbda3679663c39cc3051ab278419e11361f13a81486
P3,P3_design9_seed1,none,77a5249d4e34ad60d8e9b3adf9086487eee275aa76301290955f5064a34cd64a,remediation/p3/results/ftf1d-p3-full-20260919/P3_design9_seed1/none.json,a6eb1786fdeb8cbcf527a42fd5bb3e6cba95bd42cfa9989edf40bbb5133904e7,ac5532036622d836b2b143f876cd65c47385eff8dd789623021901b0ba3b98fe
P3,P3_design9_seed1,basic,77a5249d4e34ad60d8e9b3adf9086487eee275aa76301290955f5064a34cd64a,remediation/p3/results/ftf1d-p3-full-20260919/P3_design9_seed1/basic.json,3358e3e0aa45234ac7e81f5b5debce132d318f319caf46a5a97d1e77b3db3ab3,3be4b7b896ffd50ab1e4ed35ed6e230c5ef82c8c89824542303a2cf55e85b5ee
P3,P3_design9_seed1,runnerup,77a5249d4e34ad60d8e9b3adf9086487eee275aa76301290955f5064a34cd64a,remediation/p3/results/ftf1d-p3-full-20260919/P3_design9_seed1/runnerup.json,7368c1e27c5c03d337ef262484efa0337b98314a1a08a2091499f58a5ea25653,4908d333160eedeb54ba3ad389c68ac344a7ab477cf1133397d82de7011d06dc
P3,P3_design9_seed2,fresh,46966eefd95b1836ba0b09b9f8ff50ff1c2ed74febe8d03b05f74117d6f5d964,remediation/p3/results/ftf1d-p3-full-20260919/P3_design9_seed2/fresh.json,631cfd08867ea9b743fd6bf618c9b245081bfed3b4175e3cfd6252ff4101e82e,9883fa3ccfea1b170f9b72d8ad6b2234aa268e799de30cda506b64133f75acda
P3,P3_design9_seed2,none,46966eefd95b1836ba0b09b9f8ff50ff1c2ed74febe8d03b05f74117d6f5d964,remediation/p3/results/ftf1d-p3-full-20260919/P3_design9_seed2/none.json,a724f61f069f986ad5fefe25c81fa0de23e2c892d8bddd5901d46366916d8b77,262a298097604b54c3ac924cfe8435a9d0a123b66ccaac81bdd2121df2e34916
P3,P3_design9_seed2,basic,46966eefd95b1836ba0b09b9f8ff50ff1c2ed74febe8d03b05f74117d6f5d964,remediation/p3/results/ftf1d-p3-full-20260919/P3_design9_seed2/basic.json,973ab313d8bdde41a7ef1a51d984492f6c816387836fb6df08548ff32e553941,67be855a8aeab9e9d887452302fb29002ea504a843b89807a8e9c762f32e3700
P3,P3_design9_seed2,runnerup,46966eefd95b1836ba0b09b9f8ff50ff1c2ed74febe8d03b05f74117d6f5d964,remediation/p3/results/ftf1d-p3-full-20260919/P3_design9_seed2/runnerup.json,6f7040c5e177d6dc838f7f8e02fc68f4314fda22040692c4e2dc8a27c83ce357,bb2f842b19ec4c04c81fb00312d3cb107ee84e7c317debed8a05d078f2b2fd04
P3,P3_design9_seed3,fresh,7c730e50b181b43b4c118fb8a299bb8a0eaa8775756974bf6f2fcf4d91ee6d13,remediation/p3/results/ftf1d-p3-full-20260919/P3_design9_seed3/fresh.json,43361a23c95d6ac43e6b65450d25641d9313896d6601353f8925ffce272cd069,b30dbca5bbddc9cf13a56a7da472d35e8294d9b07b16d8268ea4710d41d952e2
P3,P3_design9_seed3,none,7c730e50b181b43b4c118fb8a299bb8a0eaa8775756974bf6f2fcf4d91ee6d13,remediation/p3/results/ftf1d-p3-full-20260919/P3_design9_seed3/none.json,564adda82641efd7311bac00bad1573407034911924e7d18d1c94ab8e013ce77,be9fc7a179c5c7695e08504bec6cd0225d68bd406d2cd6be59dfa2fcf888af8d
P3,P3_design9_seed3,basic,7c730e50b181b43b4c118fb8a299bb8a0eaa8775756974bf6f2fcf4d91ee6d13,remediation/p3/results/ftf1d-p3-full-20260919/P3_design9_seed3/basic.json,1fa3e2f7747314b3a36e663d8792c4e41c381331e09b915ffb8ab6b964e0f9fb,5da65f0b68060398f61c394d4dbecdae6dac8f2bb56c08d3e378d30ba477e735
P3,P3_design9_seed3,runnerup,7c730e50b181b43b4c118fb8a299bb8a0eaa8775756974bf6f2fcf4d91ee6d13,remediation/p3/results/ftf1d-p3-full-20260919/P3_design9_seed3/runnerup.json,64c5f7756b71905bf51c068a702fafd518c77f9a118d703d4a83b41aaa473191,c554a455f202b5f9f5976c49a0b9b3dad80873f945ee11e4be0901a461d2144b
P3,P3_design9_seed4,fresh,ef59f9cca9fbcad98509870047536acf72aff77cbaa98aed6f8931cd17431c60,remediation/p3/results/ftf1d-p3-full-20260919/P3_design9_seed4/fresh.json,a85228e16d16b07ae3ec811da527a8aa6826db1777a91f7863f69a5a3bd2f234,b75504755011876fa923ffff8be1720b1a5a25d93b891c6bf27d06847ebb0bc9
P3,P3_design9_seed4,none,ef59f9cca9fbcad98509870047536acf72aff77cbaa98aed6f8931cd17431c60,remediation/p3/results/ftf1d-p3-full-20260919/P3_design9_seed4/none.json,a81e3ae1524ed67aedc8c0cf2fec66ee3107da162c8b4fcb8dd5415a690b98ad,0c426f5f58259e60a287881c3a40a31159859ccde8b74dca6ca808bdc231c24a
P3,P3_design9_seed4,basic,ef59f9cca9fbcad98509870047536acf72aff77cbaa98aed6f8931cd17431c60,remediation/p3/results/ftf1d-p3-full-20260919/P3_design9_seed4/basic.json,415c759c3c94b47dcb06e2f1ecac4c00c4c05fc14cc5d49e4cd7a797ee9324cf,794e2a61112f155c57610437d4421a5b18f82fc126c41360e8c583991088afdf
P3,P3_design9_seed4,runnerup,ef59f9cca9fbcad98509870047536acf72aff77cbaa98aed6f8931cd17431c60,remediation/p3/results/ftf1d-p3-full-20260919/P3_design9_seed4/runnerup.json,b4dcc38fcc0ee34d3acc469f55d5cc355361ff683d62d818f204497c9aafd9f9,723fe047dc59ee0d8364feb321a10abefbe1fa4726a1d5629c71ed5ee255759a
P3,P3_design10_seed0,fresh,c11313446ba302c5beb85eb4fdab0fd2253f724b28bc09915ea51b091c9db833,remediation/p3/results/ftf1d-p3-full-20260919/P3_design10_seed0/fresh.json,399ca47354c90372bce603ac32b70e3aa33a26c6a5d4ad3ff57743edc9e51ece,0af753f62e2e0a842f83f4423c9e826acb8acc0afa8107eb104e41ba410cd835
P3,P3_design10_seed0,none,c11313446ba302c5beb85eb4fdab0fd2253f724b28bc09915ea51b091c9db833,remediation/p3/results/ftf1d-p3-full-20260919/P3_design10_seed0/none.json,999c78096a4d9629c304a719e7d6b7dddd6a4a55d4daa033b5f2068a9249a2f9,c7ade19aa853b329c1ab60af206dd79785acf477103812f741648166c57a4bdf
P3,P3_design10_seed0,basic,c11313446ba302c5beb85eb4fdab0fd2253f724b28bc09915ea51b091c9db833,remediation/p3/results/ftf1d-p3-full-20260919/P3_design10_seed0/basic.json,3af8c74bc55ee3b3a5c235adf6d2dab1bda00fb212736638d68a10eddd155b21,1adff442434f88fd836b1acaaa9dbba599d3a3600af8cdf2d4d1b959fc31588d
P3,P3_design10_seed0,runnerup,c11313446ba302c5beb85eb4fdab0fd2253f724b28bc09915ea51b091c9db833,remediation/p3/results/ftf1d-p3-full-20260919/P3_design10_seed0/runnerup.json,3e53cb4bb9980b4af195ad4c119c3c779e48506e1093fa1cca603d80acb15b52,f3cf713242e55375e7ab70873fb937c992769baf578daf0112e052cbff1e5830
P3,P3_design10_seed1,fresh,98a4366a27c00f2faa86e19b9ea96a85ec0198d35e0db3e1f01a762ea9653992,remediation/p3/results/ftf1d-p3-full-20260919/P3_design10_seed1/fresh.json,d2b0a56d691c1c0936bed85b97a6f023b418dd1df5db4d395ff99737785a0809,3226b2482fddcb367733afd0a5cbb7e9fb6a773b2bbc442bff1b3614cab37d03
P3,P3_design10_seed1,none,98a4366a27c00f2faa86e19b9ea96a85ec0198d35e0db3e1f01a762ea9653992,remediation/p3/results/ftf1d-p3-full-20260919/P3_design10_seed1/none.json,725144bd8cb62daf314f7346e573c5a4c8d814d1bcc90e408da6a3207a47bc00,3956192716c12fb04b770e26766183dae157be7fcbdaa4521081bdeed2e515d9
P3,P3_design10_seed1,basic,98a4366a27c00f2faa86e19b9ea96a85ec0198d35e0db3e1f01a762ea9653992,remediation/p3/results/ftf1d-p3-full-20260919/P3_design10_seed1/basic.json,b0f50728f518a79a48c95ede3bf04f8cbfaa3a9db4cc5c713573a71b4d4cb7ba,0542daee15866ce453c3cd55a6892052b55c0ce3290f17258db1fb8455765b21
P3,P3_design10_seed1,runnerup,98a4366a27c00f2faa86e19b9ea96a85ec0198d35e0db3e1f01a762ea9653992,remediation/p3/results/ftf1d-p3-full-20260919/P3_design10_seed1/runnerup.json,78dc98c08e4d835dc3ef6ef4b3ca7009d36e04eb40b8a754acc2982a056c235b,7ee0228fa2e65f1495e0332da9c438f937dddd4d39190153952863fa382f404b
P3,P3_design10_seed2,fresh,b179d5b5d062832ce35355dbbc278adf60620085bf714202b9bf8167bd41e015,remediation/p3/results/ftf1d-p3-full-20260919/P3_design10_seed2/fresh.json,3b28e19380a36c124f2aaf0f26b666b03c3d1841ba759f1667eb5adbe711429a,08799c6a06f56a320e8460b584d6014335478d9f5a121bf827be8535a2e5608f
P3,P3_design10_seed2,none,b179d5b5d062832ce35355dbbc278adf60620085bf714202b9bf8167bd41e015,remediation/p3/results/ftf1d-p3-full-20260919/P3_design10_seed2/none.json,eb4ea937d9c0226df163448f588049eb1301457eb697de5c5aa794d20d74efb1,07ec92b5c0838f0b3a21aa8d261a685794c8526c28e7c901638c5a02b3fcfba5
P3,P3_design10_seed2,basic,b179d5b5d062832ce35355dbbc278adf60620085bf714202b9bf8167bd41e015,remediation/p3/results/ftf1d-p3-full-20260919/P3_design10_seed2/basic.json,441c4a130901880f7818a1c7e582cacfeb9234a52057d1b5495244897416c93b,9aa1aa8cf63564ad899f5a3cc0707383a6ec6ed91ff61fc0fcc9f2c889de48f7
P3,P3_design10_seed2,runnerup,b179d5b5d062832ce35355dbbc278adf60620085bf714202b9bf8167bd41e015,remediation/p3/results/ftf1d-p3-full-20260919/P3_design10_seed2/runnerup.json,e1df2f839d3f7d058e19e48f45cac9549930afa1266ac495c9e2e58ab495e897,a16ddbd2baa836c71a4fcd519b1a7c87130a7d156672c5ff012536c58859169e
P3,P3_design10_seed3,fresh,a686b54e5171b43fa4fac3c8baa9a4cdc0fde649f353d63bde88f40d12dcdc32,remediation/p3/results/ftf1d-p3-full-20260919/P3_design10_seed3/fresh.json,80b7db8196d29bd9b85e7ef4e093f6c205352c0a5e69c59e080b13a5ffee031c,68bbe73a644e96f9e98eefadb1c77ca0c14d129d81af20c0acd594914566b54c
P3,P3_design10_seed3,none,a686b54e5171b43fa4fac3c8baa9a4cdc0fde649f353d63bde88f40d12dcdc32,remediation/p3/results/ftf1d-p3-full-20260919/P3_design10_seed3/none.json,2e3713e4dc7de5c8c95767e2f8fd593119c5c657169d0203a11eba76c6b62595,9a17e466ffb0fbcc5c009743f19516d74702a05cc69dc54cb2f27d8d09b8aab0
P3,P3_design10_seed3,basic,a686b54e5171b43fa4fac3c8baa9a4cdc0fde649f353d63bde88f40d12dcdc32,remediation/p3/results/ftf1d-p3-full-20260919/P3_design10_seed3/basic.json,a97c146073dc4802490f8bab6d64b0d8b076c6c6d228c4212aa7cc9d93f52a63,cc7af2e675e88f079406835e21f03f84fdd4f41ca428e7a94c0115f1aa9b9d06
P3,P3_design10_seed3,runnerup,a686b54e5171b43fa4fac3c8baa9a4cdc0fde649f353d63bde88f40d12dcdc32,remediation/p3/results/ftf1d-p3-full-20260919/P3_design10_seed3/runnerup.json,5fc0d52b7d2fe7bced397e8e2223bc5a9e5a9bcfb1c4a406b8d0976a4d042cb8,2ff6813b5d9187e6465d3b5a7616e8d5a089002b578882ac2ac0556a1c79ebdb
P3,P3_design10_seed4,fresh,315d82d7a01be646196d64331d0ea0915b021976514efbb56f3d514ef3f2224d,remediation/p3/results/ftf1d-p3-full-20260919/P3_design10_seed4/fresh.json,e772c28dc33d5485fcef330229ca2f61198d977a0cddcec4e4e6f75bd388ccf9,7098b5460c2f216600944a44a6cd092f96dbe95e362114ec6b221b6fb335fd9d
P3,P3_design10_seed4,none,315d82d7a01be646196d64331d0ea0915b021976514efbb56f3d514ef3f2224d,remediation/p3/results/ftf1d-p3-full-20260919/P3_design10_seed4/none.json,c35d88c4f15c8c4622dfdac9b52e3b6a3bc75d030dcaa168c03211da9712529a,30a3718cb8d27e69a8ed7adcd0645961afe88e908295c78c829af782d278bb76
P3,P3_design10_seed4,basic,315d82d7a01be646196d64331d0ea0915b021976514efbb56f3d514ef3f2224d,remediation/p3/results/ftf1d-p3-full-20260919/P3_design10_seed4/basic.json,5e0f84bdb9993bc09ab6f5d1075e7ea1cd0e861fac5be7dd645c5d9fa03c1bfb,4c2c4fe44dd0a312b48ad485a2c9a59e172bcaca0da48fdb2bbb059cef6c732d
P3,P3_design10_seed4,runnerup,315d82d7a01be646196d64331d0ea0915b021976514efbb56f3d514ef3f2224d,remediation/p3/results/ftf1d-p3-full-20260919/P3_design10_seed4/runnerup.json,6d922df6e4df357fec959b8e8bb80eb2ee06170e13fd32662865a94b8e938d2e,5efa26aa88bfd4a6c3f4ac21f66a36bc0dcd1bab6495b09efead0df2ee962604
P3,P3_design11_seed0,fresh,43bcb5422d13ccfbbd8c3409d9f866360d8c8141ccf7649bae04fa1b7e831db4,remediation/p3/results/ftf1d-p3-full-20260919/P3_design11_seed0/fresh.json,077ac71733a7859a675de47248af50a5a68f69aa4b3bd9e710666875b2037070,e5440b0135ab504e07ed4ca1bd0c84d84575e726c6bfc829db5b902c56998152
P3,P3_design11_seed0,none,43bcb5422d13ccfbbd8c3409d9f866360d8c8141ccf7649bae04fa1b7e831db4,remediation/p3/results/ftf1d-p3-full-20260919/P3_design11_seed0/none.json,92435a1d8d1099a77a456588e68869ef6f4225d70b915d4133a95deb9b00a0f7,6986f676b871785d9fc2f5f4cfe9f799b6438aa3b3ae52f4863fe1960134aa87
P3,P3_design11_seed0,basic,43bcb5422d13ccfbbd8c3409d9f866360d8c8141ccf7649bae04fa1b7e831db4,remediation/p3/results/ftf1d-p3-full-20260919/P3_design11_seed0/basic.json,023ee3a15095591e1244c06b0c1f6ed91746637adcf698f017398d22108e582f,48f5f4c57bd0182f8221917ad753349fa26366e81b2131923f3621bc4fc4e443
P3,P3_design11_seed0,runnerup,43bcb5422d13ccfbbd8c3409d9f866360d8c8141ccf7649bae04fa1b7e831db4,remediation/p3/results/ftf1d-p3-full-20260919/P3_design11_seed0/runnerup.json,cd27c74c0be2763028d75520b727212fecbf494d271486b4cf3122902c341e6c,73f4f12511bf8a32e765f9aacbe730ac4614df2c875f352059ac2e3eff2ef9f4
P3,P3_design11_seed1,fresh,72b216012bae115805454bdd97e0cd84bd8d1751e439623a7a414fb164471769,remediation/p3/results/ftf1d-p3-full-20260919/P3_design11_seed1/fresh.json,ced35ee798fc99fbb6d6fa1ff464451266a3fa0a63b8d1e00c5f264925cb3912,148ff76c88f7090c70842687994d7846f0dfa7b92556d2778cef686af535e118
P3,P3_design11_seed1,none,72b216012bae115805454bdd97e0cd84bd8d1751e439623a7a414fb164471769,remediation/p3/results/ftf1d-p3-full-20260919/P3_design11_seed1/none.json,95f147299bfeb74bb4d4a2538b864001f4011661077d84ddebbeaaf56d64a663,e2bbb3e0a79dc415731b8c7b948398f7dd3695e5ecb13f92cba79eda60b8f4a1
P3,P3_design11_seed1,basic,72b216012bae115805454bdd97e0cd84bd8d1751e439623a7a414fb164471769,remediation/p3/results/ftf1d-p3-full-20260919/P3_design11_seed1/basic.json,53ed41723d7f5b81c9f5c5b31c6adb95655f9f840bb8a52563cd9f5122978d44,56d94dde66ad39d7307c0d0ba5726673a48afdb5e4ab7fcdff25ebe5640fb2e4
P3,P3_design11_seed1,runnerup,72b216012bae115805454bdd97e0cd84bd8d1751e439623a7a414fb164471769,remediation/p3/results/ftf1d-p3-full-20260919/P3_design11_seed1/runnerup.json,ddda392b0f6dda08fc17dbd4fc81a4a8e31b3288fedef73be20f7b927a94ccb1,6f4f1a223e4cb0035f9460be3875a14e105674451a2891ffc600768a3c7b5011
P3,P3_design11_seed2,fresh,31c4113da512ae9261fe1f638166c97c162adcce08c1d48297f6c34468367396,remediation/p3/results/ftf1d-p3-full-20260919/P3_design11_seed2/fresh.json,3299a5027cb9cf4af4c721829aa7573ae5b69b27a6753d16c30a5c5a357d3a80,85edf528b970b2d97ad30268619c69ba9eb05c56b87155b45c85f4064721fb2b
P3,P3_design11_seed2,none,31c4113da512ae9261fe1f638166c97c162adcce08c1d48297f6c34468367396,remediation/p3/results/ftf1d-p3-full-20260919/P3_design11_seed2/none.json,03abd68200e09844f2c8ea881fb5fa6a8c27d0ded90f3c50bfccfaff2b775316,30dcccc65ed947b50c2bf6655c81535502e5a294c228296fbee8a8018d43738b
P3,P3_design11_seed2,basic,31c4113da512ae9261fe1f638166c97c162adcce08c1d48297f6c34468367396,remediation/p3/results/ftf1d-p3-full-20260919/P3_design11_seed2/basic.json,c230b221f744312bd517dbb4e7791f12c66af73978648223b281041e0608ea2e,4e59ee43451084f7fa4b62c1077655dd13c33c3a4048b662a518e8a1bef3a9ef
P3,P3_design11_seed2,runnerup,31c4113da512ae9261fe1f638166c97c162adcce08c1d48297f6c34468367396,remediation/p3/results/ftf1d-p3-full-20260919/P3_design11_seed2/runnerup.json,b47f140923a64f1f208bccd95b8913b21df0592bf5f22f6b6084a1c21ff99119,099fd79ae43ec56fa841dda2f6a620d56eb4b2a3b33468fcae2932b82861e124
P3,P3_design11_seed3,fresh,63671e73003a303a9609df33e5936eba818045dbc9bbf6797d92993c97265d14,remediation/p3/results/ftf1d-p3-full-20260919/P3_design11_seed3/fresh.json,6a6e6cdff159f7bd32679b0d22763436cc3a13280a537017dc39dc1a7ce76b30,9d407246cff47f54514233b9e9f4203dbbf26c785715582c8f88ffb4eb28ee08
P3,P3_design11_seed3,none,63671e73003a303a9609df33e5936eba818045dbc9bbf6797d92993c97265d14,remediation/p3/results/ftf1d-p3-full-20260919/P3_design11_seed3/none.json,d1a67cdcf8b98a62ac880ebb12da36f2999958e76a4a90624566c544de50c4d1,8edc596ec0538cd3b172902616b9936c4a0039b692d8d7f71b19d461dccb3948
P3,P3_design11_seed3,basic,63671e73003a303a9609df33e5936eba818045dbc9bbf6797d92993c97265d14,remediation/p3/results/ftf1d-p3-full-20260919/P3_design11_seed3/basic.json,add8fbb57edfb453edacb2e03967538620409742b37c38d6fd8734b754b1a694,a6f1e38a877ad7483943e49a3bc458e39e985a26265dec09777150e50ca7682b
P3,P3_design11_seed3,runnerup,63671e73003a303a9609df33e5936eba818045dbc9bbf6797d92993c97265d14,remediation/p3/results/ftf1d-p3-full-20260919/P3_design11_seed3/runnerup.json,bd24bf9f91afaa75261341cb6a95f26e914f4fed42971a75bcb4e3b159cc1198,e48c9604f4e5fc92011960a6bb47a6d9f367166967fe7f4d6e401e4b8806d18d
P3,P3_design11_seed4,fresh,ffad2695b84a5708aaac9e6c9cd1b2da79151502e3ebda6219520bd67c1b7aca,remediation/p3/results/ftf1d-p3-full-20260919/P3_design11_seed4/fresh.json,3b0e788a2fed7fbac25eaec417082a9c74da55f0444322ba5dc6484426896b05,5ab189c83832660da0aef3e0f083acf902a45d9500f8f3b74968bdd411b85bdf
P3,P3_design11_seed4,none,ffad2695b84a5708aaac9e6c9cd1b2da79151502e3ebda6219520bd67c1b7aca,remediation/p3/results/ftf1d-p3-full-20260919/P3_design11_seed4/none.json,a6a04b38f7c7b05ab6477b74349008d9e1f161305d7872460e23fe50900e730a,5a8c6addeb18ae9c8da28fa7cbefe4c089b249e52032dd4a2e1b094f4c1cc270
P3,P3_design11_seed4,basic,ffad2695b84a5708aaac9e6c9cd1b2da79151502e3ebda6219520bd67c1b7aca,remediation/p3/results/ftf1d-p3-full-20260919/P3_design11_seed4/basic.json,70af29599f4e3989fee2580c07aebbbc7011e747506528ad7ef15822607b11f5,f91412a2efe669725e613f0fa1107979b86270f712a5382a0945fd52e49f95f9
P3,P3_design11_seed4,runnerup,ffad2695b84a5708aaac9e6c9cd1b2da79151502e3ebda6219520bd67c1b7aca,remediation/p3/results/ftf1d-p3-full-20260919/P3_design11_seed4/runnerup.json,7a87b8da680f3bdd84fba92f8cd6ab4b6ca90713ddc068473546e914a2decc86,c902ef0c980ccd0bf18333696fc6cb3690c0650032411dca70a9601378d4ac5f
P3,P3_design12_seed0,fresh,cb4b6ef950fa8e4d6f966aaf9a7def17819ea7b5399d1cd7438e2b1c5f2c9c51,remediation/p3/results/ftf1d-p3-full-20260919/P3_design12_seed0/fresh.json,161450d3ce0ea5925a3127c9cdfc9adbf13866db0e3ea25afc67dbf4b111b03c,add0d7b22d9d2a5f3e2239792787617f21a774fbaa23c8bf5f0fb3fc04f6a66c
P3,P3_design12_seed0,none,cb4b6ef950fa8e4d6f966aaf9a7def17819ea7b5399d1cd7438e2b1c5f2c9c51,remediation/p3/results/ftf1d-p3-full-20260919/P3_design12_seed0/none.json,3f10eb6bf33b2c0d375825fa4daa0e6dc30da74dd1ab02c4a531c943bf548d5b,fb0af5eace3e142d7eb0773d52d50dc82a7cc5517ad6e8a83413ae4e19f5407d
P3,P3_design12_seed0,basic,cb4b6ef950fa8e4d6f966aaf9a7def17819ea7b5399d1cd7438e2b1c5f2c9c51,remediation/p3/results/ftf1d-p3-full-20260919/P3_design12_seed0/basic.json,183269ceb8a738bda1a0a87a75156b12a5d05608807405b0b55b1d237c6558ac,03e9fd5319fec010244aa7689e263d1a36f2779c2670bb4c545fd4700ab89bcf
P3,P3_design12_seed0,runnerup,cb4b6ef950fa8e4d6f966aaf9a7def17819ea7b5399d1cd7438e2b1c5f2c9c51,remediation/p3/results/ftf1d-p3-full-20260919/P3_design12_seed0/runnerup.json,046b6793c5e65b5d090c2eb325e54252f33445998e93d71e7c11876076ecd3b2,a6544adae2a90b8d51c78143eaf400d54fb8717ab7428671408bed048d93ce5c
P3,P3_design12_seed1,fresh,c87d2e37229ebf5d0c691a3da1cd29e40dc8a9da7b0fca55c515a9adb8ac4ce0,remediation/p3/results/ftf1d-p3-full-20260919/P3_design12_seed1/fresh.json,0e66ebdc9c59bf7272cd41ecc44bfe1129dcf3b118165da01742e6deee966d85,61d39a8df7a548b7e8208c3689af5b2c5d62ce6e0fb062bf2b97ed61ed393f93
P3,P3_design12_seed1,none,c87d2e37229ebf5d0c691a3da1cd29e40dc8a9da7b0fca55c515a9adb8ac4ce0,remediation/p3/results/ftf1d-p3-full-20260919/P3_design12_seed1/none.json,7e33f5c3863db4c976e16fcedbf651a2dbfb614761a5655b6f0814c4a5443f96,b0cdbc4cce42cae6d6b1ff6e8cd404343030bc1a67d043dddde8e9fdf9fee423
P3,P3_design12_seed1,basic,c87d2e37229ebf5d0c691a3da1cd29e40dc8a9da7b0fca55c515a9adb8ac4ce0,remediation/p3/results/ftf1d-p3-full-20260919/P3_design12_seed1/basic.json,1a7534992a94fb4070780526c2178e9a218d99df0ae4929b79910e04ce221807,626976cfb23c462e0bfeb74daf0ca24550cc70d6b82c5d9eec551b3ec914a9c1
P3,P3_design12_seed1,runnerup,c87d2e37229ebf5d0c691a3da1cd29e40dc8a9da7b0fca55c515a9adb8ac4ce0,remediation/p3/results/ftf1d-p3-full-20260919/P3_design12_seed1/runnerup.json,71c510efe41a0d882490965add588a680afb93b409c4a5781b236e632cb5cef4,7319ac764eb9dd1ef41b40425ab97bca3ccddeb4fd1ac6cbf7a5a06b7375f93c
P3,P3_design12_seed2,fresh,c323f363ef63062ef3e7cfdcc17955128a5986cb1a2e65c66042769a00b33da9,remediation/p3/results/ftf1d-p3-full-20260919/P3_design12_seed2/fresh.json,8767f203d85c1fa95ca4cb724e1c0e299768e7b72745a06e4e6f87150d3c7d6f,6f5cc4aa830a44be6188b206b6f14f967c00838fb6f5bd607c5f2268170b2ac2
P3,P3_design12_seed2,none,c323f363ef63062ef3e7cfdcc17955128a5986cb1a2e65c66042769a00b33da9,remediation/p3/results/ftf1d-p3-full-20260919/P3_design12_seed2/none.json,0eb4323d8daed5e2756ded81efe10bd9d2f342eabede6f4e0c854c0c967dbda0,08de965286426af0a6ae74536fe061ec404a70688fb301af0b2dd93412b79a0e
P3,P3_design12_seed2,basic,c323f363ef63062ef3e7cfdcc17955128a5986cb1a2e65c66042769a00b33da9,remediation/p3/results/ftf1d-p3-full-20260919/P3_design12_seed2/basic.json,d18e8cad1809cec4d7d8406b2a309baf48df73eb1541d2267dbc0e3e298c6dba,1bf8e5d59ca528acf9fa4d90de26e60d95b79f742a9a8c2694d6c38839fe80fa
P3,P3_design12_seed2,runnerup,c323f363ef63062ef3e7cfdcc17955128a5986cb1a2e65c66042769a00b33da9,remediation/p3/results/ftf1d-p3-full-20260919/P3_design12_seed2/runnerup.json,5199d45371e4b5b0a5d08dfc08dc3f6c557cf31bf174fbde32b95b13f6ac14f4,756dd465de36b3468590de2c6ba436415ef202cd6b51c9ae72f7b6058b9cb312
P3,P3_design12_seed3,fresh,856a79e6522eed89b6a0b76128ee82b5f5e8db12f8e1950bca96c75ddedcbbe1,remediation/p3/results/ftf1d-p3-full-20260919/P3_design12_seed3/fresh.json,5beb4ff93f282b6a28f21da853f91b898e59790536acd2ed59fb4acb12838a74,437fb0be589201d313100e23976ba0bc86288243cd8481ffe0b837c1cd18b7a4
P3,P3_design12_seed3,none,856a79e6522eed89b6a0b76128ee82b5f5e8db12f8e1950bca96c75ddedcbbe1,remediation/p3/results/ftf1d-p3-full-20260919/P3_design12_seed3/none.json,1ff19c606596faca5301191a485b8b90fcd5b3ea6c8f21b1ef6165f2e2e46781,cd59f6457ae8ece60d48dfb77d0f8a52b905b3837cb01e413b3a40c3aecb3d8b
P3,P3_design12_seed3,basic,856a79e6522eed89b6a0b76128ee82b5f5e8db12f8e1950bca96c75ddedcbbe1,remediation/p3/results/ftf1d-p3-full-20260919/P3_design12_seed3/basic.json,95dc5ff54e16198c3d3894ed1c9e1a6c8524b3b2c49481128aa7f919c5b90967,36aa1f1466b9cdd31a44e19a4c429b4bdfc55344cdd087f60a58bb0ebe5fd9e4
P3,P3_design12_seed3,runnerup,856a79e6522eed89b6a0b76128ee82b5f5e8db12f8e1950bca96c75ddedcbbe1,remediation/p3/results/ftf1d-p3-full-20260919/P3_design12_seed3/runnerup.json,5f8e226b27261f0c87bcd014aad27d61b84f61a2c5858f0758f3030d6c84c7b1,e658afe6e918b23f44876e6f04c20b89be16b1940199a275b1102b3d16860dfd
P3,P3_design12_seed4,fresh,eb489f430beb2e3bab87ff5fee33a7d78eb8e255c3f108df2ff34754e3f4cfa2,remediation/p3/results/ftf1d-p3-full-20260919/P3_design12_seed4/fresh.json,e9a567fc3da864cff9615f28888f5d3fec8daa43fcea75a6095308ce4b5d423c,b1c51652ab275be9962a2556ae89e9540a3d50aeae15b33ae1222330283ee98c
P3,P3_design12_seed4,none,eb489f430beb2e3bab87ff5fee33a7d78eb8e255c3f108df2ff34754e3f4cfa2,remediation/p3/results/ftf1d-p3-full-20260919/P3_design12_seed4/none.json,0b999e907d3a47d2c9997529a467010e160144788b36ce8334d5e352e28dc5a3,c801ea6d46df4df3c6085213a3107e6cb257587c33fcaaf3feca3314bafb3161
P3,P3_design12_seed4,basic,eb489f430beb2e3bab87ff5fee33a7d78eb8e255c3f108df2ff34754e3f4cfa2,remediation/p3/results/ftf1d-p3-full-20260919/P3_design12_seed4/basic.json,2affca88989b4593e3931f54c82d261d6ec41071abf98a43f153d6cb60cee14a,6c2a58e28c7b0faaff7ccd8993e7f4e12ba412f59516279432d235b0e34ee7c2
P3,P3_design12_seed4,runnerup,eb489f430beb2e3bab87ff5fee33a7d78eb8e255c3f108df2ff34754e3f4cfa2,remediation/p3/results/ftf1d-p3-full-20260919/P3_design12_seed4/runnerup.json,e4d0ad06ead992b473a6a036ab2f63ce70f20548fb87217ea6c1b4673187baf3,a2893bede77b9084b228d8dc7881b01fc8f4acca17d4f69ee780b17b7c61dd9d
P3,P3_design13_seed0,fresh,fa97c3f047a2b54998c3f891a67729301470423892066ed3f8ca669cdca0146b,remediation/p3/results/ftf1d-p3-full-20260919/P3_design13_seed0/fresh.json,0184bdf832c19859208b3b76fbe0ca02a01137abcfb1007fbba86e666d8344a8,38b1249d4fc11da8eecfee526e24367bf87480ff2080d4f0dbea7b94d52592bb
P3,P3_design13_seed0,none,fa97c3f047a2b54998c3f891a67729301470423892066ed3f8ca669cdca0146b,remediation/p3/results/ftf1d-p3-full-20260919/P3_design13_seed0/none.json,7724596a76cadca2f0c3546ffafb8f3a2b0c0afc44236239a6383192dc7a0075,5c7e0689f9d0bdeb68c2c67ed50f11c385842cd0014b104678ee7c1a11a6a004
P3,P3_design13_seed0,basic,fa97c3f047a2b54998c3f891a67729301470423892066ed3f8ca669cdca0146b,remediation/p3/results/ftf1d-p3-full-20260919/P3_design13_seed0/basic.json,7f864794a2689e3192e02b24dc9c27387776a5bd85515bdc543479590a2ca7cb,e8d8d244e7f7d9f428baf7931309e34a145a750d54f8b43e474b5356c42a6ebb
P3,P3_design13_seed0,runnerup,fa97c3f047a2b54998c3f891a67729301470423892066ed3f8ca669cdca0146b,remediation/p3/results/ftf1d-p3-full-20260919/P3_design13_seed0/runnerup.json,e570b26cdd5d785e96c827f6a5f1c3c641636eb78683ae20da12f82eeec163a2,73e52e64538b51b5662165e3b8fa1c75a8e1c4eb64a26af18e0ca2612e55a0b4
P3,P3_design13_seed1,fresh,156f895309a772dcd91dccf4dd97fa5faf5cfa2a5c8c8c6f461e916d45c3927d,remediation/p3/results/ftf1d-p3-full-20260919/P3_design13_seed1/fresh.json,6431830d23f5230f22eeb3903e5a19de133a6456b91e660dd7c1571ae9fcc5a4,0a7b78dfe02f0196e0c4fd4e4ba75c0bcc3825c7b50decd39562e4472d33dde8
P3,P3_design13_seed1,none,156f895309a772dcd91dccf4dd97fa5faf5cfa2a5c8c8c6f461e916d45c3927d,remediation/p3/results/ftf1d-p3-full-20260919/P3_design13_seed1/none.json,8d1eca54aa37ddf2c8a611efb8a8f68b15122646fc0dddb49abaa364bacfeff3,f7be3f9bd80fef324a75a13917a3b6adbc1bc0f931e87d791565f14730c5c515
P3,P3_design13_seed1,basic,156f895309a772dcd91dccf4dd97fa5faf5cfa2a5c8c8c6f461e916d45c3927d,remediation/p3/results/ftf1d-p3-full-20260919/P3_design13_seed1/basic.json,296908ad0fef792f8c40e25a9cfc939a769a0419191d438d71d2fc70f8c110e2,e37962c284a72f5ee39323ae14fff0767ea3b0b35bd8c4beaddb54de1a6d1145
P3,P3_design13_seed1,runnerup,156f895309a772dcd91dccf4dd97fa5faf5cfa2a5c8c8c6f461e916d45c3927d,remediation/p3/results/ftf1d-p3-full-20260919/P3_design13_seed1/runnerup.json,ce90a7902b3055ac4563f233d72ed7f5fb0807fd8400914fa0d3cc0b77321f97,2ca9514087b4381bbe82affd1f2e4121853bdf99766dab9cf0f7906e007f2828
P3,P3_design13_seed2,fresh,7523f3108094cd7336280252f45559be2b0ab0a14f3a2b2cd4e52b571bf917e2,remediation/p3/results/ftf1d-p3-full-20260919/P3_design13_seed2/fresh.json,f621af094efc28f2e027f50d6074c1ae51233659dcb008f8d4a12bdb43d4423d,e358e48256ef37fe8211baf45131e5d4ee539232fd2b8687274591e7226dcca9
P3,P3_design13_seed2,none,7523f3108094cd7336280252f45559be2b0ab0a14f3a2b2cd4e52b571bf917e2,remediation/p3/results/ftf1d-p3-full-20260919/P3_design13_seed2/none.json,605a8486db8b73a78d4e3026afa869dc87d801590648f6c4cfb782c8f727284c,33cedfad2a3ff1671d00667aee50bc6c7ca79a0489a48d0e8eceb830e3bfbe56
P3,P3_design13_seed2,basic,7523f3108094cd7336280252f45559be2b0ab0a14f3a2b2cd4e52b571bf917e2,remediation/p3/results/ftf1d-p3-full-20260919/P3_design13_seed2/basic.json,21537da04af32398f0a55989f35c568f971a5c030dd2b936b923eb039c637bb5,f536bb8d50239626cf81073b8c677e974fa6870c2d9fd9b0d8d43fe5d7389181
P3,P3_design13_seed2,runnerup,7523f3108094cd7336280252f45559be2b0ab0a14f3a2b2cd4e52b571bf917e2,remediation/p3/results/ftf1d-p3-full-20260919/P3_design13_seed2/runnerup.json,cc76ff6f553e4135c0abc79825a4b013f2e31c06cb5c975ea2dfd3176c35c7f7,b64896b12515efe4c8c452c13b09ab421da18828515e613d33b0077d44b8d462
P3,P3_design13_seed3,fresh,d565623d4ea24c015f8e9e89623e701a432f4290f7ee51435c0069a58e278638,remediation/p3/results/ftf1d-p3-full-20260919/P3_design13_seed3/fresh.json,b6d32576190c4456a51ef4dcd9f6d5d2c7c74693ad708a02bb5f76f10f49efc8,381dee8119ef480e50121163d2389cce65e42c9c9ee3cd2374d8866134f4e08e
P3,P3_design13_seed3,none,d565623d4ea24c015f8e9e89623e701a432f4290f7ee51435c0069a58e278638,remediation/p3/results/ftf1d-p3-full-20260919/P3_design13_seed3/none.json,ae875a8d18bb2e6ef6f40096cdb2309878b14a9336dd0ea3a1d74602de336d3e,37253484fe31c7b2135cc79037232e104afa3d9698cb6d5098e244db2483d5e6
P3,P3_design13_seed3,basic,d565623d4ea24c015f8e9e89623e701a432f4290f7ee51435c0069a58e278638,remediation/p3/results/ftf1d-p3-full-20260919/P3_design13_seed3/basic.json,66215e4267c7af2aa34b0322d160639a71c4f36b2a88e4d7af4f268967a2ef3b,48d5678959161ddf516f047057b9c79d982f66c2cfc56d4a856d388464ee8bcc
P3,P3_design13_seed3,runnerup,d565623d4ea24c015f8e9e89623e701a432f4290f7ee51435c0069a58e278638,remediation/p3/results/ftf1d-p3-full-20260919/P3_design13_seed3/runnerup.json,a45e273f75fe413bc86779823f8727513a3b4d5d2895835cf315d861e2931bea,e9eee0000102daa26fa29ecb81ddab93a797ab00715e1adc406bf5568fe26c6b
P3,P3_design13_seed4,fresh,8b0fa86c35e4aa9eca14d6b824f03d48d27476f899c9a2cdfd8aca11a57a8385,remediation/p3/results/ftf1d-p3-full-20260919/P3_design13_seed4/fresh.json,9d08387b8377776b1cc2487bfa788630314e4f482ad7090564e6f909ac5e8f32,c159efae2eb07b3319b6e817063e0827c55a56cb3bd8e24b7bbb322adf871a66
P3,P3_design13_seed4,none,8b0fa86c35e4aa9eca14d6b824f03d48d27476f899c9a2cdfd8aca11a57a8385,remediation/p3/results/ftf1d-p3-full-20260919/P3_design13_seed4/none.json,eff7f5a572da290386e0e11c845a0f01f3222fe6ab29165fc5622808266faede,6e7540a741b3707d3e826db503a0d1cdcff271875d5527a1a6b700c0196b5a18
P3,P3_design13_seed4,basic,8b0fa86c35e4aa9eca14d6b824f03d48d27476f899c9a2cdfd8aca11a57a8385,remediation/p3/results/ftf1d-p3-full-20260919/P3_design13_seed4/basic.json,2c9b688acd4df5aa8bf268e7c20488ddc210165cc9666f1254416896c57827db,7ce76bcd6ff5fd74fc46c4c0bac4506a0d7f49349b7e196ecc7f7847e29ff8c1
P3,P3_design13_seed4,runnerup,8b0fa86c35e4aa9eca14d6b824f03d48d27476f899c9a2cdfd8aca11a57a8385,remediation/p3/results/ftf1d-p3-full-20260919/P3_design13_seed4/runnerup.json,1d328acfbcf314681dee8a944509abd488f978cb50408c6803b978fae29fa822,3bec3a97a94e28d6e920dd85d267b688993e51e488112aa437e53b505c1936f9
P3,P3_design14_seed0,fresh,77e11e154cf3a3ccec416b7936a323e85310d96008b41904f5b783463d74c5d3,remediation/p3/results/ftf1d-p3-full-20260919/P3_design14_seed0/fresh.json,4df4f452923853c3fbbf48ca727a5274d370432d908651b0e5f8234d731d9949,1d180e0ab726443db9d4ff24c5372c78a2012745e0e0f6ac284768834126cd47
P3,P3_design14_seed0,none,77e11e154cf3a3ccec416b7936a323e85310d96008b41904f5b783463d74c5d3,remediation/p3/results/ftf1d-p3-full-20260919/P3_design14_seed0/none.json,57a188313211e10ba90815176b43bc663065e14ca756359aa3471595ebae462b,7017273c91634080e2babe4cbc2746ebe4cd6854c14709d47a91e73dc7955656
P3,P3_design14_seed0,basic,77e11e154cf3a3ccec416b7936a323e85310d96008b41904f5b783463d74c5d3,remediation/p3/results/ftf1d-p3-full-20260919/P3_design14_seed0/basic.json,ae36192d78ff423e6a14e8241b12e5bec5aeaecd5983d331106da0fa40983d51,f6fbea9edc74cfb3e398f21ef812799bdf13b340567a73e4cd3e06a8b0246008
P3,P3_design14_seed0,runnerup,77e11e154cf3a3ccec416b7936a323e85310d96008b41904f5b783463d74c5d3,remediation/p3/results/ftf1d-p3-full-20260919/P3_design14_seed0/runnerup.json,b157db884f17be25746e7d508f5fddd48b07ea49bc1a015e3ab666eb994b5f74,f29ba9740d95982f9c372c5f9d0935982e5083870994c06e8074224d569e5612
P3,P3_design14_seed1,fresh,1d909eb7b8464aa943b0116d7d6e86697322ca0fd44f51bb92a9b2a0edd6d3bb,remediation/p3/results/ftf1d-p3-full-20260919/P3_design14_seed1/fresh.json,1ae586bf20fd8a57fcd27b91fcff68495ceec8430c93d45a5e6b0e3c32d332ea,d4d62b28d4e4676f8820e8c8472907bb86b23fa46ae62d4bd0b67ea6b9a46188
P3,P3_design14_seed1,none,1d909eb7b8464aa943b0116d7d6e86697322ca0fd44f51bb92a9b2a0edd6d3bb,remediation/p3/results/ftf1d-p3-full-20260919/P3_design14_seed1/none.json,d6070ad2e27ecc625fc6cdf47529c4b9f698603480fcc23520ec07d2102b056e,56158ef45f40e074a9dd34b6ced7258faba6b7dd331474527c9a17fa580663f5
P3,P3_design14_seed1,basic,1d909eb7b8464aa943b0116d7d6e86697322ca0fd44f51bb92a9b2a0edd6d3bb,remediation/p3/results/ftf1d-p3-full-20260919/P3_design14_seed1/basic.json,ea5fee460bef8fd4deefba4e33d753a991f18ce46e4305e6c3e2935a74257c42,431a29e7272c5bbf62e7d12cb346ee2a9034ba7559d98dd6eec8afb771047a47
P3,P3_design14_seed1,runnerup,1d909eb7b8464aa943b0116d7d6e86697322ca0fd44f51bb92a9b2a0edd6d3bb,remediation/p3/results/ftf1d-p3-full-20260919/P3_design14_seed1/runnerup.json,7ef2eff1d317ed4409f4d72b439934aa23b5efdc24a48dc09e513143fae39b86,92d04efcc72d31040a4aee410498c9826be420a97d88f01f2ffb436f080f46e5
P3,P3_design14_seed2,fresh,e95222a57bcaf718646f2516dabc8349980b2d11fdf6733d68e9c38f9187208b,remediation/p3/results/ftf1d-p3-full-20260919/P3_design14_seed2/fresh.json,c9ad8592b437048aab4b7599a5247114dec571efec9eb38e04507c724558fc4a,87662870e1481eed94c80494a8d420d2677d96459ed6621986d8ab01e489e64e
P3,P3_design14_seed2,none,e95222a57bcaf718646f2516dabc8349980b2d11fdf6733d68e9c38f9187208b,remediation/p3/results/ftf1d-p3-full-20260919/P3_design14_seed2/none.json,8cbd20369212e4b79b13daea3a58d9f56a7218612dcc78dbfd72baaaf702ccbd,6bd6f83ddad650247f18e4f6c1cfa01b97b72e610f5df0f29fd6acc023419bb2
P3,P3_design14_seed2,basic,e95222a57bcaf718646f2516dabc8349980b2d11fdf6733d68e9c38f9187208b,remediation/p3/results/ftf1d-p3-full-20260919/P3_design14_seed2/basic.json,c1331bdd87a4682fd98a3832542f7645d2556d78e5a9fce0f2e2d4a2201ce586,00bbfb7b9c89ef0337e19cbd4d21094a81166efbbe79cd30b3ed5eca7b2dd920
P3,P3_design14_seed2,runnerup,e95222a57bcaf718646f2516dabc8349980b2d11fdf6733d68e9c38f9187208b,remediation/p3/results/ftf1d-p3-full-20260919/P3_design14_seed2/runnerup.json,5c075345af1cdb793d45ae2ab43d3715cdd2ef74c82384a3130168836ea20672,b62b598147e5d7908ce6b244f42fe0857d767cbf3e6528508f5cc6d6a45c2f8c
P3,P3_design14_seed3,fresh,5f2b7ee7826decd680cc1831cd04354e8c72cdb7c7f3b9da24f4fe16642b648b,remediation/p3/results/ftf1d-p3-full-20260919/P3_design14_seed3/fresh.json,43dcfcb5fdbf2638c08ed4b887e2caf924f5c3131aef996463069c0c9a930b3a,6f3301165b8044c615107d6551026c1913a5bae0acbbc64639528057a42449db
P3,P3_design14_seed3,none,5f2b7ee7826decd680cc1831cd04354e8c72cdb7c7f3b9da24f4fe16642b648b,remediation/p3/results/ftf1d-p3-full-20260919/P3_design14_seed3/none.json,05043e059cb70e84b05dae1c4d6ef93ac6f70db1e1c24bf2f8a9526e7042a44c,f9d15614abbeac3360f952d478d67ec4d644a4b8732254abb4c2eab3a33821e7
P3,P3_design14_seed3,basic,5f2b7ee7826decd680cc1831cd04354e8c72cdb7c7f3b9da24f4fe16642b648b,remediation/p3/results/ftf1d-p3-full-20260919/P3_design14_seed3/basic.json,601c8fc55fe81aa9f3dc03a4cabae02583a993f705f0cc77ac267e0f333d88bd,d9bcd3e13f70e960fe240b345db6fe73c3123f1d796aafc50ad468d76ca680c6
P3,P3_design14_seed3,runnerup,5f2b7ee7826decd680cc1831cd04354e8c72cdb7c7f3b9da24f4fe16642b648b,remediation/p3/results/ftf1d-p3-full-20260919/P3_design14_seed3/runnerup.json,3024474f3e0b30b8a073df80446a31a210f9514b57eefc685ed1e4652ff9098c,650da6feba502e5f936c6f930aa5bfb7328679b3b4fab697944381dbe3a503f6
P3,P3_design14_seed4,fresh,fead4976fe44e5e42555b47a9fe1668d8b1eae020352138200cb9b24d5cdd70b,remediation/p3/results/ftf1d-p3-full-20260919/P3_design14_seed4/fresh.json,43de05f1d8100361d84d092816646e90a18011f8dbe498eda8c97de7b36e01ff,9a19fbcd43b5dfb9d20b370f5fb7beb7e85c6fba030b63c3e3d07d100b65be9d
P3,P3_design14_seed4,none,fead4976fe44e5e42555b47a9fe1668d8b1eae020352138200cb9b24d5cdd70b,remediation/p3/results/ftf1d-p3-full-20260919/P3_design14_seed4/none.json,bc80b5a07d06890e51334cc0147cd54389ea7deee3624b0da5d053d5d45de6bb,5798c04ddaddeb13d43491d4ab205f0ca1b56485f54666df296d6198b866abf7
P3,P3_design14_seed4,basic,fead4976fe44e5e42555b47a9fe1668d8b1eae020352138200cb9b24d5cdd70b,remediation/p3/results/ftf1d-p3-full-20260919/P3_design14_seed4/basic.json,2b023d82ee8614637c929f6d0783fb70bb9b43ff47c393857fe02f70918298ea,0944748b75d2e7ae4a987b0f7444fa6b62c19bb7dbfec4217e8b22bd5318f52d
P3,P3_design14_seed4,runnerup,fead4976fe44e5e42555b47a9fe1668d8b1eae020352138200cb9b24d5cdd70b,remediation/p3/results/ftf1d-p3-full-20260919/P3_design14_seed4/runnerup.json,529d32330cd987a84915a0c911cb01395b1c1503822757600303a6ba27811d09,a96a600a1fd85093c4f0bd2061f94e320d8f73f1e6bddc1ba480c7c74928cbfe
P3,P3_design17_seed0,fresh,4b1797119e4fe77c01392fcb4f030b2a59a22f3bc638477551964eef484246c1,remediation/p3/results/ftf1d-p3-full-20260919/P3_design17_seed0/fresh.json,529b5b075dd0302a4eb71b9510fa231b35df7bbed60bd18a071343dc210ac259,5eacc5d75d38b4216e09c6346474521d66793ebe677cc6c7f1ff5b7732bd5d44
P3,P3_design17_seed0,none,4b1797119e4fe77c01392fcb4f030b2a59a22f3bc638477551964eef484246c1,remediation/p3/results/ftf1d-p3-full-20260919/P3_design17_seed0/none.json,77837c5fd5f8b3c1d1e71a34152d943bf1d1888e524d54feea9bc6f8f8d4e2fa,b05b14db7c2a68d7e643e2fbf609a8cf175f0973ca56b417c85db16b2b0e0992
P3,P3_design17_seed0,basic,4b1797119e4fe77c01392fcb4f030b2a59a22f3bc638477551964eef484246c1,remediation/p3/results/ftf1d-p3-full-20260919/P3_design17_seed0/basic.json,47c34132d61f6b7d190ef263aca3251ea5bef0802641c137b8f06c33cb75f615,053c92d51171377860ca62dcccc4b8e84dc5858a1953878b8094d1bd6f7edda1
P3,P3_design17_seed0,runnerup,4b1797119e4fe77c01392fcb4f030b2a59a22f3bc638477551964eef484246c1,remediation/p3/results/ftf1d-p3-full-20260919/P3_design17_seed0/runnerup.json,6aee0fdb94fcf1832f7dfef6d30ce3160a378f3eaf30d77238371b689d3b7e7f,6d6514cd0ca36beb874786e2e3ba08ba8844e5b57a3d64b1e1900ebf46dad2ae
P3,P3_design17_seed1,fresh,ef131ded26e8f7b50b79b2b6adc7d80a77f4d3c7732bd6b660bda95682eb8dce,remediation/p3/results/ftf1d-p3-full-20260919/P3_design17_seed1/fresh.json,b341f5b239da5b300d7c97e2f6106f116d19225acd9fb65cd6ed81b3e1c79a9f,202d7f9464254200d4e8307613d7674959f1942dd571b5b8accc62f0e59cedfa
P3,P3_design17_seed1,none,ef131ded26e8f7b50b79b2b6adc7d80a77f4d3c7732bd6b660bda95682eb8dce,remediation/p3/results/ftf1d-p3-full-20260919/P3_design17_seed1/none.json,a6e818811a234b3a0b34f7a9a589daa840c67f80d9513e0b9ce4b9dd848915f1,75f0b11f0dd730349da4cd660c52512010a022cb1c0f86a9fc807e43d299362a
P3,P3_design17_seed1,basic,ef131ded26e8f7b50b79b2b6adc7d80a77f4d3c7732bd6b660bda95682eb8dce,remediation/p3/results/ftf1d-p3-full-20260919/P3_design17_seed1/basic.json,a8501cd9d1811aa5da09bd9df6274b4d3f60006398f46a0ee467e8654243b5cf,0b87ba9ffe9464add996155709999c8966e7c0ecea4e6ca8b630926970a50d9a
P3,P3_design17_seed1,runnerup,ef131ded26e8f7b50b79b2b6adc7d80a77f4d3c7732bd6b660bda95682eb8dce,remediation/p3/results/ftf1d-p3-full-20260919/P3_design17_seed1/runnerup.json,8b180f8485fb30fc5bef9fa447bc05e0b83896b654d8839ccdec3be553a9e029,48908f07c8f9981c7e886ebd4b92cf7332aa07e4b901605cb14800862d7fdce1
P3,P3_design17_seed2,fresh,4794a7c4631b175db6e28c8d388cc9d2054f9b8a5b41b7400dac1eb599e42d20,remediation/p3/results/ftf1d-p3-full-20260919/P3_design17_seed2/fresh.json,c1e326d38b6287801a782fc3b9d46a93a35b7cb0ef9f6d4cec76ae42db83db41,2f2ca28ea565c46829706f45ad9aa4d9fadef4f01de354bc37a39c7124debc8d
P3,P3_design17_seed2,none,4794a7c4631b175db6e28c8d388cc9d2054f9b8a5b41b7400dac1eb599e42d20,remediation/p3/results/ftf1d-p3-full-20260919/P3_design17_seed2/none.json,08d7cd0d34035c3ce455660a85e6d053937e573c6aef849780385ead95609a0e,e87b75f74cf6028a0ab24d3446413ca3cc4c7adaa98471dfee2d27b3c0d261be
P3,P3_design17_seed2,basic,4794a7c4631b175db6e28c8d388cc9d2054f9b8a5b41b7400dac1eb599e42d20,remediation/p3/results/ftf1d-p3-full-20260919/P3_design17_seed2/basic.json,e0c5d903c358c80cd7cc27b6a36896b9760468c542e9adb4d1f1a517e3cf0965,f7a1c3c90605fd0230a61c929deb5c3ae716937f49e15c3b83c210a24c31f6b1
P3,P3_design17_seed2,runnerup,4794a7c4631b175db6e28c8d388cc9d2054f9b8a5b41b7400dac1eb599e42d20,remediation/p3/results/ftf1d-p3-full-20260919/P3_design17_seed2/runnerup.json,3b972745666528b2a14d4e50cc6e7d51d26024d5ca11c6e34f2459ca6cac23ba,6a16586f806a197ba5f908331b2b0bce8533f8706cebed4648171b6c389577ed
P3,P3_design17_seed3,fresh,33ef349ec2fc36611e9214ba8958de2665d1ffe4d070cbe0698e4fe8a792161d,remediation/p3/results/ftf1d-p3-full-20260919/P3_design17_seed3/fresh.json,195d68720f4f7e30b5e2018f875e369189bd59788958b403dec28a036dffca69,0ca9904584bfa195148e411e7d63e429bd11b4f60109c6a52ebc2603ef1fd497
P3,P3_design17_seed3,none,33ef349ec2fc36611e9214ba8958de2665d1ffe4d070cbe0698e4fe8a792161d,remediation/p3/results/ftf1d-p3-full-20260919/P3_design17_seed3/none.json,635a8e5b605b9e29429b250ee5fee92820f20a799ffa58bac0cd1c3ca43555e4,4cd6fdf13c38588fa16c6e24358a31751de0fb8058798a7372d999a6d6c4ab05
P3,P3_design17_seed3,basic,33ef349ec2fc36611e9214ba8958de2665d1ffe4d070cbe0698e4fe8a792161d,remediation/p3/results/ftf1d-p3-full-20260919/P3_design17_seed3/basic.json,28b28410fcea6bbd24fbf0f3fd79e09a40af2670afbd36d5903a6e5a884f4727,d17ff31658706a722498f97a31e025b2e3143ef67eb6daeddac3bafa89b2c2a8
P3,P3_design17_seed3,runnerup,33ef349ec2fc36611e9214ba8958de2665d1ffe4d070cbe0698e4fe8a792161d,remediation/p3/results/ftf1d-p3-full-20260919/P3_design17_seed3/runnerup.json,24ff5f15d7b32e4923168ee08eeb294d918d17f10a4c790a47ae96b46477fde6,5f874fad201212442d019d618482601f23a86fdf172fd2c7fab675c8617a7c31
P3,P3_design17_seed4,fresh,1dbe4b442c7fa23e002b7c5bddaf733f9b6fa423815e53095907d1ab8528bd97,remediation/p3/results/ftf1d-p3-full-20260919/P3_design17_seed4/fresh.json,e5680c7d0a1af98565b60ddd118bed2c37d060e8262ab8eb36cf1fce151f2942,f894a90477094829e5fac2dc4ec8262ee5105ea1fd1b2f0f5f23689391d5318a
P3,P3_design17_seed4,none,1dbe4b442c7fa23e002b7c5bddaf733f9b6fa423815e53095907d1ab8528bd97,remediation/p3/results/ftf1d-p3-full-20260919/P3_design17_seed4/none.json,a1affe096eff44a249593b10a38edbdea621b98e871f8fc44b05f7575bc9b13d,e896203aa6856a11cc7049fb41b7cba5bdde331926c5f625972e6b756f0f28ec
P3,P3_design17_seed4,basic,1dbe4b442c7fa23e002b7c5bddaf733f9b6fa423815e53095907d1ab8528bd97,remediation/p3/results/ftf1d-p3-full-20260919/P3_design17_seed4/basic.json,0a36016fcc2726472601a2a033a60806832399bb1b0c667196e947ffdfec67be,73e3c46ddb65ba2c3b0ef83ef4f5fb912fcda98e1fdee14feb378541a9cfd82a
P3,P3_design17_seed4,runnerup,1dbe4b442c7fa23e002b7c5bddaf733f9b6fa423815e53095907d1ab8528bd97,remediation/p3/results/ftf1d-p3-full-20260919/P3_design17_seed4/runnerup.json,42aed0c0a1dbc9f2d175ccbf9c0d9ccccd00d18e33b7d5696319670a70b8e041,470a42525627bdcd480ee4017b32bbc24ab4ab5538afb69c45d106ded5cf42ad
P3,P3_design18_seed0,fresh,f24cfa54ec43c3d3b5a43dec4c0334ad9d50c11b633cc0bbef52b1d6ff117d0c,remediation/p3/results/ftf1d-p3-full-20260919/P3_design18_seed0/fresh.json,aee5a15825085534ffad6e543a26a37f8320e384220a831f9ae891b6454c1157,1059366f4f572605e3f61fa0f687d6162411a3a9a21c3e0d6c0715ba08c6b156
P3,P3_design18_seed0,none,f24cfa54ec43c3d3b5a43dec4c0334ad9d50c11b633cc0bbef52b1d6ff117d0c,remediation/p3/results/ftf1d-p3-full-20260919/P3_design18_seed0/none.json,0ee9510170b3e89dda6c25b26b58e029784c3da0215e7eb485cc24e8aaa5a9cd,56c49cfe337fb621adfab66dded3a69b82ba992b1a6761bbdf3320cfb78c3185
P3,P3_design18_seed0,basic,f24cfa54ec43c3d3b5a43dec4c0334ad9d50c11b633cc0bbef52b1d6ff117d0c,remediation/p3/results/ftf1d-p3-full-20260919/P3_design18_seed0/basic.json,f5de401f5965b17872ef2b9d2b0e7f57c0c71f9d50a45305e262672af9e5f290,617b5c6c1228b776f1067e9cab5020326554506d3a5dd7589d051347e7e32231
P3,P3_design18_seed0,runnerup,f24cfa54ec43c3d3b5a43dec4c0334ad9d50c11b633cc0bbef52b1d6ff117d0c,remediation/p3/results/ftf1d-p3-full-20260919/P3_design18_seed0/runnerup.json,12e8b76105b554d5efd76cf4bd392ebc15f35f141f564ce1e17eb22d70070f3a,c012f9f19246c58bf281b3f03a0be4d019e960fd0615df70dc3e6062e9d48236
P3,P3_design18_seed1,fresh,99f1529f20e1bebea2208d243536e4144f587beb99387d34a68800bf5f5b54de,remediation/p3/results/ftf1d-p3-full-20260919/P3_design18_seed1/fresh.json,b949a77f0dd0e43964960b253b66b2e935331dcf0ad56a82f4378485c8d19c9e,8f3c39e43d119f9504b91fb1ec6dc9bb02739537901c2f2c488f744a30465f46
P3,P3_design18_seed1,none,99f1529f20e1bebea2208d243536e4144f587beb99387d34a68800bf5f5b54de,remediation/p3/results/ftf1d-p3-full-20260919/P3_design18_seed1/none.json,26c2c33aecf8a270d69193d4530bd6716f3380d1966e8a63f224e9ca3bee7a45,266ad56b0d85cad2e71c45f4bc6beefc27dcd2ddd292158c91bf48b1b09186d0
P3,P3_design18_seed1,basic,99f1529f20e1bebea2208d243536e4144f587beb99387d34a68800bf5f5b54de,remediation/p3/results/ftf1d-p3-full-20260919/P3_design18_seed1/basic.json,176ad6d1eb200205afbb43ec642544756e4a02f2cab21609280c3790609b51bb,3d24e85167fee5b3f1695b1c4f4f295571a3ac54afc8c1edb7e8c85b17ddcbbd
P3,P3_design18_seed1,runnerup,99f1529f20e1bebea2208d243536e4144f587beb99387d34a68800bf5f5b54de,remediation/p3/results/ftf1d-p3-full-20260919/P3_design18_seed1/runnerup.json,dea6c329ac938646b44381906c580388f8edf4e464d285666a2e220b2bfd77ce,32045b2f0cbbe75d78d7d75bad8e5156e277efad2c0ddf6f910a9f4d6f4633e8
P3,P3_design18_seed2,fresh,24d55d354aecb6e2b78bae1be420fe0765d0e253804f07b5cc81cc350e5ba615,remediation/p3/results/ftf1d-p3-full-20260919/P3_design18_seed2/fresh.json,c964dc77a2e1bc29a3d0343eb3c9026a6c1cf96217bf181479ca40ae1bbe7266,817532b1e5e9b6e40c5b88468360d5864f3d6047e29be9b67e0e181e824cbc21
P3,P3_design18_seed2,none,24d55d354aecb6e2b78bae1be420fe0765d0e253804f07b5cc81cc350e5ba615,remediation/p3/results/ftf1d-p3-full-20260919/P3_design18_seed2/none.json,0b3248acff3bb6461221e3950765fd71f97a83d3b3e51fa70221fd8d33fa0556,a0c087ee5d96bf122b3e448e54ff691702a099c16f6578bcf158abc8a23d4b32
P3,P3_design18_seed2,basic,24d55d354aecb6e2b78bae1be420fe0765d0e253804f07b5cc81cc350e5ba615,remediation/p3/results/ftf1d-p3-full-20260919/P3_design18_seed2/basic.json,c3569c2529df79aed04870ed54e00d8785396f15b0cc82a9a8f8e045993d4659,554dc085e9940de93641747ede9a5c4d344b9a8e6818cb6b3dfa3f2d526b849a
P3,P3_design18_seed2,runnerup,24d55d354aecb6e2b78bae1be420fe0765d0e253804f07b5cc81cc350e5ba615,remediation/p3/results/ftf1d-p3-full-20260919/P3_design18_seed2/runnerup.json,f512c14546b1dd7dc46bf3ac331678638da4b3d93872712c99b7c7a260aeae25,dc50f10546eb814c659387e56314481d57239727c92fa8543cbbc41d704d9b29
P3,P3_design18_seed3,fresh,55242d2be819c5ee97a468ecca42c81fb1e3d7d37c19d03137c70433f8fa1b4d,remediation/p3/results/ftf1d-p3-full-20260919/P3_design18_seed3/fresh.json,3a9735f2d9246c4c0844d558f3721b45e9a9eb8b1cd1e88a747efda0f29234f8,edf12ddfbce67281163834619402d6ba610324f79ec4cb95c5c271506e68b03a
P3,P3_design18_seed3,none,55242d2be819c5ee97a468ecca42c81fb1e3d7d37c19d03137c70433f8fa1b4d,remediation/p3/results/ftf1d-p3-full-20260919/P3_design18_seed3/none.json,0f0924e33031bb84c13f4f2c3eb1b99662dddd4ec1e450658742af2b2dbe30bb,a4cf7bf2ab5c3902dcbf95d95a4c700cc0e5f8c010d03a70b032956852f54d45
P3,P3_design18_seed3,basic,55242d2be819c5ee97a468ecca42c81fb1e3d7d37c19d03137c70433f8fa1b4d,remediation/p3/results/ftf1d-p3-full-20260919/P3_design18_seed3/basic.json,226320124e6433d85fc04522540dcc5b0f1e682f93ffe6597dadc9c6f885ad29,cc0f1fc2c7176eac211f8ea5c5ef68d9d84f154662a1eebef5092e5e1ffe872d
P3,P3_design18_seed3,runnerup,55242d2be819c5ee97a468ecca42c81fb1e3d7d37c19d03137c70433f8fa1b4d,remediation/p3/results/ftf1d-p3-full-20260919/P3_design18_seed3/runnerup.json,9ca273177e112213e76db768c46b6718e366e7fcd446c222ae21cd66c1db66a1,2acb6db5878e3433aa478429534e79742af65268ddd8f7729240b58997a68225
P3,P3_design18_seed4,fresh,46a7688fab5f5ca724937358f55a00dac9d67a05d5b9c406eb07f7cabeec228c,remediation/p3/results/ftf1d-p3-full-20260919/P3_design18_seed4/fresh.json,21f43394b6ec9614218b28e6818f5389f03178a4d916064c1bc5e01c0d0e41d7,43f5663ec36a23135cb191a1e335c1588579a77524e0a932a16a0ea723b2a7d7
P3,P3_design18_seed4,none,46a7688fab5f5ca724937358f55a00dac9d67a05d5b9c406eb07f7cabeec228c,remediation/p3/results/ftf1d-p3-full-20260919/P3_design18_seed4/none.json,a6122c6280d97227425a9455341d2e7ebba10512cb722b14b0d88c7a3117ba1d,c38b79acd8381fc0df8c73e37dcdd44e478130f7f83508cd862f549eb2a382c9
P3,P3_design18_seed4,basic,46a7688fab5f5ca724937358f55a00dac9d67a05d5b9c406eb07f7cabeec228c,remediation/p3/results/ftf1d-p3-full-20260919/P3_design18_seed4/basic.json,589a29150e90f64461e250927242344dc035fe9bad8774df2bafda6c08c7006a,79adc1ba9621613e117cd82fb0eda8c5d11590bd2926e2d40b569d366cec6237
P3,P3_design18_seed4,runnerup,46a7688fab5f5ca724937358f55a00dac9d67a05d5b9c406eb07f7cabeec228c,remediation/p3/results/ftf1d-p3-full-20260919/P3_design18_seed4/runnerup.json,6efa63f9ae2cb96531ab0767db4f684991ac176f37ef1158d653c5b2d2e4d4ec,0339d56a4e2670792ed0ed13e31ad8c075fa2115054d29995feacbaf83160e32
