task,stage,dataset,design_index,k,T,seed,method,elapsed_seconds,modeled_client_plus_server_seconds,comparable_end_to_end_seconds,speedup_elapsed_fresh,speedup_elapsed_direct,speedup_modeled_fresh,speedup_end_to_end_fresh,lost_vs_fresh,lost_vs_direct,N,A,P,S,J,assigned_point_rounds,attempted_certificate_pass_rate,certified_fraction_all_point_rounds,useful_assignment_skip_fraction,duplicate_assignment_fraction,abandonment_round,time_cache_construction,time_certificate_scan,time_encoding,time_failed_assignment,time_fallback_rebuild,time_fallback_sunk,time_input_materialization,time_phase1_server,time_phase2_server,time_shift_bounds,final_Phi_A,final_Phi_B,final_G,final_Phi
P2_adult_k4_t0,P2,adult,,4,15,4000,fresh,1.8524755419994108,0.5816834319930422,1.8687830420003593,1.0,0.9332222174085055,1.0,1.0,0,0,451980,0,0,0,0,451980,,0.0,0.0,0.0,,0.0,0.0,0.008193374999791558,0.0,0.0,0.0,0.0,0.002169375000448781,0.5555929339925569,0.0,101.53235555380915,101.54930104015367,203.08165659396283,101.54930104015367
P2_adult_k4_t0,P2,adult,,4,15,4000,none,1.7287713329997132,0.5766825190039526,1.773279582998839,1.071556143162699,1.0,1.008671865063167,1.0538569664463242,0,0,451980,0,0,0,0,451980,,0.0,0.0,0.0,0,0.0,0.0,0.0,0.0,0.0,0.0,0.005131292000442045,0.0024259169995275442,0.5516196840044358,0.0005969150024611736,101.53235555380915,101.54930104015367,203.08165659396283,101.54930104015367
P2_adult_k4_t0,P2,adult,,4,15,4000,basic,1.8445485000002009,0.5902774749965829,1.890948750001371,1.0042975514057826,0.9372327878608369,0.9854406726199565,0.9882779964285147,0,1,451980,30132,0,0,30132,482112,0.0,0.0,0.0,0.06666666666666667,0,0.0,0.0009787029966901173,0.0,0.09966533899932983,0.07940283300013107,0.1136088329994891,0.005322875000274507,0.0025429580000491114,0.5623191409977153,0.0006882500001665903,101.53235555380915,101.54930104015367,203.08165659396283,101.54930104015367
P2_adult_k4_t0,P2,adult,,4,15,4000,runnerup,1.860726624999188,0.5939230280091579,1.9064384179991976,0.9955656661817365,0.9290839985698961,0.9793919490592189,0.9802483124325844,1,1,451980,30132,0,0,30132,482112,0.0,0.0,0.0,0.06666666666666667,0,0.0,0.0022486250009023934,0.0,0.10136428799523856,0.07922270799917897,0.1163537920001545,0.005180416000257537,0.0022937080002520815,0.5673185710120379,0.0006402069993782789,101.53235555380915,101.54930104015367,203.08165659396283,101.54930104015367
P2_adult_k4_t1,P2,adult,,4,15,4001,fresh,1.8520888749999358,0.5785280610061818,1.8684914170007687,1.0,0.9330672643882156,1.0,1.0,0,0,451980,0,0,0,0,451980,,0.0,0.0,0.0,,0.0,0.0,0.007892457999332692,0.0,0.0,0.0,0.0,0.0023478749999412685,0.5523306420072913,0.0,101.13750802475897,100.9826551833116,202.12016320807058,101.13750802475897
P2_adult_k4_t1,P2,adult,,4,15,4001,none,1.728123500000038,0.5737733249989105,1.7740835840004365,1.0717340948143435,1.0,1.0082867846937296,1.0532149859520423,0,0,451980,0,0,0,0,451980,,0.0,0.0,0.0,0,0.0,0.0,0.0,0.0,0.0,0.0,0.005028749999837601,0.0021737919996667188,0.5495702009984598,0.0005327080007191398,101.13750802475897,100.9826551833116,202.12016320807058,101.13750802475897
P2_adult_k4_t1,P2,adult,,4,15,4001,basic,1.844709666000199,0.586261625003317,1.8902969580012723,1.0040002007555675,0.9367997207642168,0.9868086811974237,0.9884644891861013,0,1,451980,30132,0,0,30132,482112,0.0,0.0,0.0,0.06666666666666667,0,0.0,0.0009678220039859298,0.0,0.09959905100367905,0.07873520799967082,0.11356975000035163,0.0053679579996241955,0.0022349999999278225,0.5599737090051349,0.0006912509998073801,101.13750802475897,100.9826551833116,202.12016320807058,101.13750802475897
P2_adult_k4_t1,P2,adult,,4,15,4001,runnerup,1.8581463749997056,0.5935589309992793,1.9047824999988734,0.9967400307740715,0.9300254938205886,0.9746767014897874,0.9809473874323572,1,1,451980,30132,0,0,30132,482112,0.0,0.0,0.0,0.06666666666666667,0,0.0,0.002139376003469806,0.0,0.09956654099823936,0.07924691700009134,0.11443925000003219,0.005603958999927272,0.0022498749995065737,0.5671211389999371,0.0007160839995776769,101.13750802475897,100.9826551833116,202.12016320807058,101.13750802475897
P2_adult_k4_t2,P2,adult,,4,15,4002,fresh,1.787740957999631,0.5248218930219082,1.8047533759981889,1.0,0.9320887584657278,1.0,1.0,0,0,451980,0,0,0,0,451980,,0.0,0.0,0.0,,0.0,0.0,0.008128833000228042,0.0,0.0,0.0,0.0,0.002131375000317348,0.4988417690201459,0.0,103.70936493207587,101.80278735025821,205.51215228233409,103.70936493207587
P2_adult_k4_t2,P2,adult,,4,15,4002,none,1.666333250000207,0.5167848470209719,1.7125767489997088,1.072859200282662,1.0,1.0155520155965605,1.0538233553925798,0,0,451980,0,0,0,0,451980,,0.0,0.0,0.0,0,0.0,0.0,0.0,0.0,0.0,0.0,0.005226500000389933,0.00246458400033589,0.4915318460207345,0.0005915460014875862,103.70936493207587,101.80278735025821,205.51215228233409,103.70936493207587
P2_adult_k4_t2,P2,adult,,4,15,4002,basic,1.8031802909999897,0.5393110540262569,1.8491571670001576,0.9914377208549698,0.9241079543277997,0.9731339439527911,0.9759870108423483,1,1,451980,30132,0,0,30132,482112,0.0,0.0,0.0,0.06666666666666667,0,0.0,0.0009532420044706669,0.0,0.0998493349952696,0.07831299999998009,0.11371712500022113,0.005471374999615364,0.0023268329996426473,0.5125731360258214,0.0007241229977807961,103.70936493207587,101.80278735025821,205.51215228233409,103.70936493207587
P2_adult_k4_t2,P2,adult,,4,15,4002,runnerup,1.7810568329996386,0.5269332050102093,1.8262922490002893,1.0037528982097303,0.9355867926986837,0.9959932075484591,0.9882062287599968,0,1,451980,30132,0,0,30132,482112,0.0,0.0,0.0,0.06666666666666667,0,0.0,0.002246999996714294,0.0,0.10063925100439519,0.0798020419997556,0.11596804200053157,0.00527829099974042,0.0023152920002758037,0.49918683200939995,0.0005695020017810748,103.70936493207587,101.80278735025821,205.51215228233409,103.70936493207587
P2_adult_k4_t3,P2,adult,,4,15,4003,fresh,1.8445759999995062,0.5743362420016638,1.860891124999398,1.0,0.9380989403531753,1.0,1.0,0,0,451980,0,0,0,0,451980,,0.0,0.0,0.0,,0.0,0.0,0.007938749999993888,0.0,0.0,0.0,0.0,0.002191041000514815,0.5483311600019078,0.0,101.2459947090536,101.21147867849167,202.45747338754526,101.2459947090536
P2_adult_k4_t3,P2,adult,,4,15,4003,none,1.7303947910004354,0.583660600001167,1.7754720410011942,1.0659856407294526,1.0,0.9840243490832092,1.0481106331305763,0,0,451980,0,0,0,0,451980,,0.0,0.0,0.0,0,0.0,0.0,0.0,0.0,0.0,0.0,0.005265584000881063,0.0023135830006140168,0.558538934000353,0.0006474580013673403,101.2459947090536,101.21147867849167,202.45747338754526,101.2459947090536
P2_adult_k4_t3,P2,adult,,4,15,4003,basic,1.8445029579997936,0.5861544210056309,1.889252832999773,1.000039599827908,0.938136088909774,0.9798377721289019,0.9849878705989065,0,1,451980,30132,0,0,30132,482112,0.0,0.0,0.0,0.06666666666666667,0,0.0,0.001037999996697181,0.0,0.10074129300392087,0.08023549999961688,0.11472237500038318,0.0053355830004875315,0.0023045839998303563,0.5596668370035331,0.0006903780003995053,101.2459947090536,101.21147867849167,202.45747338754526,101.2459947090536
P2_adult_k4_t3,P2,adult,,4,15,4003,runnerup,1.8567389159998129,0.5941039259905665,1.9023197510005048,0.9934493127194691,0.9319537475567242,0.966726892174726,0.9782220491695375,1,1,451980,30132,0,0,30132,482112,0.0,0.0,0.0,0.06666666666666667,0,0.0,0.0022463350014731986,0.0,0.10032121200401889,0.07825966700056597,0.11521741600063251,0.0050518329999249545,0.002425624999887077,0.568057926993788,0.0006923349992575822,101.2459947090536,101.21147867849167,202.45747338754526,101.2459947090536
P2_adult_k4_t4,P2,adult,,4,15,4004,fresh,1.8609032920003301,0.5774688879937457,1.8777176670009794,1.0,0.9565569622302182,1.0,1.0,0,0,451980,0,0,0,0,451980,,0.0,0.0,0.0,,0.0,0.0,0.008077832999333623,0.0,0.0,0.0,0.0,0.0022237910006879247,0.551107052993757,0.0,103.23993684199993,102.03244817224726,205.2723850142472,103.23993684199993
P2_adult_k4_t4,P2,adult,,4,15,4004,none,1.7800600000000486,0.5849811820016839,1.8258980419996078,1.0454160488973852,1.0,0.9871580586879176,1.0283803497289596,0,0,451980,0,0,0,0,451980,,0.0,0.0,0.0,0,0.0,0.0,0.0,0.0,0.0,0.0,0.005305542000314745,0.002282250000462227,0.5585150560009424,0.001069458999154449,103.23993684199993,102.03244817224726,205.2723850142472,103.23993684199993
P2_adult_k4_t4,P2,adult,,4,15,4004,basic,1.8920184589997007,0.5940267449950625,1.9380372089999582,0.9835545119280596,0.9408259161177297,0.9721260748933882,0.9688759628974801,1,1,451980,30132,0,0,30132,482112,0.0,0.0,0.0,0.06666666666666667,0,0.0,0.0010982830008288147,0.0,0.10348608200001763,0.08184424999944895,0.11769258300046204,0.005517040999620804,0.002470667000125104,0.566386285995577,0.0010246659994663787,103.23993684199993,102.03244817224726,205.2723850142472,103.23993684199993
P2_adult_k4_t4,P2,adult,,4,15,4004,runnerup,1.8671388330003538,0.5873459479817029,1.9132743319996734,0.9966603763524089,0.9533624219788863,0.9831835734597341,0.9814158040987611,1,1,451980,30132,0,0,30132,482112,0.0,0.0,0.0,0.06666666666666667,0,0.0,0.002388461003647535,0.0,0.10235199699855002,0.08086550000007264,0.11798825000005309,0.005489958999532973,0.0024901670003600884,0.5593316169824902,0.0009636639979362371,103.23993684199993,102.03244817224726,205.2723850142472,103.23993684199993
P2_adult_k5_t0,P2,adult,,5,15,5000,fresh,2.1445709580002585,0.7272261640046054,2.163493956999446,1.0,0.9508094891398491,1.0,1.0,0,0,451980,0,0,0,0,451980,,0.0,0.0,0.0,,0.0,0.0,0.00814579199959553,0.0,0.0,0.0,0.0,0.003078084000662784,0.6980393280064163,0.0,102.26892610754435,102.0531882297525,204.32211433729685,102.26892610754435
P2_adult_k5_t0,P2,adult,,5,15,5000,none,2.0390784170003826,0.7338760630000252,2.0891212920005273,1.0517354016992944,1.0,0.9909386620838462,1.035599974632253,0,0,451980,0,0,0,0,451980,,0.0,0.0,0.0,0,0.0,0.0,0.0,0.0,0.0,0.0,0.005476917000123649,0.0031002910000097472,0.7048082309984238,0.0008400420019825106,102.26892610754435,102.0531882297525,204.32211433729685,102.26892610754435
P2_adult_k5_t0,P2,adult,,5,15,5000,basic,2.189234166999995,0.7560146899922984,2.2390519589998803,0.9795987064001744,0.9314117455944069,0.9619206790968754,0.9662544668975953,1,1,451980,30132,0,0,30132,482112,0.0,0.0,0.0,0.06666666666666667,0,0.0,0.0012292989977140678,0.0,0.11548183400009293,0.09085366699946462,0.1335262499997043,0.005555916000048455,0.0030823340002825717,0.7250709829886546,0.0010715009993873537,102.26892610754435,102.0531882297525,204.32211433729685,102.26892610754435
P2_adult_k5_t0,P2,adult,,5,15,5000,runnerup,2.1463273330000447,0.7391356120142518,2.196747500001038,0.999181683533177,0.9500314260780744,0.9838873302597456,0.9848623735765824,1,1,451980,30132,0,0,30132,482112,0.0,0.0,0.0,0.06666666666666667,0,0.0,0.0023822920011298265,0.0,0.11303987500286894,0.08992837500045425,0.13131925000016054,0.0058931670000674785,0.003343666999171546,0.708349444014857,0.0009965829985958408,102.26892610754435,102.0531882297525,204.32211433729685,102.26892610754435
P2_adult_k5_t1,P2,adult,,5,15,5001,fresh,2.075349124999775,0.7013907360105804,2.0940541249983653,1.0,0.9311154656932669,1.0,1.0,0,0,451980,0,0,0,0,451980,,0.0,0.0,0.0,,0.0,0.0,0.007925375000013446,0.0,0.0,0.0,0.0,0.002908208000008017,0.673008360012318,0.0,101.32610396100462,101.2553927656892,202.5814967266938,101.32610396100462
P2_adult_k5_t1,P2,adult,,5,15,5001,none,1.9323896670002796,0.698595769997155,1.9798282080018907,1.0739806574423556,1.0,1.004000834435967,1.057694862884975,0,0,451980,0,0,0,0,451980,,0.0,0.0,0.0,0,0.0,0.0,0.0,0.0,0.0,0.0,0.0051433749995339895,0.0030176669997672434,0.6713197689950903,0.0005366249997678096,101.32610396100462,101.2553927656892,202.5814967266938,101.32610396100462
P2_adult_k5_t1,P2,adult,,5,15,5001,basic,2.083820625000044,0.7175497069747507,2.1314956260002873,0.9959346308897059,0.9273301376409204,0.9774803462295346,0.982434164750232,1,1,451980,30132,0,0,30132,482112,0.0,0.0,0.0,0.06666666666666667,0,0.0,0.0009787470025912626,0.0,0.1079900019985871,0.08727470800022274,0.12392304100012552,0.005085958000563551,0.0031143339992922847,0.6883275829750346,0.0006769560004613595,101.32610396100462,101.2553927656892,202.5814967266938,101.32610396100462
P2_adult_k5_t1,P2,adult,,5,15,5001,runnerup,2.074347041000692,0.7132082149719281,2.1222453749987835,1.0004830840641783,0.9315652727366533,0.9834305344312211,0.986716309842148,0,1,451980,30132,0,0,30132,482112,0.0,0.0,0.0,0.06666666666666667,0,0.0,0.0021896119988014107,0.0,0.10779537999405875,0.08656324999992648,0.12474554200070997,0.0052394579997780966,0.00303337500008638,0.6839360019721425,0.0006402099988918053,101.32610396100462,101.2553927656892,202.5814967266938,101.32610396100462
P2_adult_k5_t2,P2,adult,,5,15,5002,fresh,2.0756216249992576,0.6977650840044589,2.0940188339991437,1.0,0.9369994557660958,1.0,1.0,0,0,451980,0,0,0,0,451980,,0.0,0.0,0.0,,0.0,0.0,0.008154209000167612,0.0,0.0,0.0,0.0,0.002913166000325873,0.6691861240051367,0.0,100.92763977411082,100.66586549846501,201.59350527257584,100.92763977411082
P2_adult_k5_t2,P2,adult,,5,15,5002,none,1.9448563330006436,0.6983381279987952,1.9925493750006353,1.067236479003496,1.0,0.9991794175752963,1.0509244389482073,0,0,451980,0,0,0,0,451980,,0.0,0.0,0.0,0,0.0,0.0,0.0,0.0,0.0,0.0,0.005355541000426456,0.0030116669995550183,0.6714477540008374,0.0005254170009720838,100.92763977411082,100.66586549846501,201.59350527257584,100.92763977411082
P2_adult_k5_t2,P2,adult,,5,15,5002,basic,2.0584182920001695,0.7060286819669273,2.106318957999065,1.0083575496127037,0.9448304752047372,0.988295662522595,0.9941603697041184,0,1,451980,30132,0,0,30132,482112,0.0,0.0,0.0,0.06666666666666667,0,0.0,0.0009667400008765981,0.0,0.1073742949993175,0.08554383299997426,0.12325279200013028,0.005035207999753766,0.0030834589997539297,0.6777948039671173,0.0005088339994472335,100.92763977411082,100.66586549846501,201.59350527257584,100.92763977411082
P2_adult_k5_t2,P2,adult,,5,15,5002,runnerup,2.0746161249999204,0.7100288949823153,2.1221751660004884,1.0004846679765094,0.9374535893963122,0.9827277297240674,0.9867323242433333,0,1,451980,30132,0,0,30132,482112,0.0,0.0,0.0,0.06666666666666667,0,0.0,0.0022076600025684456,0.0,0.108444458998747,0.08598245900066104,0.1255501669993464,0.005340749999959371,0.002967708000142011,0.6815085179850939,0.000538376998520107,100.92763977411082,100.66586549846501,201.59350527257584,100.92763977411082
P2_adult_k5_t3,P2,adult,,5,15,5003,fresh,2.122694749999937,0.7146986970274156,2.1419431249996705,1.0,0.9578815639883996,1.0,1.0,0,0,451980,0,0,0,0,451980,,0.0,0.0,0.0,,0.0,0.0,0.007968875000187836,0.0,0.0,0.0,0.0,0.0028576670001712046,0.6862347400256112,0.0,100.53765532839903,100.53461776323961,201.07227309163864,100.53765532839903
P2_adult_k5_t3,P2,adult,,5,15,5003,none,2.0332901669999046,0.7301668420277565,2.08292716699998,1.043970400511968,1.0,0.9788156019829878,1.0283331836728073,0,0,451980,0,0,0,0,451980,,0.0,0.0,0.0,0,0.0,0.0,0.0,0.0,0.0,0.0,0.005414457999904698,0.0033474589999968885,0.6920253400303409,0.0009223320012097247,100.53765532839903,100.53461776323961,201.07227309163864,100.53765532839903
P2_adult_k5_t3,P2,adult,,5,15,5003,basic,2.141933875000177,0.7385150840182177,2.190757250000388,0.9910178716417011,0.9492777488286077,0.9677509809803497,0.977718149739909,1,1,451980,30132,0,0,30132,482112,0.0,0.0,0.0,0.06666666666666667,0,0.0,0.0010484549993634573,0.0,0.11257338299765252,0.09020054199936567,0.12932833400009258,0.005350209000425821,0.002979917000629939,0.7096272050193875,0.000779210001383035,100.53765532839903,100.53461776323961,201.07227309163864,100.53765532839903
P2_adult_k5_t3,P2,adult,,5,15,5003,runnerup,2.050845959000071,0.7043982869954561,2.0986887920007575,1.035033733608592,0.9914397315297506,1.0146229913134726,1.0206101701041996,0,1,451980,30132,0,0,30132,482112,0.0,0.0,0.0,0.06666666666666667,0,0.0,0.002157244997761154,0.0,0.10729916599757416,0.08568395900056203,0.12426275000052556,0.005428749999737192,0.0029919580001660506,0.675978037994355,0.00047970900050131604,100.53765532839903,100.53461776323961,201.07227309163864,100.53765532839903
P2_adult_k5_t4,P2,adult,,5,15,5004,fresh,2.1000867080001626,0.698430849007309,2.119086375999359,1.0,0.9205197302737319,1.0,1.0,0,0,451980,0,0,0,0,451980,,0.0,0.0,0.0,,0.0,0.0,0.008257667000179936,0.0,0.0,0.0,0.0,0.0032575830000496353,0.6692256840042319,0.0,100.86932341592127,100.38779679840147,201.25712021432275,100.86932341592127
P2_adult_k5_t4,P2,adult,,5,15,5004,none,1.9331712499997593,0.6899662260066179,1.9809378339996329,1.0863428203789105,1.0,1.012268170066356,1.0697389588045758,0,0,451980,0,0,0,0,451980,,0.0,0.0,0.0,0,0.0,0.0,0.0,0.0,0.0,0.0,0.005231291999734822,0.0031296670003939653,0.6619774360051451,0.0006540010008393438,100.86932341592127,100.38779679840147,201.25712021432275,100.86932341592127
P2_adult_k5_t4,P2,adult,,5,15,5004,basic,2.052681209000184,0.6984514990017487,2.10106475000066,1.023094428298035,0.9417786071814652,0.9999704346050238,1.0085773777313114,0,1,451980,30132,0,0,30132,482112,0.0,0.0,0.0,0.06666666666666667,0,0.0,0.001010418001897051,0.0,0.10730624899588292,0.08704158300042764,0.12355974999991304,0.005343666000044323,0.0030239999996410916,0.6696552900011739,0.000618249999206455,100.86932341592127,100.38779679840147,201.25712021432275,100.86932341592127
P2_adult_k5_t4,P2,adult,,5,15,5004,runnerup,2.0675857919995906,0.7046098170085315,2.1156437919999007,1.0157192587249984,0.9349896180753704,0.9912306529769117,1.0016272039804035,0,1,451980,30132,0,0,30132,482112,0.0,0.0,0.0,0.06666666666666667,0,0.0,0.0022153820000312408,0.0,0.10869208700114541,0.08709208300024329,0.12591891700049018,0.005326832999344333,0.002995792000547226,0.6752879010091419,0.0005700399988199933,100.86932341592127,100.38779679840147,201.25712021432275,100.86932341592127
P2_adult_k6_t0,P2,adult,,6,15,6000,fresh,2.2951342080004906,0.8208268400048837,2.315490916001181,1.0,0.9438277402028713,1.0,1.0,0,0,451980,0,0,0,0,451980,,0.0,0.0,0.0,,0.0,0.0,0.008068415999332501,0.0,0.0,0.0,0.0,0.0039101669999581645,0.7901162150037635,0.0,98.63234883196506,98.60541994868015,197.2377687806452,98.63234883196506
P2_adult_k6_t0,P2,adult,,6,15,6000,none,2.16621133299941,0.8171325800140039,2.2156912490008835,1.0595153727787814,1.0,1.0045210044015336,1.0450422264588084,0,0,451980,0,0,0,0,451980,,0.0,0.0,0.0,0,0.0,0.0,0.0,0.0,0.0,0.0,0.005433499999526248,0.00396058299975266,0.7865779110125004,0.0005002479992981534,98.63234883196506,98.60541994868015,197.2377687806452,98.63234883196506
P2_adult_k6_t0,P2,adult,,6,15,6000,basic,2.2897163329998875,0.8279735900096057,2.3394336669998665,1.0023661773829882,0.9460610040551762,0.9913683840994988,0.9897655781668775,0,1,451980,30132,0,0,30132,482112,0.0,0.0,0.0,0.06666666666666667,0,0.0,0.0009854139980234322,0.0,0.11645233299896063,0.09435650000068563,0.13449162500000966,0.005152666999492794,0.00394149999920046,0.7960344260100101,0.0005867509989911923,98.63234883196506,98.60541994868015,197.2377687806452,98.63234883196506
P2_adult_k6_t0,P2,adult,,6,15,6000,runnerup,2.2942655420001756,0.833279935018254,2.3437967919990115,1.000378624873369,0.9441850968614879,0.9850553283596136,0.9879230673518892,0,1,451980,30132,0,0,30132,482112,0.0,0.0,0.0,0.06666666666666667,0,0.0,0.002199049003138498,0.0,0.11582033100330591,0.09270408300017152,0.13524462499935908,0.005243167000116955,0.004107791999558685,0.8011843060212414,0.0005522920009752852,98.63234883196506,98.60541994868015,197.2377687806452,98.63234883196506
P2_adult_k6_t1,P2,adult,,6,15,6001,fresh,2.301796041000671,0.816414341984455,2.3222607500001686,1.0,0.9353540142785898,1.0,1.0,0,0,451980,0,0,0,0,451980,,0.0,0.0,0.0,,0.0,0.0,0.008130875000460946,0.0,0.0,0.0,0.0,0.0038812909997432143,0.785489761984536,0.0,99.08266748526746,98.97756567876579,198.06023316403324,99.08266748526746
P2_adult_k6_t1,P2,adult,,6,15,6001,none,2.152994167000543,0.8155040350002309,2.2030647909996333,1.069113923428521,1.0,1.0011162507420626,1.0541046089463626,0,0,451980,0,0,0,0,451980,,0.0,0.0,0.0,0,0.0,0.0,0.0,0.0,0.0,0.0,0.005380499999773747,0.00390908400004264,0.7855220769979496,0.0006944559982002829,99.08266748526746,98.97756567876579,198.06023316403324,99.08266748526746
P2_adult_k6_t1,P2,adult,,6,15,6001,basic,2.295612082999469,0.8351744039982805,2.3449693339998703,1.0026938166282529,0.9378736864755564,0.9775375515293401,0.9903160422311506,0,1,451980,30132,0,0,30132,482112,0.0,0.0,0.0,0.06666666666666667,0,0.0,0.0009567069992044708,0.0,0.11505882999426831,0.0934363750002376,0.13355416699960188,0.005095374999655178,0.004004375000477012,0.8032161960009034,0.0005764999987150077,99.08266748526746,98.97756567876579,198.06023316403324,99.08266748526746
P2_adult_k6_t1,P2,adult,,6,15,6001,runnerup,2.3191535839996504,0.8475674999754119,2.369887417999962,0.9925155698532718,0.9283534224962599,0.9632440389799506,0.9799034048461309,1,1,451980,30132,0,0,30132,482112,0.0,0.0,0.0,0.06666666666666667,0,0.0,0.0022407500000554137,0.0,0.11585195600400766,0.09359450000010838,0.13556100000005245,0.0052363749991855,0.004096083999684197,0.8153782519730157,0.0005907909990128246,99.08266748526746,98.97756567876579,198.06023316403324,99.08266748526746
P2_adult_k6_t2,P2,adult,,6,15,6002,fresh,2.256316125000012,0.7747898860161513,2.276663374999771,1.0,0.9355432373201459,1.0,1.0,0,0,451980,0,0,0,0,451980,,0.0,0.0,0.0,,0.0,0.0,0.008069333000094048,0.0,0.0,0.0,0.0,0.0038324580000335118,0.7434805550174133,0.0,100.01571997085378,99.87332538686204,199.88904535771582,100.01571997085378
P2_adult_k6_t2,P2,adult,,6,15,6002,none,2.1108812920001583,0.7756710509747791,2.1608004590007113,1.068897684370516,1.0,0.9988639965904098,1.0536203680985157,0,0,451980,0,0,0,0,451980,,0.0,0.0,0.0,0,0.0,0.0,0.0,0.0,0.0,0.0,0.005100291999951878,0.0038257920004980406,0.7456123419760843,0.0006543330000567948,100.01571997085378,99.87332538686204,199.88904535771582,100.01571997085378
P2_adult_k6_t2,P2,adult,,6,15,6002,basic,2.2318676249997225,0.7876199189940962,2.2826156259998243,1.0109542787065127,0.9457914386837439,0.983710375184098,0.9973923550981361,0,1,451980,30132,0,0,30132,482112,0.0,0.0,0.0,0.06666666666666667,0,0.0,0.0010031719994003652,0.0,0.11508870500438206,0.09303916599947115,0.1337334589998136,0.005240292000053159,0.004159082999649399,0.755428418993688,0.0006407489991033799,100.01571997085378,99.87332538686204,199.88904535771582,100.01571997085378
P2_adult_k6_t2,P2,adult,,6,15,6002,runnerup,2.2445702909999454,0.7877601080035674,2.2945792069986055,1.0052329989607205,0.9404389341087512,0.9835353150589374,0.9921921056618179,0,1,451980,30132,0,0,30132,482112,0.0,0.0,0.0,0.06666666666666667,0,0.0,0.002191120001953095,0.0,0.11713033499563608,0.09371704099976341,0.13713745800032484,0.005163582999557548,0.003935499999897729,0.7560868170039612,0.0005618739996862132,100.01571997085378,99.87332538686204,199.88904535771582,100.01571997085378
P2_adult_k6_t3,P2,adult,,6,15,6003,fresh,2.243497749999733,0.7661830509887295,2.2635630410004524,1.0,0.9487171685374006,1.0,1.0,0,0,451980,0,0,0,0,451980,,0.0,0.0,0.0,,0.0,0.0,0.007949957999699109,0.0,0.0,0.0,0.0,0.0037647500003004097,0.735328758988544,0.0,100.75862781494953,100.75561486341482,201.51424267836435,100.75862781494953
P2_adult_k6_t3,P2,adult,,6,15,6003,none,2.128444832999776,0.7804165030247532,2.1785642909999297,1.0540549208587213,1.0,0.9817617234119763,1.03901594749885,0,0,451980,0,0,0,0,451980,,0.0,0.0,0.0,0,0.0,0.0,0.0,0.0,0.0,0.0,0.005192374999751337,0.00388862500039977,0.7499753790252726,0.0006814199996370007,100.75862781494953,100.75561486341482,201.51424267836435,100.75862781494953
P2_adult_k6_t3,P2,adult,,6,15,6003,basic,2.3029310419997273,0.8215997580318799,2.3557909579994885,0.9741923266845255,0.9242329857830054,0.9325502393332009,0.9608505514099795,1,1,451980,30132,0,0,30132,482112,0.0,0.0,0.0,0.06666666666666667,0,0.0,0.0010029950008174637,0.0,0.11565462400449178,0.09147066600053222,0.13486758300041402,0.005363499999475607,0.0040820000003805035,0.7886311740285237,0.0009586659998603864,100.75862781494953,100.75561486341482,201.51424267836435,100.75862781494953
P2_adult_k6_t3,P2,adult,,6,15,6003,runnerup,2.2354722910004057,0.7878137510215311,2.2852651250004783,1.0035900507609226,0.9521231113302087,0.9725433835030758,0.9905034721080682,0,1,451980,30132,0,0,30132,482112,0.0,0.0,0.0,0.06666666666666667,0,0.0,0.0022382870001820265,0.0,0.11663720499745978,0.092776665999736,0.13670079199982865,0.00523133400020015,0.004088124999725551,0.7559449180234878,0.000589875001423934,100.75862781494953,100.75561486341482,201.51424267836435,100.75862781494953
P2_adult_k6_t4,P2,adult,,6,15,6004,fresh,2.352005167000243,0.8371568050024507,2.3726170430009006,1.0,0.9266733468872657,1.0,1.0,0,0,451980,0,0,0,0,451980,,0.0,0.0,0.0,,0.0,0.0,0.008199750000130734,0.0,0.0,0.0,0.0,0.003910832999281411,0.8052397640021809,0.0,99.7199605253067,99.65455718061176,199.37451770591846,99.7199605253067
P2_adult_k6_t4,P2,adult,,6,15,6004,none,2.1795405000002575,0.8279475619974619,2.2309930419996817,1.079128911346206,1.0,1.011122978589092,1.0634802522173168,0,0,451980,0,0,0,0,451980,,0.0,0.0,0.0,0,0.0,0.0,0.0,0.0,0.0,0.0,0.0054317500007528,0.003981500000008964,0.7977567269981591,0.0007987930002855137,99.7199605253067,99.65455718061176,199.37451770591846,99.7199605253067
P2_adult_k6_t4,P2,adult,,6,15,6004,basic,2.3229095840006266,0.848098021032456,2.3742288760013253,1.0125254909618595,0.9382803855182981,0.987099113830397,0.9993211130499182,0,1,451980,30132,0,0,30132,482112,0.0,0.0,0.0,0.06666666666666667,0,0.0,0.0009977090103348019,0.0,0.1155652560037197,0.09304183299991564,0.1339950419996967,0.005382124999414373,0.003956624999773339,0.8158526440311107,0.0008402480007134727,99.7199605253067,99.65455718061176,199.37451770591846,99.7199605253067
P2_adult_k6_t4,P2,adult,,6,15,6004,runnerup,2.336592082999232,0.8504167190085354,2.387417792000633,1.0065963948577739,0.9327860501875088,0.9844077453915253,0.9938005199386029,0,1,451980,30132,0,0,30132,482112,0.0,0.0,0.0,0.06666666666666667,0,0.0,0.0022942139994484023,0.0,0.11809653999716829,0.09387316600077611,0.1383880829998816,0.005391749999944295,0.004139833000408544,0.81792505400972,0.0008072899991020677,99.7199605253067,99.65455718061176,199.37451770591846,99.7199605253067
P2_adult_k7_t0,P2,adult,,7,15,7000,fresh,2.6030714170001374,0.9883453580141577,2.625364792000255,1.0,0.9293438355940233,1.0,1.0,0,0,451980,0,0,0,0,451980,,0.0,0.0,0.0,,0.0,0.0,0.00818433400036156,0.0,0.0,0.0,0.0,0.004793082999640319,0.9546991920133223,0.0,97.29172434808874,97.14483578753926,194.43656013562799,97.29172434808874
P2_adult_k7_t0,P2,adult,,7,15,7000,none,2.419148375000077,0.9725209750122303,2.4727807059998668,1.076028012130531,1.0,1.016271508181845,1.0617054660893155,0,0,451980,0,0,0,0,451980,,0.0,0.0,0.0,0,0.0,0.0,0.0,0.0,0.0,0.0,0.0052085830002397415,0.0049828340006570215,0.9394078480108874,0.000833832999887818,97.29172434808874,97.14483578753926,194.43656013562799,97.29172434808874
P2_adult_k7_t0,P2,adult,,7,15,7000,basic,2.5737294999998994,0.9911726799909957,2.6264682909995827,1.0114005442297798,0.9399388610963862,0.9971474980758512,0.9995798544368081,0,1,451980,30132,0,0,30132,482112,0.0,0.0,0.0,0.06666666666666667,0,0.0,0.0009905050073939492,0.0,0.12425362100475468,0.10427162500036502,0.14545141600046918,0.004999875000066822,0.005010374999983469,0.9563390539869943,0.0007368340002358309,97.29172434808874,97.14483578753926,194.43656013562799,97.29172434808874
P2_adult_k7_t0,P2,adult,,7,15,7000,runnerup,2.5954197920000297,1.0014299490003395,2.6482557919998726,1.0029481261658297,0.9320836584727906,0.9869340925950504,0.99135619751356,0,1,451980,30132,0,0,30132,482112,0.0,0.0,0.0,0.06666666666666667,0,0.0,0.0022649509946859325,0.0,0.1260354220003137,0.1031093339997824,0.14887362500030576,0.005507750000106171,0.005128709000018716,0.9663576970024224,0.0008216690002882387,97.29172434808874,97.14483578753926,194.43656013562799,97.29172434808874
P2_adult_k7_t1,P2,adult,,7,15,7001,fresh,2.5873453329995755,0.9893273369816598,2.6097893329997532,1.0,0.9299228646882076,1.0,1.0,0,0,451980,0,0,0,0,451980,,0.0,0.0,0.0,,0.0,0.0,0.008120166000480822,0.0,0.0,0.0,0.0,0.005002084000807372,0.9556999229826033,0.0,96.50926580427236,96.39774201941663,192.90700782368899,96.50926580427236
P2_adult_k7_t1,P2,adult,,7,15,7001,none,2.4060315840006297,0.9774884529824703,2.4581334600015907,1.0753580086831056,1.0,1.0121115333516904,1.061695540728722,0,0,451980,0,0,0,0,451980,,0.0,0.0,0.0,0,0.0,0.0,0.0,0.0,0.0,0.0,0.0051805419998345315,0.004995541999960551,0.9457074109841415,0.0005226240036790841,96.50926580427236,96.39774201941663,192.90700782368899,96.50926580427236
P2_adult_k7_t1,P2,adult,,7,15,7001,basic,2.576614542000243,1.0038650070264339,2.6292094579994227,1.0041646861897324,0.9337957016002911,0.9855183018204445,0.9926137018332323,0,1,451980,30132,0,0,30132,482112,0.0,0.0,0.0,0.06666666666666667,0,0.0,0.0009856240039880504,0.0,0.1219452459963577,0.10047829100039962,0.14240904100006446,0.005095749999782129,0.004974582999238919,0.9700094230274772,0.0006725410003127763,96.50926580427236,96.39774201941663,192.90700782368899,96.50926580427236
P2_adult_k7_t1,P2,adult,,7,15,7001,runnerup,2.5973710420003044,1.0059974099976898,2.6508157909993315,0.9961400551409059,0.9263334137073003,0.9834293082165407,0.9845230822379734,1,1,451980,30132,0,0,30132,482112,0.0,0.0,0.0,0.06666666666666667,0,0.0,0.0023410010035149753,0.0,0.12590774499585677,0.1010397500003819,0.1481637499991848,0.005166958000700106,0.005040584000198578,0.9716916619954645,0.0007732899994152831,96.50926580427236,96.39774201941663,192.90700782368899,96.50926580427236
P2_adult_k7_t2,P2,adult,,7,15,7002,fresh,2.579206750000594,0.9766904039606743,2.601482541999758,1.0,0.9324629074422184,1.0,1.0,0,0,451980,0,0,0,0,451980,,0.0,0.0,0.0,,0.0,0.0,0.00841345899971202,0.0,0.0,0.0,0.0,0.004926374999740801,0.9420800309617334,0.0,99.63356624235037,99.52965233465004,199.1632185770004,99.63356624235037
P2_adult_k7_t2,P2,adult,,7,15,7002,none,2.405014625000149,0.952306196993959,2.459976916001324,1.0724287175594345,1.0,1.0256054271658488,1.0575231519767472,0,0,451980,0,0,0,0,451980,,0.0,0.0,0.0,0,0.0,0.0,0.0,0.0,0.0,0.0,0.005304833000081999,0.005127500000526197,0.9190987769898129,0.0007456249986717012,99.63356624235037,99.52965233465004,199.1632185770004,99.63356624235037
P2_adult_k7_t2,P2,adult,,7,15,7002,basic,2.541099082999608,0.9674469539795609,2.5941042909989847,1.0149965293584704,0.9464466148093604,1.0095544773210468,1.0028442383856246,0,1,451980,30132,0,0,30132,482112,0.0,0.0,0.0,0.06666666666666667,0,0.0,0.0010178330021517468,0.0,0.12386857799356221,0.09851591599999665,0.14499566599988611,0.005337708000297425,0.0051284169994687545,0.9319436599789697,0.0008132530010698247,99.63356624235037,99.52965233465004,199.1632185770004,99.63356624235037
P2_adult_k7_t2,P2,adult,,7,15,7002,runnerup,2.5375692910001817,0.9678198510073344,2.5892603329984922,1.0164084027766591,0.947763134401825,1.0091655001125541,1.0047203476782545,0,1,451980,30132,0,0,30132,482112,0.0,0.0,0.0,0.06666666666666667,0,0.0,0.0021762090018455638,0.0,0.12320054400333902,0.09992937500010157,0.14531262499986042,0.005136875000061991,0.005028957999456907,0.932721102006326,0.0007891239984019194,99.63356624235037,99.52965233465004,199.1632185770004,99.63356624235037
P2_adult_k7_t3,P2,adult,,7,15,7003,fresh,2.5824240839992854,0.9814475559887796,2.604695917000754,1.0,0.9494333952320754,1.0,1.0,0,0,451980,0,0,0,0,451980,,0.0,0.0,0.0,,0.0,0.0,0.007923874999505642,0.0,0.0,0.0,0.0,0.00462695900023391,0.9473538439879121,0.0,96.4393484694326,96.28715178525577,192.72650025468837,96.4393484694326
P2_adult_k7_t3,P2,adult,,7,15,7003,none,2.4518396660005237,0.9941504560010799,2.5043420000010883,1.053259770534577,1.0,0.9872223566004314,1.0400719698026955,0,0,451980,0,0,0,0,451980,,0.0,0.0,0.0,0,0.0,0.0,0.0,0.0,0.0,0.0,0.005483707999701437,0.004720291000012367,0.9622821230004774,0.0008987520013761241,96.4393484694326,96.28715178525577,192.72650025468837,96.4393484694326
P2_adult_k7_t3,P2,adult,,7,15,7003,basic,2.59938612499991,1.008681409001838,2.6531114590006837,0.9934745973914803,0.9432379600782121,0.9730005403390868,0.9817514104672534,1,1,451980,30132,0,0,30132,482112,0.0,0.0,0.0,0.06666666666666667,0,0.0,0.001106541995795851,0.0,0.12723445899609942,0.10392808400047215,0.14866849999998522,0.005400374999226187,0.005193125000005239,0.9743677850037784,0.0008443339993391419,96.4393484694326,96.28715178525577,192.72650025468837,96.4393484694326
P2_adult_k7_t3,P2,adult,,7,15,7003,runnerup,2.57258395900044,0.9920836849760235,2.626534584000183,1.0038249966398254,0.9530649747785761,0.989279000200975,0.9916853685717822,0,1,451980,30132,0,0,30132,482112,0.0,0.0,0.0,0.06666666666666667,0,0.0,0.0023550479982077377,0.0,0.1257933340029922,0.10574670899950434,0.14813833300013357,0.005605457999990904,0.0048649589998603915,0.9575768929771584,0.0007315429984373623,96.4393484694326,96.28715178525577,192.72650025468837,96.4393484694326
P2_adult_k7_t4,P2,adult,,7,15,7004,fresh,2.6055859999996756,0.9692196309852079,2.6284724589995676,1.0,0.9337623889597761,1.0,1.0,0,0,451980,0,0,0,0,451980,,0.0,0.0,0.0,,0.0,0.0,0.008212541999455425,0.0,0.0,0.0,0.0,0.004920374999528576,0.9343562549865965,0.0,98.73192428784611,98.54260472304541,197.27452901089154,98.73192428784611
P2_adult_k7_t4,P2,adult,,7,15,7004,none,2.4329982079998445,0.9687026260216953,2.4866650829999344,1.070936259398939,1.0,1.0005337086424921,1.0570271312245056,0,0,451980,0,0,0,0,451980,,0.0,0.0,0.0,0,0.0,0.0,0.0,0.0,0.0,0.0,0.005159500000445405,0.005072208999990835,0.9348203320214452,0.0009238769998773932,98.73192428784611,98.54260472304541,197.27452901089154,98.73192428784611
P2_adult_k7_t4,P2,adult,,7,15,7004,basic,2.596703916000479,0.9860220479758937,2.6523289580009077,1.0034205224340236,0.9369563441592607,0.9829593901828283,0.9910054524234727,0,1,451980,30132,0,0,30132,482112,0.0,0.0,0.0,0.06666666666666667,0,0.0,0.0012843690064983093,0.0,0.12955854100619035,0.10386866699991515,0.15240162499958387,0.005355499999495805,0.005531708000489743,0.949654256975009,0.0009486660001130076,98.73192428784611,98.54260472304541,197.27452901089154,98.73192428784611
P2_adult_k7_t4,P2,adult,,7,15,7004,runnerup,2.5586334170002374,0.9732074870144061,2.6109259590002694,1.0183506487046845,0.9508975345332241,0.9959023578400202,1.006720412709833,0,1,451980,30132,0,0,30132,482112,0.0,0.0,0.0,0.06666666666666667,0,0.0,0.0023444609987564036,0.0,0.1260967929929393,0.1002029589999438,0.1486711669995202,0.0056825840001692995,0.005093374999887601,0.9380099050113131,0.0007894169993960531,98.73192428784611,98.54260472304541,197.27452901089154,98.73192428784611
P2_adult_k8_t0,P2,adult,,8,15,8000,fresh,2.798761457999717,1.0943184059979103,2.8231125829997836,1.0,0.9588580514173008,1.0,1.0,0,0,451980,0,0,0,0,451980,,0.0,0.0,0.0,,0.0,0.0,0.008154707999892707,0.0,0.0,0.0,0.0,0.005748874999881082,1.0586416969981656,0.0,98.34003186803436,97.33147817421181,195.67151004224615,98.34003186803436
P2_adult_k8_t0,P2,adult,,8,15,8000,none,2.6836149579994526,1.1250490510092277,2.7393093339996994,1.0429072358748896,1.0,0.9726850620568496,1.0305928388444259,0,0,451980,0,0,0,0,451980,,0.0,0.0,0.0,0,0.0,0.0,0.0,0.0,0.0,0.0,0.005691875000593427,0.006091249999371939,1.0881148040107291,0.001044540002112626,98.34003186803436,97.33147817421181,195.67151004224615,98.34003186803436
P2_adult_k8_t0,P2,adult,,8,15,8000,basic,2.798941666000246,1.117687423998177,2.8555191650011693,0.9999356156640496,0.9587963159783898,0.9790916337622629,0.9886512468910806,1,1,451980,30132,0,0,30132,482112,0.0,0.0,0.0,0.06666666666666667,0,0.0,0.0011265010025454103,0.0,0.1329643320041214,0.11114970900052867,0.15697829100008676,0.005545750000237604,0.005943374999333173,1.0799900090023584,0.0008742079990042839,98.34003186803436,97.33147817421181,195.67151004224615,98.34003186803436
P2_adult_k8_t0,P2,adult,,8,15,8000,runnerup,2.8125244579996433,1.1450892760231,2.868491917999563,0.995106531443387,0.9541659096924351,0.9556620858405755,0.9841800722131976,1,1,451980,30132,0,0,30132,482112,0.0,0.0,0.0,0.06666666666666667,0,0.0,0.00244549900162383,0.0,0.13247883300027752,0.10956875000010768,0.15833779200056597,0.005586457999925187,0.006116083000051731,1.1082546060215464,0.0008276649987237761,98.34003186803436,97.33147817421181,195.67151004224615,98.34003186803436
P2_adult_k8_t1,P2,adult,,8,15,8001,fresh,2.8191180419999,1.1238864619772357,2.8434669990001566,1.0,0.9222293413279591,1.0,1.0,0,0,451980,0,0,0,0,451980,,0.0,0.0,0.0,,0.0,0.0,0.00859858300009364,0.0,0.0,0.0,0.0,0.006188875000589178,1.0867612139772973,0.0,95.89987676167584,95.87790195602653,191.77777871770238,95.89987676167584
P2_adult_k8_t1,P2,adult,,8,15,8001,none,2.5998733749993335,1.091013450981336,2.653456082998673,1.0843289789067603,1.0,1.030130711006662,1.0716088414724212,0,0,451980,0,0,0,0,451980,,0.0,0.0,0.0,0,0.0,0.0,0.0,0.0,0.0,0.0,0.005262791999484762,0.006034957999872859,1.0568842829807181,0.0007257500019477447,95.89987676167584,95.87790195602653,191.77777871770238,95.89987676167584
P2_adult_k8_t1,P2,adult,,8,15,8001,basic,2.7543079580000267,1.116928837001069,2.8089543330006563,1.0235304421249007,0.943929805469962,1.0062292464351157,1.0122866596989608,0,1,451980,30132,0,0,30132,482112,0.0,0.0,0.0,0.06666666666666667,0,0.0,0.0009950820031008334,0.0,0.12910717000613658,0.10593779200007702,0.151962291000018,0.005138791000717902,0.006053500000234635,1.080843546998949,0.0006388350011548027,95.89987676167584,95.87790195602653,191.77777871770238,95.89987676167584
P2_adult_k8_t1,P2,adult,,8,15,8001,runnerup,2.8182880000003934,1.1389566170228136,2.872773750000306,1.000294519935332,0.9225009562539281,0.9867684556019608,0.9897984479285408,0,1,451980,30132,0,0,30132,482112,0.0,0.0,0.0,0.06666666666666667,0,0.0,0.002179421001528681,0.0,0.12868321400310379,0.10578920799980551,0.152824709000015,0.005122542000208341,0.005991666000227269,1.1024910340229326,0.0009493750003457535,95.89987676167584,95.87790195602653,191.77777871770238,95.89987676167584
P2_adult_k8_t2,P2,adult,,8,15,8002,fresh,2.7799476250002044,1.0559820010039402,2.805439832999582,1.0,0.9359875979675678,1.0,1.0,0,0,451980,0,0,0,0,451980,,0.0,0.0,0.0,,0.0,0.0,0.008185667000361718,0.0,0.0,0.0,0.0,0.005731624999498308,1.0185812510035248,0.0,96.60858279931644,96.62409825292804,193.23268105224446,96.62409825292804
P2_adult_k8_t2,P2,adult,,8,15,8002,none,2.6019964999995864,1.0602879509942795,2.6578528760001063,1.0683902245835635,1.0,0.9959388862371761,1.0555286405549973,0,0,451980,0,0,0,0,451980,,0.0,0.0,0.0,0,0.0,0.0,0.0,0.0,0.0,0.0,0.005812207999952079,0.006249999999454303,1.0227971599942975,0.0009694169993963442,96.60858279931644,96.62409825292804,193.23268105224446,96.62409825292804
P2_adult_k8_t2,P2,adult,,8,15,8002,basic,2.706984874999762,1.0464684889739146,2.7622882089990526,1.0269535122542748,0.961215751159236,1.009091064021769,1.0156216950352788,0,1,451980,30132,0,0,30132,482112,0.0,0.0,0.0,0.06666666666666667,0,0.0,0.0009564580013829982,0.0,0.1312336250057342,0.10575916600009805,0.15470262500002718,0.005454624999401858,0.005983583000670478,1.0087969039759628,0.0007835419983166503,96.60858279931644,96.62409825292804,193.23268105224446,96.62409825292804
P2_adult_k8_t2,P2,adult,,8,15,8002,runnerup,2.721192209000037,1.0550094580012228,2.776863792999393,1.0215917919380484,0.9561972474394773,1.0009218334445644,1.010290760415484,0,1,451980,30132,0,0,30132,482112,0.0,0.0,0.0,0.06666666666666667,0,0.0,0.002251839002383349,0.0,0.13066945900391147,0.11041154099984851,0.15562745799979893,0.005292334000841947,0.0059532499999477295,1.0168768340008683,0.0007833740010028123,96.60858279931644,96.62409825292804,193.23268105224446,96.62409825292804
P2_adult_k8_t3,P2,adult,,8,15,8003,fresh,2.828423500000099,1.0928856120190176,2.8533740409993698,1.0,0.9284842923979827,1.0,1.0,0,0,451980,0,0,0,0,451980,,0.0,0.0,0.0,,0.0,0.0,0.008677832999637758,0.0,0.0,0.0,0.0,0.006079791000047408,1.0557536950200301,0.0,99.50617460805118,99.21661443213718,198.72278904018836,99.50617460805118
P2_adult_k8_t3,P2,adult,,8,15,8003,none,2.6261467919994175,1.086816592991454,2.68325087500034,1.0770241437443329,1.0,1.0055842163863717,1.0634018859675238,0,0,451980,0,0,0,0,451980,,0.0,0.0,0.0,0,0.0,0.0,0.0,0.0,0.0,0.0,0.005348916999537323,0.006327457999759645,1.0503997599917057,0.0009870809990388807,99.50617460805118,99.21661443213718,198.72278904018836,99.50617460805118
P2_adult_k8_t3,P2,adult,,8,15,8003,basic,2.744778249999399,1.0809025459921031,2.803385416999845,1.030474319738113,0.9567792195963344,1.011086166899455,1.0178315203098338,0,1,451980,30132,0,0,30132,482112,0.0,0.0,0.0,0.06666666666666667,0,0.0,0.0010253769969494897,0.0,0.13189079699895956,0.1055277079994994,0.15576049999981478,0.0056290420006916975,0.006179957999847829,1.0419154629935292,0.0008802910015219823,99.50617460805118,99.21661443213718,198.72278904018836,99.50617460805118
P2_adult_k8_t3,P2,adult,,8,15,8003,runnerup,2.779590584000289,1.0924278069778666,2.836210084999948,1.017568384452336,0.9447962614047856,1.0004190712083918,1.0060517223636563,0,1,451980,30132,0,0,30132,482112,0.0,0.0,0.0,0.06666666666666667,0,0.0,0.0022850439963804092,0.0,0.13209191899659345,0.11121766599990224,0.15720966600019892,0.0059473329993124935,0.006257457999709004,1.0530358899786734,0.001045872998474806,99.50617460805118,99.21661443213718,198.72278904018836,99.50617460805118
P2_adult_k8_t4,P2,adult,,8,15,8004,fresh,2.7510599589995763,1.0524884780033972,2.776009293998868,1.0,0.9300594120567939,1.0,1.0,0,0,451980,0,0,0,0,451980,,0.0,0.0,0.0,,0.0,0.0,0.008120667000184767,0.0,0.0,0.0,0.0,0.005832291999467998,1.0163707290048478,0.0,97.86294950786368,97.81261600695348,195.67556551481715,97.86294950786368
P2_adult_k8_t4,P2,adult,,8,15,8004,none,2.5586492080001335,1.0469069240207318,2.613893707999523,1.075200129192322,1.0,1.005331471074075,1.0620207262074999,0,0,451980,0,0,0,0,451980,,0.0,0.0,0.0,0,0.0,0.0,0.0,0.0,0.0,0.0,0.005684875000042666,0.006244666999918991,1.012076046018592,0.0006465839978773147,97.86294950786368,97.81261600695348,195.67556551481715,97.86294950786368
P2_adult_k8_t4,P2,adult,,8,15,8004,basic,2.6454094170003373,1.0392223780254426,2.699330500000542,1.0399373122815285,0.967203485236481,1.0127654102321781,1.0284065971166965,0,1,451980,30132,0,0,30132,482112,0.0,0.0,0.0,0.06666666666666667,0,0.0,0.000972371997704613,0.0,0.12620487899948785,0.10328745799961325,0.14867812499960564,0.005114624999805528,0.006002832999911334,1.003592585025217,0.000503541999933077,97.86294950786368,97.81261600695348,195.67556551481715,97.86294950786368
P2_adult_k8_t4,P2,adult,,8,15,8004,runnerup,2.6805514999996376,1.05628584097758,2.733474165998814,1.026303713620107,0.954523428481221,0.9964049854434588,1.015560830436644,0,1,451980,30132,0,0,30132,482112,0.0,0.0,0.0,0.06666666666666667,0,0.0,0.0021341319970815675,0.0,0.1259330470020359,0.10363774999950692,0.14964120799959346,0.005270542000289424,0.006027540999639314,1.0205306339821618,0.0005658340014633723,97.86294950786368,97.81261600695348,195.67556551481715,97.86294950786368
P2_adult_k9_t0,P2,adult,,9,15,9000,fresh,3.0038028749995647,1.217644804005431,3.0303769589991134,1.0,0.9439312131960719,1.0,1.0,0,0,451980,0,0,0,0,451980,,0.0,0.0,0.0,,0.0,0.0,0.007835082999918086,0.0,0.0,0.0,0.0,0.007253500000842905,1.1790709290062296,0.0,95.28990718043761,95.05368866847932,190.34359584891692,95.28990718043761
P2_adult_k9_t0,P2,adult,,9,15,9000,none,2.835383292000188,1.2313113100153714,2.8912617899995894,1.0593992295414025,1.0,0.9889008523687078,1.04811572908434,0,0,451980,0,0,0,0,451980,,0.0,0.0,0.0,0,0.0,0.0,0.0,0.0,0.0,0.0,0.005004708000342362,0.007151374999921245,1.1935216860165383,0.0006537910003316938,95.28990718043761,95.05368866847932,190.34359584891692,95.28990718043761
P2_adult_k9_t0,P2,adult,,9,15,9000,basic,3.1090337089999593,1.3021791830024085,3.165408751000541,0.9661532026186224,0.9119821646810664,0.9350823756819179,0.9573414359334332,1,1,451980,30132,0,0,30132,482112,0.0,0.0,0.0,0.06666666666666667,0,0.0,0.0010239540015390958,0.0,0.1397946260012759,0.11280612500013376,0.16595262500050012,0.005259208000097715,0.007568790999357589,1.2615628090043174,0.001064081000549777,95.28990718043761,95.05368866847932,190.34359584891692,95.28990718043761
P2_adult_k9_t0,P2,adult,,9,15,9000,runnerup,3.096822209000493,1.2881556780057508,3.1560681270002533,0.9699629724526709,0.9155783253425177,0.9452621486639871,0.9601747608279275,1,1,451980,30132,0,0,30132,482112,0.0,0.0,0.0,0.06666666666666667,0,0.0,0.0024528340036340524,0.0,0.14502286999777425,0.11783812500016211,0.17374558400024398,0.005530958000235842,0.007610542000293208,1.2471199680048812,0.0009994580022976152,95.28990718043761,95.05368866847932,190.34359584891692,95.28990718043761
P2_adult_k9_t1,P2,adult,,9,15,9001,fresh,3.2026922499999273,1.3007536629856986,3.23080145899894,1.0,0.9151326903170486,1.0,1.0,0,0,451980,0,0,0,0,451980,,0.0,0.0,0.0,,0.0,0.0,0.008936625000387721,0.0,0.0,0.0,0.0,0.007153208000090672,1.255135413985954,0.0,94.28837447260254,93.65050808044258,187.93888255304512,94.28837447260254
P2_adult_k9_t1,P2,adult,,9,15,9001,none,2.930888374999995,1.279550130019743,2.987599541000236,1.0927377096031277,1.0,1.016571084218192,1.0814037874424365,0,0,451980,0,0,0,0,451980,,0.0,0.0,0.0,0,0.0,0.0,0.0,0.0,0.0,0.0,0.005184500000723347,0.0072814170007404755,1.2418013390197302,0.0010438350027470733,94.28837447260254,93.65050808044258,187.93888255304512,94.28837447260254
P2_adult_k9_t1,P2,adult,,9,15,9001,basic,3.089831416999914,1.2918282079599521,3.147510460000376,1.0365265342241863,0.948559315849586,1.0069091656078957,1.0264625010963597,0,1,451980,30132,0,0,30132,482112,0.0,0.0,0.0,0.06666666666666667,0,0.0,0.0010307529992132913,0.0,0.1413662480081257,0.11761037499945814,0.1678342919994975,0.005567000000155531,0.007216832999802136,1.2520650819596995,0.0009234180015482707,94.28837447260254,93.65050808044258,187.93888255304512,94.28837447260254
P2_adult_k9_t1,P2,adult,,9,15,9001,runnerup,3.1065002499999537,1.2992742770175028,3.1654047909996734,1.0309647488359208,0.9434695442242564,1.0011386248418555,1.0206598120357975,0,1,451980,30132,0,0,30132,482112,0.0,0.0,0.0,0.06666666666666667,0,0.0,0.0022237539969864883,0.0,0.13815958699979092,0.11368054200011102,0.16519175000030373,0.005151458000000275,0.007125374999304768,1.2595809870181256,0.0009871239990388858,94.28837447260254,93.65050808044258,187.93888255304512,94.28837447260254
P2_adult_k9_t2,P2,adult,,9,15,9002,fresh,3.018848208000236,1.2328675349717741,3.046057790999839,1.0,0.9479171670229619,1.0,1.0,0,0,451980,0,0,0,0,451980,,0.0,0.0,0.0,,0.0,0.0,0.008078584000031697,0.0,0.0,0.0,0.0,0.007013666999228008,1.1943763679728363,0.0,95.33220128096846,95.22237817736749,190.55457945833595,95.33220128096846
P2_adult_k9_t2,P2,adult,,9,15,9002,none,2.861618040999929,1.2395808629898966,2.920179916001871,1.0549444980942901,1.0,0.994584195175513,1.0431062053088538,0,0,451980,0,0,0,0,451980,,0.0,0.0,0.0,0,0.0,0.0,0.0,0.0,0.0,0.0,0.005284667000523768,0.00752100000045175,1.2008426529901044,0.0008536249970347853,95.33220128096846,95.22237817736749,190.55457945833595,95.33220128096846
P2_adult_k9_t2,P2,adult,,9,15,9002,basic,3.061424167000041,1.2758866989906892,3.1173328329996366,0.9860927605332369,0.9347342559865179,0.9662829277451156,0.9771358896152217,1,1,451980,30132,0,0,30132,482112,0.0,0.0,0.0,0.06666666666666667,0,0.0,0.001064164000126766,0.0,0.14285790999747405,0.11763212500045483,0.1695748749998529,0.005530208999516617,0.00736616700032755,1.2356453669899565,0.0009617509986128425,95.33220128096846,95.22237817736749,190.55457945833595,95.33220128096846
P2_adult_k9_t2,P2,adult,,9,15,9002,runnerup,3.032209250000051,1.2627321099953406,3.0904353339992667,0.9955936279793967,0.9437402913403423,0.9763492392510106,0.9856403586539377,1,1,451980,30132,0,0,30132,482112,0.0,0.0,0.0,0.06666666666666667,0,0.0,0.0023247919971254305,0.0,0.14195550699787418,0.11813941699983843,0.16983533399979933,0.005410458000369545,0.0075994999997419654,1.2219002749961874,0.0008375840006920043,95.33220128096846,95.22237817736749,190.55457945833595,95.33220128096846
P2_adult_k9_t3,P2,adult,,9,15,9003,fresh,3.0173235829997793,1.2272922779839064,3.0438897489993906,1.0,0.9426815290963289,1.0,1.0,0,0,451980,0,0,0,0,451980,,0.0,0.0,0.0,,0.0,0.0,0.008072624999840627,0.0,0.0,0.0,0.0,0.007044500000120024,1.188786904985136,0.0,94.96243922939148,94.91038039322108,189.87281962261255,94.96243922939148
P2_adult_k9_t3,P2,adult,,9,15,9003,none,2.8443752090006456,1.2216194629945676,2.901404252001157,1.0608036427303478,1.0,1.0046436841923203,1.0491091501296168,0,0,451980,0,0,0,0,451980,,0.0,0.0,0.0,0,0.0,0.0,0.0,0.0,0.0,0.0,0.005407832999480888,0.007269040999744902,1.1844635889938218,0.0008094979975794558,94.96243922939148,94.91038039322108,189.87281962261255,94.96243922939148
P2_adult_k9_t3,P2,adult,,9,15,9003,basic,3.0204555000000255,1.2578769219871901,3.0782303749992934,0.9989630977843421,0.941704060530149,0.9756855035109745,0.988844036405199,1,1,451980,30132,0,0,30132,482112,0.0,0.0,0.0,0.06666666666666667,0,0.0,0.0009679970034994767,0.0,0.13733391799814854,0.11294041699966328,0.16372308300014993,0.0053837919995203265,0.007135583000490442,1.21694142198794,0.0007875850014897878,94.96243922939148,94.91038039322108,189.87281962261255,94.96243922939148
P2_adult_k9_t3,P2,adult,,9,15,9003,runnerup,3.013207708000664,1.244968662978863,3.0699612080024963,1.0013659446669365,0.9439691799036175,0.9858017430312969,0.9915075607681475,0,1,451980,30132,0,0,30132,482112,0.0,0.0,0.0,0.06666666666666667,0,0.0,0.00234279500455159,0.0,0.14150325600439828,0.11314091599979292,0.16995200000019395,0.005484166000314872,0.007385875000181841,1.2053771659784616,0.0008482910006932798,94.96243922939148,94.91038039322108,189.87281962261255,94.96243922939148
P2_adult_k9_t4,P2,adult,,9,15,9004,fresh,3.069651666000027,1.2539870530099506,3.0965104160004557,1.0,0.9270291393379251,1.0,1.0,0,0,451980,0,0,0,0,451980,,0.0,0.0,0.0,,0.0,0.0,0.008271500000773813,0.0,0.0,0.0,0.0,0.007175917000495247,1.2145105520094148,0.0,94.59518694965243,94.60953470511308,189.2047216547655,94.60953470511308
P2_adult_k9_t4,P2,adult,,9,15,9004,none,2.845656541999233,1.227952854999785,2.9020105839999815,1.078714743221761,1.0,1.0212013009328198,1.067022440604743,0,0,451980,0,0,0,0,451980,,0.0,0.0,0.0,0,0.0,0.0,0.0,0.0,0.0,0.0,0.005299625000589003,0.007190708000052837,1.1901386490026198,0.0007674579974263906,94.59518694965243,94.60953470511308,189.2047216547655,94.60953470511308
P2_adult_k9_t4,P2,adult,,9,15,9004,basic,2.9834829170004014,1.2390537380097157,3.0396310840005754,1.028881931419356,0.9538035313640276,1.0120521931713973,1.0187125774240404,0,1,451980,30132,0,0,30132,482112,0.0,0.0,0.0,0.06666666666666667,0,0.0,0.0009273730029235594,0.0,0.13790983399576362,0.11291241700018873,0.16348949999974138,0.005421541000032448,0.007152707999921404,1.199443403004807,0.0007423349998134654,94.59518694965243,94.60953470511308,189.2047216547655,94.60953470511308
P2_adult_k9_t4,P2,adult,,9,15,9004,runnerup,3.0099207919993205,1.245941174991458,3.066628207998292,1.019844666397693,0.9454257233490267,1.0064576708595796,1.0097443204638326,0,1,451980,30132,0,0,30132,482112,0.0,0.0,0.0,0.06666666666666667,0,0.0,0.0022839129997009877,0.0,0.1412910879953415,0.11722916599956079,0.16897700000026816,0.005282791999889014,0.007239583999762544,1.2063497979897875,0.0007748330008325865,94.59518694965243,94.60953470511308,189.2047216547655,94.60953470511308
P2_adult_k10_t0,P2,adult,,10,15,10000,fresh,3.265482124999835,1.3683808099995076,3.2945564589999776,1.0,0.9347763105580109,1.0,1.0,0,0,451980,0,0,0,0,451980,,0.0,0.0,0.0,,0.0,0.0,0.008030750000216358,0.0,0.0,0.0,0.0,0.00839816699954099,1.327295932999732,0.0,93.37857305113351,93.30560092273869,186.6841739738722,93.37857305113351
P2_adult_k10_t0,P2,adult,,10,15,10000,none,3.052495333000479,1.348860452012559,3.1121194989991636,1.0697746495127312,1.0,1.0144717401698768,1.0586214507699607,0,0,451980,0,0,0,0,451980,,0.0,0.0,0.0,0,0.0,0.0,0.0,0.0,0.0,0.0,0.005303750000166474,0.008970165999926394,1.3076087030140116,0.0006592480012841406,93.37857305113351,93.30560092273869,186.6841739738722,93.37857305113351
P2_adult_k10_t0,P2,adult,,10,15,10000,basic,3.258372207999855,1.394244635994255,3.319784289999916,1.0021820456799022,0.936816035168139,0.9814495782683764,0.992400761978442,0,1,451980,30132,0,0,30132,482112,0.0,0.0,0.0,0.06666666666666667,0,0.0,0.0010337929970773985,0.0,0.1454701290022058,0.12100308299977769,0.1744022920001953,0.005798082999717735,0.008995083000627346,1.3488940499928503,0.0009264139998776955,93.37857305113351,93.30560092273869,186.6841739738722,93.37857305113351
P2_adult_k10_t0,P2,adult,,10,15,10000,runnerup,3.2858176669997192,1.4110887110055046,3.3465917919993444,0.9938111167262508,0.9289910890849015,0.9697340778982178,0.984451245854434,1,1,451980,30132,0,0,30132,482112,0.0,0.0,0.0,0.06666666666666667,0,0.0,0.0022810019936514436,0.0,0.14656158399975538,0.11904812499960826,0.17684066599940707,0.005506250000507862,0.008774165999966499,1.3676395440052147,0.000934458998926857,93.37857305113351,93.30560092273869,186.6841739738722,93.37857305113351
P2_adult_k10_t1,P2,adult,,10,15,10001,fresh,3.265606709000167,1.3629639129985662,3.2954680430002554,1.0,0.9429276163335981,1.0,1.0,0,0,451980,0,0,0,0,451980,,0.0,0.0,0.0,,0.0,0.0,0.008144166999954905,0.0,0.0,0.0,0.0,0.008353125000212458,1.3199179969988108,0.0,92.25799371630075,92.25053434178746,184.5085280580882,92.25799371630075
P2_adult_k10_t1,P2,adult,,10,15,10001,none,3.0792307500005336,1.361304957997163,3.13900062599987,1.0605267919591934,1.0,1.0012186505247465,1.0498462522448673,0,0,451980,0,0,0,0,451980,,0.0,0.0,0.0,0,0.0,0.0,0.0,0.0,0.0,0.0,0.005371666999963054,0.0085146250003163,1.3213381679979648,0.0009294989995396463,92.25799371630075,92.25053434178746,184.5085280580882,92.25799371630075
P2_adult_k10_t1,P2,adult,,10,15,10001,basic,3.2529324590004762,1.3817012950057688,3.3119199990005654,1.0038962536601774,0.9466015015100204,0.9864389053734481,0.9950325019912091,0,1,451980,30132,0,0,30132,482112,0.0,0.0,0.0,0.06666666666666667,0,0.0,0.001038582992805459,0.0,0.1465982490035458,0.11931095899944921,0.17518370900052105,0.005520249999790394,0.008706415999768069,1.3384458390055443,0.0009129179998126347,92.25799371630075,92.25053434178746,184.5085280580882,92.25799371630075
P2_adult_k10_t1,P2,adult,,10,15,10001,runnerup,3.263694375000341,1.3770412129842953,3.3227377080002043,1.000585941506801,0.943480116761917,0.9897771396723697,0.9917930130523721,0,1,451980,30132,0,0,30132,482112,0.0,0.0,0.0,0.06666666666666667,0,0.0,0.002319749000889715,0.0,0.14911157799360808,0.1249803750006322,0.17955416699987836,0.005346582999663951,0.008546500000193191,1.3348087119838965,0.0009138759996858425,92.25799371630075,92.25053434178746,184.5085280580882,92.25799371630075
P2_adult_k10_t2,P2,adult,,10,15,10002,fresh,3.2842440839995106,1.3736077450203084,3.3132640419999007,1.0,0.9424371596127363,1.0,1.0,0,0,451980,0,0,0,0,451980,,0.0,0.0,0.0,,0.0,0.0,0.00851558400063368,0.0,0.0,0.0,0.0,0.008722832999410457,1.3313021240219314,0.0,93.6598414652883,93.62829863440133,187.28814009968963,93.6598414652883
P2_adult_k10_t2,P2,adult,,10,15,10002,none,3.0951936659994317,1.378354844999194,3.157241707999674,1.0610787040813598,1.0,0.9965559667047215,1.0494172915570272,0,0,451980,0,0,0,0,451980,,0.0,0.0,0.0,0,0.0,0.0,0.0,0.0,0.0,0.0,0.005702415999621735,0.008689500000400585,1.335915639999257,0.0009873759972833795,93.6598414652883,93.62829863440133,187.28814009968963,93.6598414652883
P2_adult_k10_t2,P2,adult,,10,15,10002,basic,3.2242010419995495,1.3728833459945236,3.285430832998827,1.018622611064825,0.9599878002892427,1.0005276479082497,1.0084717074916072,0,1,451980,30132,0,0,30132,482112,0.0,0.0,0.0,0.06666666666666667,0,0.0,0.0011717020124706323,0.0,0.1484037520012862,0.12120170799971675,0.17761091600004875,0.005555749999984982,0.008636291000584606,1.3279688889924728,0.0008984160003819852,93.6598414652883,93.62829863440133,187.28814009968963,93.6598414652883
P2_adult_k10_t2,P2,adult,,10,15,10002,runnerup,3.2225434169995424,1.380415537006229,3.2839496670003427,1.0191465743097472,0.9604816027215286,0.9950683024035755,1.0089265603837145,0,1,451980,30132,0,0,30132,482112,0.0,0.0,0.0,0.06666666666666667,0,0.0,0.0022937939975236077,0.0,0.14320670899542165,0.11911529200006044,0.1723737499996787,0.005572874999415944,0.00876529200013465,1.3363511590059716,0.000828874001854274,93.6598414652883,93.62829863440133,187.28814009968963,93.6598414652883
P2_adult_k10_t3,P2,adult,,10,15,10003,fresh,3.2471026249995703,1.3519547739897462,3.2752546250003434,1.0,0.9453208430703511,1.0,1.0,0,0,451980,0,0,0,0,451980,,0.0,0.0,0.0,,0.0,0.0,0.008055875000536616,0.0,0.0,0.0,0.0,0.008363790999283083,1.3104690269938146,0.0,93.99535603049868,93.88957631822625,187.88493234872493,93.99535603049868
P2_adult_k10_t3,P2,adult,,10,15,10003,none,3.069553791000544,1.347990353012392,3.130191249001655,1.0578419034452406,1.0,1.0029409861639549,1.0463432948529758,0,0,451980,0,0,0,0,451980,,0.0,0.0,0.0,0,0.0,0.0,0.0,0.0,0.0,0.0,0.0056234169996969285,0.008905040999707126,1.307265728011771,0.0008835019998514326,93.99535603049868,93.88957631822625,187.88493234872493,93.99535603049868
P2_adult_k10_t3,P2,adult,,10,15,10003,basic,3.255419666000307,1.3817666729901248,3.315836165001201,0.9974451708676456,0.9429057098410533,0.9784247951675763,0.9877612951963074,1,1,451980,30132,0,0,30132,482112,0.0,0.0,0.0,0.06666666666666667,0,0.0,0.0010001200016631628,0.0,0.1449376179925821,0.120992957999988,0.1728350830007912,0.0051495420002538594,0.008437667000180227,1.3393035089884506,0.0009163340009763488,93.99535603049868,93.88957631822625,187.88493234872493,93.99535603049868
P2_adult_k10_t3,P2,adult,,10,15,10003,runnerup,3.257012500000201,1.3926410820031379,3.3166268750010204,0.996957372745536,0.9424445841090124,0.9707847854417238,0.9875258051146726,1,1,451980,30132,0,0,30132,482112,0.0,0.0,0.0,0.06666666666666667,0,0.0,0.0024926239957494545,0.0,0.15051091599889332,0.124665250000362,0.18083958299939695,0.005484667000018817,0.00893954200000735,1.3501145820027887,0.0008872080006767646,93.99535603049868,93.88957631822625,187.88493234872493,93.99535603049868
P2_adult_k10_t4,P2,adult,,10,15,10004,fresh,3.2374170419998336,1.3219576620040243,3.266510792997906,1.0,0.9435811022706689,1.0,1.0,0,0,451980,0,0,0,0,451980,,0.0,0.0,0.0,,0.0,0.0,0.008365832999515987,0.0,0.0,0.0,0.0,0.008402958000260696,1.2798565780030913,0.0,96.29548340418734,95.99720722954034,192.2926906337277,96.29548340418734
P2_adult_k10_t4,P2,adult,,10,15,10004,none,3.0547655410000516,1.3368623360229321,3.1154915839997557,1.059792314188534,1.0,0.9888510031158121,1.0484736372820713,0,0,451980,0,0,0,0,451980,,0.0,0.0,0.0,0,0.0,0.0,0.0,0.0,0.0,0.0,0.005822916000397527,0.008964749999904598,1.2951981700234683,0.0008899160002329154,96.29548340418734,95.99720722954034,192.2926906337277,96.29548340418734
P2_adult_k10_t4,P2,adult,,10,15,10004,basic,3.213192582999909,1.3396673159932107,3.2741869580004277,1.0075390622797056,0.9506948189666409,0.9867805582940145,0.9976555507974995,0,1,451980,30132,0,0,30132,482112,0.0,0.0,0.0,0.06666666666666667,0,0.0,0.0010819659964909079,0.0,0.14975578399298684,0.12462737500027288,0.1789156249997177,0.005670333999660215,0.009094207999623904,1.2940869829917574,0.0008693329982634168,96.29548340418734,95.99720722954034,192.2926906337277,96.29548340418734
P2_adult_k10_t4,P2,adult,,10,15,10004,runnerup,3.172441957999581,1.326280888997644,3.231727791000594,1.0204810946458491,0.9629066761323093,0.9967403383178604,1.0107629739404946,0,1,451980,30132,0,0,30132,482112,0.0,0.0,0.0,0.06666666666666667,0,0.0,0.002214918995377957,0.0,0.14466337099656812,0.12058979199991882,0.17437558300025557,0.005229915999734658,0.008494957999573671,1.283724556999914,0.0007534149981438532,96.29548340418734,95.99720722954034,192.2926906337277,96.29548340418734
P2_adult_k11_t0,P2,adult,,11,15,11000,fresh,3.471950375000233,1.4784989940062587,3.502581499000371,1.0,0.9390268021901924,1.0,1.0,0,0,451980,0,0,0,0,451980,,0.0,0.0,0.0,,0.0,0.0,0.008297041000332683,0.0,0.0,0.0,0.0,0.009916083999996772,1.4336969530077113,0.0,91.96576304079875,91.86039386192498,183.82615690272374,91.96576304079875
P2_adult_k11_t0,P2,adult,,11,15,11000,none,3.2602544579995083,1.4677850980197036,3.3217298740000842,1.0649323295859003,1.0,1.0072993628297562,1.0544450126471308,0,0,451980,0,0,0,0,451980,,0.0,0.0,0.0,0,0.0,0.0,0.0,0.0,0.0,0.0,0.005249875000117754,0.009733417000461486,1.4248423480175916,0.0008380429999306216,91.96576304079875,91.86039386192498,183.82615690272374,91.96576304079875
P2_adult_k11_t0,P2,adult,,11,15,11000,basic,3.4674588329999096,1.505897423981878,3.5298532079987126,1.001295341117702,0.9402431622176936,0.9818059121828014,0.9922739821201223,0,1,451980,30132,0,0,30132,482112,0.0,0.0,0.0,0.06666666666666667,0,0.0,0.0009989579984903685,0.0,0.15200724100031948,0.12694491599995672,0.18279733300005319,0.005358333000003768,0.009873166000033962,1.4595281749798232,0.0008860420039127348,91.96576304079875,91.86039386192498,183.82615690272374,91.96576304079875
P2_adult_k11_t0,P2,adult,,11,15,11000,runnerup,3.468594916999791,1.5076754450174121,3.530363624000529,1.0009673824937,0.9399352002797462,0.9806480558481097,0.992130520263894,0,1,451980,30132,0,0,30132,482112,0.0,0.0,0.0,0.06666666666666667,0,0.0,0.0022370039978341083,0.0,0.15342257999600406,0.12947883299966634,0.18608587500057183,0.005119500000546395,0.009903666999889538,1.4614057790167863,0.0009223729975929018,91.96576304079875,91.86039386192498,183.82615690272374,91.96576304079875
P2_adult_k11_t1,P2,adult,,11,15,11001,fresh,3.5234108330005256,1.481101179984762,3.5545411249995595,1.0,0.9176531833065994,1.0,1.0,0,0,451980,0,0,0,0,451980,,0.0,0.0,0.0,,0.0,0.0,0.008510999999998603,0.0,0.0,0.0,0.0,0.010055458000351791,1.4352240569814967,0.0,94.64661828871893,94.6104134001483,189.25703168886724,94.64661828871893
P2_adult_k11_t1,P2,adult,,11,15,11001,none,3.2332691669998894,1.4462413349965573,3.2954899589994966,1.0897363167168217,1.0,1.02410375374058,1.0786077849494375,0,0,451980,0,0,0,0,451980,,0.0,0.0,0.0,0,0.0,0.0,0.0,0.0,0.0,0.0,0.005300583000462211,0.009806749999370368,1.4032279179973557,0.0007997080001587165,94.64661828871893,94.6104134001483,189.25703168886724,94.64661828871893
P2_adult_k11_t1,P2,adult,,11,15,11001,basic,3.4986266249998152,1.5085639609942518,3.562145957998837,1.0070839819898505,0.9241538219300723,0.9817954148981592,0.9978650978682666,0,1,451980,30132,0,0,30132,482112,0.0,0.0,0.0,0.06666666666666667,0,0.0,0.0011468410011730157,0.0,0.15548937099720206,0.13147504099924845,0.18639150000035443,0.005455250000522938,0.009951791999810666,1.4610449599949789,0.0010158330005651806,94.64661828871893,94.6104134001483,189.25703168886724,94.64661828871893
P2_adult_k11_t1,P2,adult,,11,15,11001,runnerup,3.499615167000229,1.5057749960014917,3.5631471670012616,1.0067995093359632,0.9238927746936689,0.9836138758564529,0.9975847076760108,0,1,451980,30132,0,0,30132,482112,0.0,0.0,0.0,0.06666666666666667,0,0.0,0.002430464000099164,0.0,0.15527508899413078,0.132250292000208,0.18700274999991962,0.005528791999495297,0.010409500000605476,1.4584706620016732,0.001001999001346121,94.64661828871893,94.6104134001483,189.25703168886724,94.64661828871893
P2_adult_k11_t2,P2,adult,,11,15,11002,fresh,3.563796125000408,1.5037450190038726,3.594577124999887,1.0,0.9237231784687305,1.0,1.0,0,0,451980,0,0,0,0,451980,,0.0,0.0,0.0,,0.0,0.0,0.008284125000500353,0.0,0.0,0.0,0.0,0.010193083999183727,1.4578474350046235,0.0,92.07707881027305,92.05333932025243,184.13041813052547,92.07707881027305
P2_adult_k11_t2,P2,adult,,11,15,11002,none,3.2919610839999223,1.4768291689906619,3.355409626000437,1.0825754114535857,1.0,1.0182254322831437,1.071278182295892,0,0,451980,0,0,0,0,451980,,0.0,0.0,0.0,0,0.0,0.0,0.0,0.0,0.0,0.0,0.005400125000051048,0.009676542000306654,1.4330126679906243,0.0009306270021625096,92.07707881027305,92.05333932025243,184.13041813052547,92.07707881027305
P2_adult_k11_t2,P2,adult,,11,15,11002,basic,3.57356854200043,1.5513660189981238,3.63844170900029,0.9972653618126626,0.9211971297903613,0.9693038268138651,0.9879441289682074,1,1,451980,30132,0,0,30132,482112,0.0,0.0,0.0,0.06666666666666667,0,0.0,0.0011012919976565172,0.0,0.15509945499161404,0.12953879100041377,0.18575458299983438,0.00561895899954834,0.010678208000172162,1.5041066459980357,0.0012315820004005218,92.07707881027305,92.05333932025243,184.13041813052547,92.07707881027305
P2_adult_k11_t2,P2,adult,,11,15,11002,runnerup,3.5352361249997557,1.5352473949760679,3.5985322500009715,1.0080786682956444,0.9311856316245778,0.97948058659778,0.9989009060566059,0,1,451980,30132,0,0,30132,482112,0.0,0.0,0.0,0.06666666666666667,0,0.0,0.0023939600032463204,0.0,0.1564489140009755,0.13471479200052272,0.18882429200039041,0.0053399169992189854,0.010201791999861598,1.4880446049755847,0.0010701650007831631,92.07707881027305,92.05333932025243,184.13041813052547,92.07707881027305
P2_adult_k11_t3,P2,adult,,11,15,11003,fresh,3.4533169579999594,1.4478394220195696,3.4837453760001154,1.0,0.9423970364091457,1.0,1.0,0,0,451980,0,0,0,0,451980,,0.0,0.0,0.0,,0.0,0.0,0.008002125000530214,0.0,0.0,0.0,0.0,0.009537708000607381,1.4033294660221145,0.0,92.0036585690646,91.86762995872334,183.87128852778795,92.0036585690646
P2_adult_k11_t3,P2,adult,,11,15,11003,none,3.2543956670006082,1.4351334129969473,3.3166250000003856,1.0611238802387803,1.0,1.0088535385682984,1.0503886860889338,0,0,451980,0,0,0,0,451980,,0.0,0.0,0.0,0,0.0,0.0,0.0,0.0,0.0,0.0,0.005309500000294065,0.010043291999863868,1.3917272879980374,0.0008952919997682329,92.0036585690646,91.86762995872334,183.87128852778795,92.0036585690646
P2_adult_k11_t3,P2,adult,,11,15,11003,basic,3.4629519580003034,1.4921001809834706,3.523525375000645,0.9972176916927523,0.939774997306019,0.9703366037160267,0.988710170988758,1,1,451980,30132,0,0,30132,482112,0.0,0.0,0.0,0.06666666666666667,0,0.0,0.0010599609959172085,0.0,0.15717654299351125,0.12991312500071217,0.18888874999993277,0.0056375829999524285,0.009935874999428052,1.4467322639829945,0.0008274160018117982,92.0036585690646,91.86762995872334,183.87128852778795,92.0036585690646
P2_adult_k11_t3,P2,adult,,11,15,11003,runnerup,3.4392254160002267,1.4705523660068138,3.5021647490011674,1.0040973010766248,0.9462583208010329,0.98455482136354,0.9947405749525903,0,1,451980,30132,0,0,30132,482112,0.0,0.0,0.0,0.06666666666666667,0,0.0,0.0024850809986673994,0.0,0.1575602120028634,0.13282470800004376,0.19043691699971532,0.005394667000473419,0.010122208000211685,1.4254088250063432,0.0008805839997876319,92.0036585690646,91.86762995872334,183.87128852778795,92.0036585690646
P2_adult_k11_t4,P2,adult,,11,15,11004,fresh,3.4677216250001948,1.46741526697042,3.4981167500000083,1.0,0.9529196880096333,1.0,1.0,0,0,451980,0,0,0,0,451980,,0.0,0.0,0.0,,0.0,0.0,0.008492791999742622,0.0,0.0,0.0,0.0,0.009917375000441098,1.4228025579695895,0.0,90.78720489505608,90.44558223991567,181.23278713497174,90.78720489505608
P2_adult_k11_t4,P2,adult,,11,15,11004,none,3.304460208999444,1.486007700988921,3.3654483759983123,1.049406379763969,1.0,0.9874883326606396,1.039420712838105,0,0,451980,0,0,0,0,451980,,0.0,0.0,0.0,0,0.0,0.0,0.0,0.0,0.0,0.0,0.005333834000339266,0.01006241599952773,1.440209616987886,0.0008772909995968803,90.78720489505608,90.44558223991567,181.23278713497174,90.78720489505608
P2_adult_k11_t4,P2,adult,,11,15,11004,basic,3.4793204580000747,1.4914486650186518,3.540862207999453,0.9966663510475988,0.9497429882899775,0.9838858697507156,0.9879279521516328,1,1,451980,30132,0,0,30132,482112,0.0,0.0,0.0,0.06666666666666667,0,0.0,0.0009792929895411362,0.0,0.15261833300246508,0.13363275000028807,0.18329083299977356,0.005214457999500155,0.009875374999865016,1.445209540018368,0.000907126001038705,90.78720489505608,90.44558223991567,181.23278713497174,90.78720489505608
P2_adult_k11_t4,P2,adult,,11,15,11004,runnerup,3.463585499999681,1.4739001700099834,3.5249180829996476,1.001194174360793,0.9540576402689492,0.9956001748479888,0.9923966082704447,0,1,451980,30132,0,0,30132,482112,0.0,0.0,0.0,0.06666666666666667,0,0.0,0.0023475360048905713,0.0,0.15787862600154767,0.12925962499957677,0.19051041700004134,0.0052989590003562625,0.010372708000431885,1.4270812110125917,0.0008874560016920441,90.78720489505608,90.44558223991567,181.23278713497174,90.78720489505608
P2_adult_k12_t0,P2,adult,,12,15,12000,fresh,3.7197617090005224,1.6018032599995422,3.7542757519995575,1.0,0.9491986608865352,1.0,1.0,0,0,451980,0,0,0,0,451980,,0.0,0.0,0.0,,0.0,0.0,0.008318582999891078,0.0,0.0,0.0,0.0,0.011779957999351609,1.5534343860008448,0.0,89.93623277282923,89.9102139306302,179.84644670345943,89.93623277282923
P2_adult_k12_t0,P2,adult,,12,15,12000,none,3.530792833000305,1.5952361270219626,3.5956289579999066,1.053520238920288,1.0,1.004116715303984,1.044122126018225,0,0,451980,0,0,0,0,451980,,0.0,0.0,0.0,0,0.0,0.0,0.0,0.0,0.0,0.0,0.0053364169998531,0.011946541999350302,1.5483447080214319,0.0010022520009442815,89.93623277282923,89.9102139306302,179.84644670345943,89.93623277282923
P2_adult_k12_t0,P2,adult,,12,15,12000,basic,3.71754483299992,1.6166197890097465,3.784171500999946,1.0005963279799408,0.9497646946065441,0.9908348709381567,0.9920997901409889,0,1,451980,30132,0,0,30132,482112,0.0,0.0,0.0,0.06666666666666667,0,0.0,0.0011555429973668652,0.0,0.1653392870011885,0.14083974999994098,0.19934424999974,0.005271500000162632,0.012195541000437515,1.567202832008661,0.0010377490007158485,89.93623277282923,89.9102139306302,179.84644670345943,89.93623277282923
P2_adult_k12_t0,P2,adult,,12,15,12000,runnerup,3.7224689579998085,1.6221840549897024,3.787625000000844,0.9992727275821957,0.9485083348814555,0.9874362006410613,0.991195208606639,1,1,451980,30132,0,0,30132,482112,0.0,0.0,0.0,0.06666666666666667,0,0.0,0.002382371998464805,0.0,0.16362754700094229,0.13385691700023017,0.1988534169995546,0.005363792000025569,0.012277499999981956,1.5724223879878991,0.0010438329991302453,89.93623277282923,89.9102139306302,179.84644670345943,89.93623277282923
P2_adult_k12_t1,P2,adult,,12,15,12001,fresh,3.830127833000006,1.6791311509750813,3.8648857920006776,1.0,0.9379741548171703,1.0,1.0,0,0,451980,0,0,0,0,451980,,0.0,0.0,0.0,,0.0,0.0,0.008114917000057176,0.0,0.0,0.0,0.0,0.011289084000054572,1.6310181929757164,0.0,90.04670819181986,89.94121190553622,179.98792009735607,90.04670819181986
P2_adult_k12_t1,P2,adult,,12,15,12001,none,3.5925609169999007,1.6532375079950725,3.6579010839996045,1.0661274565661352,1.0,1.0156623853830964,1.0565856493239978,0,0,451980,0,0,0,0,451980,,0.0,0.0,0.0,0,0.0,0.0,0.0,0.0,0.0,0.0,0.005152958000508079,0.012029374999656284,1.6056862979949074,0.0010496269978830242,90.04670819181986,89.94121190553622,179.98792009735607,90.04670819181986
P2_adult_k12_t1,P2,adult,,12,15,12001,basic,3.7797084580006413,1.6889625369758505,3.846526458999506,1.013339487836063,0.9504862496458956,0.9941790384419226,1.0047729641786858,0,1,451980,30132,0,0,30132,482112,0.0,0.0,0.0,0.06666666666666667,0,0.0,0.0010119099997609737,0.0,0.1625147980012116,0.13872341600017535,0.19656987500002288,0.005220874999395164,0.01230962499994348,1.6392353719747916,0.0010443339997436851,90.04670819181986,89.94121190553622,179.98792009735607,90.04670819181986
P2_adult_k12_t1,P2,adult,,12,15,12001,runnerup,3.7314256660001774,1.6572104900096747,3.7951250820005953,1.0264515967446914,0.962785068917337,1.013227445214445,1.0183816629209248,0,1,451980,30132,0,0,30132,482112,0.0,0.0,0.0,0.06666666666666667,0,0.0,0.0022770499936086708,0.0,0.1601075829976253,0.13474733400016703,0.19438120900031208,0.005348749999939173,0.011850917000629124,1.608358530010264,0.0009224180021192296,90.04670819181986,89.94121190553622,179.98792009735607,90.04670819181986
P2_adult_k12_t2,P2,adult,,12,15,12002,fresh,3.811450459000298,1.675794534007764,3.8448392500004047,1.0,0.9464140787875995,1.0,1.0,0,0,451980,0,0,0,0,451980,,0.0,0.0,0.0,,0.0,0.0,0.008187000000361877,0.0,0.0,0.0,0.0,0.011389790999601246,1.6281834520086704,0.0,93.49042105182733,93.41178620661533,186.90220725844267,93.49042105182733
P2_adult_k12_t2,P2,adult,,12,15,12002,none,3.6072103749993403,1.6845781989995885,3.6746649999995498,1.056619953584214,1.0,0.9947858371923365,1.0463101398361145,0,0,451980,0,0,0,0,451980,,0.0,0.0,0.0,0,0.0,0.0,0.0,0.0,0.0,0.0,0.0053891659999862895,0.012313000000176544,1.6373995720014136,0.001105583996832138,93.49042105182733,93.41178620661533,186.90220725844267,93.49042105182733
P2_adult_k12_t2,P2,adult,,12,15,12002,basic,3.8833741669996016,1.7308391889719132,3.949731249999786,0.9814790682261572,0.92888560820457,0.968197707034329,0.9734432564242473,1,1,451980,30132,0,0,30132,482112,0.0,0.0,0.0,0.06666666666666667,0,0.0,0.001238918991475657,0.0,0.1668705369993404,0.14112620900050388,0.20251370900041366,0.005412541999248788,0.012674374999733118,1.6784060229738316,0.0012470010024117073,93.49042105182733,93.41178620661533,186.90220725844267,93.49042105182733
P2_adult_k12_t2,P2,adult,,12,15,12002,runnerup,3.777929249999943,1.6882104449687176,3.8439750830002595,1.0088729054416135,0.9548115214172935,0.9926455194031313,1.0002248107704879,0,1,451980,30132,0,0,30132,482112,0.0,0.0,0.0,0.06666666666666667,0,0.0,0.002289341002324363,0.0,0.16187279899804707,0.13925300000028074,0.19675545900008728,0.005463333999614406,0.01196283300032519,1.6382936529671497,0.0010223319986835122,93.49042105182733,93.41178620661533,186.90220725844267,93.49042105182733
P2_adult_k12_t3,P2,adult,,12,15,12003,fresh,3.658705583000483,1.5890187120030532,3.69065325000156,1.0,0.9516785729298987,1.0,1.0,0,0,451980,0,0,0,0,451980,,0.0,0.0,0.0,,0.0,0.0,0.00804333299947757,0.0,0.0,0.0,0.0,0.01119749999998021,1.5422319210028945,0.0,92.4483938738332,91.95579957187996,184.40419344571316,92.4483938738332
P2_adult_k12_t3,P2,adult,,12,15,12003,none,3.4819117080005526,1.6143982840021636,3.5446830400014733,1.0507749448654033,1.0,0.9842792375025367,1.0411800458187161,0,0,451980,0,0,0,0,451980,,0.0,0.0,0.0,0,0.0,0.0,0.0,0.0,0.0,0.0,0.0052156660003674915,0.011580875000618107,1.5676511980027499,0.0008249169995906414,92.4483938738332,91.95579957187996,184.40419344571316,92.4483938738332
P2_adult_k12_t3,P2,adult,,12,15,12003,basic,3.700098166999851,1.6435706500078595,3.7648904580000817,0.9888131119415866,0.9410322512669412,0.9668088877076593,0.9802817083719465,1,1,451980,30132,0,0,30132,482112,0.0,0.0,0.0,0.06666666666666667,0,0.0,0.001152839000496897,0.0,0.16246029700232612,0.13821120800002973,0.1959229169997343,0.005220875000304659,0.011910499999430613,1.5941169810075735,0.0009313779974036152,92.4483938738332,91.95579957187996,184.40419344571316,92.4483938738332
P2_adult_k12_t3,P2,adult,,12,15,12003,runnerup,3.712664083999698,1.6473684610082273,3.77561846000026,0.9854663659899214,0.9378472248557017,0.9645800254246323,0.9774963463869986,1,1,451980,30132,0,0,30132,482112,0.0,0.0,0.0,0.06666666666666667,0,0.0,0.00223650099542283,0.0,0.15790537900193158,0.14057937500001572,0.19093245799922443,0.005363458999454451,0.011648374999822408,1.5977336250089138,0.0008986279972305056,92.4483938738332,91.95579957187996,184.40419344571316,92.4483938738332
P2_adult_k12_t4,P2,adult,,12,15,12004,fresh,3.784914750000098,1.6515668629826905,3.8177922069999113,1.0,0.9410223725648341,1.0,1.0,0,0,451980,0,0,0,0,451980,,0.0,0.0,0.0,,0.0,0.0,0.008038709000175004,0.0,0.0,0.0,0.0,0.012017291999654844,1.602338611981395,0.0,92.3586658942534,92.18925207119997,184.54791796545337,92.3586658942534
P2_adult_k12_t4,P2,adult,,12,15,12004,none,3.5616894580007283,1.6511984800154096,3.6275054980005734,1.0626739907090812,1.0,1.0002231003551296,1.052456628695455,0,0,451980,0,0,0,0,451980,,0.0,0.0,0.0,0,0.0,0.0,0.0,0.0,0.0,0.0,0.0055328329999611015,0.011902541999916139,1.6027991460150588,0.0009685009999884642,92.3586658942534,92.18925207119997,184.54791796545337,92.3586658942534
P2_adult_k12_t4,P2,adult,,12,15,12004,basic,3.7622725420005736,1.6781696809948699,3.8289343340002233,1.0060182264168147,0.9466856582662174,0.9841477186047073,0.9970900187811078,0,1,451980,30132,0,0,30132,482112,0.0,0.0,0.0,0.06666666666666667,0,0.0,0.0011104540044470923,0.0,0.1638496219920853,0.1389856249998047,0.1966487089994189,0.005164207999769133,0.011987291999503213,1.627755096996225,0.0009486679991823621,92.3586658942534,92.18925207119997,184.54791796545337,92.3586658942534
P2_adult_k12_t4,P2,adult,,12,15,12004,runnerup,3.689836665999792,1.6549266620168055,3.7547447900005864,1.0257675590023831,0.965270222072461,0.9979698199858473,1.0167913987569086,0,1,451980,30132,0,0,30132,482112,0.0,0.0,0.0,0.06666666666666667,0,0.0,0.0025292060017818585,0.0,0.1637872459996288,0.13676820899945596,0.1989629170002445,0.005221624999649066,0.012375291000353172,1.604975247013499,0.0006620849981118226,92.3586658942534,92.18925207119997,184.54791796545337,92.3586658942534
P2_adult_k13_t0,P2,adult,,13,15,13000,fresh,3.9906812089993764,1.7492993360174296,4.023848166999414,1.0,0.9481440766221568,1.0,1.0,0,0,451980,0,0,0,0,451980,,0.0,0.0,0.0,,0.0,0.0,0.008099749999928463,0.0,0.0,0.0,0.0,0.012569124999572523,1.6984537950202139,0.0,90.8386499048366,90.7671780350145,181.6058279398511,90.8386499048366
P2_adult_k13_t0,P2,adult,,13,15,13000,none,3.7837407500001063,1.765949325006659,3.849690415999248,1.0546920290454003,1.0,0.9905716496201461,1.04523941724674,0,0,451980,0,0,0,0,451980,,0.0,0.0,0.0,0,0.0,0.0,0.0,0.0,0.0,0.0,0.005529666000256839,0.013397791999523179,1.7158807830055594,0.0009860799991656677,90.8386499048366,90.7671780350145,181.6058279398511,90.8386499048366
P2_adult_k13_t0,P2,adult,,13,15,13000,basic,4.013514540999495,1.7996706099784205,4.080787416000021,0.9943108884328516,0.9427499791885225,0.9720108370489003,0.9860469945635104,1,1,451980,30132,0,0,30132,482112,0.0,0.0,0.0,0.06666666666666667,0,0.0,0.0009782470060599735,0.0,0.16918416699991212,0.1511399999999412,0.20478366699990147,0.00558079100028408,0.013484082999639213,1.746108313980585,0.000942250001571665,90.8386499048366,90.7671780350145,181.6058279398511,90.8386499048366
P2_adult_k13_t0,P2,adult,,13,15,13000,runnerup,3.9901895410002908,1.791941478993067,4.056466624000677,1.000123219209021,0.9482609061853161,0.9762033841643093,0.9919588992034912,0,1,451980,30132,0,0,30132,482112,0.0,0.0,0.0,0.06666666666666667,0,0.0,0.002443163004500093,0.0,0.1728306579971104,0.1464995420001287,0.2104887499999677,0.005471166999996058,0.013490291999914916,1.7386800609929196,0.0010219619998679264,90.8386499048366,90.7671780350145,181.6058279398511,90.8386499048366
P2_adult_k13_t1,P2,adult,,13,15,13001,fresh,3.8447483749996536,1.6563875479941998,3.878723250000803,1.0,0.9369412569167225,1.0,1.0,0,0,451980,0,0,0,0,451980,,0.0,0.0,0.0,,0.0,0.0,0.007963500000187196,0.0,0.0,0.0,0.0,0.01255475000016304,1.6063499219935693,0.0,88.55231828758902,88.38184109632539,176.9341593839144,88.55231828758902
P2_adult_k13_t1,P2,adult,,13,15,13001,none,3.6023033750007016,1.6416284110173365,3.6665592090021164,1.0673027712439418,1.0,1.008990546750904,1.0578646160895977,0,0,451980,0,0,0,0,451980,,0.0,0.0,0.0,0,0.0,0.0,0.0,0.0,0.0,0.0,0.0055924170001162565,0.013509041000361321,1.5920230360170535,0.000701998001204629,88.55231828758902,88.38184109632539,176.9341593839144,88.55231828758902
P2_adult_k13_t1,P2,adult,,13,15,13001,basic,3.842515207999895,1.6792680009975811,3.9071747909993064,1.0005811732365064,0.9374857820994211,0.9863747460263704,0.9927181294617161,0,1,451980,30132,0,0,30132,482112,0.0,0.0,0.0,0.06666666666666667,0,0.0,0.000951660002101562,0.0,0.16846341799919173,0.14240450000033889,0.20191187500040542,0.00522516699948028,0.013334375000340515,1.6266947109998,0.0006609179999941261,88.55231828758902,88.38184109632539,176.9341593839144,88.55231828758902
P2_adult_k13_t1,P2,adult,,13,15,13001,runnerup,3.807319333000123,1.6816124640117778,3.8729972500004806,1.0098308123710855,0.9461521506161997,0.9849995664533792,1.0014784415352533,0,1,451980,30132,0,0,30132,482112,0.0,0.0,0.0,0.06666666666666667,0,0.0,0.002191083998695831,0.0,0.1677501210006085,0.14124983300007443,0.20237479099978373,0.005514916999345587,0.013112374999764143,1.629898798013528,0.0007110410006134771,88.55231828758902,88.38184109632539,176.9341593839144,88.55231828758902
P2_adult_k13_t2,P2,adult,,13,15,13002,fresh,3.918243792000794,1.7184211490084635,3.9515043339997646,1.0,0.9510345891714741,1.0,1.0,0,0,451980,0,0,0,0,451980,,0.0,0.0,0.0,,0.0,0.0,0.008100000000013097,0.0,0.0,0.0,0.0,0.01250795800024207,1.6682164850071786,0.0,91.85122774795562,91.69571664088615,183.54694438884175,91.85122774795562
P2_adult_k13_t2,P2,adult,,13,15,13002,none,3.726385374999154,1.7350717150065975,3.7923609999998007,1.051486466828913,1.0,0.9904035286529521,1.041964183789458,0,0,451980,0,0,0,0,451980,,0.0,0.0,0.0,0,0.0,0.0,0.0,0.0,0.0,0.0,0.005245749999630789,0.013170000000172877,1.6864482160099215,0.0008952089983722544,91.85122774795562,91.69571664088615,183.54694438884175,91.85122774795562
P2_adult_k13_t2,P2,adult,,13,15,13002,basic,3.9329698749997988,1.7654098620087098,3.9996252509999977,0.9962557346058987,0.947473663270646,0.973383680463424,0.9879686435652436,1,1,451980,30132,0,0,30132,482112,0.0,0.0,0.0,0.06666666666666667,0,0.0,0.001011047997053538,0.0,0.1686089130007531,0.14152745800038247,0.20413087499946414,0.00554533300055482,0.013104167000165035,1.7140463190071387,0.0009408330015503452,91.85122774795562,91.69571664088615,183.54694438884175,91.85122774795562
P2_adult_k13_t2,P2,adult,,13,15,13002,runnerup,3.9028622910000195,1.7623328370209492,3.9701787489993876,1.0039410821735228,0.9547826946372614,0.9750832038704368,0.9952963289110524,0,1,451980,30132,0,0,30132,482112,0.0,0.0,0.0,0.06666666666666667,0,0.0,0.002189752001868328,0.0,0.1631079629969463,0.1394775419994403,0.19842654100011714,0.005572542000663816,0.013194832999943173,1.7081069200185084,0.000819877000139968,91.85122774795562,91.69571664088615,183.54694438884175,91.85122774795562
P2_adult_k13_t3,P2,adult,,13,15,13003,fresh,3.9335009999995236,1.7324293340061558,3.967176792000828,1.0,0.9369911923247205,1.0,1.0,0,0,451980,0,0,0,0,451980,,0.0,0.0,0.0,,0.0,0.0,0.00781816600010643,0.0,0.0,0.0,0.0,0.012558916999296343,1.6824069170043003,0.0,90.82459805457238,90.84756548508582,181.6721635396582,90.84756548508582
P2_adult_k13_t3,P2,adult,,13,15,13003,none,3.685655792000034,1.7274752360053753,3.7510620410002957,1.0672458910941858,1.0,1.0028678257711157,1.0576142832718654,0,0,451980,0,0,0,0,451980,,0.0,0.0,0.0,0,0.0,0.0,0.0,0.0,0.0,0.0,0.005225750000136031,0.012998582999898645,1.6781872360061243,0.0007962899999256479,90.82459805457238,90.84756548508582,181.6721635396582,90.84756548508582
P2_adult_k13_t3,P2,adult,,13,15,13003,basic,3.8552420420001,1.7489763210087403,3.9191673739996986,1.0202993630871546,0.956011516747186,0.9905390445806374,1.012249902446022,0,1,451980,30132,0,0,30132,482112,0.0,0.0,0.0,0.06666666666666667,0,0.0,0.0009416670045538922,0.0,0.1653877890039439,0.14428070800022397,0.19951220900020417,0.005080625000118744,0.01291399999990972,1.6977077380079209,0.000565666999136738,90.82459805457238,90.84756548508582,181.6721635396582,90.84756548508582
P2_adult_k13_t3,P2,adult,,13,15,13003,runnerup,4.025169624999762,1.821992295963355,4.088724290998471,0.977226146090615,0.9156522917963369,0.9508433915139889,0.9702725128066875,1,1,451980,30132,0,0,30132,482112,0.0,0.0,0.0,0.06666666666666667,0,0.0,0.0022997509959168383,0.0,0.1691284519938563,0.14607249999971827,0.20484124999984488,0.00526754099973914,0.01292804199965758,1.7698330899593202,0.001137916001425765,90.82459805457238,90.84756548508582,181.6721635396582,90.84756548508582
P2_adult_k13_t4,P2,adult,,13,15,13004,fresh,3.894855166000525,1.6826834069988763,3.9286449160008488,1.0,0.9652101420398891,1.0,1.0,0,0,451980,0,0,0,0,451980,,0.0,0.0,0.0,,0.0,0.0,0.007884333999754745,0.0,0.0,0.0,0.0,0.012423125000168511,1.6323976970015792,0.0,90.031560255832,89.8919829253421,179.9235431811741,90.031560255832
P2_adult_k13_t4,P2,adult,,13,15,13004,none,3.7593537080001624,1.7182475170129692,3.825749540000288,1.0360438172423112,1.0,0.9793021030660832,1.0268954815062339,0,0,451980,0,0,0,0,451980,,0.0,0.0,0.0,0,0.0,0.0,0.0,0.0,0.0,0.0,0.005504834000021219,0.014273499999944761,1.6671575590098655,0.0010759570004665875,90.031560255832,89.8919829253421,179.9235431811741,90.031560255832
P2_adult_k13_t4,P2,adult,,13,15,13004,basic,3.948621583000204,1.752216587015937,4.015419750999172,0.98638349715983,0.952067355399442,0.9603170175808704,0.9783895980048585,1,1,451980,30132,0,0,30132,482112,0.0,0.0,0.0,0.06666666666666667,0,0.0,0.0010903690044870018,0.0,0.16992345199741976,0.14884991599956265,0.20634687499932625,0.005560415999752877,0.013463374999446387,1.6983447950178743,0.001036627000758017,90.031560255832,89.8919829253421,179.9235431811741,90.031560255832
P2_adult_k13_t4,P2,adult,,13,15,13004,runnerup,3.9787646670001777,1.7526803880018633,4.043367291999857,0.9789106649871512,0.9448545019966105,0.9600628948197527,0.9716270208185153,1,1,451980,30132,0,0,30132,482112,0.0,0.0,0.0,0.06666666666666667,0,0.0,0.0021992540005157935,0.0,0.16885620399352774,0.14224170800025604,0.20562558300025557,0.0053315839995775605,0.01316958400002477,1.699745221003468,0.0010168339995288989,90.031560255832,89.8919829253421,179.9235431811741,90.031560255832
P2_adult_k14_t0,P2,adult,,14,15,14000,fresh,4.147175208999215,1.8673829840035978,4.181933167998977,1.0,0.9428119066480632,1.0,1.0,0,0,451980,0,0,0,0,451980,,0.0,0.0,0.0,,0.0,0.0,0.008071041999755835,0.0,0.0,0.0,0.0,0.014649042000201007,1.8141577370033701,0.0,91.25265476003574,91.13169532671361,182.38435008674935,91.25265476003574
P2_adult_k14_t0,P2,adult,,14,15,14000,none,3.91000616600013,1.8639008630179887,3.9765368339994893,1.0606569485903663,1.0,1.001868190017344,1.0516520637363005,0,0,451980,0,0,0,0,451980,,0.0,0.0,0.0,0,0.0,0.0,0.0,0.0,0.0,0.0,0.005272790999697463,0.014590249999855587,1.8120891550197484,0.0005888340001547476,91.25265476003574,91.13169532671361,182.38435008674935,91.25265476003574
P2_adult_k14_t0,P2,adult,,14,15,14000,basic,4.1039436669998395,1.8942769770128507,4.169401167000615,1.0105341460573654,0.952743624977317,0.985802502307945,1.0030057076535472,0,1,451980,30132,0,0,30132,482112,0.0,0.0,0.0,0.06666666666666667,0,0.0,0.0009396699970238842,0.0,0.1730102919982528,0.1466057079996972,0.21024616600061563,0.005073874999652617,0.01459137500023644,1.8403353510148008,0.0006152490022941492,91.25265476003574,91.13169532671361,182.38435008674935,91.25265476003574
P2_adult_k14_t0,P2,adult,,14,15,14000,runnerup,4.11936570799935,1.8970141209902067,4.185389665998628,1.0067509182168173,0.9491767527236858,0.9843801178606187,0.9991741514469417,0,1,451980,30132,0,0,30132,482112,0.0,0.0,0.0,0.06666666666666667,0,0.0,0.002135127994733921,0.0,0.17165933000251243,0.1472747919997346,0.20997812500081636,0.005289707999509119,0.014383791000000201,1.842723413990825,0.0007049169980746228,91.25265476003574,91.13169532671361,182.38435008674935,91.25265476003574
P2_adult_k14_t1,P2,adult,,14,15,14001,fresh,4.298820832999809,1.9185470010233985,4.33389066699965,1.0,0.9388511968255642,1.0,1.0,0,0,451980,0,0,0,0,451980,,0.0,0.0,0.0,,0.0,0.0,0.00832462500056863,0.0,0.0,0.0,0.0,0.014348042000165151,1.8639976270233092,0.0,91.0160152350054,90.77465138812586,181.79066662313124,91.0160152350054
P2_adult_k14_t1,P2,adult,,14,15,14001,none,4.035953084000539,1.8757611790024384,4.102772499998537,1.0651315175197003,1.0,1.0228098451444199,1.056332191707241,0,0,451980,0,0,0,0,451980,,0.0,0.0,0.0,0,0.0,0.0,0.0,0.0,0.0,0.0,0.005271417000585643,0.01518037500045466,1.821548473002622,0.0009312930014857557,91.0160152350054,90.77465138812586,181.79066662313124,91.0160152350054
P2_adult_k14_t1,P2,adult,,14,15,14001,basic,4.183834665999711,1.902711542018551,4.253061164999963,1.027483439518904,0.9646540569107702,1.0083225747335551,1.019005017530635,0,1,451980,30132,0,0,30132,482112,0.0,0.0,0.0,0.06666666666666667,0,0.0,0.0010902539952439838,0.0,0.18242441899201367,0.15344591699977173,0.2210479999994277,0.005508125000233122,0.015717792000032205,1.845644293017358,0.0008204990017475211,91.0160152350054,90.77465138812586,181.79066662313124,91.0160152350054
P2_adult_k14_t1,P2,adult,,14,15,14001,runnerup,4.247368958000152,1.9507853390059609,4.316195666000567,1.0121138228179458,0.9502242738763254,0.9834741745603903,1.004099675354959,0,1,451980,30132,0,0,30132,482112,0.0,0.0,0.0,0.06666666666666667,0,0.0,0.002440620998640952,0.0,0.17946937400120078,0.1448522499995306,0.21929875000023458,0.0056162499995480175,0.015954958000293118,1.8940086740030893,0.0010852929999600747,91.0160152350054,90.77465138812586,181.79066662313124,91.0160152350054
P2_adult_k14_t2,P2,adult,,14,15,14002,fresh,4.290840915999979,1.9159673159956583,4.327487706999818,1.0,0.912682753023303,1.0,1.0,0,0,451980,0,0,0,0,451980,,0.0,0.0,0.0,,0.0,0.0,0.009245541999916895,0.0,0.0,0.0,0.0,0.01520650000020396,1.8594784409970089,0.0,89.69850690457437,89.50507537787313,179.2035822824475,89.69850690457437
P2_adult_k14_t2,P2,adult,,14,15,14002,none,3.9161764999998923,1.8657286209909216,3.9820239999999103,1.0956709729502991,1.0,1.026927118145432,1.0867558073482018,0,0,451980,0,0,0,0,451980,,0.0,0.0,0.0,0,0.0,0.0,0.0,0.0,0.0,0.0,0.005414499999460531,0.014754499999980908,1.8119973279917758,0.0007466659990313929,89.69850690457437,89.50507537787313,179.2035822824475,89.69850690457437
P2_adult_k14_t2,P2,adult,,14,15,14002,basic,4.221308332999797,1.9422683760285508,4.287085667000611,1.0164718086230793,0.9277162886646879,0.986458586075179,1.009424127049804,0,1,451980,30132,0,0,30132,482112,0.0,0.0,0.0,0.06666666666666667,0,0.0,0.0009839569975156337,0.0,0.17335012999683386,0.1459132909994878,0.21031099999981961,0.0054037500003687455,0.014983749999373686,1.8844778340262565,0.001063124001120741,89.69850690457437,89.50507537787313,179.2035822824475,89.69850690457437
P2_adult_k14_t2,P2,adult,,14,15,14002,runnerup,4.190971875000287,1.9096980590065868,4.2621829590016205,1.0238295660239156,0.9344315869453608,1.0032828524695325,1.0153219016232693,0,1,451980,30132,0,0,30132,482112,0.0,0.0,0.0,0.06666666666666667,0,0.0,0.002748420000898477,0.0,0.18361353399996005,0.1500623750007435,0.22416991600039182,0.005969875000118918,0.01610937500026921,1.8502646030074175,0.0010021670013884432,89.69850690457437,89.50507537787313,179.2035822824475,89.69850690457437
P2_adult_k14_t3,P2,adult,,14,15,14003,fresh,4.206281000000672,1.8693966279788583,4.24349812499986,1.0,0.9261371765221396,1.0,1.0,0,0,451980,0,0,0,0,451980,,0.0,0.0,0.0,,0.0,0.0,0.009484749999501219,0.0,0.0,0.0,0.0,0.01445774999956484,1.8137335869796516,0.0,88.30295709877596,88.2176370934334,176.52059419220936,88.30295709877596
P2_adult_k14_t3,P2,adult,,14,15,14003,none,3.895593208999344,1.837607705991104,3.9639936239991584,1.0797536535086871,1.0,1.0172990796044845,1.0705108351609096,0,0,451980,0,0,0,0,451980,,0.0,0.0,0.0,0,0.0,0.0,0.0,0.0,0.0,0.0,0.005587624999861873,0.015126541999961773,1.7854370379900502,0.0010077939996335772,88.30295709877596,88.2176370934334,176.52059419220936,88.30295709877596
P2_adult_k14_t3,P2,adult,,14,15,14003,basic,4.071344375000081,1.8442993900089277,4.139677999999549,1.033143014339235,0.9568321542437114,1.013608006436422,1.0250792754896207,0,1,451980,30132,0,0,30132,482112,0.0,0.0,0.0,0.06666666666666667,0,0.0,0.0012772459876941866,0.0,0.17997821200515318,0.14823195799999667,0.21998654199978773,0.005521792000763526,0.015196874999674037,1.7897463880099167,0.0008669990011185291,88.30295709877596,88.2176370934334,176.52059419220936,88.30295709877596
P2_adult_k14_t3,P2,adult,,14,15,14003,runnerup,4.023512208000284,1.8279045749804936,4.090919957999176,1.0454251863923698,0.9682071303905607,1.0226992445701426,1.0372967861916584,0,1,451980,30132,0,0,30132,482112,0.0,0.0,0.0,0.06666666666666667,0,0.0,0.0021891690012125764,0.0,0.1705160799992882,0.14396141700035514,0.20876050000060786,0.005322625000189873,0.014787042000534711,1.7743211159813654,0.0005820830001539434,88.30295709877596,88.2176370934334,176.52059419220936,88.30295709877596
P2_adult_k14_t4,P2,adult,,14,15,14004,fresh,4.101100709000093,1.8281233729740052,4.136073250999289,1.0,0.9376386826007457,1.0,1.0,0,0,451980,0,0,0,0,451980,,0.0,0.0,0.0,,0.0,0.0,0.008231416999478824,0.0,0.0,0.0,0.0,0.01389416700021684,1.7758300399764266,0.0,90.57192881123962,90.59053082985945,181.16245964109908,90.59053082985945
P2_adult_k14_t4,P2,adult,,14,15,14004,none,3.845350665999831,1.8301832639717759,3.9111571659996116,1.0665089000234949,1.0,0.9988744892173801,1.057506276391783,0,0,451980,0,0,0,0,451980,,0.0,0.0,0.0,0,0.0,0.0,0.0,0.0,0.0,0.0,0.005164500000319094,0.014725459000146657,1.7782129329743839,0.0006470019989137654,90.57192881123962,90.59053082985945,181.16245964109908,90.59053082985945
P2_adult_k14_t4,P2,adult,,14,15,14004,basic,4.146387292000327,1.9093515329841466,4.215258126000663,0.9890780624647375,0.9273978514787344,0.9574577239408665,0.9812147031962423,1,1,451980,30132,0,0,30132,482112,0.0,0.0,0.0,0.06666666666666667,0,0.0,0.0009553340014463174,0.0,0.17110507499819505,0.14477145799992286,0.20780829199975415,0.005092958999739494,0.01458091700078512,1.854813034980907,0.0009771270015335176,90.57192881123962,90.59053082985945,181.16245964109908,90.59053082985945
P2_adult_k14_t4,P2,adult,,14,15,14004,runnerup,4.197792042000401,1.9261192789845154,4.26505175100192,0.9769661450512849,0.9160412491914157,0.9491226181681877,0.969759218051145,1,1,451980,30132,0,0,30132,482112,0.0,0.0,0.0,0.06666666666666667,0,0.0,0.0026442150010552723,0.0,0.18066946299495612,0.15464775000054942,0.22097691599992686,0.005426458999863826,0.015195250000033411,1.870101444982538,0.0010600400000839727,90.57192881123962,90.59053082985945,181.16245964109908,90.59053082985945
P2_adult_k15_t0,P2,adult,,15,15,15000,fresh,4.270416374999513,1.9127332399975785,4.307463874999485,1.0,0.9437714958183182,1.0,1.0,0,0,451980,0,0,0,0,451980,,0.0,0.0,0.0,,0.0,0.0,0.007852375000766187,0.0,0.0,0.0,0.0,0.015709833999608236,1.8570704909971028,0.0,86.30362587593105,86.1156639271824,172.41928980311346,86.30362587593105
P2_adult_k15_t0,P2,adult,,15,15,15000,none,4.030297250000331,1.9257351270071013,4.0981759590004,1.0595785149592039,1.0,0.993248351329744,1.0510685529593835,0,0,451980,0,0,0,0,451980,,0.0,0.0,0.0,0,0.0,0.0,0.0,0.0,0.0,0.0,0.005321083999660914,0.01605112499964889,1.8702693370050838,0.000503084000229137,86.30362587593105,86.1156639271824,172.41928980311346,86.30362587593105
P2_adult_k15_t0,P2,adult,,15,15,15000,basic,4.249155041999984,1.9487241299957532,4.316886293000607,1.005003661384293,0.9484938088075408,0.981531049241817,0.9978173115153856,0,1,451980,30132,0,0,30132,482112,0.0,0.0,0.0,0.06666666666666667,0,0.0,0.0009550369977660012,0.0,0.17900050300340808,0.15219333299955906,0.2182333340006153,0.005235499999798776,0.01608645800024533,1.8902493359983055,0.0005546680013139849,86.30362587593105,86.1156639271824,172.41928980311346,86.30362587593105
P2_adult_k15_t0,P2,adult,,15,15,15000,runnerup,4.245641625000644,1.943706095977177,4.313503751001008,1.005835337079084,0.9492787206220495,0.9840650517875609,0.9985997749509036,0,1,451980,30132,0,0,30132,482112,0.0,0.0,0.0,0.06666666666666667,0,0.0,0.0021646299965141225,0.0,0.1783724139941114,0.15168116700078826,0.21867891599958966,0.0053458339998542215,0.016109582999888516,1.8851898859784342,0.0005309989992383635,86.30362587593105,86.1156639271824,172.41928980311346,86.30362587593105
P2_adult_k15_t1,P2,adult,,15,15,15001,fresh,4.481490874999508,2.0274039919986535,4.519364582998605,1.0,0.9097700570461712,1.0,1.0,0,0,451980,0,0,0,0,451980,,0.0,0.0,0.0,,0.0,0.0,0.009058417000233021,0.0,0.0,0.0,0.0,0.016916957999455917,1.9687299479983267,0.0,87.6254504787685,87.16552597918356,174.79097645795204,87.6254504787685
P2_adult_k15_t1,P2,adult,,15,15,15001,none,4.077126209000198,1.9523382740026136,4.1446244590006245,1.0991788444288726,1.0,1.0384491350682497,1.090415941831396,0,0,451980,0,0,0,0,451980,,0.0,0.0,0.0,0,0.0,0.0,0.0,0.0,0.0,0.0,0.005370000000766595,0.016535957999622042,1.8955161490002865,0.00047700200138933724,87.6254504787685,87.16552597918356,174.79097645795204,87.6254504787685
P2_adult_k15_t1,P2,adult,,15,15,15001,basic,4.3254210000004605,2.0139579079950636,4.393976084001224,1.036082007970792,0.9425963874960991,1.0066764473826446,1.0285364545915325,0,1,451980,30132,0,0,30132,482112,0.0,0.0,0.0,0.06666666666666667,0,0.0,0.000975080002717732,0.0,0.17956067400064057,0.15403641600005358,0.21883716699994693,0.005327124999894295,0.016587500000241562,1.9549086609922597,0.0005938759995842702,87.6254504787685,87.16552597918356,174.79097645795204,87.6254504787685
P2_adult_k15_t1,P2,adult,,15,15,15001,runnerup,4.425608167000064,2.0567522120027206,4.4962370429993825,1.0126271251070393,0.9212578373751313,0.9857307944861817,1.005143754605917,0,1,451980,30132,0,0,30132,482112,0.0,0.0,0.0,0.06666666666666667,0,0.0,0.0023145379964262247,0.0,0.18363832499744603,0.15566854200005764,0.2246572499998365,0.005880542000340938,0.01694166600009339,1.9966263800042725,0.0010902500007432536,87.6254504787685,87.16552597918356,174.79097645795204,87.6254504787685
P2_adult_k15_t2,P2,adult,,15,15,15002,fresh,4.340646624999863,1.9603797219951957,4.378034373999981,1.0,0.9394360878202739,1.0,1.0,0,0,451980,0,0,0,0,451980,,0.0,0.0,0.0,,0.0,0.0,0.007968249999976251,0.0,0.0,0.0,0.0,0.015984625000783126,1.903915930994117,0.0,86.81348195105085,86.58202676881939,173.39550871987024,86.81348195105085
P2_adult_k15_t2,P2,adult,,15,15,15002,none,4.077760084000147,1.9456997739935105,4.145759541999723,1.0644683688064926,1.0,1.0075448166247947,1.0560270873520607,0,0,451980,0,0,0,0,451980,,0.0,0.0,0.0,0,0.0,0.0,0.0,0.0,0.0,0.0,0.005443291000119643,0.016581417000452348,1.8888495229939508,0.0007519580003645387,86.81348195105085,86.58202676881939,173.39550871987024,86.81348195105085
P2_adult_k15_t2,P2,adult,,15,15,15002,basic,4.352952167000694,2.012164610007858,4.424015125000551,0.9971730582995793,0.9367803567687346,0.9742640896499716,0.9896065565552141,1,1,451980,30132,0,0,30132,482112,0.0,0.0,0.0,0.06666666666666667,0,0.0,0.00100095499510644,0.0,0.17843491499661468,0.15216408300057083,0.21767445899968152,0.005528125000637374,0.01659704099984083,1.9525477380038865,0.000990958000329556,86.81348195105085,86.58202676881939,173.39550871987024,86.81348195105085
P2_adult_k15_t2,P2,adult,,15,15,15002,runnerup,4.401633749999746,2.02978466798686,4.471411000000444,0.9861444344387157,0.9264196695148437,0.9658067443870783,0.9791169664339838,1,1,451980,30132,0,0,30132,482112,0.0,0.0,0.0,0.06666666666666667,0,0.0,0.0021714559979955084,0.0,0.17863692300488765,0.15184987500015268,0.21928691700031777,0.0051119999998263665,0.016494041999976616,1.9687520039851734,0.0009643739977036603,86.81348195105085,86.58202676881939,173.39550871987024,86.81348195105085
P2_adult_k15_t3,P2,adult,,15,15,15003,fresh,4.342079874999399,1.968091109989473,4.380808541999613,1.0,0.970072848326031,1.0,1.0,0,0,451980,0,0,0,0,451980,,0.0,0.0,0.0,,0.0,0.0,0.007821625000360655,0.0,0.0,0.0,0.0,0.015618582999195496,1.9124789419911394,0.0,89.01485506651332,88.98682437150066,178.00167943801398,89.01485506651332
P2_adult_k15_t3,P2,adult,,15,15,15003,none,4.212133791999804,2.009829240008912,4.281571208999594,1.0308504167760304,1.0,0.9792329969190546,1.023177784078758,0,0,451980,0,0,0,0,451980,,0.0,0.0,0.0,0,0.0,0.0,0.0,0.0,0.0,0.0,0.005616749999717285,0.016269624999949883,1.9525671970113763,0.001067915001840447,89.01485506651332,88.98682437150066,178.00167943801398,89.01485506651332
P2_adult_k15_t3,P2,adult,,15,15,15003,basic,4.432907833000172,2.0435734489901733,4.504385999000078,0.9795105241474644,0.9501965641250544,0.9630635546581406,0.9725650827820045,1,1,451980,30132,0,0,30132,482112,0.0,0.0,0.0,0.06666666666666667,0,0.0,0.0012327930016908795,0.0,0.18706016799842473,0.16070312499959982,0.22812616700048238,0.005661041000166733,0.01670983299936779,1.9833565359922432,0.0010570420026851934,89.01485506651332,88.98682437150066,178.00167943801398,89.01485506651332
P2_adult_k15_t3,P2,adult,,15,15,15003,runnerup,4.296780499999841,1.987107616020694,4.364273164999759,1.0105426318611248,0.9802999692444052,0.990430057296392,1.0037888043151064,0,1,451980,30132,0,0,30132,482112,0.0,0.0,0.0,0.06666666666666667,0,0.0,0.0021846669997103163,0.0,0.18019970599834778,0.1541323330002342,0.22043783300068753,0.005131625000103668,0.016050082999754522,1.9296697830232006,0.0007027920000837184,89.01485506651332,88.98682437150066,178.00167943801398,89.01485506651332
P2_adult_k15_t4,P2,adult,,15,15,15004,fresh,4.466822040999432,2.03326176599694,4.504712331999144,1.0,0.9426312215603896,1.0,1.0,0,0,451980,0,0,0,0,451980,,0.0,0.0,0.0,,0.0,0.0,0.008213875000365078,0.0,0.0,0.0,0.0,0.016018958000131533,1.9760863919982512,0.0,89.53699849774546,89.43994142093888,178.97693991868434,89.53699849774546
P2_adult_k15_t4,P2,adult,,15,15,15004,none,4.210565917000167,2.0234869689893458,4.279294417999154,1.0608602570416081,1.0,1.0048306696101317,1.0526764209192665,0,0,451980,0,0,0,0,451980,,0.0,0.0,0.0,0,0.0,0.0,0.0,0.0,0.0,0.0,0.005797083000288694,0.016594666999480978,1.9670419639924148,0.0009959969993360573,89.53699849774546,89.43994142093888,178.97693991868434,89.53699849774546
P2_adult_k15_t4,P2,adult,,15,15,15004,basic,4.341377707999527,2.016961014998742,4.410118874999171,1.028895051625837,0.969868599371503,1.0080818374162817,1.0214491853124914,0,1,451980,30132,0,0,30132,482112,0.0,0.0,0.0,0.06666666666666667,0,0.0,0.0009960800025510252,0.0,0.18237633899661887,0.15490870899975562,0.22140158299953328,0.005730457999561622,0.016717125000468513,1.9586427239983095,0.0006191649999891524,89.53699849774546,89.43994142093888,178.97693991868434,89.53699849774546
P2_adult_k15_t4,P2,adult,,15,15,15004,runnerup,4.413881083999513,2.049098508026873,4.48383499999909,1.0119941964888524,0.9539373256483119,0.9922713612996662,1.0046561329754682,0,1,451980,30132,0,0,30132,482112,0.0,0.0,0.0,0.06666666666666667,0,0.0,0.002176331006012333,0.0,0.181280127001628,0.15453804200024024,0.22230525000031776,0.005373959000280593,0.01650758300002053,1.9901663000273402,0.0009207089979099692,89.53699849774546,89.43994142093888,178.97693991868434,89.53699849774546
P2_adult_k16_t0,P2,adult,,16,15,16000,fresh,4.487186792000102,2.058684243010248,4.526543875999778,1.0,0.9510120683203148,1.0,1.0,0,0,451980,0,0,0,0,451980,,0.0,0.0,0.0,,0.0,0.0,0.008100584000203526,0.0,0.0,0.0,0.0,0.018084332999933395,1.9999909520120127,0.0,87.16530148149745,87.00651100972586,174.1718124912233,87.16530148149745
P2_adult_k16_t0,P2,adult,,16,15,16000,none,4.2673687919996155,2.0886110470164567,4.338441418999537,1.0515113670073695,1.0,0.9856714326734225,1.043357150375818,0,0,451980,0,0,0,0,451980,,0.0,0.0,0.0,0,0.0,0.0,0.0,0.0,0.0,0.0,0.005356042000130401,0.018712500000219734,2.031335254017904,0.0007436260011672857,87.16530148149745,87.00651100972586,174.1718124912233,87.16530148149745
P2_adult_k16_t0,P2,adult,,16,15,16000,basic,4.550648500000534,2.1397041639665986,4.620903166000971,0.9860543595049311,0.9377495959090478,0.9621349893500439,0.9795799031896065,1,1,451980,30132,0,0,30132,482112,0.0,0.0,0.0,0.06666666666666667,0,0.0,0.0009882019985525403,0.0,0.18542708899985882,0.1563996250006312,0.22688420899976336,0.005234541000390891,0.018604208000397193,2.0786870799674944,0.0009078770008272841,87.16530148149745,87.00651100972586,174.1718124912233,87.16530148149745
P2_adult_k16_t0,P2,adult,,16,15,16000,runnerup,4.554470083000524,2.1450560440143818,4.624820083000486,0.9852269770633568,0.9369627452219944,0.9597344781526115,0.9787502637428116,1,1,451980,30132,0,0,30132,482112,0.0,0.0,0.0,0.06666666666666667,0,0.0,0.0022027149962013937,0.0,0.18658512700403662,0.15945054100029665,0.2297994579994338,0.005283916000735189,0.018542916999649606,2.0841640430162442,0.0009342070006823633,87.16530148149745,87.00651100972586,174.1718124912233,87.16530148149745
P2_adult_k16_t1,P2,adult,,16,15,16001,fresh,4.494549832999837,2.0502248760294606,4.534043042000121,1.0,0.9653638838627455,1.0,1.0,0,0,451980,0,0,0,0,451980,,0.0,0.0,0.0,,0.0,0.0,0.007980915999723948,0.0,0.0,0.0,0.0,0.01785662499969476,1.991477878031219,0.0,88.91875036361836,88.54302609131129,177.46177645492966,88.91875036361836
P2_adult_k16_t1,P2,adult,,16,15,16001,none,4.338876082999377,2.111076580013105,4.410641708999719,1.0358788190818407,1.0,0.9711750371541393,1.0279780905233373,0,0,451980,0,0,0,0,451980,,0.0,0.0,0.0,0,0.0,0.0,0.0,0.0,0.0,0.0,0.005294290999700024,0.01823487500041665,2.0515369560134786,0.0010431660011818167,88.91875036361836,88.54302609131129,177.46177645492966,88.91875036361836
P2_adult_k16_t1,P2,adult,,16,15,16001,basic,4.637932083999658,2.1723860120237077,4.711692916000175,0.9690848748099453,0.9355195385391712,0.9437663770075343,0.9622959566408111,1,1,451980,30132,0,0,30132,482112,0.0,0.0,0.0,0.06666666666666667,0,0.0,0.0011029599945686641,0.0,0.18964354200124944,0.1574326670006485,0.2326574589997108,0.0054804999999760184,0.01857020899933559,2.1061639700246815,0.001159375999122858,88.91875036361836,88.54302609131129,177.46177645492966,88.91875036361836
P2_adult_k16_t1,P2,adult,,16,15,16001,runnerup,4.49752024999998,2.1119492160078153,4.568168584000887,0.9993395433850149,0.9647263028997806,0.9707737574793436,0.9925297104576474,1,1,451980,30132,0,0,30132,482112,0.0,0.0,0.0,0.06666666666666667,0,0.0,0.0021994189937686315,0.0,0.18492691600476974,0.1582150410004033,0.22863412500009872,0.005451375000120606,0.018282875000295462,2.0499671760062483,0.0006037920002199826,88.91875036361836,88.54302609131129,177.46177645492966,88.91875036361836
P2_adult_k16_t2,P2,adult,,16,15,16002,fresh,4.4860709579998,2.0694654439857914,4.525245082998481,1.0,0.955737919694443,1.0,1.0,0,0,451980,0,0,0,0,451980,,0.0,0.0,0.0,,0.0,0.0,0.00789070900009392,0.0,0.0,0.0,0.0,0.01771070900031191,2.0113103199855686,0.0,87.24065098152845,87.231897700473,174.47254868200145,87.24065098152845
P2_adult_k16_t2,P2,adult,,16,15,16002,none,4.287508125000386,2.081727187008255,4.357822458001465,1.0463119432571095,1.0,0.9941098223153412,1.038418872409455,0,0,451980,0,0,0,0,451980,,0.0,0.0,0.0,0,0.0,0.0,0.0,0.0,0.0,0.0,0.005350958000235551,0.018350041000303463,2.0236249780055005,0.000705001000824268,87.24065098152845,87.231897700473,174.47254868200145,87.24065098152845
P2_adult_k16_t2,P2,adult,,16,15,16002,basic,4.44927962499969,2.11777538800834,4.520888416999696,1.0082690538920922,0.9636409680591124,0.9771883532615885,1.0009636747464066,0,1,451980,30132,0,0,30132,482112,0.0,0.0,0.0,0.06666666666666667,0,0.0,0.0009709989999464597,0.0,0.18379883800844254,0.15608904100008658,0.22535758300000452,0.005262542000309622,0.018129207999663777,2.0575678460090785,0.0006032910005160375,87.24065098152845,87.231897700473,174.47254868200145,87.24065098152845
P2_adult_k16_t2,P2,adult,,16,15,16002,runnerup,4.438912790999893,2.103395471989643,4.509050081998794,1.0106238102031475,0.9658914979572278,0.9838689260028898,1.0035916658065833,0,1,451980,30132,0,0,30132,482112,0.0,0.0,0.0,0.06666666666666667,0,0.0,0.0021777470001325128,0.0,0.18423854000502615,0.15627558399955888,0.227017541999885,0.005352458000743354,0.01815012499992008,2.043526597989512,0.0004882909988737083,87.24065098152845,87.231897700473,174.47254868200145,87.24065098152845
P2_adult_k16_t3,P2,adult,,16,15,16003,fresh,4.609827125000265,2.084081351007626,4.648227750000842,1.0,0.9525220627443166,1.0,1.0,0,0,451980,0,0,0,0,451980,,0.0,0.0,0.0,,0.0,0.0,0.007939249999253661,0.0,0.0,0.0,0.0,0.018114917000275454,2.021123895007804,0.0,86.78479112125103,86.78415064454691,173.56894176579794,86.78479112125103
P2_adult_k16_t3,P2,adult,,16,15,16003,none,4.3909620419999555,2.125904744027139,4.461228999998639,1.0498444488717609,1.0,0.9803267793926241,1.0419164203411797,0,0,451980,0,0,0,0,451980,,0.0,0.0,0.0,0,0.0,0.0,0.0,0.0,0.0,0.0,0.0055245000003196765,0.018728666999777488,2.0662623690268447,0.0010988330004693125,86.78479112125103,86.78415064454691,173.56894176579794,86.78479112125103
P2_adult_k16_t3,P2,adult,,16,15,16003,basic,4.508149165999384,2.1012292429668378,4.578365833000134,1.0225542579131452,0.9740054910154131,0.9918391141677622,1.0152591382054168,0,1,451980,30132,0,0,30132,482112,0.0,0.0,0.0,0.06666666666666667,0,0.0,0.0009794170027817017,0.0,0.18232608200469258,0.1576493330003359,0.2223727090004104,0.005284666999614274,0.01821429099982197,2.039454241968997,0.0007908749967100448,86.78479112125103,86.78415064454691,173.56894176579794,86.78479112125103
P2_adult_k16_t3,P2,adult,,16,15,16003,runnerup,4.454853250000269,2.0792091400035133,4.524212293000346,1.0347876498513136,0.9856580667387169,1.0023433001088597,1.0274115025929191,0,1,451980,30132,0,0,30132,482112,0.0,0.0,0.0,0.06666666666666667,0,0.0,0.0022597570041398285,0.0,0.18547483400016063,0.15765624999949068,0.2272979170002145,0.005260875000203669,0.018053125000733417,2.018781845004014,0.0005940849987382535,86.78479112125103,86.78415064454691,173.56894176579794,86.78479112125103
P2_adult_k16_t4,P2,adult,,16,15,16004,fresh,4.511172249999618,2.094921438005258,4.549978789999841,1.0,0.9472708932806707,1.0,1.0,0,0,451980,0,0,0,0,451980,,0.0,0.0,0.0,,0.0,0.0,0.00787520899939409,0.0,0.0,0.0,0.0,0.017767874999663036,2.0365222300051755,0.0,88.78159259341429,88.72543828582654,177.50703087924083,88.78159259341429
P2_adult_k16_t4,P2,adult,,16,15,16004,none,4.273302167000111,2.067134570017515,4.343847793998975,1.0556642319460627,1.0,1.013442215321041,1.0474535494281443,0,0,451980,0,0,0,0,451980,,0.0,0.0,0.0,0,0.0,0.0,0.0,0.0,0.0,0.0,0.005635124999571417,0.019275624999863794,2.0080305270175813,0.0007803369999237475,88.78159259341429,88.72543828582654,177.50703087924083,88.78159259341429
P2_adult_k16_t4,P2,adult,,16,15,16004,basic,4.417635750000045,2.070569096995314,4.488318542000343,1.0211734297015258,0.9673278669478504,1.0117611824909793,1.0137379393691646,0,1,451980,30132,0,0,30132,482112,0.0,0.0,0.0,0.06666666666666667,0,0.0,0.0009695880007711821,0.0,0.1835345379968203,0.15524116699998558,0.22445362500002375,0.005550165999920864,0.01817116599977453,2.0106858889985233,0.0006213329988895566,88.78159259341429,88.72543828582654,177.50703087924083,88.78159259341429
P2_adult_k16_t4,P2,adult,,16,15,16004,runnerup,4.425018041999465,2.078679415005354,4.494829625998136,1.0194697981301843,0.9657140663474446,1.0078136257484718,1.0122694670522596,0,1,451980,30132,0,0,30132,482112,0.0,0.0,0.0,0.06666666666666667,0,0.0,0.002269379000608751,0.0,0.184862383998734,0.15616795899950375,0.22770133300036832,0.005219374999796855,0.018119250000381726,2.0184439980057505,0.0006216240026333253,88.78159259341429,88.72543828582654,177.50703087924083,88.78159259341429
P2_bank_k2_t0,P2,bank,,2,15,2000,fresh,1.0376249590008229,0.1597982390103425,1.043693083001017,1.0,0.9537618340950671,1.0,1.0,0,0,677490,0,0,0,0,677490,,0.0,0.0,0.0,,0.0,0.0,0.004355583000688057,0.0,0.0,0.0,0.0,0.00020495799981290475,0.10687540500930481,0.0,39.8270606645648,39.73173527996343,79.55879594452823,39.8270606645648
P2_bank_k2_t0,P2,bank,,2,15,2000,none,0.9896470839994436,0.15699304199915787,1.0111940019978647,1.0484797821133238,1.0,1.0178682887818664,1.032139313464026,0,0,677490,0,0,0,0,677490,,0.0,0.0,0.0,0,0.0,0.0,0.0,0.0,0.0,0.0,0.003229165999982797,0.00021904200002609286,0.10760141499940801,0.0003992910033048247,39.8270606645648,39.73173527996343,79.55879594452823,39.8270606645648
P2_bank_k2_t0,P2,bank,,2,15,2000,basic,1.0611252910002804,0.16076170099859155,1.082931625001038,0.9778533862129469,0.9326392391105321,0.9940068935432732,0.9637663716765282,1,1,677490,45166,0,0,45166,722656,0.0,0.0,0.0,0.06666666666666667,0,0.0,0.00047200200333463727,0.0,0.0660817509970002,0.05428837499948713,0.06850074999965727,0.0030164999998305575,0.00022762500066164648,0.10753945099713746,0.0003680420013552066,39.8270606645648,39.73173527996343,79.55879594452823,39.8270606645648
P2_bank_k2_t0,P2,bank,,2,15,2000,runnerup,1.0561084169994501,0.1604268709934331,1.0780027909995624,0.982498522215038,0.9370695925435076,0.9960815044312848,0.968172895019379,1,1,677490,45166,0,0,45166,722656,0.0,0.0,0.0,0.06666666666666667,0,0.0,0.0005983740029478213,0.0,0.06747354199615074,0.0544564169995283,0.06999966700004734,0.003096208999522787,0.00022608400013268692,0.10760720299185778,0.0003718289981406997,39.8270606645648,39.73173527996343,79.55879594452823,39.8270606645648
P2_bank_k2_t1,P2,bank,,2,15,2001,fresh,1.0296304170005897,0.15976191999834555,1.0357600420011295,1.0,0.9969601548781005,1.0,1.0,0,0,677490,0,0,0,0,677490,,0.0,0.0,0.0,,0.0,0.0,0.004718041999694833,0.0,0.0,0.0,0.0,0.000225042000238318,0.1071400429982532,0.0,41.17062280833128,41.15009915882893,82.32072196716021,41.17062280833128
P2_bank_k2_t1,P2,bank,,2,15,2001,none,1.026500500000111,0.16415688100642,1.0487555000008797,1.003049113956085,1.0,0.9732270680270626,0.9876086866769811,0,0,677490,0,0,0,0,677490,,0.0,0.0,0.0,0,0.0,0.0,0.0,0.0,0.0,0.0,0.0032557079994148808,0.00021699999979318818,0.11133563000839786,0.0004891240005235886,41.17062280833128,41.15009915882893,82.32072196716021,41.17062280833128
P2_bank_k2_t1,P2,bank,,2,15,2001,basic,0.24386745799984055,0.12311062700337061,0.2656564589997288,4.2220902511776,4.209255750723338,1.2977102293043432,3.8988701645013903,0,0,677490,677490,677014,677014,0,476,0.9992974066037875,0.9992974066037875,0.9992974066037875,0.0,,0.0,0.006500120977761981,0.0,0.025287506993663555,0.0,0.0,0.003073666999625857,0.0002105410003423458,0.1113670450022255,0.00035650000063469633,41.17062280833128,41.15009915882893,82.32072196716021,41.17062280833128
P2_bank_k2_t1,P2,bank,,2,15,2001,runnerup,0.24589558300067438,0.12287982598900271,0.268621457998961,4.187266824543839,4.1745381819131575,1.3001476744656495,3.855835083752452,0,0,677490,677490,677014,677014,0,476,0.9992974066037875,0.9992974066037875,0.9992974066037875,0.0,,0.0,0.008775645994319348,0.0,0.02533641699483269,0.0,0.0,0.003073333999964234,0.00022658300076727755,0.11099253498559847,0.00035370999921724433,41.17062280833128,41.15009915882893,82.32072196716021,41.17062280833128
P2_bank_k2_t2,P2,bank,,2,15,2002,fresh,1.0344447920006132,0.16146954299165373,1.041127125001367,1.0,0.9760119706795639,1.0,1.0,0,0,677490,0,0,0,0,677490,,0.0,0.0,0.0,,0.0,0.0,0.004620040999725461,0.0,0.0,0.0,0.0,0.0002344169997741119,0.10709629399116238,0.0,41.08170722578973,41.0130477009104,82.09475492670013,41.08170722578973
P2_bank_k2_t2,P2,bank,,2,15,2002,none,1.00963049999973,0.15780037199328945,1.0317847919995984,1.0245775974486604,1.0,1.023251979396603,1.0090545364442358,0,0,677490,0,0,0,0,677490,,0.0,0.0,0.0,0,0.0,0.0,0.0,0.0,0.0,0.0,0.003194999999323045,0.0002112910005962476,0.10520537099273497,0.00037196000175754307,41.08170722578973,41.0130477009104,82.09475492670013,41.08170722578973
P2_bank_k2_t2,P2,bank,,2,15,2002,basic,1.086747041000308,0.1631491200050732,1.1084537489996364,0.9518726557087723,0.9290391065343089,0.9897052646476595,0.9392607728928422,1,1,677490,45166,0,0,45166,722656,0.0,0.0,0.0,0.06666666666666667,0,0.0,0.0004983780017937534,0.0,0.06720758299888985,0.055007375000059255,0.06988812500003405,0.003200666999873647,0.00020583300010912353,0.10624415700567624,0.00038870800199219957,41.08170722578973,41.0130477009104,82.09475492670013,41.08170722578973
P2_bank_k2_t2,P2,bank,,2,15,2002,runnerup,1.0870188339995366,0.1631347219881718,1.1092602920007266,0.9516346540147015,0.9288068140318537,0.9897926144954058,0.938577836518,1,1,677490,45166,0,0,45166,722656,0.0,0.0,0.0,0.06666666666666667,0,0.0,0.0005997919970468502,0.0,0.06780208400050469,0.05523345799974777,0.07042587500018271,0.0031640000006518676,0.00020683399998233654,0.10653626199109567,0.0003542059994288138,41.08170722578973,41.0130477009104,82.09475492670013,41.08170722578973
P2_bank_k2_t3,P2,bank,,2,15,2003,fresh,1.0286194580003212,0.1578838609957529,1.03483524999956,1.0,0.9901462587336194,1.0,1.0,0,0,677490,0,0,0,0,677490,,0.0,0.0,0.0,,0.0,0.0,0.00439658400046028,0.0,0.0,0.0,0.0,0.0002042500000243308,0.10557706999679795,0.0,41.146425837454146,41.10156705882863,82.24799289628278,41.146425837454146
P2_bank_k2_t3,P2,bank,,2,15,2003,none,1.0184837079996214,0.16101128999889625,1.040121748999809,1.0099518037658228,1.0,0.9805763372048956,0.9949174228831071,0,0,677490,0,0,0,0,677490,,0.0,0.0,0.0,0,0.0,0.0,0.0,0.0,0.0,0.0,0.003124458999991475,0.00021879199994145893,0.10751095799969335,0.0003500030015857192,41.146425837454146,41.10156705882863,82.24799289628278,41.146425837454146
P2_bank_k2_t3,P2,bank,,2,15,2003,basic,1.0625825420002002,0.16306916699886642,1.084391833999689,0.9680372275494503,0.9584984391729537,0.9682017998954422,0.9543001132557927,1,1,677490,45166,0,0,45166,722656,0.0,0.0,0.0,0.06666666666666667,0,0.0,0.00046299999848997686,0.0,0.06700220899892884,0.05432858300082444,0.06942404199980956,0.003296165999927325,0.00020329100061644567,0.10705700499875093,0.00036200099930283614,41.146425837454146,41.10156705882863,82.24799289628278,41.146425837454146
P2_bank_k2_t3,P2,bank,,2,15,2003,runnerup,1.068578334000449,0.16323757499139901,1.0904788750003718,0.9626055716004147,0.9531203053562879,0.9672029310902946,0.9489732205946741,1,1,677490,45166,0,0,45166,722656,0.0,0.0,0.0,0.06666666666666667,0,0.0,0.0006161249984870665,0.0,0.067555291001554,0.05477933300062432,0.07015791699996043,0.003103791999819805,0.0002129580007022014,0.10711190698930295,0.00035833199945045635,41.146425837454146,41.10156705882863,82.24799289628278,41.146425837454146
P2_bank_k2_t4,P2,bank,,2,15,2004,fresh,1.0521349589998863,0.16314487501040276,1.0585174590005408,1.0,0.9607521823632313,1.0,1.0,0,0,677490,0,0,0,0,677490,,0.0,0.0,0.0,,0.0,0.0,0.004551082999569189,0.0,0.0,0.0,0.0,0.00022008300038578454,0.10883354100860743,0.0,39.82048075483742,39.74266836751264,79.56314912235007,39.82048075483742
P2_bank_k2_t4,P2,bank,,2,15,2004,none,1.0108409579997897,0.1608928349933194,1.033270666000135,1.0408511355552978,1.0,1.0139971429876093,1.0244338621342441,0,0,677490,0,0,0,0,677490,,0.0,0.0,0.0,0,0.0,0.0,0.0,0.0,0.0,0.0,0.003360582999448525,0.00021562500023719622,0.10914646199398703,0.00039904299956106115,39.82048075483742,39.74266836751264,79.56314912235007,39.82048075483742
P2_bank_k2_t4,P2,bank,,2,15,2004,basic,1.087422417000198,0.1685632370035819,1.1110182900019936,0.9675494477135601,0.9295752434351421,0.9678556125908759,0.952745304488769,1,1,677490,45166,0,0,45166,722656,0.0,0.0,0.0,0.06666666666666667,0,0.0,0.00047983299555198755,0.0,0.06756187200062413,0.05664729199997964,0.07020529200053716,0.003102624999883119,0.00021700000070268288,0.1119687820037143,0.0005159580014151288,39.82048075483742,39.74266836751264,79.56314912235007,39.82048075483742
P2_bank_k2_t4,P2,bank,,2,15,2004,runnerup,1.0688546250003128,0.16330675800418248,1.090900000000147,0.9843573993980504,0.9457235196970718,0.9990087183423506,0.9703157567150044,1,1,677490,45166,0,0,45166,722656,0.0,0.0,0.0,0.06666666666666667,0,0.0,0.0006156659992484492,0.0,0.06795574900024803,0.05499937499916996,0.07060424999963288,0.0031532909997622482,0.00021970800025883364,0.10841417700339662,0.00039354000091407215,39.82048075483742,39.74266836751264,79.56314912235007,39.82048075483742
P2_bank_k3_t0,P2,bank,,3,15,3000,fresh,1.3112700000001496,0.2234375500038368,1.3186498759996539,1.0,0.9696829531673192,1.0,1.0,0,0,677490,0,0,0,0,677490,,0.0,0.0,0.0,,0.0,0.0,0.004583957999784616,0.0,0.0,0.0,0.0,0.0003235000003769528,0.15835454900479817,0.0,39.70139663752259,39.575446041289275,79.27684267881186,39.70139663752259
P2_bank_k3_t0,P2,bank,,3,15,3000,none,1.2715161659998557,0.22563438099587074,1.2957139580003059,1.0312649064662371,1.0,0.9902637577556315,1.01770137448758,0,0,677490,0,0,0,0,677490,,0.0,0.0,0.0,0,0.0,0.0,0.0,0.0,0.0,0.0,0.00311779099956766,0.0003348749996803235,0.15988975699565344,0.00045991600291017676,39.70139663752259,39.575446041289275,79.27684267881186,39.70139663752259
P2_bank_k3_t0,P2,bank,,3,15,3000,basic,1.3514832920000117,0.22939574700376397,1.3753059170003326,0.9702450690749185,0.9408301038765966,0.9740265585663652,0.9588047718690467,1,1,677490,45166,0,0,45166,722656,0.0,0.0,0.0,0.06666666666666667,0,0.0,0.0004637499996533734,0.0,0.07975241699841717,0.06751587500002643,0.08254375000069558,0.0032223339994743583,0.0003002499997819541,0.1597633300043526,0.00045745800161967054,39.70139663752259,39.575446041289275,79.27684267881186,39.70139663752259
P2_bank_k3_t0,P2,bank,,3,15,3000,runnerup,1.3508394159998716,0.23198267099269287,1.3736400839989074,0.9707075352325034,0.9412785494260234,0.9631648305785512,0.9599675281466982,1,1,677490,45166,0,0,45166,722656,0.0,0.0,0.0,0.06666666666666667,0,0.0,0.0011144979998789495,0.0,0.07896149799944396,0.06688883300012094,0.08246587499979796,0.0031517500001427834,0.00030816700018476695,0.16306450199317624,0.00047729400102980435,39.70139663752259,39.575446041289275,79.27684267881186,39.70139663752259
P2_bank_k3_t1,P2,bank,,3,15,3001,fresh,1.311911792000501,0.22658132000287878,1.3190159170007973,1.0,0.966557329335455,1.0,1.0,0,0,677490,0,0,0,0,677490,,0.0,0.0,0.0,,0.0,0.0,0.004490415999498509,0.0,0.0,0.0,0.0,0.0003067500001634471,0.16136727900357073,0.0,38.0719817690158,37.975600428161194,76.047582197177,38.0719817690158
P2_bank_k3_t1,P2,bank,,3,15,3001,none,1.2680379579996952,0.22383979700316559,1.2926845409992893,1.034599779702191,1.0,1.0122477014204692,1.0203695295846527,0,0,677490,0,0,0,0,677490,,0.0,0.0,0.0,0,0.0,0.0,0.0,0.0,0.0,0.0,0.0032782500002213055,0.00033520800025144126,0.16151008900305897,0.00047154199728538515,38.0719817690158,37.975600428161194,76.047582197177,38.0719817690158
P2_bank_k3_t1,P2,bank,,3,15,3001,basic,1.3589330000004338,0.23106024099070055,1.3820014579996496,0.9653984353901791,0.9331129334553583,0.9806157867376152,0.9544244033649434,1,1,677490,45166,0,0,45166,722656,0.0,0.0,0.0,0.06666666666666667,0,0.0,0.00046087599821476033,0.0,0.08018887499929406,0.06801075000021228,0.08301537500028644,0.003253083000345214,0.0003122910002275603,0.165762031990198,0.00044895699920743937,38.0719817690158,37.975600428161194,76.047582197177,38.0719817690158
P2_bank_k3_t1,P2,bank,,3,15,3001,runnerup,1.3607147080001596,0.22946817299725808,1.3840597500002332,0.9641343510783504,0.9318911234988624,0.9874193751722867,0.9530050397033619,1,1,677490,45166,0,0,45166,722656,0.0,0.0,0.0,0.06666666666666667,0,0.0,0.0011026640022464562,0.0,0.08080504200188443,0.06761691700012307,0.0842846660007126,0.003303958000287821,0.0003036250000150176,0.1632767569990392,0.0004186689993730397,38.0719817690158,37.975600428161194,76.047582197177,38.0719817690158
P2_bank_k3_t2,P2,bank,,3,15,3002,fresh,1.3063062920000448,0.22372861999247107,1.3133563329993194,1.0,0.9637175758158089,1.0,1.0,0,0,677490,0,0,0,0,677490,,0.0,0.0,0.0,,0.0,0.0,0.004507333999754337,0.0,0.0,0.0,0.0,0.00029941599950689124,0.15948120399207255,0.0,39.54093519662101,39.54907024147336,79.09000543809437,39.54907024147336
P2_bank_k3_t2,P2,bank,,3,15,3002,none,1.2589103329992213,0.22506062399315852,1.2816955829994185,1.0376483993803653,1.0,0.9940815768789126,1.0247022385189224,0,0,677490,0,0,0,0,677490,,0.0,0.0,0.0,0,0.0,0.0,0.0,0.0,0.0,0.0,0.0030761669995627017,0.00029875000018364517,0.15961812299428857,0.0004120419998798752,39.54093519662101,39.54907024147336,79.09000543809437,39.54907024147336
P2_bank_k3_t2,P2,bank,,3,15,3002,basic,1.3259464579996347,0.2288367519968233,1.3488628759996573,0.9851878136699277,0.9494428115132595,0.9776778338279196,0.9736766845376899,1,1,677490,45166,0,0,45166,722656,0.0,0.0,0.0,0.06666666666666667,0,0.0,0.00046400300016102847,0.0,0.08011620799970842,0.0683444159994906,0.08278700000028039,0.0031712500003777677,0.00029999999969732016,0.16021604699926684,0.00039787400237401016,39.54093519662101,39.54907024147336,79.09000543809437,39.54907024147336
P2_bank_k3_t2,P2,bank,,3,15,3002,runnerup,1.3341651660002753,0.22794628899009695,1.356893332999789,0.9791188717033069,0.943594065473421,0.981497092949782,0.9679142059720944,1,1,677490,45166,0,0,45166,722656,0.0,0.0,0.0,0.06666666666666667,0,0.0,0.0010913369987974875,0.0,0.08077624999987165,0.06835583399970346,0.08415162500023143,0.0031214999999065185,0.000299958000141487,0.15981216499039874,0.00037208299909252673,39.54093519662101,39.54907024147336,79.09000543809437,39.54907024147336
P2_bank_k3_t3,P2,bank,,3,15,3003,fresh,1.2858567079993009,0.21923533898552705,1.292990291998649,1.0,0.982298442853005,1.0,1.0,0,0,677490,0,0,0,0,677490,,0.0,0.0,0.0,,0.0,0.0,0.0044269580002946896,0.0,0.0,0.0,0.0,0.00029829199957021046,0.15588504598690633,0.0,40.250606750038955,40.24744665612418,80.49805340616314,40.250606750038955
P2_bank_k3_t3,P2,bank,,3,15,3003,none,1.2630950419998044,0.22050570600003994,1.2864903740000955,1.018020548923586,1.0,0.9942388474314009,1.0050524420002795,0,0,677490,0,0,0,0,677490,,0.0,0.0,0.0,0,0.0,0.0,0.0,0.0,0.0,0.0,0.0030962910004745936,0.0003014579997397959,0.156525332999081,0.0003706679990500561,40.250606750038955,40.24744665612418,80.49805340616314,40.250606750038955
P2_bank_k3_t3,P2,bank,,3,15,3003,basic,1.3461566250007309,0.22703295600967976,1.3686948750009833,0.9552058684097051,0.9382972371429057,0.9656542505493332,0.9446884880004537,1,1,677490,45166,0,0,45166,722656,0.0,0.0,0.0,0.06666666666666667,0,0.0,0.0004887880013484391,0.0,0.08072316800098633,0.06734170900017489,0.08362637500067649,0.0030506250004691537,0.0003051250005228212,0.15851299700625532,0.0004634989973055781,40.250606750038955,40.24744665612418,80.49805340616314,40.250606750038955
P2_bank_k3_t3,P2,bank,,3,15,3003,runnerup,1.341833499999666,0.22692387099959888,1.3648761669992382,0.9582833548272726,0.9413202472587835,0.9661184520596979,0.947331577223863,1,1,677490,45166,0,0,45166,722656,0.0,0.0,0.0,0.06666666666666667,0,0.0,0.0011427109984651906,0.0,0.08236254099756479,0.06610758400074701,0.0859602079999604,0.0033535419997861027,0.0003377499997441191,0.15899216200159572,0.00037824900209670886,40.250606750038955,40.24744665612418,80.49805340616314,40.250606750038955
P2_bank_k3_t4,P2,bank,,3,15,3004,fresh,1.280666999999994,0.21783328599394736,1.2876826260007874,1.0,0.9836794685894689,1.0,1.0,0,0,677490,0,0,0,0,677490,,0.0,0.0,0.0,,0.0,0.0,0.004409832999954233,0.0,0.0,0.0,0.0,0.00029366600028879475,0.15475762299320195,0.0,39.364461635011246,39.35691839070461,78.72138002571586,39.364461635011246
P2_bank_k3_t4,P2,bank,,3,15,3004,none,1.2597658340000635,0.22339708599793084,1.2821924590007256,1.0165913104132729,1.0,0.9750945721644954,1.0042818587502382,0,0,677490,0,0,0,0,677490,,0.0,0.0,0.0,0,0.0,0.0,0.0,0.0,0.0,0.0,0.003108165999947232,0.00029562500003521563,0.16203721099827817,0.0004987090023860219,39.364461635011246,39.35691839070461,78.72138002571586,39.364461635011246
P2_bank_k3_t4,P2,bank,,3,15,3004,basic,1.3469325840005695,0.22958740999547445,1.3697955410007125,0.9508025978525534,0.9352849941890862,0.9488032727850417,0.94005461943617,1,1,677490,45166,0,0,45166,722656,0.0,0.0,0.0,0.06666666666666667,0,0.0,0.00048441400031151716,0.0,0.08006879099957587,0.06645995799954107,0.08292533300027571,0.0032406660002379795,0.00029016699954809155,0.16127586999664345,0.0005794160015284433,39.364461635011246,39.35691839070461,78.72138002571586,39.364461635011246
P2_bank_k3_t4,P2,bank,,3,15,3004,runnerup,1.3226051669998924,0.22284558600313176,1.3454613739986598,0.9682912421285726,0.952488214496871,0.977507743819014,0.9570565538970798,1,1,677490,45166,0,0,45166,722656,0.0,0.0,0.0,0.06666666666666667,0,0.0,0.0010886230002142838,0.0,0.07980504100123653,0.06655425000008108,0.08323087499957182,0.003151833000629267,0.00029366600028879475,0.15831671400246705,0.0003789989996221266,39.364461635011246,39.35691839070461,78.72138002571586,39.364461635011246
P2_bank_k4_t0,P2,bank,,4,15,4000,fresh,1.4090324580001834,0.2764866710149363,1.41683541600014,1.0,1.0419550015784094,1.0,1.0,0,0,677490,0,0,0,0,677490,,0.0,0.0,0.0,,0.0,0.0,0.004380624999612337,0.0,0.0,0.0,0.0,0.0004072090005138307,0.20805054401625966,0.0,37.05350889134011,36.946165232535925,73.99967412387603,37.05350889134011
P2_bank_k4_t0,P2,bank,,4,15,4000,none,1.468148416999611,0.2762318720024268,1.491683999000088,0.9597343440792994,1.0,1.0009224098966654,0.9498227620259244,1,0,677490,0,0,0,0,677490,,0.0,0.0,0.0,0,0.0,0.0,0.0,0.0,0.0,0.0,0.0029321669999262667,0.0004493329997785622,0.20839883100143197,0.00037649999921995914,37.05350889134011,36.946165232535925,73.99967412387603,37.05350889134011
P2_bank_k4_t0,P2,bank,,4,15,4000,basic,1.4536653749992183,0.2761855010066938,1.4772206259985978,0.9692962921407832,1.009963119607496,1.001090462776448,0.9591224161538919,1,0,677490,45166,0,0,45166,722656,0.0,0.0,0.0,0.06666666666666667,0,0.0,0.0004861690003963304,0.0,0.08312862499951734,0.07054874999994354,0.08639399999992747,0.0030820000001767767,0.00041854200026136823,0.20878800300397415,0.0003905419998773141,37.05350889134011,36.946165232535925,73.99967412387603,37.05350889134011
P2_bank_k4_t0,P2,bank,,4,15,4000,runnerup,1.457768207999834,0.2765771699960169,1.48135287399964,0.9665682447098228,1.0071206169422637,0.9996727894023867,0.9564469350065772,1,0,677490,45166,0,0,45166,722656,0.0,0.0,0.0,0.06666666666666667,0,0.0,0.0010859179992621648,0.0,0.08366975000080856,0.07074037499933183,0.08748820799974055,0.003200499999366002,0.0004207500005577458,0.20911450299627177,0.00037625100412697066,37.05350889134011,36.946165232535925,73.99967412387603,37.05350889134011
P2_bank_k4_t1,P2,bank,,4,15,4001,fresh,1.4030059160004384,0.2710735129949171,1.4110161240005255,1.0,0.9909708449149949,1.0,1.0,0,0,677490,0,0,0,0,677490,,0.0,0.0,0.0,,0.0,0.0,0.004411709000123665,0.0,0.0,0.0,0.0,0.0004153749996476108,0.20374517799609748,0.0,37.838040225857675,37.71091201698455,75.54895224284223,37.838040225857675
P2_bank_k4_t1,P2,bank,,4,15,4001,none,1.3903379579996908,0.27485920799244923,1.4138172089988075,1.0091114235412038,1.0,0.9862267848867696,0.9980187785376685,0,0,677490,0,0,0,0,677490,,0.0,0.0,0.0,0,0.0,0.0,0.0,0.0,0.0,0.0,0.0030592080001952127,0.0004195829997115652,0.2107761259921972,0.0004718729987871484,37.838040225857675,37.71091201698455,75.54895224284223,37.838040225857675
P2_bank_k4_t1,P2,bank,,4,15,4001,basic,1.495008417000463,0.28088791200843843,1.5187510819996533,0.938460212027023,0.9299867092315243,0.9650593756657407,0.9290634526776571,1,1,677490,45166,0,0,45166,722656,0.0,0.0,0.0,0.06666666666666667,0,0.0,0.0005479609999383683,0.0,0.08807341800093127,0.07189391599968076,0.09181504200023483,0.002989667000292684,0.00043249999998806743,0.2113304960066671,0.0005735840013585403,37.838040225857675,37.71091201698455,75.54895224284223,37.838040225857675
P2_bank_k4_t1,P2,bank,,4,15,4001,runnerup,1.4948888749995604,0.27962607999143074,1.5186821679990317,0.938535258014313,0.9300610776169564,0.9694142728146969,0.9291056112548134,1,1,677490,45166,0,0,45166,722656,0.0,0.0,0.0,0.06666666666666667,0,0.0,0.001175836999209423,0.0,0.08570978999887302,0.07279358300002059,0.08997145800003636,0.00311845899977925,0.0004553339995254646,0.2105203279925263,0.0004619999981514411,37.838040225857675,37.71091201698455,75.54895224284223,37.838040225857675
P2_bank_k4_t2,P2,bank,,4,15,4002,fresh,1.447549667000203,0.28430207700512256,1.4553762909999932,1.0,0.9708423358706637,1.0,1.0,0,0,677490,0,0,0,0,677490,,0.0,0.0,0.0,,0.0,0.0,0.004529958000603074,0.0,0.0,0.0,0.0,0.0004152909996264498,0.21299562000604055,0.0,38.21759315507093,38.20048957055814,76.41808272562906,38.21759315507093
P2_bank_k4_t2,P2,bank,,4,15,4002,none,1.4053424999992785,0.28021262700622174,1.43005091699888,1.0300333669557038,1.0,1.014594096071231,1.0177094211821922,0,0,677490,0,0,0,0,677490,,0.0,0.0,0.0,0,0.0,0.0,0.0,0.0,0.0,0.0,0.0029793329995300155,0.0004163749999861466,0.2110210850059957,0.00044633299967244966,38.21759315507093,38.20048957055814,76.41808272562906,38.21759315507093
P2_bank_k4_t2,P2,bank,,4,15,4002,basic,1.521683375000066,0.2974037510039125,1.5455851660008193,0.951281778313534,0.9235446237291103,0.9559465072159847,0.9416344844753911,1,1,677490,45166,0,0,45166,722656,0.0,0.0,0.0,0.06666666666666667,0,0.0,0.0005050019981354126,0.0,0.08558858500055067,0.07093791700026486,0.08903525000005175,0.003080499999668973,0.00041479200081084855,0.217267421003271,0.0006627490010941983,38.21759315507093,38.20048957055814,76.41808272562906,38.21759315507093
P2_bank_k4_t2,P2,bank,,4,15,4002,runnerup,1.4970194589996026,0.2885858600056963,1.5210006670004077,0.9669544763082384,0.9387603424596844,0.9851559497735295,0.9568544725691452,1,1,677490,45166,0,0,45166,722656,0.0,0.0,0.0,0.06666666666666667,0,0.0,0.0011440839998613228,0.0,0.08506516899979033,0.08534633399995073,0.08903112499956478,0.0031197090002024197,0.00041966699973272625,0.21101931700559362,0.0005432099997051409,38.21759315507093,38.20048957055814,76.41808272562906,38.21759315507093
P2_bank_k4_t3,P2,bank,,4,15,4003,fresh,1.4354759170000762,0.2850899540062528,1.4437552910003433,1.0,0.967754306114235,1.0,1.0,0,0,677490,0,0,0,0,677490,,0.0,0.0,0.0,,0.0,0.0,0.0047963329998310655,0.0,0.0,0.0,0.0,0.0004190420004306361,0.21564024500730739,0.0,37.0147966993851,36.938706571100305,73.95350327048541,37.0147966993851
P2_bank_k4_t3,P2,bank,,4,15,4003,none,1.3891880000001038,0.27836716899491876,1.4131894989986904,1.033320124417983,1.0,1.0241507827076288,1.0216289407919534,0,0,677490,0,0,0,0,677490,,0.0,0.0,0.0,0,0.0,0.0,0.0,0.0,0.0,0.0,0.003072958000302606,0.0004359169997769641,0.21105033599451417,0.00041833199884422356,37.0147966993851,36.938706571100305,73.95350327048541,37.0147966993851
P2_bank_k4_t3,P2,bank,,4,15,4003,basic,1.4847899170008532,0.28205437900578545,1.5092096260013932,0.966787220578392,0.9356124958109515,1.0107623750113983,0.9566300573006089,1,1,677490,45166,0,0,45166,722656,0.0,0.0,0.0,0.06666666666666667,0,0.0,0.00046803900295344647,0.0,0.0842154979964107,0.07118058400010341,0.08750770799997554,0.0032720409999456024,0.00042991699956473894,0.20951883800626092,0.0004142090010645916,37.0147966993851,36.938706571100305,73.95350327048541,37.0147966993851
P2_bank_k4_t3,P2,bank,,4,15,4003,runnerup,1.536627999999837,0.2997796749950794,1.5619507080000403,0.9341726930657442,0.9040496463687056,0.9509982756867432,0.9243283309810478,1,1,677490,45166,0,0,45166,722656,0.0,0.0,0.0,0.06666666666666667,0,0.0,0.0011579200017877156,0.0,0.08447437699851434,0.07308937500056345,0.08855629099980433,0.0032572079999226844,0.0004257079999661073,0.22234209299494978,0.0006432110030800686,37.0147966993851,36.938706571100305,73.95350327048541,37.0147966993851
P2_bank_k4_t4,P2,bank,,4,15,4004,fresh,1.4240649579996898,0.2776111749899428,1.4321552910005266,1.0,0.9767342073728036,1.0,1.0,0,0,677490,0,0,0,0,677490,,0.0,0.0,0.0,,0.0,0.0,0.004806207999536127,0.0,0.0,0.0,0.0,0.000445291999312758,0.20917871599158389,0.0,37.91874400772286,37.85980146205851,75.77854546978138,37.91874400772286
P2_bank_k4_t4,P2,bank,,4,15,4004,none,1.3909329579992118,0.2724683659935181,1.4149747489982474,1.023819983421873,1.0,1.0188748847143123,1.012141942472431,0,0,677490,0,0,0,0,677490,,0.0,0.0,0.0,0,0.0,0.0,0.0,0.0,0.0,0.0,0.0031275420005840715,0.0004207089996270952,0.20927069899425987,0.000376790999325749,37.91874400772286,37.85980146205851,75.77854546978138,37.91874400772286
P2_bank_k4_t4,P2,bank,,4,15,4004,basic,1.4928072090006026,0.28367995698954473,1.5169519180017232,0.9539510188680466,0.9317565922865598,0.9786069412023155,0.9441006494702225,1,1,677490,45166,0,0,45166,722656,0.0,0.0,0.0,0.06666666666666667,0,0.0,0.0005108339973958209,0.0,0.08534129200052121,0.07078108400037308,0.0888254159999633,0.003223875000003318,0.0005048329994679079,0.2116744589902737,0.0005004589993404807,37.91874400772286,37.85980146205851,75.77854546978138,37.91874400772286
P2_bank_k4_t4,P2,bank,,4,15,4004,runnerup,1.5182899580004232,0.2863671160021113,1.5422244999999748,0.9379400492611918,0.9161181305783385,0.9694240695844982,0.9286295808428345,1,1,677490,45166,0,0,45166,722656,0.0,0.0,0.0,0.06666666666666667,0,0.0,0.0013023330029682256,0.0,0.08702274900133489,0.07385195899951214,0.09158316699995339,0.0035554579999370617,0.0004982499995094258,0.2160062020029727,0.0005739170001106686,37.91874400772286,37.85980146205851,75.77854546978138,37.91874400772286
P2_bank_k5_t0,P2,bank,,5,15,5000,fresh,1.5535945000001448,0.3361402770060522,1.562582250999185,1.0,0.9844421810193601,1.0,1.0,0,0,677490,0,0,0,0,677490,,0.0,0.0,0.0,,0.0,0.0,0.0045939999999973224,0.0,0.0,0.0,0.0,0.0005371670004024054,0.26297527400220133,0.0,35.98198444791649,35.89391286405181,71.8758973119683,35.98198444791649
P2_bank_k5_t0,P2,bank,,5,15,5000,none,1.5294239579998248,0.331604115997834,1.5549226250013817,1.0158036899277623,1.0,1.0136794472365591,1.0049260496147172,0,0,677490,0,0,0,0,677490,,0.0,0.0,0.0,0,0.0,0.0,0.0,0.0,0.0,0.0,0.0031950000002325396,0.0005458330006149481,0.26293199099836784,0.0006292499983828748,35.98198444791649,35.89391286405181,71.8758973119683,35.98198444791649
P2_bank_k5_t0,P2,bank,,5,15,5000,basic,1.620462249999946,0.34039062600459147,1.6464533340003982,0.9587353855359461,0.9438195539574438,0.9875133194811248,0.9490595443738261,1,1,677490,45166,0,0,45166,722656,0.0,0.0,0.0,0.06666666666666667,0,0.0,0.0004844169998250436,0.0,0.08820112500143296,0.07569375000002765,0.09181024999998044,0.0031875409995336668,0.0005581249997703708,0.2663354180058377,0.0005592479992628796,35.98198444791649,35.89391286405181,71.8758973119683,35.98198444791649
P2_bank_k5_t0,P2,bank,,5,15,5000,runnerup,1.6450986249992638,0.34298654299709597,1.6706495419994098,0.9443777268981912,0.929685269173761,0.9800392577177532,0.9353142066702442,1,1,677490,45166,0,0,45166,722656,0.0,0.0,0.0,0.06666666666666667,0,0.0,0.001162706997092755,0.0,0.0892592500003957,0.07586120900032256,0.09358987499945215,0.0032174170000871527,0.0005831660000694683,0.26848650299780275,0.0007216249987322954,35.98198444791649,35.89391286405181,71.8758973119683,35.98198444791649
P2_bank_k5_t1,P2,bank,,5,15,5001,fresh,1.5742040830000406,0.34166917100083083,1.583091792000232,1.0,0.9764317413471972,1.0,1.0,0,0,677490,0,0,0,0,677490,,0.0,0.0,0.0,,0.0,0.0,0.004577957999572391,0.0,0.0,0.0,0.0,0.0006040000007487833,0.26733396500003437,0.0,36.227123563407204,36.240143961387346,72.46726752479455,36.240143961387346
P2_bank_k5_t1,P2,bank,,5,15,5001,none,1.5371028339995974,0.34083095099504135,1.5630351669979063,1.02413712874623,1.0,1.002459342390538,1.0128318450063079,0,0,677490,0,0,0,0,677490,,0.0,0.0,0.0,0,0.0,0.0,0.0,0.0,0.0,0.0,0.0032562910000706324,0.0006020830005581956,0.2661064509939024,0.0007005829993431689,36.227123563407204,36.240143961387346,72.46726752479455,36.240143961387346
P2_bank_k5_t1,P2,bank,,5,15,5001,basic,1.6244670839996616,0.3478884550058865,1.6501795000003767,0.9690587753394999,0.9462197474725302,0.9821227640194313,0.9593452057790505,1,1,677490,45166,0,0,45166,722656,0.0,0.0,0.0,0.06666666666666667,0,0.0,0.0005012100018575438,0.0,0.08965108200300165,0.07635262500025419,0.09344837500066205,0.0031885409998722025,0.0005690830003004521,0.26877053800308204,0.0007090829994922387,36.227123563407204,36.240143961387346,72.46726752479455,36.240143961387346
P2_bank_k5_t1,P2,bank,,5,15,5001,runnerup,1.6308738340003401,0.3470274750079625,1.6561585420004121,0.9652519098541821,0.9425026031776268,0.9845594242732258,0.9558817902107817,1,1,677490,45166,0,0,45166,722656,0.0,0.0,0.0,0.06666666666666667,0,0.0,0.0011601670012169052,0.0,0.09003208199828805,0.07727145799981372,0.09449916699941241,0.003251209000154631,0.0006031250004525646,0.26735780700801115,0.0006704969991915277,36.227123563407204,36.240143961387346,72.46726752479455,36.240143961387346
P2_bank_k5_t2,P2,bank,,5,15,5002,fresh,1.5943654590000733,0.3428188309917459,1.6033388760006346,1.0,0.9438442212261738,1.0,1.0,0,0,677490,0,0,0,0,677490,,0.0,0.0,0.0,,0.0,0.0,0.0044887499998367275,0.0,0.0,0.0,0.0,0.0005802499999845168,0.265715412994723,0.0,37.20990427734053,37.222927235256094,74.43283151259662,37.222927235256094
P2_bank_k5_t2,P2,bank,,5,15,5002,none,1.5048326249998354,0.33131108300858614,1.529476789999535,1.0594968719529507,1.0,1.0347339662732067,1.0482923876217318,0,0,677490,0,0,0,0,677490,,0.0,0.0,0.0,0,0.0,0.0,0.0,0.0,0.0,0.0,0.003110292000201298,0.0005464579999170383,0.26223358200695657,0.00039687700154900085,37.20990427734053,37.222927235256094,74.43283151259662,37.222927235256094
P2_bank_k5_t2,P2,bank,,5,15,5002,basic,1.6288197920002858,0.34486870200726116,1.6545727510010693,0.978847056519432,0.9238791377601159,0.9940560827828555,0.9690349820100467,1,1,677490,45166,0,0,45166,722656,0.0,0.0,0.0,0.06666666666666667,0,0.0,0.0005058350006947876,0.0,0.08916321199922095,0.07689037500040286,0.09279216600043583,0.003117250000286731,0.0005744589998357696,0.2690839520073496,0.00068420799652813,37.20990427734053,37.222927235256094,74.43283151259662,37.222927235256094
P2_bank_k5_t2,P2,bank,,5,15,5002,runnerup,1.6422917500003678,0.3453597430016089,1.6682905410007152,0.9708174317990188,0.916300422869139,0.9926427093448147,0.9610669344434934,1,1,677490,45166,0,0,45166,722656,0.0,0.0,0.0,0.06666666666666667,0,0.0,0.0012120849978600745,0.0,0.08978654200018354,0.07729083300000639,0.09426108400020894,0.003221582999685779,0.000577417000386049,0.2685543649977262,0.0006708719993184786,37.20990427734053,37.222927235256094,74.43283151259662,37.222927235256094
P2_bank_k5_t3,P2,bank,,5,15,5003,fresh,1.5873621669998101,0.3392290120018515,1.5962257089986451,1.0,0.9583126003785466,1.0,1.0,0,0,677490,0,0,0,0,677490,,0.0,0.0,0.0,,0.0,0.0,0.00454070799969486,0.0,0.0,0.0,0.0,0.0005878750007468625,0.2637406820003889,0.0,36.20984955632439,36.18498318707407,72.39483274339845,36.20984955632439
P2_bank_k5_t3,P2,bank,,5,15,5003,none,1.521189166000113,0.33818108400282654,1.5462701240003298,1.0435008363711238,1.0,1.003098718552266,1.032307152691456,0,0,677490,0,0,0,0,677490,,0.0,0.0,0.0,0,0.0,0.0,0.0,0.0,0.0,0.0,0.003169208000144863,0.0005300839993651607,0.2665831690028426,0.000617999999121821,36.20984955632439,36.18498318707407,72.39483274339845,36.20984955632439
P2_bank_k5_t3,P2,bank,,5,15,5003,basic,1.6500021659994673,0.35169655099980446,1.6754757499993502,0.9620364140784544,0.9219316176343759,0.9645502949559495,0.9526999773045144,1,1,677490,45166,0,0,45166,722656,0.0,0.0,0.0,0.06666666666666667,0,0.0,0.0005047479990025749,0.0,0.08971441599896934,0.07802283399996668,0.09342679200017301,0.003079625000282249,0.0005665839998982847,0.2735295930015127,0.0007184979986050166,36.20984955632439,36.18498318707407,72.39483274339845,36.20984955632439
P2_bank_k5_t3,P2,bank,,5,15,5003,runnerup,1.594509375000598,0.3377023319953878,1.6225529580005968,0.9955176130583834,0.9540170724926232,1.0045207860942003,0.9837741819937923,1,1,677490,45166,0,0,45166,722656,0.0,0.0,0.0,0.06666666666666667,0,0.0,0.0010962099995595054,0.0,0.08750004499870556,0.07474054100021021,0.09151720899990323,0.003424000000450178,0.0005263329994704691,0.26307724799789867,0.00045253899770614225,36.20984955632439,36.18498318707407,72.39483274339845,36.20984955632439
P2_bank_k5_t4,P2,bank,,5,15,5004,fresh,1.5797547080001095,0.34594282898615347,1.588865708999947,1.0,0.9457281775668562,1.0,1.0,0,0,677490,0,0,0,0,677490,,0.0,0.0,0.0,,0.0,0.0,0.004949582999870472,0.0,0.0,0.0,0.0,0.0005967920005787164,0.27150682998308184,0.0,37.41765552132927,37.40287031725093,74.82052583858021,37.41765552132927
P2_bank_k5_t4,P2,bank,,5,15,5004,none,1.4940185409996047,0.3293156990030184,1.5185458329997346,1.057386280456159,1.0,1.0504899403018824,1.046307378066622,0,0,677490,0,0,0,0,677490,,0.0,0.0,0.0,0,0.0,0.0,0.0,0.0,0.0,0.0,0.0032002080006350297,0.0005458750001707813,0.2618617010057278,0.0004105020007045823,37.41765552132927,37.40287031725093,74.82052583858021,37.41765552132927
P2_bank_k5_t4,P2,bank,,5,15,5004,basic,1.5893540000006396,0.3367686989940921,1.6142859179999505,0.9939602555500372,0.9400162210552233,1.0272416350434703,0.9842529698632951,1,1,677490,45166,0,0,45166,722656,0.0,0.0,0.0,0.06666666666666667,0,0.0,0.0004659959959099069,0.0,0.08662029200058896,0.07458745799976896,0.09005954100030067,0.0031073340005605132,0.0005541250002352172,0.26388920099270763,0.0004870829998253612,37.41765552132927,37.40287031725093,74.82052583858021,37.41765552132927
P2_bank_k5_t4,P2,bank,,5,15,5004,runnerup,1.617430332999902,0.33825286800129106,1.6423746660002507,0.9767064928664259,0.9236988515162806,1.02273435560296,0.9674197623063582,1,1,677490,45166,0,0,45166,722656,0.0,0.0,0.0,0.06666666666666667,0,0.0,0.0013647950027007028,0.0,0.09234208499947272,0.0795403330002955,0.09760970800016366,0.0029886659995099762,0.000577417000386049,0.2643192009991253,0.0005186669995964621,37.41765552132927,37.40287031725093,74.82052583858021,37.41765552132927
P2_bank_k10_t0,P2,bank,,10,15,10000,fresh,2.151507333000154,0.6045231989992317,2.164467749999858,1.0,0.9716307227660507,1.0,1.0,0,0,677490,0,0,0,0,677490,,0.0,0.0,0.0,,0.0,0.0,0.004168333999587048,0.0,0.0,0.0,0.0,0.001598958000613493,0.5122467430001052,0.0,31.644875536181974,31.704194000519887,63.34906953670186,31.704194000519887
P2_bank_k10_t0,P2,bank,,10,15,10000,none,2.090470624999398,0.6020055499984664,2.1194667089976065,1.0291975918105876,1.0,1.0041821026413653,1.0212322471550093,0,0,677490,0,0,0,0,677490,,0.0,0.0,0.0,0,0.0,0.0,0.0,0.0,0.0,0.0,0.00298891599959461,0.001464417000534013,0.515020840998659,0.0005481269990923465,31.644875536181974,31.704194000519887,63.34906953670186,31.704194000519887
P2_bank_k10_t0,P2,bank,,10,15,10000,basic,2.2110175420002633,0.6194316760047514,2.2397207910007637,0.9730846961321385,0.9454789866154526,0.9759320073818677,0.966400704363118,1,1,677490,45166,0,0,45166,722656,0.0,0.0,0.0,0.06666666666666667,0,0.0,0.000513042002239672,0.0,0.10736779099715932,0.09585141600018687,0.1127665000003617,0.0030729590007467777,0.0014838750003036694,0.5270826310015764,0.0006144580011095968,31.644875536181974,31.704194000519887,63.34906953670186,31.704194000519887
P2_bank_k10_t0,P2,bank,,10,15,10000,runnerup,2.198274874999697,0.6070399619893578,2.2277112929996292,0.9787253438906045,0.9509596132738795,0.9958540406765342,0.9716105299647634,1,1,677490,45166,0,0,45166,722656,0.0,0.0,0.0,0.06666666666666667,0,0.0,0.001233873996170587,0.0,0.10913566900035221,0.09571150000010675,0.11527658300019539,0.0030773749995205435,0.001584292000188725,0.5142616289886064,0.0006212500011315569,31.644875536181974,31.704194000519887,63.34906953670186,31.704194000519887
P2_bank_k10_t1,P2,bank,,10,15,10001,fresh,2.1346353749995615,0.5833691800053202,2.147400331999961,1.0,0.9608846152473871,1.0,1.0,0,0,677490,0,0,0,0,677490,,0.0,0.0,0.0,,0.0,0.0,0.00435579199984204,0.0,0.0,0.0,0.0,0.0014667499999632128,0.49161426000591746,0.0,32.965143540636866,32.959767550321295,65.92491109095816,32.965143540636866
P2_bank_k10_t1,P2,bank,,10,15,10001,none,2.0511382909999156,0.5830914580064928,2.079977706000136,1.0407076813718599,1.0,1.000476292346619,1.0324150714718385,0,0,677490,0,0,0,0,677490,,0.0,0.0,0.0,0,0.0,0.0,0.0,0.0,0.0,0.0,0.003185334000590956,0.0015273330000127316,0.4919871240063003,0.0005293750000419095,32.965143540636866,32.959767550321295,65.92491109095816,32.965143540636866
P2_bank_k10_t1,P2,bank,,10,15,10001,basic,2.168157584000255,0.5867316669964566,2.196502333999888,0.9845388502901873,0.9460282343571915,0.9942691230416294,0.9776453677103494,1,1,677490,45166,0,0,45166,722656,0.0,0.0,0.0,0.06666666666666667,0,0.0,0.0004731270009870059,0.0,0.10729024999818648,0.09407233399997494,0.1123217089998434,0.0031432499999937136,0.0014830000000074506,0.48981587599882914,0.0004994989985789289,32.965143540636866,32.959767550321295,65.92491109095816,32.965143540636866
P2_bank_k10_t1,P2,bank,,10,15,10001,runnerup,2.159275957999853,0.5855291760062755,2.187790040999971,0.9885884974965793,0.9499194780549932,0.9963110360858737,0.981538580831299,1,1,677490,45166,0,0,45166,722656,0.0,0.0,0.0,0.06666666666666667,0,0.0,0.0011024999994333484,0.0,0.10620066600131395,0.09329620800053817,0.11186916699989524,0.0031531249996987754,0.0014915000001565204,0.48933109100471484,0.0004469980003705132,32.965143540636866,32.959767550321295,65.92491109095816,32.965143540636866
P2_bank_k10_t2,P2,bank,,10,15,10002,fresh,2.145171707999907,0.5975050419965555,2.157986332999826,1.0,0.9701174466541883,1.0,1.0,0,0,677490,0,0,0,0,677490,,0.0,0.0,0.0,,0.0,0.0,0.004395375000058266,0.0,0.0,0.0,0.0,0.0015383339996333234,0.5062453729979097,0.0,31.372211643467857,31.46626688950535,62.838478532973205,31.46626688950535
P2_bank_k10_t2,P2,bank,,10,15,10002,none,2.081068499999674,0.5997423329990852,2.1096334580015537,1.0308030264262054,1.0,0.9962695796520785,1.0229200360919934,0,0,677490,0,0,0,0,677490,,0.0,0.0,0.0,0,0.0,0.0,0.0,0.0,0.0,0.0,0.003453833000094164,0.0015015839999250602,0.5080387930001962,0.00046404299973801244,31.372211643467857,31.46626688950535,62.838478532973205,31.46626688950535
P2_bank_k10_t2,P2,bank,,10,15,10002,basic,2.207146042000204,0.6190052570109401,2.235629333000361,0.9719210542388336,0.9428775714876241,0.9652665065912281,0.9652701819329178,1,1,677490,45166,0,0,45166,722656,0.0,0.0,0.0,0.06666666666666667,0,0.0,0.00047554100092384033,0.0,0.10825045800083899,0.0946633749999819,0.11364766699989559,0.0033744580005077296,0.0014922079999450943,0.5218610500105569,0.0005003739997846424,31.372211643467857,31.46626688950535,62.838478532973205,31.46626688950535
P2_bank_k10_t2,P2,bank,,10,15,10002,runnerup,2.1991854999996576,0.6047489579941612,2.227749123999274,0.9754391832795556,0.9462905698496092,0.9880216147512972,0.9686846286918478,1,1,677490,45166,0,0,45166,722656,0.0,0.0,0.0,0.06666666666666667,0,0.0,0.0010975429995596642,0.0,0.10812554200037994,0.09457487500003481,0.11405804199966951,0.0033322919998681755,0.0015437089996339637,0.5075289559927114,0.00040208400059782434,31.372211643467857,31.46626688950535,62.838478532973205,31.46626688950535
P2_bank_k10_t3,P2,bank,,10,15,10003,fresh,2.1565190000001166,0.5961401579952508,2.1691788339994673,1.0,0.9739024831222348,1.0,1.0,0,0,677490,0,0,0,0,677490,,0.0,0.0,0.0,,0.0,0.0,0.004394124999635096,0.0,0.0,0.0,0.0,0.001455958000406099,0.5032615719965179,0.0,32.4406482497171,32.43742913089044,64.87807738060755,32.4406482497171
P2_bank_k10_t3,P2,bank,,10,15,10003,none,2.1002392090003923,0.6007560050011307,2.13075608300187,1.026796848072611,1.0,0.9923166028013799,1.0180324492813209,0,0,677490,0,0,0,0,677490,,0.0,0.0,0.0,0,0.0,0.0,0.0,0.0,0.0,0.0,0.0031875419999778387,0.0015515420000156155,0.5064006730008259,0.0006462500014094985,32.4406482497171,32.43742913089044,64.87807738060755,32.4406482497171
P2_bank_k10_t3,P2,bank,,10,15,10003,basic,2.2220078330001343,0.6087027110006602,2.2514377080005943,0.9705271817554327,0.9451988322492405,0.9793617593968695,0.9634638463641183,1,1,677490,45166,0,0,45166,722656,0.0,0.0,0.0,0.06666666666666667,0,0.0,0.0004890399986834382,0.0,0.10937175100025343,0.09470787500049482,0.11469204199966043,0.0031759999992573285,0.0015043749999676947,0.5088430840005458,0.0006450020000556833,32.4406482497171,32.43742913089044,64.87807738060755,32.4406482497171
P2_bank_k10_t3,P2,bank,,10,15,10003,runnerup,2.1954282910000984,0.6022682899883876,2.224040414999763,0.9822771296336638,0.9566421356644065,0.9898249134231275,0.9753324711950877,1,1,677490,45166,0,0,45166,722656,0.0,0.0,0.0,0.06666666666666667,0,0.0,0.001120123999498901,0.0,0.10864133300128742,0.0945154579994778,0.11447470799976145,0.00305966699943383,0.0014654579999842099,0.5045107919868315,0.0004228770012559835,32.4406482497171,32.43742913089044,64.87807738060755,32.4406482497171
P2_bank_k10_t4,P2,bank,,10,15,10004,fresh,2.128283666999778,0.5971042139835845,2.140994166999917,1.0,1.0005752677705484,1.0,1.0,0,0,677490,0,0,0,0,677490,,0.0,0.0,0.0,,0.0,0.0,0.0043453329999465495,0.0,0.0,0.0,0.0,0.0014743749998160638,0.5061785469833922,0.0,32.1846065532412,32.09196138472935,64.27656793797055,32.1846065532412
P2_bank_k10_t4,P2,bank,,10,15,10004,none,2.129507999999987,0.6192562969927167,2.1585824999983743,0.9994250629721939,1.0,0.9642279245011978,0.9918519060547973,1,0,677490,0,0,0,0,677490,,0.0,0.0,0.0,0,0.0,0.0,0.0,0.0,0.0,0.0,0.003175708000526356,0.0015194999996310798,0.5234098389937571,0.0007758320025459398,32.1846065532412,32.09196138472935,64.27656793797055,32.1846065532412
P2_bank_k10_t4,P2,bank,,10,15,10004,basic,2.22036879100051,0.618306621996453,2.2497089150001557,0.9585271039775162,0.9590785137276314,0.9657089100155389,0.9516760825032197,1,1,677490,45166,0,0,45166,722656,0.0,0.0,0.0,0.06666666666666667,0,0.0,0.0004805859998668893,0.0,0.10747908000030293,0.09386791599990829,0.11268624999956955,0.003170957999827806,0.0014635420002377941,0.5187104979959258,0.0007043729983706726,32.1846065532412,32.09196138472935,64.27656793797055,32.1846065532412
P2_bank_k10_t4,P2,bank,,10,15,10004,runnerup,2.182719375000488,0.6175055389994668,2.211450458999934,0.9750606016402369,0.975621522578692,0.9669617133330687,0.9681402349696412,1,1,677490,45166,0,0,45166,722656,0.0,0.0,0.0,0.06666666666666667,0,0.0,0.0011105040011898382,0.0,0.10723037399839086,0.09363775000019814,0.11303879099978076,0.003141208999295486,0.0014577080000890419,0.521309664999535,0.000413918000049307,32.1846065532412,32.09196138472935,64.27656793797055,32.1846065532412
P2_bank_k20_t0,P2,bank,,20,15,20000,fresh,3.4199735419997523,1.157923537993156,3.440822958999888,1.0,0.9727649086006579,1.0,1.0,0,0,677490,0,0,0,0,677490,,0.0,0.0,0.0,,0.0,0.0,0.004648332999749982,0.0,0.0,0.0,0.0,0.004441083999154216,1.0211325799955375,0.0,26.305006823412324,26.29075724134705,52.59576406475937,26.305006823412324
P2_bank_k20_t0,P2,bank,,20,15,20000,none,3.3268302500000573,1.1653825479988882,3.365727791999234,1.0279976088349243,1.0,0.9935995180135997,1.0223117172990535,0,0,677490,0,0,0,0,677490,,0.0,0.0,0.0,0,0.0,0.0,0.0,0.0,0.0,0.0,0.0034837499997593113,0.004670457999964128,1.0288896329957424,0.0006463779973273631,26.305006823412324,26.29075724134705,52.59576406475937,26.305006823412324
P2_bank_k20_t0,P2,bank,,20,15,20000,basic,3.551605832999485,1.175824507012294,3.5914122489994043,0.9629372466458185,0.9367115627215887,0.9847758156830536,0.9580696173096053,1,1,677490,45166,0,0,45166,722656,0.0,0.0,0.0,0.06666666666666667,0,0.0,0.0005484980010805884,0.0,0.15701733200057788,0.1463834999995015,0.1661397499992745,0.0030487079993690713,0.005125209000652831,1.024853547010025,0.0009115850016314653,26.305006823412324,26.29075724134705,52.59576406475937,26.305006823412324
P2_bank_k20_t0,P2,bank,,20,15,20000,runnerup,3.4177065419999053,1.158770878994801,3.4547836670017205,1.0006633103140916,0.9734101535977191,0.9992687588055543,0.9959590210712244,0,1,677490,45166,0,0,45166,722656,0.0,0.0,0.0,0.06666666666666667,0,0.0,0.0011255410017838585,0.0,0.14863933300057397,0.13355337499979214,0.15790129200013325,0.003319084000395378,0.004489916000238736,1.0175996729949475,0.0006912490007380256,26.305006823412324,26.29075724134705,52.59576406475937,26.305006823412324
P2_bank_k20_t1,P2,bank,,20,15,20001,fresh,3.388540875000217,1.135800872989421,3.4098318339993057,1.0,0.9575375985393281,1.0,1.0,0,0,677490,0,0,0,0,677490,,0.0,0.0,0.0,,0.0,0.0,0.004380665999633493,0.0,0.0,0.0,0.0,0.004587000000356056,0.9987225809909432,0.0,25.27139777666543,25.241285388117127,50.51268316478256,25.27139777666543
P2_bank_k20_t1,P2,bank,,20,15,20001,none,3.2446552920000613,1.1124928259960143,3.281793292999282,1.0443454142432067,1.0,1.020951188581858,1.0390148097606133,0,0,677490,0,0,0,0,677490,,0.0,0.0,0.0,0,0.0,0.0,0.0,0.0,0.0,0.0,0.0031354170005215565,0.004557332999866048,0.9768429529940477,0.0007507500004066969,25.27139777666543,25.241285388117127,50.51268316478256,25.27139777666543
P2_bank_k20_t1,P2,bank,,20,15,20001,basic,3.3317695409996304,1.1049584229986067,3.3700714589995187,1.0170393940222988,0.9738534589720056,1.027912769701429,1.0117980806886484,0,1,677490,45166,0,0,45166,722656,0.0,0.0,0.0,0.06666666666666667,0,0.0,0.0005242889992587152,0.0,0.14912624900080118,0.13302141599979223,0.1579624589994637,0.003171332999954757,0.004595334000441653,0.9672070889964743,0.0004857080011788639,25.27139777666543,25.241285388117127,50.51268316478256,25.27139777666543
P2_bank_k20_t1,P2,bank,,20,15,20001,runnerup,3.33366924999973,1.1046192070043617,3.3704985410004156,1.0164598287609041,0.9732985034434127,1.0282284300212572,1.0116698739134347,0,1,677490,45166,0,0,45166,722656,0.0,0.0,0.0,0.06666666666666667,0,0.0,0.0011175399995408952,0.0,0.14805596000041987,0.13277462499991088,0.15731899999991583,0.003170457999658538,0.004583375000038359,0.9661241240028176,0.0004606259990396211,25.27139777666543,25.241285388117127,50.51268316478256,25.27139777666543
P2_bank_k20_t2,P2,bank,,20,15,20002,fresh,3.4217960830001175,1.143493365996619,3.4436823340001865,1.0,0.9444902266549389,1.0,1.0,0,0,677490,0,0,0,0,677490,,0.0,0.0,0.0,,0.0,0.0,0.004512083000008715,0.0,0.0,0.0,0.0,0.004564042000311019,1.0064106129984793,0.0,25.759313229532278,25.75883615794137,51.51814938747365,25.759313229532278
P2_bank_k20_t2,P2,bank,,20,15,20002,none,3.231852957999763,1.117966578002779,3.269208875000004,1.0587722051308648,1.0,1.022833229987468,1.053368709578149,0,0,677490,0,0,0,0,677490,,0.0,0.0,0.0,0,0.0,0.0,0.0,0.0,0.0,0.0,0.003160250000291853,0.004538457999842649,0.9904195790031736,0.0006621260008614627,25.759313229532278,25.75883615794137,51.51814938747365,25.759313229532278
P2_bank_k20_t2,P2,bank,,20,15,20002,basic,3.3516273329996693,1.1222080780034958,3.3885526649992244,1.0209357255532487,0.9642638148279123,1.018967327370332,1.01626938532501,0,1,677490,45166,0,0,45166,722656,0.0,0.0,0.0,0.06666666666666667,0,0.0,0.0004865000000791042,0.0,0.1468136659996162,0.1328546249997089,0.1549546249998457,0.003184416999829409,0.0045256670000526356,0.9898032020018945,0.0005564590028370731,25.759313229532278,25.75883615794137,51.51814938747365,25.759313229532278
P2_bank_k20_t2,P2,bank,,20,15,20002,runnerup,3.4426235419996374,1.1566722479983582,3.4804437920001874,0.9939501200914282,0.9387761742088567,0.9886062088681168,0.9894377096149355,1,1,677490,45166,0,0,45166,722656,0.0,0.0,0.0,0.06666666666666667,0,0.0,0.001118671001677285,0.0,0.14757096100038325,0.13252504199954274,0.15641512500042154,0.0032190840001931065,0.004500750000261178,1.0194798759985133,0.0009086680011023418,25.759313229532278,25.75883615794137,51.51814938747365,25.759313229532278
P2_bank_k20_t3,P2,bank,,20,15,20003,fresh,3.417433708000317,1.1439069159987412,3.438717249999172,1.0,0.9724858844283628,1.0,1.0,0,0,677490,0,0,0,0,677490,,0.0,0.0,0.0,,0.0,0.0,0.004484375000174623,0.0,0.0,0.0,0.0,0.004682832999606035,1.0074915819977832,0.0,25.60532611518081,25.607228816396994,51.212554931577806,25.607228816396994
P2_bank_k20_t3,P2,bank,,20,15,20003,none,3.323406041999988,1.1665000370021517,3.361818917001983,1.0282925603468376,1.0,0.9806317014258537,1.0228740259055253,0,0,677490,0,0,0,0,677490,,0.0,0.0,0.0,0,0.0,0.0,0.0,0.0,0.0,0.0,0.0034087499998349813,0.0046611249999841675,1.0337129550043755,0.0009542509988023085,25.60532611518081,25.607228816396994,51.212554931577806,25.607228816396994
P2_bank_k20_t3,P2,bank,,20,15,20003,basic,3.319896374999189,1.1165073739985019,3.3569679999982327,1.029379631766715,1.0010571616111963,1.0245404039761192,1.0243521088080025,0,0,677490,45166,0,0,45166,722656,0.0,0.0,0.0,0.06666666666666667,0,0.0,0.0005249159976301598,0.0,0.14911120800024946,0.13195491699934792,0.1578430000008666,0.0032840000003488967,0.0045956669991937815,0.9840862490000291,0.0005262520016913186,25.60532611518081,25.607228816396994,51.212554931577806,25.607228816396994
P2_bank_k20_t3,P2,bank,,20,15,20003,runnerup,3.353064082999481,1.1304769230064267,3.3904739569989033,1.0191972546326207,0.9911549435783635,1.0118799355555161,1.0142290705111245,0,1,677490,45166,0,0,45166,722656,0.0,0.0,0.0,0.06666666666666667,0,0.0,0.001137790998654964,0.0,0.1490892919991893,0.1345805830005702,0.1580862500004514,0.003265875000579399,0.004579124999509077,0.9962751710027078,0.0006505390010715928,25.60532611518081,25.607228816396994,51.212554931577806,25.607228816396994
P2_bank_k20_t4,P2,bank,,20,15,20004,fresh,3.2856280830001197,1.0934784099981698,3.3061734170005366,1.0,0.9744342768328765,1.0,1.0,0,0,677490,0,0,0,0,677490,,0.0,0.0,0.0,,0.0,0.0,0.004387916999803565,0.0,0.0,0.0,0.0,0.004445458000191138,0.963196618996335,0.0,26.734499019041568,26.737090235499,53.47158925454057,26.737090235499
P2_bank_k20_t4,P2,bank,,20,15,20004,none,3.201628625000012,1.1086133850094484,3.2383138749992213,1.0262364776926953,1.0,0.9863478330534954,1.020955208364826,0,0,677490,0,0,0,0,677490,,0.0,0.0,0.0,0,0.0,0.0,0.0,0.0,0.0,0.0,0.0030897910000931006,0.00453695800024434,0.9840879300054439,0.00046037400079512736,26.734499019041568,26.737090235499,53.47158925454057,26.737090235499
P2_bank_k20_t4,P2,bank,,20,15,20004,basic,3.348224250000385,1.1079264640129622,3.3855669180002224,0.9813046670932336,0.9562169036317218,0.986959374575763,0.9765494220251355,1,1,677490,45166,0,0,45166,722656,0.0,0.0,0.0,0.06666666666666667,0,0.0,0.0004880860024059075,0.0,0.14797145800184808,0.13254541700007394,0.15672120900035225,0.0031213330003083684,0.004513582999607024,0.9764915880141416,0.0004937499998050043,26.734499019041568,26.737090235499,53.47158925454057,26.737090235499
P2_bank_k20_t4,P2,bank,,20,15,20004,runnerup,3.3661627910005336,1.1098625019985775,3.4033764570012863,0.9760752188766021,0.9511211500405135,0.9852377281231647,0.9714392335879307,1,1,677490,45166,0,0,45166,722656,0.0,0.0,0.0,0.06666666666666667,0,0.0,0.0011297489991193288,0.0,0.14767520900204545,0.13241241700052342,0.1570942920006928,0.003109332999883918,0.004570000000057917,0.9764550429990777,0.0004449580028449418,26.734499019041568,26.737090235499,53.47158925454057,26.737090235499
P2_bank_k30_t0,P2,bank,,30,15,30000,fresh,4.579412332999709,1.6450300059996152,4.608721874999901,1.0,0.9485523506362991,1.0,1.0,0,0,677490,0,0,0,0,677490,,0.0,0.0,0.0,,0.0,0.0,0.004576334000375937,0.0,0.0,0.0,0.0,0.009201167000355781,1.4625610879993474,0.0,22.35474336362731,22.302591314811014,44.657334678438325,22.35474336362731
P2_bank_k30_t0,P2,bank,,30,15,30000,none,4.3438123329997325,1.6105664939896087,4.3891812089996165,1.054238070602207,1.0,1.021398378855278,1.0500185924313483,0,0,677490,0,0,0,0,677490,,0.0,0.0,0.0,0,0.0,0.0,0.0,0.0,0.0,0.0,0.0031423330001416616,0.009286540999710269,1.4449522469903968,0.0004899570012639742,22.35474336362731,22.302591314811014,44.657334678438325,22.35474336362731
P2_bank_k30_t0,P2,bank,,30,15,30000,basic,4.538545917000192,1.6212925010077015,4.583843458000956,1.009004297135442,0.9570933978499503,1.014641099602422,1.0054274141835102,0,1,677490,45166,0,0,45166,722656,0.0,0.0,0.0,0.06666666666666667,0,0.0,0.0004989169992768439,0.0,0.19166774999939662,0.17449520800073515,0.20349741700010782,0.0030622909998783143,0.009208792000208632,1.4464043740044872,0.0005735429995183949,22.35474336362731,22.302591314811014,44.657334678438325,22.35474336362731
P2_bank_k30_t0,P2,bank,,30,15,30000,runnerup,4.542277874999854,1.624337619009566,4.588134124999669,1.008175294207393,0.9563070451738649,1.0127389692560753,1.0044871726587183,0,1,677490,45166,0,0,45166,722656,0.0,0.0,0.0,0.06666666666666667,0,0.0,0.001135873999373871,0.0,0.1896406220012068,0.1731829159998597,0.20212766700024076,0.003041917000700778,0.009162332999949285,1.448976828008199,0.000499793001836224,22.35474336362731,22.302591314811014,44.657334678438325,22.35474336362731
P2_bank_k30_t1,P2,bank,,30,15,30001,fresh,4.630214625000008,1.6544729590168572,4.659022208999886,1.0,0.9408039049595484,1.0,1.0,0,0,677490,0,0,0,0,677490,,0.0,0.0,0.0,,0.0,0.0,0.004649417000109679,0.0,0.0,0.0,0.0,0.009565374999510823,1.472029498016127,0.0,22.30088056756761,22.300288090137308,44.60116865770492,22.30088056756761
P2_bank_k30_t1,P2,bank,,30,15,30001,none,4.356124000000818,1.5995597859982809,4.401772417001666,1.0629207582243154,1.0,1.0343301785274035,1.0584423199628865,0,0,677490,0,0,0,0,677490,,0.0,0.0,0.0,0,0.0,0.0,0.0,0.0,0.0,0.0,0.003048541000680416,0.009289375000662403,1.4245396209980754,0.0005534190004254924,22.30088056756761,22.300288090137308,44.60116865770492,22.30088056756761
P2_bank_k30_t1,P2,bank,,30,15,30001,basic,4.633451124998828,1.652643869003441,4.678507417000219,0.9993014925783164,0.9401467464495852,1.0011067659812996,0.9958351657347961,1,1,677490,45166,0,0,45166,722656,0.0,0.0,0.0,0.06666666666666667,0,0.0,0.0004980840003554476,0.0,0.1908094579976023,0.17328124999949068,0.2028636249997362,0.0032743329993536463,0.009513625000181491,1.4629266619995178,0.0007835840006009676,22.30088056756761,22.300288090137308,44.60116865770492,22.30088056756761
P2_bank_k30_t1,P2,bank,,30,15,30001,runnerup,4.663990666000245,1.6478754569943703,4.710164790003546,0.9927581242290086,0.9339907199549677,1.0040036411698978,0.9891420824357992,1,1,677490,45166,0,0,45166,722656,0.0,0.0,0.0,0.06666666666666667,0,0.0,0.0012252949982212158,0.0,0.1938532079966535,0.1733438749997731,0.20700279100128682,0.003177208000124665,0.009652333999838447,1.458665205995203,0.0008987490036815871,22.30088056756761,22.300288090137308,44.60116865770492,22.30088056756761
P2_bank_k30_t2,P2,bank,,30,15,30002,fresh,4.622130624999045,1.6521347060261178,4.650915457998053,1.0,0.9478994694142908,1.0,1.0,0,0,677490,0,0,0,0,677490,,0.0,0.0,0.0,,0.0,0.0,0.005087749999802327,0.0,0.0,0.0,0.0,0.00973741699999664,1.4698149990235834,0.0,22.41244888295371,22.472126677862082,44.88457556081579,22.472126677862082
P2_bank_k30_t2,P2,bank,,30,15,30002,none,4.381315167000139,1.617225858004531,4.427049125999474,1.0549641942704138,1.0,1.0215856355800916,1.0505678445454425,0,0,677490,0,0,0,0,677490,,0.0,0.0,0.0,0,0.0,0.0,0.0,0.0,0.0,0.0,0.003155874999720254,0.009193791000143392,1.4483781100061606,0.0005570850007643458,22.41244888295371,22.472126677862082,44.88457556081579,22.472126677862082
P2_bank_k30_t2,P2,bank,,30,15,30002,basic,4.78463499999998,1.701121788999444,4.832673831999273,0.9660362023433479,0.9157052036362558,0.9712030712379863,0.962389687299458,1,1,677490,45166,0,0,45166,722656,0.0,0.0,0.0,0.06666666666666667,0,0.0,0.000596044999838341,0.0,0.2015332050013967,0.1853762499995355,0.2137750000001688,0.0032434999993711244,0.00937908299965784,1.5130952069957857,0.0010495000024093315,22.41244888295371,22.472126677862082,44.88457556081579,22.472126677862082
P2_bank_k30_t2,P2,bank,,30,15,30002,runnerup,4.744604292000076,1.6816081710057915,4.791424498998822,0.9741867478374254,0.9234311013855291,0.9824730484259926,0.970674891980427,1,1,677490,45166,0,0,45166,722656,0.0,0.0,0.0,0.06666666666666667,0,0.0,0.001308918002905557,0.0,0.20151270699716406,0.1845221669991588,0.21443775000079768,0.00324200000068231,0.009539334001601674,1.4906842960062932,0.0010254590033582645,22.41244888295371,22.472126677862082,44.88457556081579,22.472126677862082
P2_bank_k30_t3,P2,bank,,30,15,30003,fresh,4.519223667000915,1.6195894539978326,4.5477135840010305,1.0,0.9615453031746374,1.0,1.0,0,0,677490,0,0,0,0,677490,,0.0,0.0,0.0,,0.0,0.0,0.004407374999573221,0.0,0.0,0.0,0.0,0.009230749999915133,1.4455354969995824,0.0,19.636962911638726,19.685888155220763,39.322851066859485,19.685888155220763
P2_bank_k30_t3,P2,bank,,30,15,30003,none,4.3454382910003915,1.6036404130045412,4.390834664000067,1.0399926001389646,1.0,1.0099455219910614,1.0357287240367292,0,0,677490,0,0,0,0,677490,,0.0,0.0,0.0,0,0.0,0.0,0.0,0.0,0.0,0.0,0.0030155420008668443,0.009242707999874256,1.4290113700044458,0.00046629400276287924,19.636962911638726,19.685888155220763,39.322851066859485,19.685888155220763
P2_bank_k30_t3,P2,bank,,30,15,30003,basic,4.59077333300047,1.655384128980586,4.636332958998537,0.9844144633573553,0.9465591036184461,0.9783768163798958,0.9808858906853298,1,1,677490,45166,0,0,45166,722656,0.0,0.0,0.0,0.06666666666666667,0,0.0,0.0005006669998692814,0.0,0.1895165400019323,0.17270833399925323,0.20140549999996438,0.0029967499995109392,0.009220791998814093,1.4693052529855777,0.0005754160029027844,19.636962911638726,19.685888155220763,39.322851066859485,19.685888155220763
P2_bank_k30_t3,P2,bank,,30,15,30003,runnerup,4.692597917000967,1.6858421720025945,4.737860499999442,0.9630536745174931,0.9260197374373714,0.9607005216116637,0.9598665017683754,1,1,677490,45166,0,0,45166,722656,0.0,0.0,0.0,0.06666666666666667,0,0.0,0.0011477920033939881,0.0,0.19080345800102805,0.17620904199975485,0.20345358300073713,0.003039500001250417,0.009455666000576457,1.4933544190007524,0.0010718330049712677,19.636962911638726,19.685888155220763,39.322851066859485,19.685888155220763
P2_bank_k30_t4,P2,bank,,30,15,30004,fresh,4.487704166000185,1.6165232499733975,4.516275791998851,1.0,0.969291555124446,1.0,1.0,0,0,677490,0,0,0,0,677490,,0.0,0.0,0.0,,0.0,0.0,0.0044992499988438794,0.0,0.0,0.0,0.0,0.009415624999746797,1.4428762089755764,0.0,21.529441778219557,21.46325286122431,42.99269463944386,21.529441778219557
P2_bank_k30_t4,P2,bank,,30,15,30004,none,4.349893750000774,1.5965034679793462,4.395139457001278,1.031681329227728,1.0,1.0125397673074834,1.0275614314819084,0,0,677490,0,0,0,0,677490,,0.0,0.0,0.0,0,0.0,0.0,0.0,0.0,0.0,0.0,0.003041916999791283,0.00936941700092575,1.4294651709824393,0.0004540429945336655,21.529441778219557,21.46325286122431,42.99269463944386,21.529441778219557
P2_bank_k30_t4,P2,bank,,30,15,30004,basic,4.535738750000746,1.6031093719957425,4.582146083002954,0.9894097551362381,0.9590265202113015,1.0083674128615165,0.9856245763860645,1,1,677490,45166,0,0,45166,722656,0.0,0.0,0.0,0.06666666666666667,0,0.0,0.0005375399996410124,0.0,0.19164624999939406,0.17203579200031527,0.20386020799924154,0.0030384580004465533,0.009345583999675,1.425823159994252,0.0004946669978380669,21.529441778219557,21.46325286122431,42.99269463944386,21.529441778219557
P2_bank_k30_t4,P2,bank,,30,15,30004,runnerup,4.583549500001027,1.6196529179906065,4.628962707001847,0.9790892769891936,0.9490229678985248,0.998067692168831,0.9756561194946454,1,1,677490,45166,0,0,45166,722656,0.0,0.0,0.0,0.06666666666666667,0,0.0,0.001263705995370401,0.0,0.19365779199506505,0.18299629200009804,0.20704470799864794,0.003212458001144114,0.009505125000941916,1.4390966699902492,0.0005574180031544529,21.529441778219557,21.46325286122431,42.99269463944386,21.529441778219557
P2_bank_k40_t0,P2,bank,,40,15,40000,fresh,5.674073291998866,2.098946424010137,5.710906083997543,1.0,0.9656100376293767,1.0,1.0,0,0,677490,0,0,0,0,677490,,0.0,0.0,0.0,,0.0,0.0,0.0043853329989360645,0.0,0.0,0.0,0.0,0.01577933299995493,1.877878633005821,0.0,18.883918644896177,18.903977894186156,37.78789653908233,18.903977894186156
P2_bank_k40_t0,P2,bank,,40,15,40000,none,5.478942124998866,2.1001178399765195,5.533245999997234,1.0356147523642696,1.0,0.9994422141728982,1.0321077508573444,0,0,677490,0,0,0,0,677490,,0.0,0.0,0.0,0,0.0,0.0,0.0,0.0,0.0,0.0,0.0032400840009358944,0.01573320799980138,1.8790294239806826,0.0005500420011230744,18.883918644896177,18.903977894186156,37.78789653908233,18.903977894186156
P2_bank_k40_t0,P2,bank,,40,15,40000,basic,5.7474364589998,2.1470912500026316,5.801224376000391,0.987235497508449,0.9532845058981898,0.9775767210674275,0.9844311672590196,1,1,677490,45166,0,0,45166,722656,0.0,0.0,0.0,0.06666666666666667,0,0.0,0.0005034559981140774,0.0,0.23177783400205954,0.2143688750002184,0.2470027500003198,0.0030865829994581873,0.015952042000208166,1.917587125002683,0.0005430409946711734,18.883918644896177,18.903977894186156,37.78789653908233,18.903977894186156
P2_bank_k40_t0,P2,bank,,40,15,40000,runnerup,5.748930083000232,2.1220477349943394,5.802432166001381,0.9869790048025249,0.9530368339667709,0.98911367044047,0.9842262555794924,1,1,677490,45166,0,0,45166,722656,0.0,0.0,0.0,0.06666666666666667,0,0.0,0.0011552500091056572,0.0,0.23179216900098254,0.21401783300098032,0.24780466699849057,0.0030670409996673698,0.015671332999772858,1.8876019489925966,0.0006601270033570472,18.883918644896177,18.903977894186156,37.78789653908233,18.903977894186156
P2_bank_k40_t1,P2,bank,,40,15,40001,fresh,5.651644292000128,2.0915862929959985,5.688231833999453,1.0,0.9600457131882795,1.0,1.0,0,0,677490,0,0,0,0,677490,,0.0,0.0,0.0,,0.0,0.0,0.0043886660005227895,0.0,0.0,0.0,0.0,0.015577874999507912,1.8741792499931762,0.0,19.058090045652413,18.996376082990565,38.05446612864298,19.058090045652413
P2_bank_k40_t1,P2,bank,,40,15,40001,none,5.425836874999732,2.074759170995094,5.4799658759966405,1.0416170670446865,1.0,1.0081103976963428,1.038004973519098,0,0,677490,0,0,0,0,677490,,0.0,0.0,0.0,0,0.0,0.0,0.0,0.0,0.0,0.0,0.0031724170003144536,0.015819874999579042,1.8658050449994334,0.00047004099724290427,19.058090045652413,18.996376082990565,38.05446612864298,19.058090045652413
P2_bank_k40_t1,P2,bank,,40,15,40001,basic,5.689626540999598,2.1137768639873684,5.742943332999857,0.9933242984006475,0.953636734485297,0.9895019330708775,0.9904732650440717,1,1,677490,45166,0,0,45166,722656,0.0,0.0,0.0,0.06666666666666667,0,0.0,0.0005042529992351774,0.0,0.23141216599469772,0.21422083300058148,0.24664975000086997,0.0033517080009914935,0.01580504100093094,1.8928049499882036,0.0005097479934192961,19.058090045652413,18.996376082990565,38.05446612864298,19.058090045652413
P2_bank_k40_t1,P2,bank,,40,15,40001,runnerup,5.670941374999529,2.104131083993707,5.724089293000361,0.9965971993495696,0.9567788690109994,0.9940380183092501,0.9937356918864357,1,1,677490,45166,0,0,45166,722656,0.0,0.0,0.0,0.06666666666666667,0,0.0,0.0011472969927126542,0.0,0.2311192500001198,0.21539062499869033,0.2469398330013064,0.0031193750000966247,0.015627374999894528,1.8839733309960138,0.000493666000693338,19.058090045652413,18.996376082990565,38.05446612864298,19.058090045652413
P2_bank_k40_t2,P2,bank,,40,15,40002,fresh,5.682585583999753,2.1120425109911594,5.719127751000997,1.0,0.9623602897243265,1.0,1.0,0,0,677490,0,0,0,0,677490,,0.0,0.0,0.0,,0.0,0.0,0.004312625000238768,0.0,0.0,0.0,0.0,0.015805582999746548,1.8953831349917891,0.0,18.246091962216923,18.241610851936688,36.48770281415361,18.246091962216923
P2_bank_k40_t2,P2,bank,,40,15,40002,none,5.468694709001284,2.0828972419840284,5.52155183400464,1.0391118697202848,1.0,1.0139926581204597,1.0357826790250486,0,0,677490,0,0,0,0,677490,,0.0,0.0,0.0,0,0.0,0.0,0.0,0.0,0.0,0.0,0.0030995420002000174,0.015828083000087645,1.87055819798843,0.0004701249963545706,18.246091962216923,18.241610851936688,36.48770281415361,18.246091962216923
P2_bank_k40_t2,P2,bank,,40,15,40002,basic,5.7279613749997225,2.1076548239961994,5.780958625000494,0.9920781953596934,0.9547366595155417,1.002081786327156,0.9893043908440892,1,1,677490,45166,0,0,45166,722656,0.0,0.0,0.0,0.06666666666666667,0,0.0,0.0005032519966334803,0.0,0.2336582109983283,0.21594987499884155,0.24822833300095226,0.0030632499983767048,0.016181375000087428,1.8824108649878326,0.0005322509987308877,18.246091962216923,18.241610851936688,36.48770281415361,18.246091962216923
P2_bank_k40_t2,P2,bank,,40,15,40002,runnerup,5.744361082999603,2.132278998995389,5.797823747998336,0.9892458886014888,0.9520109599631276,0.9905094558386759,0.9864266317125441,1,1,677490,45166,0,0,45166,722656,0.0,0.0,0.0,0.06666666666666667,0,0.0,0.0011407900055928621,0.0,0.2317657540043001,0.21435270800066064,0.2471831660004682,0.0030366250011866214,0.01614108300054795,1.9085833319950325,0.0005013310037611518,18.246091962216923,18.241610851936688,36.48770281415361,18.246091962216923
P2_bank_k40_t3,P2,bank,,40,15,40003,fresh,5.673120249999556,2.0961979019994033,5.709514583000782,1.0,0.9650249789787563,1.0,1.0,0,0,677490,0,0,0,0,677490,,0.0,0.0,0.0,,0.0,0.0,0.004349459000877687,0.0,0.0,0.0,0.0,0.015610541999194538,1.8786767340043298,0.0,19.905001756483415,19.96990984358789,39.8749116000713,19.96990984358789
P2_bank_k40_t3,P2,bank,,40,15,40003,none,5.4747027499997785,2.0989268839948636,5.528988165999181,1.03624260696159,1.0,0.9986998203623624,1.0326508958929879,0,0,677490,0,0,0,0,677490,,0.0,0.0,0.0,0,0.0,0.0,0.0,0.0,0.0,0.0,0.0031623330014554085,0.01565504100108228,1.8879291739940527,0.000561918001039885,19.905001756483415,19.96990984358789,39.8749116000713,19.96990984358789
P2_bank_k40_t3,P2,bank,,40,15,40003,basic,5.720400707999943,2.1097994270203344,5.774310375001733,0.9917347646757918,0.9570488204337578,0.9935531667860292,0.9887786094281552,1,1,677490,45166,0,0,45166,722656,0.0,0.0,0.0,0.06666666666666667,0,0.0,0.0004980019948561676,0.0,0.2324473750031757,0.21456383299846493,0.247268625000288,0.0031157079993135994,0.01587775000007241,1.885958634016788,0.0005004980030207662,19.905001756483415,19.96990984358789,39.8749116000713,19.96990984358789
P2_bank_k40_t3,P2,bank,,40,15,40003,runnerup,5.708167458000389,2.111026156024309,5.762461000002077,0.9938601647098296,0.9590998845569266,0.9929758075319959,0.9908118394204707,1,1,677490,45166,0,0,45166,722656,0.0,0.0,0.0,0.06666666666666667,0,0.0,0.001141664999522618,0.0,0.23217028999533795,0.21511629199994786,0.24778904099912324,0.003040625000721775,0.015604916001393576,1.8880550720186875,0.0005482920041686157,19.905001756483415,19.96990984358789,39.8749116000713,19.96990984358789
P2_bank_k40_t4,P2,bank,,40,15,40004,fresh,5.643529207998654,2.074033463966771,5.680513248997158,1.0,0.9583215515807146,1.0,1.0,0,0,677490,0,0,0,0,677490,,0.0,0.0,0.0,,0.0,0.0,0.0043500420015334385,0.0,0.0,0.0,0.0,0.016041374999986147,1.8554792579652712,0.0,19.41875169976616,19.377477187791772,38.79622888755793,19.41875169976616
P2_bank_k40_t4,P2,bank,,40,15,40004,none,5.408315667000352,2.0729497429765615,5.462294501003271,1.0434910895518714,1.0,1.000522791733799,1.0399500151362777,0,0,677490,0,0,0,0,677490,,0.0,0.0,0.0,0,0.0,0.0,0.0,0.0,0.0,0.0,0.003145250000670785,0.01575783299995237,1.8616355319791182,0.00048004100426624063,19.41875169976616,19.377477187791772,38.79622888755793,19.41875169976616
P2_bank_k40_t4,P2,bank,,40,15,40004,basic,5.801651833999131,2.1462845459845994,5.855238834999909,0.9727452404031144,0.9322027280758679,0.9663366713640089,0.9701591018015658,1,1,677490,45166,0,0,45166,722656,0.0,0.0,0.0,0.06666666666666667,0,0.0,0.0005027080023864983,0.0,0.22988125100164325,0.21302654099963547,0.2445749580001575,0.0030907920008758083,0.0158835000002,1.9130714599814382,0.0007694590003666235,19.41875169976616,19.377477187791772,38.79622888755793,19.41875169976616
P2_bank_k40_t4,P2,bank,,40,15,40004,runnerup,5.87539758299863,2.1688454059985816,5.9330922909994115,0.9605357132475727,0.9205020750681023,0.956284601120218,0.9574287690779024,1,1,677490,45166,0,0,45166,722656,0.0,0.0,0.0,0.06666666666666667,0,0.0,0.0015124159963306738,0.0,0.24414208300004248,0.22685620800075412,0.26104291699994064,0.003801124999881722,0.016715957999622333,1.9285963220008853,0.0011073349978687475,19.41875169976616,19.377477187791772,38.79622888755793,19.41875169976616
P2_bank_k50_t0,P2,bank,,50,15,50000,fresh,7.026339583000663,2.6598784149937273,7.071405500000765,1.0,0.9504360942296487,1.0,1.0,0,0,677490,0,0,0,0,677490,,0.0,0.0,0.0,,0.0,0.0,0.004536000000371132,0.0,0.0,0.0,0.0,0.02515562499866064,2.3805200009919645,0.0,16.786260799784504,16.710096541571374,33.496357341355875,16.786260799784504
P2_bank_k50_t0,P2,bank,,50,15,50000,none,6.678086749998329,2.6135708410110965,6.74149904099977,1.0521485937573993,1.0,1.0177181246653013,1.0489366618603078,0,0,677490,0,0,0,0,677490,,0.0,0.0,0.0,0,0.0,0.0,0.0,0.0,0.0,0.0,0.003035415998965618,0.023987709000721225,2.349052923011186,0.0008127929977490567,16.786260799784504,16.710096541571374,33.496357341355875,16.786260799784504
P2_bank_k50_t0,P2,bank,,50,15,50000,basic,7.0078214579989435,2.667644117016607,7.070933207000053,1.0026424938353107,0.9529476157495073,0.9970889287767648,1.000066793588185,0,1,677490,45166,0,0,45166,722656,0.0,0.0,0.0,0.06666666666666667,0,0.0,0.0005422889989858959,0.0,0.27676187500219385,0.2645140000004176,0.2959822919983708,0.0031773750015418045,0.023679457999605802,2.388851785019142,0.0008367089976673014,16.786260799784504,16.710096541571374,33.496357341355875,16.786260799784504
P2_bank_k50_t0,P2,bank,,50,15,50000,runnerup,6.98703949999981,2.6609030069976143,7.049940543000048,1.00562471172531,0.9557820232730201,0.9996149457529295,1.003044700429712,0,1,677490,45166,0,0,45166,722656,0.0,0.0,0.0,0.06666666666666667,0,0.0,0.0012205010007164674,0.0,0.2781211660039844,0.2548475839994353,0.2978933340000367,0.0045659169991267845,0.02404687499983993,2.381789175002268,0.0009840400034590857,16.786260799784504,16.710096541571374,33.496357341355875,16.786260799784504
P2_bank_k50_t1,P2,bank,,50,15,50001,fresh,6.960072874999241,2.655820414000118,7.006925249996129,1.0,0.965080178848111,1.0,1.0,0,0,677490,0,0,0,0,677490,,0.0,0.0,0.0,,0.0,0.0,0.004395541998746921,0.0,0.0,0.0,0.0,0.023867333000453073,2.3809581240020634,0.0,17.919350557815246,17.87716129564864,35.79651185346389,17.919350557815246
P2_bank_k50_t1,P2,bank,,50,15,50001,none,6.7170283750001545,2.6325927400030196,6.780219251000744,1.0361833368016822,1.0,1.0088231170906716,1.033436381716111,0,0,677490,0,0,0,0,677490,,0.0,0.0,0.0,0,0.0,0.0,0.0,0.0,0.0,0.0,0.0033318339992547408,0.02484516599906783,2.35843669800488,0.0007734550035820575,17.919350557815246,17.87716129564864,35.79651185346389,17.919350557815246
P2_bank_k50_t1,P2,bank,,50,15,50001,basic,6.9771945829998,2.62802896100402,7.041442667999945,0.997546046939514,0.9627119173896124,1.0105750177827113,0.9950979622172199,1,1,677490,45166,0,0,45166,722656,0.0,0.0,0.0,0.06666666666666667,0,0.0,0.0006387099983840017,0.0,0.2859311649990559,0.261944833000598,0.30463745899942296,0.0034798339984263293,0.02411845900132903,2.3402631700064376,0.0006937899979675421,17.919350557815246,17.87716129564864,35.79651185346389,17.919350557815246
P2_bank_k50_t1,P2,bank,,50,15,50001,runnerup,6.961000999999669,2.6501411569879565,7.02342504200351,0.9998666678829053,0.9649515026646992,1.0021430017028288,0.9976507484726179,1,1,677490,45166,0,0,45166,722656,0.0,0.0,0.0,0.06666666666666667,0,0.0,0.0012145029941166285,0.0,0.2816295429965976,0.25450420800007123,0.3004043749988341,0.003469000001132372,0.024473416999171604,2.363972613989972,0.0007487919974664692,17.919350557815246,17.87716129564864,35.79651185346389,17.919350557815246
P2_bank_k50_t2,P2,bank,,50,15,50002,fresh,7.05239016700034,2.6729753060353687,7.09702233400094,1.0,0.9422955505347933,1.0,1.0,0,0,677490,0,0,0,0,677490,,0.0,0.0,0.0,,0.0,0.0,0.004424165999807883,0.0,0.0,0.0,0.0,0.025069000001167296,2.393572015036625,0.0,16.948290484454223,16.890161954911036,33.838452439365255,16.948290484454223
P2_bank_k50_t2,P2,bank,,50,15,50002,none,6.645435874999748,2.6093579669613973,6.708377750001091,1.0612381640053983,1.0,1.0243804567558257,1.057934212783379,0,0,677490,0,0,0,0,677490,,0.0,0.0,0.0,0,0.0,0.0,0.0,0.0,0.0,0.0,0.0029787500006932532,0.02400695899996208,2.34541959096714,0.000664542001686641,16.948290484454223,16.890161954911036,33.838452439365255,16.948290484454223
P2_bank_k50_t2,P2,bank,,50,15,50002,basic,6.931985791999978,2.619574325995927,6.993988667001759,1.0173693914865374,0.9586626508480544,1.0203853654807595,1.014731746347446,0,1,677490,45166,0,0,45166,722656,0.0,0.0,0.0,0.06666666666666667,0,0.0,0.0005361269959394122,0.0,0.27487345800182084,0.25848087500162364,0.2936883750007837,0.0033022499992512167,0.024008624999623862,2.3384015369938425,0.0008324159989570035,16.948290484454223,16.890161954911036,33.838452439365255,16.948290484454223
P2_bank_k50_t2,P2,bank,,50,15,50002,runnerup,6.977192207999906,2.6436745950122713,7.038441500002591,1.0107776820185939,0.9524513123459932,1.0110833273801465,1.0083229837171095,0,1,677490,45166,0,0,45166,722656,0.0,0.0,0.0,0.06666666666666667,0,0.0,0.0011628779975580983,0.0,0.2798131670024304,0.2575580419998005,0.29924750000100175,0.0030202919988369104,0.024053375000221422,2.361891470005503,0.0008975000018835999,16.948290484454223,16.890161954911036,33.838452439365255,16.948290484454223
P2_bank_k50_t3,P2,bank,,50,15,50003,fresh,7.002781082999718,2.6790729259973887,7.049451209000836,1.0,0.9590412490979464,1.0,1.0,0,0,677490,0,0,0,0,677490,,0.0,0.0,0.0,,0.0,0.0,0.004435790999195888,0.0,0.0,0.0,0.0,0.025264874999265885,2.4027148019977176,0.0,18.06297560685132,18.05702417192396,36.11999977877528,18.06297560685132
P2_bank_k50_t3,P2,bank,,50,15,50003,none,6.715955916999519,2.6574265730159823,6.780752790999031,1.042708017971676,1.0,1.008145607182982,1.0396266353137784,0,0,677490,0,0,0,0,677490,,0.0,0.0,0.0,0,0.0,0.0,0.0,0.0,0.0,0.0,0.0032009590013331035,0.025384833999851253,2.377526365011363,0.0009035840012074914,18.06297560685132,18.05702417192396,36.11999977877528,18.06297560685132
P2_bank_k50_t3,P2,bank,,50,15,50003,basic,6.879746000000523,2.634664145001807,6.941977041997234,1.0178836664898945,0.9761924229468658,1.016855575721038,1.0154817808173968,0,1,677490,45166,0,0,45166,722656,0.0,0.0,0.0,0.06666666666666667,0,0.0,0.0005281230005493853,0.0,0.27173074999518576,0.2528565840002557,0.28915479199895344,0.0030604580006183824,0.02410141700056556,2.35681231000126,0.0005729580025217729,18.06297560685132,18.05702417192396,36.11999977877528,18.06297560685132
P2_bank_k50_t3,P2,bank,,50,15,50003,runnerup,7.067505625000194,2.729315783963102,7.128853500000332,0.9908419539460254,0.950258305171046,0.9815914090040697,0.9888618427914821,1,1,677490,45166,0,0,45166,722656,0.0,0.0,0.0,0.06666666666666667,0,0.0,0.0014257900020311354,0.0,0.2842717499988794,0.2639552500004356,0.30379379100122605,0.0030024579991732026,0.025346749998789164,2.436840743968787,0.000971544002823066,18.06297560685132,18.05702417192396,36.11999977877528,18.06297560685132
P2_bank_k50_t4,P2,bank,,50,15,50004,fresh,6.880824875001053,2.59217961100876,6.925263832998098,1.0,0.9723107144183927,1.0,1.0,0,0,677490,0,0,0,0,677490,,0.0,0.0,0.0,,0.0,0.0,0.004461792001166032,0.0,0.0,0.0,0.0,0.024159791999409208,2.3243717790082883,0.0,17.140000582023625,17.09613108947208,34.236131671495706,17.140000582023625
P2_bank_k50_t4,P2,bank,,50,15,50004,none,6.690299750000122,2.585250536996682,6.752898917000493,1.0284778159604775,1.0,1.0026802330810565,1.0255245810897116,0,0,677490,0,0,0,0,677490,,0.0,0.0,0.0,0,0.0,0.0,0.0,0.0,0.0,0.0,0.0030389589992410038,0.024138167000273825,2.3121845739951823,0.0007117479926819215,17.140000582023625,17.09613108947208,34.236131671495706,17.140000582023625
P2_bank_k50_t4,P2,bank,,50,15,50004,basic,6.946742958001778,2.598852333969262,7.0093217070025275,0.9905109367945167,0.963084396593908,0.9974324347431042,0.9880077020975577,1,1,677490,45166,0,0,45166,722656,0.0,0.0,0.0,0.06666666666666667,0,0.0,0.0005131239995534997,0.0,0.28201575000457524,0.25643754200063995,0.3011494580005092,0.0031569580005452735,0.024190459000237752,2.317205915973318,0.0005688740038749529,17.140000582023625,17.09613108947208,34.236131671495706,17.140000582023625
P2_bank_k50_t4,P2,bank,,50,15,50004,runnerup,7.001962999998796,2.629895504023807,7.066480791998401,0.982699405152846,0.9554891606826933,0.9856587864584958,0.9800159424249468,1,1,677490,45166,0,0,45166,722656,0.0,0.0,0.0,0.06666666666666667,0,0.0,0.001219541001773905,0.0,0.2761491650053358,0.25546775000111666,0.29597662500054867,0.0030322080001496943,0.024138958000548882,2.3408049610170565,0.0008565009993617423,17.140000582023625,17.09613108947208,34.236131671495706,17.140000582023625
P2_credit_k4_t0,P2,credit,,4,15,4000,fresh,0.975267625000015,0.1500814960045318,0.9822969579990968,1.0,0.9146394560165299,1.0,1.0,0,0,449550,0,0,0,0,449550,,0.0,0.0,0.0,,0.0,0.0,0.0025341669997942518,0.0,0.0,0.0,0.0,0.001540874999591324,0.1321504960060338,0.0,15.547907367068472,15.568868718008531,31.116776085077003,15.568868718008531
P2_credit_k4_t0,P2,credit,,4,15,4000,none,0.8920182500005467,0.15088604999800737,0.9241452079995724,1.0933269863025978,1.0,0.9946678039919118,1.0629249056275485,0,0,449550,0,0,0,0,449550,,0.0,0.0,0.0,0,0.0,0.0,0.0,0.0,0.0,0.0,0.0019873750006809132,0.0015509160002693534,0.13429480099603097,0.0004222939996907371,15.547907367068472,15.568868718008531,31.116776085077003,15.568868718008531
P2_credit_k4_t0,P2,credit,,4,15,4000,basic,0.9619418339998447,0.1543468310173921,0.9941747929997291,1.0138530112000228,0.9273099666447095,0.9723652569687052,0.9880525687391517,0,1,449550,29970,0,0,29970,479520,0.0,0.0,0.0,0.06666666666666667,0,0.0,0.001006417006465199,0.0,0.05792674499843997,0.049985042000116664,0.06480979200023285,0.001892209000288858,0.0015652910005883314,0.13669262401344895,0.0004047109996463405,15.547907367068472,15.568868718008531,31.116776085077003,15.568868718008531
P2_credit_k4_t0,P2,credit,,4,15,4000,runnerup,0.9550997500000449,0.1542166329718384,0.9869778740003312,1.0211159881467555,0.9339529719283297,0.9731861804552449,0.9952573242779373,0,1,449550,29970,0,0,29970,479520,0.0,0.0,0.0,0.06666666666666667,0,0.0,0.002161791997423279,0.0,0.057990920007796376,0.04898579200016684,0.06595933300013712,0.0019377499993424863,0.0015796659999978147,0.1369533819715798,0.0004087919996891287,15.547907367068472,15.568868718008531,31.116776085077003,15.568868718008531
P2_credit_k4_t1,P2,credit,,4,15,4001,fresh,1.0008375829984288,0.15452482801265432,1.008249042000898,1.0,0.8958289189282911,1.0,1.0,0,0,449550,0,0,0,0,449550,,0.0,0.0,0.0,,0.0,0.0,0.0025302079993707594,0.0,0.0,0.0,0.0,0.001792083001419087,0.13630278900745907,0.0,15.907131863125036,15.921288883808673,31.82842074693371,15.921288883808673
P2_credit_k4_t1,P2,credit,,4,15,4001,none,0.8965792500002863,0.14928148397666519,0.9283349990000715,1.116284570491799,1.0,1.0351238740151374,1.0860831952763856,0,0,449550,0,0,0,0,449550,,0.0,0.0,0.0,0,0.0,0.0,0.0,0.0,0.0,0.0,0.001959125000212225,0.001593958999364986,0.13247140197745466,0.00040129199624061584,15.907131863125036,15.921288883808673,31.82842074693371,15.921288883808673
P2_credit_k4_t1,P2,credit,,4,15,4001,basic,1.0311042909997923,0.16682088596098765,1.0647444569985964,0.9706463174816042,0.8695330412512723,0.9262918556180738,0.9469399303970522,1,1,449550,29970,0,0,29970,479520,0.0,0.0,0.0,0.06666666666666667,0,0.0,0.0012357480063656112,0.0,0.0653028760007146,0.053695417000199086,0.07356804099981673,0.0024309999989782227,0.0018594590001157485,0.1446194639629539,0.0008633740017103264,15.907131863125036,15.921288883808673,31.82842074693371,15.921288883808673
P2_credit_k4_t1,P2,credit,,4,15,4001,runnerup,0.9908587089994398,0.15659466100078134,1.0232566249997035,1.0100709353496682,0.904850754055181,0.9867822250458673,0.9853335100578413,0,1,449550,29970,0,0,29970,479520,0.0,0.0,0.0,0.06666666666666667,0,0.0,0.0022938299989618827,0.0,0.06121770900608681,0.05242016599913768,0.0696535839997523,0.0019130410000798292,0.0015996670008462388,0.13853628900142212,0.0005556670021178434,15.907131863125036,15.921288883808673,31.82842074693371,15.921288883808673
P2_credit_k4_t2,P2,credit,,4,15,4002,fresh,0.9600936670012743,0.14788989996486634,0.9674789180007792,1.0,0.9302363630727492,1.0,1.0,0,0,449550,0,0,0,0,449550,,0.0,0.0,0.0,,0.0,0.0,0.0026197909992333734,0.0,0.0,0.0,0.0,0.0015768330013088416,0.13039844396735134,0.0,15.288849595594098,15.324626445274882,30.61347604086898,15.324626445274882
P2_credit_k4_t2,P2,credit,,4,15,4002,none,0.8931140410004446,0.1487302380228357,0.9258428740013187,1.0749956029420396,1.0,0.9943499178839456,1.0449709612382903,0,0,449550,0,0,0,0,449550,,0.0,0.0,0.0,0,0.0,0.0,0.0,0.0,0.0,0.0,0.0020150000000285218,0.0016659169996273704,0.1312393620264629,0.00037649799560313113,15.288849595594098,15.324626445274882,30.61347604086898,15.324626445274882
P2_credit_k4_t2,P2,credit,,4,15,4002,basic,0.9495283340002061,0.15374295294714102,0.9828781669984892,1.0111269275731438,0.9405870357105643,0.9619296177803542,0.9843324945911291,0,1,449550,29970,0,0,29970,479520,0.0,0.0,0.0,0.06666666666666667,0,0.0,0.0010006589982367586,0.0,0.059083377998831565,0.049827041000753525,0.06610012500095763,0.00211433300137287,0.0019154579986206954,0.13542607595445588,0.00042196000504191034,15.288849595594098,15.324626445274882,30.61347604086898,15.324626445274882
P2_credit_k4_t2,P2,credit,,4,15,4002,runnerup,0.9986750410007517,0.15395996895131248,1.031183331999273,0.961367439441747,0.8942989504428521,0.9605737190791088,0.938222028982002,1,1,449550,29970,0,0,29970,479520,0.0,0.0,0.0,0.06666666666666667,0,0.0,0.0021727860075770877,0.0,0.06074637598976551,0.05203783300021314,0.06892304200118815,0.0019942920007451903,0.0016650420002406463,0.1353233859554166,0.0003878359984810231,15.288849595594098,15.324626445274882,30.61347604086898,15.324626445274882
P2_credit_k4_t3,P2,credit,,4,15,4003,fresh,0.9618585830012307,0.1488418580029247,0.9692902910028351,1.0,0.9256341646635508,1.0,1.0,0,0,449550,0,0,0,0,449550,,0.0,0.0,0.0,,0.0,0.0,0.002441832999465987,0.0,0.0,0.0,0.0,0.001570374999573687,0.131156440009363,0.0,15.583987522708561,15.578772305767478,31.16275982847604,15.583987522708561
P2_credit_k4_t3,P2,credit,,4,15,4003,none,0.8903291660008108,0.14905448601894022,0.9221480000014708,1.0803404176027576,1.0,0.9985734879794996,1.051122261287005,0,0,449550,0,0,0,0,449550,,0.0,0.0,0.0,0,0.0,0.0,0.0,0.0,0.0,0.0,0.0019940000001952285,0.0015665840001020115,0.13189885901738307,0.00036137500137556344,15.583987522708561,15.578772305767478,31.16275982847604,15.583987522708561
P2_credit_k4_t3,P2,credit,,4,15,4003,basic,0.9563986249995651,0.15190189700660994,0.987838750001174,1.0057088727011376,0.930918492277439,0.9798551626807395,0.9812231915397965,0,1,449550,29970,0,0,29970,479520,0.0,0.0,0.0,0.06666666666666667,0,0.0,0.0009457050036871806,0.0,0.05852783699265274,0.049331375001202105,0.0652401249990362,0.001950834001036128,0.0015816249997442355,0.13393518900556955,0.0003597919985622866,15.583987522708561,15.578772305767478,31.16275982847604,15.583987522708561
P2_credit_k4_t3,P2,credit,,4,15,4003,runnerup,0.9467861249995622,0.15214778598056,0.9787715420006862,1.0159196016963974,0.940369891881572,0.9782715998374258,0.9903131112920687,0,1,449550,29970,0,0,29970,479520,0.0,0.0,0.0,0.06666666666666667,0,0.0,0.002130873011992662,0.0,0.057073423004112556,0.04898379199948977,0.06481479100148135,0.0019272499994258396,0.001568833000419545,0.13434903498273343,0.0003694579972943757,15.583987522708561,15.578772305767478,31.16275982847604,15.583987522708561
P2_credit_k4_t4,P2,credit,,4,15,4004,fresh,0.9711124999994354,0.15314074894195073,0.9784667090007133,1.0,0.9306438491942289,1.0,1.0,0,0,449550,0,0,0,0,449550,,0.0,0.0,0.0,,0.0,0.0,0.002500000000509317,0.0,0.0,0.0,0.0,0.0015851249991101213,0.13349499694777478,0.0,15.543113587697256,15.551578661874208,31.094692249571462,15.551578661874208
P2_credit_k4_t4,P2,credit,,4,15,4004,none,0.9037598750001052,0.15368444102023204,0.935579457996937,1.0745249118293976,1.0,0.9964622828786569,1.0458403085245132,0,0,449550,0,0,0,0,449550,,0.0,0.0,0.0,0,0.0,0.0,0.0,0.0,0.0,0.0,0.0020518330002232688,0.001767624999047257,0.13518256602037582,0.0004831690002902178,15.543113587697256,15.551578661874208,31.094692249571462,15.551578661874208
P2_credit_k4_t4,P2,credit,,4,15,4004,basic,0.9606076250001934,0.1556326019763219,0.9929119160024129,1.0109356564801784,0.9408210506344079,0.9839888750639132,0.9854516732361741,0,1,449550,29970,0,0,29970,479520,0.0,0.0,0.0,0.06666666666666667,0,0.0,0.0009439129898964893,0.0,0.05823071700069704,0.05004625000037777,0.06485445900034392,0.0020156669997959398,0.0016309170005115448,0.13741126798231562,0.0004737530016427627,15.543113587697256,15.551578661874208,31.094692249571462,15.551578661874208
P2_credit_k4_t4,P2,credit,,4,15,4004,runnerup,0.9442854999997508,0.15211823395111423,0.9758862919989042,1.0284098400321637,0.9570832920767541,1.0067218436888052,1.002644177936472,0,1,449550,29970,0,0,29970,479520,0.0,0.0,0.0,0.06666666666666667,0,0.0,0.0021470760002557654,0.0,0.057181878999472247,0.04890574999990349,0.0648690420002822,0.00199895799960359,0.0015870000006543705,0.13436286294563615,0.00039274600385397207,15.543113587697256,15.551578661874208,31.094692249571462,15.551578661874208
P2_credit_k5_t0,P2,credit,,5,15,5000,fresh,1.046326333000252,0.18302263102850702,1.0542149569992034,1.0,0.9066660697336764,1.0,1.0,0,0,449550,0,0,0,0,449550,,0.0,0.0,0.0,,0.0,0.0,0.002748250000877306,0.0,0.0,0.0,0.0,0.0021926660010649357,0.16383167202911864,0.0,14.548500729606737,14.536301589702896,29.084802319309635,14.548500729606737
P2_credit_k5_t0,P2,credit,,5,15,5000,none,0.9486685840001883,0.18183139699794992,0.980909376999989,1.102941902627656,1.0,1.0065513109959252,1.0747322655059248,0,0,449550,0,0,0,0,449550,,0.0,0.0,0.0,0,0.0,0.0,0.0,0.0,0.0,0.0,0.0019244159993832,0.00222287500037055,0.1637658149957133,0.0003858779982692795,14.548500729606737,14.536301589702896,29.084802319309635,14.548500729606737
P2_credit_k5_t0,P2,credit,,5,15,5000,basic,1.0439389999992272,0.1884193979713018,1.0761756660012907,1.002286851052625,0.9087394799896263,0.9713576892777421,0.9795937506339594,0,1,449550,29970,0,0,29970,479520,0.0,0.0,0.0,0.06666666666666667,0,0.0,0.0009312049933214439,0.0,0.06156554299741401,0.05280379200121388,0.06890466699951503,0.002112583999405615,0.0023018749998300336,0.1690822309719806,0.000580832998821279,14.548500729606737,14.536301589702896,29.084802319309635,14.548500729606737
P2_credit_k5_t0,P2,credit,,5,15,5000,runnerup,1.0352190419998806,0.18782198201552092,1.068184833999112,1.0107294114093128,0.9163940630067137,0.974447341384049,0.9869218542004499,0,1,449550,29970,0,0,29970,479520,0.0,0.0,0.0,0.06666666666666667,0,0.0,0.0021212889987509698,0.0,0.060296124993328704,0.05256145900057163,0.06875675000082992,0.0019552499998098938,0.002180249999582884,0.16866764601763862,0.0004471669981285231,14.548500729606737,14.536301589702896,29.084802319309635,14.548500729606737
P2_credit_k5_t1,P2,credit,,5,15,5001,fresh,1.0423769169992738,0.18418445703900943,1.0502812919967255,1.0,0.9258902506943366,1.0,1.0,0,0,449550,0,0,0,0,449550,,0.0,0.0,0.0,,0.0,0.0,0.002523832999941078,0.0,0.0,0.0,0.0,0.0023042920001898892,0.16539599504358193,0.0,14.855178260303065,14.919910335224017,29.77508859552708,14.919910335224017
P2_credit_k5_t1,P2,credit,,5,15,5001,none,0.9651266249984474,0.18511711200335412,0.9974875820007583,1.080041613193451,1.0,0.9949618111786025,1.0529266839493618,0,0,449550,0,0,0,0,449550,,0.0,0.0,0.0,0,0.0,0.0,0.0,0.0,0.0,0.0,0.0020234160001564305,0.0022706250001647277,0.16602411300300446,0.0004865440005232813,14.855178260303065,14.919910335224017,29.77508859552708,14.919910335224017
P2_credit_k5_t1,P2,credit,,5,15,5001,basic,1.0342914590000873,0.1888747420089203,1.0665132080011972,1.007817388347191,0.9331282943508923,0.9751672197138496,0.9847803891384592,0,1,449550,29970,0,0,29970,479520,0.0,0.0,0.0,0.06666666666666667,0,0.0,0.0010377049966336926,0.0,0.06076933499753068,0.05194316699999035,0.06840849999935017,0.002084582998577389,0.00255454199941596,0.16936069601069903,0.0004992920003132895,14.855178260303065,14.919910335224017,29.77508859552708,14.919910335224017
P2_credit_k5_t1,P2,credit,,5,15,5001,runnerup,1.0236982910009829,0.1879722439134639,1.056051583000226,1.018246221726156,0.9427842495025918,0.979849222440531,0.9945359761810998,0,1,449550,29970,0,0,29970,479520,0.0,0.0,0.0,0.06666666666666667,0,0.0,0.0021833660121046705,0.0,0.06117633700159786,0.05131208400052856,0.06969379099973594,0.002043917000264628,0.0022427080002671573,0.1686493719153077,0.0004436679955688305,14.855178260303065,14.919910335224017,29.77508859552708,14.919910335224017
P2_credit_k5_t2,P2,credit,,5,15,5002,fresh,1.049289749998934,0.18616626298717165,1.0571820000004664,1.0,0.9260354044256252,1.0,1.0,0,0,449550,0,0,0,0,449550,,0.0,0.0,0.0,,0.0,0.0,0.002715083001021412,0.0,0.0,0.0,0.0,0.002170458999898983,0.16724680398328928,0.0,14.574964431777971,14.630433981471239,29.20539841324921,14.630433981471239
P2_credit_k5_t2,P2,credit,,5,15,5002,none,0.9716794579999259,0.18644764199416386,1.0046557080004277,1.0798723193744968,1.0,0.9984908416969895,1.0522828781857838,0,0,449550,0,0,0,0,449550,,0.0,0.0,0.0,0,0.0,0.0,0.0,0.0,0.0,0.0,0.001966750000065076,0.002169250001315959,0.1668134339943208,0.0006033770005160477,14.574964431777971,14.630433981471239,29.20539841324921,14.630433981471239
P2_credit_k5_t2,P2,credit,,5,15,5002,basic,1.0222469999989698,0.1864548189987545,1.0546732089987927,1.0264542229030669,0.9505329514304324,0.9984524078641015,1.002378737774192,0,1,449550,29970,0,0,29970,479520,0.0,0.0,0.0,0.06666666666666667,0,0.0,0.0009534579967294121,0.0,0.059663208998244954,0.051265915999465506,0.066797833000237,0.0019720830005098833,0.002231166999990819,0.16731756900117034,0.0004385840038594324,14.574964431777971,14.630433981471239,29.20539841324921,14.630433981471239
P2_credit_k5_t2,P2,credit,,5,15,5002,runnerup,1.0096228749989677,0.18410094801220112,1.0416792089999944,1.039288803752596,0.9624182276980594,1.011218383160274,1.0148825001656263,0,1,449550,29970,0,0,29970,479520,0.0,0.0,0.0,0.06666666666666667,0,0.0,0.0021727099920099135,0.0,0.05936467300125514,0.05132183299974713,0.06769054100004723,0.001889750001282664,0.002211750001151813,0.16522869801337947,0.00040662499850441236,14.574964431777971,14.630433981471239,29.20539841324921,14.630433981471239
P2_credit_k5_t3,P2,credit,,5,15,5003,fresh,1.0391998329996568,0.18205028798183776,1.0468079580023186,1.0,0.9114186655202191,1.0,1.0,0,0,449550,0,0,0,0,449550,,0.0,0.0,0.0,,0.0,0.0,0.002487750000000233,0.0,0.0,0.0,0.0,0.002096791999065317,0.16329599498385505,0.0,14.699342064533196,14.681831476825105,29.3811735413583,14.699342064533196
P2_credit_k5_t3,P2,credit,,5,15,5003,none,0.9471461250013817,0.1804942410071817,0.9794806669997342,1.0971906082581933,1.0,1.0086210339231496,1.0687377436543142,0,0,449550,0,0,0,0,449550,,0.0,0.0,0.0,0,0.0,0.0,0.0,0.0,0.0,0.0,0.0019808329998340923,0.0021227500001259614,0.16252261801128043,0.0003676679953059647,14.699342064533196,14.681831476825105,29.3811735413583,14.699342064533196
P2_credit_k5_t3,P2,credit,,5,15,5003,basic,1.0156311660011852,0.18513023199193412,1.0476517500010232,1.0232059312351234,0.9325689843986892,0.9833633654700408,0.9991945873247444,0,1,449550,29970,0,0,29970,479520,0.0,0.0,0.0,0.06666666666666667,0,0.0,0.0009193670139211463,0.0,0.06009537998943415,0.05185650000021269,0.0672402919990418,0.0019013330002053408,0.0020971250014554244,0.1663116069885291,0.0003755429970624391,14.699342064533196,14.681831476825105,29.3811735413583,14.699342064533196
P2_credit_k5_t3,P2,credit,,5,15,5003,runnerup,1.0258750000011787,0.1854169060006825,1.0605358760003583,1.0129887491151093,0.923256853905489,0.9818429824363893,0.9870556778806839,0,1,449550,29970,0,0,29970,479520,0.0,0.0,0.0,0.06666666666666667,0,0.0,0.0025155779967462877,0.0,0.06280575199525629,0.05251791599948774,0.07227508299911278,0.0020837909996771486,0.0024125830004777526,0.16626444900066417,0.00041433200385654345,14.699342064533196,14.681831476825105,29.3811735413583,14.699342064533196
P2_credit_k5_t4,P2,credit,,5,15,5004,fresh,1.043301416999384,0.18047634501635912,1.0507623749999766,1.0,0.9158454291648259,1.0,1.0,0,0,449550,0,0,0,0,449550,,0.0,0.0,0.0,,0.0,0.0,0.002505791000658064,0.0,0.0,0.0,0.0,0.0021442090001073666,0.1620523030160257,0.0,14.878594271557471,14.889759974957732,29.768354246515205,14.889759974957732
P2_credit_k5_t4,P2,credit,,5,15,5004,none,0.9555028340000717,0.18341128104293603,0.9877071239989164,1.091887307787206,1.0,0.9839980615702159,1.0638400285560048,0,0,449550,0,0,0,0,449550,,0.0,0.0,0.0,0,0.0,0.0,0.0,0.0,0.0,0.0,0.002174416998968809,0.0023657919991819654,0.16493715604156023,0.000497626002470497,14.878594271557471,14.889759974957732,29.768354246515205,14.889759974957732
P2_credit_k5_t4,P2,credit,,5,15,5004,basic,1.0462040000002162,0.19146858601197891,1.078304125001523,0.9972256051393116,0.913304512312966,0.9425898460704563,0.9744582726125549,1,1,449550,29970,0,0,29970,479520,0.0,0.0,0.0,0.06666666666666667,0,0.0,0.0009384970016981242,0.0,0.05963971199707885,0.051060458999927505,0.06688454100003582,0.0019400420005695196,0.0021400409987109015,0.17220162601552147,0.0005350439951143926,14.878594271557471,14.889759974957732,29.768354246515205,14.889759974957732
P2_credit_k5_t4,P2,credit,,5,15,5004,runnerup,1.0280444159998297,0.18734959796893236,1.0611853320006048,1.0148407994461173,0.9294373075027043,0.9633132228353487,0.9901780050229508,0,1,449550,29970,0,0,29970,479520,0.0,0.0,0.0,0.06666666666666667,0,0.0,0.0021560440018220106,0.0,0.05968116500116594,0.05151116700108105,0.06822966700019606,0.0019471659998089308,0.0021155829999770503,0.16841326797111833,0.0004294600003049709,14.878594271557471,14.889759974957732,29.768354246515205,14.889759974957732
P2_credit_k6_t0,P2,credit,,6,15,6000,fresh,1.1077614589994482,0.2141247840008873,1.1157545009991736,1.0,0.9133818483932266,1.0,1.0,0,0,449550,0,0,0,0,449550,,0.0,0.0,0.0,,0.0,0.0,0.0025383329993928783,0.0,0.0,0.0,0.0,0.002773541998976725,0.1946575740021217,0.0,13.961787214525348,13.981576551425947,27.943363765951293,13.981576551425947
P2_credit_k6_t0,P2,credit,,6,15,6000,none,1.0118092089996935,0.21426326703112863,1.044095418001234,1.094832354900798,1.0,0.9993536781541691,1.0686326955970367,0,0,449550,0,0,0,0,449550,,0.0,0.0,0.0,0,0.0,0.0,0.0,0.0,0.0,0.0,0.0018657090004126076,0.002819959001499228,0.19524760003150732,0.0003689990007842425,13.961787214525348,13.981576551425947,27.943363765951293,13.981576551425947
P2_credit_k6_t0,P2,credit,,6,15,6000,basic,1.0851536660011334,0.21833692797008553,1.117801041000348,1.0208337249429624,0.9324109945905455,0.9807080551679497,0.9981691375064896,0,1,449550,29970,0,0,29970,479520,0.0,0.0,0.0,0.06666666666666667,0,0.0,0.0009415030053787632,0.0,0.06238057601331093,0.05359491700073704,0.07025562499984517,0.001937167000505724,0.002826583999194554,0.1983521359743463,0.00038212899926293176,13.961787214525348,13.981576551425947,27.943363765951293,13.981576551425947
P2_credit_k6_t0,P2,credit,,6,15,6000,runnerup,1.0918980839996948,0.21990136002386862,1.1244962509972538,1.0145282561002809,0.9266516938040312,0.9737310582237676,0.992226074573101,0,1,449550,29970,0,0,29970,479520,0.0,0.0,0.0,0.06666666666666667,0,0.0,0.002147215001969016,0.0,0.064568659006909,0.05607858399889665,0.07363095800064912,0.0019820000015897676,0.0027839590002258774,0.19932077502562606,0.0003944160034734523,13.961787214525348,13.981576551425947,27.943363765951293,13.981576551425947
P2_credit_k6_t1,P2,credit,,6,15,6001,fresh,1.089121791999787,0.19424920001802093,1.0972470020005858,1.0,0.9289281726172229,1.0,1.0,0,0,449550,0,0,0,0,449550,,0.0,0.0,0.0,,0.0,0.0,0.0024290000001201406,0.0,0.0,0.0,0.0,0.002866917000574176,0.17462107101346191,0.0,14.89447473744163,14.963028373101697,29.857503110543327,14.963028373101697
P2_credit_k6_t1,P2,credit,,6,15,6001,none,1.0117159159999574,0.19120541501433763,1.0448784589989373,1.0765094971579285,1.0,1.0159189267911426,1.0501192675096596,0,0,449550,0,0,0,0,449550,,0.0,0.0,0.0,0,0.0,0.0,0.0,0.0,0.0,0.0,0.0019527500007825438,0.0028047499999956926,0.1717686230167601,0.00036050000016984995,14.89447473744163,14.963028373101697,29.857503110543327,14.963028373101697
P2_credit_k6_t1,P2,credit,,6,15,6001,basic,1.0511754999988625,0.19504160096948908,1.0834382909979468,1.036098912123585,0.9624614690896546,0.9959372721125679,1.0127452676514874,0,1,449550,29970,0,0,29970,479520,0.0,0.0,0.0,0.06666666666666667,0,0.0,0.0009220840074704029,0.0,0.06322162299693446,0.054386499999964144,0.0711747910008853,0.001900584000395611,0.0028098750008211937,0.175266935966647,0.00037725000402133446,14.89447473744163,14.963028373101697,29.857503110543327,14.963028373101697
P2_credit_k6_t1,P2,credit,,6,15,6001,runnerup,1.0620231670000067,0.19685776701953728,1.095113166000374,1.0255160394253249,0.9526307404930189,0.9867489759687386,1.001948507301766,0,1,449550,29970,0,0,29970,479520,0.0,0.0,0.0,0.06666666666666667,0,0.0,0.0021732910154241836,0.0,0.0626824570063036,0.05368937500134052,0.07197870799973316,0.0018973330006701872,0.002870416999940062,0.176880016018913,0.0003639559981820639,14.89447473744163,14.963028373101697,29.857503110543327,14.963028373101697
P2_credit_k6_t2,P2,credit,,6,15,6002,fresh,1.1328443749989674,0.21955081401574716,1.141297375999784,1.0,0.9047842145152063,1.0,1.0,0,0,449550,0,0,0,0,449550,,0.0,0.0,0.0,,0.0,0.0,0.0025117500008491334,0.0,0.0,0.0,0.0,0.0029996670000400627,0.1993149830159382,0.0,14.588514685504617,14.578201475714488,29.166716161219103,14.588514685504617
P2_credit_k6_t2,P2,credit,,6,15,6002,none,1.0249797080014105,0.21694743298212416,1.057717417999811,1.1052359048237943,1.0,1.0120000545654648,1.079019175233047,0,0,449550,0,0,0,0,449550,,0.0,0.0,0.0,0,0.0,0.0,0.0,0.0,0.0,0.0,0.0019883749992004596,0.002860084001440555,0.19824255998173612,0.0004527889996097656,14.588514685504617,14.578201475714488,29.166716161219103,14.588514685504617
P2_credit_k6_t2,P2,credit,,6,15,6002,basic,1.0846114589985518,0.21737057497921342,1.117408208998313,1.0444702253514362,0.9450201724291196,1.0100300559850028,1.0213790867196921,0,1,449550,29970,0,0,29970,479520,0.0,0.0,0.0,0.06666666666666667,0,0.0,0.0009225399935530731,0.0,0.06295754499114992,0.05385812500026077,0.0710283749995142,0.001961915999345365,0.002879165998820099,0.1977730739818071,0.0003725420028786175,14.588514685504617,14.578201475714488,29.166716161219103,14.588514685504617
P2_credit_k6_t2,P2,credit,,6,15,6002,runnerup,1.1108776250002848,0.22439061399745697,1.1433281259978685,1.0197742303061303,0.9226756259503811,0.9784313617424094,0.9982238257312946,0,1,449550,29970,0,0,29970,479520,0.0,0.0,0.0,0.06666666666666667,0,0.0,0.0022232930168684106,0.0,0.06369208200339926,0.05416783299915551,0.07332679200044367,0.0022195830006239703,0.0030362910001713317,0.20315478200245707,0.0006112889986980008,14.588514685504617,14.578201475714488,29.166716161219103,14.588514685504617
P2_credit_k6_t3,P2,credit,,6,15,6003,fresh,1.1524047080001765,0.22233297200909874,1.1604683339992334,1.0,0.8786520056455049,1.0,1.0,0,0,449550,0,0,0,0,449550,,0.0,0.0,0.0,,0.0,0.0,0.0024306659997819224,0.0,0.0,0.0,0.0,0.002839000000676606,0.20229013800599205,0.0,14.222837783689332,14.196223578767361,28.41906136245669,14.222837783689332
P2_credit_k6_t3,P2,credit,,6,15,6003,none,1.0125627079996775,0.2145466020101594,1.0451839569996082,1.138107002060897,1.0,1.0362922084339077,1.110300561185966,0,0,449550,0,0,0,0,449550,,0.0,0.0,0.0,0,0.0,0.0,0.0,0.0,0.0,0.0,0.0019634159998531686,0.0028811249994760146,0.19534677201772865,0.0003738369960046839,14.222837783689332,14.196223578767361,28.41906136245669,14.222837783689332
P2_credit_k6_t3,P2,credit,,6,15,6003,basic,1.1074268340016715,0.2177512539892632,1.1403782500037778,1.0406147590229307,0.9143382451198119,1.0210410637638,1.0176170353962724,0,1,449550,29970,0,0,29970,479520,0.0,0.0,0.0,0.06666666666666667,0,0.0,0.0009316209998360137,0.0,0.06450354499429523,0.05533287499929429,0.07247862499934854,0.0019541250003385358,0.002878999999666121,0.1974217099887028,0.0003847519965347601,14.222837783689332,14.196223578767361,28.41906136245669,14.222837783689332
P2_credit_k6_t3,P2,credit,,6,15,6003,runnerup,1.1146397920001618,0.22043169399876206,1.1486962499984656,1.0338808252415317,0.9084214606969016,1.0086252479207793,1.010248213137967,0,1,449550,29970,0,0,29970,479520,0.0,0.0,0.0,0.06666666666666667,0,0.0,0.0022140849941933993,0.0,0.06407733898959123,0.05473791700023867,0.07341791600083525,0.002147832999980892,0.003012125000168453,0.19958756799678667,0.0004041259962832555,14.222837783689332,14.196223578767361,28.41906136245669,14.222837783689332
P2_credit_k6_t4,P2,credit,,6,15,6004,fresh,1.1218546250001964,0.2124925609859929,1.1297829590021138,1.0,0.902311429165877,1.0,1.0,0,0,449550,0,0,0,0,449550,,0.0,0.0,0.0,,0.0,0.0,0.002524249999623862,0.0,0.0,0.0,0.0,0.0027607499996520346,0.19246126798680052,0.0,14.469546782609218,14.454328597749075,28.923875380358293,14.469546782609218
P2_credit_k6_t4,P2,credit,,6,15,6004,none,1.0122622500002763,0.21137027400618535,1.044805876999817,1.1082648048960535,1.0,1.0053095781092412,1.0813328905138917,0,0,449550,0,0,0,0,449550,,0.0,0.0,0.0,0,0.0,0.0,0.0,0.0,0.0,0.0,0.0019323339984111954,0.002787499999612919,0.19219623200297065,0.00043587600157479756,14.469546782609218,14.454328597749075,28.923875380358293,14.469546782609218
P2_credit_k6_t4,P2,credit,,6,15,6004,basic,1.0957921250010259,0.2176783940049063,1.1282678340012353,1.0237841643542986,0.9237721524959204,0.9761766295519595,1.0013428770680322,0,1,449550,29970,0,0,29970,479520,0.0,0.0,0.0,0.06666666666666667,0,0.0,0.0009440430094400654,0.0,0.06229908600835188,0.053575207999529084,0.07007787499969709,0.0019374159983271966,0.0028444580002542352,0.19738352001331805,0.00042300000313844066,14.469546782609218,14.454328597749075,28.923875380358293,14.469546782609218
P2_credit_k6_t4,P2,credit,,6,15,6004,runnerup,1.1491305839990673,0.21871883902531408,1.1814988759961125,0.9762638299087399,0.8808940116079078,0.9715329595426365,0.9562285516772944,1,1,449550,29970,0,0,29970,479520,0.0,0.0,0.0,0.06666666666666667,0,0.0,0.00213591699321114,0.0,0.06545508499948482,0.05671204100144678,0.07460891600021569,0.0019402919988351641,0.002843167001628899,0.19778929902167874,0.00046512700100720394,14.469546782609218,14.454328597749075,28.923875380358293,14.469546782609218
P2_credit_k7_t0,P2,credit,,7,15,7000,fresh,1.1861936249988503,0.2466967359487171,1.1946502909995615,1.0,0.9278142023408003,1.0,1.0,0,0,449550,0,0,0,0,449550,,0.0,0.0,0.0,,0.0,0.0,0.002444832998662605,0.0,0.0,0.0,0.0,0.003583125000659493,0.2255306949500664,0.0,13.614451669518113,13.6241382102518,27.238589879769915,13.6241382102518
P2_credit_k7_t0,P2,credit,,7,15,7000,none,1.1005672920000507,0.24620407301154046,1.133511793001162,1.0778019968621744,1.0,1.002001034877898,1.0539372403321232,0,0,449550,0,0,0,0,449550,,0.0,0.0,0.0,0,0.0,0.0,0.0,0.0,0.0,0.0,0.0019190000002708985,0.003494165999654797,0.22530161401300575,0.0003883740064338781,13.614451669518113,13.6241382102518,27.238589879769915,13.6241382102518
P2_credit_k7_t0,P2,credit,,7,15,7000,basic,1.1657363340000302,0.25237343802473333,1.1998182920015097,1.0175488147723974,0.9440962419208786,0.9775067371572602,0.9956926802696706,0,1,449550,29970,0,0,29970,479520,0.0,0.0,0.0,0.06666666666666667,0,0.0,0.0009566190074110636,0.0,0.06561392001276545,0.05659662499965634,0.07414454199897591,0.00189045900151541,0.0035494999992806697,0.2303727710241219,0.0004427490021043923,13.614451669518113,13.6241382102518,27.238589879769915,13.6241382102518
P2_credit_k7_t0,P2,credit,,7,15,7000,runnerup,1.212777124999775,0.2592421160188678,1.2476009589991008,0.9780804737713621,0.9074769545972883,0.9516074769686047,0.9575580095401502,1,1,449550,29970,0,0,29970,479520,0.0,0.0,0.0,0.06666666666666667,0,0.0,0.002370290998442215,0.0,0.06925979301013285,0.05892037500052538,0.0797660829994129,0.001988833000723389,0.0036539169996103738,0.23638832601864124,0.0006415859988919692,13.614451669518113,13.6241382102518,27.238589879769915,13.6241382102518
P2_credit_k7_t1,P2,credit,,7,15,7001,fresh,1.1808265419986128,0.2440301500082569,1.1893415409995214,1.0,0.9346699483328071,1.0,1.0,0,0,449550,0,0,0,0,449550,,0.0,0.0,0.0,,0.0,0.0,0.0024660420003783656,0.0,0.0,0.0,0.0,0.003566334000424831,0.2231622310118837,0.0,13.661849527258573,13.648788832201445,27.310638359460018,13.661849527258573
P2_credit_k7_t1,P2,credit,,7,15,7001,none,1.1036830829998507,0.2482767599994986,1.1367341250006575,1.0698963861882194,1.0,0.9828956605070475,1.0462794375939346,0,0,449550,0,0,0,0,449550,,0.0,0.0,0.0,0,0.0,0.0,0.0,0.0,0.0,0.0,0.0019076669996138662,0.003555208999387105,0.227660595000998,0.00039616600042791106,13.661849527258573,13.648788832201445,27.310638359460018,13.661849527258573
P2_credit_k7_t1,P2,credit,,7,15,7001,basic,1.1536844579986791,0.2510165589974349,1.1875911239985726,1.0235264363767347,0.9566594014055049,0.9721675374043773,1.0014739222663227,0,1,449550,29970,0,0,29970,479520,0.0,0.0,0.0,0.06666666666666667,0,0.0,0.0009585020143276779,0.0,0.06496283799788216,0.05566995799927099,0.07347483300145541,0.0018912499999714782,0.0035347920002095634,0.22996139099632273,0.0003972929989686236,13.661849527258573,13.648788832201445,27.310638359460018,13.661849527258573
P2_credit_k7_t1,P2,credit,,7,15,7001,runnerup,1.1744255409994366,0.2517441739582864,1.2082262079966313,1.0054503250957305,0.9397642034084306,0.9693576863021754,0.9843699243799531,0,1,449550,29970,0,0,29970,479520,0.0,0.0,0.0,0.06666666666666667,0,0.0,0.002168328999687219,0.0,0.06586554200293904,0.057327417000124115,0.07561208299921418,0.0019799170004262123,0.0035055419994023396,0.23015529696021986,0.00045466799747373443,13.661849527258573,13.648788832201445,27.310638359460018,13.661849527258573
P2_credit_k7_t2,P2,credit,,7,15,7002,fresh,1.201232125000388,0.2413120019955386,1.2099215840007673,1.0,0.9372705196345111,1.0,1.0,0,0,449550,0,0,0,0,449550,,0.0,0.0,0.0,,0.0,0.0,0.002672208000149112,0.0,0.0,0.0,0.0,0.003834500001175911,0.21955483398960496,0.0,14.002119471920537,13.988090306882007,27.990209778802544,14.002119471920537
P2_credit_k7_t2,P2,credit,,7,15,7002,none,1.1258794580007816,0.24772542801474629,1.1605273750010383,1.066927828253843,1.0,0.9741107480543906,1.042561864600294,0,0,449550,0,0,0,0,449550,,0.0,0.0,0.0,0,0.0,0.0,0.0,0.0,0.0,0.0,0.0024001670008146903,0.00363416700020025,0.22597884701644944,0.0007628309995197924,14.002119471920537,13.988090306882007,27.990209778802544,14.002119471920537
P2_credit_k7_t2,P2,credit,,7,15,7002,basic,1.1476873749998049,0.2398415589796059,1.1811981239989109,1.0466544733060186,0.9809983820733177,1.006130893337204,1.0243172245352152,0,1,449550,29970,0,0,29970,479520,0.0,0.0,0.0,0.06666666666666667,0,0.0,0.0009492429962847382,0.0,0.06590100699213508,0.056760125000437256,0.0744959170006041,0.0019500830003380543,0.0036199579990352504,0.2184404319814348,0.00036703999830933753,14.002119471920537,13.988090306882007,27.990209778802544,14.002119471920537
P2_credit_k7_t2,P2,credit,,7,15,7002,runnerup,1.1645857500006969,0.24623699604489957,1.1979999579998548,1.0314673050049505,0.9667638969479988,0.9799989679517414,1.0099512741392884,0,1,449550,29970,4,0,29966,479516,0.0001334668001334668,8.897786675564454e-06,0.0,0.0666577688799911,0,0.0,0.0021605450183415087,0.0,0.06457771200257412,0.05531312499988417,0.07433512500028883,0.001951334001205396,0.003624958000727929,0.22439449604644324,0.0005709159941034159,14.002119471920537,13.988090306882007,27.990209778802544,14.002119471920537
P2_credit_k7_t3,P2,credit,,7,15,7003,fresh,1.190904707998925,0.24707321796449833,1.1994591649981885,1.0,0.9059417120046542,1.0,1.0,0,0,449550,0,0,0,0,449550,,0.0,0.0,0.0,,0.0,0.0,0.0024603330002719304,0.0,0.0,0.0,0.0,0.003546500000084052,0.22616496996488422,0.0,13.982692319159929,14.007617518547848,27.990309837707777,14.007617518547848
P2_credit_k7_t3,P2,credit,,7,15,7003,none,1.078890249998949,0.24582988702240982,1.1118815839963645,1.1038237744757495,1.0,1.005057688294732,1.0787652050922991,0,0,449550,0,0,0,0,449550,,0.0,0.0,0.0,0,0.0,0.0,0.0,0.0,0.0,0.0,0.0018979999986186158,0.003705749999426189,0.22473446902586147,0.0003900399970007129,13.982692319159929,14.007617518547848,27.990309837707777,14.007617518547848
P2_credit_k7_t3,P2,credit,,7,15,7003,basic,1.1600938329993369,0.2518218339773739,1.1934630409996316,1.0265589507703259,0.9300025733345707,0.981142953580021,1.0050241388233812,0,1,449550,29970,0,0,29970,479520,0.0,0.0,0.0,0.06666666666666667,0,0.0,0.0009424150139238918,0.0,0.06526554100855719,0.056238874998598476,0.07375683300051605,0.001959791999979643,0.003664125000796048,0.22998879197984934,0.00037033499575045425,13.982692319159929,14.007617518547848,27.990309837707777,14.007617518547848
P2_credit_k7_t3,P2,credit,,7,15,7003,runnerup,1.1680004999998346,0.2532116480069817,1.2032009579979785,1.0196097587279231,0.9237070103986272,0.9757577106314077,0.9968901346238819,0,1,449550,29970,0,0,29970,479520,0.0,0.0,0.0,0.06666666666666667,0,0.0,0.0023062950021994766,0.0,0.06712258699008089,0.056908417000158806,0.07741483400059224,0.0021049580009275815,0.003735374999450869,0.2308092330058571,0.0005049580031482037,13.982692319159929,14.007617518547848,27.990309837707777,14.007617518547848
P2_credit_k7_t4,P2,credit,,7,15,7004,fresh,1.1759101670013479,0.24717910205072258,1.1844419170029141,1.0,0.9231760337349331,1.0,1.0,0,0,449550,0,0,0,0,449550,,0.0,0.0,0.0,,0.0,0.0,0.0025476250011706725,0.0,0.0,0.0,0.0,0.003549459001078503,0.22653006004293275,0.0,13.435147524008437,13.466972403770272,26.90211992777871,13.466972403770272
P2_credit_k7_t4,P2,credit,,7,15,7004,none,1.0855720840008871,0.24422532597782265,1.1184387089997472,1.0832170284515044,1.0,1.0120944707968909,1.0590137013964722,0,0,449550,0,0,0,0,449550,,0.0,0.0,0.0,0,0.0,0.0,0.0,0.0,0.0,0.0,0.0018963750007969793,0.0035505830001056893,0.22361140796965628,0.0003908750022674212,13.435147524008437,13.466972403770272,26.90211992777871,13.466972403770272
P2_credit_k7_t4,P2,credit,,7,15,7004,basic,1.156285625000237,0.24851431098977628,1.1898332079981628,1.016972053943079,0.9388442271784402,0.9946272352133932,0.9954688682758155,0,1,449550,29970,0,0,29970,479520,0.0,0.0,0.0,0.06666666666666667,0,0.0,0.0009229959996446269,0.0,0.06593287699433859,0.0565103340013593,0.07450462500128197,0.0019224580009904457,0.003495332999591483,0.22696051998718758,0.0003658739988168236,13.435147524008437,13.466972403770272,26.90211992777871,13.466972403770272
P2_credit_k7_t4,P2,credit,,7,15,7004,runnerup,1.1502997499992489,0.2500289709878416,1.18344583399994,1.0222641246354403,0.943729740010459,0.9886018451147502,1.0008416802648308,0,1,449550,29970,0,0,29970,479520,0.0,0.0,0.0,0.06666666666666667,0,0.0,0.002141873008440598,0.0,0.0650427149994357,0.05616533300053561,0.0747517500003596,0.001913375001095119,0.003538375000061933,0.22887376598191622,0.0003783730026043486,13.435147524008437,13.466972403770272,26.90211992777871,13.466972403770272
P2_credit_k8_t0,P2,credit,,8,15,8000,fresh,1.2549380410000595,0.27869006596301915,1.2641206650005188,1.0,0.9123577583846536,1.0,1.0,0,0,449550,0,0,0,0,449550,,0.0,0.0,0.0,,0.0,0.0,0.002487208999809809,0.0,0.0,0.0,0.0,0.004422665999300079,0.2565147339628311,0.0,13.089188671057713,13.09774176935603,26.186930440413743,13.09774176935603
P2_credit_k8_t0,P2,credit,,8,15,8000,none,1.1449524579984427,0.27906846398218477,1.1783115410016762,1.0960612663288123,1.0,0.998644067431461,1.072823799999359,0,0,449550,0,0,0,0,449550,,0.0,0.0,0.0,0,0.0,0.0,0.0,0.0,0.0,0.0,0.0019170830000803107,0.004411541998706525,0.2574275459865021,0.00037262400473991875,13.089188671057713,13.09774176935603,26.186930440413743,13.09774176935603
P2_credit_k8_t0,P2,credit,,8,15,8000,basic,1.2268934160001663,0.284170737992099,1.2606572919994505,1.0228582406867275,0.9332126516182132,0.9807134539333453,1.0027472755863531,0,1,449550,29970,0,0,29970,479520,0.0,0.0,0.0,0.06666666666666667,0,0.0,0.000941206004426931,0.0,0.06825408199620142,0.0589041660005023,0.07748950000132027,0.001990208000279381,0.004433332998814876,0.2614169879871042,0.00037991599856468383,13.089188671057713,13.09774176935603,26.186930440413743,13.09774176935603
P2_credit_k8_t0,P2,credit,,8,15,8000,runnerup,1.230164042000979,0.2886324099417834,1.2643226250020234,1.0201387767429644,0.9307315275904736,0.9655536120120065,0.9998402622894578,0,1,449550,29970,0,0,29970,479520,0.0,0.0,0.0,0.06666666666666667,0,0.0,0.0021450809963425854,0.0,0.06696499500867503,0.05786650000118243,0.07741575000000012,0.002097583999784547,0.0044639170009759255,0.26578461993995006,0.00044520600022224244,13.089188671057713,13.09774176935603,26.186930440413743,13.09774176935603
P2_credit_k8_t1,P2,credit,,8,15,8001,fresh,1.2779162919996452,0.2803150249983446,1.2869317500008037,1.0,0.9083111885069148,1.0,1.0,0,0,449550,0,0,0,0,449550,,0.0,0.0,0.0,,0.0,0.0,0.0025176659983117133,0.0,0.0,0.0,0.0,0.004442667001057998,0.25788264599214017,0.0,13.27208268374778,13.271576708588427,26.543659392336206,13.27208268374778
P2_credit_k8_t1,P2,credit,,8,15,8001,none,1.1607456659985473,0.27799428102480306,1.1945255819991871,1.1009442718016098,1.0,1.0083481716421874,1.0773580485793894,0,0,449550,0,0,0,0,449550,,0.0,0.0,0.0,0,0.0,0.0,0.0,0.0,0.0,0.0,0.0019282919984107139,0.004398917000798974,0.25599140602389525,0.0003750789983314462,13.27208268374778,13.271576708588427,26.543659392336206,13.27208268374778
P2_credit_k8_t1,P2,credit,,8,15,8001,basic,1.2555920419999893,0.29445525901064684,1.2893771669987473,1.017779859423206,0.9244608337510929,0.951978327506146,0.998103412205107,0,1,449550,29970,0,0,29970,479520,0.0,0.0,0.0,0.06666666666666667,0,0.0,0.0009514580033282982,0.0,0.06786250000186556,0.05903920800119522,0.07702604199948837,0.001911500001369859,0.004440167000211659,0.2692959270134452,0.0006314569982350804,13.27208268374778,13.271576708588427,26.543659392336206,13.27208268374778
P2_credit_k8_t1,P2,credit,,8,15,8001,runnerup,1.235477042000639,0.28724713800147583,1.2696196269989741,1.0343504966553514,0.9395121289497398,0.9758670772096757,1.013635676885959,0,1,449550,29970,0,0,29970,479520,0.0,0.0,0.0,0.06666666666666667,0,0.0,0.0021799140085931867,0.0,0.06962251000004471,0.06058808299894736,0.08004725000137114,0.0019814999996015104,0.004529833000560757,0.26414738700805174,0.0004221240014885552,13.27208268374778,13.271576708588427,26.543659392336206,13.27208268374778
P2_credit_k8_t2,P2,credit,,8,15,8002,fresh,1.2847047499999462,0.2812768449948635,1.2939680830004363,1.0,0.897496195137362,1.0,1.0,0,0,449550,0,0,0,0,449550,,0.0,0.0,0.0,,0.0,0.0,0.0025533749994792743,0.0,0.0,0.0,0.0,0.004570750001221313,0.25861713899939787,0.0,13.525679149208296,13.516056166574755,27.04173531578305,13.525679149208296
P2_credit_k8_t2,P2,credit,,8,15,8002,none,1.1530176249998476,0.2806008999978076,1.186602875999597,1.1142108517206022,1.0,1.0024089195617734,1.0904811619560542,0,0,449550,0,0,0,0,449550,,0.0,0.0,0.0,0,0.0,0.0,0.0,0.0,0.0,0.0,0.0019337499998073326,0.004558917000395013,0.258664899994983,0.0003654609954537591,13.525679149208296,13.516056166574755,27.04173531578305,13.525679149208296
P2_credit_k8_t2,P2,credit,,8,15,8002,basic,1.2264689999992697,0.2900052889781364,1.260712915998738,1.0474824475797686,0.9401115111760135,0.9699024662135354,1.0263780648073662,0,1,449550,29970,0,0,29970,479520,0.0,0.0,0.0,0.06666666666666667,0,0.0,0.0009471659941482358,0.0,0.0671608820084657,0.057771499999944353,0.0765125830002944,0.0019384169991099043,0.004551666001134436,0.26721991297563363,0.00037804000021424145,13.525679149208296,13.516056166574755,27.04173531578305,13.525679149208296
P2_credit_k8_t2,P2,credit,,8,15,8002,runnerup,1.2270821250003792,0.289999484009968,1.2607215000025462,1.0469590615212891,0.9396417741799403,0.9699218809133995,1.0263710764017453,0,1,449550,29970,0,0,29970,479520,0.0,0.0,0.0,0.06666666666666667,0,0.0,0.002161242999136448,0.0,0.06729554399680637,0.058068833999641356,0.07770941700073308,0.00192349999997532,0.004534791998594301,0.2672228170122253,0.00042462499732209835,13.525679149208296,13.516056166574755,27.04173531578305,13.525679149208296
P2_credit_k8_t3,P2,credit,,8,15,8003,fresh,1.2619122920004884,0.28010421802719065,1.271177250000619,1.0,0.9117349512265714,1.0,1.0,0,0,449550,0,0,0,0,449550,,0.0,0.0,0.0,,0.0,0.0,0.002430750000712578,0.0,0.0,0.0,0.0,0.004379165999125689,0.2579262590261351,0.0,12.992615216066712,13.024949873328431,26.01756508939514,13.024949873328431
P2_credit_k8_t3,P2,credit,,8,15,8003,none,1.1505295419992763,0.2774586040304712,1.1844360420000157,1.0968099869975196,1.0,1.009535166537596,1.0732341848143474,0,0,449550,0,0,0,0,449550,,0.0,0.0,0.0,0,0.0,0.0,0.0,0.0,0.0,0.0,0.0019282500015833648,0.004517583998676855,0.2556583130299259,0.00037345899909269065,12.992615216066712,13.024949873328431,26.01756508939514,13.024949873328431
P2_credit_k8_t3,P2,credit,,8,15,8003,basic,1.230418417000692,0.2863831670329091,1.2644292090008094,1.0255960692433124,0.9350717821697148,0.9780750067443841,1.0053368278364452,0,1,449550,29970,0,0,29970,479520,0.0,0.0,0.0,0.06666666666666667,0,0.0,0.0009332039953733329,0.0,0.0679711660141038,0.05872112500037474,0.0773546250002255,0.002037999998719897,0.004465374999199412,0.26364187203580514,0.0003672089987958316,12.992615216066712,13.024949873328431,26.01756508939514,13.024949873328431
P2_credit_k8_t3,P2,credit,,8,15,8003,runnerup,1.2270025409998198,0.2837431490079325,1.2608502069997485,1.0284512458892079,0.9376749465097035,0.9871752639897567,1.008190539164398,0,1,449550,29970,0,0,29970,479520,0.0,0.0,0.0,0.06666666666666667,0,0.0,0.0021775880031782435,0.0,0.06775033300255018,0.058524415999272605,0.07829400000082387,0.0019562079996831017,0.004471124999327003,0.26106902401079424,0.00037958199754939415,12.992615216066712,13.024949873328431,26.01756508939514,13.024949873328431
P2_credit_k8_t4,P2,credit,,8,15,8004,fresh,1.2966302090007957,0.28294031197583536,1.3060149600005388,1.0,0.8854384234064638,1.0,1.0,0,0,449550,0,0,0,0,449550,,0.0,0.0,0.0,,0.0,0.0,0.002757500000370783,0.0,0.0,0.0,0.0,0.004997750000256929,0.25895106197640416,0.0,13.405002649703592,13.422651326400967,26.82765397610456,13.422651326400967
P2_credit_k8_t4,P2,credit,,8,15,8004,none,1.1480862079988583,0.2796138749890815,1.1819388340009027,1.1293840131228936,1.0,1.0118965376338485,1.1049767741192107,0,0,449550,0,0,0,0,449550,,0.0,0.0,0.0,0,0.0,0.0,0.0,0.0,0.0,0.0,0.0019029159993806388,0.00445199999921897,0.2577635399902647,0.00039083299816411454,13.405002649703592,13.422651326400967,26.82765397610456,13.422651326400967
P2_credit_k8_t4,P2,credit,,8,15,8004,basic,1.2847195000013016,0.28838495296986366,1.3188000830014062,1.0092710580009738,0.8936473743861559,0.981120232044155,0.990305488173939,0,1,449550,29970,0,0,29970,479520,0.0,0.0,0.0,0.06666666666666667,0,0.0,0.0009467479922022903,0.0,0.07099233599910804,0.06152654200013785,0.08035562499935622,0.0019035000004805624,0.004548542001430178,0.2647074959695601,0.00046754200047871564,13.405002649703592,13.422651326400967,26.82765397610456,13.422651326400967
P2_credit_k8_t4,P2,credit,,8,15,8004,runnerup,1.2311814170006983,0.286164921022646,1.2655792920013482,1.0531593403671884,0.9325077459305148,0.9887316410575863,1.03195032366186,0,1,449550,29970,0,0,29970,479520,0.0,0.0,0.0,0.06666666666666667,0,0.0,0.002187000984122278,0.0,0.06728975100304524,0.05907883300096728,0.07787304200064682,0.001970666999113746,0.0045057499992253724,0.2630901730262849,0.00043037699651904404,13.405002649703592,13.422651326400967,26.82765397610456,13.422651326400967
P2_credit_k9_t0,P2,credit,,9,15,9000,fresh,1.3208554169996205,0.3095926759451686,1.3301634999970702,1.0,0.9263057434244131,1.0,1.0,0,0,449550,0,0,0,0,449550,,0.0,0.0,0.0,,0.0,0.0,0.0024976249987958,0.0,0.0,0.0,0.0,0.00528729200050293,0.2860529649442469,0.0,13.430247092143288,13.438903523277931,26.86915061542122,13.438903523277931
P2_credit_k9_t0,P2,credit,,9,15,9000,none,1.2235159589999967,0.31315123501917697,1.2579049599989958,1.0795571625229812,1.0,0.9886362923850821,1.0574435607584631,0,0,449550,0,0,0,0,449550,,0.0,0.0,0.0,0,0.0,0.0,0.0,0.0,0.0,0.0,0.0019102500009466894,0.005382041999837384,0.28946123601781437,0.00038387100175896194,13.430247092143288,13.438903523277931,26.86915061542122,13.438903523277931
P2_credit_k9_t0,P2,credit,,9,15,9000,basic,1.306337165999139,0.32005886003207706,1.3407974570000079,1.011113708909428,0.9366004358179634,0.9672991896369951,0.9920689311070661,0,1,449550,29970,0,0,29970,479520,0.0,0.0,0.0,0.06666666666666667,0,0.0,0.0009384920067532221,0.0,0.07149783599561488,0.06132870900000853,0.08150529200065648,0.001995249998799409,0.005295458000546205,0.2959836940317473,0.00038441399738076143,13.430247092143288,13.438903523277931,26.86915061542122,13.438903523277931
P2_credit_k9_t0,P2,credit,,9,15,9000,runnerup,1.3612107910012128,0.3278207889961777,1.3955666260008002,0.9703533249454263,0.8988438580479241,0.9443961040212686,0.9531350744670986,1,1,449550,29970,0,0,29970,479520,0.0,0.0,0.0,0.06666666666666667,0,0.0,0.0024064209919743007,0.0,0.07468890500604175,0.06567004099997575,0.0867463750000752,0.0019840830009343335,0.005875583001397899,0.30233687199688575,0.0006126250027591595,13.430247092143288,13.438903523277931,26.86915061542122,13.438903523277931
P2_credit_k9_t1,P2,credit,,9,15,9001,fresh,1.3494891669997742,0.3190072610286734,1.3590764580021641,1.0,0.9306606453110035,1.0,1.0,0,0,449550,0,0,0,0,449550,,0.0,0.0,0.0,,0.0,0.0,0.0025195840007654624,0.0,0.0,0.0,0.0,0.005487791999257752,0.2947070950303896,0.0,12.873281169725736,12.8434617467526,25.71674291647834,12.873281169725736
P2_credit_k9_t1,P2,credit,,9,15,9001,none,1.2559164590002183,0.32566941701043106,1.2904030840018095,1.0745055193193702,1.0,0.9795431943136856,1.0532185445398845,0,0,449550,0,0,0,0,449550,,0.0,0.0,0.0,0,0.0,0.0,0.0,0.0,0.0,0.0,0.0019267089992354158,0.005383292000260553,0.3018768340079987,0.0007843329949537292,12.873281169725736,12.8434617467526,25.71674291647834,12.873281169725736
P2_credit_k9_t1,P2,credit,,9,15,9001,basic,1.363090207998539,0.3340652200149634,1.3988289159988199,0.9900219069002516,0.9213744267478183,0.9549250922151802,0.971581615491362,1,1,449550,29970,0,0,29970,479520,0.0,0.0,0.0,0.06666666666666667,0,0.0,0.0010115390086866682,0.0,0.07241463000173098,0.0634977079989767,0.08291658400048618,0.0019354159994691145,0.005466041999170557,0.30631992701091804,0.0008068320021266118,12.873281169725736,12.8434617467526,25.71674291647834,12.873281169725736
P2_credit_k9_t1,P2,credit,,9,15,9001,runnerup,1.3602785420007422,0.33301075002964353,1.397913126002095,0.9920682605305979,0.9232788875379709,0.9579488379887928,0.9722181104980392,1,1,449550,29970,0,0,29970,479520,0.0,0.0,0.0,0.06666666666666667,0,0.0,0.002436589013086632,0.0,0.0736867490086297,0.06329904199992598,0.08611208299953432,0.0022088330006226897,0.005591457998889382,0.3071479160353192,0.0009155850020761136,12.873281169725736,12.8434617467526,25.71674291647834,12.873281169725736
P2_credit_k9_t2,P2,credit,,9,15,9002,fresh,1.3457545830005984,0.31244578400583123,1.355228291999083,1.0,0.9090630382785685,1.0,1.0,0,0,449550,0,0,0,0,449550,,0.0,0.0,0.0,,0.0,0.0,0.0025725420000526356,0.0,0.0,0.0,0.0,0.005295958000715473,0.28863374400862085,0.0,12.66434249752747,12.66546247473546,25.329804972262927,12.66546247473546
P2_credit_k9_t2,P2,credit,,9,15,9002,none,1.223375749999832,0.31468334802593745,1.2588872919986898,1.100033724716861,1.0,0.9928894743425642,1.0765286937224032,0,0,449550,0,0,0,0,449550,,0.0,0.0,0.0,0,0.0,0.0,0.0,0.0,0.0,0.0,0.001999207999688224,0.00544816600086051,0.2911693490223115,0.0005246220007393276,12.66434249752747,12.66546247473546,25.329804972262927,12.66546247473546
P2_credit_k9_t2,P2,credit,,9,15,9002,basic,1.3324695419996715,0.3226932679935999,1.3671309170003951,1.0099702399058141,0.918126614859714,0.9682438866745373,0.9912937196772439,0,1,449550,29970,0,0,29970,479520,0.0,0.0,0.0,0.06666666666666667,0,0.0,0.0009483749981882283,0.0,0.0715957080010412,0.06266862499978743,0.08143962499889312,0.0019877920003636973,0.0053811670004506595,0.2975276849920192,0.0005782490043202415,12.66434249752747,12.66546247473546,25.329804972262927,12.66546247473546
P2_credit_k9_t2,P2,credit,,9,15,9002,runnerup,1.3262467919994378,0.322303360033402,1.3610727509985736,1.0147090203111826,0.9224344649727533,0.9694152241337194,0.9957059907376716,0,1,449550,29970,0,0,29970,479520,0.0,0.0,0.0,0.06666666666666667,0,0.0,0.0022000859971740283,0.0,0.07336058599503303,0.06427508299930196,0.08458704199983913,0.0020213329989928752,0.0055017909999151016,0.29733631703311403,0.0005442510009743273,12.66434249752747,12.66546247473546,25.329804972262927,12.66546247473546
P2_credit_k9_t3,P2,credit,,9,15,9003,fresh,1.3775279170004069,0.3198806539639918,1.3871062500020344,1.0,0.9076766137139071,1.0,1.0,0,0,449550,0,0,0,0,449550,,0.0,0.0,0.0,,0.0,0.0,0.0024756669990892988,0.0,0.0,0.0,0.0,0.005423709000751842,0.29433290396445955,0.0,12.78687581290668,12.841950461052692,25.628826273959373,12.841950461052692
P2_credit_k9_t3,P2,credit,,9,15,9003,none,1.2503498749993014,0.3203964729582367,1.2854059170003893,1.1017139638624562,1.0,0.9983900603228172,1.0791192351432237,0,0,449550,0,0,0,0,449550,,0.0,0.0,0.0,0,0.0,0.0,0.0,0.0,0.0,0.0,0.0019817909997073,0.005530000000362634,0.2962870149549417,0.0006925410016265232,12.78687581290668,12.841950461052692,25.628826273959373,12.841950461052692
P2_credit_k9_t3,P2,credit,,9,15,9003,basic,1.3327542090009956,0.3282260600317386,1.368859459000305,1.0335948727057278,0.9381698940095918,0.9745742124591209,1.0133299228651678,0,1,449550,29970,0,0,29970,479520,0.0,0.0,0.0,0.06666666666666667,0,0.0,0.0010189559980062768,0.0,0.07160888400721888,0.06250099999851955,0.08205862499926297,0.0022178330000315327,0.0056287080005859025,0.3029269340313476,0.0007635869988007471,12.78687581290668,12.841950461052692,25.628826273959373,12.841950461052692
P2_credit_k9_t3,P2,credit,,9,15,9003,runnerup,1.3064240000003338,0.3207756280207832,1.3412090840010933,1.0544263707648167,0.9570781576264535,0.9972099686553075,1.0342207389947142,0,1,449550,29970,0,0,29970,479520,0.0,0.0,0.0,0.06666666666666667,0,0.0,0.002162712999052019,0.0,0.0703274880124809,0.0611901249994844,0.08175820899850805,0.0018697499999689171,0.0054710420008632354,0.2959532940203644,0.00043754099897341803,12.78687581290668,12.841950461052692,25.628826273959373,12.841950461052692
P2_credit_k9_t4,P2,credit,,9,15,9004,fresh,1.3320549999989453,0.31204032500136236,1.341529791996436,1.0,0.933729963853678,1.0,1.0,0,0,449550,0,0,0,0,449550,,0.0,0.0,0.0,,0.0,0.0,0.0025367500002175802,0.0,0.0,0.0,0.0,0.005438250000224798,0.28827561600337503,0.0,12.759426646382531,12.732515725931433,25.491942372313964,12.759426646382531
P2_credit_k9_t4,P2,credit,,9,15,9004,none,1.2437796670001262,0.3201315219848766,1.2793183759986277,1.0709734491895422,1.0,0.9747253974449399,1.0486285643706528,0,0,449550,0,0,0,0,449550,,0.0,0.0,0.0,0,0.0,0.0,0.0,0.0,0.0,0.0,0.001903082998978789,0.005486832998940372,0.2967553569924348,0.00042341700100223534,12.759426646382531,12.732515725931433,25.491942372313964,12.759426646382531
P2_credit_k9_t4,P2,credit,,9,15,9004,basic,1.314658416000384,0.3243979650160327,1.3494031660011387,1.0132327787863613,0.9460858059115509,0.961905926216092,0.9941652915873652,0,1,449550,29970,0,0,29970,479520,0.0,0.0,0.0,0.06666666666666667,0,0.0,0.0010236999933113111,0.0,0.07306937898829347,0.0622132500011503,0.08362058300008357,0.0020710829994641244,0.005476125001223409,0.29989200701675145,0.000490371998239425,12.759426646382531,12.732515725931433,25.491942372313964,12.759426646382531
P2_credit_k9_t4,P2,credit,,9,15,9004,runnerup,1.3036642909992224,0.3189667819551687,1.3385474999995495,1.021777622656184,0.9540643826692559,0.9782847075443114,1.0022280061013058,0,1,449550,29970,0,0,29970,479520,0.0,0.0,0.0,0.06666666666666667,0,0.0,0.0022397080138034653,0.0,0.07166191700343916,0.06574312500015367,0.08356266700138804,0.0019606250007200288,0.0055883329987409525,0.29420303396182135,0.00043187499431951437,12.759426646382531,12.732515725931433,25.491942372313964,12.759426646382531
P2_credit_k10_t0,P2,credit,,10,15,10000,fresh,1.409700750000411,0.3497244840145868,1.420100833000106,1.0,0.9205573416908327,1.0,1.0,0,0,449550,0,0,0,0,449550,,0.0,0.0,0.0,,0.0,0.0,0.0025052500004676403,0.0,0.0,0.0,0.0,0.006450708000556915,0.32454423401213717,0.0,12.280685149846226,12.346003821699735,24.62668897154596,12.346003821699735
P2_credit_k10_t0,P2,credit,,10,15,10000,none,1.2977103749999515,0.3523078260186594,1.3337095830011094,1.0862984354274456,1.0,0.9926673726403801,1.0647751587752703,0,0,449550,0,0,0,0,449550,,0.0,0.0,0.0,0,0.0,0.0,0.0,0.0,0.0,0.0,0.0019159160001436248,0.006365624998579733,0.3273991990208742,0.0005239590027485974,12.280685149846226,12.346003821699735,24.62668897154596,12.346003821699735
P2_credit_k10_t0,P2,credit,,10,15,10000,basic,1.36796620899986,0.352191873054835,1.404423083000438,1.030508458999922,0.9486421276068846,0.992994190868612,1.0111631246947135,0,1,449550,29970,0,0,29970,479520,0.0,0.0,0.0,0.06666666666666667,0,0.0,0.001058375997672556,0.0,0.07534437400499883,0.0644629159996839,0.0867524159984896,0.001942042001246591,0.006675250000625965,0.32577029005551594,0.0004734580033982638,12.280685149846226,12.346003821699735,24.62668897154596,12.346003821699735
P2_credit_k10_t0,P2,credit,,10,15,10000,runnerup,1.4210514580008748,0.3672598999910406,1.4576642510019155,0.992012458143893,0.9132043513931306,0.9522533879226085,0.9742304045832292,1,1,449550,29970,0,0,29970,479520,0.0,0.0,0.0,0.06666666666666667,0,0.0,0.0024133419974532444,0.0,0.0769799630070338,0.06716829200013308,0.08993825000106881,0.002118624999638996,0.0068249169999035075,0.3401580229947285,0.000673000995448092,12.280685149846226,12.346003821699735,24.62668897154596,12.346003821699735
P2_credit_k10_t1,P2,credit,,10,15,10001,fresh,1.3940977080001176,0.3415417319665721,1.403886041000078,1.0,0.9232104583578424,1.0,1.0,0,0,449550,0,0,0,0,449550,,0.0,0.0,0.0,,0.0,0.0,0.0024603750007372582,0.0,0.0,0.0,0.0,0.006177332999868668,0.31662273497204296,0.0,12.628460228065975,12.651842254587741,25.280302482653717,12.651842254587741
P2_credit_k10_t1,P2,credit,,10,15,10001,none,1.287045583998406,0.3447927470151626,1.3228727099958633,1.0831766375120433,1.0,0.9905711037232244,1.0612404582784598,0,0,449550,0,0,0,0,449550,,0.0,0.0,0.0,0,0.0,0.0,0.0,0.0,0.0,0.0,0.0019590420015447307,0.006273209000937641,0.3196826630173746,0.0004877089995716233,12.628460228065975,12.651842254587741,25.280302482653717,12.651842254587741
P2_credit_k10_t1,P2,credit,,10,15,10001,basic,1.3661666250009148,0.35071653504382994,1.4009398749967659,1.0204448582537904,0.9420853653173853,0.973839833140142,1.0021029924666245,0,1,449550,29970,0,0,29970,479520,0.0,0.0,0.0,0.06666666666666667,0,0.0,0.0009729139983392088,0.0,0.07344158500200137,0.06445970799904899,0.08434145899991563,0.0018527079992054496,0.0061882079990027705,0.3252771610405034,0.0004623320019163657,12.628460228065975,12.651842254587741,25.280302482653717,12.651842254587741
P2_credit_k10_t1,P2,credit,,10,15,10001,runnerup,1.3544467079991591,0.35165381696788245,1.3894146229959006,1.0292746844647231,0.9502371532208007,0.971244205200156,1.0104154784069954,0,1,449550,29970,0,0,29970,479520,0.0,0.0,0.0,0.06666666666666667,0,0.0,0.002141414996003732,0.0,0.07230083998547343,0.0631016669995006,0.08419887499985634,0.0018829159998858813,0.006200792000527144,0.3261948209710681,0.0003794169970205985,12.628460228065975,12.651842254587741,25.280302482653717,12.651842254587741
P2_credit_k10_t2,P2,credit,,10,15,10002,fresh,1.4464825410013873,0.3546024390270759,1.4564724170013505,1.0,0.926089297333238,1.0,1.0,0,0,449550,0,0,0,0,449550,,0.0,0.0,0.0,,0.0,0.0,0.0025241670009563677,0.0,0.0,0.0,0.0,0.006293333000940038,0.32877569102493,0.0,12.127472659559011,12.182823576527426,24.310296236086437,12.182823576527426
P2_credit_k10_t2,P2,credit,,10,15,10002,none,1.3395720000007714,0.3643004170298809,1.3747301250004966,1.0798094772065663,1.0,0.9733791740293024,1.0594606101330792,0,0,449550,0,0,0,0,449550,,0.0,0.0,0.0,0,0.0,0.0,0.0,0.0,0.0,0.0,0.0018667500007722992,0.006371375000526314,0.33833029102970613,0.0008048309991863789,12.127472659559011,12.182823576527426,24.310296236086437,12.182823576527426
P2_credit_k10_t2,P2,credit,,10,15,10002,basic,1.3757041670014587,0.35544561696406163,1.410969209004179,1.0514488330395917,0.9737355109714885,0.997627828571393,1.0322496109105643,0,1,449550,29970,0,0,29970,479520,0.0,0.0,0.0,0.06666666666666667,0,0.0,0.0010321629961254075,0.0,0.07489349600109563,0.06351750000067113,0.08612974999959988,0.0019530419995135162,0.006368958000166458,0.3279550779643614,0.0004122479949728586,12.127472659559011,12.182823576527426,24.310296236086437,12.182823576527426
P2_credit_k10_t2,P2,credit,,10,15,10002,runnerup,1.3734562919999007,0.35026967003977916,1.4083626239971636,1.0531696927138121,0.9753291806979965,1.0123698092010212,1.0341600893011798,0,1,449550,29970,0,0,29970,479520,0.0,0.0,0.0,0.06666666666666667,0,0.0,0.0022420380082621705,0.0,0.07367774599333643,0.06317429200134939,0.08570608399895718,0.0018416250004520407,0.00635316599982616,0.3245754220388335,0.00039145900336734485,12.127472659559011,12.182823576527426,24.310296236086437,12.182823576527426
P2_credit_k10_t3,P2,credit,,10,15,10003,fresh,1.3979305829998339,0.3443520199652994,1.408154790999106,1.0,0.9562268743919651,1.0,1.0,0,0,449550,0,0,0,0,449550,,0.0,0.0,0.0,,0.0,0.0,0.0024309580003318843,0.0,0.0,0.0,0.0,0.0063218329996743705,0.3192502289675758,0.0,12.266091175300122,12.327262306222941,24.593353481523064,12.327262306222941
P2_credit_k10_t3,P2,credit,,10,15,10003,none,1.3367387919988687,0.35937989697413286,1.3723590829958994,1.0457769246820938,1.0,0.9581838685598068,1.02608333959146,0,0,449550,0,0,0,0,449550,,0.0,0.0,0.0,0,0.0,0.0,0.0,0.0,0.0,0.0,0.002409792001344613,0.006998291999479989,0.33310510197043186,0.0006633299999521114,12.266091175300122,12.327262306222941,24.593353481523064,12.327262306222941
P2_credit_k10_t3,P2,credit,,10,15,10003,basic,1.398899709000034,0.3652878820157639,1.4347575000010693,0.9993072226736734,0.9555644220945623,0.9426866778746277,0.9814583934902285,1,1,449550,29970,0,0,29970,479520,0.0,0.0,0.0,0.06666666666666667,0,0.0,0.0010220459989795927,0.0,0.07317745800173725,0.06315491699933773,0.08425087499927031,0.0019785830008913763,0.006365624998579733,0.3398327970171522,0.000700957001754432,12.266091175300122,12.327262306222941,24.593353481523064,12.327262306222941
P2_credit_k10_t3,P2,credit,,10,15,10003,runnerup,1.3625102909991256,0.35025986899927375,1.3988964999989548,1.0259963482365588,0.9810852812118148,0.9831329548233612,1.006618281624236,0,1,449550,29970,0,0,29970,479520,0.0,0.0,0.0,0.06666666666666667,0,0.0,0.0021992510155541822,0.0,0.0726828779988864,0.06379791699873749,0.08462150000013935,0.0018927500004792819,0.006324624999251682,0.32544986799803155,0.0004285830018488923,12.266091175300122,12.327262306222941,24.593353481523064,12.327262306222941
P2_credit_k10_t4,P2,credit,,10,15,10004,fresh,1.4372676250004588,0.3500711809956556,1.4480219590022898,1.0,0.8985561231152992,1.0,1.0,0,0,449550,0,0,0,0,449550,,0.0,0.0,0.0,,0.0,0.0,0.0027740420009649824,0.0,0.0,0.0,0.0,0.0064015419993666,0.32335593000243534,0.0,12.15183215746249,12.160926945593507,24.312759103055996,12.160926945593507
P2_credit_k10_t4,P2,credit,,10,15,10004,none,1.291465624999546,0.34819867699116,1.3269170409985236,1.112896539542788,1.0,1.005377688452685,1.091267889598157,0,0,449550,0,0,0,0,449550,,0.0,0.0,0.0,0,0.0,0.0,0.0,0.0,0.0,0.0,0.002117833000738756,0.006303666001258534,0.3234382599894161,0.00043900199852942023,12.15183215746249,12.160926945593507,24.312759103055996,12.160926945593507
P2_credit_k10_t4,P2,credit,,10,15,10004,basic,1.3816591659997357,0.35764814496906183,1.4169527070007462,1.0402475953325914,0.934720846342066,0.9788144742815269,1.0219268094468077,0,1,449550,29970,0,0,29970,479520,0.0,0.0,0.0,0.06666666666666667,0,0.0,0.0009620809996704338,0.0,0.07222587700925942,0.06290666600034456,0.08301941699937743,0.00192349999997532,0.006349749999571941,0.3317523959740356,0.000516000995048671,12.15183215746249,12.160926945593507,24.312759103055996,12.160926945593507
P2_credit_k10_t4,P2,credit,,10,15,10004,runnerup,1.462011084000551,0.371506888031945,1.5007604580041516,0.983075737748591,0.8833487236400865,0.9423006471028171,0.9648588162617249,1,1,449550,29970,0,0,29970,479520,0.0,0.0,0.0,0.06666666666666667,0,0.0,0.0026050470059999498,0.0,0.08005341699026758,0.06941987500067626,0.0936641670014069,0.0028280410006118473,0.007910834001449984,0.34192476102907676,0.0007017050029389793,12.15183215746249,12.160926945593507,24.312759103055996,12.160926945593507
P2_credit_k11_t0,P2,credit,,11,15,11000,fresh,1.4683624169992981,0.375863605973791,1.4789849589978985,1.0,0.9361639484128574,1.0,1.0,0,0,449550,0,0,0,0,449550,,0.0,0.0,0.0,,0.0,0.0,0.0028199170010339003,0.0,0.0,0.0,0.0,0.007558541999969748,0.3487333559733088,0.0,11.937550122800603,11.92686189058023,23.864412013380832,11.937550122800603
P2_credit_k11_t0,P2,credit,,11,15,11000,none,1.3746279579991096,0.3821155120149342,1.4124895399963862,1.0681889659341914,1.0,0.9836387012707851,1.0470767514509753,0,0,449550,0,0,0,0,449550,,0.0,0.0,0.0,0,0.0,0.0,0.0,0.0,0.0,0.0,0.0019918750003853347,0.007598500000312924,0.3554140150154126,0.0004924170025333297,11.937550122800603,11.92686189058023,23.864412013380832,11.937550122800603
P2_credit_k11_t0,P2,credit,,11,15,11000,basic,1.4884631669992814,0.39620320197354886,1.5247076249997917,0.9864956349302845,0.9235216486883839,0.9486637263443525,0.9700121746279721,1,1,449550,29970,0,0,29970,479520,0.0,0.0,0.0,0.06666666666666667,0,0.0,0.0009986609911720734,0.0,0.07611437599371129,0.06681162499990023,0.08801120799944329,0.0019421249999140855,0.007612875000631902,0.36793898996802454,0.0008439169996563578,11.937550122800603,11.92686189058023,23.864412013380832,11.937550122800603
P2_credit_k11_t0,P2,credit,,11,15,11000,runnerup,1.4811097499987227,0.3962163140713528,1.5186802499956684,0.9913933906657251,0.9281067510360357,0.9486323319491166,0.9738619824693953,1,1,449550,29970,0,0,29970,479520,0.0,0.0,0.0,0.06666666666666667,0,0.0,0.0024803760097711347,0.0,0.0803831299963349,0.07077416699939931,0.09464841699991666,0.002447625000058906,0.008533250000255066,0.36732268507148547,0.0006730419954692479,11.937550122800603,11.92686189058023,23.864412013380832,11.937550122800603
P2_credit_k11_t1,P2,credit,,11,15,11001,fresh,1.4781494159997237,0.37702327095939836,1.4886497910010803,1.0,0.9433720704463837,1.0,1.0,0,0,449550,0,0,0,0,449550,,0.0,0.0,0.0,,0.0,0.0,0.002461584001139272,0.0,0.0,0.0,0.0,0.007408084000417148,0.3497485189582221,0.0,11.86665024866656,11.897552765997483,23.764203014664044,11.897552765997483
P2_credit_k11_t1,P2,credit,,11,15,11001,none,1.3944448750007723,0.39142097000512877,1.430058582998754,1.0600271423414318,1.0,0.9632168428647506,1.0409711942565765,0,0,449550,0,0,0,0,449550,,0.0,0.0,0.0,0,0.0,0.0,0.0,0.0,0.0,0.0,0.0018723339999269228,0.007384041999102919,0.36447709600179223,0.0006417490021703998,11.86665024866656,11.897552765997483,23.764203014664044,11.897552765997483
P2_credit_k11_t1,P2,credit,,11,15,11001,basic,1.4312733330007177,0.3831268140111206,1.466918333002468,1.032751314454192,0.9742687457728755,0.9840691310852885,1.0148143611745124,0,1,449550,29970,0,0,29970,479520,0.0,0.0,0.0,0.06666666666666667,0,0.0,0.0009457889973418787,0.0,0.07475287399574881,0.06561179100026493,0.08588191700073367,0.0019275419999758014,0.007365125000433181,0.3557611870110122,0.00040279300083057024,11.86665024866656,11.897552765997483,23.764203014664044,11.897552765997483
P2_credit_k11_t1,P2,credit,,11,15,11001,runnerup,1.4658225420007511,0.3848787890347012,1.5015418750008394,1.0084095268327278,0.9513053831860485,0.9795896310757864,0.9914141029202054,0,1,449550,29970,0,0,29970,479520,0.0,0.0,0.0,0.06666666666666667,0,0.0,0.0021716249921155395,0.0,0.07841000300504675,0.06915487500009476,0.09082812499946158,0.0018314589997316943,0.007354458000918385,0.3573192920302972,0.00041183199937222525,11.86665024866656,11.897552765997483,23.764203014664044,11.897552765997483
P2_credit_k11_t2,P2,credit,,11,15,11002,fresh,1.4782711249990825,0.377803698014759,1.4889448339981755,1.0,0.912915839441729,1.0,1.0,0,0,449550,0,0,0,0,449550,,0.0,0.0,0.0,,0.0,0.0,0.002491417000783258,0.0,0.0,0.0,0.0,0.007152666999900248,0.3512135310120357,0.0,11.86971420461634,11.893583909069067,23.76329811368541,11.893583909069067
P2_credit_k11_t2,P2,credit,,11,15,11002,none,1.3495371250010066,0.38277449095585325,1.3853601249993517,1.0953912253417852,1.0,0.9870137821131149,1.074770961809567,0,0,449550,0,0,0,0,449550,,0.0,0.0,0.0,0,0.0,0.0,0.0,0.0,0.0,0.0,0.001931333999891649,0.007345083000473096,0.35651478395629965,0.0004177070004516281,11.86971420461634,11.893583909069067,23.76329811368541,11.893583909069067
P2_credit_k11_t2,P2,credit,,11,15,11002,basic,1.4209219999993365,0.38303905308202957,1.456354874999306,1.0403605018430095,0.9497615808620296,0.9863320592896584,1.0223777594035142,0,1,449550,29970,0,0,29970,479520,0.0,0.0,0.0,0.06666666666666667,0,0.0,0.0009411220144102117,0.0,0.07477545700567134,0.06529745799889497,0.08620554200024344,0.0018976659994223155,0.007227209000120638,0.3562714710897126,0.0003920010040019406,11.86971420461634,11.893583909069067,23.76329811368541,11.893583909069067
P2_credit_k11_t2,P2,credit,,11,15,11002,runnerup,1.430086124999434,0.3851616599422414,1.4670272929997736,1.0336937749114008,0.9436754202489313,0.9808964320888383,1.0149401044568058,0,1,449550,29970,0,0,29970,479520,0.0,0.0,0.0,0.06666666666666667,0,0.0,0.0022102110069681657,0.0,0.07635683899752621,0.0660461249990476,0.08908537499883096,0.0019389590015634894,0.00739649999923131,0.3578030769385805,0.0005137109983479604,11.86971420461634,11.893583909069067,23.76329811368541,11.893583909069067
P2_credit_k11_t3,P2,credit,,11,15,11003,fresh,1.5258653340006276,0.371397780982079,1.536210750002283,1.0,0.8930751257244155,1.0,1.0,0,0,449550,0,0,0,0,449550,,0.0,0.0,0.0,,0.0,0.0,0.0024622919991088565,0.0,0.0,0.0,0.0,0.007517916999859153,0.3441654059843131,0.0,11.69262520210334,11.69346885563749,23.38609405774083,11.69346885563749
P2_credit_k11_t3,P2,credit,,11,15,11003,none,1.3627123750011378,0.3750173209809873,1.3981754160031414,1.119726629032303,1.0,0.9903483391395359,1.0987253333303004,0,0,449550,0,0,0,0,449550,,0.0,0.0,0.0,0,0.0,0.0,0.0,0.0,0.0,0.0,0.0019789590005530044,0.00769445799960522,0.34788823798771773,0.0005199570023250999,11.69262520210334,11.69346885563749,23.38609405774083,11.69346885563749
P2_credit_k11_t3,P2,credit,,11,15,11003,basic,1.4841580419997626,0.391109553987917,1.5196910420017957,1.0281016514553047,0.9181720116309257,0.9496003797277552,1.0108704384930287,0,1,449550,29970,0,0,29970,479520,0.0,0.0,0.0,0.06666666666666667,0,0.0,0.000930918991798535,0.0,0.07594654500098841,0.06736837499920512,0.08745066699884774,0.0018859580013668165,0.007418208999297349,0.3629160119835433,0.0006986239986872533,11.69262520210334,11.69346885563749,23.38609405774083,11.69346885563749
P2_credit_k11_t3,P2,credit,,11,15,11003,runnerup,1.4239402090006479,0.3786343430074339,1.4597397509987786,1.0715796382149452,0.9570011201225359,0.9808877293911692,1.0523867346567644,0,1,449550,29970,0,0,29970,479520,0.0,0.0,0.0,0.06666666666666667,0,0.0,0.0021362470033636782,0.0,0.07450691600024584,0.06552470800124865,0.08708320899859245,0.0018243750000692671,0.007340916999964975,0.35132676100147364,0.0003944180025428068,11.69262520210334,11.69346885563749,23.38609405774083,11.69346885563749
P2_credit_k11_t4,P2,credit,,11,15,11004,fresh,1.5022915419995115,0.38488081200375746,1.513128709000739,1.0,0.9134423722937139,1.0,1.0,0,0,449550,0,0,0,0,449550,,0.0,0.0,0.0,,0.0,0.0,0.0025329170002805768,0.0,0.0,0.0,0.0,0.007617541999934474,0.35770868599865935,0.0,12.156611529002523,12.152570898241025,24.30918242724355,12.156611529002523
P2_credit_k11_t4,P2,credit,,11,15,11004,none,1.3722567500008154,0.38083463302064047,1.4092747910035541,1.094759812257159,1.0,1.010624503740703,1.0736931637890363,0,0,449550,0,0,0,0,449550,,0.0,0.0,0.0,0,0.0,0.0,0.0,0.0,0.0,0.0,0.0019434999994700775,0.007758042000205023,0.35384009201698063,0.00046249700244516134,12.156611529002523,12.152570898241025,24.30918242724355,12.156611529002523
P2_credit_k11_t4,P2,credit,,11,15,11004,basic,1.4381107080007496,0.3855782779828587,1.4742173750018992,1.04462857667473,0.9542080052435714,0.998191117034004,1.0263945702029118,0,1,449550,29970,0,0,29970,479520,0.0,0.0,0.0,0.06666666666666667,0,0.0,0.0009483269968768582,0.0,0.07570332800605684,0.06644149999920046,0.08715316599955258,0.0019717499999387655,0.007596958999783965,0.35821939999186725,0.0003805009928328218,12.156611529002523,12.152570898241025,24.30918242724355,12.156611529002523
P2_credit_k11_t4,P2,credit,,11,15,11004,runnerup,1.4354440000006434,0.38457060699329304,1.4718442500034143,1.0465692440797678,0.955980693081862,1.0008066269361813,1.028049475341721,0,1,449550,29970,0,0,29970,479520,0.0,0.0,0.0,0.06666666666666667,0,0.0,0.002161292997698183,0.0,0.07535425099194981,0.06624979200023517,0.0878200420011126,0.0019205419994250406,0.0075225420005153865,0.35714935299802164,0.00041570799839973915,12.156611529002523,12.152570898241025,24.30918242724355,12.156611529002523
P2_credit_k12_t0,P2,credit,,12,15,12000,fresh,1.576538041999811,0.41825485004665097,1.5874821259985765,1.0,0.9041679217530831,1.0,1.0,0,0,449550,0,0,0,0,449550,,0.0,0.0,0.0,,0.0,0.0,0.0026753330002975417,0.0,0.0,0.0,0.0,0.008960875000411761,0.38848139204856125,0.0,11.852277896937423,11.890064896378405,23.742342793315828,11.890064896378405
P2_credit_k12_t0,P2,credit,,12,15,12000,none,1.4254551249996439,0.40695229996345006,1.461604708001687,1.1059892481709692,1.0,1.0277736483716053,1.0861227507736957,0,0,449550,0,0,0,0,449550,,0.0,0.0,0.0,0,0.0,0.0,0.0,0.0,0.0,0.0,0.001930166999954963,0.008757208999668364,0.3796646719601995,0.0003912479987775441,11.852277896937423,11.890064896378405,23.742342793315828,11.890064896378405
P2_credit_k12_t0,P2,credit,,12,15,12000,basic,1.4995055419985874,0.4215490319948003,1.5362992500013206,1.0513719341767502,0.9506167767141115,0.9921855307493863,1.0333156941899255,0,1,449550,29970,0,0,29970,479520,0.0,0.0,0.0,0.06666666666666667,0,0.0,0.000914001004275633,0.0,0.0770628429872886,0.06763779199900455,0.08869699999922886,0.0019117089996143477,0.008760624999922584,0.3933497829912085,0.00041129299643216655,11.852277896937423,11.890064896378405,23.742342793315828,11.890064896378405
P2_credit_k12_t0,P2,credit,,12,15,12000,runnerup,1.5304997080002067,0.42517785802738217,1.5690767069972935,1.0300805898615684,0.9313658261733241,0.9837173835607278,1.0117300951057422,0,1,449550,29970,0,0,29970,479520,0.0,0.0,0.0,0.06666666666666667,0,0.0,0.0024023259884415893,0.0,0.08258749800188525,0.07200799999918672,0.0967304999994667,0.002100082998367725,0.009445416000744444,0.3957831910283858,0.0005390820024331333,11.852277896937423,11.890064896378405,23.742342793315828,11.890064896378405
P2_credit_k12_t1,P2,credit,,12,15,12001,fresh,1.5467686669999239,0.41481087802458205,1.5576370840008167,1.0,0.9151576154858653,1.0,1.0,0,0,449550,0,0,0,0,449550,,0.0,0.0,0.0,,0.0,0.0,0.0024914999994507525,0.0,0.0,0.0,0.0,0.008733959000892355,0.3863619610256137,0.0,11.533201841254117,11.520271161859354,23.05347300311347,11.533201841254117
P2_credit_k12_t1,P2,credit,,12,15,12001,none,1.4155371249999007,0.4082360249958583,1.4521429580017866,1.0927079478752861,1.0,1.0161055189306,1.0726472042010207,0,0,449550,0,0,0,0,449550,,0.0,0.0,0.0,0,0.0,0.0,0.0,0.0,0.0,0.0,0.0020412499998201383,0.009206208000250626,0.37950648500009265,0.00042974900134140626,11.533201841254117,11.520271161859354,23.05347300311347,11.533201841254117
P2_credit_k12_t1,P2,credit,,12,15,12001,basic,1.49095083300017,0.41584952500306827,1.5270747070026118,1.037437742925053,0.9494190510303295,0.9975023490083857,1.020013675073038,0,1,449550,29970,0,0,29970,479520,0.0,0.0,0.0,0.06666666666666667,0,0.0,0.000950915991779766,0.0,0.0767738350041327,0.06717833400034579,0.08877433399902657,0.0018283329991390929,0.00900316700062831,0.3867240260096878,0.0003844190014206106,11.533201841254117,11.520271161859354,23.05347300311347,11.533201841254117
P2_credit_k12_t1,P2,credit,,12,15,12001,runnerup,1.5085954580008547,0.41596675596338173,1.5449484170021606,1.0253038074565433,0.9383145875805088,0.9972212252007431,1.0082130036569619,0,1,449550,29970,0,0,29970,479520,0.0,0.0,0.0,0.06666666666666667,0,0.0,0.0021633759952237597,0.0,0.07882745700590021,0.06827433400030714,0.09201245800068136,0.0019977079991804203,0.00901391700062959,0.3865385459648678,0.0004404989995236974,11.533201841254117,11.520271161859354,23.05347300311347,11.533201841254117
P2_credit_k12_t2,P2,credit,,12,15,12002,fresh,1.5308381670001836,0.4014091429835389,1.541752416998861,1.0,0.9404990717082777,1.0,1.0,0,0,449550,0,0,0,0,449550,,0.0,0.0,0.0,,0.0,0.0,0.0024927080012275837,0.0,0.0,0.0,0.0,0.008533541998986038,0.37330055898200953,0.0,11.805618062888287,11.817100504030787,23.622718566919076,11.817100504030787
P2_credit_k12_t2,P2,credit,,12,15,12002,none,1.4397518749992742,0.4089278310057125,1.4760623739985022,1.0632652706223809,1.0,0.9816136553883305,1.0445035685195412,0,0,449550,0,0,0,0,449550,,0.0,0.0,0.0,0,0.0,0.0,0.0,0.0,0.0,0.0,0.0019511669997882564,0.009216333000949817,0.37975441600246995,0.0007609989970660536,11.805618062888287,11.817100504030787,23.622718566919076,11.817100504030787
P2_credit_k12_t2,P2,credit,,12,15,12002,basic,1.490100082999561,0.40739673300413415,1.5262480409983255,1.027339159607734,0.966211525940636,0.9853028030528304,1.0101584903528487,0,1,449550,29970,0,0,29970,479520,0.0,0.0,0.0,0.06666666666666667,0,0.0,0.000955038989559398,0.0,0.07880871900488273,0.06771712500085414,0.09110287499970582,0.0019232920003560139,0.008802708998700837,0.3782063950038719,0.0005001690024073469,11.805618062888287,11.817100504030787,23.622718566919076,11.817100504030787
P2_credit_k12_t2,P2,credit,,12,15,12002,runnerup,1.4875349169997207,0.4090734609944775,1.5237524590011162,1.0291107452373645,0.9678777005807552,0.981264201318985,1.0118129148152741,0,1,449550,29970,0,0,29970,479520,0.0,0.0,0.0,0.06666666666666667,0,0.0,0.002169794997826102,0.0,0.07733041000028607,0.0676171670002077,0.09079641700009233,0.0019134590002067853,0.008925207999709528,0.37979387900122674,0.00044420900303521194,11.805618062888287,11.817100504030787,23.622718566919076,11.817100504030787
P2_credit_k12_t3,P2,credit,,12,15,12003,fresh,1.5830460420002055,0.4227936109964503,1.594284084998435,1.0,0.8929459431352157,1.0,1.0,0,0,449550,0,0,0,0,449550,,0.0,0.0,0.0,,0.0,0.0,0.0027652090011542896,0.0,0.0,0.0,0.0,0.00900608300071326,0.39267360999656375,0.0,11.703676750433955,11.704376851041236,23.40805360147519,11.704376851041236
P2_credit_k12_t3,P2,credit,,12,15,12003,none,1.4135745410003437,0.4167053240507812,1.4501950820013008,1.1198886200086287,1.0,1.0146105331376258,1.099358358599788,0,0,449550,0,0,0,0,449550,,0.0,0.0,0.0,0,0.0,0.0,0.0,0.0,0.0,0.0,0.002041125000687316,0.00881070800096495,0.38849911604847875,0.0004474580000533024,11.703676750433955,11.704376851041236,23.40805360147519,11.704376851041236
P2_credit_k12_t3,P2,credit,,12,15,12003,basic,1.4914461669995944,0.41996047299471684,1.527804499000922,1.0614168161261137,0.9477878399353104,1.0067462015687583,1.0435131497786438,0,1,449550,29970,0,0,29970,479520,0.0,0.0,0.0,0.06666666666666667,0,0.0,0.0009274600015487522,0.0,0.07750808599485026,0.06784362500002317,0.08918833399911819,0.0019399160009925254,0.00876320899988059,0.3909361379901384,0.000378249998902902,11.703676750433955,11.704376851041236,23.40805360147519,11.704376851041236
P2_credit_k12_t3,P2,credit,,12,15,12003,runnerup,1.493963334,0.4160700529919268,1.5302161679992423,1.0596284433311303,0.9461909197032166,1.0161596778142885,1.041868540104998,0,1,449550,29970,0,0,29970,479520,0.0,0.0,0.0,0.06666666666666667,0,0.0,0.0021307890201569535,0.0,0.07710204601062287,0.06784991699896636,0.0901226250007312,0.0019652079990919447,0.008698084000570816,0.38710104998790484,0.00038416700226662215,11.703676750433955,11.704376851041236,23.40805360147519,11.704376851041236
P2_credit_k12_t4,P2,credit,,12,15,12004,fresh,1.5638006670014875,0.4107837350020418,1.5746838340000977,1.0,0.9263575419610068,1.0,1.0,0,0,449550,0,0,0,0,449550,,0.0,0.0,0.0,,0.0,0.0,0.002597084001536132,0.0,0.0,0.0,0.0,0.008619500000349944,0.3822921100017993,0.0,11.908616484102122,11.921876560927993,23.830493045030117,11.921876560927993
P2_credit_k12_t4,P2,credit,,12,15,12004,none,1.4486385420004808,0.4119298930363584,1.4845903760015062,1.0794967976221141,1.0,0.997217589561495,1.0606857349036865,0,0,449550,0,0,0,0,449550,,0.0,0.0,0.0,0,0.0,0.0,0.0,0.0,0.0,0.0,0.0018302920016139979,0.008919459000026109,0.38321072703547543,0.0003874989997711964,11.908616484102122,11.921876560927993,23.830493045030117,11.921876560927993
P2_credit_k12_t4,P2,credit,,12,15,12004,basic,1.50136024999847,0.41817080301734677,1.5375992499994027,1.0415892301684964,0.9648840389919455,0.9823348068253379,1.0241184977169502,0,1,449550,29970,0,0,29970,479520,0.0,0.0,0.0,0.06666666666666667,0,0.0,0.0009184969967463985,0.0,0.0785283290042571,0.06886966599995503,0.09017404100086424,0.0019319170005474007,0.008838375000777887,0.38826559701919905,0.0004374589989311062,11.908616484102122,11.921876560927993,23.830493045030117,11.921876560927993
P2_credit_k12_t4,P2,credit,,12,15,12004,runnerup,1.5159122920013033,0.42124253001020406,1.5521049580002,1.0315904655255232,0.9556216079546345,0.9751715597000404,1.0145472610492716,0,1,449550,29970,0,0,29970,479520,0.0,0.0,0.0,0.06666666666666667,0,0.0,0.0021687130101781804,0.0,0.07930258299893467,0.0688251659994421,0.0922383750003064,0.00187766700037173,0.008862874999977066,0.39187044800382864,0.00038029300048947334,11.908616484102122,11.921876560927993,23.830493045030117,11.921876560927993
P2_credit_k13_t0,P2,credit,,13,15,13000,fresh,1.627110958999765,0.4417321220280428,1.6382829589983885,1.0,0.9101265957373049,1.0,1.0,0,0,449550,0,0,0,0,449550,,0.0,0.0,0.0,,0.0,0.0,0.002605499999845051,0.0,0.0,0.0,0.0,0.009983666999687557,0.4112544130257447,0.0,11.914726775477835,11.920915501677484,23.83564227715532,11.920915501677484
P2_credit_k13_t0,P2,credit,,13,15,13000,none,1.4808769580013177,0.4424883800365933,1.5170349159998295,1.0987482452261352,1.0,0.9982908974728603,1.0799243588395908,0,0,449550,0,0,0,0,449550,,0.0,0.0,0.0,0,0.0,0.0,0.0,0.0,0.0,0.0,0.0018692079993343214,0.010103417000209447,0.4126428820363799,0.0003912920001312159,11.914726775477835,11.920915501677484,23.83564227715532,11.920915501677484
P2_credit_k13_t0,P2,credit,,13,15,13000,basic,1.5742725000000064,0.45195269999203447,1.6106402499990509,1.0335637311836154,0.940673840139691,0.9773857353564392,1.0171625594227847,0,1,449550,29970,0,0,29970,479520,0.0,0.0,0.0,0.06666666666666667,0,0.0,0.0009447520060348324,0.0,0.08003549699060386,0.07023166700128058,0.09283579199836822,0.0018476659988664323,0.010136375000001863,0.4208454079907824,0.0004617930026142858,11.914726775477835,11.920915501677484,23.83564227715532,11.920915501677484
P2_credit_k13_t0,P2,credit,,13,15,13000,runnerup,1.5761464160004834,0.4486295239876199,1.612845291998383,1.032334903966984,0.9395554518082687,0.9846256173729497,1.0157719200509847,0,1,449550,29970,0,0,29970,479520,0.0,0.0,0.0,0.06666666666666667,0,0.0,0.0021580449774774024,0.0,0.08077412199781975,0.07080404099906445,0.09479670899963821,0.00208516600105213,0.010124582999196718,0.4175060229954397,0.0003968359960708767,11.914726775477835,11.920915501677484,23.83564227715532,11.920915501677484
P2_credit_k13_t1,P2,credit,,13,15,13001,fresh,1.6730588340014947,0.45723015799740097,1.6852269580031134,1.0,0.9416871469080357,1.0,1.0,0,0,449550,0,0,0,0,449550,,0.0,0.0,0.0,,0.0,0.0,0.0024844159997883253,0.0,0.0,0.0,0.0,0.010037459000159288,0.42576844899667776,0.0,11.90644527124548,11.91786623553711,23.82431150678259,11.91786623553711
P2_credit_k13_t1,P2,credit,,13,15,13001,none,1.5754980000001524,0.4598614220303716,1.6124127929997485,1.061923806949506,1.0,0.9942781370497374,1.0451585135763533,0,0,449550,0,0,0,0,449550,,0.0,0.0,0.0,0,0.0,0.0,0.0,0.0,0.0,0.0,0.0018786250002449378,0.010175666000577621,0.42846550603280775,0.000653665996651398,11.90644527124548,11.91786623553711,23.82431150678259,11.91786623553711
P2_credit_k13_t1,P2,credit,,13,15,13001,basic,1.5909232920002978,0.45130173701363674,1.627737207998507,1.051627594123615,0.9903041887200288,1.0131362689250742,1.0353188154218682,0,1,449550,29970,0,0,29970,479520,0.0,0.0,0.0,0.06666666666666667,0,0.0,0.0009375060017191572,0.0,0.08283280200339505,0.07154637499843375,0.09496083299927705,0.0019244170016463613,0.010119790998942335,0.42011515301055624,0.000454833998446702,11.90644527124548,11.91786623553711,23.82431150678259,11.91786623553711
P2_credit_k13_t1,P2,credit,,13,15,13001,runnerup,1.5739789580002252,0.45365183697867906,1.6114037500010454,1.0629486661798533,1.000965096764608,1.0078878133560607,1.0458129801435674,0,0,449550,29970,0,0,29970,479520,0.0,0.0,0.0,0.06666666666666667,0,0.0,0.0021340799976314884,0.0,0.08087801000328909,0.07056437500068569,0.09425670800010266,0.0020525420004560146,0.010054125001261127,0.42264550398067513,0.0004320419975556433,11.90644527124548,11.91786623553711,23.82431150678259,11.91786623553711
P2_credit_k13_t2,P2,credit,,13,15,13002,fresh,1.668089124999824,0.4526504899877182,1.680227458000445,1.0,0.915101758127765,1.0,1.0,0,0,449550,0,0,0,0,449550,,0.0,0.0,0.0,,0.0,0.0,0.0025715840001794277,0.0,0.0,0.0,0.0,0.010080457999720238,0.4215365759901033,0.0,11.24975192582611,11.245685934748693,22.495437860574803,11.24975192582611
P2_credit_k13_t2,P2,credit,,13,15,13002,none,1.526471291001144,0.46200312600012694,1.564143249001063,1.092774646227247,1.0,0.9797563360807082,1.0742158424898225,0,0,449550,0,0,0,0,449550,,0.0,0.0,0.0,0,0.0,0.0,0.0,0.0,0.0,0.0,0.00203016699924774,0.010597708000204875,0.4301992109994899,0.0008182889960153261,11.24975192582611,11.245685934748693,22.495437860574803,11.24975192582611
P2_credit_k13_t2,P2,credit,,13,15,13002,basic,1.5919614159993216,0.46064704800301115,1.629997332001949,1.047820071664686,0.9588619897819147,0.9826405964176705,1.0308160786599594,0,1,449550,29970,0,0,29970,479520,0.0,0.0,0.0,0.06666666666666667,0,0.0,0.0009582850052538561,0.0,0.08091641400460503,0.07045545899927674,0.09400712500064401,0.0020882500011794036,0.010311165999155492,0.42913075600154116,0.0005855840026924852,11.24975192582611,11.245685934748693,22.495437860574803,11.24975192582611
P2_credit_k13_t2,P2,credit,,13,15,13002,runnerup,1.6079520419989421,0.4618036870379001,1.645991042996684,1.0373997988933312,0.9493263798486773,0.9801794630335406,1.0207998792881827,0,1,449550,29970,0,0,29970,479520,0.0,0.0,0.0,0.06666666666666667,0,0.0,0.002237128992419457,0.0,0.08277828300560941,0.07141662499998347,0.09718812500068452,0.001956582998900558,0.010489624999536318,0.4299040190417145,0.0007646690010005841,11.24975192582611,11.245685934748693,22.495437860574803,11.24975192582611
P2_credit_k13_t3,P2,credit,,13,15,13003,fresh,1.6486338749982679,0.453708330012887,1.6600424159987597,1.0,0.8997499271941868,1.0,1.0,0,0,449550,0,0,0,0,449550,,0.0,0.0,0.0,,0.0,0.0,0.002485000000888249,0.0,0.0,0.0,0.0,0.009575332998792874,0.42357845400874794,0.0,11.915185871880213,11.911204539081112,23.826390410961324,11.915185871880213
P2_credit_k13_t3,P2,credit,,13,15,13003,none,1.4833582089995616,0.4461870910054131,1.5202592090008693,1.1114199287778068,1.0,1.01685669343442,1.0919469562626478,0,0,449550,0,0,0,0,449550,,0.0,0.0,0.0,0,0.0,0.0,0.0,0.0,0.0,0.0,0.001877458000308252,0.009778166999240057,0.416481215004751,0.0004543329996522516,11.915185871880213,11.911204539081112,23.826390410961324,11.915185871880213
P2_credit_k13_t3,P2,credit,,13,15,13003,basic,1.5884697499986942,0.45507025303595583,1.6253948349985876,1.0378755245415427,0.9338284276428814,0.9970072246779857,1.0213164089451547,0,1,449550,29970,0,0,29970,479520,0.0,0.0,0.0,0.06666666666666667,0,0.0,0.0009420369970030151,0.0,0.08338491500580858,0.07323129100041115,0.09569579099843395,0.0019547910014807712,0.009733541999594308,0.42355566503647424,0.0005477089998748852,11.915185871880213,11.911204539081112,23.826390410961324,11.915185871880213
P2_credit_k13_t3,P2,credit,,13,15,13003,runnerup,1.6164260000005015,0.46389550002641045,1.6541765840011067,1.0199253631145233,0.9176777712057969,0.9780399464686692,1.003546073650411,0,1,449550,29970,0,0,29970,479520,0.0,0.0,0.0,0.06666666666666667,0,0.0,0.002219756006525131,0.0,0.08349678899685387,0.07376379199922667,0.09741591700003482,0.001977958001589286,0.010304457999154693,0.43110345702734776,0.000679835999108036,11.915185871880213,11.911204539081112,23.826390410961324,11.915185871880213
P2_credit_k13_t4,P2,credit,,13,15,13004,fresh,1.620204750000994,0.44437096397996356,1.6320445820001623,1.0,0.914443631891611,1.0,1.0,0,0,449550,0,0,0,0,449550,,0.0,0.0,0.0,,0.0,0.0,0.002594874998976593,0.0,0.0,0.0,0.0,0.00982362499962619,0.4136197979823919,0.0,11.276398457688423,11.27695822510699,22.55335668279541,11.27695822510699
P2_credit_k13_t4,P2,credit,,13,15,13004,none,1.4815859159989486,0.4448752949701884,1.5183012489997054,1.0935611175195215,1.0,0.9988663542437018,1.0749148649356601,0,0,449550,0,0,0,0,449550,,0.0,0.0,0.0,0,0.0,0.0,0.0,0.0,0.0,0.0,0.001965042001756956,0.010094582999954582,0.4158700839670928,0.0005194179993850412,11.276398457688423,11.27695822510699,22.55335668279541,11.27695822510699
P2_credit_k13_t4,P2,credit,,13,15,13004,basic,1.5669786670005124,0.4481879620216205,1.6035919170008128,1.0339673309671575,0.9455048413868828,0.9914834882569363,1.0177430833229468,0,1,449550,29970,0,0,29970,479520,0.0,0.0,0.0,0.06666666666666667,0,0.0,0.0009737810087244725,0.0,0.08086566399833828,0.07024095800079522,0.09368758299933688,0.0019189169997844147,0.00997737499892537,0.4182072540224908,0.00043171000652364455,11.276398457688423,11.27695822510699,22.55335668279541,11.27695822510699
P2_credit_k13_t4,P2,credit,,13,15,13004,runnerup,1.5848542919993633,0.4508882359605195,1.621676208998906,1.0223051785770378,0.9348404603995885,0.9855457040996594,1.0063936147941992,0,1,449550,29970,0,0,29970,479520,0.0,0.0,0.0,0.06666666666666667,0,0.0,0.002150540998627548,0.0,0.08066379501178744,0.07092287500017846,0.09449341700019431,0.001940374999321648,0.009942540998963523,0.42070169496037124,0.0005407080025179312,11.276398457688423,11.27695822510699,22.55335668279541,11.27695822510699
P2_credit_k14_t0,P2,credit,,14,15,14000,fresh,1.71393149999858,0.4781157220222667,1.7257727499982138,1.0,0.8942967283121237,1.0,1.0,0,0,449550,0,0,0,0,449550,,0.0,0.0,0.0,,0.0,0.0,0.00255783399916254,0.0,0.0,0.0,0.0,0.010762125000837841,0.4465255570212321,0.0,11.22750061135531,11.264873740892385,22.492374352247698,11.264873740892385
P2_credit_k14_t0,P2,credit,,14,15,14000,none,1.5327633329998207,0.47114173699628736,1.5697792089995346,1.1181970908999952,1.0,1.0148023078372153,1.0993729182450431,0,0,449550,0,0,0,0,449550,,0.0,0.0,0.0,0,0.0,0.0,0.0,0.0,0.0,0.0,0.0018456670004525222,0.011058333999244496,0.43996711199542915,0.00040733199784881435,11.22750061135531,11.264873740892385,22.492374352247698,11.264873740892385
P2_credit_k14_t0,P2,credit,,14,15,14000,basic,1.6318004169988853,0.4813235839974368,1.6697240009980305,1.0503315737293077,0.9393080900290441,0.9933353318187144,1.0335676728409495,0,1,449550,29970,0,0,29970,479520,0.0,0.0,0.0,0.06666666666666667,0,0.0,0.0009721690075821243,0.0,0.08606350397894857,0.07232866599952104,0.09949912499905622,0.0019040419992961688,0.011098917000708752,0.44907054199575214,0.00041299899930891115,11.22750061135531,11.264873740892385,22.492374352247698,11.264873740892385
P2_credit_k14_t0,P2,credit,,14,15,14000,runnerup,1.6432643329990242,0.4850231360160251,1.681239251000079,1.0430041385189597,0.9327551886935106,0.9857585886510574,1.0264884958947063,0,1,449550,29970,0,0,29970,479520,0.0,0.0,0.0,0.06666666666666667,0,0.0,0.0021452050114021404,0.0,0.08302582901524147,0.07310549999965588,0.09758016699925065,0.0019840409986500163,0.010980375000144704,0.45214922101513366,0.00048599899309920147,11.22750061135531,11.264873740892385,22.492374352247698,11.264873740892385
P2_credit_k14_t1,P2,credit,,14,15,14001,fresh,1.7026872080004978,0.47786739699768077,1.7143925399996078,1.0,0.9276502463746265,1.0,1.0,0,0,449550,0,0,0,0,449550,,0.0,0.0,0.0,,0.0,0.0,0.0025097920006373897,0.0,0.0,0.0,0.0,0.011307999999189633,0.44537948099423375,0.0,11.812965742018887,11.793343451923363,23.606309193942252,11.812965742018887
P2_credit_k14_t1,P2,credit,,14,15,14001,none,1.5794982080005866,0.4821069749923481,1.6164343319996988,1.0779924911442922,1.0,0.9912061467380043,1.0606014151399052,0,0,449550,0,0,0,0,449550,,0.0,0.0,0.0,0,0.0,0.0,0.0,0.0,0.0,0.0,0.0019123330002912553,0.011633707999862963,0.44980293499247637,0.000592956999753369,11.812965742018887,11.793343451923363,23.606309193942252,11.812965742018887
P2_credit_k14_t1,P2,credit,,14,15,14001,basic,1.6831481249992066,0.49804677406064,1.7215873330005707,1.01160865327958,0.9384190164495065,0.9594829680384551,0.9958208376287115,0,1,449550,29970,0,0,29970,479520,0.0,0.0,0.0,0.06666666666666667,0,0.0,0.0010259159935230855,0.0,0.08487725299164595,0.0745695000005071,0.09871062499951222,0.0021965420000924496,0.012377333001495572,0.46359827305786894,0.0005289990021992708,11.812965742018887,11.793343451923363,23.606309193942252,11.812965742018887
P2_credit_k14_t1,P2,credit,,14,15,14001,runnerup,1.7027643749988783,0.49913804501557024,1.741336292001506,0.9999546813408164,0.9276082065092695,0.9573852399545582,0.9845269680959048,1,1,449550,29970,0,0,29970,479520,0.0,0.0,0.0,0.06666666666666667,0,0.0,0.0022946650024096016,0.0,0.08692087300005369,0.07635649999974703,0.10227362499972514,0.0021368340003391495,0.012218667001434369,0.4650340470161609,0.0005346660018403782,11.812965742018887,11.793343451923363,23.606309193942252,11.812965742018887
P2_credit_k14_t2,P2,credit,,14,15,14002,fresh,1.7023127080010454,0.477764997018312,1.7140882080020674,1.0,0.9295109192122541,1.0,1.0,0,0,449550,0,0,0,0,449550,,0.0,0.0,0.0,,0.0,0.0,0.002553457999965758,0.0,0.0,0.0,0.0,0.010765582999738399,0.4460952890203771,0.0,11.13493106865727,11.13814322552657,22.27307429418384,11.13814322552657
P2_credit_k14_t2,P2,credit,,14,15,14002,none,1.5823182500007533,0.4762853090178396,1.6195687069994165,1.0758345914295275,1.0,1.0031067260997901,1.0583609084283727,0,0,449550,0,0,0,0,449550,,0.0,0.0,0.0,0,0.0,0.0,0.0,0.0,0.0,0.0,0.001983459000257426,0.010961167001369176,0.44523759901676385,0.0004458309995243326,11.13493106865727,11.13814322552657,22.27307429418384,11.13814322552657
P2_credit_k14_t2,P2,credit,,14,15,14002,basic,1.6820169999991776,0.4943025510146981,1.72059329199692,1.0120662918400216,0.940726669231956,0.9665436604313734,0.9962192785331024,0,1,449550,29970,0,0,29970,479520,0.0,0.0,0.0,0.06666666666666667,0,0.0,0.000967244008279522,0.0,0.08402695500080881,0.0733382079997682,0.09717270900000585,0.0020502500010479707,0.011476834000859526,0.46194917501634336,0.0005768330011051148,11.13493106865727,11.13814322552657,22.27307429418384,11.13814322552657
P2_credit_k14_t2,P2,credit,,14,15,14002,runnerup,1.668663792001098,0.49164097804168705,1.706052293000539,1.0201651861574792,0.9482546799335789,0.9717761910761668,1.0047102395597705,0,1,449550,29970,0,0,29970,479520,0.0,0.0,0.0,0.06666666666666667,0,0.0,0.002254500017443206,0.0,0.08300254200912605,0.07257033300084004,0.09767270799966354,0.0019780420007009525,0.011136500001157401,0.4598567280390853,0.0006740810003975639,11.13493106865727,11.13814322552657,22.27307429418384,11.13814322552657
P2_credit_k14_t3,P2,credit,,14,15,14003,fresh,1.6993527909999102,0.46628106601929176,1.7115871659989352,1.0,0.9189006445692003,1.0,1.0,0,0,449550,0,0,0,0,449550,,0.0,0.0,0.0,,0.0,0.0,0.002362166998864268,0.0,0.0,0.0,0.0,0.011010416999852168,0.43381093901916756,0.0,11.3297834659513,11.324692238714531,22.65447570466583,11.3297834659513
P2_credit_k14_t3,P2,credit,,14,15,14003,none,1.561536375000287,0.4672063089947187,1.5994426670004032,1.088256936057348,1.0,0.9980196265383963,1.0701147351588713,0,0,449550,0,0,0,0,449550,,0.0,0.0,0.0,0,0.0,0.0,0.0,0.0,0.0,0.0,0.001974417000383255,0.011171375001140404,0.43549293199430394,0.00047758400432940107,11.3297834659513,11.324692238714531,22.65447570466583,11.3297834659513
P2_credit_k14_t3,P2,credit,,14,15,14003,basic,1.6259934169993358,0.47148762703182,1.6646841260007932,1.0451166488336432,0.9603583622632372,0.9889571630006383,1.028175339252391,0,1,449550,29970,0,0,29970,479520,0.0,0.0,0.0,0.06666666666666667,0,0.0,0.0009344090030936059,0.0,0.08239996299562335,0.07168375000037486,0.09558737499901326,0.0019858329997077817,0.01142125000114902,0.43802179403246555,0.0004705420014943229,11.3297834659513,11.324692238714531,22.65447570466583,11.3297834659513
P2_credit_k14_t3,P2,credit,,14,15,14003,runnerup,1.6513960419997602,0.47271797600842547,1.6903201259992784,1.029040125917994,0.9455856349936158,0.9863831918483696,1.0125816640721144,0,1,449550,29970,0,0,29970,479520,0.0,0.0,0.0,0.06666666666666667,0,0.0,0.0021494700013136026,0.0,0.08281891500701022,0.0728038329998526,0.09726087499984715,0.001954457999090664,0.011429292000684654,0.43936639000639843,0.0005336680023901863,11.3297834659513,11.324692238714531,22.65447570466583,11.3297834659513
P2_credit_k14_t4,P2,credit,,14,15,14004,fresh,1.7372693340003025,0.47696905806151335,1.749081459000081,1.0,0.8891697704941872,1.0,1.0,0,0,449550,0,0,0,0,449550,,0.0,0.0,0.0,,0.0,0.0,0.0025843329985946184,0.0,0.0,0.0,0.0,0.011087374999988242,0.44461897605833656,0.0,11.585640343028828,11.602280932820214,23.187921275849043,11.602280932820214
P2_credit_k14_t4,P2,credit,,14,15,14004,none,1.5447273749996384,0.4772218489779334,1.5825854159993469,1.1246446215149837,1.0,0.9994702863731796,1.1052050911865618,0,0,449550,0,0,0,0,449550,,0.0,0.0,0.0,0,0.0,0.0,0.0,0.0,0.0,0.0,0.0020411249988683267,0.011535707999428269,0.4446837269824755,0.0004332470034569269,11.585640343028828,11.602280932820214,23.187921275849043,11.602280932820214
P2_credit_k14_t4,P2,credit,,14,15,14004,basic,1.660754624999754,0.4916995580024377,1.699963997998566,1.0460722540517144,0.9301358260555,0.9700416652787568,1.0288932360093173,0,1,449550,29970,0,0,29970,479520,0.0,0.0,0.0,0.06666666666666667,0,0.0,0.0009956690009857994,0.0,0.08378946300945245,0.07390962500176101,0.09727324999948905,0.0020693749993370147,0.011833708000267507,0.4575996380081051,0.000598623997575487,11.585640343028828,11.602280932820214,23.187921275849043,11.602280932820214
P2_credit_k14_t4,P2,credit,,14,15,14004,runnerup,1.6522944589996769,0.4798034639989055,1.6899216680012614,1.0514284088636783,0.9348983570003853,0.9940925688327281,1.0350074160944929,0,1,449550,29970,0,0,29970,479520,0.0,0.0,0.0,0.06666666666666667,0,0.0,0.002142251991244848,0.0,0.08424279799874057,0.07650275000014517,0.09859991700068349,0.0019161670006724307,0.011191834000783274,0.4466690019980888,0.0004821679995075101,11.585640343028828,11.602280932820214,23.187921275849043,11.602280932820214
P2_credit_k15_t0,P2,credit,,15,15,15000,fresh,1.7913110420013254,0.5195540449822147,1.8038827500004118,1.0,0.9101735889362856,1.0,1.0,0,0,449550,0,0,0,0,449550,,0.0,0.0,0.0,,0.0,0.0,0.002487750000000233,0.0,0.0,0.0,0.0,0.012772082998708356,0.4848513369797729,0.0,10.685351000899189,10.676470861110436,21.361821862009624,10.685351000899189
P2_credit_k15_t0,P2,credit,,15,15,15000,none,1.6304039999995439,0.5187601060242741,1.6701079989979917,1.098691515723604,1.0,1.0015304549226525,1.0800994612819532,0,0,449550,0,0,0,0,449550,,0.0,0.0,0.0,0,0.0,0.0,0.0,0.0,0.0,0.0,0.002036292000411777,0.01306908399965323,0.48390535702492343,0.0006152099995233584,10.685351000899189,10.676470861110436,21.361821862009624,10.685351000899189
P2_credit_k15_t0,P2,credit,,15,15,15000,basic,1.7663566249993892,0.5351277750469308,1.8074637099980464,1.0141276210300652,0.9230321764723518,0.9708971748600598,0.9980187928654797,0,1,449550,29970,0,0,29970,479520,0.0,0.0,0.0,0.06666666666666667,0,0.0,0.0010895410014200024,0.0,0.08999483899606275,0.07974770900000294,0.10504545799994958,0.00213304099997913,0.013778958000330022,0.4977779010478116,0.0007156239953474142,10.685351000899189,10.676470861110436,21.361821862009624,10.685351000899189
P2_credit_k15_t0,P2,credit,,15,15,15000,runnerup,1.7179925000000367,0.5216998030173272,1.756968790999963,1.0426768696611233,0.9490169485603163,0.9958869870705295,1.0267016461765084,0,1,449550,29970,0,0,29970,479520,0.0,0.0,0.0,0.06666666666666667,0,0.0,0.0022453739929915173,0.0,0.08816466599273554,0.07554133399935381,0.10390100000040547,0.002022624999881373,0.012942041999849607,0.4859385110139556,0.0004404169994813856,10.685351000899189,10.676470861110436,21.361821862009624,10.685351000899189
P2_credit_k15_t1,P2,credit,,15,15,15001,fresh,1.7803355830001237,0.5125956619758654,1.7928062499995576,1.0,0.9375400294964319,1.0,1.0,0,0,449550,0,0,0,0,449550,,0.0,0.0,0.0,,0.0,0.0,0.0025969589987653308,0.0,0.0,0.0,0.0,0.01292375000048196,0.478013789972465,0.0,10.816441057240954,10.805509766046939,21.621950823287893,10.816441057240954
P2_credit_k15_t1,P2,credit,,15,15,15001,none,1.6691358749994833,0.5224058279272867,1.7087249159994826,1.06662112393976,1.0,0.9812211781971413,1.049207062654022,0,0,449550,0,0,0,0,449550,,0.0,0.0,0.0,0,0.0,0.0,0.0,0.0,0.0,0.0,0.001966750000065076,0.013122124999426887,0.48448386993004533,0.000695251004799502,10.816441057240954,10.805509766046939,21.621950823287893,10.816441057240954
P2_credit_k15_t1,P2,credit,,15,15,15001,basic,1.7517449999995733,0.5335848119357252,1.7907896659999096,1.0163212014308918,0.9528418091673674,0.9606638916806574,1.0011260864622658,0,1,449550,29970,0,0,29970,479520,0.0,0.0,0.0,0.06666666666666667,0,0.0,0.0011215409904252738,0.0,0.0911152489898086,0.0800675840000622,0.10592554200047744,0.0020965419989806833,0.013293333000547136,0.4972732709375123,0.0006050419997336576,10.816441057240954,10.805509766046939,21.621950823287893,10.816441057240954
P2_credit_k15_t1,P2,credit,,15,15,15001,runnerup,1.7212775420011894,0.5157625970095978,1.7599691669984168,1.0343105859211248,0.9697075772329632,0.9938597039566374,1.018657760384032,0,1,449550,29970,0,0,29970,479520,0.0,0.0,0.0,0.06666666666666667,0,0.0,0.0022113340073701693,0.0,0.0878820439975243,0.07700966700031131,0.10287454199897184,0.001921667000715388,0.012975167001059162,0.48012984600063646,0.0004647049991035601,10.816441057240954,10.805509766046939,21.621950823287893,10.816441057240954
P2_credit_k15_t2,P2,credit,,15,15,15002,fresh,1.752107000000251,0.4995398319842934,1.7644861260014295,1.0,0.9258375533003907,1.0,1.0,0,0,449550,0,0,0,0,449550,,0.0,0.0,0.0,,0.0,0.0,0.00261300000056508,0.0,0.0,0.0,0.0,0.01309075000062876,0.46498078998592973,0.0,10.953165427013007,10.977320229206677,21.930485656219684,10.977320229206677
P2_credit_k15_t2,P2,credit,,15,15,15002,none,1.62216645800072,0.4990852559931227,1.6603229579995968,1.0801030876693625,1.0,1.0009108183135287,1.0627366907745053,0,0,449550,0,0,0,0,449550,,0.0,0.0,0.0,0,0.0,0.0,0.0,0.0,0.0,0.0,0.001958333001311985,0.012766207999447943,0.4646487139925739,0.0005000850014766911,10.953165427013007,10.977320229206677,21.930485656219684,10.977320229206677
P2_credit_k15_t2,P2,credit,,15,15,15002,basic,1.6967010829994251,0.5076794100023108,1.7345098329951725,1.032655084361047,0.9560708567080403,0.9839670905345949,1.0172822848484482,0,1,449550,29970,0,0,29970,479520,0.0,0.0,0.0,0.06666666666666667,0,0.0,0.0009247930047422415,0.0,0.08408084099028201,0.07408529100030137,0.09753616699890699,0.0019267500010755612,0.012625958001081017,0.47302544999911333,0.0004772489974129712,10.953165427013007,10.977320229206677,21.930485656219684,10.977320229206677
P2_credit_k15_t2,P2,credit,,15,15,15002,runnerup,1.7117217920003895,0.5096992750131903,1.7512763750000886,1.023593324679629,0.9476811392960001,0.9800677702972326,1.0075429276554595,0,1,449550,29970,0,0,29970,479520,0.0,0.0,0.0,0.06666666666666667,0,0.0,0.002165041001717327,0.0,0.08558787800393475,0.07525845800046227,0.1004914170007396,0.0020480829989537597,0.013030291000177385,0.47464594201301225,0.0004545009960565949,10.953165427013007,10.977320229206677,21.930485656219684,10.977320229206677
P2_credit_k15_t3,P2,credit,,15,15,15003,fresh,1.7622013750005863,0.5061962049967406,1.7750670000004902,1.0,0.9154981416357113,1.0,1.0,0,0,449550,0,0,0,0,449550,,0.0,0.0,0.0,,0.0,0.0,0.002546042000176385,0.0,0.0,0.0,0.0,0.012508625000918983,0.4723079549985414,0.0,11.11350852849656,11.139262965859137,22.2527714943557,11.139262965859137
P2_credit_k15_t3,P2,credit,,15,15,15003,none,1.613292084000932,0.5067110499894625,1.6511564180000278,1.0923015072573605,1.0,0.9989839475718308,1.0750447266229022,0,0,449550,0,0,0,0,449550,,0.0,0.0,0.0,0,0.0,0.0,0.0,0.0,0.0,0.0,0.0019261249999544816,0.012607292001121095,0.47437375698973483,0.00043983299474348314,11.11350852849656,11.139262965859137,22.2527714943557,11.139262965859137
P2_credit_k15_t3,P2,credit,,15,15,15003,basic,1.7101468330001808,0.5134723889168527,1.747809500000585,1.0304386389495481,0.9433646590279429,0.9858294543637276,1.0155952350641737,0,1,449550,29970,0,0,29970,479520,0.0,0.0,0.0,0.06666666666666667,0,0.0,0.0010869549932976952,0.0,0.08911212500061083,0.07566791600038414,0.10370358299951477,0.0018994999991264194,0.012568459000249277,0.4797303059240221,0.0003847919997497229,11.11350852849656,11.139262965859137,22.2527714943557,11.139262965859137
P2_credit_k15_t3,P2,credit,,15,15,15003,runnerup,1.739111833001516,0.5189040040440887,1.7768263330035552,1.0132766286566057,0.9276528704980214,0.9755103083647272,0.9990098452671562,0,1,449550,29970,0,0,29970,479520,0.0,0.0,0.0,0.06666666666666667,0,0.0,0.0023063730041030794,0.0,0.08983936701406492,0.0777090829997178,0.1054624580010568,0.002006583999900613,0.012741333001031308,0.48521963004532154,0.0004612909997376846,11.11350852849656,11.139262965859137,22.2527714943557,11.139262965859137
P2_credit_k15_t4,P2,credit,,15,15,15004,fresh,1.8108494580010301,0.5152418909892731,1.8234251250014495,1.0,0.8912673286396623,1.0,1.0,0,0,449550,0,0,0,0,449550,,0.0,0.0,0.0,,0.0,0.0,0.002494458000001032,0.0,0.0,0.0,0.0,0.012411165998855722,0.4809273909922922,0.0,10.605112355190087,10.637300492120373,21.24241284731046,10.637300492120373
P2_credit_k15_t4,P2,credit,,15,15,15004,none,1.6139509590011585,0.5057622340209491,1.6526034599992272,1.121997820257022,1.0,1.018743307290776,1.1033651865900742,0,0,449550,0,0,0,0,449550,,0.0,0.0,0.0,0,0.0,0.0,0.0,0.0,0.0,0.0,0.0020685420004156185,0.012677958000494982,0.471980901022107,0.000447584001449286,10.605112355190087,10.637300492120373,21.24241284731046,10.637300492120373
P2_credit_k15_t4,P2,credit,,15,15,15004,basic,1.738306958000976,0.518480782977349,1.777029417002268,1.0417316974232658,0.928461427121695,0.9937531108299198,1.0261085762313649,0,1,449550,29970,0,0,29970,479520,0.0,0.0,0.0,0.06666666666666667,0,0.0,0.0009638400024414295,0.0,0.08659829300631827,0.07681195799887064,0.10050016700006381,0.0018847920000553131,0.012507167000876507,0.48336428097718454,0.0004240810012561269,10.605112355190087,10.637300492120373,21.24241284731046,10.637300492120373
P2_credit_k15_t4,P2,credit,,15,15,15004,runnerup,1.7035596659989096,0.5153771069835784,1.741253834001327,1.0629797676849841,0.9473991379426047,0.9997376367858155,1.0471908744122023,0,1,449550,29970,0,0,29970,479520,0.0,0.0,0.0,0.06666666666666667,0,0.0,0.002163793013096438,0.0,0.0852815429934708,0.07506645800094702,0.10046404199965764,0.0019345420005265623,0.012678999999479856,0.4809460649812536,0.0004181650001555681,10.605112355190087,10.637300492120373,21.24241284731046,10.637300492120373
P2_credit_k16_t0,P2,credit,,16,15,16000,fresh,1.8299519159991178,0.5384031649518874,1.842546540998228,1.0,0.918718015102217,1.0,1.0,0,0,449550,0,0,0,0,449550,,0.0,0.0,0.0,,0.0,0.0,0.002456666999933077,0.0,0.0,0.0,0.0,0.014081166998948902,0.5025899169577315,0.0,11.064127461476655,11.113196878711353,22.177324340188008,11.113196878711353
P2_credit_k16_t0,P2,credit,,16,15,16000,none,1.6812097919992084,0.5424918720345886,1.7193989589977718,1.0884732677074365,1.0,0.9924630998297419,1.0716224593227845,0,0,449550,0,0,0,0,449550,,0.0,0.0,0.0,0,0.0,0.0,0.0,0.0,0.0,0.0,0.001826457999413833,0.013943125000878354,0.5072136200324167,0.0005246250020718435,11.064127461476655,11.113196878711353,22.177324340188008,11.113196878711353
P2_credit_k16_t0,P2,credit,,16,15,16000,basic,1.836165250000704,0.5655691860392835,1.8749132080010895,0.9966161357200373,0.9156091980275544,0.9519669356853732,0.9827369785093313,1,1,449550,29970,0,0,29970,479520,0.0,0.0,0.0,0.06666666666666667,0,0.0,0.0009513779968983727,0.0,0.08748099799777265,0.07716600000094331,0.10187945799953013,0.0019036249996133847,0.0139583340005629,0.5278763520345819,0.0007350840023718774,11.064127461476655,11.113196878711353,22.177324340188008,11.113196878711353
P2_credit_k16_t0,P2,credit,,16,15,16000,runnerup,1.807160832999216,0.5561332759571087,1.8470108749988867,1.0126115410337204,0.9303044650480967,0.9681189531867022,0.9975829411396068,0,1,449550,29970,0,0,29970,479520,0.0,0.0,0.0,0.06666666666666667,0,0.0,0.00220088500645943,0.0,0.0901533270116488,0.07966095800111361,0.10617554199961887,0.001905458000692306,0.014589542000976508,0.5186372329608275,0.0005448760020954069,11.064127461476655,11.113196878711353,22.177324340188008,11.113196878711353
P2_credit_k16_t1,P2,credit,,16,15,16001,fresh,1.8268825830000424,0.5389153930118482,1.8393595819979964,1.0,0.9243725117930637,1.0,1.0,0,0,449550,0,0,0,0,449550,,0.0,0.0,0.0,,0.0,0.0,0.0024850419995345874,0.0,0.0,0.0,0.0,0.014054999999643769,0.5032840190106072,0.0,10.18995759932755,10.239145258689517,20.429102858017067,10.239145258689517
P2_credit_k16_t1,P2,credit,,16,15,16001,none,1.6887200419987494,0.5433152689965937,1.7270533760001854,1.0818149471583018,1.0,0.9919017994968718,1.0650276404646564,0,0,449550,0,0,0,0,449550,,0.0,0.0,0.0,0,0.0,0.0,0.0,0.0,0.0,0.0,0.00193737500012503,0.01405295800032036,0.5078323939960683,0.00041095800588664133,10.18995759932755,10.239145258689517,20.429102858017067,10.239145258689517
P2_credit_k16_t1,P2,credit,,16,15,16001,basic,1.7831469159991684,0.5504433919777512,1.8211517499985348,1.0245272369923413,0.9470448154590179,0.9790568855328017,1.0099979762803821,0,1,449550,29970,0,0,29970,479520,0.0,0.0,0.0,0.06666666666666667,0,0.0,0.0009405379987583729,0.0,0.08810008899672539,0.07764891699844156,0.102606915999786,0.0018443339995428687,0.014030792000994552,0.514093977973971,0.0004234990028635366,10.18995759932755,10.239145258689517,20.429102858017067,10.239145258689517
P2_credit_k16_t1,P2,credit,,16,15,16001,runnerup,1.791448791998846,0.548241812042761,1.829735499999515,1.0197794048925397,0.9426560499753527,0.9829884937156428,1.0052598214323787,0,1,449550,29970,0,0,29970,479520,0.0,0.0,0.0,0.06666666666666667,0,0.0,0.002170584988562041,0.0,0.08960162698531349,0.07949470799940173,0.1052846660004434,0.0019051250001211884,0.014104583000516868,0.510998397045114,0.00039266700150619727,10.18995759932755,10.239145258689517,20.429102858017067,10.239145258689517
P2_credit_k16_t2,P2,credit,,16,15,16002,fresh,1.8514166669992846,0.5438071179432882,1.8642294999972364,1.0,0.9047006343072791,1.0,1.0,0,0,449550,0,0,0,0,449550,,0.0,0.0,0.0,,0.0,0.0,0.00248374999864609,0.0,0.0,0.0,0.0,0.014220917000784539,0.5077948259440745,0.0,10.939410718735754,10.934755454426936,21.874166173162692,10.939410718735754
P2_credit_k16_t2,P2,credit,,16,15,16002,none,1.6749778330013214,0.5386912239882804,1.7134674580011051,1.1053380113585205,1.0,1.0094968949320011,1.087986521887032,0,0,449550,0,0,0,0,449550,,0.0,0.0,0.0,0,0.0,0.0,0.0,0.0,0.0,0.0,0.0018541249992267694,0.014179624999087537,0.5033171809955093,0.00040291499863087665,10.939410718735754,10.934755454426936,21.874166173162692,10.939410718735754
P2_credit_k16_t2,P2,credit,,16,15,16002,basic,1.7925622919992747,0.5520431000095414,1.8309894169997278,1.0328325410295052,0.9344042550025922,0.9850809075122742,1.0181541644582393,0,1,449550,29970,0,0,29970,479520,0.0,0.0,0.0,0.06666666666666667,0,0.0,0.0009275040047214134,0.0,0.088224053988597,0.0774802500000078,0.10281537500122795,0.0018627500012371456,0.01406700000006822,0.5156786840107088,0.0003917070043826243,10.939410718735754,10.934755454426936,21.874166173162692,10.939410718735754
P2_credit_k16_t2,P2,credit,,16,15,16002,runnerup,1.7792278329998226,0.548710281986132,1.8177246230006858,1.0405731254089872,0.9414071666006185,0.9910642023599482,1.0255841156620196,0,1,449550,29970,0,0,29970,479520,0.0,0.0,0.0,0.06666666666666667,0,0.0,0.0021519970050576376,0.0,0.08794445299645304,0.07773983300103282,0.10375700000076904,0.0019395840008655796,0.01429058299981989,0.5119496579882252,0.0003845000046567293,10.939410718735754,10.934755454426936,21.874166173162692,10.939410718735754
P2_credit_k16_t3,P2,credit,,16,15,16003,fresh,1.8370806250004534,0.5384918970248691,1.8499068339988298,1.0,0.9209112692045047,1.0,1.0,0,0,449550,0,0,0,0,449550,,0.0,0.0,0.0,,0.0,0.0,0.0024707500015210826,0.0,0.0,0.0,0.0,0.014110625001194421,0.5022344400240399,0.0,10.770126274064483,10.760942345093344,21.53106861915783,10.770126274064483
P2_credit_k16_t3,P2,credit,,16,15,16003,none,1.6917882500001724,0.5400437329935812,1.7304658330012899,1.0858809457981908,1.0,0.9971264624068314,1.0690224555259686,0,0,449550,0,0,0,0,449550,,0.0,0.0,0.0,0,0.0,0.0,0.0,0.0,0.0,0.0,0.0018891670006269123,0.01426579200051492,0.504363107993413,0.00039000200013106223,10.770126274064483,10.760942345093344,21.53106861915783,10.770126274064483
P2_credit_k16_t3,P2,credit,,16,15,16003,basic,1.7845851659985783,0.55672536196289,1.823174666000341,1.029416057021017,0.9480008476107216,0.967248725882123,1.0146624283986645,0,1,449550,29970,0,0,29970,479520,0.0,0.0,0.0,0.06666666666666667,0,0.0,0.0009430380050616805,0.0,0.08778650000749622,0.07781112500015297,0.10191020800084516,0.0019308329992782092,0.014199416000337806,0.5200372789640824,0.00037879000046814326,10.770126274064483,10.760942345093344,21.53106861915783,10.770126274064483
P2_credit_k16_t3,P2,credit,,16,15,16003,runnerup,1.7707137500001409,0.5516132270149683,1.809031168002548,1.0374802957283793,0.9554272959138866,0.976212807547954,1.0225953354034332,0,1,449550,29970,0,0,29970,479520,0.0,0.0,0.0,0.06666666666666667,0,0.0,0.002180711006076308,0.0,0.0876185879969853,0.07760237500042422,0.10325566600113234,0.0019243339993408881,0.014142916999844601,0.5149205190155044,0.0004359169997769641,10.770126274064483,10.760942345093344,21.53106861915783,10.770126274064483
P2_credit_k16_t4,P2,credit,,16,15,16004,fresh,1.815969707999102,0.5284470639508072,1.82860266699754,1.0,0.9110250620991831,1.0,1.0,0,0,449550,0,0,0,0,449550,,0.0,0.0,0.0,,0.0,0.0,0.002510582999093458,0.0,0.0,0.0,0.0,0.0139559580002242,0.49283285695128143,0.0,10.902492065940258,10.918945194697734,21.821437260637992,10.918945194697734
P2_credit_k16_t4,P2,credit,,16,15,16004,none,1.6543939160001173,0.5278486630086263,1.6927482510018308,1.0976646434904884,1.0,1.0011336600509133,1.080256716210048,0,0,449550,0,0,0,0,449550,,0.0,0.0,0.0,0,0.0,0.0,0.0,0.0,0.0,0.0,0.0018221659993287176,0.013950332999229431,0.4936236210032803,0.0004104150011698948,10.902492065940258,10.918945194697734,21.821437260637992,10.918945194697734
P2_credit_k16_t4,P2,credit,,16,15,16004,basic,1.7630261249996693,0.5433428829765035,1.8015683339999669,1.0300299480811395,0.9383830974146385,0.9725848640105581,1.0150059992104488,0,1,449550,29970,0,0,29970,479520,0.0,0.0,0.0,0.06666666666666667,0,0.0,0.000937417991735856,0.0,0.08747286901234474,0.07717820900143124,0.10191779100023268,0.0018966250008816132,0.014041500000530505,0.5082180509743921,0.00039329100036411546,10.902492065940258,10.918945194697734,21.821437260637992,10.918945194697734
P2_credit_k16_t4,P2,credit,,16,15,16004,runnerup,1.775301584000772,0.5376410809967638,1.81386774999919,1.0229077269827482,0.9318945754961924,0.9828993405248884,1.0081234792329026,0,1,449550,29970,0,0,29970,479520,0.0,0.0,0.0,0.06666666666666667,0,0.0,0.0021920400085946312,0.0,0.0888351630037505,0.07815237500108196,0.10455979200014553,0.0018368340006418293,0.014051500000277883,0.5023339559993474,0.00037874900044698734,10.902492065940258,10.918945194697734,21.821437260637992,10.918945194697734
