id,design_index,n,C,k,T,r,seed,method,A,J,N,P,S,abandoned_this_round,attempted_acceptance,direct_after_abandonment,discarded_certificate_passes,effective_saved_coverage,round,assignment_calls,candidate_center_pairs,distance_enclosure_pairs,exact_distance_fallback_evaluations,point_assignments
P3_design15_seed0,15,100000,50,4,5,1,0,fresh,0,0,99999,0,0,False,,False,0,0.0,0,50,399996,399996,0,99999
P3_design15_seed0,15,100000,50,4,5,1,0,fresh,0,0,99999,0,0,False,,False,0,0.0,1,50,399996,399996,0,99999
P3_design15_seed0,15,100000,50,4,5,1,0,fresh,0,0,99999,0,0,False,,False,0,0.0,2,50,399996,399996,0,99999
P3_design15_seed0,15,100000,50,4,5,1,0,fresh,0,0,99999,0,0,False,,False,0,0.0,3,50,399996,399996,0,99999
P3_design15_seed0,15,100000,50,4,5,1,0,fresh,0,0,99999,0,0,False,,False,0,0.0,4,50,399996,399996,0,99999
P3_design15_seed0,15,100000,50,4,5,1,0,none,0,0,99999,0,0,False,,False,0,0.0,0,50,399996,399996,0,99999
P3_design15_seed0,15,100000,50,4,5,1,0,none,0,0,99999,0,0,False,,False,0,0.0,1,50,399996,399996,0,99999
P3_design15_seed0,15,100000,50,4,5,1,0,none,0,0,99999,0,0,False,,False,0,0.0,2,50,399996,399996,0,99999
P3_design15_seed0,15,100000,50,4,5,1,0,none,0,0,99999,0,0,False,,False,0,0.0,3,50,399996,399996,0,99999
P3_design15_seed0,15,100000,50,4,5,1,0,none,0,0,99999,0,0,False,,False,0,0.0,4,50,399996,399996,0,99999
P3_design15_seed0,15,100000,50,4,5,1,0,basic,99999,0,99999,99999,99999,False,1.0,False,0,1.0,0,0,0,0,0,0
P3_design15_seed0,15,100000,50,4,5,1,0,basic,99999,0,99999,99999,99999,False,1.0,False,0,1.0,1,0,0,0,0,0
P3_design15_seed0,15,100000,50,4,5,1,0,basic,99999,0,99999,99998,99998,False,0.999989999899999,False,0,0.999989999899999,2,1,4,4,0,1
P3_design15_seed0,15,100000,50,4,5,1,0,basic,99999,0,99999,99998,99998,False,0.999989999899999,False,0,0.999989999899999,3,1,4,4,0,1
P3_design15_seed0,15,100000,50,4,5,1,0,basic,99999,0,99999,99998,99998,False,0.999989999899999,False,0,0.999989999899999,4,1,4,4,0,1
P3_design15_seed0,15,100000,50,4,5,1,0,runnerup,99999,0,99999,99999,99999,False,1.0,False,0,1.0,0,0,0,0,0,0
P3_design15_seed0,15,100000,50,4,5,1,0,runnerup,99999,0,99999,99999,99999,False,1.0,False,0,1.0,1,0,0,0,0,0
P3_design15_seed0,15,100000,50,4,5,1,0,runnerup,99999,0,99999,99998,99998,False,0.999989999899999,False,0,0.999989999899999,2,1,4,4,0,1
P3_design15_seed0,15,100000,50,4,5,1,0,runnerup,99999,0,99999,99998,99998,False,0.999989999899999,False,0,0.999989999899999,3,1,4,4,0,1
P3_design15_seed0,15,100000,50,4,5,1,0,runnerup,99999,0,99999,99998,99998,False,0.999989999899999,False,0,0.999989999899999,4,1,4,4,0,1
P3_design15_seed1,15,100000,50,4,5,1,1,fresh,0,0,99999,0,0,False,,False,0,0.0,0,50,399996,399996,0,99999
P3_design15_seed1,15,100000,50,4,5,1,1,fresh,0,0,99999,0,0,False,,False,0,0.0,1,50,399996,399996,0,99999
P3_design15_seed1,15,100000,50,4,5,1,1,fresh,0,0,99999,0,0,False,,False,0,0.0,2,50,399996,399996,0,99999
P3_design15_seed1,15,100000,50,4,5,1,1,fresh,0,0,99999,0,0,False,,False,0,0.0,3,50,399996,399996,0,99999
P3_design15_seed1,15,100000,50,4,5,1,1,fresh,0,0,99999,0,0,False,,False,0,0.0,4,50,399996,399996,0,99999
P3_design15_seed1,15,100000,50,4,5,1,1,none,0,0,99999,0,0,False,,False,0,0.0,0,50,399996,399996,0,99999
P3_design15_seed1,15,100000,50,4,5,1,1,none,0,0,99999,0,0,False,,False,0,0.0,1,50,399996,399996,0,99999
P3_design15_seed1,15,100000,50,4,5,1,1,none,0,0,99999,0,0,False,,False,0,0.0,2,50,399996,399996,0,99999
P3_design15_seed1,15,100000,50,4,5,1,1,none,0,0,99999,0,0,False,,False,0,0.0,3,50,399996,399996,0,99999
P3_design15_seed1,15,100000,50,4,5,1,1,none,0,0,99999,0,0,False,,False,0,0.0,4,50,399996,399996,0,99999
P3_design15_seed1,15,100000,50,4,5,1,1,basic,99999,0,99999,99999,99999,False,1.0,False,0,1.0,0,0,0,0,0,0
P3_design15_seed1,15,100000,50,4,5,1,1,basic,99999,0,99999,99997,99997,False,0.999979999799998,False,0,0.999979999799998,1,2,8,8,0,2
P3_design15_seed1,15,100000,50,4,5,1,1,basic,99999,0,99999,99998,99998,False,0.999989999899999,False,0,0.999989999899999,2,1,4,4,0,1
P3_design15_seed1,15,100000,50,4,5,1,1,basic,99999,0,99999,99996,99996,False,0.999969999699997,False,0,0.999969999699997,3,3,12,12,0,3
P3_design15_seed1,15,100000,50,4,5,1,1,basic,99999,0,99999,99999,99999,False,1.0,False,0,1.0,4,0,0,0,0,0
P3_design15_seed1,15,100000,50,4,5,1,1,runnerup,99999,0,99999,99999,99999,False,1.0,False,0,1.0,0,0,0,0,0,0
P3_design15_seed1,15,100000,50,4,5,1,1,runnerup,99999,0,99999,99997,99997,False,0.999979999799998,False,0,0.999979999799998,1,2,8,8,0,2
P3_design15_seed1,15,100000,50,4,5,1,1,runnerup,99999,0,99999,99998,99998,False,0.999989999899999,False,0,0.999989999899999,2,1,4,4,0,1
P3_design15_seed1,15,100000,50,4,5,1,1,runnerup,99999,0,99999,99996,99996,False,0.999969999699997,False,0,0.999969999699997,3,3,12,12,0,3
P3_design15_seed1,15,100000,50,4,5,1,1,runnerup,99999,0,99999,99999,99999,False,1.0,False,0,1.0,4,0,0,0,0,0
P3_design15_seed2,15,100000,50,4,5,1,2,fresh,0,0,99999,0,0,False,,False,0,0.0,0,50,399996,399996,0,99999
P3_design15_seed2,15,100000,50,4,5,1,2,fresh,0,0,99999,0,0,False,,False,0,0.0,1,50,399996,399996,0,99999
P3_design15_seed2,15,100000,50,4,5,1,2,fresh,0,0,99999,0,0,False,,False,0,0.0,2,50,399996,399996,0,99999
P3_design15_seed2,15,100000,50,4,5,1,2,fresh,0,0,99999,0,0,False,,False,0,0.0,3,50,399996,399996,0,99999
P3_design15_seed2,15,100000,50,4,5,1,2,fresh,0,0,99999,0,0,False,,False,0,0.0,4,50,399996,399996,0,99999
P3_design15_seed2,15,100000,50,4,5,1,2,none,0,0,99999,0,0,False,,False,0,0.0,0,50,399996,399996,0,99999
P3_design15_seed2,15,100000,50,4,5,1,2,none,0,0,99999,0,0,False,,False,0,0.0,1,50,399996,399996,0,99999
P3_design15_seed2,15,100000,50,4,5,1,2,none,0,0,99999,0,0,False,,False,0,0.0,2,50,399996,399996,0,99999
P3_design15_seed2,15,100000,50,4,5,1,2,none,0,0,99999,0,0,False,,False,0,0.0,3,50,399996,399996,0,99999
P3_design15_seed2,15,100000,50,4,5,1,2,none,0,0,99999,0,0,False,,False,0,0.0,4,50,399996,399996,0,99999
P3_design15_seed2,15,100000,50,4,5,1,2,basic,99999,99999,99999,0,0,True,0.0,False,0,0.0,0,100,799992,799992,0,199998
P3_design15_seed2,15,100000,50,4,5,1,2,basic,0,0,99999,0,0,False,,True,0,0.0,1,50,399996,399996,0,99999
P3_design15_seed2,15,100000,50,4,5,1,2,basic,0,0,99999,0,0,False,,True,0,0.0,2,50,399996,399996,0,99999
P3_design15_seed2,15,100000,50,4,5,1,2,basic,0,0,99999,0,0,False,,True,0,0.0,3,50,399996,399996,0,99999
P3_design15_seed2,15,100000,50,4,5,1,2,basic,0,0,99999,0,0,False,,True,0,0.0,4,50,399996,399996,0,99999
P3_design15_seed2,15,100000,50,4,5,1,2,runnerup,99999,99999,99999,0,0,True,0.0,False,0,0.0,0,100,799992,799992,0,199998
P3_design15_seed2,15,100000,50,4,5,1,2,runnerup,0,0,99999,0,0,False,,True,0,0.0,1,50,399996,399996,0,99999
P3_design15_seed2,15,100000,50,4,5,1,2,runnerup,0,0,99999,0,0,False,,True,0,0.0,2,50,399996,399996,0,99999
P3_design15_seed2,15,100000,50,4,5,1,2,runnerup,0,0,99999,0,0,False,,True,0,0.0,3,50,399996,399996,0,99999
P3_design15_seed2,15,100000,50,4,5,1,2,runnerup,0,0,99999,0,0,False,,True,0,0.0,4,50,399996,399996,0,99999
P3_design15_seed3,15,100000,50,4,5,1,3,fresh,0,0,99999,0,0,False,,False,0,0.0,0,50,399996,399996,0,99999
P3_design15_seed3,15,100000,50,4,5,1,3,fresh,0,0,99999,0,0,False,,False,0,0.0,1,50,399996,399996,0,99999
P3_design15_seed3,15,100000,50,4,5,1,3,fresh,0,0,99999,0,0,False,,False,0,0.0,2,50,399996,399996,0,99999
P3_design15_seed3,15,100000,50,4,5,1,3,fresh,0,0,99999,0,0,False,,False,0,0.0,3,50,399996,399996,0,99999
P3_design15_seed3,15,100000,50,4,5,1,3,fresh,0,0,99999,0,0,False,,False,0,0.0,4,50,399996,399996,0,99999
P3_design15_seed3,15,100000,50,4,5,1,3,none,0,0,99999,0,0,False,,False,0,0.0,0,50,399996,399996,0,99999
P3_design15_seed3,15,100000,50,4,5,1,3,none,0,0,99999,0,0,False,,False,0,0.0,1,50,399996,399996,0,99999
P3_design15_seed3,15,100000,50,4,5,1,3,none,0,0,99999,0,0,False,,False,0,0.0,2,50,399996,399996,0,99999
P3_design15_seed3,15,100000,50,4,5,1,3,none,0,0,99999,0,0,False,,False,0,0.0,3,50,399996,399996,0,99999
P3_design15_seed3,15,100000,50,4,5,1,3,none,0,0,99999,0,0,False,,False,0,0.0,4,50,399996,399996,0,99999
P3_design15_seed3,15,100000,50,4,5,1,3,basic,99999,99999,99999,0,0,True,0.0,False,0,0.0,0,100,799992,799992,0,199998
P3_design15_seed3,15,100000,50,4,5,1,3,basic,0,0,99999,0,0,False,,True,0,0.0,1,50,399996,399996,0,99999
P3_design15_seed3,15,100000,50,4,5,1,3,basic,0,0,99999,0,0,False,,True,0,0.0,2,50,399996,399996,0,99999
P3_design15_seed3,15,100000,50,4,5,1,3,basic,0,0,99999,0,0,False,,True,0,0.0,3,50,399996,399996,0,99999
P3_design15_seed3,15,100000,50,4,5,1,3,basic,0,0,99999,0,0,False,,True,0,0.0,4,50,399996,399996,0,99999
P3_design15_seed3,15,100000,50,4,5,1,3,runnerup,99999,99999,99999,0,0,True,0.0,False,0,0.0,0,100,799992,799992,0,199998
P3_design15_seed3,15,100000,50,4,5,1,3,runnerup,0,0,99999,0,0,False,,True,0,0.0,1,50,399996,399996,0,99999
P3_design15_seed3,15,100000,50,4,5,1,3,runnerup,0,0,99999,0,0,False,,True,0,0.0,2,50,399996,399996,0,99999
P3_design15_seed3,15,100000,50,4,5,1,3,runnerup,0,0,99999,0,0,False,,True,0,0.0,3,50,399996,399996,0,99999
P3_design15_seed3,15,100000,50,4,5,1,3,runnerup,0,0,99999,0,0,False,,True,0,0.0,4,50,399996,399996,0,99999
P3_design15_seed4,15,100000,50,4,5,1,4,fresh,0,0,99999,0,0,False,,False,0,0.0,0,50,399996,399996,0,99999
P3_design15_seed4,15,100000,50,4,5,1,4,fresh,0,0,99999,0,0,False,,False,0,0.0,1,50,399996,399996,0,99999
P3_design15_seed4,15,100000,50,4,5,1,4,fresh,0,0,99999,0,0,False,,False,0,0.0,2,50,399996,399996,0,99999
P3_design15_seed4,15,100000,50,4,5,1,4,fresh,0,0,99999,0,0,False,,False,0,0.0,3,50,399996,399996,0,99999
P3_design15_seed4,15,100000,50,4,5,1,4,fresh,0,0,99999,0,0,False,,False,0,0.0,4,50,399996,399996,0,99999
P3_design15_seed4,15,100000,50,4,5,1,4,none,0,0,99999,0,0,False,,False,0,0.0,0,50,399996,399996,0,99999
P3_design15_seed4,15,100000,50,4,5,1,4,none,0,0,99999,0,0,False,,False,0,0.0,1,50,399996,399996,0,99999
P3_design15_seed4,15,100000,50,4,5,1,4,none,0,0,99999,0,0,False,,False,0,0.0,2,50,399996,399996,0,99999
P3_design15_seed4,15,100000,50,4,5,1,4,none,0,0,99999,0,0,False,,False,0,0.0,3,50,399996,399996,0,99999
P3_design15_seed4,15,100000,50,4,5,1,4,none,0,0,99999,0,0,False,,False,0,0.0,4,50,399996,399996,0,99999
P3_design15_seed4,15,100000,50,4,5,1,4,basic,99999,0,99999,99999,99999,False,1.0,False,0,1.0,0,0,0,0,0,0
P3_design15_seed4,15,100000,50,4,5,1,4,basic,99999,0,99999,99999,99999,False,1.0,False,0,1.0,1,0,0,0,0,0
P3_design15_seed4,15,100000,50,4,5,1,4,basic,99999,0,99999,99994,99994,False,0.999949999499995,False,0,0.999949999499995,2,5,20,20,0,5
P3_design15_seed4,15,100000,50,4,5,1,4,basic,99999,0,99999,99996,99996,False,0.999969999699997,False,0,0.999969999699997,3,1,12,12,0,3
P3_design15_seed4,15,100000,50,4,5,1,4,basic,99999,0,99999,99999,99999,False,1.0,False,0,1.0,4,0,0,0,0,0
P3_design15_seed4,15,100000,50,4,5,1,4,runnerup,99999,0,99999,99999,99999,False,1.0,False,0,1.0,0,0,0,0,0,0
P3_design15_seed4,15,100000,50,4,5,1,4,runnerup,99999,0,99999,99999,99999,False,1.0,False,0,1.0,1,0,0,0,0,0
P3_design15_seed4,15,100000,50,4,5,1,4,runnerup,99999,0,99999,99994,99994,False,0.999949999499995,False,0,0.999949999499995,2,5,20,20,0,5
P3_design15_seed4,15,100000,50,4,5,1,4,runnerup,99999,0,99999,99996,99996,False,0.999969999699997,False,0,0.999969999699997,3,1,12,12,0,3
P3_design15_seed4,15,100000,50,4,5,1,4,runnerup,99999,0,99999,99999,99999,False,1.0,False,0,1.0,4,0,0,0,0,0
P3_design16_seed0,16,100000,50,4,5,10,0,fresh,0,0,99990,0,0,False,,False,0,0.0,0,50,399960,399960,0,99990
P3_design16_seed0,16,100000,50,4,5,10,0,fresh,0,0,99990,0,0,False,,False,0,0.0,1,50,399960,399960,0,99990
P3_design16_seed0,16,100000,50,4,5,10,0,fresh,0,0,99990,0,0,False,,False,0,0.0,2,50,399960,399960,0,99990
P3_design16_seed0,16,100000,50,4,5,10,0,fresh,0,0,99990,0,0,False,,False,0,0.0,3,50,399960,399960,0,99990
P3_design16_seed0,16,100000,50,4,5,10,0,fresh,0,0,99990,0,0,False,,False,0,0.0,4,50,399960,399960,0,99990
P3_design16_seed0,16,100000,50,4,5,10,0,none,0,0,99990,0,0,False,,False,0,0.0,0,50,399960,399960,0,99990
P3_design16_seed0,16,100000,50,4,5,10,0,none,0,0,99990,0,0,False,,False,0,0.0,1,50,399960,399960,0,99990
P3_design16_seed0,16,100000,50,4,5,10,0,none,0,0,99990,0,0,False,,False,0,0.0,2,50,399960,399960,0,99990
P3_design16_seed0,16,100000,50,4,5,10,0,none,0,0,99990,0,0,False,,False,0,0.0,3,50,399960,399960,0,99990
P3_design16_seed0,16,100000,50,4,5,10,0,none,0,0,99990,0,0,False,,False,0,0.0,4,50,399960,399960,0,99990
P3_design16_seed0,16,100000,50,4,5,10,0,basic,99990,99990,99990,0,0,True,0.0,False,0,0.0,0,100,799920,799920,0,199980
P3_design16_seed0,16,100000,50,4,5,10,0,basic,0,0,99990,0,0,False,,True,0,0.0,1,50,399960,399960,0,99990
P3_design16_seed0,16,100000,50,4,5,10,0,basic,0,0,99990,0,0,False,,True,0,0.0,2,50,399960,399960,0,99990
P3_design16_seed0,16,100000,50,4,5,10,0,basic,0,0,99990,0,0,False,,True,0,0.0,3,50,399960,399960,0,99990
P3_design16_seed0,16,100000,50,4,5,10,0,basic,0,0,99990,0,0,False,,True,0,0.0,4,50,399960,399960,0,99990
P3_design16_seed0,16,100000,50,4,5,10,0,runnerup,99990,99990,99990,0,0,True,0.0,False,0,0.0,0,100,799920,799920,0,199980
P3_design16_seed0,16,100000,50,4,5,10,0,runnerup,0,0,99990,0,0,False,,True,0,0.0,1,50,399960,399960,0,99990
P3_design16_seed0,16,100000,50,4,5,10,0,runnerup,0,0,99990,0,0,False,,True,0,0.0,2,50,399960,399960,0,99990
P3_design16_seed0,16,100000,50,4,5,10,0,runnerup,0,0,99990,0,0,False,,True,0,0.0,3,50,399960,399960,0,99990
P3_design16_seed0,16,100000,50,4,5,10,0,runnerup,0,0,99990,0,0,False,,True,0,0.0,4,50,399960,399960,0,99990
P3_design16_seed1,16,100000,50,4,5,10,1,fresh,0,0,99990,0,0,False,,False,0,0.0,0,50,399960,399960,0,99990
P3_design16_seed1,16,100000,50,4,5,10,1,fresh,0,0,99990,0,0,False,,False,0,0.0,1,50,399960,399960,0,99990
P3_design16_seed1,16,100000,50,4,5,10,1,fresh,0,0,99990,0,0,False,,False,0,0.0,2,50,399960,399960,0,99990
P3_design16_seed1,16,100000,50,4,5,10,1,fresh,0,0,99990,0,0,False,,False,0,0.0,3,50,399960,399960,0,99990
P3_design16_seed1,16,100000,50,4,5,10,1,fresh,0,0,99990,0,0,False,,False,0,0.0,4,50,399960,399960,0,99990
P3_design16_seed1,16,100000,50,4,5,10,1,none,0,0,99990,0,0,False,,False,0,0.0,0,50,399960,399960,0,99990
P3_design16_seed1,16,100000,50,4,5,10,1,none,0,0,99990,0,0,False,,False,0,0.0,1,50,399960,399960,0,99990
P3_design16_seed1,16,100000,50,4,5,10,1,none,0,0,99990,0,0,False,,False,0,0.0,2,50,399960,399960,0,99990
P3_design16_seed1,16,100000,50,4,5,10,1,none,0,0,99990,0,0,False,,False,0,0.0,3,50,399960,399960,0,99990
P3_design16_seed1,16,100000,50,4,5,10,1,none,0,0,99990,0,0,False,,False,0,0.0,4,50,399960,399960,0,99990
P3_design16_seed1,16,100000,50,4,5,10,1,basic,99990,99990,99990,0,0,True,0.0,False,0,0.0,0,100,799920,799920,0,199980
P3_design16_seed1,16,100000,50,4,5,10,1,basic,0,0,99990,0,0,False,,True,0,0.0,1,50,399960,399960,0,99990
P3_design16_seed1,16,100000,50,4,5,10,1,basic,0,0,99990,0,0,False,,True,0,0.0,2,50,399960,399960,0,99990
P3_design16_seed1,16,100000,50,4,5,10,1,basic,0,0,99990,0,0,False,,True,0,0.0,3,50,399960,399960,0,99990
P3_design16_seed1,16,100000,50,4,5,10,1,basic,0,0,99990,0,0,False,,True,0,0.0,4,50,399960,399960,0,99990
P3_design16_seed1,16,100000,50,4,5,10,1,runnerup,99990,99990,99990,0,0,True,0.0,False,0,0.0,0,100,799920,799920,0,199980
P3_design16_seed1,16,100000,50,4,5,10,1,runnerup,0,0,99990,0,0,False,,True,0,0.0,1,50,399960,399960,0,99990
P3_design16_seed1,16,100000,50,4,5,10,1,runnerup,0,0,99990,0,0,False,,True,0,0.0,2,50,399960,399960,0,99990
P3_design16_seed1,16,100000,50,4,5,10,1,runnerup,0,0,99990,0,0,False,,True,0,0.0,3,50,399960,399960,0,99990
P3_design16_seed1,16,100000,50,4,5,10,1,runnerup,0,0,99990,0,0,False,,True,0,0.0,4,50,399960,399960,0,99990
P3_design16_seed2,16,100000,50,4,5,10,2,fresh,0,0,99990,0,0,False,,False,0,0.0,0,50,399960,399960,0,99990
P3_design16_seed2,16,100000,50,4,5,10,2,fresh,0,0,99990,0,0,False,,False,0,0.0,1,50,399960,399960,0,99990
P3_design16_seed2,16,100000,50,4,5,10,2,fresh,0,0,99990,0,0,False,,False,0,0.0,2,50,399960,399960,0,99990
P3_design16_seed2,16,100000,50,4,5,10,2,fresh,0,0,99990,0,0,False,,False,0,0.0,3,50,399960,399960,0,99990
P3_design16_seed2,16,100000,50,4,5,10,2,fresh,0,0,99990,0,0,False,,False,0,0.0,4,50,399960,399960,0,99990
P3_design16_seed2,16,100000,50,4,5,10,2,none,0,0,99990,0,0,False,,False,0,0.0,0,50,399960,399960,0,99990
P3_design16_seed2,16,100000,50,4,5,10,2,none,0,0,99990,0,0,False,,False,0,0.0,1,50,399960,399960,0,99990
P3_design16_seed2,16,100000,50,4,5,10,2,none,0,0,99990,0,0,False,,False,0,0.0,2,50,399960,399960,0,99990
P3_design16_seed2,16,100000,50,4,5,10,2,none,0,0,99990,0,0,False,,False,0,0.0,3,50,399960,399960,0,99990
P3_design16_seed2,16,100000,50,4,5,10,2,none,0,0,99990,0,0,False,,False,0,0.0,4,50,399960,399960,0,99990
P3_design16_seed2,16,100000,50,4,5,10,2,basic,99990,99990,99990,0,0,True,0.0,False,0,0.0,0,100,799920,799920,0,199980
P3_design16_seed2,16,100000,50,4,5,10,2,basic,0,0,99990,0,0,False,,True,0,0.0,1,50,399960,399960,0,99990
P3_design16_seed2,16,100000,50,4,5,10,2,basic,0,0,99990,0,0,False,,True,0,0.0,2,50,399960,399960,0,99990
P3_design16_seed2,16,100000,50,4,5,10,2,basic,0,0,99990,0,0,False,,True,0,0.0,3,50,399960,399960,0,99990
P3_design16_seed2,16,100000,50,4,5,10,2,basic,0,0,99990,0,0,False,,True,0,0.0,4,50,399960,399960,0,99990
P3_design16_seed2,16,100000,50,4,5,10,2,runnerup,99990,99990,99990,0,0,True,0.0,False,0,0.0,0,100,799920,799920,0,199980
P3_design16_seed2,16,100000,50,4,5,10,2,runnerup,0,0,99990,0,0,False,,True,0,0.0,1,50,399960,399960,0,99990
P3_design16_seed2,16,100000,50,4,5,10,2,runnerup,0,0,99990,0,0,False,,True,0,0.0,2,50,399960,399960,0,99990
P3_design16_seed2,16,100000,50,4,5,10,2,runnerup,0,0,99990,0,0,False,,True,0,0.0,3,50,399960,399960,0,99990
P3_design16_seed2,16,100000,50,4,5,10,2,runnerup,0,0,99990,0,0,False,,True,0,0.0,4,50,399960,399960,0,99990
P3_design16_seed3,16,100000,50,4,5,10,3,fresh,0,0,99990,0,0,False,,False,0,0.0,0,50,399960,399960,0,99990
P3_design16_seed3,16,100000,50,4,5,10,3,fresh,0,0,99990,0,0,False,,False,0,0.0,1,50,399960,399960,0,99990
P3_design16_seed3,16,100000,50,4,5,10,3,fresh,0,0,99990,0,0,False,,False,0,0.0,2,50,399960,399960,0,99990
P3_design16_seed3,16,100000,50,4,5,10,3,fresh,0,0,99990,0,0,False,,False,0,0.0,3,50,399960,399960,0,99990
P3_design16_seed3,16,100000,50,4,5,10,3,fresh,0,0,99990,0,0,False,,False,0,0.0,4,50,399960,399960,0,99990
P3_design16_seed3,16,100000,50,4,5,10,3,none,0,0,99990,0,0,False,,False,0,0.0,0,50,399960,399960,0,99990
P3_design16_seed3,16,100000,50,4,5,10,3,none,0,0,99990,0,0,False,,False,0,0.0,1,50,399960,399960,0,99990
P3_design16_seed3,16,100000,50,4,5,10,3,none,0,0,99990,0,0,False,,False,0,0.0,2,50,399960,399960,0,99990
P3_design16_seed3,16,100000,50,4,5,10,3,none,0,0,99990,0,0,False,,False,0,0.0,3,50,399960,399960,0,99990
P3_design16_seed3,16,100000,50,4,5,10,3,none,0,0,99990,0,0,False,,False,0,0.0,4,50,399960,399960,0,99990
P3_design16_seed3,16,100000,50,4,5,10,3,basic,99990,99990,99990,0,0,True,0.0,False,0,0.0,0,100,799920,799920,0,199980
P3_design16_seed3,16,100000,50,4,5,10,3,basic,0,0,99990,0,0,False,,True,0,0.0,1,50,399960,399960,0,99990
P3_design16_seed3,16,100000,50,4,5,10,3,basic,0,0,99990,0,0,False,,True,0,0.0,2,50,399960,399960,0,99990
P3_design16_seed3,16,100000,50,4,5,10,3,basic,0,0,99990,0,0,False,,True,0,0.0,3,50,399960,399960,0,99990
P3_design16_seed3,16,100000,50,4,5,10,3,basic,0,0,99990,0,0,False,,True,0,0.0,4,50,399960,399960,0,99990
P3_design16_seed3,16,100000,50,4,5,10,3,runnerup,99990,99990,99990,0,0,True,0.0,False,0,0.0,0,100,799920,799920,0,199980
P3_design16_seed3,16,100000,50,4,5,10,3,runnerup,0,0,99990,0,0,False,,True,0,0.0,1,50,399960,399960,0,99990
P3_design16_seed3,16,100000,50,4,5,10,3,runnerup,0,0,99990,0,0,False,,True,0,0.0,2,50,399960,399960,0,99990
P3_design16_seed3,16,100000,50,4,5,10,3,runnerup,0,0,99990,0,0,False,,True,0,0.0,3,50,399960,399960,0,99990
P3_design16_seed3,16,100000,50,4,5,10,3,runnerup,0,0,99990,0,0,False,,True,0,0.0,4,50,399960,399960,0,99990
P3_design16_seed4,16,100000,50,4,5,10,4,fresh,0,0,99990,0,0,False,,False,0,0.0,0,50,399960,399960,0,99990
P3_design16_seed4,16,100000,50,4,5,10,4,fresh,0,0,99990,0,0,False,,False,0,0.0,1,50,399960,399960,0,99990
P3_design16_seed4,16,100000,50,4,5,10,4,fresh,0,0,99990,0,0,False,,False,0,0.0,2,50,399960,399960,0,99990
P3_design16_seed4,16,100000,50,4,5,10,4,fresh,0,0,99990,0,0,False,,False,0,0.0,3,50,399960,399960,0,99990
P3_design16_seed4,16,100000,50,4,5,10,4,fresh,0,0,99990,0,0,False,,False,0,0.0,4,50,399960,399960,0,99990
P3_design16_seed4,16,100000,50,4,5,10,4,none,0,0,99990,0,0,False,,False,0,0.0,0,50,399960,399960,0,99990
P3_design16_seed4,16,100000,50,4,5,10,4,none,0,0,99990,0,0,False,,False,0,0.0,1,50,399960,399960,0,99990
P3_design16_seed4,16,100000,50,4,5,10,4,none,0,0,99990,0,0,False,,False,0,0.0,2,50,399960,399960,0,99990
P3_design16_seed4,16,100000,50,4,5,10,4,none,0,0,99990,0,0,False,,False,0,0.0,3,50,399960,399960,0,99990
P3_design16_seed4,16,100000,50,4,5,10,4,none,0,0,99990,0,0,False,,False,0,0.0,4,50,399960,399960,0,99990
P3_design16_seed4,16,100000,50,4,5,10,4,basic,99990,99990,99990,0,0,True,0.0,False,0,0.0,0,100,799920,799920,0,199980
P3_design16_seed4,16,100000,50,4,5,10,4,basic,0,0,99990,0,0,False,,True,0,0.0,1,50,399960,399960,0,99990
P3_design16_seed4,16,100000,50,4,5,10,4,basic,0,0,99990,0,0,False,,True,0,0.0,2,50,399960,399960,0,99990
P3_design16_seed4,16,100000,50,4,5,10,4,basic,0,0,99990,0,0,False,,True,0,0.0,3,50,399960,399960,0,99990
P3_design16_seed4,16,100000,50,4,5,10,4,basic,0,0,99990,0,0,False,,True,0,0.0,4,50,399960,399960,0,99990
P3_design16_seed4,16,100000,50,4,5,10,4,runnerup,99990,99990,99990,0,0,True,0.0,False,0,0.0,0,100,799920,799920,0,199980
P3_design16_seed4,16,100000,50,4,5,10,4,runnerup,0,0,99990,0,0,False,,True,0,0.0,1,50,399960,399960,0,99990
P3_design16_seed4,16,100000,50,4,5,10,4,runnerup,0,0,99990,0,0,False,,True,0,0.0,2,50,399960,399960,0,99990
P3_design16_seed4,16,100000,50,4,5,10,4,runnerup,0,0,99990,0,0,False,,True,0,0.0,3,50,399960,399960,0,99990
P3_design16_seed4,16,100000,50,4,5,10,4,runnerup,0,0,99990,0,0,False,,True,0,0.0,4,50,399960,399960,0,99990
P3_design0_seed0,0,100000,50,4,5,100,0,fresh,0,0,99900,0,0,False,,False,0,0.0,0,50,399600,399600,0,99900
P3_design0_seed0,0,100000,50,4,5,100,0,fresh,0,0,99900,0,0,False,,False,0,0.0,1,50,399600,399600,0,99900
P3_design0_seed0,0,100000,50,4,5,100,0,fresh,0,0,99900,0,0,False,,False,0,0.0,2,50,399600,399600,0,99900
P3_design0_seed0,0,100000,50,4,5,100,0,fresh,0,0,99900,0,0,False,,False,0,0.0,3,50,399600,399600,0,99900
P3_design0_seed0,0,100000,50,4,5,100,0,fresh,0,0,99900,0,0,False,,False,0,0.0,4,50,399600,399600,0,99900
P3_design0_seed0,0,100000,50,4,5,100,0,none,0,0,99900,0,0,False,,False,0,0.0,0,50,399600,399600,0,99900
P3_design0_seed0,0,100000,50,4,5,100,0,none,0,0,99900,0,0,False,,False,0,0.0,1,50,399600,399600,0,99900
P3_design0_seed0,0,100000,50,4,5,100,0,none,0,0,99900,0,0,False,,False,0,0.0,2,50,399600,399600,0,99900
P3_design0_seed0,0,100000,50,4,5,100,0,none,0,0,99900,0,0,False,,False,0,0.0,3,50,399600,399600,0,99900
P3_design0_seed0,0,100000,50,4,5,100,0,none,0,0,99900,0,0,False,,False,0,0.0,4,50,399600,399600,0,99900
P3_design0_seed0,0,100000,50,4,5,100,0,basic,99900,99900,99900,0,0,True,0.0,False,0,0.0,0,100,799200,799200,0,199800
P3_design0_seed0,0,100000,50,4,5,100,0,basic,0,0,99900,0,0,False,,True,0,0.0,1,50,399600,399600,0,99900
P3_design0_seed0,0,100000,50,4,5,100,0,basic,0,0,99900,0,0,False,,True,0,0.0,2,50,399600,399600,0,99900
P3_design0_seed0,0,100000,50,4,5,100,0,basic,0,0,99900,0,0,False,,True,0,0.0,3,50,399600,399600,0,99900
P3_design0_seed0,0,100000,50,4,5,100,0,basic,0,0,99900,0,0,False,,True,0,0.0,4,50,399600,399600,0,99900
P3_design0_seed0,0,100000,50,4,5,100,0,runnerup,99900,99900,99900,0,0,True,0.0,False,0,0.0,0,100,799200,799200,0,199800
P3_design0_seed0,0,100000,50,4,5,100,0,runnerup,0,0,99900,0,0,False,,True,0,0.0,1,50,399600,399600,0,99900
P3_design0_seed0,0,100000,50,4,5,100,0,runnerup,0,0,99900,0,0,False,,True,0,0.0,2,50,399600,399600,0,99900
P3_design0_seed0,0,100000,50,4,5,100,0,runnerup,0,0,99900,0,0,False,,True,0,0.0,3,50,399600,399600,0,99900
P3_design0_seed0,0,100000,50,4,5,100,0,runnerup,0,0,99900,0,0,False,,True,0,0.0,4,50,399600,399600,0,99900
P3_design0_seed1,0,100000,50,4,5,100,1,fresh,0,0,99900,0,0,False,,False,0,0.0,0,50,399600,399600,0,99900
P3_design0_seed1,0,100000,50,4,5,100,1,fresh,0,0,99900,0,0,False,,False,0,0.0,1,50,399600,399600,0,99900
P3_design0_seed1,0,100000,50,4,5,100,1,fresh,0,0,99900,0,0,False,,False,0,0.0,2,50,399600,399600,0,99900
P3_design0_seed1,0,100000,50,4,5,100,1,fresh,0,0,99900,0,0,False,,False,0,0.0,3,50,399600,399600,0,99900
P3_design0_seed1,0,100000,50,4,5,100,1,fresh,0,0,99900,0,0,False,,False,0,0.0,4,50,399600,399600,0,99900
P3_design0_seed1,0,100000,50,4,5,100,1,none,0,0,99900,0,0,False,,False,0,0.0,0,50,399600,399600,0,99900
P3_design0_seed1,0,100000,50,4,5,100,1,none,0,0,99900,0,0,False,,False,0,0.0,1,50,399600,399600,0,99900
P3_design0_seed1,0,100000,50,4,5,100,1,none,0,0,99900,0,0,False,,False,0,0.0,2,50,399600,399600,0,99900
P3_design0_seed1,0,100000,50,4,5,100,1,none,0,0,99900,0,0,False,,False,0,0.0,3,50,399600,399600,0,99900
P3_design0_seed1,0,100000,50,4,5,100,1,none,0,0,99900,0,0,False,,False,0,0.0,4,50,399600,399600,0,99900
P3_design0_seed1,0,100000,50,4,5,100,1,basic,99900,99900,99900,0,0,True,0.0,False,0,0.0,0,100,799200,799200,0,199800
P3_design0_seed1,0,100000,50,4,5,100,1,basic,0,0,99900,0,0,False,,True,0,0.0,1,50,399600,399600,0,99900
P3_design0_seed1,0,100000,50,4,5,100,1,basic,0,0,99900,0,0,False,,True,0,0.0,2,50,399600,399600,0,99900
P3_design0_seed1,0,100000,50,4,5,100,1,basic,0,0,99900,0,0,False,,True,0,0.0,3,50,399600,399600,0,99900
P3_design0_seed1,0,100000,50,4,5,100,1,basic,0,0,99900,0,0,False,,True,0,0.0,4,50,399600,399600,0,99900
P3_design0_seed1,0,100000,50,4,5,100,1,runnerup,99900,99900,99900,0,0,True,0.0,False,0,0.0,0,100,799200,799200,0,199800
P3_design0_seed1,0,100000,50,4,5,100,1,runnerup,0,0,99900,0,0,False,,True,0,0.0,1,50,399600,399600,0,99900
P3_design0_seed1,0,100000,50,4,5,100,1,runnerup,0,0,99900,0,0,False,,True,0,0.0,2,50,399600,399600,0,99900
P3_design0_seed1,0,100000,50,4,5,100,1,runnerup,0,0,99900,0,0,False,,True,0,0.0,3,50,399600,399600,0,99900
P3_design0_seed1,0,100000,50,4,5,100,1,runnerup,0,0,99900,0,0,False,,True,0,0.0,4,50,399600,399600,0,99900
P3_design0_seed2,0,100000,50,4,5,100,2,fresh,0,0,99900,0,0,False,,False,0,0.0,0,50,399600,399600,0,99900
P3_design0_seed2,0,100000,50,4,5,100,2,fresh,0,0,99900,0,0,False,,False,0,0.0,1,50,399600,399600,0,99900
P3_design0_seed2,0,100000,50,4,5,100,2,fresh,0,0,99900,0,0,False,,False,0,0.0,2,50,399600,399600,0,99900
P3_design0_seed2,0,100000,50,4,5,100,2,fresh,0,0,99900,0,0,False,,False,0,0.0,3,50,399600,399600,0,99900
P3_design0_seed2,0,100000,50,4,5,100,2,fresh,0,0,99900,0,0,False,,False,0,0.0,4,50,399600,399600,0,99900
P3_design0_seed2,0,100000,50,4,5,100,2,none,0,0,99900,0,0,False,,False,0,0.0,0,50,399600,399600,0,99900
P3_design0_seed2,0,100000,50,4,5,100,2,none,0,0,99900,0,0,False,,False,0,0.0,1,50,399600,399600,0,99900
P3_design0_seed2,0,100000,50,4,5,100,2,none,0,0,99900,0,0,False,,False,0,0.0,2,50,399600,399600,0,99900
P3_design0_seed2,0,100000,50,4,5,100,2,none,0,0,99900,0,0,False,,False,0,0.0,3,50,399600,399600,0,99900
P3_design0_seed2,0,100000,50,4,5,100,2,none,0,0,99900,0,0,False,,False,0,0.0,4,50,399600,399600,0,99900
P3_design0_seed2,0,100000,50,4,5,100,2,basic,99900,99900,99900,0,0,True,0.0,False,0,0.0,0,100,799200,799200,0,199800
P3_design0_seed2,0,100000,50,4,5,100,2,basic,0,0,99900,0,0,False,,True,0,0.0,1,50,399600,399600,0,99900
P3_design0_seed2,0,100000,50,4,5,100,2,basic,0,0,99900,0,0,False,,True,0,0.0,2,50,399600,399600,0,99900
P3_design0_seed2,0,100000,50,4,5,100,2,basic,0,0,99900,0,0,False,,True,0,0.0,3,50,399600,399600,0,99900
P3_design0_seed2,0,100000,50,4,5,100,2,basic,0,0,99900,0,0,False,,True,0,0.0,4,50,399600,399600,0,99900
P3_design0_seed2,0,100000,50,4,5,100,2,runnerup,99900,99900,99900,0,0,True,0.0,False,0,0.0,0,100,799200,799200,0,199800
P3_design0_seed2,0,100000,50,4,5,100,2,runnerup,0,0,99900,0,0,False,,True,0,0.0,1,50,399600,399600,0,99900
P3_design0_seed2,0,100000,50,4,5,100,2,runnerup,0,0,99900,0,0,False,,True,0,0.0,2,50,399600,399600,0,99900
P3_design0_seed2,0,100000,50,4,5,100,2,runnerup,0,0,99900,0,0,False,,True,0,0.0,3,50,399600,399600,0,99900
P3_design0_seed2,0,100000,50,4,5,100,2,runnerup,0,0,99900,0,0,False,,True,0,0.0,4,50,399600,399600,0,99900
P3_design0_seed3,0,100000,50,4,5,100,3,fresh,0,0,99900,0,0,False,,False,0,0.0,0,50,399600,399600,0,99900
P3_design0_seed3,0,100000,50,4,5,100,3,fresh,0,0,99900,0,0,False,,False,0,0.0,1,50,399600,399600,0,99900
P3_design0_seed3,0,100000,50,4,5,100,3,fresh,0,0,99900,0,0,False,,False,0,0.0,2,50,399600,399600,0,99900
P3_design0_seed3,0,100000,50,4,5,100,3,fresh,0,0,99900,0,0,False,,False,0,0.0,3,50,399600,399600,0,99900
P3_design0_seed3,0,100000,50,4,5,100,3,fresh,0,0,99900,0,0,False,,False,0,0.0,4,50,399600,399600,0,99900
P3_design0_seed3,0,100000,50,4,5,100,3,none,0,0,99900,0,0,False,,False,0,0.0,0,50,399600,399600,0,99900
P3_design0_seed3,0,100000,50,4,5,100,3,none,0,0,99900,0,0,False,,False,0,0.0,1,50,399600,399600,0,99900
P3_design0_seed3,0,100000,50,4,5,100,3,none,0,0,99900,0,0,False,,False,0,0.0,2,50,399600,399600,0,99900
P3_design0_seed3,0,100000,50,4,5,100,3,none,0,0,99900,0,0,False,,False,0,0.0,3,50,399600,399600,0,99900
P3_design0_seed3,0,100000,50,4,5,100,3,none,0,0,99900,0,0,False,,False,0,0.0,4,50,399600,399600,0,99900
P3_design0_seed3,0,100000,50,4,5,100,3,basic,99900,99900,99900,0,0,True,0.0,False,0,0.0,0,100,799200,799200,0,199800
P3_design0_seed3,0,100000,50,4,5,100,3,basic,0,0,99900,0,0,False,,True,0,0.0,1,50,399600,399600,0,99900
P3_design0_seed3,0,100000,50,4,5,100,3,basic,0,0,99900,0,0,False,,True,0,0.0,2,50,399600,399600,0,99900
P3_design0_seed3,0,100000,50,4,5,100,3,basic,0,0,99900,0,0,False,,True,0,0.0,3,50,399600,399600,0,99900
P3_design0_seed3,0,100000,50,4,5,100,3,basic,0,0,99900,0,0,False,,True,0,0.0,4,50,399600,399600,0,99900
P3_design0_seed3,0,100000,50,4,5,100,3,runnerup,99900,99900,99900,0,0,True,0.0,False,0,0.0,0,100,799200,799200,0,199800
P3_design0_seed3,0,100000,50,4,5,100,3,runnerup,0,0,99900,0,0,False,,True,0,0.0,1,50,399600,399600,0,99900
P3_design0_seed3,0,100000,50,4,5,100,3,runnerup,0,0,99900,0,0,False,,True,0,0.0,2,50,399600,399600,0,99900
P3_design0_seed3,0,100000,50,4,5,100,3,runnerup,0,0,99900,0,0,False,,True,0,0.0,3,50,399600,399600,0,99900
P3_design0_seed3,0,100000,50,4,5,100,3,runnerup,0,0,99900,0,0,False,,True,0,0.0,4,50,399600,399600,0,99900
P3_design0_seed4,0,100000,50,4,5,100,4,fresh,0,0,99900,0,0,False,,False,0,0.0,0,50,399600,399600,0,99900
P3_design0_seed4,0,100000,50,4,5,100,4,fresh,0,0,99900,0,0,False,,False,0,0.0,1,50,399600,399600,0,99900
P3_design0_seed4,0,100000,50,4,5,100,4,fresh,0,0,99900,0,0,False,,False,0,0.0,2,50,399600,399600,0,99900
P3_design0_seed4,0,100000,50,4,5,100,4,fresh,0,0,99900,0,0,False,,False,0,0.0,3,50,399600,399600,0,99900
P3_design0_seed4,0,100000,50,4,5,100,4,fresh,0,0,99900,0,0,False,,False,0,0.0,4,50,399600,399600,0,99900
P3_design0_seed4,0,100000,50,4,5,100,4,none,0,0,99900,0,0,False,,False,0,0.0,0,50,399600,399600,0,99900
P3_design0_seed4,0,100000,50,4,5,100,4,none,0,0,99900,0,0,False,,False,0,0.0,1,50,399600,399600,0,99900
P3_design0_seed4,0,100000,50,4,5,100,4,none,0,0,99900,0,0,False,,False,0,0.0,2,50,399600,399600,0,99900
P3_design0_seed4,0,100000,50,4,5,100,4,none,0,0,99900,0,0,False,,False,0,0.0,3,50,399600,399600,0,99900
P3_design0_seed4,0,100000,50,4,5,100,4,none,0,0,99900,0,0,False,,False,0,0.0,4,50,399600,399600,0,99900
P3_design0_seed4,0,100000,50,4,5,100,4,basic,99900,99900,99900,0,0,True,0.0,False,0,0.0,0,100,799200,799200,0,199800
P3_design0_seed4,0,100000,50,4,5,100,4,basic,0,0,99900,0,0,False,,True,0,0.0,1,50,399600,399600,0,99900
P3_design0_seed4,0,100000,50,4,5,100,4,basic,0,0,99900,0,0,False,,True,0,0.0,2,50,399600,399600,0,99900
P3_design0_seed4,0,100000,50,4,5,100,4,basic,0,0,99900,0,0,False,,True,0,0.0,3,50,399600,399600,0,99900
P3_design0_seed4,0,100000,50,4,5,100,4,basic,0,0,99900,0,0,False,,True,0,0.0,4,50,399600,399600,0,99900
P3_design0_seed4,0,100000,50,4,5,100,4,runnerup,99900,99900,99900,0,0,True,0.0,False,0,0.0,0,100,799200,799200,0,199800
P3_design0_seed4,0,100000,50,4,5,100,4,runnerup,0,0,99900,0,0,False,,True,0,0.0,1,50,399600,399600,0,99900
P3_design0_seed4,0,100000,50,4,5,100,4,runnerup,0,0,99900,0,0,False,,True,0,0.0,2,50,399600,399600,0,99900
P3_design0_seed4,0,100000,50,4,5,100,4,runnerup,0,0,99900,0,0,False,,True,0,0.0,3,50,399600,399600,0,99900
P3_design0_seed4,0,100000,50,4,5,100,4,runnerup,0,0,99900,0,0,False,,True,0,0.0,4,50,399600,399600,0,99900
P3_design1_seed0,1,250000,50,4,5,250,0,fresh,0,0,249750,0,0,False,,False,0,0.0,0,50,999000,999000,0,249750
P3_design1_seed0,1,250000,50,4,5,250,0,fresh,0,0,249750,0,0,False,,False,0,0.0,1,50,999000,999000,0,249750
P3_design1_seed0,1,250000,50,4,5,250,0,fresh,0,0,249750,0,0,False,,False,0,0.0,2,50,999000,999000,0,249750
P3_design1_seed0,1,250000,50,4,5,250,0,fresh,0,0,249750,0,0,False,,False,0,0.0,3,50,999000,999000,0,249750
P3_design1_seed0,1,250000,50,4,5,250,0,fresh,0,0,249750,0,0,False,,False,0,0.0,4,50,999000,999000,0,249750
P3_design1_seed0,1,250000,50,4,5,250,0,none,0,0,249750,0,0,False,,False,0,0.0,0,50,999000,999000,0,249750
P3_design1_seed0,1,250000,50,4,5,250,0,none,0,0,249750,0,0,False,,False,0,0.0,1,50,999000,999000,0,249750
P3_design1_seed0,1,250000,50,4,5,250,0,none,0,0,249750,0,0,False,,False,0,0.0,2,50,999000,999000,0,249750
P3_design1_seed0,1,250000,50,4,5,250,0,none,0,0,249750,0,0,False,,False,0,0.0,3,50,999000,999000,0,249750
P3_design1_seed0,1,250000,50,4,5,250,0,none,0,0,249750,0,0,False,,False,0,0.0,4,50,999000,999000,0,249750
P3_design1_seed0,1,250000,50,4,5,250,0,basic,249750,249750,249750,0,0,True,0.0,False,0,0.0,0,100,1998000,1998000,0,499500
P3_design1_seed0,1,250000,50,4,5,250,0,basic,0,0,249750,0,0,False,,True,0,0.0,1,50,999000,999000,0,249750
P3_design1_seed0,1,250000,50,4,5,250,0,basic,0,0,249750,0,0,False,,True,0,0.0,2,50,999000,999000,0,249750
P3_design1_seed0,1,250000,50,4,5,250,0,basic,0,0,249750,0,0,False,,True,0,0.0,3,50,999000,999000,0,249750
P3_design1_seed0,1,250000,50,4,5,250,0,basic,0,0,249750,0,0,False,,True,0,0.0,4,50,999000,999000,0,249750
P3_design1_seed0,1,250000,50,4,5,250,0,runnerup,249750,249750,249750,0,0,True,0.0,False,0,0.0,0,100,1998000,1998000,0,499500
P3_design1_seed0,1,250000,50,4,5,250,0,runnerup,0,0,249750,0,0,False,,True,0,0.0,1,50,999000,999000,0,249750
P3_design1_seed0,1,250000,50,4,5,250,0,runnerup,0,0,249750,0,0,False,,True,0,0.0,2,50,999000,999000,0,249750
P3_design1_seed0,1,250000,50,4,5,250,0,runnerup,0,0,249750,0,0,False,,True,0,0.0,3,50,999000,999000,0,249750
P3_design1_seed0,1,250000,50,4,5,250,0,runnerup,0,0,249750,0,0,False,,True,0,0.0,4,50,999000,999000,0,249750
P3_design1_seed1,1,250000,50,4,5,250,1,fresh,0,0,249750,0,0,False,,False,0,0.0,0,50,999000,999000,0,249750
P3_design1_seed1,1,250000,50,4,5,250,1,fresh,0,0,249750,0,0,False,,False,0,0.0,1,50,999000,999000,0,249750
P3_design1_seed1,1,250000,50,4,5,250,1,fresh,0,0,249750,0,0,False,,False,0,0.0,2,50,999000,999000,0,249750
P3_design1_seed1,1,250000,50,4,5,250,1,fresh,0,0,249750,0,0,False,,False,0,0.0,3,50,999000,999000,0,249750
P3_design1_seed1,1,250000,50,4,5,250,1,fresh,0,0,249750,0,0,False,,False,0,0.0,4,50,999000,999000,0,249750
P3_design1_seed1,1,250000,50,4,5,250,1,none,0,0,249750,0,0,False,,False,0,0.0,0,50,999000,999000,0,249750
P3_design1_seed1,1,250000,50,4,5,250,1,none,0,0,249750,0,0,False,,False,0,0.0,1,50,999000,999000,0,249750
P3_design1_seed1,1,250000,50,4,5,250,1,none,0,0,249750,0,0,False,,False,0,0.0,2,50,999000,999000,0,249750
P3_design1_seed1,1,250000,50,4,5,250,1,none,0,0,249750,0,0,False,,False,0,0.0,3,50,999000,999000,0,249750
P3_design1_seed1,1,250000,50,4,5,250,1,none,0,0,249750,0,0,False,,False,0,0.0,4,50,999000,999000,0,249750
P3_design1_seed1,1,250000,50,4,5,250,1,basic,249750,249750,249750,0,0,True,0.0,False,0,0.0,0,100,1998000,1998000,0,499500
P3_design1_seed1,1,250000,50,4,5,250,1,basic,0,0,249750,0,0,False,,True,0,0.0,1,50,999000,999000,0,249750
P3_design1_seed1,1,250000,50,4,5,250,1,basic,0,0,249750,0,0,False,,True,0,0.0,2,50,999000,999000,0,249750
P3_design1_seed1,1,250000,50,4,5,250,1,basic,0,0,249750,0,0,False,,True,0,0.0,3,50,999000,999000,0,249750
P3_design1_seed1,1,250000,50,4,5,250,1,basic,0,0,249750,0,0,False,,True,0,0.0,4,50,999000,999000,0,249750
P3_design1_seed1,1,250000,50,4,5,250,1,runnerup,249750,249750,249750,0,0,True,0.0,False,0,0.0,0,100,1998000,1998000,0,499500
P3_design1_seed1,1,250000,50,4,5,250,1,runnerup,0,0,249750,0,0,False,,True,0,0.0,1,50,999000,999000,0,249750
P3_design1_seed1,1,250000,50,4,5,250,1,runnerup,0,0,249750,0,0,False,,True,0,0.0,2,50,999000,999000,0,249750
P3_design1_seed1,1,250000,50,4,5,250,1,runnerup,0,0,249750,0,0,False,,True,0,0.0,3,50,999000,999000,0,249750
P3_design1_seed1,1,250000,50,4,5,250,1,runnerup,0,0,249750,0,0,False,,True,0,0.0,4,50,999000,999000,0,249750
P3_design1_seed2,1,250000,50,4,5,250,2,fresh,0,0,249750,0,0,False,,False,0,0.0,0,50,999000,999000,0,249750
P3_design1_seed2,1,250000,50,4,5,250,2,fresh,0,0,249750,0,0,False,,False,0,0.0,1,50,999000,999000,0,249750
P3_design1_seed2,1,250000,50,4,5,250,2,fresh,0,0,249750,0,0,False,,False,0,0.0,2,50,999000,999000,0,249750
P3_design1_seed2,1,250000,50,4,5,250,2,fresh,0,0,249750,0,0,False,,False,0,0.0,3,50,999000,999000,0,249750
P3_design1_seed2,1,250000,50,4,5,250,2,fresh,0,0,249750,0,0,False,,False,0,0.0,4,50,999000,999000,0,249750
P3_design1_seed2,1,250000,50,4,5,250,2,none,0,0,249750,0,0,False,,False,0,0.0,0,50,999000,999000,0,249750
P3_design1_seed2,1,250000,50,4,5,250,2,none,0,0,249750,0,0,False,,False,0,0.0,1,50,999000,999000,0,249750
P3_design1_seed2,1,250000,50,4,5,250,2,none,0,0,249750,0,0,False,,False,0,0.0,2,50,999000,999000,0,249750
P3_design1_seed2,1,250000,50,4,5,250,2,none,0,0,249750,0,0,False,,False,0,0.0,3,50,999000,999000,0,249750
P3_design1_seed2,1,250000,50,4,5,250,2,none,0,0,249750,0,0,False,,False,0,0.0,4,50,999000,999000,0,249750
P3_design1_seed2,1,250000,50,4,5,250,2,basic,249750,249750,249750,0,0,True,0.0,False,0,0.0,0,100,1998000,1998000,0,499500
P3_design1_seed2,1,250000,50,4,5,250,2,basic,0,0,249750,0,0,False,,True,0,0.0,1,50,999000,999000,0,249750
P3_design1_seed2,1,250000,50,4,5,250,2,basic,0,0,249750,0,0,False,,True,0,0.0,2,50,999000,999000,0,249750
P3_design1_seed2,1,250000,50,4,5,250,2,basic,0,0,249750,0,0,False,,True,0,0.0,3,50,999000,999000,0,249750
P3_design1_seed2,1,250000,50,4,5,250,2,basic,0,0,249750,0,0,False,,True,0,0.0,4,50,999000,999000,0,249750
P3_design1_seed2,1,250000,50,4,5,250,2,runnerup,249750,249750,249750,0,0,True,0.0,False,0,0.0,0,100,1998000,1998000,0,499500
P3_design1_seed2,1,250000,50,4,5,250,2,runnerup,0,0,249750,0,0,False,,True,0,0.0,1,50,999000,999000,0,249750
P3_design1_seed2,1,250000,50,4,5,250,2,runnerup,0,0,249750,0,0,False,,True,0,0.0,2,50,999000,999000,0,249750
P3_design1_seed2,1,250000,50,4,5,250,2,runnerup,0,0,249750,0,0,False,,True,0,0.0,3,50,999000,999000,0,249750
P3_design1_seed2,1,250000,50,4,5,250,2,runnerup,0,0,249750,0,0,False,,True,0,0.0,4,50,999000,999000,0,249750
P3_design1_seed3,1,250000,50,4,5,250,3,fresh,0,0,249750,0,0,False,,False,0,0.0,0,50,999000,999000,0,249750
P3_design1_seed3,1,250000,50,4,5,250,3,fresh,0,0,249750,0,0,False,,False,0,0.0,1,50,999000,999000,0,249750
P3_design1_seed3,1,250000,50,4,5,250,3,fresh,0,0,249750,0,0,False,,False,0,0.0,2,50,999000,999000,0,249750
P3_design1_seed3,1,250000,50,4,5,250,3,fresh,0,0,249750,0,0,False,,False,0,0.0,3,50,999000,999000,0,249750
P3_design1_seed3,1,250000,50,4,5,250,3,fresh,0,0,249750,0,0,False,,False,0,0.0,4,50,999000,999000,0,249750
P3_design1_seed3,1,250000,50,4,5,250,3,none,0,0,249750,0,0,False,,False,0,0.0,0,50,999000,999000,0,249750
P3_design1_seed3,1,250000,50,4,5,250,3,none,0,0,249750,0,0,False,,False,0,0.0,1,50,999000,999000,0,249750
P3_design1_seed3,1,250000,50,4,5,250,3,none,0,0,249750,0,0,False,,False,0,0.0,2,50,999000,999000,0,249750
P3_design1_seed3,1,250000,50,4,5,250,3,none,0,0,249750,0,0,False,,False,0,0.0,3,50,999000,999000,0,249750
P3_design1_seed3,1,250000,50,4,5,250,3,none,0,0,249750,0,0,False,,False,0,0.0,4,50,999000,999000,0,249750
P3_design1_seed3,1,250000,50,4,5,250,3,basic,249750,249750,249750,0,0,True,0.0,False,0,0.0,0,100,1998000,1998000,0,499500
P3_design1_seed3,1,250000,50,4,5,250,3,basic,0,0,249750,0,0,False,,True,0,0.0,1,50,999000,999000,0,249750
P3_design1_seed3,1,250000,50,4,5,250,3,basic,0,0,249750,0,0,False,,True,0,0.0,2,50,999000,999000,0,249750
P3_design1_seed3,1,250000,50,4,5,250,3,basic,0,0,249750,0,0,False,,True,0,0.0,3,50,999000,999000,0,249750
P3_design1_seed3,1,250000,50,4,5,250,3,basic,0,0,249750,0,0,False,,True,0,0.0,4,50,999000,999000,0,249750
P3_design1_seed3,1,250000,50,4,5,250,3,runnerup,249750,249750,249750,0,0,True,0.0,False,0,0.0,0,100,1998000,1998000,0,499500
P3_design1_seed3,1,250000,50,4,5,250,3,runnerup,0,0,249750,0,0,False,,True,0,0.0,1,50,999000,999000,0,249750
P3_design1_seed3,1,250000,50,4,5,250,3,runnerup,0,0,249750,0,0,False,,True,0,0.0,2,50,999000,999000,0,249750
P3_design1_seed3,1,250000,50,4,5,250,3,runnerup,0,0,249750,0,0,False,,True,0,0.0,3,50,999000,999000,0,249750
P3_design1_seed3,1,250000,50,4,5,250,3,runnerup,0,0,249750,0,0,False,,True,0,0.0,4,50,999000,999000,0,249750
P3_design1_seed4,1,250000,50,4,5,250,4,fresh,0,0,249750,0,0,False,,False,0,0.0,0,50,999000,999000,0,249750
P3_design1_seed4,1,250000,50,4,5,250,4,fresh,0,0,249750,0,0,False,,False,0,0.0,1,50,999000,999000,0,249750
P3_design1_seed4,1,250000,50,4,5,250,4,fresh,0,0,249750,0,0,False,,False,0,0.0,2,50,999000,999000,0,249750
P3_design1_seed4,1,250000,50,4,5,250,4,fresh,0,0,249750,0,0,False,,False,0,0.0,3,50,999000,999000,0,249750
P3_design1_seed4,1,250000,50,4,5,250,4,fresh,0,0,249750,0,0,False,,False,0,0.0,4,50,999000,999000,0,249750
P3_design1_seed4,1,250000,50,4,5,250,4,none,0,0,249750,0,0,False,,False,0,0.0,0,50,999000,999000,0,249750
P3_design1_seed4,1,250000,50,4,5,250,4,none,0,0,249750,0,0,False,,False,0,0.0,1,50,999000,999000,0,249750
P3_design1_seed4,1,250000,50,4,5,250,4,none,0,0,249750,0,0,False,,False,0,0.0,2,50,999000,999000,0,249750
P3_design1_seed4,1,250000,50,4,5,250,4,none,0,0,249750,0,0,False,,False,0,0.0,3,50,999000,999000,0,249750
P3_design1_seed4,1,250000,50,4,5,250,4,none,0,0,249750,0,0,False,,False,0,0.0,4,50,999000,999000,0,249750
P3_design1_seed4,1,250000,50,4,5,250,4,basic,249750,249750,249750,0,0,True,0.0,False,0,0.0,0,100,1998000,1998000,0,499500
P3_design1_seed4,1,250000,50,4,5,250,4,basic,0,0,249750,0,0,False,,True,0,0.0,1,50,999000,999000,0,249750
P3_design1_seed4,1,250000,50,4,5,250,4,basic,0,0,249750,0,0,False,,True,0,0.0,2,50,999000,999000,0,249750
P3_design1_seed4,1,250000,50,4,5,250,4,basic,0,0,249750,0,0,False,,True,0,0.0,3,50,999000,999000,0,249750
P3_design1_seed4,1,250000,50,4,5,250,4,basic,0,0,249750,0,0,False,,True,0,0.0,4,50,999000,999000,0,249750
P3_design1_seed4,1,250000,50,4,5,250,4,runnerup,249750,249750,249750,0,0,True,0.0,False,0,0.0,0,100,1998000,1998000,0,499500
P3_design1_seed4,1,250000,50,4,5,250,4,runnerup,0,0,249750,0,0,False,,True,0,0.0,1,50,999000,999000,0,249750
P3_design1_seed4,1,250000,50,4,5,250,4,runnerup,0,0,249750,0,0,False,,True,0,0.0,2,50,999000,999000,0,249750
P3_design1_seed4,1,250000,50,4,5,250,4,runnerup,0,0,249750,0,0,False,,True,0,0.0,3,50,999000,999000,0,249750
P3_design1_seed4,1,250000,50,4,5,250,4,runnerup,0,0,249750,0,0,False,,True,0,0.0,4,50,999000,999000,0,249750
P3_design2_seed0,2,500000,50,4,5,500,0,fresh,0,0,499500,0,0,False,,False,0,0.0,0,50,1998000,1998000,0,499500
P3_design2_seed0,2,500000,50,4,5,500,0,fresh,0,0,499500,0,0,False,,False,0,0.0,1,50,1998000,1998000,0,499500
P3_design2_seed0,2,500000,50,4,5,500,0,fresh,0,0,499500,0,0,False,,False,0,0.0,2,50,1998000,1998000,0,499500
P3_design2_seed0,2,500000,50,4,5,500,0,fresh,0,0,499500,0,0,False,,False,0,0.0,3,50,1998000,1998000,0,499500
P3_design2_seed0,2,500000,50,4,5,500,0,fresh,0,0,499500,0,0,False,,False,0,0.0,4,50,1998000,1998000,0,499500
P3_design2_seed0,2,500000,50,4,5,500,0,none,0,0,499500,0,0,False,,False,0,0.0,0,50,1998000,1998000,0,499500
P3_design2_seed0,2,500000,50,4,5,500,0,none,0,0,499500,0,0,False,,False,0,0.0,1,50,1998000,1998000,0,499500
P3_design2_seed0,2,500000,50,4,5,500,0,none,0,0,499500,0,0,False,,False,0,0.0,2,50,1998000,1998000,0,499500
P3_design2_seed0,2,500000,50,4,5,500,0,none,0,0,499500,0,0,False,,False,0,0.0,3,50,1998000,1998000,0,499500
P3_design2_seed0,2,500000,50,4,5,500,0,none,0,0,499500,0,0,False,,False,0,0.0,4,50,1998000,1998000,0,499500
P3_design2_seed0,2,500000,50,4,5,500,0,basic,499500,499500,499500,0,0,True,0.0,False,0,0.0,0,100,3996000,3996000,0,999000
P3_design2_seed0,2,500000,50,4,5,500,0,basic,0,0,499500,0,0,False,,True,0,0.0,1,50,1998000,1998000,0,499500
P3_design2_seed0,2,500000,50,4,5,500,0,basic,0,0,499500,0,0,False,,True,0,0.0,2,50,1998000,1998000,0,499500
P3_design2_seed0,2,500000,50,4,5,500,0,basic,0,0,499500,0,0,False,,True,0,0.0,3,50,1998000,1998000,0,499500
P3_design2_seed0,2,500000,50,4,5,500,0,basic,0,0,499500,0,0,False,,True,0,0.0,4,50,1998000,1998000,0,499500
P3_design2_seed0,2,500000,50,4,5,500,0,runnerup,499500,499500,499500,0,0,True,0.0,False,0,0.0,0,100,3996000,3996000,0,999000
P3_design2_seed0,2,500000,50,4,5,500,0,runnerup,0,0,499500,0,0,False,,True,0,0.0,1,50,1998000,1998000,0,499500
P3_design2_seed0,2,500000,50,4,5,500,0,runnerup,0,0,499500,0,0,False,,True,0,0.0,2,50,1998000,1998000,0,499500
P3_design2_seed0,2,500000,50,4,5,500,0,runnerup,0,0,499500,0,0,False,,True,0,0.0,3,50,1998000,1998000,0,499500
P3_design2_seed0,2,500000,50,4,5,500,0,runnerup,0,0,499500,0,0,False,,True,0,0.0,4,50,1998000,1998000,0,499500
P3_design2_seed1,2,500000,50,4,5,500,1,fresh,0,0,499500,0,0,False,,False,0,0.0,0,50,1998000,1998000,0,499500
P3_design2_seed1,2,500000,50,4,5,500,1,fresh,0,0,499500,0,0,False,,False,0,0.0,1,50,1998000,1998000,0,499500
P3_design2_seed1,2,500000,50,4,5,500,1,fresh,0,0,499500,0,0,False,,False,0,0.0,2,50,1998000,1998000,0,499500
P3_design2_seed1,2,500000,50,4,5,500,1,fresh,0,0,499500,0,0,False,,False,0,0.0,3,50,1998000,1998000,0,499500
P3_design2_seed1,2,500000,50,4,5,500,1,fresh,0,0,499500,0,0,False,,False,0,0.0,4,50,1998000,1998000,0,499500
P3_design2_seed1,2,500000,50,4,5,500,1,none,0,0,499500,0,0,False,,False,0,0.0,0,50,1998000,1998000,0,499500
P3_design2_seed1,2,500000,50,4,5,500,1,none,0,0,499500,0,0,False,,False,0,0.0,1,50,1998000,1998000,0,499500
P3_design2_seed1,2,500000,50,4,5,500,1,none,0,0,499500,0,0,False,,False,0,0.0,2,50,1998000,1998000,0,499500
P3_design2_seed1,2,500000,50,4,5,500,1,none,0,0,499500,0,0,False,,False,0,0.0,3,50,1998000,1998000,0,499500
P3_design2_seed1,2,500000,50,4,5,500,1,none,0,0,499500,0,0,False,,False,0,0.0,4,50,1998000,1998000,0,499500
P3_design2_seed1,2,500000,50,4,5,500,1,basic,499500,499500,499500,0,0,True,0.0,False,0,0.0,0,100,3996000,3996000,0,999000
P3_design2_seed1,2,500000,50,4,5,500,1,basic,0,0,499500,0,0,False,,True,0,0.0,1,50,1998000,1998000,0,499500
P3_design2_seed1,2,500000,50,4,5,500,1,basic,0,0,499500,0,0,False,,True,0,0.0,2,50,1998000,1998000,0,499500
P3_design2_seed1,2,500000,50,4,5,500,1,basic,0,0,499500,0,0,False,,True,0,0.0,3,50,1998000,1998000,0,499500
P3_design2_seed1,2,500000,50,4,5,500,1,basic,0,0,499500,0,0,False,,True,0,0.0,4,50,1998000,1998000,0,499500
P3_design2_seed1,2,500000,50,4,5,500,1,runnerup,499500,499500,499500,0,0,True,0.0,False,0,0.0,0,100,3996000,3996000,0,999000
P3_design2_seed1,2,500000,50,4,5,500,1,runnerup,0,0,499500,0,0,False,,True,0,0.0,1,50,1998000,1998000,0,499500
P3_design2_seed1,2,500000,50,4,5,500,1,runnerup,0,0,499500,0,0,False,,True,0,0.0,2,50,1998000,1998000,0,499500
P3_design2_seed1,2,500000,50,4,5,500,1,runnerup,0,0,499500,0,0,False,,True,0,0.0,3,50,1998000,1998000,0,499500
P3_design2_seed1,2,500000,50,4,5,500,1,runnerup,0,0,499500,0,0,False,,True,0,0.0,4,50,1998000,1998000,0,499500
P3_design2_seed2,2,500000,50,4,5,500,2,fresh,0,0,499500,0,0,False,,False,0,0.0,0,50,1998000,1998000,0,499500
P3_design2_seed2,2,500000,50,4,5,500,2,fresh,0,0,499500,0,0,False,,False,0,0.0,1,50,1998000,1998000,0,499500
P3_design2_seed2,2,500000,50,4,5,500,2,fresh,0,0,499500,0,0,False,,False,0,0.0,2,50,1998000,1998000,0,499500
P3_design2_seed2,2,500000,50,4,5,500,2,fresh,0,0,499500,0,0,False,,False,0,0.0,3,50,1998000,1998000,0,499500
P3_design2_seed2,2,500000,50,4,5,500,2,fresh,0,0,499500,0,0,False,,False,0,0.0,4,50,1998000,1998000,0,499500
P3_design2_seed2,2,500000,50,4,5,500,2,none,0,0,499500,0,0,False,,False,0,0.0,0,50,1998000,1998000,0,499500
P3_design2_seed2,2,500000,50,4,5,500,2,none,0,0,499500,0,0,False,,False,0,0.0,1,50,1998000,1998000,0,499500
P3_design2_seed2,2,500000,50,4,5,500,2,none,0,0,499500,0,0,False,,False,0,0.0,2,50,1998000,1998000,0,499500
P3_design2_seed2,2,500000,50,4,5,500,2,none,0,0,499500,0,0,False,,False,0,0.0,3,50,1998000,1998000,0,499500
P3_design2_seed2,2,500000,50,4,5,500,2,none,0,0,499500,0,0,False,,False,0,0.0,4,50,1998000,1998000,0,499500
P3_design2_seed2,2,500000,50,4,5,500,2,basic,499500,499500,499500,0,0,True,0.0,False,0,0.0,0,100,3996000,3996000,0,999000
P3_design2_seed2,2,500000,50,4,5,500,2,basic,0,0,499500,0,0,False,,True,0,0.0,1,50,1998000,1998000,0,499500
P3_design2_seed2,2,500000,50,4,5,500,2,basic,0,0,499500,0,0,False,,True,0,0.0,2,50,1998000,1998000,0,499500
P3_design2_seed2,2,500000,50,4,5,500,2,basic,0,0,499500,0,0,False,,True,0,0.0,3,50,1998000,1998000,0,499500
P3_design2_seed2,2,500000,50,4,5,500,2,basic,0,0,499500,0,0,False,,True,0,0.0,4,50,1998000,1998000,0,499500
P3_design2_seed2,2,500000,50,4,5,500,2,runnerup,499500,499500,499500,0,0,True,0.0,False,0,0.0,0,100,3996000,3996000,0,999000
P3_design2_seed2,2,500000,50,4,5,500,2,runnerup,0,0,499500,0,0,False,,True,0,0.0,1,50,1998000,1998000,0,499500
P3_design2_seed2,2,500000,50,4,5,500,2,runnerup,0,0,499500,0,0,False,,True,0,0.0,2,50,1998000,1998000,0,499500
P3_design2_seed2,2,500000,50,4,5,500,2,runnerup,0,0,499500,0,0,False,,True,0,0.0,3,50,1998000,1998000,0,499500
P3_design2_seed2,2,500000,50,4,5,500,2,runnerup,0,0,499500,0,0,False,,True,0,0.0,4,50,1998000,1998000,0,499500
P3_design2_seed3,2,500000,50,4,5,500,3,fresh,0,0,499500,0,0,False,,False,0,0.0,0,50,1998000,1998000,0,499500
P3_design2_seed3,2,500000,50,4,5,500,3,fresh,0,0,499500,0,0,False,,False,0,0.0,1,50,1998000,1998000,0,499500
P3_design2_seed3,2,500000,50,4,5,500,3,fresh,0,0,499500,0,0,False,,False,0,0.0,2,50,1998000,1998000,0,499500
P3_design2_seed3,2,500000,50,4,5,500,3,fresh,0,0,499500,0,0,False,,False,0,0.0,3,50,1998000,1998000,0,499500
P3_design2_seed3,2,500000,50,4,5,500,3,fresh,0,0,499500,0,0,False,,False,0,0.0,4,50,1998000,1998000,0,499500
P3_design2_seed3,2,500000,50,4,5,500,3,none,0,0,499500,0,0,False,,False,0,0.0,0,50,1998000,1998000,0,499500
P3_design2_seed3,2,500000,50,4,5,500,3,none,0,0,499500,0,0,False,,False,0,0.0,1,50,1998000,1998000,0,499500
P3_design2_seed3,2,500000,50,4,5,500,3,none,0,0,499500,0,0,False,,False,0,0.0,2,50,1998000,1998000,0,499500
P3_design2_seed3,2,500000,50,4,5,500,3,none,0,0,499500,0,0,False,,False,0,0.0,3,50,1998000,1998000,0,499500
P3_design2_seed3,2,500000,50,4,5,500,3,none,0,0,499500,0,0,False,,False,0,0.0,4,50,1998000,1998000,0,499500
P3_design2_seed3,2,500000,50,4,5,500,3,basic,499500,499500,499500,0,0,True,0.0,False,0,0.0,0,100,3996000,3996000,0,999000
P3_design2_seed3,2,500000,50,4,5,500,3,basic,0,0,499500,0,0,False,,True,0,0.0,1,50,1998000,1998000,0,499500
P3_design2_seed3,2,500000,50,4,5,500,3,basic,0,0,499500,0,0,False,,True,0,0.0,2,50,1998000,1998000,0,499500
P3_design2_seed3,2,500000,50,4,5,500,3,basic,0,0,499500,0,0,False,,True,0,0.0,3,50,1998000,1998000,0,499500
P3_design2_seed3,2,500000,50,4,5,500,3,basic,0,0,499500,0,0,False,,True,0,0.0,4,50,1998000,1998000,0,499500
P3_design2_seed3,2,500000,50,4,5,500,3,runnerup,499500,499500,499500,0,0,True,0.0,False,0,0.0,0,100,3996000,3996000,0,999000
P3_design2_seed3,2,500000,50,4,5,500,3,runnerup,0,0,499500,0,0,False,,True,0,0.0,1,50,1998000,1998000,0,499500
P3_design2_seed3,2,500000,50,4,5,500,3,runnerup,0,0,499500,0,0,False,,True,0,0.0,2,50,1998000,1998000,0,499500
P3_design2_seed3,2,500000,50,4,5,500,3,runnerup,0,0,499500,0,0,False,,True,0,0.0,3,50,1998000,1998000,0,499500
P3_design2_seed3,2,500000,50,4,5,500,3,runnerup,0,0,499500,0,0,False,,True,0,0.0,4,50,1998000,1998000,0,499500
P3_design2_seed4,2,500000,50,4,5,500,4,fresh,0,0,499500,0,0,False,,False,0,0.0,0,50,1998000,1998000,0,499500
P3_design2_seed4,2,500000,50,4,5,500,4,fresh,0,0,499500,0,0,False,,False,0,0.0,1,50,1998000,1998000,0,499500
P3_design2_seed4,2,500000,50,4,5,500,4,fresh,0,0,499500,0,0,False,,False,0,0.0,2,50,1998000,1998000,0,499500
P3_design2_seed4,2,500000,50,4,5,500,4,fresh,0,0,499500,0,0,False,,False,0,0.0,3,50,1998000,1998000,0,499500
P3_design2_seed4,2,500000,50,4,5,500,4,fresh,0,0,499500,0,0,False,,False,0,0.0,4,50,1998000,1998000,0,499500
P3_design2_seed4,2,500000,50,4,5,500,4,none,0,0,499500,0,0,False,,False,0,0.0,0,50,1998000,1998000,0,499500
P3_design2_seed4,2,500000,50,4,5,500,4,none,0,0,499500,0,0,False,,False,0,0.0,1,50,1998000,1998000,0,499500
P3_design2_seed4,2,500000,50,4,5,500,4,none,0,0,499500,0,0,False,,False,0,0.0,2,50,1998000,1998000,0,499500
P3_design2_seed4,2,500000,50,4,5,500,4,none,0,0,499500,0,0,False,,False,0,0.0,3,50,1998000,1998000,0,499500
P3_design2_seed4,2,500000,50,4,5,500,4,none,0,0,499500,0,0,False,,False,0,0.0,4,50,1998000,1998000,0,499500
P3_design2_seed4,2,500000,50,4,5,500,4,basic,499500,499500,499500,0,0,True,0.0,False,0,0.0,0,100,3996000,3996000,0,999000
P3_design2_seed4,2,500000,50,4,5,500,4,basic,0,0,499500,0,0,False,,True,0,0.0,1,50,1998000,1998000,0,499500
P3_design2_seed4,2,500000,50,4,5,500,4,basic,0,0,499500,0,0,False,,True,0,0.0,2,50,1998000,1998000,0,499500
P3_design2_seed4,2,500000,50,4,5,500,4,basic,0,0,499500,0,0,False,,True,0,0.0,3,50,1998000,1998000,0,499500
P3_design2_seed4,2,500000,50,4,5,500,4,basic,0,0,499500,0,0,False,,True,0,0.0,4,50,1998000,1998000,0,499500
P3_design2_seed4,2,500000,50,4,5,500,4,runnerup,499500,499500,499500,0,0,True,0.0,False,0,0.0,0,100,3996000,3996000,0,999000
P3_design2_seed4,2,500000,50,4,5,500,4,runnerup,0,0,499500,0,0,False,,True,0,0.0,1,50,1998000,1998000,0,499500
P3_design2_seed4,2,500000,50,4,5,500,4,runnerup,0,0,499500,0,0,False,,True,0,0.0,2,50,1998000,1998000,0,499500
P3_design2_seed4,2,500000,50,4,5,500,4,runnerup,0,0,499500,0,0,False,,True,0,0.0,3,50,1998000,1998000,0,499500
P3_design2_seed4,2,500000,50,4,5,500,4,runnerup,0,0,499500,0,0,False,,True,0,0.0,4,50,1998000,1998000,0,499500
P3_design3_seed0,3,1000000,50,4,5,1000,0,fresh,0,0,999000,0,0,False,,False,0,0.0,0,50,3996000,3996000,0,999000
P3_design3_seed0,3,1000000,50,4,5,1000,0,fresh,0,0,999000,0,0,False,,False,0,0.0,1,50,3996000,3996000,0,999000
P3_design3_seed0,3,1000000,50,4,5,1000,0,fresh,0,0,999000,0,0,False,,False,0,0.0,2,50,3996000,3996000,0,999000
P3_design3_seed0,3,1000000,50,4,5,1000,0,fresh,0,0,999000,0,0,False,,False,0,0.0,3,50,3996000,3996000,0,999000
P3_design3_seed0,3,1000000,50,4,5,1000,0,fresh,0,0,999000,0,0,False,,False,0,0.0,4,50,3996000,3996000,0,999000
P3_design3_seed0,3,1000000,50,4,5,1000,0,none,0,0,999000,0,0,False,,False,0,0.0,0,50,3996000,3996000,0,999000
P3_design3_seed0,3,1000000,50,4,5,1000,0,none,0,0,999000,0,0,False,,False,0,0.0,1,50,3996000,3996000,0,999000
P3_design3_seed0,3,1000000,50,4,5,1000,0,none,0,0,999000,0,0,False,,False,0,0.0,2,50,3996000,3996000,0,999000
P3_design3_seed0,3,1000000,50,4,5,1000,0,none,0,0,999000,0,0,False,,False,0,0.0,3,50,3996000,3996000,0,999000
P3_design3_seed0,3,1000000,50,4,5,1000,0,none,0,0,999000,0,0,False,,False,0,0.0,4,50,3996000,3996000,0,999000
P3_design3_seed0,3,1000000,50,4,5,1000,0,basic,999000,999000,999000,0,0,True,0.0,False,0,0.0,0,100,7992000,7992000,0,1998000
P3_design3_seed0,3,1000000,50,4,5,1000,0,basic,0,0,999000,0,0,False,,True,0,0.0,1,50,3996000,3996000,0,999000
P3_design3_seed0,3,1000000,50,4,5,1000,0,basic,0,0,999000,0,0,False,,True,0,0.0,2,50,3996000,3996000,0,999000
P3_design3_seed0,3,1000000,50,4,5,1000,0,basic,0,0,999000,0,0,False,,True,0,0.0,3,50,3996000,3996000,0,999000
P3_design3_seed0,3,1000000,50,4,5,1000,0,basic,0,0,999000,0,0,False,,True,0,0.0,4,50,3996000,3996000,0,999000
P3_design3_seed0,3,1000000,50,4,5,1000,0,runnerup,999000,999000,999000,0,0,True,0.0,False,0,0.0,0,100,7992000,7992000,0,1998000
P3_design3_seed0,3,1000000,50,4,5,1000,0,runnerup,0,0,999000,0,0,False,,True,0,0.0,1,50,3996000,3996000,0,999000
P3_design3_seed0,3,1000000,50,4,5,1000,0,runnerup,0,0,999000,0,0,False,,True,0,0.0,2,50,3996000,3996000,0,999000
P3_design3_seed0,3,1000000,50,4,5,1000,0,runnerup,0,0,999000,0,0,False,,True,0,0.0,3,50,3996000,3996000,0,999000
P3_design3_seed0,3,1000000,50,4,5,1000,0,runnerup,0,0,999000,0,0,False,,True,0,0.0,4,50,3996000,3996000,0,999000
P3_design3_seed1,3,1000000,50,4,5,1000,1,fresh,0,0,999000,0,0,False,,False,0,0.0,0,50,3996000,3996000,0,999000
P3_design3_seed1,3,1000000,50,4,5,1000,1,fresh,0,0,999000,0,0,False,,False,0,0.0,1,50,3996000,3996000,0,999000
P3_design3_seed1,3,1000000,50,4,5,1000,1,fresh,0,0,999000,0,0,False,,False,0,0.0,2,50,3996000,3996000,0,999000
P3_design3_seed1,3,1000000,50,4,5,1000,1,fresh,0,0,999000,0,0,False,,False,0,0.0,3,50,3996000,3996000,0,999000
P3_design3_seed1,3,1000000,50,4,5,1000,1,fresh,0,0,999000,0,0,False,,False,0,0.0,4,50,3996000,3996000,0,999000
P3_design3_seed1,3,1000000,50,4,5,1000,1,none,0,0,999000,0,0,False,,False,0,0.0,0,50,3996000,3996000,0,999000
P3_design3_seed1,3,1000000,50,4,5,1000,1,none,0,0,999000,0,0,False,,False,0,0.0,1,50,3996000,3996000,0,999000
P3_design3_seed1,3,1000000,50,4,5,1000,1,none,0,0,999000,0,0,False,,False,0,0.0,2,50,3996000,3996000,0,999000
P3_design3_seed1,3,1000000,50,4,5,1000,1,none,0,0,999000,0,0,False,,False,0,0.0,3,50,3996000,3996000,0,999000
P3_design3_seed1,3,1000000,50,4,5,1000,1,none,0,0,999000,0,0,False,,False,0,0.0,4,50,3996000,3996000,0,999000
P3_design3_seed1,3,1000000,50,4,5,1000,1,basic,999000,999000,999000,0,0,True,0.0,False,0,0.0,0,100,7992000,7992000,0,1998000
P3_design3_seed1,3,1000000,50,4,5,1000,1,basic,0,0,999000,0,0,False,,True,0,0.0,1,50,3996000,3996000,0,999000
P3_design3_seed1,3,1000000,50,4,5,1000,1,basic,0,0,999000,0,0,False,,True,0,0.0,2,50,3996000,3996000,0,999000
P3_design3_seed1,3,1000000,50,4,5,1000,1,basic,0,0,999000,0,0,False,,True,0,0.0,3,50,3996000,3996000,0,999000
P3_design3_seed1,3,1000000,50,4,5,1000,1,basic,0,0,999000,0,0,False,,True,0,0.0,4,50,3996000,3996000,0,999000
P3_design3_seed1,3,1000000,50,4,5,1000,1,runnerup,999000,999000,999000,0,0,True,0.0,False,0,0.0,0,100,7992000,7992000,0,1998000
P3_design3_seed1,3,1000000,50,4,5,1000,1,runnerup,0,0,999000,0,0,False,,True,0,0.0,1,50,3996000,3996000,0,999000
P3_design3_seed1,3,1000000,50,4,5,1000,1,runnerup,0,0,999000,0,0,False,,True,0,0.0,2,50,3996000,3996000,0,999000
P3_design3_seed1,3,1000000,50,4,5,1000,1,runnerup,0,0,999000,0,0,False,,True,0,0.0,3,50,3996000,3996000,0,999000
P3_design3_seed1,3,1000000,50,4,5,1000,1,runnerup,0,0,999000,0,0,False,,True,0,0.0,4,50,3996000,3996000,0,999000
P3_design3_seed2,3,1000000,50,4,5,1000,2,fresh,0,0,999000,0,0,False,,False,0,0.0,0,50,3996000,3996000,0,999000
P3_design3_seed2,3,1000000,50,4,5,1000,2,fresh,0,0,999000,0,0,False,,False,0,0.0,1,50,3996000,3996000,0,999000
P3_design3_seed2,3,1000000,50,4,5,1000,2,fresh,0,0,999000,0,0,False,,False,0,0.0,2,50,3996000,3996000,0,999000
P3_design3_seed2,3,1000000,50,4,5,1000,2,fresh,0,0,999000,0,0,False,,False,0,0.0,3,50,3996000,3996000,0,999000
P3_design3_seed2,3,1000000,50,4,5,1000,2,fresh,0,0,999000,0,0,False,,False,0,0.0,4,50,3996000,3996000,0,999000
P3_design3_seed2,3,1000000,50,4,5,1000,2,none,0,0,999000,0,0,False,,False,0,0.0,0,50,3996000,3996000,0,999000
P3_design3_seed2,3,1000000,50,4,5,1000,2,none,0,0,999000,0,0,False,,False,0,0.0,1,50,3996000,3996000,0,999000
P3_design3_seed2,3,1000000,50,4,5,1000,2,none,0,0,999000,0,0,False,,False,0,0.0,2,50,3996000,3996000,0,999000
P3_design3_seed2,3,1000000,50,4,5,1000,2,none,0,0,999000,0,0,False,,False,0,0.0,3,50,3996000,3996000,0,999000
P3_design3_seed2,3,1000000,50,4,5,1000,2,none,0,0,999000,0,0,False,,False,0,0.0,4,50,3996000,3996000,0,999000
P3_design3_seed2,3,1000000,50,4,5,1000,2,basic,999000,999000,999000,0,0,True,0.0,False,0,0.0,0,100,7992000,7992000,0,1998000
P3_design3_seed2,3,1000000,50,4,5,1000,2,basic,0,0,999000,0,0,False,,True,0,0.0,1,50,3996000,3996000,0,999000
P3_design3_seed2,3,1000000,50,4,5,1000,2,basic,0,0,999000,0,0,False,,True,0,0.0,2,50,3996000,3996000,0,999000
P3_design3_seed2,3,1000000,50,4,5,1000,2,basic,0,0,999000,0,0,False,,True,0,0.0,3,50,3996000,3996000,0,999000
P3_design3_seed2,3,1000000,50,4,5,1000,2,basic,0,0,999000,0,0,False,,True,0,0.0,4,50,3996000,3996000,0,999000
P3_design3_seed2,3,1000000,50,4,5,1000,2,runnerup,999000,999000,999000,0,0,True,0.0,False,0,0.0,0,100,7992000,7992000,0,1998000
P3_design3_seed2,3,1000000,50,4,5,1000,2,runnerup,0,0,999000,0,0,False,,True,0,0.0,1,50,3996000,3996000,0,999000
P3_design3_seed2,3,1000000,50,4,5,1000,2,runnerup,0,0,999000,0,0,False,,True,0,0.0,2,50,3996000,3996000,0,999000
P3_design3_seed2,3,1000000,50,4,5,1000,2,runnerup,0,0,999000,0,0,False,,True,0,0.0,3,50,3996000,3996000,0,999000
P3_design3_seed2,3,1000000,50,4,5,1000,2,runnerup,0,0,999000,0,0,False,,True,0,0.0,4,50,3996000,3996000,0,999000
P3_design3_seed3,3,1000000,50,4,5,1000,3,fresh,0,0,999000,0,0,False,,False,0,0.0,0,50,3996000,3996000,0,999000
P3_design3_seed3,3,1000000,50,4,5,1000,3,fresh,0,0,999000,0,0,False,,False,0,0.0,1,50,3996000,3996000,0,999000
P3_design3_seed3,3,1000000,50,4,5,1000,3,fresh,0,0,999000,0,0,False,,False,0,0.0,2,50,3996000,3996000,0,999000
P3_design3_seed3,3,1000000,50,4,5,1000,3,fresh,0,0,999000,0,0,False,,False,0,0.0,3,50,3996000,3996000,0,999000
P3_design3_seed3,3,1000000,50,4,5,1000,3,fresh,0,0,999000,0,0,False,,False,0,0.0,4,50,3996000,3996000,0,999000
P3_design3_seed3,3,1000000,50,4,5,1000,3,none,0,0,999000,0,0,False,,False,0,0.0,0,50,3996000,3996000,0,999000
P3_design3_seed3,3,1000000,50,4,5,1000,3,none,0,0,999000,0,0,False,,False,0,0.0,1,50,3996000,3996000,0,999000
P3_design3_seed3,3,1000000,50,4,5,1000,3,none,0,0,999000,0,0,False,,False,0,0.0,2,50,3996000,3996000,0,999000
P3_design3_seed3,3,1000000,50,4,5,1000,3,none,0,0,999000,0,0,False,,False,0,0.0,3,50,3996000,3996000,0,999000
P3_design3_seed3,3,1000000,50,4,5,1000,3,none,0,0,999000,0,0,False,,False,0,0.0,4,50,3996000,3996000,0,999000
P3_design3_seed3,3,1000000,50,4,5,1000,3,basic,999000,999000,999000,0,0,True,0.0,False,0,0.0,0,100,7992000,7992000,0,1998000
P3_design3_seed3,3,1000000,50,4,5,1000,3,basic,0,0,999000,0,0,False,,True,0,0.0,1,50,3996000,3996000,0,999000
P3_design3_seed3,3,1000000,50,4,5,1000,3,basic,0,0,999000,0,0,False,,True,0,0.0,2,50,3996000,3996000,0,999000
P3_design3_seed3,3,1000000,50,4,5,1000,3,basic,0,0,999000,0,0,False,,True,0,0.0,3,50,3996000,3996000,0,999000
P3_design3_seed3,3,1000000,50,4,5,1000,3,basic,0,0,999000,0,0,False,,True,0,0.0,4,50,3996000,3996000,0,999000
P3_design3_seed3,3,1000000,50,4,5,1000,3,runnerup,999000,999000,999000,0,0,True,0.0,False,0,0.0,0,100,7992000,7992000,0,1998000
P3_design3_seed3,3,1000000,50,4,5,1000,3,runnerup,0,0,999000,0,0,False,,True,0,0.0,1,50,3996000,3996000,0,999000
P3_design3_seed3,3,1000000,50,4,5,1000,3,runnerup,0,0,999000,0,0,False,,True,0,0.0,2,50,3996000,3996000,0,999000
P3_design3_seed3,3,1000000,50,4,5,1000,3,runnerup,0,0,999000,0,0,False,,True,0,0.0,3,50,3996000,3996000,0,999000
P3_design3_seed3,3,1000000,50,4,5,1000,3,runnerup,0,0,999000,0,0,False,,True,0,0.0,4,50,3996000,3996000,0,999000
P3_design3_seed4,3,1000000,50,4,5,1000,4,fresh,0,0,999000,0,0,False,,False,0,0.0,0,50,3996000,3996000,0,999000
P3_design3_seed4,3,1000000,50,4,5,1000,4,fresh,0,0,999000,0,0,False,,False,0,0.0,1,50,3996000,3996000,0,999000
P3_design3_seed4,3,1000000,50,4,5,1000,4,fresh,0,0,999000,0,0,False,,False,0,0.0,2,50,3996000,3996000,0,999000
P3_design3_seed4,3,1000000,50,4,5,1000,4,fresh,0,0,999000,0,0,False,,False,0,0.0,3,50,3996000,3996000,0,999000
P3_design3_seed4,3,1000000,50,4,5,1000,4,fresh,0,0,999000,0,0,False,,False,0,0.0,4,50,3996000,3996000,0,999000
P3_design3_seed4,3,1000000,50,4,5,1000,4,none,0,0,999000,0,0,False,,False,0,0.0,0,50,3996000,3996000,0,999000
P3_design3_seed4,3,1000000,50,4,5,1000,4,none,0,0,999000,0,0,False,,False,0,0.0,1,50,3996000,3996000,0,999000
P3_design3_seed4,3,1000000,50,4,5,1000,4,none,0,0,999000,0,0,False,,False,0,0.0,2,50,3996000,3996000,0,999000
P3_design3_seed4,3,1000000,50,4,5,1000,4,none,0,0,999000,0,0,False,,False,0,0.0,3,50,3996000,3996000,0,999000
P3_design3_seed4,3,1000000,50,4,5,1000,4,none,0,0,999000,0,0,False,,False,0,0.0,4,50,3996000,3996000,0,999000
P3_design3_seed4,3,1000000,50,4,5,1000,4,basic,999000,999000,999000,0,0,True,0.0,False,0,0.0,0,100,7992000,7992000,0,1998000
P3_design3_seed4,3,1000000,50,4,5,1000,4,basic,0,0,999000,0,0,False,,True,0,0.0,1,50,3996000,3996000,0,999000
P3_design3_seed4,3,1000000,50,4,5,1000,4,basic,0,0,999000,0,0,False,,True,0,0.0,2,50,3996000,3996000,0,999000
P3_design3_seed4,3,1000000,50,4,5,1000,4,basic,0,0,999000,0,0,False,,True,0,0.0,3,50,3996000,3996000,0,999000
P3_design3_seed4,3,1000000,50,4,5,1000,4,basic,0,0,999000,0,0,False,,True,0,0.0,4,50,3996000,3996000,0,999000
P3_design3_seed4,3,1000000,50,4,5,1000,4,runnerup,999000,999000,999000,0,0,True,0.0,False,0,0.0,0,100,7992000,7992000,0,1998000
P3_design3_seed4,3,1000000,50,4,5,1000,4,runnerup,0,0,999000,0,0,False,,True,0,0.0,1,50,3996000,3996000,0,999000
P3_design3_seed4,3,1000000,50,4,5,1000,4,runnerup,0,0,999000,0,0,False,,True,0,0.0,2,50,3996000,3996000,0,999000
P3_design3_seed4,3,1000000,50,4,5,1000,4,runnerup,0,0,999000,0,0,False,,True,0,0.0,3,50,3996000,3996000,0,999000
P3_design3_seed4,3,1000000,50,4,5,1000,4,runnerup,0,0,999000,0,0,False,,True,0,0.0,4,50,3996000,3996000,0,999000
P3_design4_seed0,4,100000,10,4,5,100,0,fresh,0,0,99900,0,0,False,,False,0,0.0,0,10,399600,399600,0,99900
P3_design4_seed0,4,100000,10,4,5,100,0,fresh,0,0,99900,0,0,False,,False,0,0.0,1,10,399600,399600,0,99900
P3_design4_seed0,4,100000,10,4,5,100,0,fresh,0,0,99900,0,0,False,,False,0,0.0,2,10,399600,399600,0,99900
P3_design4_seed0,4,100000,10,4,5,100,0,fresh,0,0,99900,0,0,False,,False,0,0.0,3,10,399600,399600,0,99900
P3_design4_seed0,4,100000,10,4,5,100,0,fresh,0,0,99900,0,0,False,,False,0,0.0,4,10,399600,399600,0,99900
P3_design4_seed0,4,100000,10,4,5,100,0,none,0,0,99900,0,0,False,,False,0,0.0,0,10,399600,399600,0,99900
P3_design4_seed0,4,100000,10,4,5,100,0,none,0,0,99900,0,0,False,,False,0,0.0,1,10,399600,399600,0,99900
P3_design4_seed0,4,100000,10,4,5,100,0,none,0,0,99900,0,0,False,,False,0,0.0,2,10,399600,399600,0,99900
P3_design4_seed0,4,100000,10,4,5,100,0,none,0,0,99900,0,0,False,,False,0,0.0,3,10,399600,399600,0,99900
P3_design4_seed0,4,100000,10,4,5,100,0,none,0,0,99900,0,0,False,,False,0,0.0,4,10,399600,399600,0,99900
P3_design4_seed0,4,100000,10,4,5,100,0,basic,99900,99900,99900,0,0,True,0.0,False,0,0.0,0,20,799200,799200,0,199800
P3_design4_seed0,4,100000,10,4,5,100,0,basic,0,0,99900,0,0,False,,True,0,0.0,1,10,399600,399600,0,99900
P3_design4_seed0,4,100000,10,4,5,100,0,basic,0,0,99900,0,0,False,,True,0,0.0,2,10,399600,399600,0,99900
P3_design4_seed0,4,100000,10,4,5,100,0,basic,0,0,99900,0,0,False,,True,0,0.0,3,10,399600,399600,0,99900
P3_design4_seed0,4,100000,10,4,5,100,0,basic,0,0,99900,0,0,False,,True,0,0.0,4,10,399600,399600,0,99900
P3_design4_seed0,4,100000,10,4,5,100,0,runnerup,99900,99900,99900,0,0,True,0.0,False,0,0.0,0,20,799200,799200,0,199800
P3_design4_seed0,4,100000,10,4,5,100,0,runnerup,0,0,99900,0,0,False,,True,0,0.0,1,10,399600,399600,0,99900
P3_design4_seed0,4,100000,10,4,5,100,0,runnerup,0,0,99900,0,0,False,,True,0,0.0,2,10,399600,399600,0,99900
P3_design4_seed0,4,100000,10,4,5,100,0,runnerup,0,0,99900,0,0,False,,True,0,0.0,3,10,399600,399600,0,99900
P3_design4_seed0,4,100000,10,4,5,100,0,runnerup,0,0,99900,0,0,False,,True,0,0.0,4,10,399600,399600,0,99900
P3_design4_seed1,4,100000,10,4,5,100,1,fresh,0,0,99900,0,0,False,,False,0,0.0,0,10,399600,399600,0,99900
P3_design4_seed1,4,100000,10,4,5,100,1,fresh,0,0,99900,0,0,False,,False,0,0.0,1,10,399600,399600,0,99900
P3_design4_seed1,4,100000,10,4,5,100,1,fresh,0,0,99900,0,0,False,,False,0,0.0,2,10,399600,399600,0,99900
P3_design4_seed1,4,100000,10,4,5,100,1,fresh,0,0,99900,0,0,False,,False,0,0.0,3,10,399600,399600,0,99900
P3_design4_seed1,4,100000,10,4,5,100,1,fresh,0,0,99900,0,0,False,,False,0,0.0,4,10,399600,399600,0,99900
P3_design4_seed1,4,100000,10,4,5,100,1,none,0,0,99900,0,0,False,,False,0,0.0,0,10,399600,399600,0,99900
P3_design4_seed1,4,100000,10,4,5,100,1,none,0,0,99900,0,0,False,,False,0,0.0,1,10,399600,399600,0,99900
P3_design4_seed1,4,100000,10,4,5,100,1,none,0,0,99900,0,0,False,,False,0,0.0,2,10,399600,399600,0,99900
P3_design4_seed1,4,100000,10,4,5,100,1,none,0,0,99900,0,0,False,,False,0,0.0,3,10,399600,399600,0,99900
P3_design4_seed1,4,100000,10,4,5,100,1,none,0,0,99900,0,0,False,,False,0,0.0,4,10,399600,399600,0,99900
P3_design4_seed1,4,100000,10,4,5,100,1,basic,99900,99900,99900,0,0,True,0.0,False,0,0.0,0,20,799200,799200,0,199800
P3_design4_seed1,4,100000,10,4,5,100,1,basic,0,0,99900,0,0,False,,True,0,0.0,1,10,399600,399600,0,99900
P3_design4_seed1,4,100000,10,4,5,100,1,basic,0,0,99900,0,0,False,,True,0,0.0,2,10,399600,399600,0,99900
P3_design4_seed1,4,100000,10,4,5,100,1,basic,0,0,99900,0,0,False,,True,0,0.0,3,10,399600,399600,0,99900
P3_design4_seed1,4,100000,10,4,5,100,1,basic,0,0,99900,0,0,False,,True,0,0.0,4,10,399600,399600,0,99900
P3_design4_seed1,4,100000,10,4,5,100,1,runnerup,99900,99900,99900,0,0,True,0.0,False,0,0.0,0,20,799200,799200,0,199800
P3_design4_seed1,4,100000,10,4,5,100,1,runnerup,0,0,99900,0,0,False,,True,0,0.0,1,10,399600,399600,0,99900
P3_design4_seed1,4,100000,10,4,5,100,1,runnerup,0,0,99900,0,0,False,,True,0,0.0,2,10,399600,399600,0,99900
P3_design4_seed1,4,100000,10,4,5,100,1,runnerup,0,0,99900,0,0,False,,True,0,0.0,3,10,399600,399600,0,99900
P3_design4_seed1,4,100000,10,4,5,100,1,runnerup,0,0,99900,0,0,False,,True,0,0.0,4,10,399600,399600,0,99900
P3_design4_seed2,4,100000,10,4,5,100,2,fresh,0,0,99900,0,0,False,,False,0,0.0,0,10,399600,399600,0,99900
P3_design4_seed2,4,100000,10,4,5,100,2,fresh,0,0,99900,0,0,False,,False,0,0.0,1,10,399600,399600,0,99900
P3_design4_seed2,4,100000,10,4,5,100,2,fresh,0,0,99900,0,0,False,,False,0,0.0,2,10,399600,399600,0,99900
P3_design4_seed2,4,100000,10,4,5,100,2,fresh,0,0,99900,0,0,False,,False,0,0.0,3,10,399600,399600,0,99900
P3_design4_seed2,4,100000,10,4,5,100,2,fresh,0,0,99900,0,0,False,,False,0,0.0,4,10,399600,399600,0,99900
P3_design4_seed2,4,100000,10,4,5,100,2,none,0,0,99900,0,0,False,,False,0,0.0,0,10,399600,399600,0,99900
P3_design4_seed2,4,100000,10,4,5,100,2,none,0,0,99900,0,0,False,,False,0,0.0,1,10,399600,399600,0,99900
P3_design4_seed2,4,100000,10,4,5,100,2,none,0,0,99900,0,0,False,,False,0,0.0,2,10,399600,399600,0,99900
P3_design4_seed2,4,100000,10,4,5,100,2,none,0,0,99900,0,0,False,,False,0,0.0,3,10,399600,399600,0,99900
P3_design4_seed2,4,100000,10,4,5,100,2,none,0,0,99900,0,0,False,,False,0,0.0,4,10,399600,399600,0,99900
P3_design4_seed2,4,100000,10,4,5,100,2,basic,99900,99900,99900,0,0,True,0.0,False,0,0.0,0,20,799200,799200,0,199800
P3_design4_seed2,4,100000,10,4,5,100,2,basic,0,0,99900,0,0,False,,True,0,0.0,1,10,399600,399600,0,99900
P3_design4_seed2,4,100000,10,4,5,100,2,basic,0,0,99900,0,0,False,,True,0,0.0,2,10,399600,399600,0,99900
P3_design4_seed2,4,100000,10,4,5,100,2,basic,0,0,99900,0,0,False,,True,0,0.0,3,10,399600,399600,0,99900
P3_design4_seed2,4,100000,10,4,5,100,2,basic,0,0,99900,0,0,False,,True,0,0.0,4,10,399600,399600,0,99900
P3_design4_seed2,4,100000,10,4,5,100,2,runnerup,99900,99900,99900,0,0,True,0.0,False,0,0.0,0,20,799200,799200,0,199800
P3_design4_seed2,4,100000,10,4,5,100,2,runnerup,0,0,99900,0,0,False,,True,0,0.0,1,10,399600,399600,0,99900
P3_design4_seed2,4,100000,10,4,5,100,2,runnerup,0,0,99900,0,0,False,,True,0,0.0,2,10,399600,399600,0,99900
P3_design4_seed2,4,100000,10,4,5,100,2,runnerup,0,0,99900,0,0,False,,True,0,0.0,3,10,399600,399600,0,99900
P3_design4_seed2,4,100000,10,4,5,100,2,runnerup,0,0,99900,0,0,False,,True,0,0.0,4,10,399600,399600,0,99900
P3_design4_seed3,4,100000,10,4,5,100,3,fresh,0,0,99900,0,0,False,,False,0,0.0,0,10,399600,399600,0,99900
P3_design4_seed3,4,100000,10,4,5,100,3,fresh,0,0,99900,0,0,False,,False,0,0.0,1,10,399600,399600,0,99900
P3_design4_seed3,4,100000,10,4,5,100,3,fresh,0,0,99900,0,0,False,,False,0,0.0,2,10,399600,399600,0,99900
P3_design4_seed3,4,100000,10,4,5,100,3,fresh,0,0,99900,0,0,False,,False,0,0.0,3,10,399600,399600,0,99900
P3_design4_seed3,4,100000,10,4,5,100,3,fresh,0,0,99900,0,0,False,,False,0,0.0,4,10,399600,399600,0,99900
P3_design4_seed3,4,100000,10,4,5,100,3,none,0,0,99900,0,0,False,,False,0,0.0,0,10,399600,399600,0,99900
P3_design4_seed3,4,100000,10,4,5,100,3,none,0,0,99900,0,0,False,,False,0,0.0,1,10,399600,399600,0,99900
P3_design4_seed3,4,100000,10,4,5,100,3,none,0,0,99900,0,0,False,,False,0,0.0,2,10,399600,399600,0,99900
P3_design4_seed3,4,100000,10,4,5,100,3,none,0,0,99900,0,0,False,,False,0,0.0,3,10,399600,399600,0,99900
P3_design4_seed3,4,100000,10,4,5,100,3,none,0,0,99900,0,0,False,,False,0,0.0,4,10,399600,399600,0,99900
P3_design4_seed3,4,100000,10,4,5,100,3,basic,99900,99900,99900,0,0,True,0.0,False,0,0.0,0,20,799200,799200,0,199800
P3_design4_seed3,4,100000,10,4,5,100,3,basic,0,0,99900,0,0,False,,True,0,0.0,1,10,399600,399600,0,99900
P3_design4_seed3,4,100000,10,4,5,100,3,basic,0,0,99900,0,0,False,,True,0,0.0,2,10,399600,399600,0,99900
P3_design4_seed3,4,100000,10,4,5,100,3,basic,0,0,99900,0,0,False,,True,0,0.0,3,10,399600,399600,0,99900
P3_design4_seed3,4,100000,10,4,5,100,3,basic,0,0,99900,0,0,False,,True,0,0.0,4,10,399600,399600,0,99900
P3_design4_seed3,4,100000,10,4,5,100,3,runnerup,99900,99900,99900,0,0,True,0.0,False,0,0.0,0,20,799200,799200,0,199800
P3_design4_seed3,4,100000,10,4,5,100,3,runnerup,0,0,99900,0,0,False,,True,0,0.0,1,10,399600,399600,0,99900
P3_design4_seed3,4,100000,10,4,5,100,3,runnerup,0,0,99900,0,0,False,,True,0,0.0,2,10,399600,399600,0,99900
P3_design4_seed3,4,100000,10,4,5,100,3,runnerup,0,0,99900,0,0,False,,True,0,0.0,3,10,399600,399600,0,99900
P3_design4_seed3,4,100000,10,4,5,100,3,runnerup,0,0,99900,0,0,False,,True,0,0.0,4,10,399600,399600,0,99900
P3_design4_seed4,4,100000,10,4,5,100,4,fresh,0,0,99900,0,0,False,,False,0,0.0,0,10,399600,399600,0,99900
P3_design4_seed4,4,100000,10,4,5,100,4,fresh,0,0,99900,0,0,False,,False,0,0.0,1,10,399600,399600,0,99900
P3_design4_seed4,4,100000,10,4,5,100,4,fresh,0,0,99900,0,0,False,,False,0,0.0,2,10,399600,399600,0,99900
P3_design4_seed4,4,100000,10,4,5,100,4,fresh,0,0,99900,0,0,False,,False,0,0.0,3,10,399600,399600,0,99900
P3_design4_seed4,4,100000,10,4,5,100,4,fresh,0,0,99900,0,0,False,,False,0,0.0,4,10,399600,399600,0,99900
P3_design4_seed4,4,100000,10,4,5,100,4,none,0,0,99900,0,0,False,,False,0,0.0,0,10,399600,399600,0,99900
P3_design4_seed4,4,100000,10,4,5,100,4,none,0,0,99900,0,0,False,,False,0,0.0,1,10,399600,399600,0,99900
P3_design4_seed4,4,100000,10,4,5,100,4,none,0,0,99900,0,0,False,,False,0,0.0,2,10,399600,399600,0,99900
P3_design4_seed4,4,100000,10,4,5,100,4,none,0,0,99900,0,0,False,,False,0,0.0,3,10,399600,399600,0,99900
P3_design4_seed4,4,100000,10,4,5,100,4,none,0,0,99900,0,0,False,,False,0,0.0,4,10,399600,399600,0,99900
P3_design4_seed4,4,100000,10,4,5,100,4,basic,99900,99900,99900,0,0,True,0.0,False,0,0.0,0,20,799200,799200,0,199800
P3_design4_seed4,4,100000,10,4,5,100,4,basic,0,0,99900,0,0,False,,True,0,0.0,1,10,399600,399600,0,99900
P3_design4_seed4,4,100000,10,4,5,100,4,basic,0,0,99900,0,0,False,,True,0,0.0,2,10,399600,399600,0,99900
P3_design4_seed4,4,100000,10,4,5,100,4,basic,0,0,99900,0,0,False,,True,0,0.0,3,10,399600,399600,0,99900
P3_design4_seed4,4,100000,10,4,5,100,4,basic,0,0,99900,0,0,False,,True,0,0.0,4,10,399600,399600,0,99900
P3_design4_seed4,4,100000,10,4,5,100,4,runnerup,99900,99900,99900,0,0,True,0.0,False,0,0.0,0,20,799200,799200,0,199800
P3_design4_seed4,4,100000,10,4,5,100,4,runnerup,0,0,99900,0,0,False,,True,0,0.0,1,10,399600,399600,0,99900
P3_design4_seed4,4,100000,10,4,5,100,4,runnerup,0,0,99900,0,0,False,,True,0,0.0,2,10,399600,399600,0,99900
P3_design4_seed4,4,100000,10,4,5,100,4,runnerup,0,0,99900,0,0,False,,True,0,0.0,3,10,399600,399600,0,99900
P3_design4_seed4,4,100000,10,4,5,100,4,runnerup,0,0,99900,0,0,False,,True,0,0.0,4,10,399600,399600,0,99900
P3_design5_seed0,5,100000,25,4,5,100,0,fresh,0,0,99900,0,0,False,,False,0,0.0,0,25,399600,399600,0,99900
P3_design5_seed0,5,100000,25,4,5,100,0,fresh,0,0,99900,0,0,False,,False,0,0.0,1,25,399600,399600,0,99900
P3_design5_seed0,5,100000,25,4,5,100,0,fresh,0,0,99900,0,0,False,,False,0,0.0,2,25,399600,399600,0,99900
P3_design5_seed0,5,100000,25,4,5,100,0,fresh,0,0,99900,0,0,False,,False,0,0.0,3,25,399600,399600,0,99900
P3_design5_seed0,5,100000,25,4,5,100,0,fresh,0,0,99900,0,0,False,,False,0,0.0,4,25,399600,399600,0,99900
P3_design5_seed0,5,100000,25,4,5,100,0,none,0,0,99900,0,0,False,,False,0,0.0,0,25,399600,399600,0,99900
P3_design5_seed0,5,100000,25,4,5,100,0,none,0,0,99900,0,0,False,,False,0,0.0,1,25,399600,399600,0,99900
P3_design5_seed0,5,100000,25,4,5,100,0,none,0,0,99900,0,0,False,,False,0,0.0,2,25,399600,399600,0,99900
P3_design5_seed0,5,100000,25,4,5,100,0,none,0,0,99900,0,0,False,,False,0,0.0,3,25,399600,399600,0,99900
P3_design5_seed0,5,100000,25,4,5,100,0,none,0,0,99900,0,0,False,,False,0,0.0,4,25,399600,399600,0,99900
P3_design5_seed0,5,100000,25,4,5,100,0,basic,99900,99900,99900,0,0,True,0.0,False,0,0.0,0,50,799200,799200,0,199800
P3_design5_seed0,5,100000,25,4,5,100,0,basic,0,0,99900,0,0,False,,True,0,0.0,1,25,399600,399600,0,99900
P3_design5_seed0,5,100000,25,4,5,100,0,basic,0,0,99900,0,0,False,,True,0,0.0,2,25,399600,399600,0,99900
P3_design5_seed0,5,100000,25,4,5,100,0,basic,0,0,99900,0,0,False,,True,0,0.0,3,25,399600,399600,0,99900
P3_design5_seed0,5,100000,25,4,5,100,0,basic,0,0,99900,0,0,False,,True,0,0.0,4,25,399600,399600,0,99900
P3_design5_seed0,5,100000,25,4,5,100,0,runnerup,99900,99900,99900,0,0,True,0.0,False,0,0.0,0,50,799200,799200,0,199800
P3_design5_seed0,5,100000,25,4,5,100,0,runnerup,0,0,99900,0,0,False,,True,0,0.0,1,25,399600,399600,0,99900
P3_design5_seed0,5,100000,25,4,5,100,0,runnerup,0,0,99900,0,0,False,,True,0,0.0,2,25,399600,399600,0,99900
P3_design5_seed0,5,100000,25,4,5,100,0,runnerup,0,0,99900,0,0,False,,True,0,0.0,3,25,399600,399600,0,99900
P3_design5_seed0,5,100000,25,4,5,100,0,runnerup,0,0,99900,0,0,False,,True,0,0.0,4,25,399600,399600,0,99900
P3_design5_seed1,5,100000,25,4,5,100,1,fresh,0,0,99900,0,0,False,,False,0,0.0,0,25,399600,399600,0,99900
P3_design5_seed1,5,100000,25,4,5,100,1,fresh,0,0,99900,0,0,False,,False,0,0.0,1,25,399600,399600,0,99900
P3_design5_seed1,5,100000,25,4,5,100,1,fresh,0,0,99900,0,0,False,,False,0,0.0,2,25,399600,399600,0,99900
P3_design5_seed1,5,100000,25,4,5,100,1,fresh,0,0,99900,0,0,False,,False,0,0.0,3,25,399600,399600,0,99900
P3_design5_seed1,5,100000,25,4,5,100,1,fresh,0,0,99900,0,0,False,,False,0,0.0,4,25,399600,399600,0,99900
P3_design5_seed1,5,100000,25,4,5,100,1,none,0,0,99900,0,0,False,,False,0,0.0,0,25,399600,399600,0,99900
P3_design5_seed1,5,100000,25,4,5,100,1,none,0,0,99900,0,0,False,,False,0,0.0,1,25,399600,399600,0,99900
P3_design5_seed1,5,100000,25,4,5,100,1,none,0,0,99900,0,0,False,,False,0,0.0,2,25,399600,399600,0,99900
P3_design5_seed1,5,100000,25,4,5,100,1,none,0,0,99900,0,0,False,,False,0,0.0,3,25,399600,399600,0,99900
P3_design5_seed1,5,100000,25,4,5,100,1,none,0,0,99900,0,0,False,,False,0,0.0,4,25,399600,399600,0,99900
P3_design5_seed1,5,100000,25,4,5,100,1,basic,99900,99900,99900,0,0,True,0.0,False,0,0.0,0,50,799200,799200,0,199800
P3_design5_seed1,5,100000,25,4,5,100,1,basic,0,0,99900,0,0,False,,True,0,0.0,1,25,399600,399600,0,99900
P3_design5_seed1,5,100000,25,4,5,100,1,basic,0,0,99900,0,0,False,,True,0,0.0,2,25,399600,399600,0,99900
P3_design5_seed1,5,100000,25,4,5,100,1,basic,0,0,99900,0,0,False,,True,0,0.0,3,25,399600,399600,0,99900
P3_design5_seed1,5,100000,25,4,5,100,1,basic,0,0,99900,0,0,False,,True,0,0.0,4,25,399600,399600,0,99900
P3_design5_seed1,5,100000,25,4,5,100,1,runnerup,99900,99900,99900,0,0,True,0.0,False,0,0.0,0,50,799200,799200,0,199800
P3_design5_seed1,5,100000,25,4,5,100,1,runnerup,0,0,99900,0,0,False,,True,0,0.0,1,25,399600,399600,0,99900
P3_design5_seed1,5,100000,25,4,5,100,1,runnerup,0,0,99900,0,0,False,,True,0,0.0,2,25,399600,399600,0,99900
P3_design5_seed1,5,100000,25,4,5,100,1,runnerup,0,0,99900,0,0,False,,True,0,0.0,3,25,399600,399600,0,99900
P3_design5_seed1,5,100000,25,4,5,100,1,runnerup,0,0,99900,0,0,False,,True,0,0.0,4,25,399600,399600,0,99900
P3_design5_seed2,5,100000,25,4,5,100,2,fresh,0,0,99900,0,0,False,,False,0,0.0,0,25,399600,399600,0,99900
P3_design5_seed2,5,100000,25,4,5,100,2,fresh,0,0,99900,0,0,False,,False,0,0.0,1,25,399600,399600,0,99900
P3_design5_seed2,5,100000,25,4,5,100,2,fresh,0,0,99900,0,0,False,,False,0,0.0,2,25,399600,399600,0,99900
P3_design5_seed2,5,100000,25,4,5,100,2,fresh,0,0,99900,0,0,False,,False,0,0.0,3,25,399600,399600,0,99900
P3_design5_seed2,5,100000,25,4,5,100,2,fresh,0,0,99900,0,0,False,,False,0,0.0,4,25,399600,399600,0,99900
P3_design5_seed2,5,100000,25,4,5,100,2,none,0,0,99900,0,0,False,,False,0,0.0,0,25,399600,399600,0,99900
P3_design5_seed2,5,100000,25,4,5,100,2,none,0,0,99900,0,0,False,,False,0,0.0,1,25,399600,399600,0,99900
P3_design5_seed2,5,100000,25,4,5,100,2,none,0,0,99900,0,0,False,,False,0,0.0,2,25,399600,399600,0,99900
P3_design5_seed2,5,100000,25,4,5,100,2,none,0,0,99900,0,0,False,,False,0,0.0,3,25,399600,399600,0,99900
P3_design5_seed2,5,100000,25,4,5,100,2,none,0,0,99900,0,0,False,,False,0,0.0,4,25,399600,399600,0,99900
P3_design5_seed2,5,100000,25,4,5,100,2,basic,99900,99900,99900,0,0,True,0.0,False,0,0.0,0,50,799200,799200,0,199800
P3_design5_seed2,5,100000,25,4,5,100,2,basic,0,0,99900,0,0,False,,True,0,0.0,1,25,399600,399600,0,99900
P3_design5_seed2,5,100000,25,4,5,100,2,basic,0,0,99900,0,0,False,,True,0,0.0,2,25,399600,399600,0,99900
P3_design5_seed2,5,100000,25,4,5,100,2,basic,0,0,99900,0,0,False,,True,0,0.0,3,25,399600,399600,0,99900
P3_design5_seed2,5,100000,25,4,5,100,2,basic,0,0,99900,0,0,False,,True,0,0.0,4,25,399600,399600,0,99900
P3_design5_seed2,5,100000,25,4,5,100,2,runnerup,99900,99900,99900,0,0,True,0.0,False,0,0.0,0,50,799200,799200,0,199800
P3_design5_seed2,5,100000,25,4,5,100,2,runnerup,0,0,99900,0,0,False,,True,0,0.0,1,25,399600,399600,0,99900
P3_design5_seed2,5,100000,25,4,5,100,2,runnerup,0,0,99900,0,0,False,,True,0,0.0,2,25,399600,399600,0,99900
P3_design5_seed2,5,100000,25,4,5,100,2,runnerup,0,0,99900,0,0,False,,True,0,0.0,3,25,399600,399600,0,99900
P3_design5_seed2,5,100000,25,4,5,100,2,runnerup,0,0,99900,0,0,False,,True,0,0.0,4,25,399600,399600,0,99900
P3_design5_seed3,5,100000,25,4,5,100,3,fresh,0,0,99900,0,0,False,,False,0,0.0,0,25,399600,399600,0,99900
P3_design5_seed3,5,100000,25,4,5,100,3,fresh,0,0,99900,0,0,False,,False,0,0.0,1,25,399600,399600,0,99900
P3_design5_seed3,5,100000,25,4,5,100,3,fresh,0,0,99900,0,0,False,,False,0,0.0,2,25,399600,399600,0,99900
P3_design5_seed3,5,100000,25,4,5,100,3,fresh,0,0,99900,0,0,False,,False,0,0.0,3,25,399600,399600,0,99900
P3_design5_seed3,5,100000,25,4,5,100,3,fresh,0,0,99900,0,0,False,,False,0,0.0,4,25,399600,399600,0,99900
P3_design5_seed3,5,100000,25,4,5,100,3,none,0,0,99900,0,0,False,,False,0,0.0,0,25,399600,399600,0,99900
P3_design5_seed3,5,100000,25,4,5,100,3,none,0,0,99900,0,0,False,,False,0,0.0,1,25,399600,399600,0,99900
P3_design5_seed3,5,100000,25,4,5,100,3,none,0,0,99900,0,0,False,,False,0,0.0,2,25,399600,399600,0,99900
P3_design5_seed3,5,100000,25,4,5,100,3,none,0,0,99900,0,0,False,,False,0,0.0,3,25,399600,399600,0,99900
P3_design5_seed3,5,100000,25,4,5,100,3,none,0,0,99900,0,0,False,,False,0,0.0,4,25,399600,399600,0,99900
P3_design5_seed3,5,100000,25,4,5,100,3,basic,99900,99900,99900,0,0,True,0.0,False,0,0.0,0,50,799200,799200,0,199800
P3_design5_seed3,5,100000,25,4,5,100,3,basic,0,0,99900,0,0,False,,True,0,0.0,1,25,399600,399600,0,99900
P3_design5_seed3,5,100000,25,4,5,100,3,basic,0,0,99900,0,0,False,,True,0,0.0,2,25,399600,399600,0,99900
P3_design5_seed3,5,100000,25,4,5,100,3,basic,0,0,99900,0,0,False,,True,0,0.0,3,25,399600,399600,0,99900
P3_design5_seed3,5,100000,25,4,5,100,3,basic,0,0,99900,0,0,False,,True,0,0.0,4,25,399600,399600,0,99900
P3_design5_seed3,5,100000,25,4,5,100,3,runnerup,99900,99900,99900,0,0,True,0.0,False,0,0.0,0,50,799200,799200,0,199800
P3_design5_seed3,5,100000,25,4,5,100,3,runnerup,0,0,99900,0,0,False,,True,0,0.0,1,25,399600,399600,0,99900
P3_design5_seed3,5,100000,25,4,5,100,3,runnerup,0,0,99900,0,0,False,,True,0,0.0,2,25,399600,399600,0,99900
P3_design5_seed3,5,100000,25,4,5,100,3,runnerup,0,0,99900,0,0,False,,True,0,0.0,3,25,399600,399600,0,99900
P3_design5_seed3,5,100000,25,4,5,100,3,runnerup,0,0,99900,0,0,False,,True,0,0.0,4,25,399600,399600,0,99900
P3_design5_seed4,5,100000,25,4,5,100,4,fresh,0,0,99900,0,0,False,,False,0,0.0,0,25,399600,399600,0,99900
P3_design5_seed4,5,100000,25,4,5,100,4,fresh,0,0,99900,0,0,False,,False,0,0.0,1,25,399600,399600,0,99900
P3_design5_seed4,5,100000,25,4,5,100,4,fresh,0,0,99900,0,0,False,,False,0,0.0,2,25,399600,399600,0,99900
P3_design5_seed4,5,100000,25,4,5,100,4,fresh,0,0,99900,0,0,False,,False,0,0.0,3,25,399600,399600,0,99900
P3_design5_seed4,5,100000,25,4,5,100,4,fresh,0,0,99900,0,0,False,,False,0,0.0,4,25,399600,399600,0,99900
P3_design5_seed4,5,100000,25,4,5,100,4,none,0,0,99900,0,0,False,,False,0,0.0,0,25,399600,399600,0,99900
P3_design5_seed4,5,100000,25,4,5,100,4,none,0,0,99900,0,0,False,,False,0,0.0,1,25,399600,399600,0,99900
P3_design5_seed4,5,100000,25,4,5,100,4,none,0,0,99900,0,0,False,,False,0,0.0,2,25,399600,399600,0,99900
P3_design5_seed4,5,100000,25,4,5,100,4,none,0,0,99900,0,0,False,,False,0,0.0,3,25,399600,399600,0,99900
P3_design5_seed4,5,100000,25,4,5,100,4,none,0,0,99900,0,0,False,,False,0,0.0,4,25,399600,399600,0,99900
P3_design5_seed4,5,100000,25,4,5,100,4,basic,99900,99900,99900,0,0,True,0.0,False,0,0.0,0,50,799200,799200,0,199800
P3_design5_seed4,5,100000,25,4,5,100,4,basic,0,0,99900,0,0,False,,True,0,0.0,1,25,399600,399600,0,99900
P3_design5_seed4,5,100000,25,4,5,100,4,basic,0,0,99900,0,0,False,,True,0,0.0,2,25,399600,399600,0,99900
P3_design5_seed4,5,100000,25,4,5,100,4,basic,0,0,99900,0,0,False,,True,0,0.0,3,25,399600,399600,0,99900
P3_design5_seed4,5,100000,25,4,5,100,4,basic,0,0,99900,0,0,False,,True,0,0.0,4,25,399600,399600,0,99900
P3_design5_seed4,5,100000,25,4,5,100,4,runnerup,99900,99900,99900,0,0,True,0.0,False,0,0.0,0,50,799200,799200,0,199800
P3_design5_seed4,5,100000,25,4,5,100,4,runnerup,0,0,99900,0,0,False,,True,0,0.0,1,25,399600,399600,0,99900
P3_design5_seed4,5,100000,25,4,5,100,4,runnerup,0,0,99900,0,0,False,,True,0,0.0,2,25,399600,399600,0,99900
P3_design5_seed4,5,100000,25,4,5,100,4,runnerup,0,0,99900,0,0,False,,True,0,0.0,3,25,399600,399600,0,99900
P3_design5_seed4,5,100000,25,4,5,100,4,runnerup,0,0,99900,0,0,False,,True,0,0.0,4,25,399600,399600,0,99900
P3_design6_seed0,6,100000,100,4,5,100,0,fresh,0,0,99900,0,0,False,,False,0,0.0,0,100,399600,399600,0,99900
P3_design6_seed0,6,100000,100,4,5,100,0,fresh,0,0,99900,0,0,False,,False,0,0.0,1,100,399600,399600,0,99900
P3_design6_seed0,6,100000,100,4,5,100,0,fresh,0,0,99900,0,0,False,,False,0,0.0,2,100,399600,399600,0,99900
P3_design6_seed0,6,100000,100,4,5,100,0,fresh,0,0,99900,0,0,False,,False,0,0.0,3,100,399600,399600,0,99900
P3_design6_seed0,6,100000,100,4,5,100,0,fresh,0,0,99900,0,0,False,,False,0,0.0,4,100,399600,399600,0,99900
P3_design6_seed0,6,100000,100,4,5,100,0,none,0,0,99900,0,0,False,,False,0,0.0,0,100,399600,399600,0,99900
P3_design6_seed0,6,100000,100,4,5,100,0,none,0,0,99900,0,0,False,,False,0,0.0,1,100,399600,399600,0,99900
P3_design6_seed0,6,100000,100,4,5,100,0,none,0,0,99900,0,0,False,,False,0,0.0,2,100,399600,399600,0,99900
P3_design6_seed0,6,100000,100,4,5,100,0,none,0,0,99900,0,0,False,,False,0,0.0,3,100,399600,399600,0,99900
P3_design6_seed0,6,100000,100,4,5,100,0,none,0,0,99900,0,0,False,,False,0,0.0,4,100,399600,399600,0,99900
P3_design6_seed0,6,100000,100,4,5,100,0,basic,99900,99900,99900,0,0,True,0.0,False,0,0.0,0,200,799200,799200,0,199800
P3_design6_seed0,6,100000,100,4,5,100,0,basic,0,0,99900,0,0,False,,True,0,0.0,1,100,399600,399600,0,99900
P3_design6_seed0,6,100000,100,4,5,100,0,basic,0,0,99900,0,0,False,,True,0,0.0,2,100,399600,399600,0,99900
P3_design6_seed0,6,100000,100,4,5,100,0,basic,0,0,99900,0,0,False,,True,0,0.0,3,100,399600,399600,0,99900
P3_design6_seed0,6,100000,100,4,5,100,0,basic,0,0,99900,0,0,False,,True,0,0.0,4,100,399600,399600,0,99900
P3_design6_seed0,6,100000,100,4,5,100,0,runnerup,99900,99900,99900,0,0,True,0.0,False,0,0.0,0,200,799200,799200,0,199800
P3_design6_seed0,6,100000,100,4,5,100,0,runnerup,0,0,99900,0,0,False,,True,0,0.0,1,100,399600,399600,0,99900
P3_design6_seed0,6,100000,100,4,5,100,0,runnerup,0,0,99900,0,0,False,,True,0,0.0,2,100,399600,399600,0,99900
P3_design6_seed0,6,100000,100,4,5,100,0,runnerup,0,0,99900,0,0,False,,True,0,0.0,3,100,399600,399600,0,99900
P3_design6_seed0,6,100000,100,4,5,100,0,runnerup,0,0,99900,0,0,False,,True,0,0.0,4,100,399600,399600,0,99900
P3_design6_seed1,6,100000,100,4,5,100,1,fresh,0,0,99900,0,0,False,,False,0,0.0,0,100,399600,399600,0,99900
P3_design6_seed1,6,100000,100,4,5,100,1,fresh,0,0,99900,0,0,False,,False,0,0.0,1,100,399600,399600,0,99900
P3_design6_seed1,6,100000,100,4,5,100,1,fresh,0,0,99900,0,0,False,,False,0,0.0,2,100,399600,399600,0,99900
P3_design6_seed1,6,100000,100,4,5,100,1,fresh,0,0,99900,0,0,False,,False,0,0.0,3,100,399600,399600,0,99900
P3_design6_seed1,6,100000,100,4,5,100,1,fresh,0,0,99900,0,0,False,,False,0,0.0,4,100,399600,399600,0,99900
P3_design6_seed1,6,100000,100,4,5,100,1,none,0,0,99900,0,0,False,,False,0,0.0,0,100,399600,399600,0,99900
P3_design6_seed1,6,100000,100,4,5,100,1,none,0,0,99900,0,0,False,,False,0,0.0,1,100,399600,399600,0,99900
P3_design6_seed1,6,100000,100,4,5,100,1,none,0,0,99900,0,0,False,,False,0,0.0,2,100,399600,399600,0,99900
P3_design6_seed1,6,100000,100,4,5,100,1,none,0,0,99900,0,0,False,,False,0,0.0,3,100,399600,399600,0,99900
P3_design6_seed1,6,100000,100,4,5,100,1,none,0,0,99900,0,0,False,,False,0,0.0,4,100,399600,399600,0,99900
P3_design6_seed1,6,100000,100,4,5,100,1,basic,99900,99900,99900,0,0,True,0.0,False,0,0.0,0,200,799200,799200,0,199800
P3_design6_seed1,6,100000,100,4,5,100,1,basic,0,0,99900,0,0,False,,True,0,0.0,1,100,399600,399600,0,99900
P3_design6_seed1,6,100000,100,4,5,100,1,basic,0,0,99900,0,0,False,,True,0,0.0,2,100,399600,399600,0,99900
P3_design6_seed1,6,100000,100,4,5,100,1,basic,0,0,99900,0,0,False,,True,0,0.0,3,100,399600,399600,0,99900
P3_design6_seed1,6,100000,100,4,5,100,1,basic,0,0,99900,0,0,False,,True,0,0.0,4,100,399600,399600,0,99900
P3_design6_seed1,6,100000,100,4,5,100,1,runnerup,99900,99900,99900,0,0,True,0.0,False,0,0.0,0,200,799200,799200,0,199800
P3_design6_seed1,6,100000,100,4,5,100,1,runnerup,0,0,99900,0,0,False,,True,0,0.0,1,100,399600,399600,0,99900
P3_design6_seed1,6,100000,100,4,5,100,1,runnerup,0,0,99900,0,0,False,,True,0,0.0,2,100,399600,399600,0,99900
P3_design6_seed1,6,100000,100,4,5,100,1,runnerup,0,0,99900,0,0,False,,True,0,0.0,3,100,399600,399600,0,99900
P3_design6_seed1,6,100000,100,4,5,100,1,runnerup,0,0,99900,0,0,False,,True,0,0.0,4,100,399600,399600,0,99900
P3_design6_seed2,6,100000,100,4,5,100,2,fresh,0,0,99900,0,0,False,,False,0,0.0,0,100,399600,399600,0,99900
P3_design6_seed2,6,100000,100,4,5,100,2,fresh,0,0,99900,0,0,False,,False,0,0.0,1,100,399600,399600,0,99900
P3_design6_seed2,6,100000,100,4,5,100,2,fresh,0,0,99900,0,0,False,,False,0,0.0,2,100,399600,399600,0,99900
P3_design6_seed2,6,100000,100,4,5,100,2,fresh,0,0,99900,0,0,False,,False,0,0.0,3,100,399600,399600,0,99900
P3_design6_seed2,6,100000,100,4,5,100,2,fresh,0,0,99900,0,0,False,,False,0,0.0,4,100,399600,399600,0,99900
P3_design6_seed2,6,100000,100,4,5,100,2,none,0,0,99900,0,0,False,,False,0,0.0,0,100,399600,399600,0,99900
P3_design6_seed2,6,100000,100,4,5,100,2,none,0,0,99900,0,0,False,,False,0,0.0,1,100,399600,399600,0,99900
P3_design6_seed2,6,100000,100,4,5,100,2,none,0,0,99900,0,0,False,,False,0,0.0,2,100,399600,399600,0,99900
P3_design6_seed2,6,100000,100,4,5,100,2,none,0,0,99900,0,0,False,,False,0,0.0,3,100,399600,399600,0,99900
P3_design6_seed2,6,100000,100,4,5,100,2,none,0,0,99900,0,0,False,,False,0,0.0,4,100,399600,399600,0,99900
P3_design6_seed2,6,100000,100,4,5,100,2,basic,99900,99900,99900,0,0,True,0.0,False,0,0.0,0,200,799200,799200,0,199800
P3_design6_seed2,6,100000,100,4,5,100,2,basic,0,0,99900,0,0,False,,True,0,0.0,1,100,399600,399600,0,99900
P3_design6_seed2,6,100000,100,4,5,100,2,basic,0,0,99900,0,0,False,,True,0,0.0,2,100,399600,399600,0,99900
P3_design6_seed2,6,100000,100,4,5,100,2,basic,0,0,99900,0,0,False,,True,0,0.0,3,100,399600,399600,0,99900
P3_design6_seed2,6,100000,100,4,5,100,2,basic,0,0,99900,0,0,False,,True,0,0.0,4,100,399600,399600,0,99900
P3_design6_seed2,6,100000,100,4,5,100,2,runnerup,99900,99900,99900,0,0,True,0.0,False,0,0.0,0,200,799200,799200,0,199800
P3_design6_seed2,6,100000,100,4,5,100,2,runnerup,0,0,99900,0,0,False,,True,0,0.0,1,100,399600,399600,0,99900
P3_design6_seed2,6,100000,100,4,5,100,2,runnerup,0,0,99900,0,0,False,,True,0,0.0,2,100,399600,399600,0,99900
P3_design6_seed2,6,100000,100,4,5,100,2,runnerup,0,0,99900,0,0,False,,True,0,0.0,3,100,399600,399600,0,99900
P3_design6_seed2,6,100000,100,4,5,100,2,runnerup,0,0,99900,0,0,False,,True,0,0.0,4,100,399600,399600,0,99900
P3_design6_seed3,6,100000,100,4,5,100,3,fresh,0,0,99900,0,0,False,,False,0,0.0,0,100,399600,399600,0,99900
P3_design6_seed3,6,100000,100,4,5,100,3,fresh,0,0,99900,0,0,False,,False,0,0.0,1,100,399600,399600,0,99900
P3_design6_seed3,6,100000,100,4,5,100,3,fresh,0,0,99900,0,0,False,,False,0,0.0,2,100,399600,399600,0,99900
P3_design6_seed3,6,100000,100,4,5,100,3,fresh,0,0,99900,0,0,False,,False,0,0.0,3,100,399600,399600,0,99900
P3_design6_seed3,6,100000,100,4,5,100,3,fresh,0,0,99900,0,0,False,,False,0,0.0,4,100,399600,399600,0,99900
P3_design6_seed3,6,100000,100,4,5,100,3,none,0,0,99900,0,0,False,,False,0,0.0,0,100,399600,399600,0,99900
P3_design6_seed3,6,100000,100,4,5,100,3,none,0,0,99900,0,0,False,,False,0,0.0,1,100,399600,399600,0,99900
P3_design6_seed3,6,100000,100,4,5,100,3,none,0,0,99900,0,0,False,,False,0,0.0,2,100,399600,399600,0,99900
P3_design6_seed3,6,100000,100,4,5,100,3,none,0,0,99900,0,0,False,,False,0,0.0,3,100,399600,399600,0,99900
P3_design6_seed3,6,100000,100,4,5,100,3,none,0,0,99900,0,0,False,,False,0,0.0,4,100,399600,399600,0,99900
P3_design6_seed3,6,100000,100,4,5,100,3,basic,99900,99900,99900,0,0,True,0.0,False,0,0.0,0,200,799200,799200,0,199800
P3_design6_seed3,6,100000,100,4,5,100,3,basic,0,0,99900,0,0,False,,True,0,0.0,1,100,399600,399600,0,99900
P3_design6_seed3,6,100000,100,4,5,100,3,basic,0,0,99900,0,0,False,,True,0,0.0,2,100,399600,399600,0,99900
P3_design6_seed3,6,100000,100,4,5,100,3,basic,0,0,99900,0,0,False,,True,0,0.0,3,100,399600,399600,0,99900
P3_design6_seed3,6,100000,100,4,5,100,3,basic,0,0,99900,0,0,False,,True,0,0.0,4,100,399600,399600,0,99900
P3_design6_seed3,6,100000,100,4,5,100,3,runnerup,99900,99900,99900,0,0,True,0.0,False,0,0.0,0,200,799200,799200,0,199800
P3_design6_seed3,6,100000,100,4,5,100,3,runnerup,0,0,99900,0,0,False,,True,0,0.0,1,100,399600,399600,0,99900
P3_design6_seed3,6,100000,100,4,5,100,3,runnerup,0,0,99900,0,0,False,,True,0,0.0,2,100,399600,399600,0,99900
P3_design6_seed3,6,100000,100,4,5,100,3,runnerup,0,0,99900,0,0,False,,True,0,0.0,3,100,399600,399600,0,99900
P3_design6_seed3,6,100000,100,4,5,100,3,runnerup,0,0,99900,0,0,False,,True,0,0.0,4,100,399600,399600,0,99900
P3_design6_seed4,6,100000,100,4,5,100,4,fresh,0,0,99900,0,0,False,,False,0,0.0,0,100,399600,399600,0,99900
P3_design6_seed4,6,100000,100,4,5,100,4,fresh,0,0,99900,0,0,False,,False,0,0.0,1,100,399600,399600,0,99900
P3_design6_seed4,6,100000,100,4,5,100,4,fresh,0,0,99900,0,0,False,,False,0,0.0,2,100,399600,399600,0,99900
P3_design6_seed4,6,100000,100,4,5,100,4,fresh,0,0,99900,0,0,False,,False,0,0.0,3,100,399600,399600,0,99900
P3_design6_seed4,6,100000,100,4,5,100,4,fresh,0,0,99900,0,0,False,,False,0,0.0,4,100,399600,399600,0,99900
P3_design6_seed4,6,100000,100,4,5,100,4,none,0,0,99900,0,0,False,,False,0,0.0,0,100,399600,399600,0,99900
P3_design6_seed4,6,100000,100,4,5,100,4,none,0,0,99900,0,0,False,,False,0,0.0,1,100,399600,399600,0,99900
P3_design6_seed4,6,100000,100,4,5,100,4,none,0,0,99900,0,0,False,,False,0,0.0,2,100,399600,399600,0,99900
P3_design6_seed4,6,100000,100,4,5,100,4,none,0,0,99900,0,0,False,,False,0,0.0,3,100,399600,399600,0,99900
P3_design6_seed4,6,100000,100,4,5,100,4,none,0,0,99900,0,0,False,,False,0,0.0,4,100,399600,399600,0,99900
P3_design6_seed4,6,100000,100,4,5,100,4,basic,99900,99900,99900,0,0,True,0.0,False,0,0.0,0,200,799200,799200,0,199800
P3_design6_seed4,6,100000,100,4,5,100,4,basic,0,0,99900,0,0,False,,True,0,0.0,1,100,399600,399600,0,99900
P3_design6_seed4,6,100000,100,4,5,100,4,basic,0,0,99900,0,0,False,,True,0,0.0,2,100,399600,399600,0,99900
P3_design6_seed4,6,100000,100,4,5,100,4,basic,0,0,99900,0,0,False,,True,0,0.0,3,100,399600,399600,0,99900
P3_design6_seed4,6,100000,100,4,5,100,4,basic,0,0,99900,0,0,False,,True,0,0.0,4,100,399600,399600,0,99900
P3_design6_seed4,6,100000,100,4,5,100,4,runnerup,99900,99900,99900,0,0,True,0.0,False,0,0.0,0,200,799200,799200,0,199800
P3_design6_seed4,6,100000,100,4,5,100,4,runnerup,0,0,99900,0,0,False,,True,0,0.0,1,100,399600,399600,0,99900
P3_design6_seed4,6,100000,100,4,5,100,4,runnerup,0,0,99900,0,0,False,,True,0,0.0,2,100,399600,399600,0,99900
P3_design6_seed4,6,100000,100,4,5,100,4,runnerup,0,0,99900,0,0,False,,True,0,0.0,3,100,399600,399600,0,99900
P3_design6_seed4,6,100000,100,4,5,100,4,runnerup,0,0,99900,0,0,False,,True,0,0.0,4,100,399600,399600,0,99900
P3_design7_seed0,7,100000,250,4,5,100,0,fresh,0,0,99900,0,0,False,,False,0,0.0,0,250,399600,399600,0,99900
P3_design7_seed0,7,100000,250,4,5,100,0,fresh,0,0,99900,0,0,False,,False,0,0.0,1,250,399600,399600,0,99900
P3_design7_seed0,7,100000,250,4,5,100,0,fresh,0,0,99900,0,0,False,,False,0,0.0,2,250,399600,399600,0,99900
P3_design7_seed0,7,100000,250,4,5,100,0,fresh,0,0,99900,0,0,False,,False,0,0.0,3,250,399600,399600,0,99900
P3_design7_seed0,7,100000,250,4,5,100,0,fresh,0,0,99900,0,0,False,,False,0,0.0,4,250,399600,399600,0,99900
P3_design7_seed0,7,100000,250,4,5,100,0,none,0,0,99900,0,0,False,,False,0,0.0,0,250,399600,399600,0,99900
P3_design7_seed0,7,100000,250,4,5,100,0,none,0,0,99900,0,0,False,,False,0,0.0,1,250,399600,399600,0,99900
P3_design7_seed0,7,100000,250,4,5,100,0,none,0,0,99900,0,0,False,,False,0,0.0,2,250,399600,399600,0,99900
P3_design7_seed0,7,100000,250,4,5,100,0,none,0,0,99900,0,0,False,,False,0,0.0,3,250,399600,399600,0,99900
P3_design7_seed0,7,100000,250,4,5,100,0,none,0,0,99900,0,0,False,,False,0,0.0,4,250,399600,399600,0,99900
P3_design7_seed0,7,100000,250,4,5,100,0,basic,99900,99900,99900,0,0,True,0.0,False,0,0.0,0,500,799200,799200,0,199800
P3_design7_seed0,7,100000,250,4,5,100,0,basic,0,0,99900,0,0,False,,True,0,0.0,1,250,399600,399600,0,99900
P3_design7_seed0,7,100000,250,4,5,100,0,basic,0,0,99900,0,0,False,,True,0,0.0,2,250,399600,399600,0,99900
P3_design7_seed0,7,100000,250,4,5,100,0,basic,0,0,99900,0,0,False,,True,0,0.0,3,250,399600,399600,0,99900
P3_design7_seed0,7,100000,250,4,5,100,0,basic,0,0,99900,0,0,False,,True,0,0.0,4,250,399600,399600,0,99900
P3_design7_seed0,7,100000,250,4,5,100,0,runnerup,99900,99900,99900,0,0,True,0.0,False,0,0.0,0,500,799200,799200,0,199800
P3_design7_seed0,7,100000,250,4,5,100,0,runnerup,0,0,99900,0,0,False,,True,0,0.0,1,250,399600,399600,0,99900
P3_design7_seed0,7,100000,250,4,5,100,0,runnerup,0,0,99900,0,0,False,,True,0,0.0,2,250,399600,399600,0,99900
P3_design7_seed0,7,100000,250,4,5,100,0,runnerup,0,0,99900,0,0,False,,True,0,0.0,3,250,399600,399600,0,99900
P3_design7_seed0,7,100000,250,4,5,100,0,runnerup,0,0,99900,0,0,False,,True,0,0.0,4,250,399600,399600,0,99900
P3_design7_seed1,7,100000,250,4,5,100,1,fresh,0,0,99900,0,0,False,,False,0,0.0,0,250,399600,399600,0,99900
P3_design7_seed1,7,100000,250,4,5,100,1,fresh,0,0,99900,0,0,False,,False,0,0.0,1,250,399600,399600,0,99900
P3_design7_seed1,7,100000,250,4,5,100,1,fresh,0,0,99900,0,0,False,,False,0,0.0,2,250,399600,399600,0,99900
P3_design7_seed1,7,100000,250,4,5,100,1,fresh,0,0,99900,0,0,False,,False,0,0.0,3,250,399600,399600,0,99900
P3_design7_seed1,7,100000,250,4,5,100,1,fresh,0,0,99900,0,0,False,,False,0,0.0,4,250,399600,399600,0,99900
P3_design7_seed1,7,100000,250,4,5,100,1,none,0,0,99900,0,0,False,,False,0,0.0,0,250,399600,399600,0,99900
P3_design7_seed1,7,100000,250,4,5,100,1,none,0,0,99900,0,0,False,,False,0,0.0,1,250,399600,399600,0,99900
P3_design7_seed1,7,100000,250,4,5,100,1,none,0,0,99900,0,0,False,,False,0,0.0,2,250,399600,399600,0,99900
P3_design7_seed1,7,100000,250,4,5,100,1,none,0,0,99900,0,0,False,,False,0,0.0,3,250,399600,399600,0,99900
P3_design7_seed1,7,100000,250,4,5,100,1,none,0,0,99900,0,0,False,,False,0,0.0,4,250,399600,399600,0,99900
P3_design7_seed1,7,100000,250,4,5,100,1,basic,99900,99900,99900,0,0,True,0.0,False,0,0.0,0,500,799200,799200,0,199800
P3_design7_seed1,7,100000,250,4,5,100,1,basic,0,0,99900,0,0,False,,True,0,0.0,1,250,399600,399600,0,99900
P3_design7_seed1,7,100000,250,4,5,100,1,basic,0,0,99900,0,0,False,,True,0,0.0,2,250,399600,399600,0,99900
P3_design7_seed1,7,100000,250,4,5,100,1,basic,0,0,99900,0,0,False,,True,0,0.0,3,250,399600,399600,0,99900
P3_design7_seed1,7,100000,250,4,5,100,1,basic,0,0,99900,0,0,False,,True,0,0.0,4,250,399600,399600,0,99900
P3_design7_seed1,7,100000,250,4,5,100,1,runnerup,99900,99900,99900,0,0,True,0.0,False,0,0.0,0,500,799200,799200,0,199800
P3_design7_seed1,7,100000,250,4,5,100,1,runnerup,0,0,99900,0,0,False,,True,0,0.0,1,250,399600,399600,0,99900
P3_design7_seed1,7,100000,250,4,5,100,1,runnerup,0,0,99900,0,0,False,,True,0,0.0,2,250,399600,399600,0,99900
P3_design7_seed1,7,100000,250,4,5,100,1,runnerup,0,0,99900,0,0,False,,True,0,0.0,3,250,399600,399600,0,99900
P3_design7_seed1,7,100000,250,4,5,100,1,runnerup,0,0,99900,0,0,False,,True,0,0.0,4,250,399600,399600,0,99900
P3_design7_seed2,7,100000,250,4,5,100,2,fresh,0,0,99900,0,0,False,,False,0,0.0,0,250,399600,399600,0,99900
P3_design7_seed2,7,100000,250,4,5,100,2,fresh,0,0,99900,0,0,False,,False,0,0.0,1,250,399600,399600,0,99900
P3_design7_seed2,7,100000,250,4,5,100,2,fresh,0,0,99900,0,0,False,,False,0,0.0,2,250,399600,399600,0,99900
P3_design7_seed2,7,100000,250,4,5,100,2,fresh,0,0,99900,0,0,False,,False,0,0.0,3,250,399600,399600,0,99900
P3_design7_seed2,7,100000,250,4,5,100,2,fresh,0,0,99900,0,0,False,,False,0,0.0,4,250,399600,399600,0,99900
P3_design7_seed2,7,100000,250,4,5,100,2,none,0,0,99900,0,0,False,,False,0,0.0,0,250,399600,399600,0,99900
P3_design7_seed2,7,100000,250,4,5,100,2,none,0,0,99900,0,0,False,,False,0,0.0,1,250,399600,399600,0,99900
P3_design7_seed2,7,100000,250,4,5,100,2,none,0,0,99900,0,0,False,,False,0,0.0,2,250,399600,399600,0,99900
P3_design7_seed2,7,100000,250,4,5,100,2,none,0,0,99900,0,0,False,,False,0,0.0,3,250,399600,399600,0,99900
P3_design7_seed2,7,100000,250,4,5,100,2,none,0,0,99900,0,0,False,,False,0,0.0,4,250,399600,399600,0,99900
P3_design7_seed2,7,100000,250,4,5,100,2,basic,99900,99900,99900,0,0,True,0.0,False,0,0.0,0,500,799200,799200,0,199800
P3_design7_seed2,7,100000,250,4,5,100,2,basic,0,0,99900,0,0,False,,True,0,0.0,1,250,399600,399600,0,99900
P3_design7_seed2,7,100000,250,4,5,100,2,basic,0,0,99900,0,0,False,,True,0,0.0,2,250,399600,399600,0,99900
P3_design7_seed2,7,100000,250,4,5,100,2,basic,0,0,99900,0,0,False,,True,0,0.0,3,250,399600,399600,0,99900
P3_design7_seed2,7,100000,250,4,5,100,2,basic,0,0,99900,0,0,False,,True,0,0.0,4,250,399600,399600,0,99900
P3_design7_seed2,7,100000,250,4,5,100,2,runnerup,99900,99900,99900,0,0,True,0.0,False,0,0.0,0,500,799200,799200,0,199800
P3_design7_seed2,7,100000,250,4,5,100,2,runnerup,0,0,99900,0,0,False,,True,0,0.0,1,250,399600,399600,0,99900
P3_design7_seed2,7,100000,250,4,5,100,2,runnerup,0,0,99900,0,0,False,,True,0,0.0,2,250,399600,399600,0,99900
P3_design7_seed2,7,100000,250,4,5,100,2,runnerup,0,0,99900,0,0,False,,True,0,0.0,3,250,399600,399600,0,99900
P3_design7_seed2,7,100000,250,4,5,100,2,runnerup,0,0,99900,0,0,False,,True,0,0.0,4,250,399600,399600,0,99900
P3_design7_seed3,7,100000,250,4,5,100,3,fresh,0,0,99900,0,0,False,,False,0,0.0,0,250,399600,399600,0,99900
P3_design7_seed3,7,100000,250,4,5,100,3,fresh,0,0,99900,0,0,False,,False,0,0.0,1,250,399600,399600,0,99900
P3_design7_seed3,7,100000,250,4,5,100,3,fresh,0,0,99900,0,0,False,,False,0,0.0,2,250,399600,399600,0,99900
P3_design7_seed3,7,100000,250,4,5,100,3,fresh,0,0,99900,0,0,False,,False,0,0.0,3,250,399600,399600,0,99900
P3_design7_seed3,7,100000,250,4,5,100,3,fresh,0,0,99900,0,0,False,,False,0,0.0,4,250,399600,399600,0,99900
P3_design7_seed3,7,100000,250,4,5,100,3,none,0,0,99900,0,0,False,,False,0,0.0,0,250,399600,399600,0,99900
P3_design7_seed3,7,100000,250,4,5,100,3,none,0,0,99900,0,0,False,,False,0,0.0,1,250,399600,399600,0,99900
P3_design7_seed3,7,100000,250,4,5,100,3,none,0,0,99900,0,0,False,,False,0,0.0,2,250,399600,399600,0,99900
P3_design7_seed3,7,100000,250,4,5,100,3,none,0,0,99900,0,0,False,,False,0,0.0,3,250,399600,399600,0,99900
P3_design7_seed3,7,100000,250,4,5,100,3,none,0,0,99900,0,0,False,,False,0,0.0,4,250,399600,399600,0,99900
P3_design7_seed3,7,100000,250,4,5,100,3,basic,99900,99900,99900,0,0,True,0.0,False,0,0.0,0,500,799200,799200,0,199800
P3_design7_seed3,7,100000,250,4,5,100,3,basic,0,0,99900,0,0,False,,True,0,0.0,1,250,399600,399600,0,99900
P3_design7_seed3,7,100000,250,4,5,100,3,basic,0,0,99900,0,0,False,,True,0,0.0,2,250,399600,399600,0,99900
P3_design7_seed3,7,100000,250,4,5,100,3,basic,0,0,99900,0,0,False,,True,0,0.0,3,250,399600,399600,0,99900
P3_design7_seed3,7,100000,250,4,5,100,3,basic,0,0,99900,0,0,False,,True,0,0.0,4,250,399600,399600,0,99900
P3_design7_seed3,7,100000,250,4,5,100,3,runnerup,99900,99900,99900,0,0,True,0.0,False,0,0.0,0,500,799200,799200,0,199800
P3_design7_seed3,7,100000,250,4,5,100,3,runnerup,0,0,99900,0,0,False,,True,0,0.0,1,250,399600,399600,0,99900
P3_design7_seed3,7,100000,250,4,5,100,3,runnerup,0,0,99900,0,0,False,,True,0,0.0,2,250,399600,399600,0,99900
P3_design7_seed3,7,100000,250,4,5,100,3,runnerup,0,0,99900,0,0,False,,True,0,0.0,3,250,399600,399600,0,99900
P3_design7_seed3,7,100000,250,4,5,100,3,runnerup,0,0,99900,0,0,False,,True,0,0.0,4,250,399600,399600,0,99900
P3_design7_seed4,7,100000,250,4,5,100,4,fresh,0,0,99900,0,0,False,,False,0,0.0,0,250,399600,399600,0,99900
P3_design7_seed4,7,100000,250,4,5,100,4,fresh,0,0,99900,0,0,False,,False,0,0.0,1,250,399600,399600,0,99900
P3_design7_seed4,7,100000,250,4,5,100,4,fresh,0,0,99900,0,0,False,,False,0,0.0,2,250,399600,399600,0,99900
P3_design7_seed4,7,100000,250,4,5,100,4,fresh,0,0,99900,0,0,False,,False,0,0.0,3,250,399600,399600,0,99900
P3_design7_seed4,7,100000,250,4,5,100,4,fresh,0,0,99900,0,0,False,,False,0,0.0,4,250,399600,399600,0,99900
P3_design7_seed4,7,100000,250,4,5,100,4,none,0,0,99900,0,0,False,,False,0,0.0,0,250,399600,399600,0,99900
P3_design7_seed4,7,100000,250,4,5,100,4,none,0,0,99900,0,0,False,,False,0,0.0,1,250,399600,399600,0,99900
P3_design7_seed4,7,100000,250,4,5,100,4,none,0,0,99900,0,0,False,,False,0,0.0,2,250,399600,399600,0,99900
P3_design7_seed4,7,100000,250,4,5,100,4,none,0,0,99900,0,0,False,,False,0,0.0,3,250,399600,399600,0,99900
P3_design7_seed4,7,100000,250,4,5,100,4,none,0,0,99900,0,0,False,,False,0,0.0,4,250,399600,399600,0,99900
P3_design7_seed4,7,100000,250,4,5,100,4,basic,99900,99900,99900,0,0,True,0.0,False,0,0.0,0,500,799200,799200,0,199800
P3_design7_seed4,7,100000,250,4,5,100,4,basic,0,0,99900,0,0,False,,True,0,0.0,1,250,399600,399600,0,99900
P3_design7_seed4,7,100000,250,4,5,100,4,basic,0,0,99900,0,0,False,,True,0,0.0,2,250,399600,399600,0,99900
P3_design7_seed4,7,100000,250,4,5,100,4,basic,0,0,99900,0,0,False,,True,0,0.0,3,250,399600,399600,0,99900
P3_design7_seed4,7,100000,250,4,5,100,4,basic,0,0,99900,0,0,False,,True,0,0.0,4,250,399600,399600,0,99900
P3_design7_seed4,7,100000,250,4,5,100,4,runnerup,99900,99900,99900,0,0,True,0.0,False,0,0.0,0,500,799200,799200,0,199800
P3_design7_seed4,7,100000,250,4,5,100,4,runnerup,0,0,99900,0,0,False,,True,0,0.0,1,250,399600,399600,0,99900
P3_design7_seed4,7,100000,250,4,5,100,4,runnerup,0,0,99900,0,0,False,,True,0,0.0,2,250,399600,399600,0,99900
P3_design7_seed4,7,100000,250,4,5,100,4,runnerup,0,0,99900,0,0,False,,True,0,0.0,3,250,399600,399600,0,99900
P3_design7_seed4,7,100000,250,4,5,100,4,runnerup,0,0,99900,0,0,False,,True,0,0.0,4,250,399600,399600,0,99900
P3_design8_seed0,8,100000,50,8,5,100,0,fresh,0,0,99900,0,0,False,,False,0,0.0,0,50,799200,799200,0,99900
P3_design8_seed0,8,100000,50,8,5,100,0,fresh,0,0,99900,0,0,False,,False,0,0.0,1,50,799200,799200,0,99900
P3_design8_seed0,8,100000,50,8,5,100,0,fresh,0,0,99900,0,0,False,,False,0,0.0,2,50,799200,799200,0,99900
P3_design8_seed0,8,100000,50,8,5,100,0,fresh,0,0,99900,0,0,False,,False,0,0.0,3,50,799200,799200,0,99900
P3_design8_seed0,8,100000,50,8,5,100,0,fresh,0,0,99900,0,0,False,,False,0,0.0,4,50,799200,799200,0,99900
P3_design8_seed0,8,100000,50,8,5,100,0,none,0,0,99900,0,0,False,,False,0,0.0,0,50,799200,799200,0,99900
P3_design8_seed0,8,100000,50,8,5,100,0,none,0,0,99900,0,0,False,,False,0,0.0,1,50,799200,799200,0,99900
P3_design8_seed0,8,100000,50,8,5,100,0,none,0,0,99900,0,0,False,,False,0,0.0,2,50,799200,799200,0,99900
P3_design8_seed0,8,100000,50,8,5,100,0,none,0,0,99900,0,0,False,,False,0,0.0,3,50,799200,799200,0,99900
P3_design8_seed0,8,100000,50,8,5,100,0,none,0,0,99900,0,0,False,,False,0,0.0,4,50,799200,799200,0,99900
P3_design8_seed0,8,100000,50,8,5,100,0,basic,99900,99900,99900,0,0,True,0.0,False,0,0.0,0,100,1598400,1598400,0,199800
P3_design8_seed0,8,100000,50,8,5,100,0,basic,0,0,99900,0,0,False,,True,0,0.0,1,50,799200,799200,0,99900
P3_design8_seed0,8,100000,50,8,5,100,0,basic,0,0,99900,0,0,False,,True,0,0.0,2,50,799200,799200,0,99900
P3_design8_seed0,8,100000,50,8,5,100,0,basic,0,0,99900,0,0,False,,True,0,0.0,3,50,799200,799200,0,99900
P3_design8_seed0,8,100000,50,8,5,100,0,basic,0,0,99900,0,0,False,,True,0,0.0,4,50,799200,799200,0,99900
P3_design8_seed0,8,100000,50,8,5,100,0,runnerup,99900,99900,99900,0,0,True,0.0,False,0,0.0,0,100,1598400,1598400,0,199800
P3_design8_seed0,8,100000,50,8,5,100,0,runnerup,0,0,99900,0,0,False,,True,0,0.0,1,50,799200,799200,0,99900
P3_design8_seed0,8,100000,50,8,5,100,0,runnerup,0,0,99900,0,0,False,,True,0,0.0,2,50,799200,799200,0,99900
P3_design8_seed0,8,100000,50,8,5,100,0,runnerup,0,0,99900,0,0,False,,True,0,0.0,3,50,799200,799200,0,99900
P3_design8_seed0,8,100000,50,8,5,100,0,runnerup,0,0,99900,0,0,False,,True,0,0.0,4,50,799200,799200,0,99900
P3_design8_seed1,8,100000,50,8,5,100,1,fresh,0,0,99900,0,0,False,,False,0,0.0,0,50,799200,799200,0,99900
P3_design8_seed1,8,100000,50,8,5,100,1,fresh,0,0,99900,0,0,False,,False,0,0.0,1,50,799200,799200,0,99900
P3_design8_seed1,8,100000,50,8,5,100,1,fresh,0,0,99900,0,0,False,,False,0,0.0,2,50,799200,799200,0,99900
P3_design8_seed1,8,100000,50,8,5,100,1,fresh,0,0,99900,0,0,False,,False,0,0.0,3,50,799200,799200,0,99900
P3_design8_seed1,8,100000,50,8,5,100,1,fresh,0,0,99900,0,0,False,,False,0,0.0,4,50,799200,799200,0,99900
P3_design8_seed1,8,100000,50,8,5,100,1,none,0,0,99900,0,0,False,,False,0,0.0,0,50,799200,799200,0,99900
P3_design8_seed1,8,100000,50,8,5,100,1,none,0,0,99900,0,0,False,,False,0,0.0,1,50,799200,799200,0,99900
P3_design8_seed1,8,100000,50,8,5,100,1,none,0,0,99900,0,0,False,,False,0,0.0,2,50,799200,799200,0,99900
P3_design8_seed1,8,100000,50,8,5,100,1,none,0,0,99900,0,0,False,,False,0,0.0,3,50,799200,799200,0,99900
P3_design8_seed1,8,100000,50,8,5,100,1,none,0,0,99900,0,0,False,,False,0,0.0,4,50,799200,799200,0,99900
P3_design8_seed1,8,100000,50,8,5,100,1,basic,99900,99900,99900,0,0,True,0.0,False,0,0.0,0,100,1598400,1598400,0,199800
P3_design8_seed1,8,100000,50,8,5,100,1,basic,0,0,99900,0,0,False,,True,0,0.0,1,50,799200,799200,0,99900
P3_design8_seed1,8,100000,50,8,5,100,1,basic,0,0,99900,0,0,False,,True,0,0.0,2,50,799200,799200,0,99900
P3_design8_seed1,8,100000,50,8,5,100,1,basic,0,0,99900,0,0,False,,True,0,0.0,3,50,799200,799200,0,99900
P3_design8_seed1,8,100000,50,8,5,100,1,basic,0,0,99900,0,0,False,,True,0,0.0,4,50,799200,799200,0,99900
P3_design8_seed1,8,100000,50,8,5,100,1,runnerup,99900,99900,99900,0,0,True,0.0,False,0,0.0,0,100,1598400,1598400,0,199800
P3_design8_seed1,8,100000,50,8,5,100,1,runnerup,0,0,99900,0,0,False,,True,0,0.0,1,50,799200,799200,0,99900
P3_design8_seed1,8,100000,50,8,5,100,1,runnerup,0,0,99900,0,0,False,,True,0,0.0,2,50,799200,799200,0,99900
P3_design8_seed1,8,100000,50,8,5,100,1,runnerup,0,0,99900,0,0,False,,True,0,0.0,3,50,799200,799200,0,99900
P3_design8_seed1,8,100000,50,8,5,100,1,runnerup,0,0,99900,0,0,False,,True,0,0.0,4,50,799200,799200,0,99900
P3_design8_seed2,8,100000,50,8,5,100,2,fresh,0,0,99900,0,0,False,,False,0,0.0,0,50,799200,799200,0,99900
P3_design8_seed2,8,100000,50,8,5,100,2,fresh,0,0,99900,0,0,False,,False,0,0.0,1,50,799200,799200,0,99900
P3_design8_seed2,8,100000,50,8,5,100,2,fresh,0,0,99900,0,0,False,,False,0,0.0,2,50,799200,799200,0,99900
P3_design8_seed2,8,100000,50,8,5,100,2,fresh,0,0,99900,0,0,False,,False,0,0.0,3,50,799200,799200,0,99900
P3_design8_seed2,8,100000,50,8,5,100,2,fresh,0,0,99900,0,0,False,,False,0,0.0,4,50,799200,799200,0,99900
P3_design8_seed2,8,100000,50,8,5,100,2,none,0,0,99900,0,0,False,,False,0,0.0,0,50,799200,799200,0,99900
P3_design8_seed2,8,100000,50,8,5,100,2,none,0,0,99900,0,0,False,,False,0,0.0,1,50,799200,799200,0,99900
P3_design8_seed2,8,100000,50,8,5,100,2,none,0,0,99900,0,0,False,,False,0,0.0,2,50,799200,799200,0,99900
P3_design8_seed2,8,100000,50,8,5,100,2,none,0,0,99900,0,0,False,,False,0,0.0,3,50,799200,799200,0,99900
P3_design8_seed2,8,100000,50,8,5,100,2,none,0,0,99900,0,0,False,,False,0,0.0,4,50,799200,799200,0,99900
P3_design8_seed2,8,100000,50,8,5,100,2,basic,99900,99900,99900,0,0,True,0.0,False,0,0.0,0,100,1598400,1598400,0,199800
P3_design8_seed2,8,100000,50,8,5,100,2,basic,0,0,99900,0,0,False,,True,0,0.0,1,50,799200,799200,0,99900
P3_design8_seed2,8,100000,50,8,5,100,2,basic,0,0,99900,0,0,False,,True,0,0.0,2,50,799200,799200,0,99900
P3_design8_seed2,8,100000,50,8,5,100,2,basic,0,0,99900,0,0,False,,True,0,0.0,3,50,799200,799200,0,99900
P3_design8_seed2,8,100000,50,8,5,100,2,basic,0,0,99900,0,0,False,,True,0,0.0,4,50,799200,799200,0,99900
P3_design8_seed2,8,100000,50,8,5,100,2,runnerup,99900,99900,99900,0,0,True,0.0,False,0,0.0,0,100,1598400,1598400,0,199800
P3_design8_seed2,8,100000,50,8,5,100,2,runnerup,0,0,99900,0,0,False,,True,0,0.0,1,50,799200,799200,0,99900
P3_design8_seed2,8,100000,50,8,5,100,2,runnerup,0,0,99900,0,0,False,,True,0,0.0,2,50,799200,799200,0,99900
P3_design8_seed2,8,100000,50,8,5,100,2,runnerup,0,0,99900,0,0,False,,True,0,0.0,3,50,799200,799200,0,99900
P3_design8_seed2,8,100000,50,8,5,100,2,runnerup,0,0,99900,0,0,False,,True,0,0.0,4,50,799200,799200,0,99900
P3_design8_seed3,8,100000,50,8,5,100,3,fresh,0,0,99900,0,0,False,,False,0,0.0,0,50,799200,799200,0,99900
P3_design8_seed3,8,100000,50,8,5,100,3,fresh,0,0,99900,0,0,False,,False,0,0.0,1,50,799200,799200,0,99900
P3_design8_seed3,8,100000,50,8,5,100,3,fresh,0,0,99900,0,0,False,,False,0,0.0,2,50,799200,799200,0,99900
P3_design8_seed3,8,100000,50,8,5,100,3,fresh,0,0,99900,0,0,False,,False,0,0.0,3,50,799200,799200,0,99900
P3_design8_seed3,8,100000,50,8,5,100,3,fresh,0,0,99900,0,0,False,,False,0,0.0,4,50,799200,799200,0,99900
P3_design8_seed3,8,100000,50,8,5,100,3,none,0,0,99900,0,0,False,,False,0,0.0,0,50,799200,799200,0,99900
P3_design8_seed3,8,100000,50,8,5,100,3,none,0,0,99900,0,0,False,,False,0,0.0,1,50,799200,799200,0,99900
P3_design8_seed3,8,100000,50,8,5,100,3,none,0,0,99900,0,0,False,,False,0,0.0,2,50,799200,799200,0,99900
P3_design8_seed3,8,100000,50,8,5,100,3,none,0,0,99900,0,0,False,,False,0,0.0,3,50,799200,799200,0,99900
P3_design8_seed3,8,100000,50,8,5,100,3,none,0,0,99900,0,0,False,,False,0,0.0,4,50,799200,799200,0,99900
P3_design8_seed3,8,100000,50,8,5,100,3,basic,99900,99900,99900,0,0,True,0.0,False,0,0.0,0,100,1598400,1598400,0,199800
P3_design8_seed3,8,100000,50,8,5,100,3,basic,0,0,99900,0,0,False,,True,0,0.0,1,50,799200,799200,0,99900
P3_design8_seed3,8,100000,50,8,5,100,3,basic,0,0,99900,0,0,False,,True,0,0.0,2,50,799200,799200,0,99900
P3_design8_seed3,8,100000,50,8,5,100,3,basic,0,0,99900,0,0,False,,True,0,0.0,3,50,799200,799200,0,99900
P3_design8_seed3,8,100000,50,8,5,100,3,basic,0,0,99900,0,0,False,,True,0,0.0,4,50,799200,799200,0,99900
P3_design8_seed3,8,100000,50,8,5,100,3,runnerup,99900,99900,99900,0,0,True,0.0,False,0,0.0,0,100,1598400,1598400,0,199800
P3_design8_seed3,8,100000,50,8,5,100,3,runnerup,0,0,99900,0,0,False,,True,0,0.0,1,50,799200,799200,0,99900
P3_design8_seed3,8,100000,50,8,5,100,3,runnerup,0,0,99900,0,0,False,,True,0,0.0,2,50,799200,799200,0,99900
P3_design8_seed3,8,100000,50,8,5,100,3,runnerup,0,0,99900,0,0,False,,True,0,0.0,3,50,799200,799200,0,99900
P3_design8_seed3,8,100000,50,8,5,100,3,runnerup,0,0,99900,0,0,False,,True,0,0.0,4,50,799200,799200,0,99900
P3_design8_seed4,8,100000,50,8,5,100,4,fresh,0,0,99900,0,0,False,,False,0,0.0,0,50,799200,799200,0,99900
P3_design8_seed4,8,100000,50,8,5,100,4,fresh,0,0,99900,0,0,False,,False,0,0.0,1,50,799200,799200,0,99900
P3_design8_seed4,8,100000,50,8,5,100,4,fresh,0,0,99900,0,0,False,,False,0,0.0,2,50,799200,799200,0,99900
P3_design8_seed4,8,100000,50,8,5,100,4,fresh,0,0,99900,0,0,False,,False,0,0.0,3,50,799200,799200,0,99900
P3_design8_seed4,8,100000,50,8,5,100,4,fresh,0,0,99900,0,0,False,,False,0,0.0,4,50,799200,799200,0,99900
P3_design8_seed4,8,100000,50,8,5,100,4,none,0,0,99900,0,0,False,,False,0,0.0,0,50,799200,799200,0,99900
P3_design8_seed4,8,100000,50,8,5,100,4,none,0,0,99900,0,0,False,,False,0,0.0,1,50,799200,799200,0,99900
P3_design8_seed4,8,100000,50,8,5,100,4,none,0,0,99900,0,0,False,,False,0,0.0,2,50,799200,799200,0,99900
P3_design8_seed4,8,100000,50,8,5,100,4,none,0,0,99900,0,0,False,,False,0,0.0,3,50,799200,799200,0,99900
P3_design8_seed4,8,100000,50,8,5,100,4,none,0,0,99900,0,0,False,,False,0,0.0,4,50,799200,799200,0,99900
P3_design8_seed4,8,100000,50,8,5,100,4,basic,99900,99900,99900,0,0,True,0.0,False,0,0.0,0,100,1598400,1598400,0,199800
P3_design8_seed4,8,100000,50,8,5,100,4,basic,0,0,99900,0,0,False,,True,0,0.0,1,50,799200,799200,0,99900
P3_design8_seed4,8,100000,50,8,5,100,4,basic,0,0,99900,0,0,False,,True,0,0.0,2,50,799200,799200,0,99900
P3_design8_seed4,8,100000,50,8,5,100,4,basic,0,0,99900,0,0,False,,True,0,0.0,3,50,799200,799200,0,99900
P3_design8_seed4,8,100000,50,8,5,100,4,basic,0,0,99900,0,0,False,,True,0,0.0,4,50,799200,799200,0,99900
P3_design8_seed4,8,100000,50,8,5,100,4,runnerup,99900,99900,99900,0,0,True,0.0,False,0,0.0,0,100,1598400,1598400,0,199800
P3_design8_seed4,8,100000,50,8,5,100,4,runnerup,0,0,99900,0,0,False,,True,0,0.0,1,50,799200,799200,0,99900
P3_design8_seed4,8,100000,50,8,5,100,4,runnerup,0,0,99900,0,0,False,,True,0,0.0,2,50,799200,799200,0,99900
P3_design8_seed4,8,100000,50,8,5,100,4,runnerup,0,0,99900,0,0,False,,True,0,0.0,3,50,799200,799200,0,99900
P3_design8_seed4,8,100000,50,8,5,100,4,runnerup,0,0,99900,0,0,False,,True,0,0.0,4,50,799200,799200,0,99900
P3_design9_seed0,9,100000,50,16,5,100,0,fresh,0,0,99900,0,0,False,,False,0,0.0,0,50,1598400,1598400,0,99900
P3_design9_seed0,9,100000,50,16,5,100,0,fresh,0,0,99900,0,0,False,,False,0,0.0,1,50,1598400,1598400,0,99900
P3_design9_seed0,9,100000,50,16,5,100,0,fresh,0,0,99900,0,0,False,,False,0,0.0,2,50,1598400,1598400,0,99900
P3_design9_seed0,9,100000,50,16,5,100,0,fresh,0,0,99900,0,0,False,,False,0,0.0,3,50,1598400,1598400,0,99900
P3_design9_seed0,9,100000,50,16,5,100,0,fresh,0,0,99900,0,0,False,,False,0,0.0,4,50,1598400,1598400,0,99900
P3_design9_seed0,9,100000,50,16,5,100,0,none,0,0,99900,0,0,False,,False,0,0.0,0,50,1598400,1598400,0,99900
P3_design9_seed0,9,100000,50,16,5,100,0,none,0,0,99900,0,0,False,,False,0,0.0,1,50,1598400,1598400,0,99900
P3_design9_seed0,9,100000,50,16,5,100,0,none,0,0,99900,0,0,False,,False,0,0.0,2,50,1598400,1598400,0,99900
P3_design9_seed0,9,100000,50,16,5,100,0,none,0,0,99900,0,0,False,,False,0,0.0,3,50,1598400,1598400,0,99900
P3_design9_seed0,9,100000,50,16,5,100,0,none,0,0,99900,0,0,False,,False,0,0.0,4,50,1598400,1598400,0,99900
P3_design9_seed0,9,100000,50,16,5,100,0,basic,99900,99900,99900,0,0,True,0.0,False,0,0.0,0,100,3196800,3196800,0,199800
P3_design9_seed0,9,100000,50,16,5,100,0,basic,0,0,99900,0,0,False,,True,0,0.0,1,50,1598400,1598400,0,99900
P3_design9_seed0,9,100000,50,16,5,100,0,basic,0,0,99900,0,0,False,,True,0,0.0,2,50,1598400,1598400,0,99900
P3_design9_seed0,9,100000,50,16,5,100,0,basic,0,0,99900,0,0,False,,True,0,0.0,3,50,1598400,1598400,0,99900
P3_design9_seed0,9,100000,50,16,5,100,0,basic,0,0,99900,0,0,False,,True,0,0.0,4,50,1598400,1598400,0,99900
P3_design9_seed0,9,100000,50,16,5,100,0,runnerup,99900,99900,99900,0,0,True,0.0,False,0,0.0,0,100,3196800,3196800,0,199800
P3_design9_seed0,9,100000,50,16,5,100,0,runnerup,0,0,99900,0,0,False,,True,0,0.0,1,50,1598400,1598400,0,99900
P3_design9_seed0,9,100000,50,16,5,100,0,runnerup,0,0,99900,0,0,False,,True,0,0.0,2,50,1598400,1598400,0,99900
P3_design9_seed0,9,100000,50,16,5,100,0,runnerup,0,0,99900,0,0,False,,True,0,0.0,3,50,1598400,1598400,0,99900
P3_design9_seed0,9,100000,50,16,5,100,0,runnerup,0,0,99900,0,0,False,,True,0,0.0,4,50,1598400,1598400,0,99900
P3_design9_seed1,9,100000,50,16,5,100,1,fresh,0,0,99900,0,0,False,,False,0,0.0,0,50,1598400,1598400,0,99900
P3_design9_seed1,9,100000,50,16,5,100,1,fresh,0,0,99900,0,0,False,,False,0,0.0,1,50,1598400,1598400,0,99900
P3_design9_seed1,9,100000,50,16,5,100,1,fresh,0,0,99900,0,0,False,,False,0,0.0,2,50,1598400,1598400,0,99900
P3_design9_seed1,9,100000,50,16,5,100,1,fresh,0,0,99900,0,0,False,,False,0,0.0,3,50,1598400,1598400,0,99900
P3_design9_seed1,9,100000,50,16,5,100,1,fresh,0,0,99900,0,0,False,,False,0,0.0,4,50,1598400,1598400,0,99900
P3_design9_seed1,9,100000,50,16,5,100,1,none,0,0,99900,0,0,False,,False,0,0.0,0,50,1598400,1598400,0,99900
P3_design9_seed1,9,100000,50,16,5,100,1,none,0,0,99900,0,0,False,,False,0,0.0,1,50,1598400,1598400,0,99900
P3_design9_seed1,9,100000,50,16,5,100,1,none,0,0,99900,0,0,False,,False,0,0.0,2,50,1598400,1598400,0,99900
P3_design9_seed1,9,100000,50,16,5,100,1,none,0,0,99900,0,0,False,,False,0,0.0,3,50,1598400,1598400,0,99900
P3_design9_seed1,9,100000,50,16,5,100,1,none,0,0,99900,0,0,False,,False,0,0.0,4,50,1598400,1598400,0,99900
P3_design9_seed1,9,100000,50,16,5,100,1,basic,99900,99900,99900,0,0,True,0.0,False,0,0.0,0,100,3196800,3196800,0,199800
P3_design9_seed1,9,100000,50,16,5,100,1,basic,0,0,99900,0,0,False,,True,0,0.0,1,50,1598400,1598400,0,99900
P3_design9_seed1,9,100000,50,16,5,100,1,basic,0,0,99900,0,0,False,,True,0,0.0,2,50,1598400,1598400,0,99900
P3_design9_seed1,9,100000,50,16,5,100,1,basic,0,0,99900,0,0,False,,True,0,0.0,3,50,1598400,1598400,0,99900
P3_design9_seed1,9,100000,50,16,5,100,1,basic,0,0,99900,0,0,False,,True,0,0.0,4,50,1598400,1598400,0,99900
P3_design9_seed1,9,100000,50,16,5,100,1,runnerup,99900,99900,99900,0,0,True,0.0,False,0,0.0,0,100,3196800,3196800,0,199800
P3_design9_seed1,9,100000,50,16,5,100,1,runnerup,0,0,99900,0,0,False,,True,0,0.0,1,50,1598400,1598400,0,99900
P3_design9_seed1,9,100000,50,16,5,100,1,runnerup,0,0,99900,0,0,False,,True,0,0.0,2,50,1598400,1598400,0,99900
P3_design9_seed1,9,100000,50,16,5,100,1,runnerup,0,0,99900,0,0,False,,True,0,0.0,3,50,1598400,1598400,0,99900
P3_design9_seed1,9,100000,50,16,5,100,1,runnerup,0,0,99900,0,0,False,,True,0,0.0,4,50,1598400,1598400,0,99900
P3_design9_seed2,9,100000,50,16,5,100,2,fresh,0,0,99900,0,0,False,,False,0,0.0,0,50,1598400,1598400,0,99900
P3_design9_seed2,9,100000,50,16,5,100,2,fresh,0,0,99900,0,0,False,,False,0,0.0,1,50,1598400,1598400,0,99900
P3_design9_seed2,9,100000,50,16,5,100,2,fresh,0,0,99900,0,0,False,,False,0,0.0,2,50,1598400,1598400,0,99900
P3_design9_seed2,9,100000,50,16,5,100,2,fresh,0,0,99900,0,0,False,,False,0,0.0,3,50,1598400,1598400,0,99900
P3_design9_seed2,9,100000,50,16,5,100,2,fresh,0,0,99900,0,0,False,,False,0,0.0,4,50,1598400,1598400,0,99900
P3_design9_seed2,9,100000,50,16,5,100,2,none,0,0,99900,0,0,False,,False,0,0.0,0,50,1598400,1598400,0,99900
P3_design9_seed2,9,100000,50,16,5,100,2,none,0,0,99900,0,0,False,,False,0,0.0,1,50,1598400,1598400,0,99900
P3_design9_seed2,9,100000,50,16,5,100,2,none,0,0,99900,0,0,False,,False,0,0.0,2,50,1598400,1598400,0,99900
P3_design9_seed2,9,100000,50,16,5,100,2,none,0,0,99900,0,0,False,,False,0,0.0,3,50,1598400,1598400,0,99900
P3_design9_seed2,9,100000,50,16,5,100,2,none,0,0,99900,0,0,False,,False,0,0.0,4,50,1598400,1598400,0,99900
P3_design9_seed2,9,100000,50,16,5,100,2,basic,99900,99900,99900,0,0,True,0.0,False,0,0.0,0,100,3196800,3196800,0,199800
P3_design9_seed2,9,100000,50,16,5,100,2,basic,0,0,99900,0,0,False,,True,0,0.0,1,50,1598400,1598400,0,99900
P3_design9_seed2,9,100000,50,16,5,100,2,basic,0,0,99900,0,0,False,,True,0,0.0,2,50,1598400,1598400,0,99900
P3_design9_seed2,9,100000,50,16,5,100,2,basic,0,0,99900,0,0,False,,True,0,0.0,3,50,1598400,1598400,0,99900
P3_design9_seed2,9,100000,50,16,5,100,2,basic,0,0,99900,0,0,False,,True,0,0.0,4,50,1598400,1598400,0,99900
P3_design9_seed2,9,100000,50,16,5,100,2,runnerup,99900,99900,99900,0,0,True,0.0,False,0,0.0,0,100,3196800,3196800,0,199800
P3_design9_seed2,9,100000,50,16,5,100,2,runnerup,0,0,99900,0,0,False,,True,0,0.0,1,50,1598400,1598400,0,99900
P3_design9_seed2,9,100000,50,16,5,100,2,runnerup,0,0,99900,0,0,False,,True,0,0.0,2,50,1598400,1598400,0,99900
P3_design9_seed2,9,100000,50,16,5,100,2,runnerup,0,0,99900,0,0,False,,True,0,0.0,3,50,1598400,1598400,0,99900
P3_design9_seed2,9,100000,50,16,5,100,2,runnerup,0,0,99900,0,0,False,,True,0,0.0,4,50,1598400,1598400,0,99900
P3_design9_seed3,9,100000,50,16,5,100,3,fresh,0,0,99900,0,0,False,,False,0,0.0,0,50,1598400,1598400,0,99900
P3_design9_seed3,9,100000,50,16,5,100,3,fresh,0,0,99900,0,0,False,,False,0,0.0,1,50,1598400,1598400,0,99900
P3_design9_seed3,9,100000,50,16,5,100,3,fresh,0,0,99900,0,0,False,,False,0,0.0,2,50,1598400,1598400,0,99900
P3_design9_seed3,9,100000,50,16,5,100,3,fresh,0,0,99900,0,0,False,,False,0,0.0,3,50,1598400,1598400,0,99900
P3_design9_seed3,9,100000,50,16,5,100,3,fresh,0,0,99900,0,0,False,,False,0,0.0,4,50,1598400,1598400,0,99900
P3_design9_seed3,9,100000,50,16,5,100,3,none,0,0,99900,0,0,False,,False,0,0.0,0,50,1598400,1598400,0,99900
P3_design9_seed3,9,100000,50,16,5,100,3,none,0,0,99900,0,0,False,,False,0,0.0,1,50,1598400,1598400,0,99900
P3_design9_seed3,9,100000,50,16,5,100,3,none,0,0,99900,0,0,False,,False,0,0.0,2,50,1598400,1598400,0,99900
P3_design9_seed3,9,100000,50,16,5,100,3,none,0,0,99900,0,0,False,,False,0,0.0,3,50,1598400,1598400,0,99900
P3_design9_seed3,9,100000,50,16,5,100,3,none,0,0,99900,0,0,False,,False,0,0.0,4,50,1598400,1598400,0,99900
P3_design9_seed3,9,100000,50,16,5,100,3,basic,99900,99900,99900,0,0,True,0.0,False,0,0.0,0,100,3196800,3196800,0,199800
P3_design9_seed3,9,100000,50,16,5,100,3,basic,0,0,99900,0,0,False,,True,0,0.0,1,50,1598400,1598400,0,99900
P3_design9_seed3,9,100000,50,16,5,100,3,basic,0,0,99900,0,0,False,,True,0,0.0,2,50,1598400,1598400,0,99900
P3_design9_seed3,9,100000,50,16,5,100,3,basic,0,0,99900,0,0,False,,True,0,0.0,3,50,1598400,1598400,0,99900
P3_design9_seed3,9,100000,50,16,5,100,3,basic,0,0,99900,0,0,False,,True,0,0.0,4,50,1598400,1598400,0,99900
P3_design9_seed3,9,100000,50,16,5,100,3,runnerup,99900,99900,99900,0,0,True,0.0,False,0,0.0,0,100,3196800,3196800,0,199800
P3_design9_seed3,9,100000,50,16,5,100,3,runnerup,0,0,99900,0,0,False,,True,0,0.0,1,50,1598400,1598400,0,99900
P3_design9_seed3,9,100000,50,16,5,100,3,runnerup,0,0,99900,0,0,False,,True,0,0.0,2,50,1598400,1598400,0,99900
P3_design9_seed3,9,100000,50,16,5,100,3,runnerup,0,0,99900,0,0,False,,True,0,0.0,3,50,1598400,1598400,0,99900
P3_design9_seed3,9,100000,50,16,5,100,3,runnerup,0,0,99900,0,0,False,,True,0,0.0,4,50,1598400,1598400,0,99900
P3_design9_seed4,9,100000,50,16,5,100,4,fresh,0,0,99900,0,0,False,,False,0,0.0,0,50,1598400,1598400,0,99900
P3_design9_seed4,9,100000,50,16,5,100,4,fresh,0,0,99900,0,0,False,,False,0,0.0,1,50,1598400,1598400,0,99900
P3_design9_seed4,9,100000,50,16,5,100,4,fresh,0,0,99900,0,0,False,,False,0,0.0,2,50,1598400,1598400,0,99900
P3_design9_seed4,9,100000,50,16,5,100,4,fresh,0,0,99900,0,0,False,,False,0,0.0,3,50,1598400,1598400,0,99900
P3_design9_seed4,9,100000,50,16,5,100,4,fresh,0,0,99900,0,0,False,,False,0,0.0,4,50,1598400,1598400,0,99900
P3_design9_seed4,9,100000,50,16,5,100,4,none,0,0,99900,0,0,False,,False,0,0.0,0,50,1598400,1598400,0,99900
P3_design9_seed4,9,100000,50,16,5,100,4,none,0,0,99900,0,0,False,,False,0,0.0,1,50,1598400,1598400,0,99900
P3_design9_seed4,9,100000,50,16,5,100,4,none,0,0,99900,0,0,False,,False,0,0.0,2,50,1598400,1598400,0,99900
P3_design9_seed4,9,100000,50,16,5,100,4,none,0,0,99900,0,0,False,,False,0,0.0,3,50,1598400,1598400,0,99900
P3_design9_seed4,9,100000,50,16,5,100,4,none,0,0,99900,0,0,False,,False,0,0.0,4,50,1598400,1598400,0,99900
P3_design9_seed4,9,100000,50,16,5,100,4,basic,99900,99900,99900,0,0,True,0.0,False,0,0.0,0,100,3196800,3196800,0,199800
P3_design9_seed4,9,100000,50,16,5,100,4,basic,0,0,99900,0,0,False,,True,0,0.0,1,50,1598400,1598400,0,99900
P3_design9_seed4,9,100000,50,16,5,100,4,basic,0,0,99900,0,0,False,,True,0,0.0,2,50,1598400,1598400,0,99900
P3_design9_seed4,9,100000,50,16,5,100,4,basic,0,0,99900,0,0,False,,True,0,0.0,3,50,1598400,1598400,0,99900
P3_design9_seed4,9,100000,50,16,5,100,4,basic,0,0,99900,0,0,False,,True,0,0.0,4,50,1598400,1598400,0,99900
P3_design9_seed4,9,100000,50,16,5,100,4,runnerup,99900,99900,99900,0,0,True,0.0,False,0,0.0,0,100,3196800,3196800,0,199800
P3_design9_seed4,9,100000,50,16,5,100,4,runnerup,0,0,99900,0,0,False,,True,0,0.0,1,50,1598400,1598400,0,99900
P3_design9_seed4,9,100000,50,16,5,100,4,runnerup,0,0,99900,0,0,False,,True,0,0.0,2,50,1598400,1598400,0,99900
P3_design9_seed4,9,100000,50,16,5,100,4,runnerup,0,0,99900,0,0,False,,True,0,0.0,3,50,1598400,1598400,0,99900
P3_design9_seed4,9,100000,50,16,5,100,4,runnerup,0,0,99900,0,0,False,,True,0,0.0,4,50,1598400,1598400,0,99900
P3_design10_seed0,10,100000,50,32,5,100,0,fresh,0,0,99900,0,0,False,,False,0,0.0,0,50,3196800,3196800,0,99900
P3_design10_seed0,10,100000,50,32,5,100,0,fresh,0,0,99900,0,0,False,,False,0,0.0,1,50,3196800,3196800,0,99900
P3_design10_seed0,10,100000,50,32,5,100,0,fresh,0,0,99900,0,0,False,,False,0,0.0,2,50,3196800,3196800,0,99900
P3_design10_seed0,10,100000,50,32,5,100,0,fresh,0,0,99900,0,0,False,,False,0,0.0,3,50,3196800,3196800,0,99900
P3_design10_seed0,10,100000,50,32,5,100,0,fresh,0,0,99900,0,0,False,,False,0,0.0,4,50,3196800,3196800,0,99900
P3_design10_seed0,10,100000,50,32,5,100,0,none,0,0,99900,0,0,False,,False,0,0.0,0,50,3196800,3196800,0,99900
P3_design10_seed0,10,100000,50,32,5,100,0,none,0,0,99900,0,0,False,,False,0,0.0,1,50,3196800,3196800,0,99900
P3_design10_seed0,10,100000,50,32,5,100,0,none,0,0,99900,0,0,False,,False,0,0.0,2,50,3196800,3196800,0,99900
P3_design10_seed0,10,100000,50,32,5,100,0,none,0,0,99900,0,0,False,,False,0,0.0,3,50,3196800,3196800,0,99900
P3_design10_seed0,10,100000,50,32,5,100,0,none,0,0,99900,0,0,False,,False,0,0.0,4,50,3196800,3196800,0,99900
P3_design10_seed0,10,100000,50,32,5,100,0,basic,99900,99900,99900,0,0,True,0.0,False,0,0.0,0,100,6393600,6393600,0,199800
P3_design10_seed0,10,100000,50,32,5,100,0,basic,0,0,99900,0,0,False,,True,0,0.0,1,50,3196800,3196800,0,99900
P3_design10_seed0,10,100000,50,32,5,100,0,basic,0,0,99900,0,0,False,,True,0,0.0,2,50,3196800,3196800,0,99900
P3_design10_seed0,10,100000,50,32,5,100,0,basic,0,0,99900,0,0,False,,True,0,0.0,3,50,3196800,3196800,0,99900
P3_design10_seed0,10,100000,50,32,5,100,0,basic,0,0,99900,0,0,False,,True,0,0.0,4,50,3196800,3196800,0,99900
P3_design10_seed0,10,100000,50,32,5,100,0,runnerup,99900,99900,99900,0,0,True,0.0,False,0,0.0,0,100,6393600,6393600,0,199800
P3_design10_seed0,10,100000,50,32,5,100,0,runnerup,0,0,99900,0,0,False,,True,0,0.0,1,50,3196800,3196800,0,99900
P3_design10_seed0,10,100000,50,32,5,100,0,runnerup,0,0,99900,0,0,False,,True,0,0.0,2,50,3196800,3196800,0,99900
P3_design10_seed0,10,100000,50,32,5,100,0,runnerup,0,0,99900,0,0,False,,True,0,0.0,3,50,3196800,3196800,0,99900
P3_design10_seed0,10,100000,50,32,5,100,0,runnerup,0,0,99900,0,0,False,,True,0,0.0,4,50,3196800,3196800,0,99900
P3_design10_seed1,10,100000,50,32,5,100,1,fresh,0,0,99900,0,0,False,,False,0,0.0,0,50,3196800,3196800,0,99900
P3_design10_seed1,10,100000,50,32,5,100,1,fresh,0,0,99900,0,0,False,,False,0,0.0,1,50,3196800,3196800,0,99900
P3_design10_seed1,10,100000,50,32,5,100,1,fresh,0,0,99900,0,0,False,,False,0,0.0,2,50,3196800,3196800,0,99900
P3_design10_seed1,10,100000,50,32,5,100,1,fresh,0,0,99900,0,0,False,,False,0,0.0,3,50,3196800,3196800,0,99900
P3_design10_seed1,10,100000,50,32,5,100,1,fresh,0,0,99900,0,0,False,,False,0,0.0,4,50,3196800,3196800,0,99900
P3_design10_seed1,10,100000,50,32,5,100,1,none,0,0,99900,0,0,False,,False,0,0.0,0,50,3196800,3196800,0,99900
P3_design10_seed1,10,100000,50,32,5,100,1,none,0,0,99900,0,0,False,,False,0,0.0,1,50,3196800,3196800,0,99900
P3_design10_seed1,10,100000,50,32,5,100,1,none,0,0,99900,0,0,False,,False,0,0.0,2,50,3196800,3196800,0,99900
P3_design10_seed1,10,100000,50,32,5,100,1,none,0,0,99900,0,0,False,,False,0,0.0,3,50,3196800,3196800,0,99900
P3_design10_seed1,10,100000,50,32,5,100,1,none,0,0,99900,0,0,False,,False,0,0.0,4,50,3196800,3196800,0,99900
P3_design10_seed1,10,100000,50,32,5,100,1,basic,99900,99900,99900,0,0,True,0.0,False,0,0.0,0,100,6393600,6393600,0,199800
P3_design10_seed1,10,100000,50,32,5,100,1,basic,0,0,99900,0,0,False,,True,0,0.0,1,50,3196800,3196800,0,99900
P3_design10_seed1,10,100000,50,32,5,100,1,basic,0,0,99900,0,0,False,,True,0,0.0,2,50,3196800,3196800,0,99900
P3_design10_seed1,10,100000,50,32,5,100,1,basic,0,0,99900,0,0,False,,True,0,0.0,3,50,3196800,3196800,0,99900
P3_design10_seed1,10,100000,50,32,5,100,1,basic,0,0,99900,0,0,False,,True,0,0.0,4,50,3196800,3196800,0,99900
P3_design10_seed1,10,100000,50,32,5,100,1,runnerup,99900,99900,99900,0,0,True,0.0,False,0,0.0,0,100,6393600,6393600,0,199800
P3_design10_seed1,10,100000,50,32,5,100,1,runnerup,0,0,99900,0,0,False,,True,0,0.0,1,50,3196800,3196800,0,99900
P3_design10_seed1,10,100000,50,32,5,100,1,runnerup,0,0,99900,0,0,False,,True,0,0.0,2,50,3196800,3196800,0,99900
P3_design10_seed1,10,100000,50,32,5,100,1,runnerup,0,0,99900,0,0,False,,True,0,0.0,3,50,3196800,3196800,0,99900
P3_design10_seed1,10,100000,50,32,5,100,1,runnerup,0,0,99900,0,0,False,,True,0,0.0,4,50,3196800,3196800,0,99900
P3_design10_seed2,10,100000,50,32,5,100,2,fresh,0,0,99900,0,0,False,,False,0,0.0,0,50,3196800,3196800,0,99900
P3_design10_seed2,10,100000,50,32,5,100,2,fresh,0,0,99900,0,0,False,,False,0,0.0,1,50,3196800,3196800,0,99900
P3_design10_seed2,10,100000,50,32,5,100,2,fresh,0,0,99900,0,0,False,,False,0,0.0,2,50,3196800,3196800,0,99900
P3_design10_seed2,10,100000,50,32,5,100,2,fresh,0,0,99900,0,0,False,,False,0,0.0,3,50,3196800,3196800,0,99900
P3_design10_seed2,10,100000,50,32,5,100,2,fresh,0,0,99900,0,0,False,,False,0,0.0,4,50,3196800,3196800,0,99900
P3_design10_seed2,10,100000,50,32,5,100,2,none,0,0,99900,0,0,False,,False,0,0.0,0,50,3196800,3196800,0,99900
P3_design10_seed2,10,100000,50,32,5,100,2,none,0,0,99900,0,0,False,,False,0,0.0,1,50,3196800,3196800,0,99900
P3_design10_seed2,10,100000,50,32,5,100,2,none,0,0,99900,0,0,False,,False,0,0.0,2,50,3196800,3196800,0,99900
P3_design10_seed2,10,100000,50,32,5,100,2,none,0,0,99900,0,0,False,,False,0,0.0,3,50,3196800,3196800,0,99900
P3_design10_seed2,10,100000,50,32,5,100,2,none,0,0,99900,0,0,False,,False,0,0.0,4,50,3196800,3196800,0,99900
P3_design10_seed2,10,100000,50,32,5,100,2,basic,99900,99900,99900,0,0,True,0.0,False,0,0.0,0,100,6393600,6393600,0,199800
P3_design10_seed2,10,100000,50,32,5,100,2,basic,0,0,99900,0,0,False,,True,0,0.0,1,50,3196800,3196800,0,99900
P3_design10_seed2,10,100000,50,32,5,100,2,basic,0,0,99900,0,0,False,,True,0,0.0,2,50,3196800,3196800,0,99900
P3_design10_seed2,10,100000,50,32,5,100,2,basic,0,0,99900,0,0,False,,True,0,0.0,3,50,3196800,3196800,0,99900
P3_design10_seed2,10,100000,50,32,5,100,2,basic,0,0,99900,0,0,False,,True,0,0.0,4,50,3196800,3196800,0,99900
P3_design10_seed2,10,100000,50,32,5,100,2,runnerup,99900,99900,99900,0,0,True,0.0,False,0,0.0,0,100,6393600,6393600,0,199800
P3_design10_seed2,10,100000,50,32,5,100,2,runnerup,0,0,99900,0,0,False,,True,0,0.0,1,50,3196800,3196800,0,99900
P3_design10_seed2,10,100000,50,32,5,100,2,runnerup,0,0,99900,0,0,False,,True,0,0.0,2,50,3196800,3196800,0,99900
P3_design10_seed2,10,100000,50,32,5,100,2,runnerup,0,0,99900,0,0,False,,True,0,0.0,3,50,3196800,3196800,0,99900
P3_design10_seed2,10,100000,50,32,5,100,2,runnerup,0,0,99900,0,0,False,,True,0,0.0,4,50,3196800,3196800,0,99900
P3_design10_seed3,10,100000,50,32,5,100,3,fresh,0,0,99900,0,0,False,,False,0,0.0,0,50,3196800,3196800,0,99900
P3_design10_seed3,10,100000,50,32,5,100,3,fresh,0,0,99900,0,0,False,,False,0,0.0,1,50,3196800,3196800,0,99900
P3_design10_seed3,10,100000,50,32,5,100,3,fresh,0,0,99900,0,0,False,,False,0,0.0,2,50,3196800,3196800,0,99900
P3_design10_seed3,10,100000,50,32,5,100,3,fresh,0,0,99900,0,0,False,,False,0,0.0,3,50,3196800,3196800,0,99900
P3_design10_seed3,10,100000,50,32,5,100,3,fresh,0,0,99900,0,0,False,,False,0,0.0,4,50,3196800,3196800,0,99900
P3_design10_seed3,10,100000,50,32,5,100,3,none,0,0,99900,0,0,False,,False,0,0.0,0,50,3196800,3196800,0,99900
P3_design10_seed3,10,100000,50,32,5,100,3,none,0,0,99900,0,0,False,,False,0,0.0,1,50,3196800,3196800,0,99900
P3_design10_seed3,10,100000,50,32,5,100,3,none,0,0,99900,0,0,False,,False,0,0.0,2,50,3196800,3196800,0,99900
P3_design10_seed3,10,100000,50,32,5,100,3,none,0,0,99900,0,0,False,,False,0,0.0,3,50,3196800,3196800,0,99900
P3_design10_seed3,10,100000,50,32,5,100,3,none,0,0,99900,0,0,False,,False,0,0.0,4,50,3196800,3196800,0,99900
P3_design10_seed3,10,100000,50,32,5,100,3,basic,99900,99900,99900,0,0,True,0.0,False,0,0.0,0,100,6393600,6393600,0,199800
P3_design10_seed3,10,100000,50,32,5,100,3,basic,0,0,99900,0,0,False,,True,0,0.0,1,50,3196800,3196800,0,99900
P3_design10_seed3,10,100000,50,32,5,100,3,basic,0,0,99900,0,0,False,,True,0,0.0,2,50,3196800,3196800,0,99900
P3_design10_seed3,10,100000,50,32,5,100,3,basic,0,0,99900,0,0,False,,True,0,0.0,3,50,3196800,3196800,0,99900
P3_design10_seed3,10,100000,50,32,5,100,3,basic,0,0,99900,0,0,False,,True,0,0.0,4,50,3196800,3196800,0,99900
P3_design10_seed3,10,100000,50,32,5,100,3,runnerup,99900,99900,99900,0,0,True,0.0,False,0,0.0,0,100,6393600,6393600,0,199800
P3_design10_seed3,10,100000,50,32,5,100,3,runnerup,0,0,99900,0,0,False,,True,0,0.0,1,50,3196800,3196800,0,99900
P3_design10_seed3,10,100000,50,32,5,100,3,runnerup,0,0,99900,0,0,False,,True,0,0.0,2,50,3196800,3196800,0,99900
P3_design10_seed3,10,100000,50,32,5,100,3,runnerup,0,0,99900,0,0,False,,True,0,0.0,3,50,3196800,3196800,0,99900
P3_design10_seed3,10,100000,50,32,5,100,3,runnerup,0,0,99900,0,0,False,,True,0,0.0,4,50,3196800,3196800,0,99900
P3_design10_seed4,10,100000,50,32,5,100,4,fresh,0,0,99900,0,0,False,,False,0,0.0,0,50,3196800,3196800,0,99900
P3_design10_seed4,10,100000,50,32,5,100,4,fresh,0,0,99900,0,0,False,,False,0,0.0,1,50,3196800,3196800,0,99900
P3_design10_seed4,10,100000,50,32,5,100,4,fresh,0,0,99900,0,0,False,,False,0,0.0,2,50,3196800,3196800,0,99900
P3_design10_seed4,10,100000,50,32,5,100,4,fresh,0,0,99900,0,0,False,,False,0,0.0,3,50,3196800,3196800,0,99900
P3_design10_seed4,10,100000,50,32,5,100,4,fresh,0,0,99900,0,0,False,,False,0,0.0,4,50,3196800,3196800,0,99900
P3_design10_seed4,10,100000,50,32,5,100,4,none,0,0,99900,0,0,False,,False,0,0.0,0,50,3196800,3196800,0,99900
P3_design10_seed4,10,100000,50,32,5,100,4,none,0,0,99900,0,0,False,,False,0,0.0,1,50,3196800,3196800,0,99900
P3_design10_seed4,10,100000,50,32,5,100,4,none,0,0,99900,0,0,False,,False,0,0.0,2,50,3196800,3196800,0,99900
P3_design10_seed4,10,100000,50,32,5,100,4,none,0,0,99900,0,0,False,,False,0,0.0,3,50,3196800,3196800,0,99900
P3_design10_seed4,10,100000,50,32,5,100,4,none,0,0,99900,0,0,False,,False,0,0.0,4,50,3196800,3196800,0,99900
P3_design10_seed4,10,100000,50,32,5,100,4,basic,99900,99900,99900,0,0,True,0.0,False,0,0.0,0,100,6393600,6393600,0,199800
P3_design10_seed4,10,100000,50,32,5,100,4,basic,0,0,99900,0,0,False,,True,0,0.0,1,50,3196800,3196800,0,99900
P3_design10_seed4,10,100000,50,32,5,100,4,basic,0,0,99900,0,0,False,,True,0,0.0,2,50,3196800,3196800,0,99900
P3_design10_seed4,10,100000,50,32,5,100,4,basic,0,0,99900,0,0,False,,True,0,0.0,3,50,3196800,3196800,0,99900
P3_design10_seed4,10,100000,50,32,5,100,4,basic,0,0,99900,0,0,False,,True,0,0.0,4,50,3196800,3196800,0,99900
P3_design10_seed4,10,100000,50,32,5,100,4,runnerup,99900,99900,99900,0,0,True,0.0,False,0,0.0,0,100,6393600,6393600,0,199800
P3_design10_seed4,10,100000,50,32,5,100,4,runnerup,0,0,99900,0,0,False,,True,0,0.0,1,50,3196800,3196800,0,99900
P3_design10_seed4,10,100000,50,32,5,100,4,runnerup,0,0,99900,0,0,False,,True,0,0.0,2,50,3196800,3196800,0,99900
P3_design10_seed4,10,100000,50,32,5,100,4,runnerup,0,0,99900,0,0,False,,True,0,0.0,3,50,3196800,3196800,0,99900
P3_design10_seed4,10,100000,50,32,5,100,4,runnerup,0,0,99900,0,0,False,,True,0,0.0,4,50,3196800,3196800,0,99900
P3_design11_seed0,11,100000,50,64,5,100,0,fresh,0,0,99900,0,0,False,,False,0,0.0,0,50,6393600,6393600,0,99900
P3_design11_seed0,11,100000,50,64,5,100,0,fresh,0,0,99900,0,0,False,,False,0,0.0,1,50,6393600,6393600,0,99900
P3_design11_seed0,11,100000,50,64,5,100,0,fresh,0,0,99900,0,0,False,,False,0,0.0,2,50,6393600,6393600,0,99900
P3_design11_seed0,11,100000,50,64,5,100,0,fresh,0,0,99900,0,0,False,,False,0,0.0,3,50,6393600,6393600,0,99900
P3_design11_seed0,11,100000,50,64,5,100,0,fresh,0,0,99900,0,0,False,,False,0,0.0,4,50,6393600,6393600,0,99900
P3_design11_seed0,11,100000,50,64,5,100,0,none,0,0,99900,0,0,False,,False,0,0.0,0,50,6393600,6393600,0,99900
P3_design11_seed0,11,100000,50,64,5,100,0,none,0,0,99900,0,0,False,,False,0,0.0,1,50,6393600,6393600,0,99900
P3_design11_seed0,11,100000,50,64,5,100,0,none,0,0,99900,0,0,False,,False,0,0.0,2,50,6393600,6393600,0,99900
P3_design11_seed0,11,100000,50,64,5,100,0,none,0,0,99900,0,0,False,,False,0,0.0,3,50,6393600,6393600,0,99900
P3_design11_seed0,11,100000,50,64,5,100,0,none,0,0,99900,0,0,False,,False,0,0.0,4,50,6393600,6393600,0,99900
P3_design11_seed0,11,100000,50,64,5,100,0,basic,99900,99900,99900,0,0,True,0.0,False,0,0.0,0,100,12787200,12787200,0,199800
P3_design11_seed0,11,100000,50,64,5,100,0,basic,0,0,99900,0,0,False,,True,0,0.0,1,50,6393600,6393600,0,99900
P3_design11_seed0,11,100000,50,64,5,100,0,basic,0,0,99900,0,0,False,,True,0,0.0,2,50,6393600,6393600,0,99900
P3_design11_seed0,11,100000,50,64,5,100,0,basic,0,0,99900,0,0,False,,True,0,0.0,3,50,6393600,6393600,0,99900
P3_design11_seed0,11,100000,50,64,5,100,0,basic,0,0,99900,0,0,False,,True,0,0.0,4,50,6393600,6393600,0,99900
P3_design11_seed0,11,100000,50,64,5,100,0,runnerup,99900,99900,99900,0,0,True,0.0,False,0,0.0,0,100,12787200,12787200,0,199800
P3_design11_seed0,11,100000,50,64,5,100,0,runnerup,0,0,99900,0,0,False,,True,0,0.0,1,50,6393600,6393600,0,99900
P3_design11_seed0,11,100000,50,64,5,100,0,runnerup,0,0,99900,0,0,False,,True,0,0.0,2,50,6393600,6393600,0,99900
P3_design11_seed0,11,100000,50,64,5,100,0,runnerup,0,0,99900,0,0,False,,True,0,0.0,3,50,6393600,6393600,0,99900
P3_design11_seed0,11,100000,50,64,5,100,0,runnerup,0,0,99900,0,0,False,,True,0,0.0,4,50,6393600,6393600,0,99900
P3_design11_seed1,11,100000,50,64,5,100,1,fresh,0,0,99900,0,0,False,,False,0,0.0,0,50,6393600,6393600,0,99900
P3_design11_seed1,11,100000,50,64,5,100,1,fresh,0,0,99900,0,0,False,,False,0,0.0,1,50,6393600,6393600,0,99900
P3_design11_seed1,11,100000,50,64,5,100,1,fresh,0,0,99900,0,0,False,,False,0,0.0,2,50,6393600,6393600,0,99900
P3_design11_seed1,11,100000,50,64,5,100,1,fresh,0,0,99900,0,0,False,,False,0,0.0,3,50,6393600,6393600,0,99900
P3_design11_seed1,11,100000,50,64,5,100,1,fresh,0,0,99900,0,0,False,,False,0,0.0,4,50,6393600,6393600,0,99900
P3_design11_seed1,11,100000,50,64,5,100,1,none,0,0,99900,0,0,False,,False,0,0.0,0,50,6393600,6393600,0,99900
P3_design11_seed1,11,100000,50,64,5,100,1,none,0,0,99900,0,0,False,,False,0,0.0,1,50,6393600,6393600,0,99900
P3_design11_seed1,11,100000,50,64,5,100,1,none,0,0,99900,0,0,False,,False,0,0.0,2,50,6393600,6393600,0,99900
P3_design11_seed1,11,100000,50,64,5,100,1,none,0,0,99900,0,0,False,,False,0,0.0,3,50,6393600,6393600,0,99900
P3_design11_seed1,11,100000,50,64,5,100,1,none,0,0,99900,0,0,False,,False,0,0.0,4,50,6393600,6393600,0,99900
P3_design11_seed1,11,100000,50,64,5,100,1,basic,99900,99900,99900,0,0,True,0.0,False,0,0.0,0,100,12787200,12787200,0,199800
P3_design11_seed1,11,100000,50,64,5,100,1,basic,0,0,99900,0,0,False,,True,0,0.0,1,50,6393600,6393600,0,99900
P3_design11_seed1,11,100000,50,64,5,100,1,basic,0,0,99900,0,0,False,,True,0,0.0,2,50,6393600,6393600,0,99900
P3_design11_seed1,11,100000,50,64,5,100,1,basic,0,0,99900,0,0,False,,True,0,0.0,3,50,6393600,6393600,0,99900
P3_design11_seed1,11,100000,50,64,5,100,1,basic,0,0,99900,0,0,False,,True,0,0.0,4,50,6393600,6393600,0,99900
P3_design11_seed1,11,100000,50,64,5,100,1,runnerup,99900,99900,99900,0,0,True,0.0,False,0,0.0,0,100,12787200,12787200,0,199800
P3_design11_seed1,11,100000,50,64,5,100,1,runnerup,0,0,99900,0,0,False,,True,0,0.0,1,50,6393600,6393600,0,99900
P3_design11_seed1,11,100000,50,64,5,100,1,runnerup,0,0,99900,0,0,False,,True,0,0.0,2,50,6393600,6393600,0,99900
P3_design11_seed1,11,100000,50,64,5,100,1,runnerup,0,0,99900,0,0,False,,True,0,0.0,3,50,6393600,6393600,0,99900
P3_design11_seed1,11,100000,50,64,5,100,1,runnerup,0,0,99900,0,0,False,,True,0,0.0,4,50,6393600,6393600,0,99900
P3_design11_seed2,11,100000,50,64,5,100,2,fresh,0,0,99900,0,0,False,,False,0,0.0,0,50,6393600,6393600,0,99900
P3_design11_seed2,11,100000,50,64,5,100,2,fresh,0,0,99900,0,0,False,,False,0,0.0,1,50,6393600,6393600,0,99900
P3_design11_seed2,11,100000,50,64,5,100,2,fresh,0,0,99900,0,0,False,,False,0,0.0,2,50,6393600,6393600,0,99900
P3_design11_seed2,11,100000,50,64,5,100,2,fresh,0,0,99900,0,0,False,,False,0,0.0,3,50,6393600,6393600,0,99900
P3_design11_seed2,11,100000,50,64,5,100,2,fresh,0,0,99900,0,0,False,,False,0,0.0,4,50,6393600,6393600,0,99900
P3_design11_seed2,11,100000,50,64,5,100,2,none,0,0,99900,0,0,False,,False,0,0.0,0,50,6393600,6393600,0,99900
P3_design11_seed2,11,100000,50,64,5,100,2,none,0,0,99900,0,0,False,,False,0,0.0,1,50,6393600,6393600,0,99900
P3_design11_seed2,11,100000,50,64,5,100,2,none,0,0,99900,0,0,False,,False,0,0.0,2,50,6393600,6393600,0,99900
P3_design11_seed2,11,100000,50,64,5,100,2,none,0,0,99900,0,0,False,,False,0,0.0,3,50,6393600,6393600,0,99900
P3_design11_seed2,11,100000,50,64,5,100,2,none,0,0,99900,0,0,False,,False,0,0.0,4,50,6393600,6393600,0,99900
P3_design11_seed2,11,100000,50,64,5,100,2,basic,99900,99900,99900,0,0,True,0.0,False,0,0.0,0,100,12787200,12787200,0,199800
P3_design11_seed2,11,100000,50,64,5,100,2,basic,0,0,99900,0,0,False,,True,0,0.0,1,50,6393600,6393600,0,99900
P3_design11_seed2,11,100000,50,64,5,100,2,basic,0,0,99900,0,0,False,,True,0,0.0,2,50,6393600,6393600,0,99900
P3_design11_seed2,11,100000,50,64,5,100,2,basic,0,0,99900,0,0,False,,True,0,0.0,3,50,6393600,6393600,0,99900
P3_design11_seed2,11,100000,50,64,5,100,2,basic,0,0,99900,0,0,False,,True,0,0.0,4,50,6393600,6393600,0,99900
P3_design11_seed2,11,100000,50,64,5,100,2,runnerup,99900,99900,99900,0,0,True,0.0,False,0,0.0,0,100,12787200,12787200,0,199800
P3_design11_seed2,11,100000,50,64,5,100,2,runnerup,0,0,99900,0,0,False,,True,0,0.0,1,50,6393600,6393600,0,99900
P3_design11_seed2,11,100000,50,64,5,100,2,runnerup,0,0,99900,0,0,False,,True,0,0.0,2,50,6393600,6393600,0,99900
P3_design11_seed2,11,100000,50,64,5,100,2,runnerup,0,0,99900,0,0,False,,True,0,0.0,3,50,6393600,6393600,0,99900
P3_design11_seed2,11,100000,50,64,5,100,2,runnerup,0,0,99900,0,0,False,,True,0,0.0,4,50,6393600,6393600,0,99900
P3_design11_seed3,11,100000,50,64,5,100,3,fresh,0,0,99900,0,0,False,,False,0,0.0,0,50,6393600,6393600,0,99900
P3_design11_seed3,11,100000,50,64,5,100,3,fresh,0,0,99900,0,0,False,,False,0,0.0,1,50,6393600,6393600,0,99900
P3_design11_seed3,11,100000,50,64,5,100,3,fresh,0,0,99900,0,0,False,,False,0,0.0,2,50,6393600,6393600,0,99900
P3_design11_seed3,11,100000,50,64,5,100,3,fresh,0,0,99900,0,0,False,,False,0,0.0,3,50,6393600,6393600,0,99900
P3_design11_seed3,11,100000,50,64,5,100,3,fresh,0,0,99900,0,0,False,,False,0,0.0,4,50,6393600,6393600,0,99900
P3_design11_seed3,11,100000,50,64,5,100,3,none,0,0,99900,0,0,False,,False,0,0.0,0,50,6393600,6393600,0,99900
P3_design11_seed3,11,100000,50,64,5,100,3,none,0,0,99900,0,0,False,,False,0,0.0,1,50,6393600,6393600,0,99900
P3_design11_seed3,11,100000,50,64,5,100,3,none,0,0,99900,0,0,False,,False,0,0.0,2,50,6393600,6393600,0,99900
P3_design11_seed3,11,100000,50,64,5,100,3,none,0,0,99900,0,0,False,,False,0,0.0,3,50,6393600,6393600,0,99900
P3_design11_seed3,11,100000,50,64,5,100,3,none,0,0,99900,0,0,False,,False,0,0.0,4,50,6393600,6393600,0,99900
P3_design11_seed3,11,100000,50,64,5,100,3,basic,99900,99900,99900,0,0,True,0.0,False,0,0.0,0,100,12787200,12787200,0,199800
P3_design11_seed3,11,100000,50,64,5,100,3,basic,0,0,99900,0,0,False,,True,0,0.0,1,50,6393600,6393600,0,99900
P3_design11_seed3,11,100000,50,64,5,100,3,basic,0,0,99900,0,0,False,,True,0,0.0,2,50,6393600,6393600,0,99900
P3_design11_seed3,11,100000,50,64,5,100,3,basic,0,0,99900,0,0,False,,True,0,0.0,3,50,6393600,6393600,0,99900
P3_design11_seed3,11,100000,50,64,5,100,3,basic,0,0,99900,0,0,False,,True,0,0.0,4,50,6393600,6393600,0,99900
P3_design11_seed3,11,100000,50,64,5,100,3,runnerup,99900,99900,99900,0,0,True,0.0,False,0,0.0,0,100,12787200,12787200,0,199800
P3_design11_seed3,11,100000,50,64,5,100,3,runnerup,0,0,99900,0,0,False,,True,0,0.0,1,50,6393600,6393600,0,99900
P3_design11_seed3,11,100000,50,64,5,100,3,runnerup,0,0,99900,0,0,False,,True,0,0.0,2,50,6393600,6393600,0,99900
P3_design11_seed3,11,100000,50,64,5,100,3,runnerup,0,0,99900,0,0,False,,True,0,0.0,3,50,6393600,6393600,0,99900
P3_design11_seed3,11,100000,50,64,5,100,3,runnerup,0,0,99900,0,0,False,,True,0,0.0,4,50,6393600,6393600,0,99900
P3_design11_seed4,11,100000,50,64,5,100,4,fresh,0,0,99900,0,0,False,,False,0,0.0,0,50,6393600,6393600,0,99900
P3_design11_seed4,11,100000,50,64,5,100,4,fresh,0,0,99900,0,0,False,,False,0,0.0,1,50,6393600,6393600,0,99900
P3_design11_seed4,11,100000,50,64,5,100,4,fresh,0,0,99900,0,0,False,,False,0,0.0,2,50,6393600,6393600,0,99900
P3_design11_seed4,11,100000,50,64,5,100,4,fresh,0,0,99900,0,0,False,,False,0,0.0,3,50,6393600,6393600,0,99900
P3_design11_seed4,11,100000,50,64,5,100,4,fresh,0,0,99900,0,0,False,,False,0,0.0,4,50,6393600,6393600,0,99900
P3_design11_seed4,11,100000,50,64,5,100,4,none,0,0,99900,0,0,False,,False,0,0.0,0,50,6393600,6393600,0,99900
P3_design11_seed4,11,100000,50,64,5,100,4,none,0,0,99900,0,0,False,,False,0,0.0,1,50,6393600,6393600,0,99900
P3_design11_seed4,11,100000,50,64,5,100,4,none,0,0,99900,0,0,False,,False,0,0.0,2,50,6393600,6393600,0,99900
P3_design11_seed4,11,100000,50,64,5,100,4,none,0,0,99900,0,0,False,,False,0,0.0,3,50,6393600,6393600,0,99900
P3_design11_seed4,11,100000,50,64,5,100,4,none,0,0,99900,0,0,False,,False,0,0.0,4,50,6393600,6393600,0,99900
P3_design11_seed4,11,100000,50,64,5,100,4,basic,99900,99900,99900,0,0,True,0.0,False,0,0.0,0,100,12787200,12787200,0,199800
P3_design11_seed4,11,100000,50,64,5,100,4,basic,0,0,99900,0,0,False,,True,0,0.0,1,50,6393600,6393600,0,99900
P3_design11_seed4,11,100000,50,64,5,100,4,basic,0,0,99900,0,0,False,,True,0,0.0,2,50,6393600,6393600,0,99900
P3_design11_seed4,11,100000,50,64,5,100,4,basic,0,0,99900,0,0,False,,True,0,0.0,3,50,6393600,6393600,0,99900
P3_design11_seed4,11,100000,50,64,5,100,4,basic,0,0,99900,0,0,False,,True,0,0.0,4,50,6393600,6393600,0,99900
P3_design11_seed4,11,100000,50,64,5,100,4,runnerup,99900,99900,99900,0,0,True,0.0,False,0,0.0,0,100,12787200,12787200,0,199800
P3_design11_seed4,11,100000,50,64,5,100,4,runnerup,0,0,99900,0,0,False,,True,0,0.0,1,50,6393600,6393600,0,99900
P3_design11_seed4,11,100000,50,64,5,100,4,runnerup,0,0,99900,0,0,False,,True,0,0.0,2,50,6393600,6393600,0,99900
P3_design11_seed4,11,100000,50,64,5,100,4,runnerup,0,0,99900,0,0,False,,True,0,0.0,3,50,6393600,6393600,0,99900
P3_design11_seed4,11,100000,50,64,5,100,4,runnerup,0,0,99900,0,0,False,,True,0,0.0,4,50,6393600,6393600,0,99900
P3_design12_seed0,12,100000,50,4,10,100,0,fresh,0,0,99900,0,0,False,,False,0,0.0,0,50,399600,399600,0,99900
P3_design12_seed0,12,100000,50,4,10,100,0,fresh,0,0,99900,0,0,False,,False,0,0.0,1,50,399600,399600,0,99900
P3_design12_seed0,12,100000,50,4,10,100,0,fresh,0,0,99900,0,0,False,,False,0,0.0,2,50,399600,399600,0,99900
P3_design12_seed0,12,100000,50,4,10,100,0,fresh,0,0,99900,0,0,False,,False,0,0.0,3,50,399600,399600,0,99900
P3_design12_seed0,12,100000,50,4,10,100,0,fresh,0,0,99900,0,0,False,,False,0,0.0,4,50,399600,399600,0,99900
P3_design12_seed0,12,100000,50,4,10,100,0,fresh,0,0,99900,0,0,False,,False,0,0.0,5,50,399600,399600,0,99900
P3_design12_seed0,12,100000,50,4,10,100,0,fresh,0,0,99900,0,0,False,,False,0,0.0,6,50,399600,399600,0,99900
P3_design12_seed0,12,100000,50,4,10,100,0,fresh,0,0,99900,0,0,False,,False,0,0.0,7,50,399600,399600,0,99900
P3_design12_seed0,12,100000,50,4,10,100,0,fresh,0,0,99900,0,0,False,,False,0,0.0,8,50,399600,399600,0,99900
P3_design12_seed0,12,100000,50,4,10,100,0,fresh,0,0,99900,0,0,False,,False,0,0.0,9,50,399600,399600,0,99900
P3_design12_seed0,12,100000,50,4,10,100,0,none,0,0,99900,0,0,False,,False,0,0.0,0,50,399600,399600,0,99900
P3_design12_seed0,12,100000,50,4,10,100,0,none,0,0,99900,0,0,False,,False,0,0.0,1,50,399600,399600,0,99900
P3_design12_seed0,12,100000,50,4,10,100,0,none,0,0,99900,0,0,False,,False,0,0.0,2,50,399600,399600,0,99900
P3_design12_seed0,12,100000,50,4,10,100,0,none,0,0,99900,0,0,False,,False,0,0.0,3,50,399600,399600,0,99900
P3_design12_seed0,12,100000,50,4,10,100,0,none,0,0,99900,0,0,False,,False,0,0.0,4,50,399600,399600,0,99900
P3_design12_seed0,12,100000,50,4,10,100,0,none,0,0,99900,0,0,False,,False,0,0.0,5,50,399600,399600,0,99900
P3_design12_seed0,12,100000,50,4,10,100,0,none,0,0,99900,0,0,False,,False,0,0.0,6,50,399600,399600,0,99900
P3_design12_seed0,12,100000,50,4,10,100,0,none,0,0,99900,0,0,False,,False,0,0.0,7,50,399600,399600,0,99900
P3_design12_seed0,12,100000,50,4,10,100,0,none,0,0,99900,0,0,False,,False,0,0.0,8,50,399600,399600,0,99900
P3_design12_seed0,12,100000,50,4,10,100,0,none,0,0,99900,0,0,False,,False,0,0.0,9,50,399600,399600,0,99900
P3_design12_seed0,12,100000,50,4,10,100,0,basic,99900,99900,99900,0,0,True,0.0,False,0,0.0,0,100,799200,799200,0,199800
P3_design12_seed0,12,100000,50,4,10,100,0,basic,0,0,99900,0,0,False,,True,0,0.0,1,50,399600,399600,0,99900
P3_design12_seed0,12,100000,50,4,10,100,0,basic,0,0,99900,0,0,False,,True,0,0.0,2,50,399600,399600,0,99900
P3_design12_seed0,12,100000,50,4,10,100,0,basic,0,0,99900,0,0,False,,True,0,0.0,3,50,399600,399600,0,99900
P3_design12_seed0,12,100000,50,4,10,100,0,basic,0,0,99900,0,0,False,,True,0,0.0,4,50,399600,399600,0,99900
P3_design12_seed0,12,100000,50,4,10,100,0,basic,0,0,99900,0,0,False,,True,0,0.0,5,50,399600,399600,0,99900
P3_design12_seed0,12,100000,50,4,10,100,0,basic,0,0,99900,0,0,False,,True,0,0.0,6,50,399600,399600,0,99900
P3_design12_seed0,12,100000,50,4,10,100,0,basic,0,0,99900,0,0,False,,True,0,0.0,7,50,399600,399600,0,99900
P3_design12_seed0,12,100000,50,4,10,100,0,basic,0,0,99900,0,0,False,,True,0,0.0,8,50,399600,399600,0,99900
P3_design12_seed0,12,100000,50,4,10,100,0,basic,0,0,99900,0,0,False,,True,0,0.0,9,50,399600,399600,0,99900
P3_design12_seed0,12,100000,50,4,10,100,0,runnerup,99900,99900,99900,0,0,True,0.0,False,0,0.0,0,100,799200,799200,0,199800
P3_design12_seed0,12,100000,50,4,10,100,0,runnerup,0,0,99900,0,0,False,,True,0,0.0,1,50,399600,399600,0,99900
P3_design12_seed0,12,100000,50,4,10,100,0,runnerup,0,0,99900,0,0,False,,True,0,0.0,2,50,399600,399600,0,99900
P3_design12_seed0,12,100000,50,4,10,100,0,runnerup,0,0,99900,0,0,False,,True,0,0.0,3,50,399600,399600,0,99900
P3_design12_seed0,12,100000,50,4,10,100,0,runnerup,0,0,99900,0,0,False,,True,0,0.0,4,50,399600,399600,0,99900
P3_design12_seed0,12,100000,50,4,10,100,0,runnerup,0,0,99900,0,0,False,,True,0,0.0,5,50,399600,399600,0,99900
P3_design12_seed0,12,100000,50,4,10,100,0,runnerup,0,0,99900,0,0,False,,True,0,0.0,6,50,399600,399600,0,99900
P3_design12_seed0,12,100000,50,4,10,100,0,runnerup,0,0,99900,0,0,False,,True,0,0.0,7,50,399600,399600,0,99900
P3_design12_seed0,12,100000,50,4,10,100,0,runnerup,0,0,99900,0,0,False,,True,0,0.0,8,50,399600,399600,0,99900
P3_design12_seed0,12,100000,50,4,10,100,0,runnerup,0,0,99900,0,0,False,,True,0,0.0,9,50,399600,399600,0,99900
P3_design12_seed1,12,100000,50,4,10,100,1,fresh,0,0,99900,0,0,False,,False,0,0.0,0,50,399600,399600,0,99900
P3_design12_seed1,12,100000,50,4,10,100,1,fresh,0,0,99900,0,0,False,,False,0,0.0,1,50,399600,399600,0,99900
P3_design12_seed1,12,100000,50,4,10,100,1,fresh,0,0,99900,0,0,False,,False,0,0.0,2,50,399600,399600,0,99900
P3_design12_seed1,12,100000,50,4,10,100,1,fresh,0,0,99900,0,0,False,,False,0,0.0,3,50,399600,399600,0,99900
P3_design12_seed1,12,100000,50,4,10,100,1,fresh,0,0,99900,0,0,False,,False,0,0.0,4,50,399600,399600,0,99900
P3_design12_seed1,12,100000,50,4,10,100,1,fresh,0,0,99900,0,0,False,,False,0,0.0,5,50,399600,399600,0,99900
P3_design12_seed1,12,100000,50,4,10,100,1,fresh,0,0,99900,0,0,False,,False,0,0.0,6,50,399600,399600,0,99900
P3_design12_seed1,12,100000,50,4,10,100,1,fresh,0,0,99900,0,0,False,,False,0,0.0,7,50,399600,399600,0,99900
P3_design12_seed1,12,100000,50,4,10,100,1,fresh,0,0,99900,0,0,False,,False,0,0.0,8,50,399600,399600,0,99900
P3_design12_seed1,12,100000,50,4,10,100,1,fresh,0,0,99900,0,0,False,,False,0,0.0,9,50,399600,399600,0,99900
P3_design12_seed1,12,100000,50,4,10,100,1,none,0,0,99900,0,0,False,,False,0,0.0,0,50,399600,399600,0,99900
P3_design12_seed1,12,100000,50,4,10,100,1,none,0,0,99900,0,0,False,,False,0,0.0,1,50,399600,399600,0,99900
P3_design12_seed1,12,100000,50,4,10,100,1,none,0,0,99900,0,0,False,,False,0,0.0,2,50,399600,399600,0,99900
P3_design12_seed1,12,100000,50,4,10,100,1,none,0,0,99900,0,0,False,,False,0,0.0,3,50,399600,399600,0,99900
P3_design12_seed1,12,100000,50,4,10,100,1,none,0,0,99900,0,0,False,,False,0,0.0,4,50,399600,399600,0,99900
P3_design12_seed1,12,100000,50,4,10,100,1,none,0,0,99900,0,0,False,,False,0,0.0,5,50,399600,399600,0,99900
P3_design12_seed1,12,100000,50,4,10,100,1,none,0,0,99900,0,0,False,,False,0,0.0,6,50,399600,399600,0,99900
P3_design12_seed1,12,100000,50,4,10,100,1,none,0,0,99900,0,0,False,,False,0,0.0,7,50,399600,399600,0,99900
P3_design12_seed1,12,100000,50,4,10,100,1,none,0,0,99900,0,0,False,,False,0,0.0,8,50,399600,399600,0,99900
P3_design12_seed1,12,100000,50,4,10,100,1,none,0,0,99900,0,0,False,,False,0,0.0,9,50,399600,399600,0,99900
P3_design12_seed1,12,100000,50,4,10,100,1,basic,99900,99900,99900,0,0,True,0.0,False,0,0.0,0,100,799200,799200,0,199800
P3_design12_seed1,12,100000,50,4,10,100,1,basic,0,0,99900,0,0,False,,True,0,0.0,1,50,399600,399600,0,99900
P3_design12_seed1,12,100000,50,4,10,100,1,basic,0,0,99900,0,0,False,,True,0,0.0,2,50,399600,399600,0,99900
P3_design12_seed1,12,100000,50,4,10,100,1,basic,0,0,99900,0,0,False,,True,0,0.0,3,50,399600,399600,0,99900
P3_design12_seed1,12,100000,50,4,10,100,1,basic,0,0,99900,0,0,False,,True,0,0.0,4,50,399600,399600,0,99900
P3_design12_seed1,12,100000,50,4,10,100,1,basic,0,0,99900,0,0,False,,True,0,0.0,5,50,399600,399600,0,99900
P3_design12_seed1,12,100000,50,4,10,100,1,basic,0,0,99900,0,0,False,,True,0,0.0,6,50,399600,399600,0,99900
P3_design12_seed1,12,100000,50,4,10,100,1,basic,0,0,99900,0,0,False,,True,0,0.0,7,50,399600,399600,0,99900
P3_design12_seed1,12,100000,50,4,10,100,1,basic,0,0,99900,0,0,False,,True,0,0.0,8,50,399600,399600,0,99900
P3_design12_seed1,12,100000,50,4,10,100,1,basic,0,0,99900,0,0,False,,True,0,0.0,9,50,399600,399600,0,99900
P3_design12_seed1,12,100000,50,4,10,100,1,runnerup,99900,99900,99900,0,0,True,0.0,False,0,0.0,0,100,799200,799200,0,199800
P3_design12_seed1,12,100000,50,4,10,100,1,runnerup,0,0,99900,0,0,False,,True,0,0.0,1,50,399600,399600,0,99900
P3_design12_seed1,12,100000,50,4,10,100,1,runnerup,0,0,99900,0,0,False,,True,0,0.0,2,50,399600,399600,0,99900
P3_design12_seed1,12,100000,50,4,10,100,1,runnerup,0,0,99900,0,0,False,,True,0,0.0,3,50,399600,399600,0,99900
P3_design12_seed1,12,100000,50,4,10,100,1,runnerup,0,0,99900,0,0,False,,True,0,0.0,4,50,399600,399600,0,99900
P3_design12_seed1,12,100000,50,4,10,100,1,runnerup,0,0,99900,0,0,False,,True,0,0.0,5,50,399600,399600,0,99900
P3_design12_seed1,12,100000,50,4,10,100,1,runnerup,0,0,99900,0,0,False,,True,0,0.0,6,50,399600,399600,0,99900
P3_design12_seed1,12,100000,50,4,10,100,1,runnerup,0,0,99900,0,0,False,,True,0,0.0,7,50,399600,399600,0,99900
P3_design12_seed1,12,100000,50,4,10,100,1,runnerup,0,0,99900,0,0,False,,True,0,0.0,8,50,399600,399600,0,99900
P3_design12_seed1,12,100000,50,4,10,100,1,runnerup,0,0,99900,0,0,False,,True,0,0.0,9,50,399600,399600,0,99900
P3_design12_seed2,12,100000,50,4,10,100,2,fresh,0,0,99900,0,0,False,,False,0,0.0,0,50,399600,399600,0,99900
P3_design12_seed2,12,100000,50,4,10,100,2,fresh,0,0,99900,0,0,False,,False,0,0.0,1,50,399600,399600,0,99900
P3_design12_seed2,12,100000,50,4,10,100,2,fresh,0,0,99900,0,0,False,,False,0,0.0,2,50,399600,399600,0,99900
P3_design12_seed2,12,100000,50,4,10,100,2,fresh,0,0,99900,0,0,False,,False,0,0.0,3,50,399600,399600,0,99900
P3_design12_seed2,12,100000,50,4,10,100,2,fresh,0,0,99900,0,0,False,,False,0,0.0,4,50,399600,399600,0,99900
P3_design12_seed2,12,100000,50,4,10,100,2,fresh,0,0,99900,0,0,False,,False,0,0.0,5,50,399600,399600,0,99900
P3_design12_seed2,12,100000,50,4,10,100,2,fresh,0,0,99900,0,0,False,,False,0,0.0,6,50,399600,399600,0,99900
P3_design12_seed2,12,100000,50,4,10,100,2,fresh,0,0,99900,0,0,False,,False,0,0.0,7,50,399600,399600,0,99900
P3_design12_seed2,12,100000,50,4,10,100,2,fresh,0,0,99900,0,0,False,,False,0,0.0,8,50,399600,399600,0,99900
P3_design12_seed2,12,100000,50,4,10,100,2,fresh,0,0,99900,0,0,False,,False,0,0.0,9,50,399600,399600,0,99900
P3_design12_seed2,12,100000,50,4,10,100,2,none,0,0,99900,0,0,False,,False,0,0.0,0,50,399600,399600,0,99900
P3_design12_seed2,12,100000,50,4,10,100,2,none,0,0,99900,0,0,False,,False,0,0.0,1,50,399600,399600,0,99900
P3_design12_seed2,12,100000,50,4,10,100,2,none,0,0,99900,0,0,False,,False,0,0.0,2,50,399600,399600,0,99900
P3_design12_seed2,12,100000,50,4,10,100,2,none,0,0,99900,0,0,False,,False,0,0.0,3,50,399600,399600,0,99900
P3_design12_seed2,12,100000,50,4,10,100,2,none,0,0,99900,0,0,False,,False,0,0.0,4,50,399600,399600,0,99900
P3_design12_seed2,12,100000,50,4,10,100,2,none,0,0,99900,0,0,False,,False,0,0.0,5,50,399600,399600,0,99900
P3_design12_seed2,12,100000,50,4,10,100,2,none,0,0,99900,0,0,False,,False,0,0.0,6,50,399600,399600,0,99900
P3_design12_seed2,12,100000,50,4,10,100,2,none,0,0,99900,0,0,False,,False,0,0.0,7,50,399600,399600,0,99900
P3_design12_seed2,12,100000,50,4,10,100,2,none,0,0,99900,0,0,False,,False,0,0.0,8,50,399600,399600,0,99900
P3_design12_seed2,12,100000,50,4,10,100,2,none,0,0,99900,0,0,False,,False,0,0.0,9,50,399600,399600,0,99900
P3_design12_seed2,12,100000,50,4,10,100,2,basic,99900,99900,99900,0,0,True,0.0,False,0,0.0,0,100,799200,799200,0,199800
P3_design12_seed2,12,100000,50,4,10,100,2,basic,0,0,99900,0,0,False,,True,0,0.0,1,50,399600,399600,0,99900
P3_design12_seed2,12,100000,50,4,10,100,2,basic,0,0,99900,0,0,False,,True,0,0.0,2,50,399600,399600,0,99900
P3_design12_seed2,12,100000,50,4,10,100,2,basic,0,0,99900,0,0,False,,True,0,0.0,3,50,399600,399600,0,99900
P3_design12_seed2,12,100000,50,4,10,100,2,basic,0,0,99900,0,0,False,,True,0,0.0,4,50,399600,399600,0,99900
P3_design12_seed2,12,100000,50,4,10,100,2,basic,0,0,99900,0,0,False,,True,0,0.0,5,50,399600,399600,0,99900
P3_design12_seed2,12,100000,50,4,10,100,2,basic,0,0,99900,0,0,False,,True,0,0.0,6,50,399600,399600,0,99900
P3_design12_seed2,12,100000,50,4,10,100,2,basic,0,0,99900,0,0,False,,True,0,0.0,7,50,399600,399600,0,99900
P3_design12_seed2,12,100000,50,4,10,100,2,basic,0,0,99900,0,0,False,,True,0,0.0,8,50,399600,399600,0,99900
P3_design12_seed2,12,100000,50,4,10,100,2,basic,0,0,99900,0,0,False,,True,0,0.0,9,50,399600,399600,0,99900
P3_design12_seed2,12,100000,50,4,10,100,2,runnerup,99900,99900,99900,0,0,True,0.0,False,0,0.0,0,100,799200,799200,0,199800
P3_design12_seed2,12,100000,50,4,10,100,2,runnerup,0,0,99900,0,0,False,,True,0,0.0,1,50,399600,399600,0,99900
P3_design12_seed2,12,100000,50,4,10,100,2,runnerup,0,0,99900,0,0,False,,True,0,0.0,2,50,399600,399600,0,99900
P3_design12_seed2,12,100000,50,4,10,100,2,runnerup,0,0,99900,0,0,False,,True,0,0.0,3,50,399600,399600,0,99900
P3_design12_seed2,12,100000,50,4,10,100,2,runnerup,0,0,99900,0,0,False,,True,0,0.0,4,50,399600,399600,0,99900
P3_design12_seed2,12,100000,50,4,10,100,2,runnerup,0,0,99900,0,0,False,,True,0,0.0,5,50,399600,399600,0,99900
P3_design12_seed2,12,100000,50,4,10,100,2,runnerup,0,0,99900,0,0,False,,True,0,0.0,6,50,399600,399600,0,99900
P3_design12_seed2,12,100000,50,4,10,100,2,runnerup,0,0,99900,0,0,False,,True,0,0.0,7,50,399600,399600,0,99900
P3_design12_seed2,12,100000,50,4,10,100,2,runnerup,0,0,99900,0,0,False,,True,0,0.0,8,50,399600,399600,0,99900
P3_design12_seed2,12,100000,50,4,10,100,2,runnerup,0,0,99900,0,0,False,,True,0,0.0,9,50,399600,399600,0,99900
P3_design12_seed3,12,100000,50,4,10,100,3,fresh,0,0,99900,0,0,False,,False,0,0.0,0,50,399600,399600,0,99900
P3_design12_seed3,12,100000,50,4,10,100,3,fresh,0,0,99900,0,0,False,,False,0,0.0,1,50,399600,399600,0,99900
P3_design12_seed3,12,100000,50,4,10,100,3,fresh,0,0,99900,0,0,False,,False,0,0.0,2,50,399600,399600,0,99900
P3_design12_seed3,12,100000,50,4,10,100,3,fresh,0,0,99900,0,0,False,,False,0,0.0,3,50,399600,399600,0,99900
P3_design12_seed3,12,100000,50,4,10,100,3,fresh,0,0,99900,0,0,False,,False,0,0.0,4,50,399600,399600,0,99900
P3_design12_seed3,12,100000,50,4,10,100,3,fresh,0,0,99900,0,0,False,,False,0,0.0,5,50,399600,399600,0,99900
P3_design12_seed3,12,100000,50,4,10,100,3,fresh,0,0,99900,0,0,False,,False,0,0.0,6,50,399600,399600,0,99900
P3_design12_seed3,12,100000,50,4,10,100,3,fresh,0,0,99900,0,0,False,,False,0,0.0,7,50,399600,399600,0,99900
P3_design12_seed3,12,100000,50,4,10,100,3,fresh,0,0,99900,0,0,False,,False,0,0.0,8,50,399600,399600,0,99900
P3_design12_seed3,12,100000,50,4,10,100,3,fresh,0,0,99900,0,0,False,,False,0,0.0,9,50,399600,399600,0,99900
P3_design12_seed3,12,100000,50,4,10,100,3,none,0,0,99900,0,0,False,,False,0,0.0,0,50,399600,399600,0,99900
P3_design12_seed3,12,100000,50,4,10,100,3,none,0,0,99900,0,0,False,,False,0,0.0,1,50,399600,399600,0,99900
P3_design12_seed3,12,100000,50,4,10,100,3,none,0,0,99900,0,0,False,,False,0,0.0,2,50,399600,399600,0,99900
P3_design12_seed3,12,100000,50,4,10,100,3,none,0,0,99900,0,0,False,,False,0,0.0,3,50,399600,399600,0,99900
P3_design12_seed3,12,100000,50,4,10,100,3,none,0,0,99900,0,0,False,,False,0,0.0,4,50,399600,399600,0,99900
P3_design12_seed3,12,100000,50,4,10,100,3,none,0,0,99900,0,0,False,,False,0,0.0,5,50,399600,399600,0,99900
P3_design12_seed3,12,100000,50,4,10,100,3,none,0,0,99900,0,0,False,,False,0,0.0,6,50,399600,399600,0,99900
P3_design12_seed3,12,100000,50,4,10,100,3,none,0,0,99900,0,0,False,,False,0,0.0,7,50,399600,399600,0,99900
P3_design12_seed3,12,100000,50,4,10,100,3,none,0,0,99900,0,0,False,,False,0,0.0,8,50,399600,399600,0,99900
P3_design12_seed3,12,100000,50,4,10,100,3,none,0,0,99900,0,0,False,,False,0,0.0,9,50,399600,399600,0,99900
P3_design12_seed3,12,100000,50,4,10,100,3,basic,99900,99900,99900,0,0,True,0.0,False,0,0.0,0,100,799200,799200,0,199800
P3_design12_seed3,12,100000,50,4,10,100,3,basic,0,0,99900,0,0,False,,True,0,0.0,1,50,399600,399600,0,99900
P3_design12_seed3,12,100000,50,4,10,100,3,basic,0,0,99900,0,0,False,,True,0,0.0,2,50,399600,399600,0,99900
P3_design12_seed3,12,100000,50,4,10,100,3,basic,0,0,99900,0,0,False,,True,0,0.0,3,50,399600,399600,0,99900
P3_design12_seed3,12,100000,50,4,10,100,3,basic,0,0,99900,0,0,False,,True,0,0.0,4,50,399600,399600,0,99900
P3_design12_seed3,12,100000,50,4,10,100,3,basic,0,0,99900,0,0,False,,True,0,0.0,5,50,399600,399600,0,99900
P3_design12_seed3,12,100000,50,4,10,100,3,basic,0,0,99900,0,0,False,,True,0,0.0,6,50,399600,399600,0,99900
P3_design12_seed3,12,100000,50,4,10,100,3,basic,0,0,99900,0,0,False,,True,0,0.0,7,50,399600,399600,0,99900
P3_design12_seed3,12,100000,50,4,10,100,3,basic,0,0,99900,0,0,False,,True,0,0.0,8,50,399600,399600,0,99900
P3_design12_seed3,12,100000,50,4,10,100,3,basic,0,0,99900,0,0,False,,True,0,0.0,9,50,399600,399600,0,99900
P3_design12_seed3,12,100000,50,4,10,100,3,runnerup,99900,99900,99900,0,0,True,0.0,False,0,0.0,0,100,799200,799200,0,199800
P3_design12_seed3,12,100000,50,4,10,100,3,runnerup,0,0,99900,0,0,False,,True,0,0.0,1,50,399600,399600,0,99900
P3_design12_seed3,12,100000,50,4,10,100,3,runnerup,0,0,99900,0,0,False,,True,0,0.0,2,50,399600,399600,0,99900
P3_design12_seed3,12,100000,50,4,10,100,3,runnerup,0,0,99900,0,0,False,,True,0,0.0,3,50,399600,399600,0,99900
P3_design12_seed3,12,100000,50,4,10,100,3,runnerup,0,0,99900,0,0,False,,True,0,0.0,4,50,399600,399600,0,99900
P3_design12_seed3,12,100000,50,4,10,100,3,runnerup,0,0,99900,0,0,False,,True,0,0.0,5,50,399600,399600,0,99900
P3_design12_seed3,12,100000,50,4,10,100,3,runnerup,0,0,99900,0,0,False,,True,0,0.0,6,50,399600,399600,0,99900
P3_design12_seed3,12,100000,50,4,10,100,3,runnerup,0,0,99900,0,0,False,,True,0,0.0,7,50,399600,399600,0,99900
P3_design12_seed3,12,100000,50,4,10,100,3,runnerup,0,0,99900,0,0,False,,True,0,0.0,8,50,399600,399600,0,99900
P3_design12_seed3,12,100000,50,4,10,100,3,runnerup,0,0,99900,0,0,False,,True,0,0.0,9,50,399600,399600,0,99900
P3_design12_seed4,12,100000,50,4,10,100,4,fresh,0,0,99900,0,0,False,,False,0,0.0,0,50,399600,399600,0,99900
P3_design12_seed4,12,100000,50,4,10,100,4,fresh,0,0,99900,0,0,False,,False,0,0.0,1,50,399600,399600,0,99900
P3_design12_seed4,12,100000,50,4,10,100,4,fresh,0,0,99900,0,0,False,,False,0,0.0,2,50,399600,399600,0,99900
P3_design12_seed4,12,100000,50,4,10,100,4,fresh,0,0,99900,0,0,False,,False,0,0.0,3,50,399600,399600,0,99900
P3_design12_seed4,12,100000,50,4,10,100,4,fresh,0,0,99900,0,0,False,,False,0,0.0,4,50,399600,399600,0,99900
P3_design12_seed4,12,100000,50,4,10,100,4,fresh,0,0,99900,0,0,False,,False,0,0.0,5,50,399600,399600,0,99900
P3_design12_seed4,12,100000,50,4,10,100,4,fresh,0,0,99900,0,0,False,,False,0,0.0,6,50,399600,399600,0,99900
P3_design12_seed4,12,100000,50,4,10,100,4,fresh,0,0,99900,0,0,False,,False,0,0.0,7,50,399600,399600,0,99900
P3_design12_seed4,12,100000,50,4,10,100,4,fresh,0,0,99900,0,0,False,,False,0,0.0,8,50,399600,399600,0,99900
P3_design12_seed4,12,100000,50,4,10,100,4,fresh,0,0,99900,0,0,False,,False,0,0.0,9,50,399600,399600,0,99900
P3_design12_seed4,12,100000,50,4,10,100,4,none,0,0,99900,0,0,False,,False,0,0.0,0,50,399600,399600,0,99900
P3_design12_seed4,12,100000,50,4,10,100,4,none,0,0,99900,0,0,False,,False,0,0.0,1,50,399600,399600,0,99900
P3_design12_seed4,12,100000,50,4,10,100,4,none,0,0,99900,0,0,False,,False,0,0.0,2,50,399600,399600,0,99900
P3_design12_seed4,12,100000,50,4,10,100,4,none,0,0,99900,0,0,False,,False,0,0.0,3,50,399600,399600,0,99900
P3_design12_seed4,12,100000,50,4,10,100,4,none,0,0,99900,0,0,False,,False,0,0.0,4,50,399600,399600,0,99900
P3_design12_seed4,12,100000,50,4,10,100,4,none,0,0,99900,0,0,False,,False,0,0.0,5,50,399600,399600,0,99900
P3_design12_seed4,12,100000,50,4,10,100,4,none,0,0,99900,0,0,False,,False,0,0.0,6,50,399600,399600,0,99900
P3_design12_seed4,12,100000,50,4,10,100,4,none,0,0,99900,0,0,False,,False,0,0.0,7,50,399600,399600,0,99900
P3_design12_seed4,12,100000,50,4,10,100,4,none,0,0,99900,0,0,False,,False,0,0.0,8,50,399600,399600,0,99900
P3_design12_seed4,12,100000,50,4,10,100,4,none,0,0,99900,0,0,False,,False,0,0.0,9,50,399600,399600,0,99900
P3_design12_seed4,12,100000,50,4,10,100,4,basic,99900,99900,99900,0,0,True,0.0,False,0,0.0,0,100,799200,799200,0,199800
P3_design12_seed4,12,100000,50,4,10,100,4,basic,0,0,99900,0,0,False,,True,0,0.0,1,50,399600,399600,0,99900
P3_design12_seed4,12,100000,50,4,10,100,4,basic,0,0,99900,0,0,False,,True,0,0.0,2,50,399600,399600,0,99900
P3_design12_seed4,12,100000,50,4,10,100,4,basic,0,0,99900,0,0,False,,True,0,0.0,3,50,399600,399600,0,99900
P3_design12_seed4,12,100000,50,4,10,100,4,basic,0,0,99900,0,0,False,,True,0,0.0,4,50,399600,399600,0,99900
P3_design12_seed4,12,100000,50,4,10,100,4,basic,0,0,99900,0,0,False,,True,0,0.0,5,50,399600,399600,0,99900
P3_design12_seed4,12,100000,50,4,10,100,4,basic,0,0,99900,0,0,False,,True,0,0.0,6,50,399600,399600,0,99900
P3_design12_seed4,12,100000,50,4,10,100,4,basic,0,0,99900,0,0,False,,True,0,0.0,7,50,399600,399600,0,99900
P3_design12_seed4,12,100000,50,4,10,100,4,basic,0,0,99900,0,0,False,,True,0,0.0,8,50,399600,399600,0,99900
P3_design12_seed4,12,100000,50,4,10,100,4,basic,0,0,99900,0,0,False,,True,0,0.0,9,50,399600,399600,0,99900
P3_design12_seed4,12,100000,50,4,10,100,4,runnerup,99900,99900,99900,0,0,True,0.0,False,0,0.0,0,100,799200,799200,0,199800
P3_design12_seed4,12,100000,50,4,10,100,4,runnerup,0,0,99900,0,0,False,,True,0,0.0,1,50,399600,399600,0,99900
P3_design12_seed4,12,100000,50,4,10,100,4,runnerup,0,0,99900,0,0,False,,True,0,0.0,2,50,399600,399600,0,99900
P3_design12_seed4,12,100000,50,4,10,100,4,runnerup,0,0,99900,0,0,False,,True,0,0.0,3,50,399600,399600,0,99900
P3_design12_seed4,12,100000,50,4,10,100,4,runnerup,0,0,99900,0,0,False,,True,0,0.0,4,50,399600,399600,0,99900
P3_design12_seed4,12,100000,50,4,10,100,4,runnerup,0,0,99900,0,0,False,,True,0,0.0,5,50,399600,399600,0,99900
P3_design12_seed4,12,100000,50,4,10,100,4,runnerup,0,0,99900,0,0,False,,True,0,0.0,6,50,399600,399600,0,99900
P3_design12_seed4,12,100000,50,4,10,100,4,runnerup,0,0,99900,0,0,False,,True,0,0.0,7,50,399600,399600,0,99900
P3_design12_seed4,12,100000,50,4,10,100,4,runnerup,0,0,99900,0,0,False,,True,0,0.0,8,50,399600,399600,0,99900
P3_design12_seed4,12,100000,50,4,10,100,4,runnerup,0,0,99900,0,0,False,,True,0,0.0,9,50,399600,399600,0,99900
P3_design13_seed0,13,100000,50,4,20,100,0,fresh,0,0,99900,0,0,False,,False,0,0.0,0,50,399600,399600,0,99900
P3_design13_seed0,13,100000,50,4,20,100,0,fresh,0,0,99900,0,0,False,,False,0,0.0,1,50,399600,399600,0,99900
P3_design13_seed0,13,100000,50,4,20,100,0,fresh,0,0,99900,0,0,False,,False,0,0.0,2,50,399600,399600,0,99900
P3_design13_seed0,13,100000,50,4,20,100,0,fresh,0,0,99900,0,0,False,,False,0,0.0,3,50,399600,399600,0,99900
P3_design13_seed0,13,100000,50,4,20,100,0,fresh,0,0,99900,0,0,False,,False,0,0.0,4,50,399600,399600,0,99900
P3_design13_seed0,13,100000,50,4,20,100,0,fresh,0,0,99900,0,0,False,,False,0,0.0,5,50,399600,399600,0,99900
P3_design13_seed0,13,100000,50,4,20,100,0,fresh,0,0,99900,0,0,False,,False,0,0.0,6,50,399600,399600,0,99900
P3_design13_seed0,13,100000,50,4,20,100,0,fresh,0,0,99900,0,0,False,,False,0,0.0,7,50,399600,399600,0,99900
P3_design13_seed0,13,100000,50,4,20,100,0,fresh,0,0,99900,0,0,False,,False,0,0.0,8,50,399600,399600,0,99900
P3_design13_seed0,13,100000,50,4,20,100,0,fresh,0,0,99900,0,0,False,,False,0,0.0,9,50,399600,399600,0,99900
P3_design13_seed0,13,100000,50,4,20,100,0,fresh,0,0,99900,0,0,False,,False,0,0.0,10,50,399600,399600,0,99900
P3_design13_seed0,13,100000,50,4,20,100,0,fresh,0,0,99900,0,0,False,,False,0,0.0,11,50,399600,399600,0,99900
P3_design13_seed0,13,100000,50,4,20,100,0,fresh,0,0,99900,0,0,False,,False,0,0.0,12,50,399600,399600,0,99900
P3_design13_seed0,13,100000,50,4,20,100,0,fresh,0,0,99900,0,0,False,,False,0,0.0,13,50,399600,399600,0,99900
P3_design13_seed0,13,100000,50,4,20,100,0,fresh,0,0,99900,0,0,False,,False,0,0.0,14,50,399600,399600,0,99900
P3_design13_seed0,13,100000,50,4,20,100,0,fresh,0,0,99900,0,0,False,,False,0,0.0,15,50,399600,399600,0,99900
P3_design13_seed0,13,100000,50,4,20,100,0,fresh,0,0,99900,0,0,False,,False,0,0.0,16,50,399600,399600,0,99900
P3_design13_seed0,13,100000,50,4,20,100,0,fresh,0,0,99900,0,0,False,,False,0,0.0,17,50,399600,399600,0,99900
P3_design13_seed0,13,100000,50,4,20,100,0,fresh,0,0,99900,0,0,False,,False,0,0.0,18,50,399600,399600,0,99900
P3_design13_seed0,13,100000,50,4,20,100,0,fresh,0,0,99900,0,0,False,,False,0,0.0,19,50,399600,399600,0,99900
P3_design13_seed0,13,100000,50,4,20,100,0,none,0,0,99900,0,0,False,,False,0,0.0,0,50,399600,399600,0,99900
P3_design13_seed0,13,100000,50,4,20,100,0,none,0,0,99900,0,0,False,,False,0,0.0,1,50,399600,399600,0,99900
P3_design13_seed0,13,100000,50,4,20,100,0,none,0,0,99900,0,0,False,,False,0,0.0,2,50,399600,399600,0,99900
P3_design13_seed0,13,100000,50,4,20,100,0,none,0,0,99900,0,0,False,,False,0,0.0,3,50,399600,399600,0,99900
P3_design13_seed0,13,100000,50,4,20,100,0,none,0,0,99900,0,0,False,,False,0,0.0,4,50,399600,399600,0,99900
P3_design13_seed0,13,100000,50,4,20,100,0,none,0,0,99900,0,0,False,,False,0,0.0,5,50,399600,399600,0,99900
P3_design13_seed0,13,100000,50,4,20,100,0,none,0,0,99900,0,0,False,,False,0,0.0,6,50,399600,399600,0,99900
P3_design13_seed0,13,100000,50,4,20,100,0,none,0,0,99900,0,0,False,,False,0,0.0,7,50,399600,399600,0,99900
P3_design13_seed0,13,100000,50,4,20,100,0,none,0,0,99900,0,0,False,,False,0,0.0,8,50,399600,399600,0,99900
P3_design13_seed0,13,100000,50,4,20,100,0,none,0,0,99900,0,0,False,,False,0,0.0,9,50,399600,399600,0,99900
P3_design13_seed0,13,100000,50,4,20,100,0,none,0,0,99900,0,0,False,,False,0,0.0,10,50,399600,399600,0,99900
P3_design13_seed0,13,100000,50,4,20,100,0,none,0,0,99900,0,0,False,,False,0,0.0,11,50,399600,399600,0,99900
P3_design13_seed0,13,100000,50,4,20,100,0,none,0,0,99900,0,0,False,,False,0,0.0,12,50,399600,399600,0,99900
P3_design13_seed0,13,100000,50,4,20,100,0,none,0,0,99900,0,0,False,,False,0,0.0,13,50,399600,399600,0,99900
P3_design13_seed0,13,100000,50,4,20,100,0,none,0,0,99900,0,0,False,,False,0,0.0,14,50,399600,399600,0,99900
P3_design13_seed0,13,100000,50,4,20,100,0,none,0,0,99900,0,0,False,,False,0,0.0,15,50,399600,399600,0,99900
P3_design13_seed0,13,100000,50,4,20,100,0,none,0,0,99900,0,0,False,,False,0,0.0,16,50,399600,399600,0,99900
P3_design13_seed0,13,100000,50,4,20,100,0,none,0,0,99900,0,0,False,,False,0,0.0,17,50,399600,399600,0,99900
P3_design13_seed0,13,100000,50,4,20,100,0,none,0,0,99900,0,0,False,,False,0,0.0,18,50,399600,399600,0,99900
P3_design13_seed0,13,100000,50,4,20,100,0,none,0,0,99900,0,0,False,,False,0,0.0,19,50,399600,399600,0,99900
P3_design13_seed0,13,100000,50,4,20,100,0,basic,99900,99900,99900,0,0,True,0.0,False,0,0.0,0,100,799200,799200,0,199800
P3_design13_seed0,13,100000,50,4,20,100,0,basic,0,0,99900,0,0,False,,True,0,0.0,1,50,399600,399600,0,99900
P3_design13_seed0,13,100000,50,4,20,100,0,basic,0,0,99900,0,0,False,,True,0,0.0,2,50,399600,399600,0,99900
P3_design13_seed0,13,100000,50,4,20,100,0,basic,0,0,99900,0,0,False,,True,0,0.0,3,50,399600,399600,0,99900
P3_design13_seed0,13,100000,50,4,20,100,0,basic,0,0,99900,0,0,False,,True,0,0.0,4,50,399600,399600,0,99900
P3_design13_seed0,13,100000,50,4,20,100,0,basic,0,0,99900,0,0,False,,True,0,0.0,5,50,399600,399600,0,99900
P3_design13_seed0,13,100000,50,4,20,100,0,basic,0,0,99900,0,0,False,,True,0,0.0,6,50,399600,399600,0,99900
P3_design13_seed0,13,100000,50,4,20,100,0,basic,0,0,99900,0,0,False,,True,0,0.0,7,50,399600,399600,0,99900
P3_design13_seed0,13,100000,50,4,20,100,0,basic,0,0,99900,0,0,False,,True,0,0.0,8,50,399600,399600,0,99900
P3_design13_seed0,13,100000,50,4,20,100,0,basic,0,0,99900,0,0,False,,True,0,0.0,9,50,399600,399600,0,99900
P3_design13_seed0,13,100000,50,4,20,100,0,basic,0,0,99900,0,0,False,,True,0,0.0,10,50,399600,399600,0,99900
P3_design13_seed0,13,100000,50,4,20,100,0,basic,0,0,99900,0,0,False,,True,0,0.0,11,50,399600,399600,0,99900
P3_design13_seed0,13,100000,50,4,20,100,0,basic,0,0,99900,0,0,False,,True,0,0.0,12,50,399600,399600,0,99900
P3_design13_seed0,13,100000,50,4,20,100,0,basic,0,0,99900,0,0,False,,True,0,0.0,13,50,399600,399600,0,99900
P3_design13_seed0,13,100000,50,4,20,100,0,basic,0,0,99900,0,0,False,,True,0,0.0,14,50,399600,399600,0,99900
P3_design13_seed0,13,100000,50,4,20,100,0,basic,0,0,99900,0,0,False,,True,0,0.0,15,50,399600,399600,0,99900
P3_design13_seed0,13,100000,50,4,20,100,0,basic,0,0,99900,0,0,False,,True,0,0.0,16,50,399600,399600,0,99900
P3_design13_seed0,13,100000,50,4,20,100,0,basic,0,0,99900,0,0,False,,True,0,0.0,17,50,399600,399600,0,99900
P3_design13_seed0,13,100000,50,4,20,100,0,basic,0,0,99900,0,0,False,,True,0,0.0,18,50,399600,399600,0,99900
P3_design13_seed0,13,100000,50,4,20,100,0,basic,0,0,99900,0,0,False,,True,0,0.0,19,50,399600,399600,0,99900
P3_design13_seed0,13,100000,50,4,20,100,0,runnerup,99900,99900,99900,0,0,True,0.0,False,0,0.0,0,100,799200,799200,0,199800
P3_design13_seed0,13,100000,50,4,20,100,0,runnerup,0,0,99900,0,0,False,,True,0,0.0,1,50,399600,399600,0,99900
P3_design13_seed0,13,100000,50,4,20,100,0,runnerup,0,0,99900,0,0,False,,True,0,0.0,2,50,399600,399600,0,99900
P3_design13_seed0,13,100000,50,4,20,100,0,runnerup,0,0,99900,0,0,False,,True,0,0.0,3,50,399600,399600,0,99900
P3_design13_seed0,13,100000,50,4,20,100,0,runnerup,0,0,99900,0,0,False,,True,0,0.0,4,50,399600,399600,0,99900
P3_design13_seed0,13,100000,50,4,20,100,0,runnerup,0,0,99900,0,0,False,,True,0,0.0,5,50,399600,399600,0,99900
P3_design13_seed0,13,100000,50,4,20,100,0,runnerup,0,0,99900,0,0,False,,True,0,0.0,6,50,399600,399600,0,99900
P3_design13_seed0,13,100000,50,4,20,100,0,runnerup,0,0,99900,0,0,False,,True,0,0.0,7,50,399600,399600,0,99900
P3_design13_seed0,13,100000,50,4,20,100,0,runnerup,0,0,99900,0,0,False,,True,0,0.0,8,50,399600,399600,0,99900
P3_design13_seed0,13,100000,50,4,20,100,0,runnerup,0,0,99900,0,0,False,,True,0,0.0,9,50,399600,399600,0,99900
P3_design13_seed0,13,100000,50,4,20,100,0,runnerup,0,0,99900,0,0,False,,True,0,0.0,10,50,399600,399600,0,99900
P3_design13_seed0,13,100000,50,4,20,100,0,runnerup,0,0,99900,0,0,False,,True,0,0.0,11,50,399600,399600,0,99900
P3_design13_seed0,13,100000,50,4,20,100,0,runnerup,0,0,99900,0,0,False,,True,0,0.0,12,50,399600,399600,0,99900
P3_design13_seed0,13,100000,50,4,20,100,0,runnerup,0,0,99900,0,0,False,,True,0,0.0,13,50,399600,399600,0,99900
P3_design13_seed0,13,100000,50,4,20,100,0,runnerup,0,0,99900,0,0,False,,True,0,0.0,14,50,399600,399600,0,99900
P3_design13_seed0,13,100000,50,4,20,100,0,runnerup,0,0,99900,0,0,False,,True,0,0.0,15,50,399600,399600,0,99900
P3_design13_seed0,13,100000,50,4,20,100,0,runnerup,0,0,99900,0,0,False,,True,0,0.0,16,50,399600,399600,0,99900
P3_design13_seed0,13,100000,50,4,20,100,0,runnerup,0,0,99900,0,0,False,,True,0,0.0,17,50,399600,399600,0,99900
P3_design13_seed0,13,100000,50,4,20,100,0,runnerup,0,0,99900,0,0,False,,True,0,0.0,18,50,399600,399600,0,99900
P3_design13_seed0,13,100000,50,4,20,100,0,runnerup,0,0,99900,0,0,False,,True,0,0.0,19,50,399600,399600,0,99900
P3_design13_seed1,13,100000,50,4,20,100,1,fresh,0,0,99900,0,0,False,,False,0,0.0,0,50,399600,399600,0,99900
P3_design13_seed1,13,100000,50,4,20,100,1,fresh,0,0,99900,0,0,False,,False,0,0.0,1,50,399600,399600,0,99900
P3_design13_seed1,13,100000,50,4,20,100,1,fresh,0,0,99900,0,0,False,,False,0,0.0,2,50,399600,399600,0,99900
P3_design13_seed1,13,100000,50,4,20,100,1,fresh,0,0,99900,0,0,False,,False,0,0.0,3,50,399600,399600,0,99900
P3_design13_seed1,13,100000,50,4,20,100,1,fresh,0,0,99900,0,0,False,,False,0,0.0,4,50,399600,399600,0,99900
P3_design13_seed1,13,100000,50,4,20,100,1,fresh,0,0,99900,0,0,False,,False,0,0.0,5,50,399600,399600,0,99900
P3_design13_seed1,13,100000,50,4,20,100,1,fresh,0,0,99900,0,0,False,,False,0,0.0,6,50,399600,399600,0,99900
P3_design13_seed1,13,100000,50,4,20,100,1,fresh,0,0,99900,0,0,False,,False,0,0.0,7,50,399600,399600,0,99900
P3_design13_seed1,13,100000,50,4,20,100,1,fresh,0,0,99900,0,0,False,,False,0,0.0,8,50,399600,399600,0,99900
P3_design13_seed1,13,100000,50,4,20,100,1,fresh,0,0,99900,0,0,False,,False,0,0.0,9,50,399600,399600,0,99900
P3_design13_seed1,13,100000,50,4,20,100,1,fresh,0,0,99900,0,0,False,,False,0,0.0,10,50,399600,399600,0,99900
P3_design13_seed1,13,100000,50,4,20,100,1,fresh,0,0,99900,0,0,False,,False,0,0.0,11,50,399600,399600,0,99900
P3_design13_seed1,13,100000,50,4,20,100,1,fresh,0,0,99900,0,0,False,,False,0,0.0,12,50,399600,399600,0,99900
P3_design13_seed1,13,100000,50,4,20,100,1,fresh,0,0,99900,0,0,False,,False,0,0.0,13,50,399600,399600,0,99900
P3_design13_seed1,13,100000,50,4,20,100,1,fresh,0,0,99900,0,0,False,,False,0,0.0,14,50,399600,399600,0,99900
P3_design13_seed1,13,100000,50,4,20,100,1,fresh,0,0,99900,0,0,False,,False,0,0.0,15,50,399600,399600,0,99900
P3_design13_seed1,13,100000,50,4,20,100,1,fresh,0,0,99900,0,0,False,,False,0,0.0,16,50,399600,399600,0,99900
P3_design13_seed1,13,100000,50,4,20,100,1,fresh,0,0,99900,0,0,False,,False,0,0.0,17,50,399600,399600,0,99900
P3_design13_seed1,13,100000,50,4,20,100,1,fresh,0,0,99900,0,0,False,,False,0,0.0,18,50,399600,399600,0,99900
P3_design13_seed1,13,100000,50,4,20,100,1,fresh,0,0,99900,0,0,False,,False,0,0.0,19,50,399600,399600,0,99900
P3_design13_seed1,13,100000,50,4,20,100,1,none,0,0,99900,0,0,False,,False,0,0.0,0,50,399600,399600,0,99900
P3_design13_seed1,13,100000,50,4,20,100,1,none,0,0,99900,0,0,False,,False,0,0.0,1,50,399600,399600,0,99900
P3_design13_seed1,13,100000,50,4,20,100,1,none,0,0,99900,0,0,False,,False,0,0.0,2,50,399600,399600,0,99900
P3_design13_seed1,13,100000,50,4,20,100,1,none,0,0,99900,0,0,False,,False,0,0.0,3,50,399600,399600,0,99900
P3_design13_seed1,13,100000,50,4,20,100,1,none,0,0,99900,0,0,False,,False,0,0.0,4,50,399600,399600,0,99900
P3_design13_seed1,13,100000,50,4,20,100,1,none,0,0,99900,0,0,False,,False,0,0.0,5,50,399600,399600,0,99900
P3_design13_seed1,13,100000,50,4,20,100,1,none,0,0,99900,0,0,False,,False,0,0.0,6,50,399600,399600,0,99900
P3_design13_seed1,13,100000,50,4,20,100,1,none,0,0,99900,0,0,False,,False,0,0.0,7,50,399600,399600,0,99900
P3_design13_seed1,13,100000,50,4,20,100,1,none,0,0,99900,0,0,False,,False,0,0.0,8,50,399600,399600,0,99900
P3_design13_seed1,13,100000,50,4,20,100,1,none,0,0,99900,0,0,False,,False,0,0.0,9,50,399600,399600,0,99900
P3_design13_seed1,13,100000,50,4,20,100,1,none,0,0,99900,0,0,False,,False,0,0.0,10,50,399600,399600,0,99900
P3_design13_seed1,13,100000,50,4,20,100,1,none,0,0,99900,0,0,False,,False,0,0.0,11,50,399600,399600,0,99900
P3_design13_seed1,13,100000,50,4,20,100,1,none,0,0,99900,0,0,False,,False,0,0.0,12,50,399600,399600,0,99900
P3_design13_seed1,13,100000,50,4,20,100,1,none,0,0,99900,0,0,False,,False,0,0.0,13,50,399600,399600,0,99900
P3_design13_seed1,13,100000,50,4,20,100,1,none,0,0,99900,0,0,False,,False,0,0.0,14,50,399600,399600,0,99900
P3_design13_seed1,13,100000,50,4,20,100,1,none,0,0,99900,0,0,False,,False,0,0.0,15,50,399600,399600,0,99900
P3_design13_seed1,13,100000,50,4,20,100,1,none,0,0,99900,0,0,False,,False,0,0.0,16,50,399600,399600,0,99900
P3_design13_seed1,13,100000,50,4,20,100,1,none,0,0,99900,0,0,False,,False,0,0.0,17,50,399600,399600,0,99900
P3_design13_seed1,13,100000,50,4,20,100,1,none,0,0,99900,0,0,False,,False,0,0.0,18,50,399600,399600,0,99900
P3_design13_seed1,13,100000,50,4,20,100,1,none,0,0,99900,0,0,False,,False,0,0.0,19,50,399600,399600,0,99900
P3_design13_seed1,13,100000,50,4,20,100,1,basic,99900,99900,99900,0,0,True,0.0,False,0,0.0,0,100,799200,799200,0,199800
P3_design13_seed1,13,100000,50,4,20,100,1,basic,0,0,99900,0,0,False,,True,0,0.0,1,50,399600,399600,0,99900
P3_design13_seed1,13,100000,50,4,20,100,1,basic,0,0,99900,0,0,False,,True,0,0.0,2,50,399600,399600,0,99900
P3_design13_seed1,13,100000,50,4,20,100,1,basic,0,0,99900,0,0,False,,True,0,0.0,3,50,399600,399600,0,99900
P3_design13_seed1,13,100000,50,4,20,100,1,basic,0,0,99900,0,0,False,,True,0,0.0,4,50,399600,399600,0,99900
P3_design13_seed1,13,100000,50,4,20,100,1,basic,0,0,99900,0,0,False,,True,0,0.0,5,50,399600,399600,0,99900
P3_design13_seed1,13,100000,50,4,20,100,1,basic,0,0,99900,0,0,False,,True,0,0.0,6,50,399600,399600,0,99900
P3_design13_seed1,13,100000,50,4,20,100,1,basic,0,0,99900,0,0,False,,True,0,0.0,7,50,399600,399600,0,99900
P3_design13_seed1,13,100000,50,4,20,100,1,basic,0,0,99900,0,0,False,,True,0,0.0,8,50,399600,399600,0,99900
P3_design13_seed1,13,100000,50,4,20,100,1,basic,0,0,99900,0,0,False,,True,0,0.0,9,50,399600,399600,0,99900
P3_design13_seed1,13,100000,50,4,20,100,1,basic,0,0,99900,0,0,False,,True,0,0.0,10,50,399600,399600,0,99900
P3_design13_seed1,13,100000,50,4,20,100,1,basic,0,0,99900,0,0,False,,True,0,0.0,11,50,399600,399600,0,99900
P3_design13_seed1,13,100000,50,4,20,100,1,basic,0,0,99900,0,0,False,,True,0,0.0,12,50,399600,399600,0,99900
P3_design13_seed1,13,100000,50,4,20,100,1,basic,0,0,99900,0,0,False,,True,0,0.0,13,50,399600,399600,0,99900
P3_design13_seed1,13,100000,50,4,20,100,1,basic,0,0,99900,0,0,False,,True,0,0.0,14,50,399600,399600,0,99900
P3_design13_seed1,13,100000,50,4,20,100,1,basic,0,0,99900,0,0,False,,True,0,0.0,15,50,399600,399600,0,99900
P3_design13_seed1,13,100000,50,4,20,100,1,basic,0,0,99900,0,0,False,,True,0,0.0,16,50,399600,399600,0,99900
P3_design13_seed1,13,100000,50,4,20,100,1,basic,0,0,99900,0,0,False,,True,0,0.0,17,50,399600,399600,0,99900
P3_design13_seed1,13,100000,50,4,20,100,1,basic,0,0,99900,0,0,False,,True,0,0.0,18,50,399600,399600,0,99900
P3_design13_seed1,13,100000,50,4,20,100,1,basic,0,0,99900,0,0,False,,True,0,0.0,19,50,399600,399600,0,99900
P3_design13_seed1,13,100000,50,4,20,100,1,runnerup,99900,99900,99900,0,0,True,0.0,False,0,0.0,0,100,799200,799200,0,199800
P3_design13_seed1,13,100000,50,4,20,100,1,runnerup,0,0,99900,0,0,False,,True,0,0.0,1,50,399600,399600,0,99900
P3_design13_seed1,13,100000,50,4,20,100,1,runnerup,0,0,99900,0,0,False,,True,0,0.0,2,50,399600,399600,0,99900
P3_design13_seed1,13,100000,50,4,20,100,1,runnerup,0,0,99900,0,0,False,,True,0,0.0,3,50,399600,399600,0,99900
P3_design13_seed1,13,100000,50,4,20,100,1,runnerup,0,0,99900,0,0,False,,True,0,0.0,4,50,399600,399600,0,99900
P3_design13_seed1,13,100000,50,4,20,100,1,runnerup,0,0,99900,0,0,False,,True,0,0.0,5,50,399600,399600,0,99900
P3_design13_seed1,13,100000,50,4,20,100,1,runnerup,0,0,99900,0,0,False,,True,0,0.0,6,50,399600,399600,0,99900
P3_design13_seed1,13,100000,50,4,20,100,1,runnerup,0,0,99900,0,0,False,,True,0,0.0,7,50,399600,399600,0,99900
P3_design13_seed1,13,100000,50,4,20,100,1,runnerup,0,0,99900,0,0,False,,True,0,0.0,8,50,399600,399600,0,99900
P3_design13_seed1,13,100000,50,4,20,100,1,runnerup,0,0,99900,0,0,False,,True,0,0.0,9,50,399600,399600,0,99900
P3_design13_seed1,13,100000,50,4,20,100,1,runnerup,0,0,99900,0,0,False,,True,0,0.0,10,50,399600,399600,0,99900
P3_design13_seed1,13,100000,50,4,20,100,1,runnerup,0,0,99900,0,0,False,,True,0,0.0,11,50,399600,399600,0,99900
P3_design13_seed1,13,100000,50,4,20,100,1,runnerup,0,0,99900,0,0,False,,True,0,0.0,12,50,399600,399600,0,99900
P3_design13_seed1,13,100000,50,4,20,100,1,runnerup,0,0,99900,0,0,False,,True,0,0.0,13,50,399600,399600,0,99900
P3_design13_seed1,13,100000,50,4,20,100,1,runnerup,0,0,99900,0,0,False,,True,0,0.0,14,50,399600,399600,0,99900
P3_design13_seed1,13,100000,50,4,20,100,1,runnerup,0,0,99900,0,0,False,,True,0,0.0,15,50,399600,399600,0,99900
P3_design13_seed1,13,100000,50,4,20,100,1,runnerup,0,0,99900,0,0,False,,True,0,0.0,16,50,399600,399600,0,99900
P3_design13_seed1,13,100000,50,4,20,100,1,runnerup,0,0,99900,0,0,False,,True,0,0.0,17,50,399600,399600,0,99900
P3_design13_seed1,13,100000,50,4,20,100,1,runnerup,0,0,99900,0,0,False,,True,0,0.0,18,50,399600,399600,0,99900
P3_design13_seed1,13,100000,50,4,20,100,1,runnerup,0,0,99900,0,0,False,,True,0,0.0,19,50,399600,399600,0,99900
P3_design13_seed2,13,100000,50,4,20,100,2,fresh,0,0,99900,0,0,False,,False,0,0.0,0,50,399600,399600,0,99900
P3_design13_seed2,13,100000,50,4,20,100,2,fresh,0,0,99900,0,0,False,,False,0,0.0,1,50,399600,399600,0,99900
P3_design13_seed2,13,100000,50,4,20,100,2,fresh,0,0,99900,0,0,False,,False,0,0.0,2,50,399600,399600,0,99900
P3_design13_seed2,13,100000,50,4,20,100,2,fresh,0,0,99900,0,0,False,,False,0,0.0,3,50,399600,399600,0,99900
P3_design13_seed2,13,100000,50,4,20,100,2,fresh,0,0,99900,0,0,False,,False,0,0.0,4,50,399600,399600,0,99900
P3_design13_seed2,13,100000,50,4,20,100,2,fresh,0,0,99900,0,0,False,,False,0,0.0,5,50,399600,399600,0,99900
P3_design13_seed2,13,100000,50,4,20,100,2,fresh,0,0,99900,0,0,False,,False,0,0.0,6,50,399600,399600,0,99900
P3_design13_seed2,13,100000,50,4,20,100,2,fresh,0,0,99900,0,0,False,,False,0,0.0,7,50,399600,399600,0,99900
P3_design13_seed2,13,100000,50,4,20,100,2,fresh,0,0,99900,0,0,False,,False,0,0.0,8,50,399600,399600,0,99900
P3_design13_seed2,13,100000,50,4,20,100,2,fresh,0,0,99900,0,0,False,,False,0,0.0,9,50,399600,399600,0,99900
P3_design13_seed2,13,100000,50,4,20,100,2,fresh,0,0,99900,0,0,False,,False,0,0.0,10,50,399600,399600,0,99900
P3_design13_seed2,13,100000,50,4,20,100,2,fresh,0,0,99900,0,0,False,,False,0,0.0,11,50,399600,399600,0,99900
P3_design13_seed2,13,100000,50,4,20,100,2,fresh,0,0,99900,0,0,False,,False,0,0.0,12,50,399600,399600,0,99900
P3_design13_seed2,13,100000,50,4,20,100,2,fresh,0,0,99900,0,0,False,,False,0,0.0,13,50,399600,399600,0,99900
P3_design13_seed2,13,100000,50,4,20,100,2,fresh,0,0,99900,0,0,False,,False,0,0.0,14,50,399600,399600,0,99900
P3_design13_seed2,13,100000,50,4,20,100,2,fresh,0,0,99900,0,0,False,,False,0,0.0,15,50,399600,399600,0,99900
P3_design13_seed2,13,100000,50,4,20,100,2,fresh,0,0,99900,0,0,False,,False,0,0.0,16,50,399600,399600,0,99900
P3_design13_seed2,13,100000,50,4,20,100,2,fresh,0,0,99900,0,0,False,,False,0,0.0,17,50,399600,399600,0,99900
P3_design13_seed2,13,100000,50,4,20,100,2,fresh,0,0,99900,0,0,False,,False,0,0.0,18,50,399600,399600,0,99900
P3_design13_seed2,13,100000,50,4,20,100,2,fresh,0,0,99900,0,0,False,,False,0,0.0,19,50,399600,399600,0,99900
P3_design13_seed2,13,100000,50,4,20,100,2,none,0,0,99900,0,0,False,,False,0,0.0,0,50,399600,399600,0,99900
P3_design13_seed2,13,100000,50,4,20,100,2,none,0,0,99900,0,0,False,,False,0,0.0,1,50,399600,399600,0,99900
P3_design13_seed2,13,100000,50,4,20,100,2,none,0,0,99900,0,0,False,,False,0,0.0,2,50,399600,399600,0,99900
P3_design13_seed2,13,100000,50,4,20,100,2,none,0,0,99900,0,0,False,,False,0,0.0,3,50,399600,399600,0,99900
P3_design13_seed2,13,100000,50,4,20,100,2,none,0,0,99900,0,0,False,,False,0,0.0,4,50,399600,399600,0,99900
P3_design13_seed2,13,100000,50,4,20,100,2,none,0,0,99900,0,0,False,,False,0,0.0,5,50,399600,399600,0,99900
P3_design13_seed2,13,100000,50,4,20,100,2,none,0,0,99900,0,0,False,,False,0,0.0,6,50,399600,399600,0,99900
P3_design13_seed2,13,100000,50,4,20,100,2,none,0,0,99900,0,0,False,,False,0,0.0,7,50,399600,399600,0,99900
P3_design13_seed2,13,100000,50,4,20,100,2,none,0,0,99900,0,0,False,,False,0,0.0,8,50,399600,399600,0,99900
P3_design13_seed2,13,100000,50,4,20,100,2,none,0,0,99900,0,0,False,,False,0,0.0,9,50,399600,399600,0,99900
P3_design13_seed2,13,100000,50,4,20,100,2,none,0,0,99900,0,0,False,,False,0,0.0,10,50,399600,399600,0,99900
P3_design13_seed2,13,100000,50,4,20,100,2,none,0,0,99900,0,0,False,,False,0,0.0,11,50,399600,399600,0,99900
P3_design13_seed2,13,100000,50,4,20,100,2,none,0,0,99900,0,0,False,,False,0,0.0,12,50,399600,399600,0,99900
P3_design13_seed2,13,100000,50,4,20,100,2,none,0,0,99900,0,0,False,,False,0,0.0,13,50,399600,399600,0,99900
P3_design13_seed2,13,100000,50,4,20,100,2,none,0,0,99900,0,0,False,,False,0,0.0,14,50,399600,399600,0,99900
P3_design13_seed2,13,100000,50,4,20,100,2,none,0,0,99900,0,0,False,,False,0,0.0,15,50,399600,399600,0,99900
P3_design13_seed2,13,100000,50,4,20,100,2,none,0,0,99900,0,0,False,,False,0,0.0,16,50,399600,399600,0,99900
P3_design13_seed2,13,100000,50,4,20,100,2,none,0,0,99900,0,0,False,,False,0,0.0,17,50,399600,399600,0,99900
P3_design13_seed2,13,100000,50,4,20,100,2,none,0,0,99900,0,0,False,,False,0,0.0,18,50,399600,399600,0,99900
P3_design13_seed2,13,100000,50,4,20,100,2,none,0,0,99900,0,0,False,,False,0,0.0,19,50,399600,399600,0,99900
P3_design13_seed2,13,100000,50,4,20,100,2,basic,99900,99900,99900,0,0,True,0.0,False,0,0.0,0,100,799200,799200,0,199800
P3_design13_seed2,13,100000,50,4,20,100,2,basic,0,0,99900,0,0,False,,True,0,0.0,1,50,399600,399600,0,99900
P3_design13_seed2,13,100000,50,4,20,100,2,basic,0,0,99900,0,0,False,,True,0,0.0,2,50,399600,399600,0,99900
P3_design13_seed2,13,100000,50,4,20,100,2,basic,0,0,99900,0,0,False,,True,0,0.0,3,50,399600,399600,0,99900
P3_design13_seed2,13,100000,50,4,20,100,2,basic,0,0,99900,0,0,False,,True,0,0.0,4,50,399600,399600,0,99900
P3_design13_seed2,13,100000,50,4,20,100,2,basic,0,0,99900,0,0,False,,True,0,0.0,5,50,399600,399600,0,99900
P3_design13_seed2,13,100000,50,4,20,100,2,basic,0,0,99900,0,0,False,,True,0,0.0,6,50,399600,399600,0,99900
P3_design13_seed2,13,100000,50,4,20,100,2,basic,0,0,99900,0,0,False,,True,0,0.0,7,50,399600,399600,0,99900
P3_design13_seed2,13,100000,50,4,20,100,2,basic,0,0,99900,0,0,False,,True,0,0.0,8,50,399600,399600,0,99900
P3_design13_seed2,13,100000,50,4,20,100,2,basic,0,0,99900,0,0,False,,True,0,0.0,9,50,399600,399600,0,99900
P3_design13_seed2,13,100000,50,4,20,100,2,basic,0,0,99900,0,0,False,,True,0,0.0,10,50,399600,399600,0,99900
P3_design13_seed2,13,100000,50,4,20,100,2,basic,0,0,99900,0,0,False,,True,0,0.0,11,50,399600,399600,0,99900
P3_design13_seed2,13,100000,50,4,20,100,2,basic,0,0,99900,0,0,False,,True,0,0.0,12,50,399600,399600,0,99900
P3_design13_seed2,13,100000,50,4,20,100,2,basic,0,0,99900,0,0,False,,True,0,0.0,13,50,399600,399600,0,99900
P3_design13_seed2,13,100000,50,4,20,100,2,basic,0,0,99900,0,0,False,,True,0,0.0,14,50,399600,399600,0,99900
P3_design13_seed2,13,100000,50,4,20,100,2,basic,0,0,99900,0,0,False,,True,0,0.0,15,50,399600,399600,0,99900
P3_design13_seed2,13,100000,50,4,20,100,2,basic,0,0,99900,0,0,False,,True,0,0.0,16,50,399600,399600,0,99900
P3_design13_seed2,13,100000,50,4,20,100,2,basic,0,0,99900,0,0,False,,True,0,0.0,17,50,399600,399600,0,99900
P3_design13_seed2,13,100000,50,4,20,100,2,basic,0,0,99900,0,0,False,,True,0,0.0,18,50,399600,399600,0,99900
P3_design13_seed2,13,100000,50,4,20,100,2,basic,0,0,99900,0,0,False,,True,0,0.0,19,50,399600,399600,0,99900
P3_design13_seed2,13,100000,50,4,20,100,2,runnerup,99900,99900,99900,0,0,True,0.0,False,0,0.0,0,100,799200,799200,0,199800
P3_design13_seed2,13,100000,50,4,20,100,2,runnerup,0,0,99900,0,0,False,,True,0,0.0,1,50,399600,399600,0,99900
P3_design13_seed2,13,100000,50,4,20,100,2,runnerup,0,0,99900,0,0,False,,True,0,0.0,2,50,399600,399600,0,99900
P3_design13_seed2,13,100000,50,4,20,100,2,runnerup,0,0,99900,0,0,False,,True,0,0.0,3,50,399600,399600,0,99900
P3_design13_seed2,13,100000,50,4,20,100,2,runnerup,0,0,99900,0,0,False,,True,0,0.0,4,50,399600,399600,0,99900
P3_design13_seed2,13,100000,50,4,20,100,2,runnerup,0,0,99900,0,0,False,,True,0,0.0,5,50,399600,399600,0,99900
P3_design13_seed2,13,100000,50,4,20,100,2,runnerup,0,0,99900,0,0,False,,True,0,0.0,6,50,399600,399600,0,99900
P3_design13_seed2,13,100000,50,4,20,100,2,runnerup,0,0,99900,0,0,False,,True,0,0.0,7,50,399600,399600,0,99900
P3_design13_seed2,13,100000,50,4,20,100,2,runnerup,0,0,99900,0,0,False,,True,0,0.0,8,50,399600,399600,0,99900
P3_design13_seed2,13,100000,50,4,20,100,2,runnerup,0,0,99900,0,0,False,,True,0,0.0,9,50,399600,399600,0,99900
P3_design13_seed2,13,100000,50,4,20,100,2,runnerup,0,0,99900,0,0,False,,True,0,0.0,10,50,399600,399600,0,99900
P3_design13_seed2,13,100000,50,4,20,100,2,runnerup,0,0,99900,0,0,False,,True,0,0.0,11,50,399600,399600,0,99900
P3_design13_seed2,13,100000,50,4,20,100,2,runnerup,0,0,99900,0,0,False,,True,0,0.0,12,50,399600,399600,0,99900
P3_design13_seed2,13,100000,50,4,20,100,2,runnerup,0,0,99900,0,0,False,,True,0,0.0,13,50,399600,399600,0,99900
P3_design13_seed2,13,100000,50,4,20,100,2,runnerup,0,0,99900,0,0,False,,True,0,0.0,14,50,399600,399600,0,99900
P3_design13_seed2,13,100000,50,4,20,100,2,runnerup,0,0,99900,0,0,False,,True,0,0.0,15,50,399600,399600,0,99900
P3_design13_seed2,13,100000,50,4,20,100,2,runnerup,0,0,99900,0,0,False,,True,0,0.0,16,50,399600,399600,0,99900
P3_design13_seed2,13,100000,50,4,20,100,2,runnerup,0,0,99900,0,0,False,,True,0,0.0,17,50,399600,399600,0,99900
P3_design13_seed2,13,100000,50,4,20,100,2,runnerup,0,0,99900,0,0,False,,True,0,0.0,18,50,399600,399600,0,99900
P3_design13_seed2,13,100000,50,4,20,100,2,runnerup,0,0,99900,0,0,False,,True,0,0.0,19,50,399600,399600,0,99900
P3_design13_seed3,13,100000,50,4,20,100,3,fresh,0,0,99900,0,0,False,,False,0,0.0,0,50,399600,399600,0,99900
P3_design13_seed3,13,100000,50,4,20,100,3,fresh,0,0,99900,0,0,False,,False,0,0.0,1,50,399600,399600,0,99900
P3_design13_seed3,13,100000,50,4,20,100,3,fresh,0,0,99900,0,0,False,,False,0,0.0,2,50,399600,399600,0,99900
P3_design13_seed3,13,100000,50,4,20,100,3,fresh,0,0,99900,0,0,False,,False,0,0.0,3,50,399600,399600,0,99900
P3_design13_seed3,13,100000,50,4,20,100,3,fresh,0,0,99900,0,0,False,,False,0,0.0,4,50,399600,399600,0,99900
P3_design13_seed3,13,100000,50,4,20,100,3,fresh,0,0,99900,0,0,False,,False,0,0.0,5,50,399600,399600,0,99900
P3_design13_seed3,13,100000,50,4,20,100,3,fresh,0,0,99900,0,0,False,,False,0,0.0,6,50,399600,399600,0,99900
P3_design13_seed3,13,100000,50,4,20,100,3,fresh,0,0,99900,0,0,False,,False,0,0.0,7,50,399600,399600,0,99900
P3_design13_seed3,13,100000,50,4,20,100,3,fresh,0,0,99900,0,0,False,,False,0,0.0,8,50,399600,399600,0,99900
P3_design13_seed3,13,100000,50,4,20,100,3,fresh,0,0,99900,0,0,False,,False,0,0.0,9,50,399600,399600,0,99900
P3_design13_seed3,13,100000,50,4,20,100,3,fresh,0,0,99900,0,0,False,,False,0,0.0,10,50,399600,399600,0,99900
P3_design13_seed3,13,100000,50,4,20,100,3,fresh,0,0,99900,0,0,False,,False,0,0.0,11,50,399600,399600,0,99900
P3_design13_seed3,13,100000,50,4,20,100,3,fresh,0,0,99900,0,0,False,,False,0,0.0,12,50,399600,399600,0,99900
P3_design13_seed3,13,100000,50,4,20,100,3,fresh,0,0,99900,0,0,False,,False,0,0.0,13,50,399600,399600,0,99900
P3_design13_seed3,13,100000,50,4,20,100,3,fresh,0,0,99900,0,0,False,,False,0,0.0,14,50,399600,399600,0,99900
P3_design13_seed3,13,100000,50,4,20,100,3,fresh,0,0,99900,0,0,False,,False,0,0.0,15,50,399600,399600,0,99900
P3_design13_seed3,13,100000,50,4,20,100,3,fresh,0,0,99900,0,0,False,,False,0,0.0,16,50,399600,399600,0,99900
P3_design13_seed3,13,100000,50,4,20,100,3,fresh,0,0,99900,0,0,False,,False,0,0.0,17,50,399600,399600,0,99900
P3_design13_seed3,13,100000,50,4,20,100,3,fresh,0,0,99900,0,0,False,,False,0,0.0,18,50,399600,399600,0,99900
P3_design13_seed3,13,100000,50,4,20,100,3,fresh,0,0,99900,0,0,False,,False,0,0.0,19,50,399600,399600,0,99900
P3_design13_seed3,13,100000,50,4,20,100,3,none,0,0,99900,0,0,False,,False,0,0.0,0,50,399600,399600,0,99900
P3_design13_seed3,13,100000,50,4,20,100,3,none,0,0,99900,0,0,False,,False,0,0.0,1,50,399600,399600,0,99900
P3_design13_seed3,13,100000,50,4,20,100,3,none,0,0,99900,0,0,False,,False,0,0.0,2,50,399600,399600,0,99900
P3_design13_seed3,13,100000,50,4,20,100,3,none,0,0,99900,0,0,False,,False,0,0.0,3,50,399600,399600,0,99900
P3_design13_seed3,13,100000,50,4,20,100,3,none,0,0,99900,0,0,False,,False,0,0.0,4,50,399600,399600,0,99900
P3_design13_seed3,13,100000,50,4,20,100,3,none,0,0,99900,0,0,False,,False,0,0.0,5,50,399600,399600,0,99900
P3_design13_seed3,13,100000,50,4,20,100,3,none,0,0,99900,0,0,False,,False,0,0.0,6,50,399600,399600,0,99900
P3_design13_seed3,13,100000,50,4,20,100,3,none,0,0,99900,0,0,False,,False,0,0.0,7,50,399600,399600,0,99900
P3_design13_seed3,13,100000,50,4,20,100,3,none,0,0,99900,0,0,False,,False,0,0.0,8,50,399600,399600,0,99900
P3_design13_seed3,13,100000,50,4,20,100,3,none,0,0,99900,0,0,False,,False,0,0.0,9,50,399600,399600,0,99900
P3_design13_seed3,13,100000,50,4,20,100,3,none,0,0,99900,0,0,False,,False,0,0.0,10,50,399600,399600,0,99900
P3_design13_seed3,13,100000,50,4,20,100,3,none,0,0,99900,0,0,False,,False,0,0.0,11,50,399600,399600,0,99900
P3_design13_seed3,13,100000,50,4,20,100,3,none,0,0,99900,0,0,False,,False,0,0.0,12,50,399600,399600,0,99900
P3_design13_seed3,13,100000,50,4,20,100,3,none,0,0,99900,0,0,False,,False,0,0.0,13,50,399600,399600,0,99900
P3_design13_seed3,13,100000,50,4,20,100,3,none,0,0,99900,0,0,False,,False,0,0.0,14,50,399600,399600,0,99900
P3_design13_seed3,13,100000,50,4,20,100,3,none,0,0,99900,0,0,False,,False,0,0.0,15,50,399600,399600,0,99900
P3_design13_seed3,13,100000,50,4,20,100,3,none,0,0,99900,0,0,False,,False,0,0.0,16,50,399600,399600,0,99900
P3_design13_seed3,13,100000,50,4,20,100,3,none,0,0,99900,0,0,False,,False,0,0.0,17,50,399600,399600,0,99900
P3_design13_seed3,13,100000,50,4,20,100,3,none,0,0,99900,0,0,False,,False,0,0.0,18,50,399600,399600,0,99900
P3_design13_seed3,13,100000,50,4,20,100,3,none,0,0,99900,0,0,False,,False,0,0.0,19,50,399600,399600,0,99900
P3_design13_seed3,13,100000,50,4,20,100,3,basic,99900,99900,99900,0,0,True,0.0,False,0,0.0,0,100,799200,799200,0,199800
P3_design13_seed3,13,100000,50,4,20,100,3,basic,0,0,99900,0,0,False,,True,0,0.0,1,50,399600,399600,0,99900
P3_design13_seed3,13,100000,50,4,20,100,3,basic,0,0,99900,0,0,False,,True,0,0.0,2,50,399600,399600,0,99900
P3_design13_seed3,13,100000,50,4,20,100,3,basic,0,0,99900,0,0,False,,True,0,0.0,3,50,399600,399600,0,99900
P3_design13_seed3,13,100000,50,4,20,100,3,basic,0,0,99900,0,0,False,,True,0,0.0,4,50,399600,399600,0,99900
P3_design13_seed3,13,100000,50,4,20,100,3,basic,0,0,99900,0,0,False,,True,0,0.0,5,50,399600,399600,0,99900
P3_design13_seed3,13,100000,50,4,20,100,3,basic,0,0,99900,0,0,False,,True,0,0.0,6,50,399600,399600,0,99900
P3_design13_seed3,13,100000,50,4,20,100,3,basic,0,0,99900,0,0,False,,True,0,0.0,7,50,399600,399600,0,99900
P3_design13_seed3,13,100000,50,4,20,100,3,basic,0,0,99900,0,0,False,,True,0,0.0,8,50,399600,399600,0,99900
P3_design13_seed3,13,100000,50,4,20,100,3,basic,0,0,99900,0,0,False,,True,0,0.0,9,50,399600,399600,0,99900
P3_design13_seed3,13,100000,50,4,20,100,3,basic,0,0,99900,0,0,False,,True,0,0.0,10,50,399600,399600,0,99900
P3_design13_seed3,13,100000,50,4,20,100,3,basic,0,0,99900,0,0,False,,True,0,0.0,11,50,399600,399600,0,99900
P3_design13_seed3,13,100000,50,4,20,100,3,basic,0,0,99900,0,0,False,,True,0,0.0,12,50,399600,399600,0,99900
P3_design13_seed3,13,100000,50,4,20,100,3,basic,0,0,99900,0,0,False,,True,0,0.0,13,50,399600,399600,0,99900
P3_design13_seed3,13,100000,50,4,20,100,3,basic,0,0,99900,0,0,False,,True,0,0.0,14,50,399600,399600,0,99900
P3_design13_seed3,13,100000,50,4,20,100,3,basic,0,0,99900,0,0,False,,True,0,0.0,15,50,399600,399600,0,99900
P3_design13_seed3,13,100000,50,4,20,100,3,basic,0,0,99900,0,0,False,,True,0,0.0,16,50,399600,399600,0,99900
P3_design13_seed3,13,100000,50,4,20,100,3,basic,0,0,99900,0,0,False,,True,0,0.0,17,50,399600,399600,0,99900
P3_design13_seed3,13,100000,50,4,20,100,3,basic,0,0,99900,0,0,False,,True,0,0.0,18,50,399600,399600,0,99900
P3_design13_seed3,13,100000,50,4,20,100,3,basic,0,0,99900,0,0,False,,True,0,0.0,19,50,399600,399600,0,99900
P3_design13_seed3,13,100000,50,4,20,100,3,runnerup,99900,99900,99900,0,0,True,0.0,False,0,0.0,0,100,799200,799200,0,199800
P3_design13_seed3,13,100000,50,4,20,100,3,runnerup,0,0,99900,0,0,False,,True,0,0.0,1,50,399600,399600,0,99900
P3_design13_seed3,13,100000,50,4,20,100,3,runnerup,0,0,99900,0,0,False,,True,0,0.0,2,50,399600,399600,0,99900
P3_design13_seed3,13,100000,50,4,20,100,3,runnerup,0,0,99900,0,0,False,,True,0,0.0,3,50,399600,399600,0,99900
P3_design13_seed3,13,100000,50,4,20,100,3,runnerup,0,0,99900,0,0,False,,True,0,0.0,4,50,399600,399600,0,99900
P3_design13_seed3,13,100000,50,4,20,100,3,runnerup,0,0,99900,0,0,False,,True,0,0.0,5,50,399600,399600,0,99900
P3_design13_seed3,13,100000,50,4,20,100,3,runnerup,0,0,99900,0,0,False,,True,0,0.0,6,50,399600,399600,0,99900
P3_design13_seed3,13,100000,50,4,20,100,3,runnerup,0,0,99900,0,0,False,,True,0,0.0,7,50,399600,399600,0,99900
P3_design13_seed3,13,100000,50,4,20,100,3,runnerup,0,0,99900,0,0,False,,True,0,0.0,8,50,399600,399600,0,99900
P3_design13_seed3,13,100000,50,4,20,100,3,runnerup,0,0,99900,0,0,False,,True,0,0.0,9,50,399600,399600,0,99900
P3_design13_seed3,13,100000,50,4,20,100,3,runnerup,0,0,99900,0,0,False,,True,0,0.0,10,50,399600,399600,0,99900
P3_design13_seed3,13,100000,50,4,20,100,3,runnerup,0,0,99900,0,0,False,,True,0,0.0,11,50,399600,399600,0,99900
P3_design13_seed3,13,100000,50,4,20,100,3,runnerup,0,0,99900,0,0,False,,True,0,0.0,12,50,399600,399600,0,99900
P3_design13_seed3,13,100000,50,4,20,100,3,runnerup,0,0,99900,0,0,False,,True,0,0.0,13,50,399600,399600,0,99900
P3_design13_seed3,13,100000,50,4,20,100,3,runnerup,0,0,99900,0,0,False,,True,0,0.0,14,50,399600,399600,0,99900
P3_design13_seed3,13,100000,50,4,20,100,3,runnerup,0,0,99900,0,0,False,,True,0,0.0,15,50,399600,399600,0,99900
P3_design13_seed3,13,100000,50,4,20,100,3,runnerup,0,0,99900,0,0,False,,True,0,0.0,16,50,399600,399600,0,99900
P3_design13_seed3,13,100000,50,4,20,100,3,runnerup,0,0,99900,0,0,False,,True,0,0.0,17,50,399600,399600,0,99900
P3_design13_seed3,13,100000,50,4,20,100,3,runnerup,0,0,99900,0,0,False,,True,0,0.0,18,50,399600,399600,0,99900
P3_design13_seed3,13,100000,50,4,20,100,3,runnerup,0,0,99900,0,0,False,,True,0,0.0,19,50,399600,399600,0,99900
P3_design13_seed4,13,100000,50,4,20,100,4,fresh,0,0,99900,0,0,False,,False,0,0.0,0,50,399600,399600,0,99900
P3_design13_seed4,13,100000,50,4,20,100,4,fresh,0,0,99900,0,0,False,,False,0,0.0,1,50,399600,399600,0,99900
P3_design13_seed4,13,100000,50,4,20,100,4,fresh,0,0,99900,0,0,False,,False,0,0.0,2,50,399600,399600,0,99900
P3_design13_seed4,13,100000,50,4,20,100,4,fresh,0,0,99900,0,0,False,,False,0,0.0,3,50,399600,399600,0,99900
P3_design13_seed4,13,100000,50,4,20,100,4,fresh,0,0,99900,0,0,False,,False,0,0.0,4,50,399600,399600,0,99900
P3_design13_seed4,13,100000,50,4,20,100,4,fresh,0,0,99900,0,0,False,,False,0,0.0,5,50,399600,399600,0,99900
P3_design13_seed4,13,100000,50,4,20,100,4,fresh,0,0,99900,0,0,False,,False,0,0.0,6,50,399600,399600,0,99900
P3_design13_seed4,13,100000,50,4,20,100,4,fresh,0,0,99900,0,0,False,,False,0,0.0,7,50,399600,399600,0,99900
P3_design13_seed4,13,100000,50,4,20,100,4,fresh,0,0,99900,0,0,False,,False,0,0.0,8,50,399600,399600,0,99900
P3_design13_seed4,13,100000,50,4,20,100,4,fresh,0,0,99900,0,0,False,,False,0,0.0,9,50,399600,399600,0,99900
P3_design13_seed4,13,100000,50,4,20,100,4,fresh,0,0,99900,0,0,False,,False,0,0.0,10,50,399600,399600,0,99900
P3_design13_seed4,13,100000,50,4,20,100,4,fresh,0,0,99900,0,0,False,,False,0,0.0,11,50,399600,399600,0,99900
P3_design13_seed4,13,100000,50,4,20,100,4,fresh,0,0,99900,0,0,False,,False,0,0.0,12,50,399600,399600,0,99900
P3_design13_seed4,13,100000,50,4,20,100,4,fresh,0,0,99900,0,0,False,,False,0,0.0,13,50,399600,399600,0,99900
P3_design13_seed4,13,100000,50,4,20,100,4,fresh,0,0,99900,0,0,False,,False,0,0.0,14,50,399600,399600,0,99900
P3_design13_seed4,13,100000,50,4,20,100,4,fresh,0,0,99900,0,0,False,,False,0,0.0,15,50,399600,399600,0,99900
P3_design13_seed4,13,100000,50,4,20,100,4,fresh,0,0,99900,0,0,False,,False,0,0.0,16,50,399600,399600,0,99900
P3_design13_seed4,13,100000,50,4,20,100,4,fresh,0,0,99900,0,0,False,,False,0,0.0,17,50,399600,399600,0,99900
P3_design13_seed4,13,100000,50,4,20,100,4,fresh,0,0,99900,0,0,False,,False,0,0.0,18,50,399600,399600,0,99900
P3_design13_seed4,13,100000,50,4,20,100,4,fresh,0,0,99900,0,0,False,,False,0,0.0,19,50,399600,399600,0,99900
P3_design13_seed4,13,100000,50,4,20,100,4,none,0,0,99900,0,0,False,,False,0,0.0,0,50,399600,399600,0,99900
P3_design13_seed4,13,100000,50,4,20,100,4,none,0,0,99900,0,0,False,,False,0,0.0,1,50,399600,399600,0,99900
P3_design13_seed4,13,100000,50,4,20,100,4,none,0,0,99900,0,0,False,,False,0,0.0,2,50,399600,399600,0,99900
P3_design13_seed4,13,100000,50,4,20,100,4,none,0,0,99900,0,0,False,,False,0,0.0,3,50,399600,399600,0,99900
P3_design13_seed4,13,100000,50,4,20,100,4,none,0,0,99900,0,0,False,,False,0,0.0,4,50,399600,399600,0,99900
P3_design13_seed4,13,100000,50,4,20,100,4,none,0,0,99900,0,0,False,,False,0,0.0,5,50,399600,399600,0,99900
P3_design13_seed4,13,100000,50,4,20,100,4,none,0,0,99900,0,0,False,,False,0,0.0,6,50,399600,399600,0,99900
P3_design13_seed4,13,100000,50,4,20,100,4,none,0,0,99900,0,0,False,,False,0,0.0,7,50,399600,399600,0,99900
P3_design13_seed4,13,100000,50,4,20,100,4,none,0,0,99900,0,0,False,,False,0,0.0,8,50,399600,399600,0,99900
P3_design13_seed4,13,100000,50,4,20,100,4,none,0,0,99900,0,0,False,,False,0,0.0,9,50,399600,399600,0,99900
P3_design13_seed4,13,100000,50,4,20,100,4,none,0,0,99900,0,0,False,,False,0,0.0,10,50,399600,399600,0,99900
P3_design13_seed4,13,100000,50,4,20,100,4,none,0,0,99900,0,0,False,,False,0,0.0,11,50,399600,399600,0,99900
P3_design13_seed4,13,100000,50,4,20,100,4,none,0,0,99900,0,0,False,,False,0,0.0,12,50,399600,399600,0,99900
P3_design13_seed4,13,100000,50,4,20,100,4,none,0,0,99900,0,0,False,,False,0,0.0,13,50,399600,399600,0,99900
P3_design13_seed4,13,100000,50,4,20,100,4,none,0,0,99900,0,0,False,,False,0,0.0,14,50,399600,399600,0,99900
P3_design13_seed4,13,100000,50,4,20,100,4,none,0,0,99900,0,0,False,,False,0,0.0,15,50,399600,399600,0,99900
P3_design13_seed4,13,100000,50,4,20,100,4,none,0,0,99900,0,0,False,,False,0,0.0,16,50,399600,399600,0,99900
P3_design13_seed4,13,100000,50,4,20,100,4,none,0,0,99900,0,0,False,,False,0,0.0,17,50,399600,399600,0,99900
P3_design13_seed4,13,100000,50,4,20,100,4,none,0,0,99900,0,0,False,,False,0,0.0,18,50,399600,399600,0,99900
P3_design13_seed4,13,100000,50,4,20,100,4,none,0,0,99900,0,0,False,,False,0,0.0,19,50,399600,399600,0,99900
P3_design13_seed4,13,100000,50,4,20,100,4,basic,99900,99900,99900,0,0,True,0.0,False,0,0.0,0,100,799200,799200,0,199800
P3_design13_seed4,13,100000,50,4,20,100,4,basic,0,0,99900,0,0,False,,True,0,0.0,1,50,399600,399600,0,99900
P3_design13_seed4,13,100000,50,4,20,100,4,basic,0,0,99900,0,0,False,,True,0,0.0,2,50,399600,399600,0,99900
P3_design13_seed4,13,100000,50,4,20,100,4,basic,0,0,99900,0,0,False,,True,0,0.0,3,50,399600,399600,0,99900
P3_design13_seed4,13,100000,50,4,20,100,4,basic,0,0,99900,0,0,False,,True,0,0.0,4,50,399600,399600,0,99900
P3_design13_seed4,13,100000,50,4,20,100,4,basic,0,0,99900,0,0,False,,True,0,0.0,5,50,399600,399600,0,99900
P3_design13_seed4,13,100000,50,4,20,100,4,basic,0,0,99900,0,0,False,,True,0,0.0,6,50,399600,399600,0,99900
P3_design13_seed4,13,100000,50,4,20,100,4,basic,0,0,99900,0,0,False,,True,0,0.0,7,50,399600,399600,0,99900
P3_design13_seed4,13,100000,50,4,20,100,4,basic,0,0,99900,0,0,False,,True,0,0.0,8,50,399600,399600,0,99900
P3_design13_seed4,13,100000,50,4,20,100,4,basic,0,0,99900,0,0,False,,True,0,0.0,9,50,399600,399600,0,99900
P3_design13_seed4,13,100000,50,4,20,100,4,basic,0,0,99900,0,0,False,,True,0,0.0,10,50,399600,399600,0,99900
P3_design13_seed4,13,100000,50,4,20,100,4,basic,0,0,99900,0,0,False,,True,0,0.0,11,50,399600,399600,0,99900
P3_design13_seed4,13,100000,50,4,20,100,4,basic,0,0,99900,0,0,False,,True,0,0.0,12,50,399600,399600,0,99900
P3_design13_seed4,13,100000,50,4,20,100,4,basic,0,0,99900,0,0,False,,True,0,0.0,13,50,399600,399600,0,99900
P3_design13_seed4,13,100000,50,4,20,100,4,basic,0,0,99900,0,0,False,,True,0,0.0,14,50,399600,399600,0,99900
P3_design13_seed4,13,100000,50,4,20,100,4,basic,0,0,99900,0,0,False,,True,0,0.0,15,50,399600,399600,0,99900
P3_design13_seed4,13,100000,50,4,20,100,4,basic,0,0,99900,0,0,False,,True,0,0.0,16,50,399600,399600,0,99900
P3_design13_seed4,13,100000,50,4,20,100,4,basic,0,0,99900,0,0,False,,True,0,0.0,17,50,399600,399600,0,99900
P3_design13_seed4,13,100000,50,4,20,100,4,basic,0,0,99900,0,0,False,,True,0,0.0,18,50,399600,399600,0,99900
P3_design13_seed4,13,100000,50,4,20,100,4,basic,0,0,99900,0,0,False,,True,0,0.0,19,50,399600,399600,0,99900
P3_design13_seed4,13,100000,50,4,20,100,4,runnerup,99900,99900,99900,0,0,True,0.0,False,0,0.0,0,100,799200,799200,0,199800
P3_design13_seed4,13,100000,50,4,20,100,4,runnerup,0,0,99900,0,0,False,,True,0,0.0,1,50,399600,399600,0,99900
P3_design13_seed4,13,100000,50,4,20,100,4,runnerup,0,0,99900,0,0,False,,True,0,0.0,2,50,399600,399600,0,99900
P3_design13_seed4,13,100000,50,4,20,100,4,runnerup,0,0,99900,0,0,False,,True,0,0.0,3,50,399600,399600,0,99900
P3_design13_seed4,13,100000,50,4,20,100,4,runnerup,0,0,99900,0,0,False,,True,0,0.0,4,50,399600,399600,0,99900
P3_design13_seed4,13,100000,50,4,20,100,4,runnerup,0,0,99900,0,0,False,,True,0,0.0,5,50,399600,399600,0,99900
P3_design13_seed4,13,100000,50,4,20,100,4,runnerup,0,0,99900,0,0,False,,True,0,0.0,6,50,399600,399600,0,99900
P3_design13_seed4,13,100000,50,4,20,100,4,runnerup,0,0,99900,0,0,False,,True,0,0.0,7,50,399600,399600,0,99900
P3_design13_seed4,13,100000,50,4,20,100,4,runnerup,0,0,99900,0,0,False,,True,0,0.0,8,50,399600,399600,0,99900
P3_design13_seed4,13,100000,50,4,20,100,4,runnerup,0,0,99900,0,0,False,,True,0,0.0,9,50,399600,399600,0,99900
P3_design13_seed4,13,100000,50,4,20,100,4,runnerup,0,0,99900,0,0,False,,True,0,0.0,10,50,399600,399600,0,99900
P3_design13_seed4,13,100000,50,4,20,100,4,runnerup,0,0,99900,0,0,False,,True,0,0.0,11,50,399600,399600,0,99900
P3_design13_seed4,13,100000,50,4,20,100,4,runnerup,0,0,99900,0,0,False,,True,0,0.0,12,50,399600,399600,0,99900
P3_design13_seed4,13,100000,50,4,20,100,4,runnerup,0,0,99900,0,0,False,,True,0,0.0,13,50,399600,399600,0,99900
P3_design13_seed4,13,100000,50,4,20,100,4,runnerup,0,0,99900,0,0,False,,True,0,0.0,14,50,399600,399600,0,99900
P3_design13_seed4,13,100000,50,4,20,100,4,runnerup,0,0,99900,0,0,False,,True,0,0.0,15,50,399600,399600,0,99900
P3_design13_seed4,13,100000,50,4,20,100,4,runnerup,0,0,99900,0,0,False,,True,0,0.0,16,50,399600,399600,0,99900
P3_design13_seed4,13,100000,50,4,20,100,4,runnerup,0,0,99900,0,0,False,,True,0,0.0,17,50,399600,399600,0,99900
P3_design13_seed4,13,100000,50,4,20,100,4,runnerup,0,0,99900,0,0,False,,True,0,0.0,18,50,399600,399600,0,99900
P3_design13_seed4,13,100000,50,4,20,100,4,runnerup,0,0,99900,0,0,False,,True,0,0.0,19,50,399600,399600,0,99900
P3_design14_seed0,14,100000,50,4,40,100,0,fresh,0,0,99900,0,0,False,,False,0,0.0,0,50,399600,399600,0,99900
P3_design14_seed0,14,100000,50,4,40,100,0,fresh,0,0,99900,0,0,False,,False,0,0.0,1,50,399600,399600,0,99900
P3_design14_seed0,14,100000,50,4,40,100,0,fresh,0,0,99900,0,0,False,,False,0,0.0,2,50,399600,399600,0,99900
P3_design14_seed0,14,100000,50,4,40,100,0,fresh,0,0,99900,0,0,False,,False,0,0.0,3,50,399600,399600,0,99900
P3_design14_seed0,14,100000,50,4,40,100,0,fresh,0,0,99900,0,0,False,,False,0,0.0,4,50,399600,399600,0,99900
P3_design14_seed0,14,100000,50,4,40,100,0,fresh,0,0,99900,0,0,False,,False,0,0.0,5,50,399600,399600,0,99900
P3_design14_seed0,14,100000,50,4,40,100,0,fresh,0,0,99900,0,0,False,,False,0,0.0,6,50,399600,399600,0,99900
P3_design14_seed0,14,100000,50,4,40,100,0,fresh,0,0,99900,0,0,False,,False,0,0.0,7,50,399600,399600,0,99900
P3_design14_seed0,14,100000,50,4,40,100,0,fresh,0,0,99900,0,0,False,,False,0,0.0,8,50,399600,399600,0,99900
P3_design14_seed0,14,100000,50,4,40,100,0,fresh,0,0,99900,0,0,False,,False,0,0.0,9,50,399600,399600,0,99900
P3_design14_seed0,14,100000,50,4,40,100,0,fresh,0,0,99900,0,0,False,,False,0,0.0,10,50,399600,399600,0,99900
P3_design14_seed0,14,100000,50,4,40,100,0,fresh,0,0,99900,0,0,False,,False,0,0.0,11,50,399600,399600,0,99900
P3_design14_seed0,14,100000,50,4,40,100,0,fresh,0,0,99900,0,0,False,,False,0,0.0,12,50,399600,399600,0,99900
P3_design14_seed0,14,100000,50,4,40,100,0,fresh,0,0,99900,0,0,False,,False,0,0.0,13,50,399600,399600,0,99900
P3_design14_seed0,14,100000,50,4,40,100,0,fresh,0,0,99900,0,0,False,,False,0,0.0,14,50,399600,399600,0,99900
P3_design14_seed0,14,100000,50,4,40,100,0,fresh,0,0,99900,0,0,False,,False,0,0.0,15,50,399600,399600,0,99900
P3_design14_seed0,14,100000,50,4,40,100,0,fresh,0,0,99900,0,0,False,,False,0,0.0,16,50,399600,399600,0,99900
P3_design14_seed0,14,100000,50,4,40,100,0,fresh,0,0,99900,0,0,False,,False,0,0.0,17,50,399600,399600,0,99900
P3_design14_seed0,14,100000,50,4,40,100,0,fresh,0,0,99900,0,0,False,,False,0,0.0,18,50,399600,399600,0,99900
P3_design14_seed0,14,100000,50,4,40,100,0,fresh,0,0,99900,0,0,False,,False,0,0.0,19,50,399600,399600,0,99900
P3_design14_seed0,14,100000,50,4,40,100,0,fresh,0,0,99900,0,0,False,,False,0,0.0,20,50,399600,399600,0,99900
P3_design14_seed0,14,100000,50,4,40,100,0,fresh,0,0,99900,0,0,False,,False,0,0.0,21,50,399600,399600,0,99900
P3_design14_seed0,14,100000,50,4,40,100,0,fresh,0,0,99900,0,0,False,,False,0,0.0,22,50,399600,399600,0,99900
P3_design14_seed0,14,100000,50,4,40,100,0,fresh,0,0,99900,0,0,False,,False,0,0.0,23,50,399600,399600,0,99900
P3_design14_seed0,14,100000,50,4,40,100,0,fresh,0,0,99900,0,0,False,,False,0,0.0,24,50,399600,399600,0,99900
P3_design14_seed0,14,100000,50,4,40,100,0,fresh,0,0,99900,0,0,False,,False,0,0.0,25,50,399600,399600,0,99900
P3_design14_seed0,14,100000,50,4,40,100,0,fresh,0,0,99900,0,0,False,,False,0,0.0,26,50,399600,399600,0,99900
P3_design14_seed0,14,100000,50,4,40,100,0,fresh,0,0,99900,0,0,False,,False,0,0.0,27,50,399600,399600,0,99900
P3_design14_seed0,14,100000,50,4,40,100,0,fresh,0,0,99900,0,0,False,,False,0,0.0,28,50,399600,399600,0,99900
P3_design14_seed0,14,100000,50,4,40,100,0,fresh,0,0,99900,0,0,False,,False,0,0.0,29,50,399600,399600,0,99900
P3_design14_seed0,14,100000,50,4,40,100,0,fresh,0,0,99900,0,0,False,,False,0,0.0,30,50,399600,399600,0,99900
P3_design14_seed0,14,100000,50,4,40,100,0,fresh,0,0,99900,0,0,False,,False,0,0.0,31,50,399600,399600,0,99900
P3_design14_seed0,14,100000,50,4,40,100,0,fresh,0,0,99900,0,0,False,,False,0,0.0,32,50,399600,399600,0,99900
P3_design14_seed0,14,100000,50,4,40,100,0,fresh,0,0,99900,0,0,False,,False,0,0.0,33,50,399600,399600,0,99900
P3_design14_seed0,14,100000,50,4,40,100,0,fresh,0,0,99900,0,0,False,,False,0,0.0,34,50,399600,399600,0,99900
P3_design14_seed0,14,100000,50,4,40,100,0,fresh,0,0,99900,0,0,False,,False,0,0.0,35,50,399600,399600,0,99900
P3_design14_seed0,14,100000,50,4,40,100,0,fresh,0,0,99900,0,0,False,,False,0,0.0,36,50,399600,399600,0,99900
P3_design14_seed0,14,100000,50,4,40,100,0,fresh,0,0,99900,0,0,False,,False,0,0.0,37,50,399600,399600,0,99900
P3_design14_seed0,14,100000,50,4,40,100,0,fresh,0,0,99900,0,0,False,,False,0,0.0,38,50,399600,399600,0,99900
P3_design14_seed0,14,100000,50,4,40,100,0,fresh,0,0,99900,0,0,False,,False,0,0.0,39,50,399600,399600,0,99900
P3_design14_seed0,14,100000,50,4,40,100,0,none,0,0,99900,0,0,False,,False,0,0.0,0,50,399600,399600,0,99900
P3_design14_seed0,14,100000,50,4,40,100,0,none,0,0,99900,0,0,False,,False,0,0.0,1,50,399600,399600,0,99900
P3_design14_seed0,14,100000,50,4,40,100,0,none,0,0,99900,0,0,False,,False,0,0.0,2,50,399600,399600,0,99900
P3_design14_seed0,14,100000,50,4,40,100,0,none,0,0,99900,0,0,False,,False,0,0.0,3,50,399600,399600,0,99900
P3_design14_seed0,14,100000,50,4,40,100,0,none,0,0,99900,0,0,False,,False,0,0.0,4,50,399600,399600,0,99900
P3_design14_seed0,14,100000,50,4,40,100,0,none,0,0,99900,0,0,False,,False,0,0.0,5,50,399600,399600,0,99900
P3_design14_seed0,14,100000,50,4,40,100,0,none,0,0,99900,0,0,False,,False,0,0.0,6,50,399600,399600,0,99900
P3_design14_seed0,14,100000,50,4,40,100,0,none,0,0,99900,0,0,False,,False,0,0.0,7,50,399600,399600,0,99900
P3_design14_seed0,14,100000,50,4,40,100,0,none,0,0,99900,0,0,False,,False,0,0.0,8,50,399600,399600,0,99900
P3_design14_seed0,14,100000,50,4,40,100,0,none,0,0,99900,0,0,False,,False,0,0.0,9,50,399600,399600,0,99900
P3_design14_seed0,14,100000,50,4,40,100,0,none,0,0,99900,0,0,False,,False,0,0.0,10,50,399600,399600,0,99900
P3_design14_seed0,14,100000,50,4,40,100,0,none,0,0,99900,0,0,False,,False,0,0.0,11,50,399600,399600,0,99900
P3_design14_seed0,14,100000,50,4,40,100,0,none,0,0,99900,0,0,False,,False,0,0.0,12,50,399600,399600,0,99900
P3_design14_seed0,14,100000,50,4,40,100,0,none,0,0,99900,0,0,False,,False,0,0.0,13,50,399600,399600,0,99900
P3_design14_seed0,14,100000,50,4,40,100,0,none,0,0,99900,0,0,False,,False,0,0.0,14,50,399600,399600,0,99900
P3_design14_seed0,14,100000,50,4,40,100,0,none,0,0,99900,0,0,False,,False,0,0.0,15,50,399600,399600,0,99900
P3_design14_seed0,14,100000,50,4,40,100,0,none,0,0,99900,0,0,False,,False,0,0.0,16,50,399600,399600,0,99900
P3_design14_seed0,14,100000,50,4,40,100,0,none,0,0,99900,0,0,False,,False,0,0.0,17,50,399600,399600,0,99900
P3_design14_seed0,14,100000,50,4,40,100,0,none,0,0,99900,0,0,False,,False,0,0.0,18,50,399600,399600,0,99900
P3_design14_seed0,14,100000,50,4,40,100,0,none,0,0,99900,0,0,False,,False,0,0.0,19,50,399600,399600,0,99900
P3_design14_seed0,14,100000,50,4,40,100,0,none,0,0,99900,0,0,False,,False,0,0.0,20,50,399600,399600,0,99900
P3_design14_seed0,14,100000,50,4,40,100,0,none,0,0,99900,0,0,False,,False,0,0.0,21,50,399600,399600,0,99900
P3_design14_seed0,14,100000,50,4,40,100,0,none,0,0,99900,0,0,False,,False,0,0.0,22,50,399600,399600,0,99900
P3_design14_seed0,14,100000,50,4,40,100,0,none,0,0,99900,0,0,False,,False,0,0.0,23,50,399600,399600,0,99900
P3_design14_seed0,14,100000,50,4,40,100,0,none,0,0,99900,0,0,False,,False,0,0.0,24,50,399600,399600,0,99900
P3_design14_seed0,14,100000,50,4,40,100,0,none,0,0,99900,0,0,False,,False,0,0.0,25,50,399600,399600,0,99900
P3_design14_seed0,14,100000,50,4,40,100,0,none,0,0,99900,0,0,False,,False,0,0.0,26,50,399600,399600,0,99900
P3_design14_seed0,14,100000,50,4,40,100,0,none,0,0,99900,0,0,False,,False,0,0.0,27,50,399600,399600,0,99900
P3_design14_seed0,14,100000,50,4,40,100,0,none,0,0,99900,0,0,False,,False,0,0.0,28,50,399600,399600,0,99900
P3_design14_seed0,14,100000,50,4,40,100,0,none,0,0,99900,0,0,False,,False,0,0.0,29,50,399600,399600,0,99900
P3_design14_seed0,14,100000,50,4,40,100,0,none,0,0,99900,0,0,False,,False,0,0.0,30,50,399600,399600,0,99900
P3_design14_seed0,14,100000,50,4,40,100,0,none,0,0,99900,0,0,False,,False,0,0.0,31,50,399600,399600,0,99900
P3_design14_seed0,14,100000,50,4,40,100,0,none,0,0,99900,0,0,False,,False,0,0.0,32,50,399600,399600,0,99900
P3_design14_seed0,14,100000,50,4,40,100,0,none,0,0,99900,0,0,False,,False,0,0.0,33,50,399600,399600,0,99900
P3_design14_seed0,14,100000,50,4,40,100,0,none,0,0,99900,0,0,False,,False,0,0.0,34,50,399600,399600,0,99900
P3_design14_seed0,14,100000,50,4,40,100,0,none,0,0,99900,0,0,False,,False,0,0.0,35,50,399600,399600,0,99900
P3_design14_seed0,14,100000,50,4,40,100,0,none,0,0,99900,0,0,False,,False,0,0.0,36,50,399600,399600,0,99900
P3_design14_seed0,14,100000,50,4,40,100,0,none,0,0,99900,0,0,False,,False,0,0.0,37,50,399600,399600,0,99900
P3_design14_seed0,14,100000,50,4,40,100,0,none,0,0,99900,0,0,False,,False,0,0.0,38,50,399600,399600,0,99900
P3_design14_seed0,14,100000,50,4,40,100,0,none,0,0,99900,0,0,False,,False,0,0.0,39,50,399600,399600,0,99900
P3_design14_seed0,14,100000,50,4,40,100,0,basic,99900,99900,99900,0,0,True,0.0,False,0,0.0,0,100,799200,799200,0,199800
P3_design14_seed0,14,100000,50,4,40,100,0,basic,0,0,99900,0,0,False,,True,0,0.0,1,50,399600,399600,0,99900
P3_design14_seed0,14,100000,50,4,40,100,0,basic,0,0,99900,0,0,False,,True,0,0.0,2,50,399600,399600,0,99900
P3_design14_seed0,14,100000,50,4,40,100,0,basic,0,0,99900,0,0,False,,True,0,0.0,3,50,399600,399600,0,99900
P3_design14_seed0,14,100000,50,4,40,100,0,basic,0,0,99900,0,0,False,,True,0,0.0,4,50,399600,399600,0,99900
P3_design14_seed0,14,100000,50,4,40,100,0,basic,0,0,99900,0,0,False,,True,0,0.0,5,50,399600,399600,0,99900
P3_design14_seed0,14,100000,50,4,40,100,0,basic,0,0,99900,0,0,False,,True,0,0.0,6,50,399600,399600,0,99900
P3_design14_seed0,14,100000,50,4,40,100,0,basic,0,0,99900,0,0,False,,True,0,0.0,7,50,399600,399600,0,99900
P3_design14_seed0,14,100000,50,4,40,100,0,basic,0,0,99900,0,0,False,,True,0,0.0,8,50,399600,399600,0,99900
P3_design14_seed0,14,100000,50,4,40,100,0,basic,0,0,99900,0,0,False,,True,0,0.0,9,50,399600,399600,0,99900
P3_design14_seed0,14,100000,50,4,40,100,0,basic,0,0,99900,0,0,False,,True,0,0.0,10,50,399600,399600,0,99900
P3_design14_seed0,14,100000,50,4,40,100,0,basic,0,0,99900,0,0,False,,True,0,0.0,11,50,399600,399600,0,99900
P3_design14_seed0,14,100000,50,4,40,100,0,basic,0,0,99900,0,0,False,,True,0,0.0,12,50,399600,399600,0,99900
P3_design14_seed0,14,100000,50,4,40,100,0,basic,0,0,99900,0,0,False,,True,0,0.0,13,50,399600,399600,0,99900
P3_design14_seed0,14,100000,50,4,40,100,0,basic,0,0,99900,0,0,False,,True,0,0.0,14,50,399600,399600,0,99900
P3_design14_seed0,14,100000,50,4,40,100,0,basic,0,0,99900,0,0,False,,True,0,0.0,15,50,399600,399600,0,99900
P3_design14_seed0,14,100000,50,4,40,100,0,basic,0,0,99900,0,0,False,,True,0,0.0,16,50,399600,399600,0,99900
P3_design14_seed0,14,100000,50,4,40,100,0,basic,0,0,99900,0,0,False,,True,0,0.0,17,50,399600,399600,0,99900
P3_design14_seed0,14,100000,50,4,40,100,0,basic,0,0,99900,0,0,False,,True,0,0.0,18,50,399600,399600,0,99900
P3_design14_seed0,14,100000,50,4,40,100,0,basic,0,0,99900,0,0,False,,True,0,0.0,19,50,399600,399600,0,99900
P3_design14_seed0,14,100000,50,4,40,100,0,basic,0,0,99900,0,0,False,,True,0,0.0,20,50,399600,399600,0,99900
P3_design14_seed0,14,100000,50,4,40,100,0,basic,0,0,99900,0,0,False,,True,0,0.0,21,50,399600,399600,0,99900
P3_design14_seed0,14,100000,50,4,40,100,0,basic,0,0,99900,0,0,False,,True,0,0.0,22,50,399600,399600,0,99900
P3_design14_seed0,14,100000,50,4,40,100,0,basic,0,0,99900,0,0,False,,True,0,0.0,23,50,399600,399600,0,99900
P3_design14_seed0,14,100000,50,4,40,100,0,basic,0,0,99900,0,0,False,,True,0,0.0,24,50,399600,399600,0,99900
P3_design14_seed0,14,100000,50,4,40,100,0,basic,0,0,99900,0,0,False,,True,0,0.0,25,50,399600,399600,0,99900
P3_design14_seed0,14,100000,50,4,40,100,0,basic,0,0,99900,0,0,False,,True,0,0.0,26,50,399600,399600,0,99900
P3_design14_seed0,14,100000,50,4,40,100,0,basic,0,0,99900,0,0,False,,True,0,0.0,27,50,399600,399600,0,99900
P3_design14_seed0,14,100000,50,4,40,100,0,basic,0,0,99900,0,0,False,,True,0,0.0,28,50,399600,399600,0,99900
P3_design14_seed0,14,100000,50,4,40,100,0,basic,0,0,99900,0,0,False,,True,0,0.0,29,50,399600,399600,0,99900
P3_design14_seed0,14,100000,50,4,40,100,0,basic,0,0,99900,0,0,False,,True,0,0.0,30,50,399600,399600,0,99900
P3_design14_seed0,14,100000,50,4,40,100,0,basic,0,0,99900,0,0,False,,True,0,0.0,31,50,399600,399600,0,99900
P3_design14_seed0,14,100000,50,4,40,100,0,basic,0,0,99900,0,0,False,,True,0,0.0,32,50,399600,399600,0,99900
P3_design14_seed0,14,100000,50,4,40,100,0,basic,0,0,99900,0,0,False,,True,0,0.0,33,50,399600,399600,0,99900
P3_design14_seed0,14,100000,50,4,40,100,0,basic,0,0,99900,0,0,False,,True,0,0.0,34,50,399600,399600,0,99900
P3_design14_seed0,14,100000,50,4,40,100,0,basic,0,0,99900,0,0,False,,True,0,0.0,35,50,399600,399600,0,99900
P3_design14_seed0,14,100000,50,4,40,100,0,basic,0,0,99900,0,0,False,,True,0,0.0,36,50,399600,399600,0,99900
P3_design14_seed0,14,100000,50,4,40,100,0,basic,0,0,99900,0,0,False,,True,0,0.0,37,50,399600,399600,0,99900
P3_design14_seed0,14,100000,50,4,40,100,0,basic,0,0,99900,0,0,False,,True,0,0.0,38,50,399600,399600,0,99900
P3_design14_seed0,14,100000,50,4,40,100,0,basic,0,0,99900,0,0,False,,True,0,0.0,39,50,399600,399600,0,99900
P3_design14_seed0,14,100000,50,4,40,100,0,runnerup,99900,99900,99900,0,0,True,0.0,False,0,0.0,0,100,799200,799200,0,199800
P3_design14_seed0,14,100000,50,4,40,100,0,runnerup,0,0,99900,0,0,False,,True,0,0.0,1,50,399600,399600,0,99900
P3_design14_seed0,14,100000,50,4,40,100,0,runnerup,0,0,99900,0,0,False,,True,0,0.0,2,50,399600,399600,0,99900
P3_design14_seed0,14,100000,50,4,40,100,0,runnerup,0,0,99900,0,0,False,,True,0,0.0,3,50,399600,399600,0,99900
P3_design14_seed0,14,100000,50,4,40,100,0,runnerup,0,0,99900,0,0,False,,True,0,0.0,4,50,399600,399600,0,99900
P3_design14_seed0,14,100000,50,4,40,100,0,runnerup,0,0,99900,0,0,False,,True,0,0.0,5,50,399600,399600,0,99900
P3_design14_seed0,14,100000,50,4,40,100,0,runnerup,0,0,99900,0,0,False,,True,0,0.0,6,50,399600,399600,0,99900
P3_design14_seed0,14,100000,50,4,40,100,0,runnerup,0,0,99900,0,0,False,,True,0,0.0,7,50,399600,399600,0,99900
P3_design14_seed0,14,100000,50,4,40,100,0,runnerup,0,0,99900,0,0,False,,True,0,0.0,8,50,399600,399600,0,99900
P3_design14_seed0,14,100000,50,4,40,100,0,runnerup,0,0,99900,0,0,False,,True,0,0.0,9,50,399600,399600,0,99900
P3_design14_seed0,14,100000,50,4,40,100,0,runnerup,0,0,99900,0,0,False,,True,0,0.0,10,50,399600,399600,0,99900
P3_design14_seed0,14,100000,50,4,40,100,0,runnerup,0,0,99900,0,0,False,,True,0,0.0,11,50,399600,399600,0,99900
P3_design14_seed0,14,100000,50,4,40,100,0,runnerup,0,0,99900,0,0,False,,True,0,0.0,12,50,399600,399600,0,99900
P3_design14_seed0,14,100000,50,4,40,100,0,runnerup,0,0,99900,0,0,False,,True,0,0.0,13,50,399600,399600,0,99900
P3_design14_seed0,14,100000,50,4,40,100,0,runnerup,0,0,99900,0,0,False,,True,0,0.0,14,50,399600,399600,0,99900
P3_design14_seed0,14,100000,50,4,40,100,0,runnerup,0,0,99900,0,0,False,,True,0,0.0,15,50,399600,399600,0,99900
P3_design14_seed0,14,100000,50,4,40,100,0,runnerup,0,0,99900,0,0,False,,True,0,0.0,16,50,399600,399600,0,99900
P3_design14_seed0,14,100000,50,4,40,100,0,runnerup,0,0,99900,0,0,False,,True,0,0.0,17,50,399600,399600,0,99900
P3_design14_seed0,14,100000,50,4,40,100,0,runnerup,0,0,99900,0,0,False,,True,0,0.0,18,50,399600,399600,0,99900
P3_design14_seed0,14,100000,50,4,40,100,0,runnerup,0,0,99900,0,0,False,,True,0,0.0,19,50,399600,399600,0,99900
P3_design14_seed0,14,100000,50,4,40,100,0,runnerup,0,0,99900,0,0,False,,True,0,0.0,20,50,399600,399600,0,99900
P3_design14_seed0,14,100000,50,4,40,100,0,runnerup,0,0,99900,0,0,False,,True,0,0.0,21,50,399600,399600,0,99900
P3_design14_seed0,14,100000,50,4,40,100,0,runnerup,0,0,99900,0,0,False,,True,0,0.0,22,50,399600,399600,0,99900
P3_design14_seed0,14,100000,50,4,40,100,0,runnerup,0,0,99900,0,0,False,,True,0,0.0,23,50,399600,399600,0,99900
P3_design14_seed0,14,100000,50,4,40,100,0,runnerup,0,0,99900,0,0,False,,True,0,0.0,24,50,399600,399600,0,99900
P3_design14_seed0,14,100000,50,4,40,100,0,runnerup,0,0,99900,0,0,False,,True,0,0.0,25,50,399600,399600,0,99900
P3_design14_seed0,14,100000,50,4,40,100,0,runnerup,0,0,99900,0,0,False,,True,0,0.0,26,50,399600,399600,0,99900
P3_design14_seed0,14,100000,50,4,40,100,0,runnerup,0,0,99900,0,0,False,,True,0,0.0,27,50,399600,399600,0,99900
P3_design14_seed0,14,100000,50,4,40,100,0,runnerup,0,0,99900,0,0,False,,True,0,0.0,28,50,399600,399600,0,99900
P3_design14_seed0,14,100000,50,4,40,100,0,runnerup,0,0,99900,0,0,False,,True,0,0.0,29,50,399600,399600,0,99900
P3_design14_seed0,14,100000,50,4,40,100,0,runnerup,0,0,99900,0,0,False,,True,0,0.0,30,50,399600,399600,0,99900
P3_design14_seed0,14,100000,50,4,40,100,0,runnerup,0,0,99900,0,0,False,,True,0,0.0,31,50,399600,399600,0,99900
P3_design14_seed0,14,100000,50,4,40,100,0,runnerup,0,0,99900,0,0,False,,True,0,0.0,32,50,399600,399600,0,99900
P3_design14_seed0,14,100000,50,4,40,100,0,runnerup,0,0,99900,0,0,False,,True,0,0.0,33,50,399600,399600,0,99900
P3_design14_seed0,14,100000,50,4,40,100,0,runnerup,0,0,99900,0,0,False,,True,0,0.0,34,50,399600,399600,0,99900
P3_design14_seed0,14,100000,50,4,40,100,0,runnerup,0,0,99900,0,0,False,,True,0,0.0,35,50,399600,399600,0,99900
P3_design14_seed0,14,100000,50,4,40,100,0,runnerup,0,0,99900,0,0,False,,True,0,0.0,36,50,399600,399600,0,99900
P3_design14_seed0,14,100000,50,4,40,100,0,runnerup,0,0,99900,0,0,False,,True,0,0.0,37,50,399600,399600,0,99900
P3_design14_seed0,14,100000,50,4,40,100,0,runnerup,0,0,99900,0,0,False,,True,0,0.0,38,50,399600,399600,0,99900
P3_design14_seed0,14,100000,50,4,40,100,0,runnerup,0,0,99900,0,0,False,,True,0,0.0,39,50,399600,399600,0,99900
P3_design14_seed1,14,100000,50,4,40,100,1,fresh,0,0,99900,0,0,False,,False,0,0.0,0,50,399600,399600,0,99900
P3_design14_seed1,14,100000,50,4,40,100,1,fresh,0,0,99900,0,0,False,,False,0,0.0,1,50,399600,399600,0,99900
P3_design14_seed1,14,100000,50,4,40,100,1,fresh,0,0,99900,0,0,False,,False,0,0.0,2,50,399600,399600,0,99900
P3_design14_seed1,14,100000,50,4,40,100,1,fresh,0,0,99900,0,0,False,,False,0,0.0,3,50,399600,399600,0,99900
P3_design14_seed1,14,100000,50,4,40,100,1,fresh,0,0,99900,0,0,False,,False,0,0.0,4,50,399600,399600,0,99900
P3_design14_seed1,14,100000,50,4,40,100,1,fresh,0,0,99900,0,0,False,,False,0,0.0,5,50,399600,399600,0,99900
P3_design14_seed1,14,100000,50,4,40,100,1,fresh,0,0,99900,0,0,False,,False,0,0.0,6,50,399600,399600,0,99900
P3_design14_seed1,14,100000,50,4,40,100,1,fresh,0,0,99900,0,0,False,,False,0,0.0,7,50,399600,399600,0,99900
P3_design14_seed1,14,100000,50,4,40,100,1,fresh,0,0,99900,0,0,False,,False,0,0.0,8,50,399600,399600,0,99900
P3_design14_seed1,14,100000,50,4,40,100,1,fresh,0,0,99900,0,0,False,,False,0,0.0,9,50,399600,399600,0,99900
P3_design14_seed1,14,100000,50,4,40,100,1,fresh,0,0,99900,0,0,False,,False,0,0.0,10,50,399600,399600,0,99900
P3_design14_seed1,14,100000,50,4,40,100,1,fresh,0,0,99900,0,0,False,,False,0,0.0,11,50,399600,399600,0,99900
P3_design14_seed1,14,100000,50,4,40,100,1,fresh,0,0,99900,0,0,False,,False,0,0.0,12,50,399600,399600,0,99900
P3_design14_seed1,14,100000,50,4,40,100,1,fresh,0,0,99900,0,0,False,,False,0,0.0,13,50,399600,399600,0,99900
P3_design14_seed1,14,100000,50,4,40,100,1,fresh,0,0,99900,0,0,False,,False,0,0.0,14,50,399600,399600,0,99900
P3_design14_seed1,14,100000,50,4,40,100,1,fresh,0,0,99900,0,0,False,,False,0,0.0,15,50,399600,399600,0,99900
P3_design14_seed1,14,100000,50,4,40,100,1,fresh,0,0,99900,0,0,False,,False,0,0.0,16,50,399600,399600,0,99900
P3_design14_seed1,14,100000,50,4,40,100,1,fresh,0,0,99900,0,0,False,,False,0,0.0,17,50,399600,399600,0,99900
P3_design14_seed1,14,100000,50,4,40,100,1,fresh,0,0,99900,0,0,False,,False,0,0.0,18,50,399600,399600,0,99900
P3_design14_seed1,14,100000,50,4,40,100,1,fresh,0,0,99900,0,0,False,,False,0,0.0,19,50,399600,399600,0,99900
P3_design14_seed1,14,100000,50,4,40,100,1,fresh,0,0,99900,0,0,False,,False,0,0.0,20,50,399600,399600,0,99900
P3_design14_seed1,14,100000,50,4,40,100,1,fresh,0,0,99900,0,0,False,,False,0,0.0,21,50,399600,399600,0,99900
P3_design14_seed1,14,100000,50,4,40,100,1,fresh,0,0,99900,0,0,False,,False,0,0.0,22,50,399600,399600,0,99900
P3_design14_seed1,14,100000,50,4,40,100,1,fresh,0,0,99900,0,0,False,,False,0,0.0,23,50,399600,399600,0,99900
P3_design14_seed1,14,100000,50,4,40,100,1,fresh,0,0,99900,0,0,False,,False,0,0.0,24,50,399600,399600,0,99900
P3_design14_seed1,14,100000,50,4,40,100,1,fresh,0,0,99900,0,0,False,,False,0,0.0,25,50,399600,399600,0,99900
P3_design14_seed1,14,100000,50,4,40,100,1,fresh,0,0,99900,0,0,False,,False,0,0.0,26,50,399600,399600,0,99900
P3_design14_seed1,14,100000,50,4,40,100,1,fresh,0,0,99900,0,0,False,,False,0,0.0,27,50,399600,399600,0,99900
P3_design14_seed1,14,100000,50,4,40,100,1,fresh,0,0,99900,0,0,False,,False,0,0.0,28,50,399600,399600,0,99900
P3_design14_seed1,14,100000,50,4,40,100,1,fresh,0,0,99900,0,0,False,,False,0,0.0,29,50,399600,399600,0,99900
P3_design14_seed1,14,100000,50,4,40,100,1,fresh,0,0,99900,0,0,False,,False,0,0.0,30,50,399600,399600,0,99900
P3_design14_seed1,14,100000,50,4,40,100,1,fresh,0,0,99900,0,0,False,,False,0,0.0,31,50,399600,399600,0,99900
P3_design14_seed1,14,100000,50,4,40,100,1,fresh,0,0,99900,0,0,False,,False,0,0.0,32,50,399600,399600,0,99900
P3_design14_seed1,14,100000,50,4,40,100,1,fresh,0,0,99900,0,0,False,,False,0,0.0,33,50,399600,399600,0,99900
P3_design14_seed1,14,100000,50,4,40,100,1,fresh,0,0,99900,0,0,False,,False,0,0.0,34,50,399600,399600,0,99900
P3_design14_seed1,14,100000,50,4,40,100,1,fresh,0,0,99900,0,0,False,,False,0,0.0,35,50,399600,399600,0,99900
P3_design14_seed1,14,100000,50,4,40,100,1,fresh,0,0,99900,0,0,False,,False,0,0.0,36,50,399600,399600,0,99900
P3_design14_seed1,14,100000,50,4,40,100,1,fresh,0,0,99900,0,0,False,,False,0,0.0,37,50,399600,399600,0,99900
P3_design14_seed1,14,100000,50,4,40,100,1,fresh,0,0,99900,0,0,False,,False,0,0.0,38,50,399600,399600,0,99900
P3_design14_seed1,14,100000,50,4,40,100,1,fresh,0,0,99900,0,0,False,,False,0,0.0,39,50,399600,399600,0,99900
P3_design14_seed1,14,100000,50,4,40,100,1,none,0,0,99900,0,0,False,,False,0,0.0,0,50,399600,399600,0,99900
P3_design14_seed1,14,100000,50,4,40,100,1,none,0,0,99900,0,0,False,,False,0,0.0,1,50,399600,399600,0,99900
P3_design14_seed1,14,100000,50,4,40,100,1,none,0,0,99900,0,0,False,,False,0,0.0,2,50,399600,399600,0,99900
P3_design14_seed1,14,100000,50,4,40,100,1,none,0,0,99900,0,0,False,,False,0,0.0,3,50,399600,399600,0,99900
P3_design14_seed1,14,100000,50,4,40,100,1,none,0,0,99900,0,0,False,,False,0,0.0,4,50,399600,399600,0,99900
P3_design14_seed1,14,100000,50,4,40,100,1,none,0,0,99900,0,0,False,,False,0,0.0,5,50,399600,399600,0,99900
P3_design14_seed1,14,100000,50,4,40,100,1,none,0,0,99900,0,0,False,,False,0,0.0,6,50,399600,399600,0,99900
P3_design14_seed1,14,100000,50,4,40,100,1,none,0,0,99900,0,0,False,,False,0,0.0,7,50,399600,399600,0,99900
P3_design14_seed1,14,100000,50,4,40,100,1,none,0,0,99900,0,0,False,,False,0,0.0,8,50,399600,399600,0,99900
P3_design14_seed1,14,100000,50,4,40,100,1,none,0,0,99900,0,0,False,,False,0,0.0,9,50,399600,399600,0,99900
P3_design14_seed1,14,100000,50,4,40,100,1,none,0,0,99900,0,0,False,,False,0,0.0,10,50,399600,399600,0,99900
P3_design14_seed1,14,100000,50,4,40,100,1,none,0,0,99900,0,0,False,,False,0,0.0,11,50,399600,399600,0,99900
P3_design14_seed1,14,100000,50,4,40,100,1,none,0,0,99900,0,0,False,,False,0,0.0,12,50,399600,399600,0,99900
P3_design14_seed1,14,100000,50,4,40,100,1,none,0,0,99900,0,0,False,,False,0,0.0,13,50,399600,399600,0,99900
P3_design14_seed1,14,100000,50,4,40,100,1,none,0,0,99900,0,0,False,,False,0,0.0,14,50,399600,399600,0,99900
P3_design14_seed1,14,100000,50,4,40,100,1,none,0,0,99900,0,0,False,,False,0,0.0,15,50,399600,399600,0,99900
P3_design14_seed1,14,100000,50,4,40,100,1,none,0,0,99900,0,0,False,,False,0,0.0,16,50,399600,399600,0,99900
P3_design14_seed1,14,100000,50,4,40,100,1,none,0,0,99900,0,0,False,,False,0,0.0,17,50,399600,399600,0,99900
P3_design14_seed1,14,100000,50,4,40,100,1,none,0,0,99900,0,0,False,,False,0,0.0,18,50,399600,399600,0,99900
P3_design14_seed1,14,100000,50,4,40,100,1,none,0,0,99900,0,0,False,,False,0,0.0,19,50,399600,399600,0,99900
P3_design14_seed1,14,100000,50,4,40,100,1,none,0,0,99900,0,0,False,,False,0,0.0,20,50,399600,399600,0,99900
P3_design14_seed1,14,100000,50,4,40,100,1,none,0,0,99900,0,0,False,,False,0,0.0,21,50,399600,399600,0,99900
P3_design14_seed1,14,100000,50,4,40,100,1,none,0,0,99900,0,0,False,,False,0,0.0,22,50,399600,399600,0,99900
P3_design14_seed1,14,100000,50,4,40,100,1,none,0,0,99900,0,0,False,,False,0,0.0,23,50,399600,399600,0,99900
P3_design14_seed1,14,100000,50,4,40,100,1,none,0,0,99900,0,0,False,,False,0,0.0,24,50,399600,399600,0,99900
P3_design14_seed1,14,100000,50,4,40,100,1,none,0,0,99900,0,0,False,,False,0,0.0,25,50,399600,399600,0,99900
P3_design14_seed1,14,100000,50,4,40,100,1,none,0,0,99900,0,0,False,,False,0,0.0,26,50,399600,399600,0,99900
P3_design14_seed1,14,100000,50,4,40,100,1,none,0,0,99900,0,0,False,,False,0,0.0,27,50,399600,399600,0,99900
P3_design14_seed1,14,100000,50,4,40,100,1,none,0,0,99900,0,0,False,,False,0,0.0,28,50,399600,399600,0,99900
P3_design14_seed1,14,100000,50,4,40,100,1,none,0,0,99900,0,0,False,,False,0,0.0,29,50,399600,399600,0,99900
P3_design14_seed1,14,100000,50,4,40,100,1,none,0,0,99900,0,0,False,,False,0,0.0,30,50,399600,399600,0,99900
P3_design14_seed1,14,100000,50,4,40,100,1,none,0,0,99900,0,0,False,,False,0,0.0,31,50,399600,399600,0,99900
P3_design14_seed1,14,100000,50,4,40,100,1,none,0,0,99900,0,0,False,,False,0,0.0,32,50,399600,399600,0,99900
P3_design14_seed1,14,100000,50,4,40,100,1,none,0,0,99900,0,0,False,,False,0,0.0,33,50,399600,399600,0,99900
P3_design14_seed1,14,100000,50,4,40,100,1,none,0,0,99900,0,0,False,,False,0,0.0,34,50,399600,399600,0,99900
P3_design14_seed1,14,100000,50,4,40,100,1,none,0,0,99900,0,0,False,,False,0,0.0,35,50,399600,399600,0,99900
P3_design14_seed1,14,100000,50,4,40,100,1,none,0,0,99900,0,0,False,,False,0,0.0,36,50,399600,399600,0,99900
P3_design14_seed1,14,100000,50,4,40,100,1,none,0,0,99900,0,0,False,,False,0,0.0,37,50,399600,399600,0,99900
P3_design14_seed1,14,100000,50,4,40,100,1,none,0,0,99900,0,0,False,,False,0,0.0,38,50,399600,399600,0,99900
P3_design14_seed1,14,100000,50,4,40,100,1,none,0,0,99900,0,0,False,,False,0,0.0,39,50,399600,399600,0,99900
P3_design14_seed1,14,100000,50,4,40,100,1,basic,99900,99900,99900,0,0,True,0.0,False,0,0.0,0,100,799200,799200,0,199800
P3_design14_seed1,14,100000,50,4,40,100,1,basic,0,0,99900,0,0,False,,True,0,0.0,1,50,399600,399600,0,99900
P3_design14_seed1,14,100000,50,4,40,100,1,basic,0,0,99900,0,0,False,,True,0,0.0,2,50,399600,399600,0,99900
P3_design14_seed1,14,100000,50,4,40,100,1,basic,0,0,99900,0,0,False,,True,0,0.0,3,50,399600,399600,0,99900
P3_design14_seed1,14,100000,50,4,40,100,1,basic,0,0,99900,0,0,False,,True,0,0.0,4,50,399600,399600,0,99900
P3_design14_seed1,14,100000,50,4,40,100,1,basic,0,0,99900,0,0,False,,True,0,0.0,5,50,399600,399600,0,99900
P3_design14_seed1,14,100000,50,4,40,100,1,basic,0,0,99900,0,0,False,,True,0,0.0,6,50,399600,399600,0,99900
P3_design14_seed1,14,100000,50,4,40,100,1,basic,0,0,99900,0,0,False,,True,0,0.0,7,50,399600,399600,0,99900
P3_design14_seed1,14,100000,50,4,40,100,1,basic,0,0,99900,0,0,False,,True,0,0.0,8,50,399600,399600,0,99900
P3_design14_seed1,14,100000,50,4,40,100,1,basic,0,0,99900,0,0,False,,True,0,0.0,9,50,399600,399600,0,99900
P3_design14_seed1,14,100000,50,4,40,100,1,basic,0,0,99900,0,0,False,,True,0,0.0,10,50,399600,399600,0,99900
P3_design14_seed1,14,100000,50,4,40,100,1,basic,0,0,99900,0,0,False,,True,0,0.0,11,50,399600,399600,0,99900
P3_design14_seed1,14,100000,50,4,40,100,1,basic,0,0,99900,0,0,False,,True,0,0.0,12,50,399600,399600,0,99900
P3_design14_seed1,14,100000,50,4,40,100,1,basic,0,0,99900,0,0,False,,True,0,0.0,13,50,399600,399600,0,99900
P3_design14_seed1,14,100000,50,4,40,100,1,basic,0,0,99900,0,0,False,,True,0,0.0,14,50,399600,399600,0,99900
P3_design14_seed1,14,100000,50,4,40,100,1,basic,0,0,99900,0,0,False,,True,0,0.0,15,50,399600,399600,0,99900
P3_design14_seed1,14,100000,50,4,40,100,1,basic,0,0,99900,0,0,False,,True,0,0.0,16,50,399600,399600,0,99900
P3_design14_seed1,14,100000,50,4,40,100,1,basic,0,0,99900,0,0,False,,True,0,0.0,17,50,399600,399600,0,99900
P3_design14_seed1,14,100000,50,4,40,100,1,basic,0,0,99900,0,0,False,,True,0,0.0,18,50,399600,399600,0,99900
P3_design14_seed1,14,100000,50,4,40,100,1,basic,0,0,99900,0,0,False,,True,0,0.0,19,50,399600,399600,0,99900
P3_design14_seed1,14,100000,50,4,40,100,1,basic,0,0,99900,0,0,False,,True,0,0.0,20,50,399600,399600,0,99900
P3_design14_seed1,14,100000,50,4,40,100,1,basic,0,0,99900,0,0,False,,True,0,0.0,21,50,399600,399600,0,99900
P3_design14_seed1,14,100000,50,4,40,100,1,basic,0,0,99900,0,0,False,,True,0,0.0,22,50,399600,399600,0,99900
P3_design14_seed1,14,100000,50,4,40,100,1,basic,0,0,99900,0,0,False,,True,0,0.0,23,50,399600,399600,0,99900
P3_design14_seed1,14,100000,50,4,40,100,1,basic,0,0,99900,0,0,False,,True,0,0.0,24,50,399600,399600,0,99900
P3_design14_seed1,14,100000,50,4,40,100,1,basic,0,0,99900,0,0,False,,True,0,0.0,25,50,399600,399600,0,99900
P3_design14_seed1,14,100000,50,4,40,100,1,basic,0,0,99900,0,0,False,,True,0,0.0,26,50,399600,399600,0,99900
P3_design14_seed1,14,100000,50,4,40,100,1,basic,0,0,99900,0,0,False,,True,0,0.0,27,50,399600,399600,0,99900
P3_design14_seed1,14,100000,50,4,40,100,1,basic,0,0,99900,0,0,False,,True,0,0.0,28,50,399600,399600,0,99900
P3_design14_seed1,14,100000,50,4,40,100,1,basic,0,0,99900,0,0,False,,True,0,0.0,29,50,399600,399600,0,99900
P3_design14_seed1,14,100000,50,4,40,100,1,basic,0,0,99900,0,0,False,,True,0,0.0,30,50,399600,399600,0,99900
P3_design14_seed1,14,100000,50,4,40,100,1,basic,0,0,99900,0,0,False,,True,0,0.0,31,50,399600,399600,0,99900
P3_design14_seed1,14,100000,50,4,40,100,1,basic,0,0,99900,0,0,False,,True,0,0.0,32,50,399600,399600,0,99900
P3_design14_seed1,14,100000,50,4,40,100,1,basic,0,0,99900,0,0,False,,True,0,0.0,33,50,399600,399600,0,99900
P3_design14_seed1,14,100000,50,4,40,100,1,basic,0,0,99900,0,0,False,,True,0,0.0,34,50,399600,399600,0,99900
P3_design14_seed1,14,100000,50,4,40,100,1,basic,0,0,99900,0,0,False,,True,0,0.0,35,50,399600,399600,0,99900
P3_design14_seed1,14,100000,50,4,40,100,1,basic,0,0,99900,0,0,False,,True,0,0.0,36,50,399600,399600,0,99900
P3_design14_seed1,14,100000,50,4,40,100,1,basic,0,0,99900,0,0,False,,True,0,0.0,37,50,399600,399600,0,99900
P3_design14_seed1,14,100000,50,4,40,100,1,basic,0,0,99900,0,0,False,,True,0,0.0,38,50,399600,399600,0,99900
P3_design14_seed1,14,100000,50,4,40,100,1,basic,0,0,99900,0,0,False,,True,0,0.0,39,50,399600,399600,0,99900
P3_design14_seed1,14,100000,50,4,40,100,1,runnerup,99900,99900,99900,0,0,True,0.0,False,0,0.0,0,100,799200,799200,0,199800
P3_design14_seed1,14,100000,50,4,40,100,1,runnerup,0,0,99900,0,0,False,,True,0,0.0,1,50,399600,399600,0,99900
P3_design14_seed1,14,100000,50,4,40,100,1,runnerup,0,0,99900,0,0,False,,True,0,0.0,2,50,399600,399600,0,99900
P3_design14_seed1,14,100000,50,4,40,100,1,runnerup,0,0,99900,0,0,False,,True,0,0.0,3,50,399600,399600,0,99900
P3_design14_seed1,14,100000,50,4,40,100,1,runnerup,0,0,99900,0,0,False,,True,0,0.0,4,50,399600,399600,0,99900
P3_design14_seed1,14,100000,50,4,40,100,1,runnerup,0,0,99900,0,0,False,,True,0,0.0,5,50,399600,399600,0,99900
P3_design14_seed1,14,100000,50,4,40,100,1,runnerup,0,0,99900,0,0,False,,True,0,0.0,6,50,399600,399600,0,99900
P3_design14_seed1,14,100000,50,4,40,100,1,runnerup,0,0,99900,0,0,False,,True,0,0.0,7,50,399600,399600,0,99900
P3_design14_seed1,14,100000,50,4,40,100,1,runnerup,0,0,99900,0,0,False,,True,0,0.0,8,50,399600,399600,0,99900
P3_design14_seed1,14,100000,50,4,40,100,1,runnerup,0,0,99900,0,0,False,,True,0,0.0,9,50,399600,399600,0,99900
P3_design14_seed1,14,100000,50,4,40,100,1,runnerup,0,0,99900,0,0,False,,True,0,0.0,10,50,399600,399600,0,99900
P3_design14_seed1,14,100000,50,4,40,100,1,runnerup,0,0,99900,0,0,False,,True,0,0.0,11,50,399600,399600,0,99900
P3_design14_seed1,14,100000,50,4,40,100,1,runnerup,0,0,99900,0,0,False,,True,0,0.0,12,50,399600,399600,0,99900
P3_design14_seed1,14,100000,50,4,40,100,1,runnerup,0,0,99900,0,0,False,,True,0,0.0,13,50,399600,399600,0,99900
P3_design14_seed1,14,100000,50,4,40,100,1,runnerup,0,0,99900,0,0,False,,True,0,0.0,14,50,399600,399600,0,99900
P3_design14_seed1,14,100000,50,4,40,100,1,runnerup,0,0,99900,0,0,False,,True,0,0.0,15,50,399600,399600,0,99900
P3_design14_seed1,14,100000,50,4,40,100,1,runnerup,0,0,99900,0,0,False,,True,0,0.0,16,50,399600,399600,0,99900
P3_design14_seed1,14,100000,50,4,40,100,1,runnerup,0,0,99900,0,0,False,,True,0,0.0,17,50,399600,399600,0,99900
P3_design14_seed1,14,100000,50,4,40,100,1,runnerup,0,0,99900,0,0,False,,True,0,0.0,18,50,399600,399600,0,99900
P3_design14_seed1,14,100000,50,4,40,100,1,runnerup,0,0,99900,0,0,False,,True,0,0.0,19,50,399600,399600,0,99900
P3_design14_seed1,14,100000,50,4,40,100,1,runnerup,0,0,99900,0,0,False,,True,0,0.0,20,50,399600,399600,0,99900
P3_design14_seed1,14,100000,50,4,40,100,1,runnerup,0,0,99900,0,0,False,,True,0,0.0,21,50,399600,399600,0,99900
P3_design14_seed1,14,100000,50,4,40,100,1,runnerup,0,0,99900,0,0,False,,True,0,0.0,22,50,399600,399600,0,99900
P3_design14_seed1,14,100000,50,4,40,100,1,runnerup,0,0,99900,0,0,False,,True,0,0.0,23,50,399600,399600,0,99900
P3_design14_seed1,14,100000,50,4,40,100,1,runnerup,0,0,99900,0,0,False,,True,0,0.0,24,50,399600,399600,0,99900
P3_design14_seed1,14,100000,50,4,40,100,1,runnerup,0,0,99900,0,0,False,,True,0,0.0,25,50,399600,399600,0,99900
P3_design14_seed1,14,100000,50,4,40,100,1,runnerup,0,0,99900,0,0,False,,True,0,0.0,26,50,399600,399600,0,99900
P3_design14_seed1,14,100000,50,4,40,100,1,runnerup,0,0,99900,0,0,False,,True,0,0.0,27,50,399600,399600,0,99900
P3_design14_seed1,14,100000,50,4,40,100,1,runnerup,0,0,99900,0,0,False,,True,0,0.0,28,50,399600,399600,0,99900
P3_design14_seed1,14,100000,50,4,40,100,1,runnerup,0,0,99900,0,0,False,,True,0,0.0,29,50,399600,399600,0,99900
P3_design14_seed1,14,100000,50,4,40,100,1,runnerup,0,0,99900,0,0,False,,True,0,0.0,30,50,399600,399600,0,99900
P3_design14_seed1,14,100000,50,4,40,100,1,runnerup,0,0,99900,0,0,False,,True,0,0.0,31,50,399600,399600,0,99900
P3_design14_seed1,14,100000,50,4,40,100,1,runnerup,0,0,99900,0,0,False,,True,0,0.0,32,50,399600,399600,0,99900
P3_design14_seed1,14,100000,50,4,40,100,1,runnerup,0,0,99900,0,0,False,,True,0,0.0,33,50,399600,399600,0,99900
P3_design14_seed1,14,100000,50,4,40,100,1,runnerup,0,0,99900,0,0,False,,True,0,0.0,34,50,399600,399600,0,99900
P3_design14_seed1,14,100000,50,4,40,100,1,runnerup,0,0,99900,0,0,False,,True,0,0.0,35,50,399600,399600,0,99900
P3_design14_seed1,14,100000,50,4,40,100,1,runnerup,0,0,99900,0,0,False,,True,0,0.0,36,50,399600,399600,0,99900
P3_design14_seed1,14,100000,50,4,40,100,1,runnerup,0,0,99900,0,0,False,,True,0,0.0,37,50,399600,399600,0,99900
P3_design14_seed1,14,100000,50,4,40,100,1,runnerup,0,0,99900,0,0,False,,True,0,0.0,38,50,399600,399600,0,99900
P3_design14_seed1,14,100000,50,4,40,100,1,runnerup,0,0,99900,0,0,False,,True,0,0.0,39,50,399600,399600,0,99900
P3_design14_seed2,14,100000,50,4,40,100,2,fresh,0,0,99900,0,0,False,,False,0,0.0,0,50,399600,399600,0,99900
P3_design14_seed2,14,100000,50,4,40,100,2,fresh,0,0,99900,0,0,False,,False,0,0.0,1,50,399600,399600,0,99900
P3_design14_seed2,14,100000,50,4,40,100,2,fresh,0,0,99900,0,0,False,,False,0,0.0,2,50,399600,399600,0,99900
P3_design14_seed2,14,100000,50,4,40,100,2,fresh,0,0,99900,0,0,False,,False,0,0.0,3,50,399600,399600,0,99900
P3_design14_seed2,14,100000,50,4,40,100,2,fresh,0,0,99900,0,0,False,,False,0,0.0,4,50,399600,399600,0,99900
P3_design14_seed2,14,100000,50,4,40,100,2,fresh,0,0,99900,0,0,False,,False,0,0.0,5,50,399600,399600,0,99900
P3_design14_seed2,14,100000,50,4,40,100,2,fresh,0,0,99900,0,0,False,,False,0,0.0,6,50,399600,399600,0,99900
P3_design14_seed2,14,100000,50,4,40,100,2,fresh,0,0,99900,0,0,False,,False,0,0.0,7,50,399600,399600,0,99900
P3_design14_seed2,14,100000,50,4,40,100,2,fresh,0,0,99900,0,0,False,,False,0,0.0,8,50,399600,399600,0,99900
P3_design14_seed2,14,100000,50,4,40,100,2,fresh,0,0,99900,0,0,False,,False,0,0.0,9,50,399600,399600,0,99900
P3_design14_seed2,14,100000,50,4,40,100,2,fresh,0,0,99900,0,0,False,,False,0,0.0,10,50,399600,399600,0,99900
P3_design14_seed2,14,100000,50,4,40,100,2,fresh,0,0,99900,0,0,False,,False,0,0.0,11,50,399600,399600,0,99900
P3_design14_seed2,14,100000,50,4,40,100,2,fresh,0,0,99900,0,0,False,,False,0,0.0,12,50,399600,399600,0,99900
P3_design14_seed2,14,100000,50,4,40,100,2,fresh,0,0,99900,0,0,False,,False,0,0.0,13,50,399600,399600,0,99900
P3_design14_seed2,14,100000,50,4,40,100,2,fresh,0,0,99900,0,0,False,,False,0,0.0,14,50,399600,399600,0,99900
P3_design14_seed2,14,100000,50,4,40,100,2,fresh,0,0,99900,0,0,False,,False,0,0.0,15,50,399600,399600,0,99900
P3_design14_seed2,14,100000,50,4,40,100,2,fresh,0,0,99900,0,0,False,,False,0,0.0,16,50,399600,399600,0,99900
P3_design14_seed2,14,100000,50,4,40,100,2,fresh,0,0,99900,0,0,False,,False,0,0.0,17,50,399600,399600,0,99900
P3_design14_seed2,14,100000,50,4,40,100,2,fresh,0,0,99900,0,0,False,,False,0,0.0,18,50,399600,399600,0,99900
P3_design14_seed2,14,100000,50,4,40,100,2,fresh,0,0,99900,0,0,False,,False,0,0.0,19,50,399600,399600,0,99900
P3_design14_seed2,14,100000,50,4,40,100,2,fresh,0,0,99900,0,0,False,,False,0,0.0,20,50,399600,399600,0,99900
P3_design14_seed2,14,100000,50,4,40,100,2,fresh,0,0,99900,0,0,False,,False,0,0.0,21,50,399600,399600,0,99900
P3_design14_seed2,14,100000,50,4,40,100,2,fresh,0,0,99900,0,0,False,,False,0,0.0,22,50,399600,399600,0,99900
P3_design14_seed2,14,100000,50,4,40,100,2,fresh,0,0,99900,0,0,False,,False,0,0.0,23,50,399600,399600,0,99900
P3_design14_seed2,14,100000,50,4,40,100,2,fresh,0,0,99900,0,0,False,,False,0,0.0,24,50,399600,399600,0,99900
P3_design14_seed2,14,100000,50,4,40,100,2,fresh,0,0,99900,0,0,False,,False,0,0.0,25,50,399600,399600,0,99900
P3_design14_seed2,14,100000,50,4,40,100,2,fresh,0,0,99900,0,0,False,,False,0,0.0,26,50,399600,399600,0,99900
P3_design14_seed2,14,100000,50,4,40,100,2,fresh,0,0,99900,0,0,False,,False,0,0.0,27,50,399600,399600,0,99900
P3_design14_seed2,14,100000,50,4,40,100,2,fresh,0,0,99900,0,0,False,,False,0,0.0,28,50,399600,399600,0,99900
P3_design14_seed2,14,100000,50,4,40,100,2,fresh,0,0,99900,0,0,False,,False,0,0.0,29,50,399600,399600,0,99900
P3_design14_seed2,14,100000,50,4,40,100,2,fresh,0,0,99900,0,0,False,,False,0,0.0,30,50,399600,399600,0,99900
P3_design14_seed2,14,100000,50,4,40,100,2,fresh,0,0,99900,0,0,False,,False,0,0.0,31,50,399600,399600,0,99900
P3_design14_seed2,14,100000,50,4,40,100,2,fresh,0,0,99900,0,0,False,,False,0,0.0,32,50,399600,399600,0,99900
P3_design14_seed2,14,100000,50,4,40,100,2,fresh,0,0,99900,0,0,False,,False,0,0.0,33,50,399600,399600,0,99900
P3_design14_seed2,14,100000,50,4,40,100,2,fresh,0,0,99900,0,0,False,,False,0,0.0,34,50,399600,399600,0,99900
P3_design14_seed2,14,100000,50,4,40,100,2,fresh,0,0,99900,0,0,False,,False,0,0.0,35,50,399600,399600,0,99900
P3_design14_seed2,14,100000,50,4,40,100,2,fresh,0,0,99900,0,0,False,,False,0,0.0,36,50,399600,399600,0,99900
P3_design14_seed2,14,100000,50,4,40,100,2,fresh,0,0,99900,0,0,False,,False,0,0.0,37,50,399600,399600,0,99900
P3_design14_seed2,14,100000,50,4,40,100,2,fresh,0,0,99900,0,0,False,,False,0,0.0,38,50,399600,399600,0,99900
P3_design14_seed2,14,100000,50,4,40,100,2,fresh,0,0,99900,0,0,False,,False,0,0.0,39,50,399600,399600,0,99900
P3_design14_seed2,14,100000,50,4,40,100,2,none,0,0,99900,0,0,False,,False,0,0.0,0,50,399600,399600,0,99900
P3_design14_seed2,14,100000,50,4,40,100,2,none,0,0,99900,0,0,False,,False,0,0.0,1,50,399600,399600,0,99900
P3_design14_seed2,14,100000,50,4,40,100,2,none,0,0,99900,0,0,False,,False,0,0.0,2,50,399600,399600,0,99900
P3_design14_seed2,14,100000,50,4,40,100,2,none,0,0,99900,0,0,False,,False,0,0.0,3,50,399600,399600,0,99900
P3_design14_seed2,14,100000,50,4,40,100,2,none,0,0,99900,0,0,False,,False,0,0.0,4,50,399600,399600,0,99900
P3_design14_seed2,14,100000,50,4,40,100,2,none,0,0,99900,0,0,False,,False,0,0.0,5,50,399600,399600,0,99900
P3_design14_seed2,14,100000,50,4,40,100,2,none,0,0,99900,0,0,False,,False,0,0.0,6,50,399600,399600,0,99900
P3_design14_seed2,14,100000,50,4,40,100,2,none,0,0,99900,0,0,False,,False,0,0.0,7,50,399600,399600,0,99900
P3_design14_seed2,14,100000,50,4,40,100,2,none,0,0,99900,0,0,False,,False,0,0.0,8,50,399600,399600,0,99900
P3_design14_seed2,14,100000,50,4,40,100,2,none,0,0,99900,0,0,False,,False,0,0.0,9,50,399600,399600,0,99900
P3_design14_seed2,14,100000,50,4,40,100,2,none,0,0,99900,0,0,False,,False,0,0.0,10,50,399600,399600,0,99900
P3_design14_seed2,14,100000,50,4,40,100,2,none,0,0,99900,0,0,False,,False,0,0.0,11,50,399600,399600,0,99900
P3_design14_seed2,14,100000,50,4,40,100,2,none,0,0,99900,0,0,False,,False,0,0.0,12,50,399600,399600,0,99900
P3_design14_seed2,14,100000,50,4,40,100,2,none,0,0,99900,0,0,False,,False,0,0.0,13,50,399600,399600,0,99900
P3_design14_seed2,14,100000,50,4,40,100,2,none,0,0,99900,0,0,False,,False,0,0.0,14,50,399600,399600,0,99900
P3_design14_seed2,14,100000,50,4,40,100,2,none,0,0,99900,0,0,False,,False,0,0.0,15,50,399600,399600,0,99900
P3_design14_seed2,14,100000,50,4,40,100,2,none,0,0,99900,0,0,False,,False,0,0.0,16,50,399600,399600,0,99900
P3_design14_seed2,14,100000,50,4,40,100,2,none,0,0,99900,0,0,False,,False,0,0.0,17,50,399600,399600,0,99900
P3_design14_seed2,14,100000,50,4,40,100,2,none,0,0,99900,0,0,False,,False,0,0.0,18,50,399600,399600,0,99900
P3_design14_seed2,14,100000,50,4,40,100,2,none,0,0,99900,0,0,False,,False,0,0.0,19,50,399600,399600,0,99900
P3_design14_seed2,14,100000,50,4,40,100,2,none,0,0,99900,0,0,False,,False,0,0.0,20,50,399600,399600,0,99900
P3_design14_seed2,14,100000,50,4,40,100,2,none,0,0,99900,0,0,False,,False,0,0.0,21,50,399600,399600,0,99900
P3_design14_seed2,14,100000,50,4,40,100,2,none,0,0,99900,0,0,False,,False,0,0.0,22,50,399600,399600,0,99900
P3_design14_seed2,14,100000,50,4,40,100,2,none,0,0,99900,0,0,False,,False,0,0.0,23,50,399600,399600,0,99900
P3_design14_seed2,14,100000,50,4,40,100,2,none,0,0,99900,0,0,False,,False,0,0.0,24,50,399600,399600,0,99900
P3_design14_seed2,14,100000,50,4,40,100,2,none,0,0,99900,0,0,False,,False,0,0.0,25,50,399600,399600,0,99900
P3_design14_seed2,14,100000,50,4,40,100,2,none,0,0,99900,0,0,False,,False,0,0.0,26,50,399600,399600,0,99900
P3_design14_seed2,14,100000,50,4,40,100,2,none,0,0,99900,0,0,False,,False,0,0.0,27,50,399600,399600,0,99900
P3_design14_seed2,14,100000,50,4,40,100,2,none,0,0,99900,0,0,False,,False,0,0.0,28,50,399600,399600,0,99900
P3_design14_seed2,14,100000,50,4,40,100,2,none,0,0,99900,0,0,False,,False,0,0.0,29,50,399600,399600,0,99900
P3_design14_seed2,14,100000,50,4,40,100,2,none,0,0,99900,0,0,False,,False,0,0.0,30,50,399600,399600,0,99900
P3_design14_seed2,14,100000,50,4,40,100,2,none,0,0,99900,0,0,False,,False,0,0.0,31,50,399600,399600,0,99900
P3_design14_seed2,14,100000,50,4,40,100,2,none,0,0,99900,0,0,False,,False,0,0.0,32,50,399600,399600,0,99900
P3_design14_seed2,14,100000,50,4,40,100,2,none,0,0,99900,0,0,False,,False,0,0.0,33,50,399600,399600,0,99900
P3_design14_seed2,14,100000,50,4,40,100,2,none,0,0,99900,0,0,False,,False,0,0.0,34,50,399600,399600,0,99900
P3_design14_seed2,14,100000,50,4,40,100,2,none,0,0,99900,0,0,False,,False,0,0.0,35,50,399600,399600,0,99900
P3_design14_seed2,14,100000,50,4,40,100,2,none,0,0,99900,0,0,False,,False,0,0.0,36,50,399600,399600,0,99900
P3_design14_seed2,14,100000,50,4,40,100,2,none,0,0,99900,0,0,False,,False,0,0.0,37,50,399600,399600,0,99900
P3_design14_seed2,14,100000,50,4,40,100,2,none,0,0,99900,0,0,False,,False,0,0.0,38,50,399600,399600,0,99900
P3_design14_seed2,14,100000,50,4,40,100,2,none,0,0,99900,0,0,False,,False,0,0.0,39,50,399600,399600,0,99900
P3_design14_seed2,14,100000,50,4,40,100,2,basic,99900,99900,99900,0,0,True,0.0,False,0,0.0,0,100,799200,799200,0,199800
P3_design14_seed2,14,100000,50,4,40,100,2,basic,0,0,99900,0,0,False,,True,0,0.0,1,50,399600,399600,0,99900
P3_design14_seed2,14,100000,50,4,40,100,2,basic,0,0,99900,0,0,False,,True,0,0.0,2,50,399600,399600,0,99900
P3_design14_seed2,14,100000,50,4,40,100,2,basic,0,0,99900,0,0,False,,True,0,0.0,3,50,399600,399600,0,99900
P3_design14_seed2,14,100000,50,4,40,100,2,basic,0,0,99900,0,0,False,,True,0,0.0,4,50,399600,399600,0,99900
P3_design14_seed2,14,100000,50,4,40,100,2,basic,0,0,99900,0,0,False,,True,0,0.0,5,50,399600,399600,0,99900
P3_design14_seed2,14,100000,50,4,40,100,2,basic,0,0,99900,0,0,False,,True,0,0.0,6,50,399600,399600,0,99900
P3_design14_seed2,14,100000,50,4,40,100,2,basic,0,0,99900,0,0,False,,True,0,0.0,7,50,399600,399600,0,99900
P3_design14_seed2,14,100000,50,4,40,100,2,basic,0,0,99900,0,0,False,,True,0,0.0,8,50,399600,399600,0,99900
P3_design14_seed2,14,100000,50,4,40,100,2,basic,0,0,99900,0,0,False,,True,0,0.0,9,50,399600,399600,0,99900
P3_design14_seed2,14,100000,50,4,40,100,2,basic,0,0,99900,0,0,False,,True,0,0.0,10,50,399600,399600,0,99900
P3_design14_seed2,14,100000,50,4,40,100,2,basic,0,0,99900,0,0,False,,True,0,0.0,11,50,399600,399600,0,99900
P3_design14_seed2,14,100000,50,4,40,100,2,basic,0,0,99900,0,0,False,,True,0,0.0,12,50,399600,399600,0,99900
P3_design14_seed2,14,100000,50,4,40,100,2,basic,0,0,99900,0,0,False,,True,0,0.0,13,50,399600,399600,0,99900
P3_design14_seed2,14,100000,50,4,40,100,2,basic,0,0,99900,0,0,False,,True,0,0.0,14,50,399600,399600,0,99900
P3_design14_seed2,14,100000,50,4,40,100,2,basic,0,0,99900,0,0,False,,True,0,0.0,15,50,399600,399600,0,99900
P3_design14_seed2,14,100000,50,4,40,100,2,basic,0,0,99900,0,0,False,,True,0,0.0,16,50,399600,399600,0,99900
P3_design14_seed2,14,100000,50,4,40,100,2,basic,0,0,99900,0,0,False,,True,0,0.0,17,50,399600,399600,0,99900
P3_design14_seed2,14,100000,50,4,40,100,2,basic,0,0,99900,0,0,False,,True,0,0.0,18,50,399600,399600,0,99900
P3_design14_seed2,14,100000,50,4,40,100,2,basic,0,0,99900,0,0,False,,True,0,0.0,19,50,399600,399600,0,99900
P3_design14_seed2,14,100000,50,4,40,100,2,basic,0,0,99900,0,0,False,,True,0,0.0,20,50,399600,399600,0,99900
P3_design14_seed2,14,100000,50,4,40,100,2,basic,0,0,99900,0,0,False,,True,0,0.0,21,50,399600,399600,0,99900
P3_design14_seed2,14,100000,50,4,40,100,2,basic,0,0,99900,0,0,False,,True,0,0.0,22,50,399600,399600,0,99900
P3_design14_seed2,14,100000,50,4,40,100,2,basic,0,0,99900,0,0,False,,True,0,0.0,23,50,399600,399600,0,99900
P3_design14_seed2,14,100000,50,4,40,100,2,basic,0,0,99900,0,0,False,,True,0,0.0,24,50,399600,399600,0,99900
P3_design14_seed2,14,100000,50,4,40,100,2,basic,0,0,99900,0,0,False,,True,0,0.0,25,50,399600,399600,0,99900
P3_design14_seed2,14,100000,50,4,40,100,2,basic,0,0,99900,0,0,False,,True,0,0.0,26,50,399600,399600,0,99900
P3_design14_seed2,14,100000,50,4,40,100,2,basic,0,0,99900,0,0,False,,True,0,0.0,27,50,399600,399600,0,99900
P3_design14_seed2,14,100000,50,4,40,100,2,basic,0,0,99900,0,0,False,,True,0,0.0,28,50,399600,399600,0,99900
P3_design14_seed2,14,100000,50,4,40,100,2,basic,0,0,99900,0,0,False,,True,0,0.0,29,50,399600,399600,0,99900
P3_design14_seed2,14,100000,50,4,40,100,2,basic,0,0,99900,0,0,False,,True,0,0.0,30,50,399600,399600,0,99900
P3_design14_seed2,14,100000,50,4,40,100,2,basic,0,0,99900,0,0,False,,True,0,0.0,31,50,399600,399600,0,99900
P3_design14_seed2,14,100000,50,4,40,100,2,basic,0,0,99900,0,0,False,,True,0,0.0,32,50,399600,399600,0,99900
P3_design14_seed2,14,100000,50,4,40,100,2,basic,0,0,99900,0,0,False,,True,0,0.0,33,50,399600,399600,0,99900
P3_design14_seed2,14,100000,50,4,40,100,2,basic,0,0,99900,0,0,False,,True,0,0.0,34,50,399600,399600,0,99900
P3_design14_seed2,14,100000,50,4,40,100,2,basic,0,0,99900,0,0,False,,True,0,0.0,35,50,399600,399600,0,99900
P3_design14_seed2,14,100000,50,4,40,100,2,basic,0,0,99900,0,0,False,,True,0,0.0,36,50,399600,399600,0,99900
P3_design14_seed2,14,100000,50,4,40,100,2,basic,0,0,99900,0,0,False,,True,0,0.0,37,50,399600,399600,0,99900
P3_design14_seed2,14,100000,50,4,40,100,2,basic,0,0,99900,0,0,False,,True,0,0.0,38,50,399600,399600,0,99900
P3_design14_seed2,14,100000,50,4,40,100,2,basic,0,0,99900,0,0,False,,True,0,0.0,39,50,399600,399600,0,99900
P3_design14_seed2,14,100000,50,4,40,100,2,runnerup,99900,99900,99900,0,0,True,0.0,False,0,0.0,0,100,799200,799200,0,199800
P3_design14_seed2,14,100000,50,4,40,100,2,runnerup,0,0,99900,0,0,False,,True,0,0.0,1,50,399600,399600,0,99900
P3_design14_seed2,14,100000,50,4,40,100,2,runnerup,0,0,99900,0,0,False,,True,0,0.0,2,50,399600,399600,0,99900
P3_design14_seed2,14,100000,50,4,40,100,2,runnerup,0,0,99900,0,0,False,,True,0,0.0,3,50,399600,399600,0,99900
P3_design14_seed2,14,100000,50,4,40,100,2,runnerup,0,0,99900,0,0,False,,True,0,0.0,4,50,399600,399600,0,99900
P3_design14_seed2,14,100000,50,4,40,100,2,runnerup,0,0,99900,0,0,False,,True,0,0.0,5,50,399600,399600,0,99900
P3_design14_seed2,14,100000,50,4,40,100,2,runnerup,0,0,99900,0,0,False,,True,0,0.0,6,50,399600,399600,0,99900
P3_design14_seed2,14,100000,50,4,40,100,2,runnerup,0,0,99900,0,0,False,,True,0,0.0,7,50,399600,399600,0,99900
P3_design14_seed2,14,100000,50,4,40,100,2,runnerup,0,0,99900,0,0,False,,True,0,0.0,8,50,399600,399600,0,99900
P3_design14_seed2,14,100000,50,4,40,100,2,runnerup,0,0,99900,0,0,False,,True,0,0.0,9,50,399600,399600,0,99900
P3_design14_seed2,14,100000,50,4,40,100,2,runnerup,0,0,99900,0,0,False,,True,0,0.0,10,50,399600,399600,0,99900
P3_design14_seed2,14,100000,50,4,40,100,2,runnerup,0,0,99900,0,0,False,,True,0,0.0,11,50,399600,399600,0,99900
P3_design14_seed2,14,100000,50,4,40,100,2,runnerup,0,0,99900,0,0,False,,True,0,0.0,12,50,399600,399600,0,99900
P3_design14_seed2,14,100000,50,4,40,100,2,runnerup,0,0,99900,0,0,False,,True,0,0.0,13,50,399600,399600,0,99900
P3_design14_seed2,14,100000,50,4,40,100,2,runnerup,0,0,99900,0,0,False,,True,0,0.0,14,50,399600,399600,0,99900
P3_design14_seed2,14,100000,50,4,40,100,2,runnerup,0,0,99900,0,0,False,,True,0,0.0,15,50,399600,399600,0,99900
P3_design14_seed2,14,100000,50,4,40,100,2,runnerup,0,0,99900,0,0,False,,True,0,0.0,16,50,399600,399600,0,99900
P3_design14_seed2,14,100000,50,4,40,100,2,runnerup,0,0,99900,0,0,False,,True,0,0.0,17,50,399600,399600,0,99900
P3_design14_seed2,14,100000,50,4,40,100,2,runnerup,0,0,99900,0,0,False,,True,0,0.0,18,50,399600,399600,0,99900
P3_design14_seed2,14,100000,50,4,40,100,2,runnerup,0,0,99900,0,0,False,,True,0,0.0,19,50,399600,399600,0,99900
P3_design14_seed2,14,100000,50,4,40,100,2,runnerup,0,0,99900,0,0,False,,True,0,0.0,20,50,399600,399600,0,99900
P3_design14_seed2,14,100000,50,4,40,100,2,runnerup,0,0,99900,0,0,False,,True,0,0.0,21,50,399600,399600,0,99900
P3_design14_seed2,14,100000,50,4,40,100,2,runnerup,0,0,99900,0,0,False,,True,0,0.0,22,50,399600,399600,0,99900
P3_design14_seed2,14,100000,50,4,40,100,2,runnerup,0,0,99900,0,0,False,,True,0,0.0,23,50,399600,399600,0,99900
P3_design14_seed2,14,100000,50,4,40,100,2,runnerup,0,0,99900,0,0,False,,True,0,0.0,24,50,399600,399600,0,99900
P3_design14_seed2,14,100000,50,4,40,100,2,runnerup,0,0,99900,0,0,False,,True,0,0.0,25,50,399600,399600,0,99900
P3_design14_seed2,14,100000,50,4,40,100,2,runnerup,0,0,99900,0,0,False,,True,0,0.0,26,50,399600,399600,0,99900
P3_design14_seed2,14,100000,50,4,40,100,2,runnerup,0,0,99900,0,0,False,,True,0,0.0,27,50,399600,399600,0,99900
P3_design14_seed2,14,100000,50,4,40,100,2,runnerup,0,0,99900,0,0,False,,True,0,0.0,28,50,399600,399600,0,99900
P3_design14_seed2,14,100000,50,4,40,100,2,runnerup,0,0,99900,0,0,False,,True,0,0.0,29,50,399600,399600,0,99900
P3_design14_seed2,14,100000,50,4,40,100,2,runnerup,0,0,99900,0,0,False,,True,0,0.0,30,50,399600,399600,0,99900
P3_design14_seed2,14,100000,50,4,40,100,2,runnerup,0,0,99900,0,0,False,,True,0,0.0,31,50,399600,399600,0,99900
P3_design14_seed2,14,100000,50,4,40,100,2,runnerup,0,0,99900,0,0,False,,True,0,0.0,32,50,399600,399600,0,99900
P3_design14_seed2,14,100000,50,4,40,100,2,runnerup,0,0,99900,0,0,False,,True,0,0.0,33,50,399600,399600,0,99900
P3_design14_seed2,14,100000,50,4,40,100,2,runnerup,0,0,99900,0,0,False,,True,0,0.0,34,50,399600,399600,0,99900
P3_design14_seed2,14,100000,50,4,40,100,2,runnerup,0,0,99900,0,0,False,,True,0,0.0,35,50,399600,399600,0,99900
P3_design14_seed2,14,100000,50,4,40,100,2,runnerup,0,0,99900,0,0,False,,True,0,0.0,36,50,399600,399600,0,99900
P3_design14_seed2,14,100000,50,4,40,100,2,runnerup,0,0,99900,0,0,False,,True,0,0.0,37,50,399600,399600,0,99900
P3_design14_seed2,14,100000,50,4,40,100,2,runnerup,0,0,99900,0,0,False,,True,0,0.0,38,50,399600,399600,0,99900
P3_design14_seed2,14,100000,50,4,40,100,2,runnerup,0,0,99900,0,0,False,,True,0,0.0,39,50,399600,399600,0,99900
P3_design14_seed3,14,100000,50,4,40,100,3,fresh,0,0,99900,0,0,False,,False,0,0.0,0,50,399600,399600,0,99900
P3_design14_seed3,14,100000,50,4,40,100,3,fresh,0,0,99900,0,0,False,,False,0,0.0,1,50,399600,399600,0,99900
P3_design14_seed3,14,100000,50,4,40,100,3,fresh,0,0,99900,0,0,False,,False,0,0.0,2,50,399600,399600,0,99900
P3_design14_seed3,14,100000,50,4,40,100,3,fresh,0,0,99900,0,0,False,,False,0,0.0,3,50,399600,399600,0,99900
P3_design14_seed3,14,100000,50,4,40,100,3,fresh,0,0,99900,0,0,False,,False,0,0.0,4,50,399600,399600,0,99900
P3_design14_seed3,14,100000,50,4,40,100,3,fresh,0,0,99900,0,0,False,,False,0,0.0,5,50,399600,399600,0,99900
P3_design14_seed3,14,100000,50,4,40,100,3,fresh,0,0,99900,0,0,False,,False,0,0.0,6,50,399600,399600,0,99900
P3_design14_seed3,14,100000,50,4,40,100,3,fresh,0,0,99900,0,0,False,,False,0,0.0,7,50,399600,399600,0,99900
P3_design14_seed3,14,100000,50,4,40,100,3,fresh,0,0,99900,0,0,False,,False,0,0.0,8,50,399600,399600,0,99900
P3_design14_seed3,14,100000,50,4,40,100,3,fresh,0,0,99900,0,0,False,,False,0,0.0,9,50,399600,399600,0,99900
P3_design14_seed3,14,100000,50,4,40,100,3,fresh,0,0,99900,0,0,False,,False,0,0.0,10,50,399600,399600,0,99900
P3_design14_seed3,14,100000,50,4,40,100,3,fresh,0,0,99900,0,0,False,,False,0,0.0,11,50,399600,399600,0,99900
P3_design14_seed3,14,100000,50,4,40,100,3,fresh,0,0,99900,0,0,False,,False,0,0.0,12,50,399600,399600,0,99900
P3_design14_seed3,14,100000,50,4,40,100,3,fresh,0,0,99900,0,0,False,,False,0,0.0,13,50,399600,399600,0,99900
P3_design14_seed3,14,100000,50,4,40,100,3,fresh,0,0,99900,0,0,False,,False,0,0.0,14,50,399600,399600,0,99900
P3_design14_seed3,14,100000,50,4,40,100,3,fresh,0,0,99900,0,0,False,,False,0,0.0,15,50,399600,399600,0,99900
P3_design14_seed3,14,100000,50,4,40,100,3,fresh,0,0,99900,0,0,False,,False,0,0.0,16,50,399600,399600,0,99900
P3_design14_seed3,14,100000,50,4,40,100,3,fresh,0,0,99900,0,0,False,,False,0,0.0,17,50,399600,399600,0,99900
P3_design14_seed3,14,100000,50,4,40,100,3,fresh,0,0,99900,0,0,False,,False,0,0.0,18,50,399600,399600,0,99900
P3_design14_seed3,14,100000,50,4,40,100,3,fresh,0,0,99900,0,0,False,,False,0,0.0,19,50,399600,399600,0,99900
P3_design14_seed3,14,100000,50,4,40,100,3,fresh,0,0,99900,0,0,False,,False,0,0.0,20,50,399600,399600,0,99900
P3_design14_seed3,14,100000,50,4,40,100,3,fresh,0,0,99900,0,0,False,,False,0,0.0,21,50,399600,399600,0,99900
P3_design14_seed3,14,100000,50,4,40,100,3,fresh,0,0,99900,0,0,False,,False,0,0.0,22,50,399600,399600,0,99900
P3_design14_seed3,14,100000,50,4,40,100,3,fresh,0,0,99900,0,0,False,,False,0,0.0,23,50,399600,399600,0,99900
P3_design14_seed3,14,100000,50,4,40,100,3,fresh,0,0,99900,0,0,False,,False,0,0.0,24,50,399600,399600,0,99900
P3_design14_seed3,14,100000,50,4,40,100,3,fresh,0,0,99900,0,0,False,,False,0,0.0,25,50,399600,399600,0,99900
P3_design14_seed3,14,100000,50,4,40,100,3,fresh,0,0,99900,0,0,False,,False,0,0.0,26,50,399600,399600,0,99900
P3_design14_seed3,14,100000,50,4,40,100,3,fresh,0,0,99900,0,0,False,,False,0,0.0,27,50,399600,399600,0,99900
P3_design14_seed3,14,100000,50,4,40,100,3,fresh,0,0,99900,0,0,False,,False,0,0.0,28,50,399600,399600,0,99900
P3_design14_seed3,14,100000,50,4,40,100,3,fresh,0,0,99900,0,0,False,,False,0,0.0,29,50,399600,399600,0,99900
P3_design14_seed3,14,100000,50,4,40,100,3,fresh,0,0,99900,0,0,False,,False,0,0.0,30,50,399600,399600,0,99900
P3_design14_seed3,14,100000,50,4,40,100,3,fresh,0,0,99900,0,0,False,,False,0,0.0,31,50,399600,399600,0,99900
P3_design14_seed3,14,100000,50,4,40,100,3,fresh,0,0,99900,0,0,False,,False,0,0.0,32,50,399600,399600,0,99900
P3_design14_seed3,14,100000,50,4,40,100,3,fresh,0,0,99900,0,0,False,,False,0,0.0,33,50,399600,399600,0,99900
P3_design14_seed3,14,100000,50,4,40,100,3,fresh,0,0,99900,0,0,False,,False,0,0.0,34,50,399600,399600,0,99900
P3_design14_seed3,14,100000,50,4,40,100,3,fresh,0,0,99900,0,0,False,,False,0,0.0,35,50,399600,399600,0,99900
P3_design14_seed3,14,100000,50,4,40,100,3,fresh,0,0,99900,0,0,False,,False,0,0.0,36,50,399600,399600,0,99900
P3_design14_seed3,14,100000,50,4,40,100,3,fresh,0,0,99900,0,0,False,,False,0,0.0,37,50,399600,399600,0,99900
P3_design14_seed3,14,100000,50,4,40,100,3,fresh,0,0,99900,0,0,False,,False,0,0.0,38,50,399600,399600,0,99900
P3_design14_seed3,14,100000,50,4,40,100,3,fresh,0,0,99900,0,0,False,,False,0,0.0,39,50,399600,399600,0,99900
P3_design14_seed3,14,100000,50,4,40,100,3,none,0,0,99900,0,0,False,,False,0,0.0,0,50,399600,399600,0,99900
P3_design14_seed3,14,100000,50,4,40,100,3,none,0,0,99900,0,0,False,,False,0,0.0,1,50,399600,399600,0,99900
P3_design14_seed3,14,100000,50,4,40,100,3,none,0,0,99900,0,0,False,,False,0,0.0,2,50,399600,399600,0,99900
P3_design14_seed3,14,100000,50,4,40,100,3,none,0,0,99900,0,0,False,,False,0,0.0,3,50,399600,399600,0,99900
P3_design14_seed3,14,100000,50,4,40,100,3,none,0,0,99900,0,0,False,,False,0,0.0,4,50,399600,399600,0,99900
P3_design14_seed3,14,100000,50,4,40,100,3,none,0,0,99900,0,0,False,,False,0,0.0,5,50,399600,399600,0,99900
P3_design14_seed3,14,100000,50,4,40,100,3,none,0,0,99900,0,0,False,,False,0,0.0,6,50,399600,399600,0,99900
P3_design14_seed3,14,100000,50,4,40,100,3,none,0,0,99900,0,0,False,,False,0,0.0,7,50,399600,399600,0,99900
P3_design14_seed3,14,100000,50,4,40,100,3,none,0,0,99900,0,0,False,,False,0,0.0,8,50,399600,399600,0,99900
P3_design14_seed3,14,100000,50,4,40,100,3,none,0,0,99900,0,0,False,,False,0,0.0,9,50,399600,399600,0,99900
P3_design14_seed3,14,100000,50,4,40,100,3,none,0,0,99900,0,0,False,,False,0,0.0,10,50,399600,399600,0,99900
P3_design14_seed3,14,100000,50,4,40,100,3,none,0,0,99900,0,0,False,,False,0,0.0,11,50,399600,399600,0,99900
P3_design14_seed3,14,100000,50,4,40,100,3,none,0,0,99900,0,0,False,,False,0,0.0,12,50,399600,399600,0,99900
P3_design14_seed3,14,100000,50,4,40,100,3,none,0,0,99900,0,0,False,,False,0,0.0,13,50,399600,399600,0,99900
P3_design14_seed3,14,100000,50,4,40,100,3,none,0,0,99900,0,0,False,,False,0,0.0,14,50,399600,399600,0,99900
P3_design14_seed3,14,100000,50,4,40,100,3,none,0,0,99900,0,0,False,,False,0,0.0,15,50,399600,399600,0,99900
P3_design14_seed3,14,100000,50,4,40,100,3,none,0,0,99900,0,0,False,,False,0,0.0,16,50,399600,399600,0,99900
P3_design14_seed3,14,100000,50,4,40,100,3,none,0,0,99900,0,0,False,,False,0,0.0,17,50,399600,399600,0,99900
P3_design14_seed3,14,100000,50,4,40,100,3,none,0,0,99900,0,0,False,,False,0,0.0,18,50,399600,399600,0,99900
P3_design14_seed3,14,100000,50,4,40,100,3,none,0,0,99900,0,0,False,,False,0,0.0,19,50,399600,399600,0,99900
P3_design14_seed3,14,100000,50,4,40,100,3,none,0,0,99900,0,0,False,,False,0,0.0,20,50,399600,399600,0,99900
P3_design14_seed3,14,100000,50,4,40,100,3,none,0,0,99900,0,0,False,,False,0,0.0,21,50,399600,399600,0,99900
P3_design14_seed3,14,100000,50,4,40,100,3,none,0,0,99900,0,0,False,,False,0,0.0,22,50,399600,399600,0,99900
P3_design14_seed3,14,100000,50,4,40,100,3,none,0,0,99900,0,0,False,,False,0,0.0,23,50,399600,399600,0,99900
P3_design14_seed3,14,100000,50,4,40,100,3,none,0,0,99900,0,0,False,,False,0,0.0,24,50,399600,399600,0,99900
P3_design14_seed3,14,100000,50,4,40,100,3,none,0,0,99900,0,0,False,,False,0,0.0,25,50,399600,399600,0,99900
P3_design14_seed3,14,100000,50,4,40,100,3,none,0,0,99900,0,0,False,,False,0,0.0,26,50,399600,399600,0,99900
P3_design14_seed3,14,100000,50,4,40,100,3,none,0,0,99900,0,0,False,,False,0,0.0,27,50,399600,399600,0,99900
P3_design14_seed3,14,100000,50,4,40,100,3,none,0,0,99900,0,0,False,,False,0,0.0,28,50,399600,399600,0,99900
P3_design14_seed3,14,100000,50,4,40,100,3,none,0,0,99900,0,0,False,,False,0,0.0,29,50,399600,399600,0,99900
P3_design14_seed3,14,100000,50,4,40,100,3,none,0,0,99900,0,0,False,,False,0,0.0,30,50,399600,399600,0,99900
P3_design14_seed3,14,100000,50,4,40,100,3,none,0,0,99900,0,0,False,,False,0,0.0,31,50,399600,399600,0,99900
P3_design14_seed3,14,100000,50,4,40,100,3,none,0,0,99900,0,0,False,,False,0,0.0,32,50,399600,399600,0,99900
P3_design14_seed3,14,100000,50,4,40,100,3,none,0,0,99900,0,0,False,,False,0,0.0,33,50,399600,399600,0,99900
P3_design14_seed3,14,100000,50,4,40,100,3,none,0,0,99900,0,0,False,,False,0,0.0,34,50,399600,399600,0,99900
P3_design14_seed3,14,100000,50,4,40,100,3,none,0,0,99900,0,0,False,,False,0,0.0,35,50,399600,399600,0,99900
P3_design14_seed3,14,100000,50,4,40,100,3,none,0,0,99900,0,0,False,,False,0,0.0,36,50,399600,399600,0,99900
P3_design14_seed3,14,100000,50,4,40,100,3,none,0,0,99900,0,0,False,,False,0,0.0,37,50,399600,399600,0,99900
P3_design14_seed3,14,100000,50,4,40,100,3,none,0,0,99900,0,0,False,,False,0,0.0,38,50,399600,399600,0,99900
P3_design14_seed3,14,100000,50,4,40,100,3,none,0,0,99900,0,0,False,,False,0,0.0,39,50,399600,399600,0,99900
P3_design14_seed3,14,100000,50,4,40,100,3,basic,99900,99900,99900,0,0,True,0.0,False,0,0.0,0,100,799200,799200,0,199800
P3_design14_seed3,14,100000,50,4,40,100,3,basic,0,0,99900,0,0,False,,True,0,0.0,1,50,399600,399600,0,99900
P3_design14_seed3,14,100000,50,4,40,100,3,basic,0,0,99900,0,0,False,,True,0,0.0,2,50,399600,399600,0,99900
P3_design14_seed3,14,100000,50,4,40,100,3,basic,0,0,99900,0,0,False,,True,0,0.0,3,50,399600,399600,0,99900
P3_design14_seed3,14,100000,50,4,40,100,3,basic,0,0,99900,0,0,False,,True,0,0.0,4,50,399600,399600,0,99900
P3_design14_seed3,14,100000,50,4,40,100,3,basic,0,0,99900,0,0,False,,True,0,0.0,5,50,399600,399600,0,99900
P3_design14_seed3,14,100000,50,4,40,100,3,basic,0,0,99900,0,0,False,,True,0,0.0,6,50,399600,399600,0,99900
P3_design14_seed3,14,100000,50,4,40,100,3,basic,0,0,99900,0,0,False,,True,0,0.0,7,50,399600,399600,0,99900
P3_design14_seed3,14,100000,50,4,40,100,3,basic,0,0,99900,0,0,False,,True,0,0.0,8,50,399600,399600,0,99900
P3_design14_seed3,14,100000,50,4,40,100,3,basic,0,0,99900,0,0,False,,True,0,0.0,9,50,399600,399600,0,99900
P3_design14_seed3,14,100000,50,4,40,100,3,basic,0,0,99900,0,0,False,,True,0,0.0,10,50,399600,399600,0,99900
P3_design14_seed3,14,100000,50,4,40,100,3,basic,0,0,99900,0,0,False,,True,0,0.0,11,50,399600,399600,0,99900
P3_design14_seed3,14,100000,50,4,40,100,3,basic,0,0,99900,0,0,False,,True,0,0.0,12,50,399600,399600,0,99900
P3_design14_seed3,14,100000,50,4,40,100,3,basic,0,0,99900,0,0,False,,True,0,0.0,13,50,399600,399600,0,99900
P3_design14_seed3,14,100000,50,4,40,100,3,basic,0,0,99900,0,0,False,,True,0,0.0,14,50,399600,399600,0,99900
P3_design14_seed3,14,100000,50,4,40,100,3,basic,0,0,99900,0,0,False,,True,0,0.0,15,50,399600,399600,0,99900
P3_design14_seed3,14,100000,50,4,40,100,3,basic,0,0,99900,0,0,False,,True,0,0.0,16,50,399600,399600,0,99900
P3_design14_seed3,14,100000,50,4,40,100,3,basic,0,0,99900,0,0,False,,True,0,0.0,17,50,399600,399600,0,99900
P3_design14_seed3,14,100000,50,4,40,100,3,basic,0,0,99900,0,0,False,,True,0,0.0,18,50,399600,399600,0,99900
P3_design14_seed3,14,100000,50,4,40,100,3,basic,0,0,99900,0,0,False,,True,0,0.0,19,50,399600,399600,0,99900
P3_design14_seed3,14,100000,50,4,40,100,3,basic,0,0,99900,0,0,False,,True,0,0.0,20,50,399600,399600,0,99900
P3_design14_seed3,14,100000,50,4,40,100,3,basic,0,0,99900,0,0,False,,True,0,0.0,21,50,399600,399600,0,99900
P3_design14_seed3,14,100000,50,4,40,100,3,basic,0,0,99900,0,0,False,,True,0,0.0,22,50,399600,399600,0,99900
P3_design14_seed3,14,100000,50,4,40,100,3,basic,0,0,99900,0,0,False,,True,0,0.0,23,50,399600,399600,0,99900
P3_design14_seed3,14,100000,50,4,40,100,3,basic,0,0,99900,0,0,False,,True,0,0.0,24,50,399600,399600,0,99900
P3_design14_seed3,14,100000,50,4,40,100,3,basic,0,0,99900,0,0,False,,True,0,0.0,25,50,399600,399600,0,99900
P3_design14_seed3,14,100000,50,4,40,100,3,basic,0,0,99900,0,0,False,,True,0,0.0,26,50,399600,399600,0,99900
P3_design14_seed3,14,100000,50,4,40,100,3,basic,0,0,99900,0,0,False,,True,0,0.0,27,50,399600,399600,0,99900
P3_design14_seed3,14,100000,50,4,40,100,3,basic,0,0,99900,0,0,False,,True,0,0.0,28,50,399600,399600,0,99900
P3_design14_seed3,14,100000,50,4,40,100,3,basic,0,0,99900,0,0,False,,True,0,0.0,29,50,399600,399600,0,99900
P3_design14_seed3,14,100000,50,4,40,100,3,basic,0,0,99900,0,0,False,,True,0,0.0,30,50,399600,399600,0,99900
P3_design14_seed3,14,100000,50,4,40,100,3,basic,0,0,99900,0,0,False,,True,0,0.0,31,50,399600,399600,0,99900
P3_design14_seed3,14,100000,50,4,40,100,3,basic,0,0,99900,0,0,False,,True,0,0.0,32,50,399600,399600,0,99900
P3_design14_seed3,14,100000,50,4,40,100,3,basic,0,0,99900,0,0,False,,True,0,0.0,33,50,399600,399600,0,99900
P3_design14_seed3,14,100000,50,4,40,100,3,basic,0,0,99900,0,0,False,,True,0,0.0,34,50,399600,399600,0,99900
P3_design14_seed3,14,100000,50,4,40,100,3,basic,0,0,99900,0,0,False,,True,0,0.0,35,50,399600,399600,0,99900
P3_design14_seed3,14,100000,50,4,40,100,3,basic,0,0,99900,0,0,False,,True,0,0.0,36,50,399600,399600,0,99900
P3_design14_seed3,14,100000,50,4,40,100,3,basic,0,0,99900,0,0,False,,True,0,0.0,37,50,399600,399600,0,99900
P3_design14_seed3,14,100000,50,4,40,100,3,basic,0,0,99900,0,0,False,,True,0,0.0,38,50,399600,399600,0,99900
P3_design14_seed3,14,100000,50,4,40,100,3,basic,0,0,99900,0,0,False,,True,0,0.0,39,50,399600,399600,0,99900
P3_design14_seed3,14,100000,50,4,40,100,3,runnerup,99900,99900,99900,0,0,True,0.0,False,0,0.0,0,100,799200,799200,0,199800
P3_design14_seed3,14,100000,50,4,40,100,3,runnerup,0,0,99900,0,0,False,,True,0,0.0,1,50,399600,399600,0,99900
P3_design14_seed3,14,100000,50,4,40,100,3,runnerup,0,0,99900,0,0,False,,True,0,0.0,2,50,399600,399600,0,99900
P3_design14_seed3,14,100000,50,4,40,100,3,runnerup,0,0,99900,0,0,False,,True,0,0.0,3,50,399600,399600,0,99900
P3_design14_seed3,14,100000,50,4,40,100,3,runnerup,0,0,99900,0,0,False,,True,0,0.0,4,50,399600,399600,0,99900
P3_design14_seed3,14,100000,50,4,40,100,3,runnerup,0,0,99900,0,0,False,,True,0,0.0,5,50,399600,399600,0,99900
P3_design14_seed3,14,100000,50,4,40,100,3,runnerup,0,0,99900,0,0,False,,True,0,0.0,6,50,399600,399600,0,99900
P3_design14_seed3,14,100000,50,4,40,100,3,runnerup,0,0,99900,0,0,False,,True,0,0.0,7,50,399600,399600,0,99900
P3_design14_seed3,14,100000,50,4,40,100,3,runnerup,0,0,99900,0,0,False,,True,0,0.0,8,50,399600,399600,0,99900
P3_design14_seed3,14,100000,50,4,40,100,3,runnerup,0,0,99900,0,0,False,,True,0,0.0,9,50,399600,399600,0,99900
P3_design14_seed3,14,100000,50,4,40,100,3,runnerup,0,0,99900,0,0,False,,True,0,0.0,10,50,399600,399600,0,99900
P3_design14_seed3,14,100000,50,4,40,100,3,runnerup,0,0,99900,0,0,False,,True,0,0.0,11,50,399600,399600,0,99900
P3_design14_seed3,14,100000,50,4,40,100,3,runnerup,0,0,99900,0,0,False,,True,0,0.0,12,50,399600,399600,0,99900
P3_design14_seed3,14,100000,50,4,40,100,3,runnerup,0,0,99900,0,0,False,,True,0,0.0,13,50,399600,399600,0,99900
P3_design14_seed3,14,100000,50,4,40,100,3,runnerup,0,0,99900,0,0,False,,True,0,0.0,14,50,399600,399600,0,99900
P3_design14_seed3,14,100000,50,4,40,100,3,runnerup,0,0,99900,0,0,False,,True,0,0.0,15,50,399600,399600,0,99900
P3_design14_seed3,14,100000,50,4,40,100,3,runnerup,0,0,99900,0,0,False,,True,0,0.0,16,50,399600,399600,0,99900
P3_design14_seed3,14,100000,50,4,40,100,3,runnerup,0,0,99900,0,0,False,,True,0,0.0,17,50,399600,399600,0,99900
P3_design14_seed3,14,100000,50,4,40,100,3,runnerup,0,0,99900,0,0,False,,True,0,0.0,18,50,399600,399600,0,99900
P3_design14_seed3,14,100000,50,4,40,100,3,runnerup,0,0,99900,0,0,False,,True,0,0.0,19,50,399600,399600,0,99900
P3_design14_seed3,14,100000,50,4,40,100,3,runnerup,0,0,99900,0,0,False,,True,0,0.0,20,50,399600,399600,0,99900
P3_design14_seed3,14,100000,50,4,40,100,3,runnerup,0,0,99900,0,0,False,,True,0,0.0,21,50,399600,399600,0,99900
P3_design14_seed3,14,100000,50,4,40,100,3,runnerup,0,0,99900,0,0,False,,True,0,0.0,22,50,399600,399600,0,99900
P3_design14_seed3,14,100000,50,4,40,100,3,runnerup,0,0,99900,0,0,False,,True,0,0.0,23,50,399600,399600,0,99900
P3_design14_seed3,14,100000,50,4,40,100,3,runnerup,0,0,99900,0,0,False,,True,0,0.0,24,50,399600,399600,0,99900
P3_design14_seed3,14,100000,50,4,40,100,3,runnerup,0,0,99900,0,0,False,,True,0,0.0,25,50,399600,399600,0,99900
P3_design14_seed3,14,100000,50,4,40,100,3,runnerup,0,0,99900,0,0,False,,True,0,0.0,26,50,399600,399600,0,99900
P3_design14_seed3,14,100000,50,4,40,100,3,runnerup,0,0,99900,0,0,False,,True,0,0.0,27,50,399600,399600,0,99900
P3_design14_seed3,14,100000,50,4,40,100,3,runnerup,0,0,99900,0,0,False,,True,0,0.0,28,50,399600,399600,0,99900
P3_design14_seed3,14,100000,50,4,40,100,3,runnerup,0,0,99900,0,0,False,,True,0,0.0,29,50,399600,399600,0,99900
P3_design14_seed3,14,100000,50,4,40,100,3,runnerup,0,0,99900,0,0,False,,True,0,0.0,30,50,399600,399600,0,99900
P3_design14_seed3,14,100000,50,4,40,100,3,runnerup,0,0,99900,0,0,False,,True,0,0.0,31,50,399600,399600,0,99900
P3_design14_seed3,14,100000,50,4,40,100,3,runnerup,0,0,99900,0,0,False,,True,0,0.0,32,50,399600,399600,0,99900
P3_design14_seed3,14,100000,50,4,40,100,3,runnerup,0,0,99900,0,0,False,,True,0,0.0,33,50,399600,399600,0,99900
P3_design14_seed3,14,100000,50,4,40,100,3,runnerup,0,0,99900,0,0,False,,True,0,0.0,34,50,399600,399600,0,99900
P3_design14_seed3,14,100000,50,4,40,100,3,runnerup,0,0,99900,0,0,False,,True,0,0.0,35,50,399600,399600,0,99900
P3_design14_seed3,14,100000,50,4,40,100,3,runnerup,0,0,99900,0,0,False,,True,0,0.0,36,50,399600,399600,0,99900
P3_design14_seed3,14,100000,50,4,40,100,3,runnerup,0,0,99900,0,0,False,,True,0,0.0,37,50,399600,399600,0,99900
P3_design14_seed3,14,100000,50,4,40,100,3,runnerup,0,0,99900,0,0,False,,True,0,0.0,38,50,399600,399600,0,99900
P3_design14_seed3,14,100000,50,4,40,100,3,runnerup,0,0,99900,0,0,False,,True,0,0.0,39,50,399600,399600,0,99900
P3_design14_seed4,14,100000,50,4,40,100,4,fresh,0,0,99900,0,0,False,,False,0,0.0,0,50,399600,399600,0,99900
P3_design14_seed4,14,100000,50,4,40,100,4,fresh,0,0,99900,0,0,False,,False,0,0.0,1,50,399600,399600,0,99900
P3_design14_seed4,14,100000,50,4,40,100,4,fresh,0,0,99900,0,0,False,,False,0,0.0,2,50,399600,399600,0,99900
P3_design14_seed4,14,100000,50,4,40,100,4,fresh,0,0,99900,0,0,False,,False,0,0.0,3,50,399600,399600,0,99900
P3_design14_seed4,14,100000,50,4,40,100,4,fresh,0,0,99900,0,0,False,,False,0,0.0,4,50,399600,399600,0,99900
P3_design14_seed4,14,100000,50,4,40,100,4,fresh,0,0,99900,0,0,False,,False,0,0.0,5,50,399600,399600,0,99900
P3_design14_seed4,14,100000,50,4,40,100,4,fresh,0,0,99900,0,0,False,,False,0,0.0,6,50,399600,399600,0,99900
P3_design14_seed4,14,100000,50,4,40,100,4,fresh,0,0,99900,0,0,False,,False,0,0.0,7,50,399600,399600,0,99900
P3_design14_seed4,14,100000,50,4,40,100,4,fresh,0,0,99900,0,0,False,,False,0,0.0,8,50,399600,399600,0,99900
P3_design14_seed4,14,100000,50,4,40,100,4,fresh,0,0,99900,0,0,False,,False,0,0.0,9,50,399600,399600,0,99900
P3_design14_seed4,14,100000,50,4,40,100,4,fresh,0,0,99900,0,0,False,,False,0,0.0,10,50,399600,399600,0,99900
P3_design14_seed4,14,100000,50,4,40,100,4,fresh,0,0,99900,0,0,False,,False,0,0.0,11,50,399600,399600,0,99900
P3_design14_seed4,14,100000,50,4,40,100,4,fresh,0,0,99900,0,0,False,,False,0,0.0,12,50,399600,399600,0,99900
P3_design14_seed4,14,100000,50,4,40,100,4,fresh,0,0,99900,0,0,False,,False,0,0.0,13,50,399600,399600,0,99900
P3_design14_seed4,14,100000,50,4,40,100,4,fresh,0,0,99900,0,0,False,,False,0,0.0,14,50,399600,399600,0,99900
P3_design14_seed4,14,100000,50,4,40,100,4,fresh,0,0,99900,0,0,False,,False,0,0.0,15,50,399600,399600,0,99900
P3_design14_seed4,14,100000,50,4,40,100,4,fresh,0,0,99900,0,0,False,,False,0,0.0,16,50,399600,399600,0,99900
P3_design14_seed4,14,100000,50,4,40,100,4,fresh,0,0,99900,0,0,False,,False,0,0.0,17,50,399600,399600,0,99900
P3_design14_seed4,14,100000,50,4,40,100,4,fresh,0,0,99900,0,0,False,,False,0,0.0,18,50,399600,399600,0,99900
P3_design14_seed4,14,100000,50,4,40,100,4,fresh,0,0,99900,0,0,False,,False,0,0.0,19,50,399600,399600,0,99900
P3_design14_seed4,14,100000,50,4,40,100,4,fresh,0,0,99900,0,0,False,,False,0,0.0,20,50,399600,399600,0,99900
P3_design14_seed4,14,100000,50,4,40,100,4,fresh,0,0,99900,0,0,False,,False,0,0.0,21,50,399600,399600,0,99900
P3_design14_seed4,14,100000,50,4,40,100,4,fresh,0,0,99900,0,0,False,,False,0,0.0,22,50,399600,399600,0,99900
P3_design14_seed4,14,100000,50,4,40,100,4,fresh,0,0,99900,0,0,False,,False,0,0.0,23,50,399600,399600,0,99900
P3_design14_seed4,14,100000,50,4,40,100,4,fresh,0,0,99900,0,0,False,,False,0,0.0,24,50,399600,399600,0,99900
P3_design14_seed4,14,100000,50,4,40,100,4,fresh,0,0,99900,0,0,False,,False,0,0.0,25,50,399600,399600,0,99900
P3_design14_seed4,14,100000,50,4,40,100,4,fresh,0,0,99900,0,0,False,,False,0,0.0,26,50,399600,399600,0,99900
P3_design14_seed4,14,100000,50,4,40,100,4,fresh,0,0,99900,0,0,False,,False,0,0.0,27,50,399600,399600,0,99900
P3_design14_seed4,14,100000,50,4,40,100,4,fresh,0,0,99900,0,0,False,,False,0,0.0,28,50,399600,399600,0,99900
P3_design14_seed4,14,100000,50,4,40,100,4,fresh,0,0,99900,0,0,False,,False,0,0.0,29,50,399600,399600,0,99900
P3_design14_seed4,14,100000,50,4,40,100,4,fresh,0,0,99900,0,0,False,,False,0,0.0,30,50,399600,399600,0,99900
P3_design14_seed4,14,100000,50,4,40,100,4,fresh,0,0,99900,0,0,False,,False,0,0.0,31,50,399600,399600,0,99900
P3_design14_seed4,14,100000,50,4,40,100,4,fresh,0,0,99900,0,0,False,,False,0,0.0,32,50,399600,399600,0,99900
P3_design14_seed4,14,100000,50,4,40,100,4,fresh,0,0,99900,0,0,False,,False,0,0.0,33,50,399600,399600,0,99900
P3_design14_seed4,14,100000,50,4,40,100,4,fresh,0,0,99900,0,0,False,,False,0,0.0,34,50,399600,399600,0,99900
P3_design14_seed4,14,100000,50,4,40,100,4,fresh,0,0,99900,0,0,False,,False,0,0.0,35,50,399600,399600,0,99900
P3_design14_seed4,14,100000,50,4,40,100,4,fresh,0,0,99900,0,0,False,,False,0,0.0,36,50,399600,399600,0,99900
P3_design14_seed4,14,100000,50,4,40,100,4,fresh,0,0,99900,0,0,False,,False,0,0.0,37,50,399600,399600,0,99900
P3_design14_seed4,14,100000,50,4,40,100,4,fresh,0,0,99900,0,0,False,,False,0,0.0,38,50,399600,399600,0,99900
P3_design14_seed4,14,100000,50,4,40,100,4,fresh,0,0,99900,0,0,False,,False,0,0.0,39,50,399600,399600,0,99900
P3_design14_seed4,14,100000,50,4,40,100,4,none,0,0,99900,0,0,False,,False,0,0.0,0,50,399600,399600,0,99900
P3_design14_seed4,14,100000,50,4,40,100,4,none,0,0,99900,0,0,False,,False,0,0.0,1,50,399600,399600,0,99900
P3_design14_seed4,14,100000,50,4,40,100,4,none,0,0,99900,0,0,False,,False,0,0.0,2,50,399600,399600,0,99900
P3_design14_seed4,14,100000,50,4,40,100,4,none,0,0,99900,0,0,False,,False,0,0.0,3,50,399600,399600,0,99900
P3_design14_seed4,14,100000,50,4,40,100,4,none,0,0,99900,0,0,False,,False,0,0.0,4,50,399600,399600,0,99900
P3_design14_seed4,14,100000,50,4,40,100,4,none,0,0,99900,0,0,False,,False,0,0.0,5,50,399600,399600,0,99900
P3_design14_seed4,14,100000,50,4,40,100,4,none,0,0,99900,0,0,False,,False,0,0.0,6,50,399600,399600,0,99900
P3_design14_seed4,14,100000,50,4,40,100,4,none,0,0,99900,0,0,False,,False,0,0.0,7,50,399600,399600,0,99900
P3_design14_seed4,14,100000,50,4,40,100,4,none,0,0,99900,0,0,False,,False,0,0.0,8,50,399600,399600,0,99900
P3_design14_seed4,14,100000,50,4,40,100,4,none,0,0,99900,0,0,False,,False,0,0.0,9,50,399600,399600,0,99900
P3_design14_seed4,14,100000,50,4,40,100,4,none,0,0,99900,0,0,False,,False,0,0.0,10,50,399600,399600,0,99900
P3_design14_seed4,14,100000,50,4,40,100,4,none,0,0,99900,0,0,False,,False,0,0.0,11,50,399600,399600,0,99900
P3_design14_seed4,14,100000,50,4,40,100,4,none,0,0,99900,0,0,False,,False,0,0.0,12,50,399600,399600,0,99900
P3_design14_seed4,14,100000,50,4,40,100,4,none,0,0,99900,0,0,False,,False,0,0.0,13,50,399600,399600,0,99900
P3_design14_seed4,14,100000,50,4,40,100,4,none,0,0,99900,0,0,False,,False,0,0.0,14,50,399600,399600,0,99900
P3_design14_seed4,14,100000,50,4,40,100,4,none,0,0,99900,0,0,False,,False,0,0.0,15,50,399600,399600,0,99900
P3_design14_seed4,14,100000,50,4,40,100,4,none,0,0,99900,0,0,False,,False,0,0.0,16,50,399600,399600,0,99900
P3_design14_seed4,14,100000,50,4,40,100,4,none,0,0,99900,0,0,False,,False,0,0.0,17,50,399600,399600,0,99900
P3_design14_seed4,14,100000,50,4,40,100,4,none,0,0,99900,0,0,False,,False,0,0.0,18,50,399600,399600,0,99900
P3_design14_seed4,14,100000,50,4,40,100,4,none,0,0,99900,0,0,False,,False,0,0.0,19,50,399600,399600,0,99900
P3_design14_seed4,14,100000,50,4,40,100,4,none,0,0,99900,0,0,False,,False,0,0.0,20,50,399600,399600,0,99900
P3_design14_seed4,14,100000,50,4,40,100,4,none,0,0,99900,0,0,False,,False,0,0.0,21,50,399600,399600,0,99900
P3_design14_seed4,14,100000,50,4,40,100,4,none,0,0,99900,0,0,False,,False,0,0.0,22,50,399600,399600,0,99900
P3_design14_seed4,14,100000,50,4,40,100,4,none,0,0,99900,0,0,False,,False,0,0.0,23,50,399600,399600,0,99900
P3_design14_seed4,14,100000,50,4,40,100,4,none,0,0,99900,0,0,False,,False,0,0.0,24,50,399600,399600,0,99900
P3_design14_seed4,14,100000,50,4,40,100,4,none,0,0,99900,0,0,False,,False,0,0.0,25,50,399600,399600,0,99900
P3_design14_seed4,14,100000,50,4,40,100,4,none,0,0,99900,0,0,False,,False,0,0.0,26,50,399600,399600,0,99900
P3_design14_seed4,14,100000,50,4,40,100,4,none,0,0,99900,0,0,False,,False,0,0.0,27,50,399600,399600,0,99900
P3_design14_seed4,14,100000,50,4,40,100,4,none,0,0,99900,0,0,False,,False,0,0.0,28,50,399600,399600,0,99900
P3_design14_seed4,14,100000,50,4,40,100,4,none,0,0,99900,0,0,False,,False,0,0.0,29,50,399600,399600,0,99900
P3_design14_seed4,14,100000,50,4,40,100,4,none,0,0,99900,0,0,False,,False,0,0.0,30,50,399600,399600,0,99900
P3_design14_seed4,14,100000,50,4,40,100,4,none,0,0,99900,0,0,False,,False,0,0.0,31,50,399600,399600,0,99900
P3_design14_seed4,14,100000,50,4,40,100,4,none,0,0,99900,0,0,False,,False,0,0.0,32,50,399600,399600,0,99900
P3_design14_seed4,14,100000,50,4,40,100,4,none,0,0,99900,0,0,False,,False,0,0.0,33,50,399600,399600,0,99900
P3_design14_seed4,14,100000,50,4,40,100,4,none,0,0,99900,0,0,False,,False,0,0.0,34,50,399600,399600,0,99900
P3_design14_seed4,14,100000,50,4,40,100,4,none,0,0,99900,0,0,False,,False,0,0.0,35,50,399600,399600,0,99900
P3_design14_seed4,14,100000,50,4,40,100,4,none,0,0,99900,0,0,False,,False,0,0.0,36,50,399600,399600,0,99900
P3_design14_seed4,14,100000,50,4,40,100,4,none,0,0,99900,0,0,False,,False,0,0.0,37,50,399600,399600,0,99900
P3_design14_seed4,14,100000,50,4,40,100,4,none,0,0,99900,0,0,False,,False,0,0.0,38,50,399600,399600,0,99900
P3_design14_seed4,14,100000,50,4,40,100,4,none,0,0,99900,0,0,False,,False,0,0.0,39,50,399600,399600,0,99900
P3_design14_seed4,14,100000,50,4,40,100,4,basic,99900,99900,99900,0,0,True,0.0,False,0,0.0,0,100,799200,799200,0,199800
P3_design14_seed4,14,100000,50,4,40,100,4,basic,0,0,99900,0,0,False,,True,0,0.0,1,50,399600,399600,0,99900
P3_design14_seed4,14,100000,50,4,40,100,4,basic,0,0,99900,0,0,False,,True,0,0.0,2,50,399600,399600,0,99900
P3_design14_seed4,14,100000,50,4,40,100,4,basic,0,0,99900,0,0,False,,True,0,0.0,3,50,399600,399600,0,99900
P3_design14_seed4,14,100000,50,4,40,100,4,basic,0,0,99900,0,0,False,,True,0,0.0,4,50,399600,399600,0,99900
P3_design14_seed4,14,100000,50,4,40,100,4,basic,0,0,99900,0,0,False,,True,0,0.0,5,50,399600,399600,0,99900
P3_design14_seed4,14,100000,50,4,40,100,4,basic,0,0,99900,0,0,False,,True,0,0.0,6,50,399600,399600,0,99900
P3_design14_seed4,14,100000,50,4,40,100,4,basic,0,0,99900,0,0,False,,True,0,0.0,7,50,399600,399600,0,99900
P3_design14_seed4,14,100000,50,4,40,100,4,basic,0,0,99900,0,0,False,,True,0,0.0,8,50,399600,399600,0,99900
P3_design14_seed4,14,100000,50,4,40,100,4,basic,0,0,99900,0,0,False,,True,0,0.0,9,50,399600,399600,0,99900
P3_design14_seed4,14,100000,50,4,40,100,4,basic,0,0,99900,0,0,False,,True,0,0.0,10,50,399600,399600,0,99900
P3_design14_seed4,14,100000,50,4,40,100,4,basic,0,0,99900,0,0,False,,True,0,0.0,11,50,399600,399600,0,99900
P3_design14_seed4,14,100000,50,4,40,100,4,basic,0,0,99900,0,0,False,,True,0,0.0,12,50,399600,399600,0,99900
P3_design14_seed4,14,100000,50,4,40,100,4,basic,0,0,99900,0,0,False,,True,0,0.0,13,50,399600,399600,0,99900
P3_design14_seed4,14,100000,50,4,40,100,4,basic,0,0,99900,0,0,False,,True,0,0.0,14,50,399600,399600,0,99900
P3_design14_seed4,14,100000,50,4,40,100,4,basic,0,0,99900,0,0,False,,True,0,0.0,15,50,399600,399600,0,99900
P3_design14_seed4,14,100000,50,4,40,100,4,basic,0,0,99900,0,0,False,,True,0,0.0,16,50,399600,399600,0,99900
P3_design14_seed4,14,100000,50,4,40,100,4,basic,0,0,99900,0,0,False,,True,0,0.0,17,50,399600,399600,0,99900
P3_design14_seed4,14,100000,50,4,40,100,4,basic,0,0,99900,0,0,False,,True,0,0.0,18,50,399600,399600,0,99900
P3_design14_seed4,14,100000,50,4,40,100,4,basic,0,0,99900,0,0,False,,True,0,0.0,19,50,399600,399600,0,99900
P3_design14_seed4,14,100000,50,4,40,100,4,basic,0,0,99900,0,0,False,,True,0,0.0,20,50,399600,399600,0,99900
P3_design14_seed4,14,100000,50,4,40,100,4,basic,0,0,99900,0,0,False,,True,0,0.0,21,50,399600,399600,0,99900
P3_design14_seed4,14,100000,50,4,40,100,4,basic,0,0,99900,0,0,False,,True,0,0.0,22,50,399600,399600,0,99900
P3_design14_seed4,14,100000,50,4,40,100,4,basic,0,0,99900,0,0,False,,True,0,0.0,23,50,399600,399600,0,99900
P3_design14_seed4,14,100000,50,4,40,100,4,basic,0,0,99900,0,0,False,,True,0,0.0,24,50,399600,399600,0,99900
P3_design14_seed4,14,100000,50,4,40,100,4,basic,0,0,99900,0,0,False,,True,0,0.0,25,50,399600,399600,0,99900
P3_design14_seed4,14,100000,50,4,40,100,4,basic,0,0,99900,0,0,False,,True,0,0.0,26,50,399600,399600,0,99900
P3_design14_seed4,14,100000,50,4,40,100,4,basic,0,0,99900,0,0,False,,True,0,0.0,27,50,399600,399600,0,99900
P3_design14_seed4,14,100000,50,4,40,100,4,basic,0,0,99900,0,0,False,,True,0,0.0,28,50,399600,399600,0,99900
P3_design14_seed4,14,100000,50,4,40,100,4,basic,0,0,99900,0,0,False,,True,0,0.0,29,50,399600,399600,0,99900
P3_design14_seed4,14,100000,50,4,40,100,4,basic,0,0,99900,0,0,False,,True,0,0.0,30,50,399600,399600,0,99900
P3_design14_seed4,14,100000,50,4,40,100,4,basic,0,0,99900,0,0,False,,True,0,0.0,31,50,399600,399600,0,99900
P3_design14_seed4,14,100000,50,4,40,100,4,basic,0,0,99900,0,0,False,,True,0,0.0,32,50,399600,399600,0,99900
P3_design14_seed4,14,100000,50,4,40,100,4,basic,0,0,99900,0,0,False,,True,0,0.0,33,50,399600,399600,0,99900
P3_design14_seed4,14,100000,50,4,40,100,4,basic,0,0,99900,0,0,False,,True,0,0.0,34,50,399600,399600,0,99900
P3_design14_seed4,14,100000,50,4,40,100,4,basic,0,0,99900,0,0,False,,True,0,0.0,35,50,399600,399600,0,99900
P3_design14_seed4,14,100000,50,4,40,100,4,basic,0,0,99900,0,0,False,,True,0,0.0,36,50,399600,399600,0,99900
P3_design14_seed4,14,100000,50,4,40,100,4,basic,0,0,99900,0,0,False,,True,0,0.0,37,50,399600,399600,0,99900
P3_design14_seed4,14,100000,50,4,40,100,4,basic,0,0,99900,0,0,False,,True,0,0.0,38,50,399600,399600,0,99900
P3_design14_seed4,14,100000,50,4,40,100,4,basic,0,0,99900,0,0,False,,True,0,0.0,39,50,399600,399600,0,99900
P3_design14_seed4,14,100000,50,4,40,100,4,runnerup,99900,99900,99900,0,0,True,0.0,False,0,0.0,0,100,799200,799200,0,199800
P3_design14_seed4,14,100000,50,4,40,100,4,runnerup,0,0,99900,0,0,False,,True,0,0.0,1,50,399600,399600,0,99900
P3_design14_seed4,14,100000,50,4,40,100,4,runnerup,0,0,99900,0,0,False,,True,0,0.0,2,50,399600,399600,0,99900
P3_design14_seed4,14,100000,50,4,40,100,4,runnerup,0,0,99900,0,0,False,,True,0,0.0,3,50,399600,399600,0,99900
P3_design14_seed4,14,100000,50,4,40,100,4,runnerup,0,0,99900,0,0,False,,True,0,0.0,4,50,399600,399600,0,99900
P3_design14_seed4,14,100000,50,4,40,100,4,runnerup,0,0,99900,0,0,False,,True,0,0.0,5,50,399600,399600,0,99900
P3_design14_seed4,14,100000,50,4,40,100,4,runnerup,0,0,99900,0,0,False,,True,0,0.0,6,50,399600,399600,0,99900
P3_design14_seed4,14,100000,50,4,40,100,4,runnerup,0,0,99900,0,0,False,,True,0,0.0,7,50,399600,399600,0,99900
P3_design14_seed4,14,100000,50,4,40,100,4,runnerup,0,0,99900,0,0,False,,True,0,0.0,8,50,399600,399600,0,99900
P3_design14_seed4,14,100000,50,4,40,100,4,runnerup,0,0,99900,0,0,False,,True,0,0.0,9,50,399600,399600,0,99900
P3_design14_seed4,14,100000,50,4,40,100,4,runnerup,0,0,99900,0,0,False,,True,0,0.0,10,50,399600,399600,0,99900
P3_design14_seed4,14,100000,50,4,40,100,4,runnerup,0,0,99900,0,0,False,,True,0,0.0,11,50,399600,399600,0,99900
P3_design14_seed4,14,100000,50,4,40,100,4,runnerup,0,0,99900,0,0,False,,True,0,0.0,12,50,399600,399600,0,99900
P3_design14_seed4,14,100000,50,4,40,100,4,runnerup,0,0,99900,0,0,False,,True,0,0.0,13,50,399600,399600,0,99900
P3_design14_seed4,14,100000,50,4,40,100,4,runnerup,0,0,99900,0,0,False,,True,0,0.0,14,50,399600,399600,0,99900
P3_design14_seed4,14,100000,50,4,40,100,4,runnerup,0,0,99900,0,0,False,,True,0,0.0,15,50,399600,399600,0,99900
P3_design14_seed4,14,100000,50,4,40,100,4,runnerup,0,0,99900,0,0,False,,True,0,0.0,16,50,399600,399600,0,99900
P3_design14_seed4,14,100000,50,4,40,100,4,runnerup,0,0,99900,0,0,False,,True,0,0.0,17,50,399600,399600,0,99900
P3_design14_seed4,14,100000,50,4,40,100,4,runnerup,0,0,99900,0,0,False,,True,0,0.0,18,50,399600,399600,0,99900
P3_design14_seed4,14,100000,50,4,40,100,4,runnerup,0,0,99900,0,0,False,,True,0,0.0,19,50,399600,399600,0,99900
P3_design14_seed4,14,100000,50,4,40,100,4,runnerup,0,0,99900,0,0,False,,True,0,0.0,20,50,399600,399600,0,99900
P3_design14_seed4,14,100000,50,4,40,100,4,runnerup,0,0,99900,0,0,False,,True,0,0.0,21,50,399600,399600,0,99900
P3_design14_seed4,14,100000,50,4,40,100,4,runnerup,0,0,99900,0,0,False,,True,0,0.0,22,50,399600,399600,0,99900
P3_design14_seed4,14,100000,50,4,40,100,4,runnerup,0,0,99900,0,0,False,,True,0,0.0,23,50,399600,399600,0,99900
P3_design14_seed4,14,100000,50,4,40,100,4,runnerup,0,0,99900,0,0,False,,True,0,0.0,24,50,399600,399600,0,99900
P3_design14_seed4,14,100000,50,4,40,100,4,runnerup,0,0,99900,0,0,False,,True,0,0.0,25,50,399600,399600,0,99900
P3_design14_seed4,14,100000,50,4,40,100,4,runnerup,0,0,99900,0,0,False,,True,0,0.0,26,50,399600,399600,0,99900
P3_design14_seed4,14,100000,50,4,40,100,4,runnerup,0,0,99900,0,0,False,,True,0,0.0,27,50,399600,399600,0,99900
P3_design14_seed4,14,100000,50,4,40,100,4,runnerup,0,0,99900,0,0,False,,True,0,0.0,28,50,399600,399600,0,99900
P3_design14_seed4,14,100000,50,4,40,100,4,runnerup,0,0,99900,0,0,False,,True,0,0.0,29,50,399600,399600,0,99900
P3_design14_seed4,14,100000,50,4,40,100,4,runnerup,0,0,99900,0,0,False,,True,0,0.0,30,50,399600,399600,0,99900
P3_design14_seed4,14,100000,50,4,40,100,4,runnerup,0,0,99900,0,0,False,,True,0,0.0,31,50,399600,399600,0,99900
P3_design14_seed4,14,100000,50,4,40,100,4,runnerup,0,0,99900,0,0,False,,True,0,0.0,32,50,399600,399600,0,99900
P3_design14_seed4,14,100000,50,4,40,100,4,runnerup,0,0,99900,0,0,False,,True,0,0.0,33,50,399600,399600,0,99900
P3_design14_seed4,14,100000,50,4,40,100,4,runnerup,0,0,99900,0,0,False,,True,0,0.0,34,50,399600,399600,0,99900
P3_design14_seed4,14,100000,50,4,40,100,4,runnerup,0,0,99900,0,0,False,,True,0,0.0,35,50,399600,399600,0,99900
P3_design14_seed4,14,100000,50,4,40,100,4,runnerup,0,0,99900,0,0,False,,True,0,0.0,36,50,399600,399600,0,99900
P3_design14_seed4,14,100000,50,4,40,100,4,runnerup,0,0,99900,0,0,False,,True,0,0.0,37,50,399600,399600,0,99900
P3_design14_seed4,14,100000,50,4,40,100,4,runnerup,0,0,99900,0,0,False,,True,0,0.0,38,50,399600,399600,0,99900
P3_design14_seed4,14,100000,50,4,40,100,4,runnerup,0,0,99900,0,0,False,,True,0,0.0,39,50,399600,399600,0,99900
P3_design17_seed0,17,100000,50,4,5,1000,0,fresh,0,0,99000,0,0,False,,False,0,0.0,0,50,396000,396000,0,99000
P3_design17_seed0,17,100000,50,4,5,1000,0,fresh,0,0,99000,0,0,False,,False,0,0.0,1,50,396000,396000,0,99000
P3_design17_seed0,17,100000,50,4,5,1000,0,fresh,0,0,99000,0,0,False,,False,0,0.0,2,50,396000,396000,0,99000
P3_design17_seed0,17,100000,50,4,5,1000,0,fresh,0,0,99000,0,0,False,,False,0,0.0,3,50,396000,396000,0,99000
P3_design17_seed0,17,100000,50,4,5,1000,0,fresh,0,0,99000,0,0,False,,False,0,0.0,4,50,396000,396000,0,99000
P3_design17_seed0,17,100000,50,4,5,1000,0,none,0,0,99000,0,0,False,,False,0,0.0,0,50,396000,396000,0,99000
P3_design17_seed0,17,100000,50,4,5,1000,0,none,0,0,99000,0,0,False,,False,0,0.0,1,50,396000,396000,0,99000
P3_design17_seed0,17,100000,50,4,5,1000,0,none,0,0,99000,0,0,False,,False,0,0.0,2,50,396000,396000,0,99000
P3_design17_seed0,17,100000,50,4,5,1000,0,none,0,0,99000,0,0,False,,False,0,0.0,3,50,396000,396000,0,99000
P3_design17_seed0,17,100000,50,4,5,1000,0,none,0,0,99000,0,0,False,,False,0,0.0,4,50,396000,396000,0,99000
P3_design17_seed0,17,100000,50,4,5,1000,0,basic,99000,99000,99000,0,0,True,0.0,False,0,0.0,0,100,792000,792000,0,198000
P3_design17_seed0,17,100000,50,4,5,1000,0,basic,0,0,99000,0,0,False,,True,0,0.0,1,50,396000,396000,0,99000
P3_design17_seed0,17,100000,50,4,5,1000,0,basic,0,0,99000,0,0,False,,True,0,0.0,2,50,396000,396000,0,99000
P3_design17_seed0,17,100000,50,4,5,1000,0,basic,0,0,99000,0,0,False,,True,0,0.0,3,50,396000,396000,0,99000
P3_design17_seed0,17,100000,50,4,5,1000,0,basic,0,0,99000,0,0,False,,True,0,0.0,4,50,396000,396000,0,99000
P3_design17_seed0,17,100000,50,4,5,1000,0,runnerup,99000,99000,99000,0,0,True,0.0,False,0,0.0,0,100,792000,792000,0,198000
P3_design17_seed0,17,100000,50,4,5,1000,0,runnerup,0,0,99000,0,0,False,,True,0,0.0,1,50,396000,396000,0,99000
P3_design17_seed0,17,100000,50,4,5,1000,0,runnerup,0,0,99000,0,0,False,,True,0,0.0,2,50,396000,396000,0,99000
P3_design17_seed0,17,100000,50,4,5,1000,0,runnerup,0,0,99000,0,0,False,,True,0,0.0,3,50,396000,396000,0,99000
P3_design17_seed0,17,100000,50,4,5,1000,0,runnerup,0,0,99000,0,0,False,,True,0,0.0,4,50,396000,396000,0,99000
P3_design17_seed1,17,100000,50,4,5,1000,1,fresh,0,0,99000,0,0,False,,False,0,0.0,0,50,396000,396000,0,99000
P3_design17_seed1,17,100000,50,4,5,1000,1,fresh,0,0,99000,0,0,False,,False,0,0.0,1,50,396000,396000,0,99000
P3_design17_seed1,17,100000,50,4,5,1000,1,fresh,0,0,99000,0,0,False,,False,0,0.0,2,50,396000,396000,0,99000
P3_design17_seed1,17,100000,50,4,5,1000,1,fresh,0,0,99000,0,0,False,,False,0,0.0,3,50,396000,396000,0,99000
P3_design17_seed1,17,100000,50,4,5,1000,1,fresh,0,0,99000,0,0,False,,False,0,0.0,4,50,396000,396000,0,99000
P3_design17_seed1,17,100000,50,4,5,1000,1,none,0,0,99000,0,0,False,,False,0,0.0,0,50,396000,396000,0,99000
P3_design17_seed1,17,100000,50,4,5,1000,1,none,0,0,99000,0,0,False,,False,0,0.0,1,50,396000,396000,0,99000
P3_design17_seed1,17,100000,50,4,5,1000,1,none,0,0,99000,0,0,False,,False,0,0.0,2,50,396000,396000,0,99000
P3_design17_seed1,17,100000,50,4,5,1000,1,none,0,0,99000,0,0,False,,False,0,0.0,3,50,396000,396000,0,99000
P3_design17_seed1,17,100000,50,4,5,1000,1,none,0,0,99000,0,0,False,,False,0,0.0,4,50,396000,396000,0,99000
P3_design17_seed1,17,100000,50,4,5,1000,1,basic,99000,99000,99000,0,0,True,0.0,False,0,0.0,0,100,792000,792000,0,198000
P3_design17_seed1,17,100000,50,4,5,1000,1,basic,0,0,99000,0,0,False,,True,0,0.0,1,50,396000,396000,0,99000
P3_design17_seed1,17,100000,50,4,5,1000,1,basic,0,0,99000,0,0,False,,True,0,0.0,2,50,396000,396000,0,99000
P3_design17_seed1,17,100000,50,4,5,1000,1,basic,0,0,99000,0,0,False,,True,0,0.0,3,50,396000,396000,0,99000
P3_design17_seed1,17,100000,50,4,5,1000,1,basic,0,0,99000,0,0,False,,True,0,0.0,4,50,396000,396000,0,99000
P3_design17_seed1,17,100000,50,4,5,1000,1,runnerup,99000,99000,99000,0,0,True,0.0,False,0,0.0,0,100,792000,792000,0,198000
P3_design17_seed1,17,100000,50,4,5,1000,1,runnerup,0,0,99000,0,0,False,,True,0,0.0,1,50,396000,396000,0,99000
P3_design17_seed1,17,100000,50,4,5,1000,1,runnerup,0,0,99000,0,0,False,,True,0,0.0,2,50,396000,396000,0,99000
P3_design17_seed1,17,100000,50,4,5,1000,1,runnerup,0,0,99000,0,0,False,,True,0,0.0,3,50,396000,396000,0,99000
P3_design17_seed1,17,100000,50,4,5,1000,1,runnerup,0,0,99000,0,0,False,,True,0,0.0,4,50,396000,396000,0,99000
P3_design17_seed2,17,100000,50,4,5,1000,2,fresh,0,0,99000,0,0,False,,False,0,0.0,0,50,396000,396000,0,99000
P3_design17_seed2,17,100000,50,4,5,1000,2,fresh,0,0,99000,0,0,False,,False,0,0.0,1,50,396000,396000,0,99000
P3_design17_seed2,17,100000,50,4,5,1000,2,fresh,0,0,99000,0,0,False,,False,0,0.0,2,50,396000,396000,0,99000
P3_design17_seed2,17,100000,50,4,5,1000,2,fresh,0,0,99000,0,0,False,,False,0,0.0,3,50,396000,396000,0,99000
P3_design17_seed2,17,100000,50,4,5,1000,2,fresh,0,0,99000,0,0,False,,False,0,0.0,4,50,396000,396000,0,99000
P3_design17_seed2,17,100000,50,4,5,1000,2,none,0,0,99000,0,0,False,,False,0,0.0,0,50,396000,396000,0,99000
P3_design17_seed2,17,100000,50,4,5,1000,2,none,0,0,99000,0,0,False,,False,0,0.0,1,50,396000,396000,0,99000
P3_design17_seed2,17,100000,50,4,5,1000,2,none,0,0,99000,0,0,False,,False,0,0.0,2,50,396000,396000,0,99000
P3_design17_seed2,17,100000,50,4,5,1000,2,none,0,0,99000,0,0,False,,False,0,0.0,3,50,396000,396000,0,99000
P3_design17_seed2,17,100000,50,4,5,1000,2,none,0,0,99000,0,0,False,,False,0,0.0,4,50,396000,396000,0,99000
P3_design17_seed2,17,100000,50,4,5,1000,2,basic,99000,99000,99000,0,0,True,0.0,False,0,0.0,0,100,792000,792000,0,198000
P3_design17_seed2,17,100000,50,4,5,1000,2,basic,0,0,99000,0,0,False,,True,0,0.0,1,50,396000,396000,0,99000
P3_design17_seed2,17,100000,50,4,5,1000,2,basic,0,0,99000,0,0,False,,True,0,0.0,2,50,396000,396000,0,99000
P3_design17_seed2,17,100000,50,4,5,1000,2,basic,0,0,99000,0,0,False,,True,0,0.0,3,50,396000,396000,0,99000
P3_design17_seed2,17,100000,50,4,5,1000,2,basic,0,0,99000,0,0,False,,True,0,0.0,4,50,396000,396000,0,99000
P3_design17_seed2,17,100000,50,4,5,1000,2,runnerup,99000,99000,99000,0,0,True,0.0,False,0,0.0,0,100,792000,792000,0,198000
P3_design17_seed2,17,100000,50,4,5,1000,2,runnerup,0,0,99000,0,0,False,,True,0,0.0,1,50,396000,396000,0,99000
P3_design17_seed2,17,100000,50,4,5,1000,2,runnerup,0,0,99000,0,0,False,,True,0,0.0,2,50,396000,396000,0,99000
P3_design17_seed2,17,100000,50,4,5,1000,2,runnerup,0,0,99000,0,0,False,,True,0,0.0,3,50,396000,396000,0,99000
P3_design17_seed2,17,100000,50,4,5,1000,2,runnerup,0,0,99000,0,0,False,,True,0,0.0,4,50,396000,396000,0,99000
P3_design17_seed3,17,100000,50,4,5,1000,3,fresh,0,0,99000,0,0,False,,False,0,0.0,0,50,396000,396000,0,99000
P3_design17_seed3,17,100000,50,4,5,1000,3,fresh,0,0,99000,0,0,False,,False,0,0.0,1,50,396000,396000,0,99000
P3_design17_seed3,17,100000,50,4,5,1000,3,fresh,0,0,99000,0,0,False,,False,0,0.0,2,50,396000,396000,0,99000
P3_design17_seed3,17,100000,50,4,5,1000,3,fresh,0,0,99000,0,0,False,,False,0,0.0,3,50,396000,396000,0,99000
P3_design17_seed3,17,100000,50,4,5,1000,3,fresh,0,0,99000,0,0,False,,False,0,0.0,4,50,396000,396000,0,99000
P3_design17_seed3,17,100000,50,4,5,1000,3,none,0,0,99000,0,0,False,,False,0,0.0,0,50,396000,396000,0,99000
P3_design17_seed3,17,100000,50,4,5,1000,3,none,0,0,99000,0,0,False,,False,0,0.0,1,50,396000,396000,0,99000
P3_design17_seed3,17,100000,50,4,5,1000,3,none,0,0,99000,0,0,False,,False,0,0.0,2,50,396000,396000,0,99000
P3_design17_seed3,17,100000,50,4,5,1000,3,none,0,0,99000,0,0,False,,False,0,0.0,3,50,396000,396000,0,99000
P3_design17_seed3,17,100000,50,4,5,1000,3,none,0,0,99000,0,0,False,,False,0,0.0,4,50,396000,396000,0,99000
P3_design17_seed3,17,100000,50,4,5,1000,3,basic,99000,99000,99000,0,0,True,0.0,False,0,0.0,0,100,792000,792000,0,198000
P3_design17_seed3,17,100000,50,4,5,1000,3,basic,0,0,99000,0,0,False,,True,0,0.0,1,50,396000,396000,0,99000
P3_design17_seed3,17,100000,50,4,5,1000,3,basic,0,0,99000,0,0,False,,True,0,0.0,2,50,396000,396000,0,99000
P3_design17_seed3,17,100000,50,4,5,1000,3,basic,0,0,99000,0,0,False,,True,0,0.0,3,50,396000,396000,0,99000
P3_design17_seed3,17,100000,50,4,5,1000,3,basic,0,0,99000,0,0,False,,True,0,0.0,4,50,396000,396000,0,99000
P3_design17_seed3,17,100000,50,4,5,1000,3,runnerup,99000,99000,99000,0,0,True,0.0,False,0,0.0,0,100,792000,792000,0,198000
P3_design17_seed3,17,100000,50,4,5,1000,3,runnerup,0,0,99000,0,0,False,,True,0,0.0,1,50,396000,396000,0,99000
P3_design17_seed3,17,100000,50,4,5,1000,3,runnerup,0,0,99000,0,0,False,,True,0,0.0,2,50,396000,396000,0,99000
P3_design17_seed3,17,100000,50,4,5,1000,3,runnerup,0,0,99000,0,0,False,,True,0,0.0,3,50,396000,396000,0,99000
P3_design17_seed3,17,100000,50,4,5,1000,3,runnerup,0,0,99000,0,0,False,,True,0,0.0,4,50,396000,396000,0,99000
P3_design17_seed4,17,100000,50,4,5,1000,4,fresh,0,0,99000,0,0,False,,False,0,0.0,0,50,396000,396000,0,99000
P3_design17_seed4,17,100000,50,4,5,1000,4,fresh,0,0,99000,0,0,False,,False,0,0.0,1,50,396000,396000,0,99000
P3_design17_seed4,17,100000,50,4,5,1000,4,fresh,0,0,99000,0,0,False,,False,0,0.0,2,50,396000,396000,0,99000
P3_design17_seed4,17,100000,50,4,5,1000,4,fresh,0,0,99000,0,0,False,,False,0,0.0,3,50,396000,396000,0,99000
P3_design17_seed4,17,100000,50,4,5,1000,4,fresh,0,0,99000,0,0,False,,False,0,0.0,4,50,396000,396000,0,99000
P3_design17_seed4,17,100000,50,4,5,1000,4,none,0,0,99000,0,0,False,,False,0,0.0,0,50,396000,396000,0,99000
P3_design17_seed4,17,100000,50,4,5,1000,4,none,0,0,99000,0,0,False,,False,0,0.0,1,50,396000,396000,0,99000
P3_design17_seed4,17,100000,50,4,5,1000,4,none,0,0,99000,0,0,False,,False,0,0.0,2,50,396000,396000,0,99000
P3_design17_seed4,17,100000,50,4,5,1000,4,none,0,0,99000,0,0,False,,False,0,0.0,3,50,396000,396000,0,99000
P3_design17_seed4,17,100000,50,4,5,1000,4,none,0,0,99000,0,0,False,,False,0,0.0,4,50,396000,396000,0,99000
P3_design17_seed4,17,100000,50,4,5,1000,4,basic,99000,99000,99000,0,0,True,0.0,False,0,0.0,0,100,792000,792000,0,198000
P3_design17_seed4,17,100000,50,4,5,1000,4,basic,0,0,99000,0,0,False,,True,0,0.0,1,50,396000,396000,0,99000
P3_design17_seed4,17,100000,50,4,5,1000,4,basic,0,0,99000,0,0,False,,True,0,0.0,2,50,396000,396000,0,99000
P3_design17_seed4,17,100000,50,4,5,1000,4,basic,0,0,99000,0,0,False,,True,0,0.0,3,50,396000,396000,0,99000
P3_design17_seed4,17,100000,50,4,5,1000,4,basic,0,0,99000,0,0,False,,True,0,0.0,4,50,396000,396000,0,99000
P3_design17_seed4,17,100000,50,4,5,1000,4,runnerup,99000,99000,99000,0,0,True,0.0,False,0,0.0,0,100,792000,792000,0,198000
P3_design17_seed4,17,100000,50,4,5,1000,4,runnerup,0,0,99000,0,0,False,,True,0,0.0,1,50,396000,396000,0,99000
P3_design17_seed4,17,100000,50,4,5,1000,4,runnerup,0,0,99000,0,0,False,,True,0,0.0,2,50,396000,396000,0,99000
P3_design17_seed4,17,100000,50,4,5,1000,4,runnerup,0,0,99000,0,0,False,,True,0,0.0,3,50,396000,396000,0,99000
P3_design17_seed4,17,100000,50,4,5,1000,4,runnerup,0,0,99000,0,0,False,,True,0,0.0,4,50,396000,396000,0,99000
P3_design18_seed0,18,100000,50,4,5,5000,0,fresh,0,0,95000,0,0,False,,False,0,0.0,0,50,380000,380000,0,95000
P3_design18_seed0,18,100000,50,4,5,5000,0,fresh,0,0,95000,0,0,False,,False,0,0.0,1,50,380000,380000,0,95000
P3_design18_seed0,18,100000,50,4,5,5000,0,fresh,0,0,95000,0,0,False,,False,0,0.0,2,50,380000,380000,0,95000
P3_design18_seed0,18,100000,50,4,5,5000,0,fresh,0,0,95000,0,0,False,,False,0,0.0,3,50,380000,380000,0,95000
P3_design18_seed0,18,100000,50,4,5,5000,0,fresh,0,0,95000,0,0,False,,False,0,0.0,4,50,380000,380000,0,95000
P3_design18_seed0,18,100000,50,4,5,5000,0,none,0,0,95000,0,0,False,,False,0,0.0,0,50,380000,380000,0,95000
P3_design18_seed0,18,100000,50,4,5,5000,0,none,0,0,95000,0,0,False,,False,0,0.0,1,50,380000,380000,0,95000
P3_design18_seed0,18,100000,50,4,5,5000,0,none,0,0,95000,0,0,False,,False,0,0.0,2,50,380000,380000,0,95000
P3_design18_seed0,18,100000,50,4,5,5000,0,none,0,0,95000,0,0,False,,False,0,0.0,3,50,380000,380000,0,95000
P3_design18_seed0,18,100000,50,4,5,5000,0,none,0,0,95000,0,0,False,,False,0,0.0,4,50,380000,380000,0,95000
P3_design18_seed0,18,100000,50,4,5,5000,0,basic,95000,95000,95000,0,0,True,0.0,False,0,0.0,0,100,760000,760000,0,190000
P3_design18_seed0,18,100000,50,4,5,5000,0,basic,0,0,95000,0,0,False,,True,0,0.0,1,50,380000,380000,0,95000
P3_design18_seed0,18,100000,50,4,5,5000,0,basic,0,0,95000,0,0,False,,True,0,0.0,2,50,380000,380000,0,95000
P3_design18_seed0,18,100000,50,4,5,5000,0,basic,0,0,95000,0,0,False,,True,0,0.0,3,50,380000,380000,0,95000
P3_design18_seed0,18,100000,50,4,5,5000,0,basic,0,0,95000,0,0,False,,True,0,0.0,4,50,380000,380000,0,95000
P3_design18_seed0,18,100000,50,4,5,5000,0,runnerup,95000,95000,95000,0,0,True,0.0,False,0,0.0,0,100,760000,760000,0,190000
P3_design18_seed0,18,100000,50,4,5,5000,0,runnerup,0,0,95000,0,0,False,,True,0,0.0,1,50,380000,380000,0,95000
P3_design18_seed0,18,100000,50,4,5,5000,0,runnerup,0,0,95000,0,0,False,,True,0,0.0,2,50,380000,380000,0,95000
P3_design18_seed0,18,100000,50,4,5,5000,0,runnerup,0,0,95000,0,0,False,,True,0,0.0,3,50,380000,380000,0,95000
P3_design18_seed0,18,100000,50,4,5,5000,0,runnerup,0,0,95000,0,0,False,,True,0,0.0,4,50,380000,380000,0,95000
P3_design18_seed1,18,100000,50,4,5,5000,1,fresh,0,0,95000,0,0,False,,False,0,0.0,0,50,380000,380000,0,95000
P3_design18_seed1,18,100000,50,4,5,5000,1,fresh,0,0,95000,0,0,False,,False,0,0.0,1,50,380000,380000,0,95000
P3_design18_seed1,18,100000,50,4,5,5000,1,fresh,0,0,95000,0,0,False,,False,0,0.0,2,50,380000,380000,0,95000
P3_design18_seed1,18,100000,50,4,5,5000,1,fresh,0,0,95000,0,0,False,,False,0,0.0,3,50,380000,380000,0,95000
P3_design18_seed1,18,100000,50,4,5,5000,1,fresh,0,0,95000,0,0,False,,False,0,0.0,4,50,380000,380000,0,95000
P3_design18_seed1,18,100000,50,4,5,5000,1,none,0,0,95000,0,0,False,,False,0,0.0,0,50,380000,380000,0,95000
P3_design18_seed1,18,100000,50,4,5,5000,1,none,0,0,95000,0,0,False,,False,0,0.0,1,50,380000,380000,0,95000
P3_design18_seed1,18,100000,50,4,5,5000,1,none,0,0,95000,0,0,False,,False,0,0.0,2,50,380000,380000,0,95000
P3_design18_seed1,18,100000,50,4,5,5000,1,none,0,0,95000,0,0,False,,False,0,0.0,3,50,380000,380000,0,95000
P3_design18_seed1,18,100000,50,4,5,5000,1,none,0,0,95000,0,0,False,,False,0,0.0,4,50,380000,380000,0,95000
P3_design18_seed1,18,100000,50,4,5,5000,1,basic,95000,95000,95000,0,0,True,0.0,False,0,0.0,0,100,760000,760000,0,190000
P3_design18_seed1,18,100000,50,4,5,5000,1,basic,0,0,95000,0,0,False,,True,0,0.0,1,50,380000,380000,0,95000
P3_design18_seed1,18,100000,50,4,5,5000,1,basic,0,0,95000,0,0,False,,True,0,0.0,2,50,380000,380000,0,95000
P3_design18_seed1,18,100000,50,4,5,5000,1,basic,0,0,95000,0,0,False,,True,0,0.0,3,50,380000,380000,0,95000
P3_design18_seed1,18,100000,50,4,5,5000,1,basic,0,0,95000,0,0,False,,True,0,0.0,4,50,380000,380000,0,95000
P3_design18_seed1,18,100000,50,4,5,5000,1,runnerup,95000,95000,95000,0,0,True,0.0,False,0,0.0,0,100,760000,760000,0,190000
P3_design18_seed1,18,100000,50,4,5,5000,1,runnerup,0,0,95000,0,0,False,,True,0,0.0,1,50,380000,380000,0,95000
P3_design18_seed1,18,100000,50,4,5,5000,1,runnerup,0,0,95000,0,0,False,,True,0,0.0,2,50,380000,380000,0,95000
P3_design18_seed1,18,100000,50,4,5,5000,1,runnerup,0,0,95000,0,0,False,,True,0,0.0,3,50,380000,380000,0,95000
P3_design18_seed1,18,100000,50,4,5,5000,1,runnerup,0,0,95000,0,0,False,,True,0,0.0,4,50,380000,380000,0,95000
P3_design18_seed2,18,100000,50,4,5,5000,2,fresh,0,0,95000,0,0,False,,False,0,0.0,0,50,380000,380000,0,95000
P3_design18_seed2,18,100000,50,4,5,5000,2,fresh,0,0,95000,0,0,False,,False,0,0.0,1,50,380000,380000,0,95000
P3_design18_seed2,18,100000,50,4,5,5000,2,fresh,0,0,95000,0,0,False,,False,0,0.0,2,50,380000,380000,0,95000
P3_design18_seed2,18,100000,50,4,5,5000,2,fresh,0,0,95000,0,0,False,,False,0,0.0,3,50,380000,380000,0,95000
P3_design18_seed2,18,100000,50,4,5,5000,2,fresh,0,0,95000,0,0,False,,False,0,0.0,4,50,380000,380000,0,95000
P3_design18_seed2,18,100000,50,4,5,5000,2,none,0,0,95000,0,0,False,,False,0,0.0,0,50,380000,380000,0,95000
P3_design18_seed2,18,100000,50,4,5,5000,2,none,0,0,95000,0,0,False,,False,0,0.0,1,50,380000,380000,0,95000
P3_design18_seed2,18,100000,50,4,5,5000,2,none,0,0,95000,0,0,False,,False,0,0.0,2,50,380000,380000,0,95000
P3_design18_seed2,18,100000,50,4,5,5000,2,none,0,0,95000,0,0,False,,False,0,0.0,3,50,380000,380000,0,95000
P3_design18_seed2,18,100000,50,4,5,5000,2,none,0,0,95000,0,0,False,,False,0,0.0,4,50,380000,380000,0,95000
P3_design18_seed2,18,100000,50,4,5,5000,2,basic,95000,95000,95000,0,0,True,0.0,False,0,0.0,0,100,760000,760000,0,190000
P3_design18_seed2,18,100000,50,4,5,5000,2,basic,0,0,95000,0,0,False,,True,0,0.0,1,50,380000,380000,0,95000
P3_design18_seed2,18,100000,50,4,5,5000,2,basic,0,0,95000,0,0,False,,True,0,0.0,2,50,380000,380000,0,95000
P3_design18_seed2,18,100000,50,4,5,5000,2,basic,0,0,95000,0,0,False,,True,0,0.0,3,50,380000,380000,0,95000
P3_design18_seed2,18,100000,50,4,5,5000,2,basic,0,0,95000,0,0,False,,True,0,0.0,4,50,380000,380000,0,95000
P3_design18_seed2,18,100000,50,4,5,5000,2,runnerup,95000,95000,95000,0,0,True,0.0,False,0,0.0,0,100,760000,760000,0,190000
P3_design18_seed2,18,100000,50,4,5,5000,2,runnerup,0,0,95000,0,0,False,,True,0,0.0,1,50,380000,380000,0,95000
P3_design18_seed2,18,100000,50,4,5,5000,2,runnerup,0,0,95000,0,0,False,,True,0,0.0,2,50,380000,380000,0,95000
P3_design18_seed2,18,100000,50,4,5,5000,2,runnerup,0,0,95000,0,0,False,,True,0,0.0,3,50,380000,380000,0,95000
P3_design18_seed2,18,100000,50,4,5,5000,2,runnerup,0,0,95000,0,0,False,,True,0,0.0,4,50,380000,380000,0,95000
P3_design18_seed3,18,100000,50,4,5,5000,3,fresh,0,0,95000,0,0,False,,False,0,0.0,0,50,380000,380000,0,95000
P3_design18_seed3,18,100000,50,4,5,5000,3,fresh,0,0,95000,0,0,False,,False,0,0.0,1,50,380000,380000,0,95000
P3_design18_seed3,18,100000,50,4,5,5000,3,fresh,0,0,95000,0,0,False,,False,0,0.0,2,50,380000,380000,0,95000
P3_design18_seed3,18,100000,50,4,5,5000,3,fresh,0,0,95000,0,0,False,,False,0,0.0,3,50,380000,380000,0,95000
P3_design18_seed3,18,100000,50,4,5,5000,3,fresh,0,0,95000,0,0,False,,False,0,0.0,4,50,380000,380000,0,95000
P3_design18_seed3,18,100000,50,4,5,5000,3,none,0,0,95000,0,0,False,,False,0,0.0,0,50,380000,380000,0,95000
P3_design18_seed3,18,100000,50,4,5,5000,3,none,0,0,95000,0,0,False,,False,0,0.0,1,50,380000,380000,0,95000
P3_design18_seed3,18,100000,50,4,5,5000,3,none,0,0,95000,0,0,False,,False,0,0.0,2,50,380000,380000,0,95000
P3_design18_seed3,18,100000,50,4,5,5000,3,none,0,0,95000,0,0,False,,False,0,0.0,3,50,380000,380000,0,95000
P3_design18_seed3,18,100000,50,4,5,5000,3,none,0,0,95000,0,0,False,,False,0,0.0,4,50,380000,380000,0,95000
P3_design18_seed3,18,100000,50,4,5,5000,3,basic,95000,95000,95000,0,0,True,0.0,False,0,0.0,0,100,760000,760000,0,190000
P3_design18_seed3,18,100000,50,4,5,5000,3,basic,0,0,95000,0,0,False,,True,0,0.0,1,50,380000,380000,0,95000
P3_design18_seed3,18,100000,50,4,5,5000,3,basic,0,0,95000,0,0,False,,True,0,0.0,2,50,380000,380000,0,95000
P3_design18_seed3,18,100000,50,4,5,5000,3,basic,0,0,95000,0,0,False,,True,0,0.0,3,50,380000,380000,0,95000
P3_design18_seed3,18,100000,50,4,5,5000,3,basic,0,0,95000,0,0,False,,True,0,0.0,4,50,380000,380000,0,95000
P3_design18_seed3,18,100000,50,4,5,5000,3,runnerup,95000,95000,95000,0,0,True,0.0,False,0,0.0,0,100,760000,760000,0,190000
P3_design18_seed3,18,100000,50,4,5,5000,3,runnerup,0,0,95000,0,0,False,,True,0,0.0,1,50,380000,380000,0,95000
P3_design18_seed3,18,100000,50,4,5,5000,3,runnerup,0,0,95000,0,0,False,,True,0,0.0,2,50,380000,380000,0,95000
P3_design18_seed3,18,100000,50,4,5,5000,3,runnerup,0,0,95000,0,0,False,,True,0,0.0,3,50,380000,380000,0,95000
P3_design18_seed3,18,100000,50,4,5,5000,3,runnerup,0,0,95000,0,0,False,,True,0,0.0,4,50,380000,380000,0,95000
P3_design18_seed4,18,100000,50,4,5,5000,4,fresh,0,0,95000,0,0,False,,False,0,0.0,0,50,380000,380000,0,95000
P3_design18_seed4,18,100000,50,4,5,5000,4,fresh,0,0,95000,0,0,False,,False,0,0.0,1,50,380000,380000,0,95000
P3_design18_seed4,18,100000,50,4,5,5000,4,fresh,0,0,95000,0,0,False,,False,0,0.0,2,50,380000,380000,0,95000
P3_design18_seed4,18,100000,50,4,5,5000,4,fresh,0,0,95000,0,0,False,,False,0,0.0,3,50,380000,380000,0,95000
P3_design18_seed4,18,100000,50,4,5,5000,4,fresh,0,0,95000,0,0,False,,False,0,0.0,4,50,380000,380000,0,95000
P3_design18_seed4,18,100000,50,4,5,5000,4,none,0,0,95000,0,0,False,,False,0,0.0,0,50,380000,380000,0,95000
P3_design18_seed4,18,100000,50,4,5,5000,4,none,0,0,95000,0,0,False,,False,0,0.0,1,50,380000,380000,0,95000
P3_design18_seed4,18,100000,50,4,5,5000,4,none,0,0,95000,0,0,False,,False,0,0.0,2,50,380000,380000,0,95000
P3_design18_seed4,18,100000,50,4,5,5000,4,none,0,0,95000,0,0,False,,False,0,0.0,3,50,380000,380000,0,95000
P3_design18_seed4,18,100000,50,4,5,5000,4,none,0,0,95000,0,0,False,,False,0,0.0,4,50,380000,380000,0,95000
P3_design18_seed4,18,100000,50,4,5,5000,4,basic,95000,95000,95000,0,0,True,0.0,False,0,0.0,0,100,760000,760000,0,190000
P3_design18_seed4,18,100000,50,4,5,5000,4,basic,0,0,95000,0,0,False,,True,0,0.0,1,50,380000,380000,0,95000
P3_design18_seed4,18,100000,50,4,5,5000,4,basic,0,0,95000,0,0,False,,True,0,0.0,2,50,380000,380000,0,95000
P3_design18_seed4,18,100000,50,4,5,5000,4,basic,0,0,95000,0,0,False,,True,0,0.0,3,50,380000,380000,0,95000
P3_design18_seed4,18,100000,50,4,5,5000,4,basic,0,0,95000,0,0,False,,True,0,0.0,4,50,380000,380000,0,95000
P3_design18_seed4,18,100000,50,4,5,5000,4,runnerup,95000,95000,95000,0,0,True,0.0,False,0,0.0,0,100,760000,760000,0,190000
P3_design18_seed4,18,100000,50,4,5,5000,4,runnerup,0,0,95000,0,0,False,,True,0,0.0,1,50,380000,380000,0,95000
P3_design18_seed4,18,100000,50,4,5,5000,4,runnerup,0,0,95000,0,0,False,,True,0,0.0,2,50,380000,380000,0,95000
P3_design18_seed4,18,100000,50,4,5,5000,4,runnerup,0,0,95000,0,0,False,,True,0,0.0,3,50,380000,380000,0,95000
P3_design18_seed4,18,100000,50,4,5,5000,4,runnerup,0,0,95000,0,0,False,,True,0,0.0,4,50,380000,380000,0,95000
