id,design_index,n,C,k,T,r,seed,method,algorithm_seconds,end_to_end_seconds,fresh_algorithm_seconds,fresh_end_to_end_seconds,paired_algorithm_ratio,paired_end_to_end_ratio,A,J,N,P,S,attempted_acceptance,discarded_certificate_passes,distance_enclosure_pairs,effective_saved_coverage,exact_distance_fallback_evaluations,point_assignments,run_abandoned,first_fallback_round,abandonment_transitions,direct_after_abandonment_rounds,initializer_indexed_bytes_changed,first_indexed_trajectory_divergence,checkpoint_algorithm_seconds,checkpoint_output_seconds,checkpoint_bytes,checkpoint_cache_construction_seconds,checkpoint_loading_seconds,input_loading_seconds,retained_input_materialization_seconds,quality_encoding_seconds,quality_evaluation_seconds,diagnostic_materialization_seconds,modeled_client_plus_server_seconds,encoding_seconds,cache_construction_seconds,shift_bounds_seconds,certificate_scan_seconds,failed_assignment_seconds,fallback_sunk_seconds,fallback_rebuild_seconds,output_serialization_seconds,output_bytes,rss_bytes,quality_Phi,quality_G,method_artifact_sha256,request_sha256,dataset_manifest_sha256
P3_design15_seed0,15,100000,50,4,5,1,0,fresh,0.9598986250002781,0.9768449590001183,0.9598986250002781,0.9768449590001183,1.0,1.0,0,0,499995,0,0,,0,1999980,0.0,0,499995,False,,0,0,False,1,0.9671252910002295,0.011598582999795326,50656927,8.45320000735228e-05,0.0,0.00206829199942149,0.001891208000415645,0.004080292000253394,0.2727581660001306,0.006095666999499372,0.1360365850132439,0.004004999999779102,0.0,0.0,0.0,0.0,0.0,0.0,0.012986834000003,1199689,179142656,11.440076085506508,22.857807127894926,294fbcb3d3d45aff89550c8c4be368b8415a88634cc8cd293ad5cfd9c9528396,cd988ba9145215fa2c368640c7de08c27fb22db9ac3a7a83fe259341913682de,8202b957bf78dc860dec497af3e45039738fda61845f9264d9e6b447de144f48
P3_design15_seed0,15,100000,50,4,5,1,0,none,0.6984972909995122,0.7276385819986899,0.9598986250002781,0.9768449590001183,1.3742338551187716,1.34248648046796,0,0,499995,0,0,,0,1999980,0.0,0,499995,False,,0,0,False,1,0.9671252910002295,0.011598582999795326,50656927,8.45320000735228e-05,0.012329915999544028,0.0022279999993770616,0.0016554170006202185,0.002779041999929177,0.2679368750004869,0.006330541999886918,0.11291041799813684,0.0,0.0,0.0001494149992140592,0.0,0.0,0.0,0.0,0.012927957999636419,1200735,217612288,11.440076085506508,22.857807127894926,d9376c418cd1ad13d9c6ba77a9ec22a16433e12e9d8de48b3b83d9a26f8eee8b,cd988ba9145215fa2c368640c7de08c27fb22db9ac3a7a83fe259341913682de,8202b957bf78dc860dec497af3e45039738fda61845f9264d9e6b447de144f48
P3_design15_seed0,15,100000,50,4,5,1,0,basic,0.055385874999956286,0.08503441599987127,0.9598986250002781,0.9768449590001183,17.33110878903756,11.487642356497128,499995,0,499995,499992,499992,0.9999939999399994,0,12,0.9999939999399994,0,3,False,,0,0,False,1,0.9671252910002295,0.011598582999795326,50656927,8.45320000735228e-05,0.013048750000052678,0.001974791000066034,0.0016514170001755701,0.0027380000001357985,0.2742864580004607,0.006215417000021262,0.03587590800088947,0.0,0.0,0.00019216700002289144,0.0049420299956182134,0.0004709169988927897,0.0,0.0,0.012973582999620703,1205712,217268224,11.440076085506508,22.857807127894926,afe8b9fc9b8b0fa883a72335f9aaf205aebc44bf22d0e6dbaf13e2adfe7f4475,cd988ba9145215fa2c368640c7de08c27fb22db9ac3a7a83fe259341913682de,8202b957bf78dc860dec497af3e45039738fda61845f9264d9e6b447de144f48
P3_design15_seed0,15,100000,50,4,5,1,0,runnerup,0.06175549999989016,0.09103345799940143,0.9598986250002781,0.9768449590001183,15.543532559885117,10.730614660453096,499995,0,499995,499992,499992,0.9999939999399994,0,12,0.9999939999399994,0,3,False,,0,0,False,1,0.9671252910002295,0.011598582999795326,50656927,8.45320000735228e-05,0.01225870800044504,0.0019266250001237495,0.001841374999457912,0.0026189999998678104,0.2920585829997435,0.006337707999591657,0.035480246997394715,0.0,0.0,0.0001488759990024846,0.011850063008751022,0.0004859570008193259,0.0,0.0,0.013251249999484571,1205731,217645056,11.440076085506508,22.857807127894926,4f561d2812ca9adb3808b5e07aa1cfe990953c563066499cc11032847b3022e1,cd988ba9145215fa2c368640c7de08c27fb22db9ac3a7a83fe259341913682de,8202b957bf78dc860dec497af3e45039738fda61845f9264d9e6b447de144f48
P3_design15_seed1,15,100000,50,4,5,1,1,fresh,0.9612441659992328,0.977882414998021,0.9612441659992328,0.977882414998021,1.0,1.0,0,0,499995,0,0,,0,1999980,0.0,0,499995,False,,0,0,False,1,0.9630627500000628,0.01571112500005256,50656914,9.579099969414528e-05,0.0,0.002200832999733393,0.0016427909995400114,0.003923125000255823,0.27242958399983763,0.0064043749998745625,0.13664783400326996,0.004181249999419379,0.0,0.0,0.0,0.0,0.0,0.0,0.012794624999514781,1199959,181108736,9.967141235057863,19.86845165665163,7b4e7b4b4b2f447b51158e4b6296e517dc1f00774888345a343bae57be779fd8,87cc2dd2528c5c8b2cebf14f0a3683294111fa288f3f5e38835b087b5f56a6fc,8202b957bf78dc860dec497af3e45039738fda61845f9264d9e6b447de144f48
P3_design15_seed1,15,100000,50,4,5,1,1,none,0.7096359580000353,0.7386735820000467,0.9612441659992328,0.977882414998021,1.3545595529126004,1.3238356411099579,0,0,499995,0,0,,0,1999980,0.0,0,499995,False,,0,0,False,1,0.9630627500000628,0.01571112500005256,50656914,9.579099969414528e-05,0.012337332999777573,0.0019023750000997097,0.001599958000042534,0.002929958000095212,0.2698032909993344,0.0062532910005757,0.11540294900078152,0.0,0.0,0.0001474999999118154,0.0,0.0,0.0,0.0,0.013197958000091603,1200972,219906048,9.967141235057863,19.86845165665163,b0c9c7e3bbef32e5ecf8e190acc66da62d2b67ea30170054f9909d8e1f19aa55,87cc2dd2528c5c8b2cebf14f0a3683294111fa288f3f5e38835b087b5f56a6fc,8202b957bf78dc860dec497af3e45039738fda61845f9264d9e6b447de144f48
P3_design15_seed1,15,100000,50,4,5,1,1,basic,0.05668204100038565,0.08595095799955743,0.9612441659992328,0.977882414998021,16.958531291995868,11.377213678096016,499995,0,499995,499989,499989,0.9999879998799988,0,24,0.9999879998799988,0,6,False,,0,0,False,1,0.9630627500000628,0.01571112500005256,50656914,9.579099969414528e-05,0.012608125000042492,0.0019857500001307926,0.001646916999561654,0.002637749999848893,0.2722589169998173,0.006086874999709835,0.0372304430056829,0.0,0.0,0.00013524899895855924,0.004905399010567635,0.0008936679987527896,0.0,0.0,0.013028124999436841,1205924,217333760,9.967141235057863,19.86845165665163,d5a8049d78596b358ba5262b3be5787decaa8144346a161dadb716c8574de983,87cc2dd2528c5c8b2cebf14f0a3683294111fa288f3f5e38835b087b5f56a6fc,8202b957bf78dc860dec497af3e45039738fda61845f9264d9e6b447de144f48
P3_design15_seed1,15,100000,50,4,5,1,1,runnerup,0.0632770830006848,0.09233054100150184,0.9612441659992328,0.977882414998021,15.19103157755913,10.591104572669133,499995,0,499995,499989,499989,0.9999879998799988,0,24,0.9999879998799988,0,6,False,,0,0,False,1,0.9630627500000628,0.01571112500005256,50656914,9.579099969414528e-05,0.012087291000170808,0.0021222080004008603,0.0016280840000035823,0.0027914169995710836,0.2706179999995584,0.006222041999535577,0.037377743988145085,0.0,0.0,0.00013458299963531317,0.011751527991691546,0.0008829160005916492,0.0,0.0,0.013215875000241795,1205951,217595904,9.967141235057863,19.86845165665163,261ff09fa1d8584145df966bb5bd7104406ed032616090b281e7df6b54289d46,87cc2dd2528c5c8b2cebf14f0a3683294111fa288f3f5e38835b087b5f56a6fc,8202b957bf78dc860dec497af3e45039738fda61845f9264d9e6b447de144f48
P3_design15_seed2,15,100000,50,4,5,1,2,fresh,0.9677140419998977,0.9841833750006117,0.9677140419998977,0.9841833750006117,1.0,1.0,0,0,499995,0,0,,0,1999980,0.0,0,499995,False,,0,0,True,0,0.973779334000028,0.01856979100011813,50656918,8.461899869871559e-05,0.0,0.00211608400059049,0.0016637079997963156,0.0040228329999081325,0.2717222920000495,0.006053540999346296,0.13570162399537367,0.004144666000684083,0.0,0.0,0.0,0.0,0.0,0.0,0.012689541000327154,1199710,178716672,10.878744436381801,21.699009829100927,e2f7301bf8be5a9157eb1ac0095993d191312224e7c11548f67b5994c3ec3e91,a28a202fd9a5a988a7fcf81188b36599f0c8dea00834c047ea02c65010951530,8202b957bf78dc860dec497af3e45039738fda61845f9264d9e6b447de144f48
P3_design15_seed2,15,100000,50,4,5,1,2,none,0.6981609170006777,0.7272035020005205,0.9677140419998977,0.9841833750006117,1.386090252885007,1.3533809618533812,0,0,499995,0,0,,0,1999980,0.0,0,499995,False,,0,0,True,0,0.973779334000028,0.01856979100011813,50656918,8.461899869871559e-05,0.01249333400028263,0.0021101249994899263,0.0017485420003140462,0.0028875840007458464,0.2717544169991015,0.006151874999886786,0.11112567999225575,0.0,0.0,0.00014050099980522646,0.0,0.0,0.0,0.0,0.0126905839997562,1200722,217628672,10.878744436381801,21.699009829100927,124316745dc89812445efa9e337c855e9293a29dda88d55129819eff36e18fd2,a28a202fd9a5a988a7fcf81188b36599f0c8dea00834c047ea02c65010951530,8202b957bf78dc860dec497af3e45039738fda61845f9264d9e6b447de144f48
P3_design15_seed2,15,100000,50,4,5,1,2,basic,0.8450769580003907,0.8739604590009549,0.9677140419998977,0.9841833750006117,1.145119427098911,1.126118881997997,99999,99999,499995,0,0,0.0,0,2399976,0.0,0,599994,True,0,1,4,True,0,0.973779334000028,0.01856979100011813,50656918,8.461899869871559e-05,0.012147292000008747,0.002068541999506124,0.00171870900067006,0.003854458000205341,0.27271174999987124,0.006259333000343759,0.12847213199165708,0.0,0.0,0.00014774900046177208,0.0012550019964692183,0.14747349899698747,0.1519229160003306,0.13082204200054548,0.012948958000379207,1201790,254525440,10.878744436381801,21.699009829100927,4b79f89b699838b48d8099ea6dd79eb6e80926d18de04ae6cf08b53e9a6fc362,a28a202fd9a5a988a7fcf81188b36599f0c8dea00834c047ea02c65010951530,8202b957bf78dc860dec497af3e45039738fda61845f9264d9e6b447de144f48
P3_design15_seed2,15,100000,50,4,5,1,2,runnerup,0.8458328329998039,0.8747390409989748,0.9677140419998977,0.9841833750006117,1.1440960958772832,1.1251165534770788,99999,99999,499995,0,0,0.0,0,2399976,0.0,0,599994,True,0,1,4,True,0,0.973779334000028,0.01856979100011813,50656918,8.461899869871559e-05,0.01246112499939045,0.0019522089996826253,0.0016557079998165136,0.0028722500001094886,0.27157795800030726,0.006114791000072728,0.12841345700780948,0.0,0.0,0.00013820899948768783,0.002684536997549003,0.1459138330001224,0.15152695800043148,0.13024641599986353,0.012837166000281286,1201779,219742208,10.878744436381801,21.699009829100927,9ddf4424c5fb8e357da1cfe57c5c8b29fa5ac5000791a99147dcbb42e36cb9be,a28a202fd9a5a988a7fcf81188b36599f0c8dea00834c047ea02c65010951530,8202b957bf78dc860dec497af3e45039738fda61845f9264d9e6b447de144f48
P3_design15_seed3,15,100000,50,4,5,1,3,fresh,0.9698488750000251,0.9862800420005442,0.9698488750000251,0.9862800420005442,1.0,1.0,0,0,499995,0,0,,0,1999980,0.0,0,499995,False,,0,0,True,0,0.965222625000024,0.015378707999843755,50656912,8.000599973456701e-05,0.0,0.001960499999768217,0.0016902920006032218,0.0039907910004330915,0.2721495830001004,0.006338417000733898,0.13720046300841204,0.0046686659998158575,0.0,0.0,0.0,0.0,0.0,0.0,0.012780375000147615,1199987,182484992,11.10245716542917,22.12866640805251,deac01f66b0981ff41768eca8d1377e4471d48c2bfe882c8eea17d4a5d49ea37,9f060ea9e5cb983ae0a541da0d83b0c954452a8ea3859d3dce8ed33ce1c5b43d,8202b957bf78dc860dec497af3e45039738fda61845f9264d9e6b447de144f48
P3_design15_seed3,15,100000,50,4,5,1,3,none,0.6998669579998023,0.7289951250004378,0.9698488750000251,0.9862800420005442,1.385761770739717,1.3529309156902138,0,0,499995,0,0,,0,1999980,0.0,0,499995,False,,0,0,True,0,0.965222625000024,0.015378707999843755,50656912,8.000599973456701e-05,0.012209249999614258,0.002041458000348939,0.0016852090002430486,0.0026150000003326568,0.270920957999806,0.0060505000001285225,0.11380608099807432,0.0,0.0,0.00015129200073715765,0.0,0.0,0.0,0.0,0.01319225000042934,1201017,217497600,11.10245716542917,22.12866640805251,ec8733bb2b2210dbd6a7b70ddd9fc823a7da798b1c16cf043faec5440688bf76,9f060ea9e5cb983ae0a541da0d83b0c954452a8ea3859d3dce8ed33ce1c5b43d,8202b957bf78dc860dec497af3e45039738fda61845f9264d9e6b447de144f48
P3_design15_seed3,15,100000,50,4,5,1,3,basic,0.8425157919991761,0.8729519990001791,0.9698488750000251,0.9862800420005442,1.1511343576109176,1.1298216203527383,99999,99999,499995,0,0,0.0,0,2399976,0.0,0,599994,True,0,1,4,True,0,0.965222625000024,0.015378707999843755,50656912,8.000599973456701e-05,0.012980125000467524,0.0022497910003949073,0.001637458000004699,0.0027219160001550335,0.2658598329999222,0.006328374999611697,0.13160234500355728,0.0,0.0,0.00016058600067481166,0.0012745810026899562,0.14668837399949552,0.15109862499957671,0.13004895899939584,0.013568833000135783,1202088,227377152,11.10245716542917,22.12866640805251,b551372fdec03e78eced3169b8dc038498354f2993810d6c1e1885091b2f0052,9f060ea9e5cb983ae0a541da0d83b0c954452a8ea3859d3dce8ed33ce1c5b43d,8202b957bf78dc860dec497af3e45039738fda61845f9264d9e6b447de144f48
P3_design15_seed3,15,100000,50,4,5,1,3,runnerup,0.8525647500000559,0.8817538760004027,0.9698488750000251,0.9862800420005442,1.137566237637624,1.1185434721016114,99999,99999,499995,0,0,0.0,0,2399976,0.0,0,599994,True,0,1,4,True,0,0.965222625000024,0.015378707999843755,50656912,8.000599973456701e-05,0.01220499999999447,0.0020542079992083018,0.0016428340004495112,0.003823541999736335,0.2659846250007831,0.006231499999557855,0.13101962800465117,0.0,0.0,0.000151041999743029,0.002599255001769052,0.14770037699963723,0.15306291700017027,0.1310450419996414,0.013287084000694449,1202057,254541824,11.10245716542917,22.12866640805251,1c9c9411d0c1d47f4e4769250031331c842c1f783d279cb84ea8f7f6793d32dc,9f060ea9e5cb983ae0a541da0d83b0c954452a8ea3859d3dce8ed33ce1c5b43d,8202b957bf78dc860dec497af3e45039738fda61845f9264d9e6b447de144f48
P3_design15_seed4,15,100000,50,4,5,1,4,fresh,0.9579532919997291,0.975015166999583,0.9579532919997291,0.975015166999583,1.0,1.0,0,0,499995,0,0,,0,1999980,0.0,0,499995,False,,0,0,False,1,0.966497165999499,0.017841042000327434,50656507,7.832599112589378e-05,0.0,0.0022029580004527816,0.002011999999922409,0.0037929169993731193,0.2684579159995337,0.005958417000329064,0.13271020600132033,0.004253791999872192,0.0,0.0,0.0,0.0,0.0,0.0,0.012846916999478708,1199044,182927360,11.546227045067248,23.090102437418967,5da5c3baa4bd6b4c595bf522f8f6356af04077228ff7c34697105fcfa2dcf7cc,1619cd76d05b005ef76316b105bfb15f188c1b56ccc44b9e06187141d7958199,8202b957bf78dc860dec497af3e45039738fda61845f9264d9e6b447de144f48
P3_design15_seed4,15,100000,50,4,5,1,4,none,0.7163608330001807,0.745518499001264,0.9579532919997291,0.975015166999583,1.337249676238912,1.3078349743242654,0,0,499995,0,0,,0,1999980,0.0,0,499995,False,,0,0,False,1,0.966497165999499,0.017841042000327434,50656507,7.832599112589378e-05,0.012578875000144762,0.0019863330007865443,0.0016861249996509287,0.0027316249997966224,0.274718374999793,0.00616770800024824,0.12465970799894421,0.0,0.0,0.00015420599993376527,0.0,0.0,0.0,0.0,0.012906333000501036,1200042,217513984,11.546227045067248,23.090102437418967,c1289ec1b6356cf03e78de04a2e9a6be5ccbcfcbbc0300d7403ad03cc2b664ea,1619cd76d05b005ef76316b105bfb15f188c1b56ccc44b9e06187141d7958199,8202b957bf78dc860dec497af3e45039738fda61845f9264d9e6b447de144f48
P3_design15_seed4,15,100000,50,4,5,1,4,basic,0.06634733299961226,0.09520620799867174,0.9579532919997291,0.975015166999583,14.438459674111202,10.241088133803059,499995,0,499995,499987,499987,0.9999839998399984,0,32,0.9999839998399984,0,8,False,,0,0,False,1,0.966497165999499,0.017841042000327434,50656507,7.832599112589378e-05,0.012310790999435994,0.0019421669994699187,0.0017785420004656771,0.002946042000075977,0.2738345420002588,0.0061176670005806955,0.04694869900413323,0.0,0.0,0.000156875000357104,0.004896072006886243,0.0009056250009962241,0.0,0.0,0.01282737499968789,1205004,217726976,11.546227045067248,23.090102437418967,c2f03675e4ffbcd1b9e00ea7f1c87be3e347de7b14c385654e3ee3c124f65703,1619cd76d05b005ef76316b105bfb15f188c1b56ccc44b9e06187141d7958199,8202b957bf78dc860dec497af3e45039738fda61845f9264d9e6b447de144f48
P3_design15_seed4,15,100000,50,4,5,1,4,runnerup,0.07354216699968674,0.1025948749984309,0.9579532919997291,0.975015166999583,13.025905151854031,9.503546517450264,499995,0,499995,499987,499987,0.9999839998399984,0,32,0.9999839998399984,0,8,False,,0,0,False,1,0.966497165999499,0.017841042000327434,50656507,7.832599112589378e-05,0.012457124999855296,0.0020615419998648576,0.0016430409996246453,0.0027823749996969127,0.2697619999999006,0.006094917000154965,0.04810282499875029,0.0,0.0,0.00018899999940913403,0.011791085001277679,0.0009570409993102658,0.0,0.0,0.012890999999399355,1205034,217432064,11.546227045067248,23.090102437418967,0562a8d434315ce105b56d45b8fa431749da1bbd3a707cfee3fa1870a6725a0f,1619cd76d05b005ef76316b105bfb15f188c1b56ccc44b9e06187141d7958199,8202b957bf78dc860dec497af3e45039738fda61845f9264d9e6b447de144f48
P3_design16_seed0,16,100000,50,4,5,10,0,fresh,0.9631352500000503,0.9795037499989121,0.9631352500000503,0.9795037499989121,1.0,1.0,0,0,499950,0,0,,0,1999800,0.0,0,499950,False,,0,0,True,0,0.9694449159997021,0.0169114170003013,50656927,8.069299656199291e-05,0.0,0.0019183329995939857,0.001616333999663766,0.003948624999793537,0.26857708300030936,0.005917166000472207,0.13654866999786464,0.003905333000147948,0.0,0.0,0.0,0.0,0.0,0.0,0.012833832999604056,1199708,178831360,10.004459375775774,19.993446692978804,71bd8803da563aadf88e1aedbeda73597a1a4faba80bff129290925b6632fd6a,76041c5f24f7a27cdaba14b58da9239da6d71f618acb3aa67d5c9533ffc7d967,8202b957bf78dc860dec497af3e45039738fda61845f9264d9e6b447de144f48
P3_design16_seed0,16,100000,50,4,5,10,0,none,0.7653360409995003,0.7950459989997398,0.9631352500000503,0.9795037499989121,1.2584475294567752,1.2320089041781752,0,0,499950,0,0,,0,1999800,0.0,0,499950,False,,0,0,True,0,0.9694449159997021,0.0169114170003013,50656927,8.069299656199291e-05,0.012692708000031416,0.001929750000272179,0.0016169999998965068,0.0027619579996098764,0.27413433299989265,0.006432167000639311,0.12850329500088264,0.0,0.0,0.00015274900033546146,0.0,0.0,0.0,0.0,0.013470500000039465,1200725,221315072,10.004459375775774,19.993446692978804,cf2dc2c8903cbcd336f14bf756ac9f983aacae2f74654cfa4c9191f799a895a7,76041c5f24f7a27cdaba14b58da9239da6d71f618acb3aa67d5c9533ffc7d967,8202b957bf78dc860dec497af3e45039738fda61845f9264d9e6b447de144f48
P3_design16_seed0,16,100000,50,4,5,10,0,basic,0.8997702500000742,0.928595292000864,0.9631352500000503,0.9795037499989121,1.070423533118561,1.054823084325955,99990,99990,499950,0,0,0.0,0,2399760,0.0,0,599940,True,0,1,4,True,0,0.9694449159997021,0.0169114170003013,50656927,8.069299656199291e-05,0.012502374999712629,0.00196825000057288,0.0016715830006432952,0.0027473749996715924,0.26499383300051704,0.006118500000411586,0.1449692610067359,0.0,0.0,0.00013270900035422528,0.0011823810018540826,0.14854466800170485,0.15300629200010007,0.1337927499998841,0.012682833999861032,1201798,221790208,10.004459375775774,19.993446692978804,1550752ae25eaff12fe2b9377f33d5603b50dc3976988213d926d5359a67ba0f,76041c5f24f7a27cdaba14b58da9239da6d71f618acb3aa67d5c9533ffc7d967,8202b957bf78dc860dec497af3e45039738fda61845f9264d9e6b447de144f48
P3_design16_seed0,16,100000,50,4,5,10,0,runnerup,0.9040943750005681,0.9341217080000206,0.9631352500000503,0.9795037499989121,1.0653038848952523,1.0485825793472412,99990,99990,499950,0,0,0.0,0,2399760,0.0,0,599940,True,0,1,4,True,0,0.9694449159997021,0.0169114170003013,50656927,8.069299656199291e-05,0.013194791999922018,0.0023262499998963904,0.0017229999994015088,0.0028731669999615406,0.26625658300054056,0.006038749999788706,0.14541012099562067,0.0,0.0,0.00013287499859870877,0.0026370399973529857,0.1473559180049051,0.15320354200048314,0.13242558300044038,0.012783291000232566,1201777,219627520,10.004459375775774,19.993446692978804,87b99c5435b2cd6444faa58603f0df1b7303303d1536468ed38d2ad418f35afa,76041c5f24f7a27cdaba14b58da9239da6d71f618acb3aa67d5c9533ffc7d967,8202b957bf78dc860dec497af3e45039738fda61845f9264d9e6b447de144f48
P3_design16_seed1,16,100000,50,4,5,10,1,fresh,0.9596056250002221,0.9760955830015519,0.9596056250002221,0.9760955830015519,1.0,1.0,0,0,499950,0,0,,0,1999800,0.0,0,499950,False,,0,0,True,0,0.9904413750000458,0.022004166999977315,50656914,0.00013003497861063806,0.0,0.0020292500003051828,0.0016350000005331822,0.0041191660002368735,0.26943787500022154,0.006082791999688197,0.13604478200068115,0.004156625000177883,0.0,0.0,0.0,0.0,0.0,0.0,0.012825708000491431,1199716,178847744,11.245832842960453,22.43373785581852,5877c257b170800fd856a126dbf335eed7aed94f48d4f4d9197fc99a79d5807f,eac5bc3e7c6891a40c854551c0643253185b92417e67548c79dcde939c9e3dbb,8202b957bf78dc860dec497af3e45039738fda61845f9264d9e6b447de144f48
P3_design16_seed1,16,100000,50,4,5,10,1,none,0.7563326669996968,0.7857452930002182,0.9596056250002221,0.9760955830015519,1.2687613095000785,1.2422544451707975,0,0,499950,0,0,,0,1999800,0.0,0,499950,False,,0,0,True,0,0.9904413750000458,0.022004166999977315,50656914,0.00013003497861063806,0.012640417000511661,0.002208957999755512,0.0017098340003940393,0.002773416999843903,0.27514570799939975,0.006281500000113738,0.12092904099790758,0.0,0.0,0.0001384150000376394,0.0,0.0,0.0,0.0,0.012853416999860201,1200703,222937088,11.245832842960453,22.43373785581852,e9c7da78f18cf0f249e547bf1b2e2f17e307476c038674436842db76260f5c5d,eac5bc3e7c6891a40c854551c0643253185b92417e67548c79dcde939c9e3dbb,8202b957bf78dc860dec497af3e45039738fda61845f9264d9e6b447de144f48
P3_design16_seed1,16,100000,50,4,5,10,1,basic,0.9066830829997343,0.9357823329992243,0.9596056250002221,0.9760955830015519,1.0583693938850112,1.0430797297413403,99990,99990,499950,0,0,0.0,0,2399760,0.0,0,599940,True,0,1,4,True,0,0.9904413750000458,0.022004166999977315,50656914,0.00013003497861063806,0.012487707999753184,0.002037499999460124,0.0015598750005665352,0.002682291999917652,0.2651826669998627,0.006181957999615406,0.13895183201293548,0.0,0.0,0.00014483300128631527,0.0011544600019988138,0.14794046099996194,0.1524823749996358,0.13203879200045776,0.013014166999710142,1201764,221675520,11.245832842960453,22.43373785581852,e2db683d1240ed5b5dc40825bd7be490da12fcf8a7639e19e4795abc82b7d2ea,eac5bc3e7c6891a40c854551c0643253185b92417e67548c79dcde939c9e3dbb,8202b957bf78dc860dec497af3e45039738fda61845f9264d9e6b447de144f48
P3_design16_seed1,16,100000,50,4,5,10,1,runnerup,0.9101572500003385,0.9390039589989101,0.9596056250002221,0.9760955830015519,1.0543294853717478,1.0395010304772152,99990,99990,499950,0,0,0.0,0,2399760,0.0,0,599940,True,0,1,4,True,0,0.9904413750000458,0.022004166999977315,50656914,0.00013003497861063806,0.012213624999276362,0.0019654170000649174,0.001781749999281601,0.0027662080001391587,0.2671640420003314,0.006123000000116008,0.14013725300446822,0.0,0.0,0.00014058200031286106,0.002674415993169532,0.14909400400028971,0.1550933750004333,0.13303191699924355,0.012885916999948677,1201768,219561984,11.245832842960453,22.43373785581852,87c70ddc26f14aa129e208c2d2599ae1de3110808f63483f08d2895ee6c1219d,eac5bc3e7c6891a40c854551c0643253185b92417e67548c79dcde939c9e3dbb,8202b957bf78dc860dec497af3e45039738fda61845f9264d9e6b447de144f48
P3_design16_seed2,16,100000,50,4,5,10,2,fresh,0.9681130830003895,0.9847754170014014,0.9681130830003895,0.9847754170014014,1.0,1.0,0,0,499950,0,0,,0,1999800,0.0,0,499950,False,,0,0,True,0,0.9687530000001061,0.017023917000187794,50656918,8.03319971964811e-05,0.0,0.0019448749999355641,0.0016352500006178161,0.004034917000353744,0.2639997090000179,0.006039375000000291,0.1365162840074845,0.004038040999148507,0.0,0.0,0.0,0.0,0.0,0.0,0.013082209000458533,1199605,183287808,10.058596940332182,20.077586484450084,c11163a7675bd1e27e473d4a363e96f2d014d4c726ae7ef1b6df4220b1e1a8d0,554688d0388e3d76e85fccce623b482bd662ee809cf481ae74c0473d025c23da,8202b957bf78dc860dec497af3e45039738fda61845f9264d9e6b447de144f48
P3_design16_seed2,16,100000,50,4,5,10,2,none,0.7790556670006481,0.8093234169991774,0.9681130830003895,0.9847754170014014,1.2426751052689333,1.2167884881581306,0,0,499950,0,0,,0,1999800,0.0,0,499950,False,,0,0,True,0,0.9687530000001061,0.017023917000187794,50656918,8.03319971964811e-05,0.012791583999387512,0.001958875000127591,0.0016399999994973768,0.0031435409991900087,0.2845281669997348,0.006197667000378715,0.14278071399803594,0.0,0.0,0.00014479200035566464,0.0,0.0,0.0,0.0,0.013877290999516845,1200598,221265920,10.058596940332182,20.077586484450084,5348bc991cb1e6799d0bb156bdf866b9f318eff9ffe16fe64d7e3650720c35ab,554688d0388e3d76e85fccce623b482bd662ee809cf481ae74c0473d025c23da,8202b957bf78dc860dec497af3e45039738fda61845f9264d9e6b447de144f48
P3_design16_seed2,16,100000,50,4,5,10,2,basic,0.9176846669997758,0.9463301669993598,0.9681130830003895,0.9847754170014014,1.054951790973561,1.0406256202567699,99990,99990,499950,0,0,0.0,0,2399760,0.0,0,599940,True,0,1,4,True,0,0.9687530000001061,0.017023917000187794,50656918,8.03319971964811e-05,0.012330083000051673,0.0019219169998905272,0.001772624999830441,0.0028720410000460106,0.2703172910005378,0.0061191249997136765,0.159299331998227,0.0,0.0,0.00013916699845140101,0.0011456220054242294,0.14489545899868972,0.14911379199929797,0.13161212499926478,0.012620874999811349,1201661,219480064,10.058596940332182,20.077586484450084,93fb29b24f439659904b91c1360d08f05bbd7d3d5b78dc0167c2fd3c3fc756ec,554688d0388e3d76e85fccce623b482bd662ee809cf481ae74c0473d025c23da,8202b957bf78dc860dec497af3e45039738fda61845f9264d9e6b447de144f48
P3_design16_seed2,16,100000,50,4,5,10,2,runnerup,0.9253598750001402,0.9546317069998622,0.9681130830003895,0.9847754170014014,1.0462017093622553,1.0315762715406471,99990,99990,499950,0,0,0.0,0,2399760,0.0,0,599940,True,0,1,4,True,0,0.9687530000001061,0.017023917000187794,50656918,8.03319971964811e-05,0.012574665999636636,0.002059707999251259,0.0017071250003937166,0.003837958000076469,0.26759470899924054,0.006125000000793079,0.16038300198397337,0.0,0.0,0.00015954199989209883,0.0026938799974232097,0.1463261229946511,0.15212766700005886,0.13072708399977273,0.012930333000440442,1201624,254869504,10.058596940332182,20.077586484450084,06397cbb2acf08bd6fec71e28e030fece77f278a358772fcb23e5ee9882d3818,554688d0388e3d76e85fccce623b482bd662ee809cf481ae74c0473d025c23da,8202b957bf78dc860dec497af3e45039738fda61845f9264d9e6b447de144f48
P3_design16_seed3,16,100000,50,4,5,10,3,fresh,0.9640776249998453,0.9808805410002606,0.9640776249998453,0.9808805410002606,1.0,1.0,0,0,499950,0,0,,0,1999800,0.0,0,499950,False,,0,0,True,0,1.0075890420002906,0.017717707999509003,50656912,0.0001453260019843583,0.0,0.0023693749999438296,0.0017250410000997363,0.003890707999744336,0.27249400000073365,0.0060109580008429475,0.13714824299768225,0.004417791000378202,0.0,0.0,0.0,0.0,0.0,0.0,0.012708500000371714,1199988,178831360,10.283006754619652,20.550002978083352,278357d6bab5a2797fd0cb2628bd7b2212a31a71123f1cbc942a5a29ad4e52ba,ff31da45e8639114a90ffebb821ff894ae27174d45a0bf0332715321d8cd9efb,8202b957bf78dc860dec497af3e45039738fda61845f9264d9e6b447de144f48
P3_design16_seed3,16,100000,50,4,5,10,3,none,0.7621670420003284,0.792119418000766,0.9640776249998453,0.9808805410002606,1.2649164446544383,1.2382988204933918,0,0,499950,0,0,,0,1999800,0.0,0,499950,False,,0,0,True,0,1.0075890420002906,0.017717707999509003,50656912,0.0001453260019843583,0.012946083999850089,0.0020624580001822324,0.0018298750001122244,0.0026859169993258547,0.2787560000006124,0.0060292919997664285,0.12235686998974415,0.0,0.0,0.00014341700079967268,0.0,0.0,0.0,0.0,0.013113959000293107,1200971,217694208,10.283006754619652,20.550002978083352,982635da994b8f7ed493d79d871dd75c0956912adfe4d407202721b658bc5456,ff31da45e8639114a90ffebb821ff894ae27174d45a0bf0332715321d8cd9efb,8202b957bf78dc860dec497af3e45039738fda61845f9264d9e6b447de144f48
P3_design16_seed3,16,100000,50,4,5,10,3,basic,0.9161403339994649,0.9456654589985192,0.9640776249998453,0.9808805410002606,1.0523252707269282,1.0372384141417568,99990,99990,499950,0,0,0.0,0,2399760,0.0,0,599940,True,0,1,4,True,0,1.0075890420002906,0.017717707999509003,50656912,0.0001453260019843583,0.012952624999343243,0.0019700829998328118,0.0016775840003901976,0.0026919580004687305,0.26576387499972043,0.006212042000697693,0.14055115400333307,0.0,0.0,0.00013699999817617936,0.0011756709991459502,0.14825483599997824,0.15271204100008617,0.13320958299937047,0.01292483299948799,1202043,219824128,10.283006754619652,20.550002978083352,ec13b7b844b87176805754730952b4bc8dc6f64f44766121df5e4ae13eef4d3b,ff31da45e8639114a90ffebb821ff894ae27174d45a0bf0332715321d8cd9efb,8202b957bf78dc860dec497af3e45039738fda61845f9264d9e6b447de144f48
P3_design16_seed3,16,100000,50,4,5,10,3,runnerup,0.9351403750006284,0.9643795420015522,0.9640776249998453,0.9808805410002606,1.0309442847007835,1.0171104822116621,99990,99990,499950,0,0,0.0,0,2399760,0.0,0,599940,True,0,1,4,True,0,1.0075890420002906,0.017717707999509003,50656912,0.0001453260019843583,0.012546875000225555,0.0019887079997715773,0.0017110420003518811,0.004091625000000931,0.2660909170008381,0.005993958000544808,0.14097984499312588,0.0,0.0,0.00017016800029523438,0.0028603290038518026,0.15821492099894385,0.1648072919997503,0.13482754100004968,0.012992542000574758,1202007,254279680,10.283006754619652,20.550002978083352,a6e01dfb292238b33d4a672fa1f87cd5e41384d3fbf7e586b8d24e7ad79d23ba,ff31da45e8639114a90ffebb821ff894ae27174d45a0bf0332715321d8cd9efb,8202b957bf78dc860dec497af3e45039738fda61845f9264d9e6b447de144f48
P3_design16_seed4,16,100000,50,4,5,10,4,fresh,1.0244366670003728,1.0415142920001017,1.0244366670003728,1.0415142920001017,1.0,1.0,0,0,499950,0,0,,0,1999800,0.0,0,499950,False,,0,0,True,0,0.9661323330001323,0.01831824999953824,50656507,7.911500051704934e-05,0.0,0.0020842080002694274,0.0016950419994827826,0.0037746250000054715,0.2860984999997527,0.006342915999994148,0.1413367060085875,0.004062750000230153,0.0,0.0,0.0,0.0,0.0,0.0,0.013298374999976659,1198716,182878208,10.284568805380841,20.562748749742173,d4a07f60d29b5ab777bc23c0fdc71a6a1c3c1158a55169399584aa861be1fea4,a793ab51cf0bd6a1a210c47c87c5bca09b3e58dd481ac5bc7831a8f77a06633a,8202b957bf78dc860dec497af3e45039738fda61845f9264d9e6b447de144f48
P3_design16_seed4,16,100000,50,4,5,10,4,none,0.7603362500003641,0.7901978329991834,1.0244366670003728,1.0415142920001017,1.347346870545607,1.3180424553267256,0,0,499950,0,0,,0,1999800,0.0,0,499950,False,,0,0,True,0,0.9661323330001323,0.01831824999953824,50656507,7.911500051704934e-05,0.013024875000155589,0.002143207999324659,0.0018201249995399849,0.002674499999557156,0.27223154199964483,0.006214207999619248,0.1391020389901314,0.0,0.0,0.00015979099862306612,0.0,0.0,0.0,0.0,0.012873374999799125,1199712,218890240,10.284568805380841,20.562748749742173,ef39537d8396f7d2099b12b4e7979d2a82fa03d96349d5a55e64eb6f68054fef,a793ab51cf0bd6a1a210c47c87c5bca09b3e58dd481ac5bc7831a8f77a06633a,8202b957bf78dc860dec497af3e45039738fda61845f9264d9e6b447de144f48
P3_design16_seed4,16,100000,50,4,5,10,4,basic,0.9065175830000953,0.9355682909990719,1.0244366670003728,1.0415142920001017,1.130079202225761,1.1132424025272303,99990,99990,499950,0,0,0.0,0,2399760,0.0,0,599940,True,0,1,4,True,0,0.9661323330001323,0.01831824999953824,50656507,7.911500051704934e-05,0.012449582999579434,0.002120374999321939,0.0016810409997560782,0.0027692089997799485,0.26651858300010645,0.005955125000582484,0.1558917529982864,0.0,0.0,0.00014295799974206602,0.0011613369979386334,0.1464954969997052,0.15081604199986032,0.132093750000422,0.012799709000319126,1200755,220413952,10.284568805380841,20.562748749742173,a7a746eb691e04cb495b3a8fe4f7ef3850c9d15c29ed480d82a13bd723501c3e,a793ab51cf0bd6a1a210c47c87c5bca09b3e58dd481ac5bc7831a8f77a06633a,8202b957bf78dc860dec497af3e45039738fda61845f9264d9e6b447de144f48
P3_design16_seed4,16,100000,50,4,5,10,4,runnerup,0.9056484590000764,0.9350839170001564,1.0244366670003728,1.0415142920001017,1.1311637057622228,1.1138190627226108,99990,99990,499950,0,0,0.0,0,2399760,0.0,0,599940,True,0,1,4,True,0,0.9661323330001323,0.01831824999953824,50656507,7.911500051704934e-05,0.012653458000386308,0.002156832999389735,0.001795375000256172,0.002733207999881415,0.27039354200042,0.006146083000203362,0.15665206099583884,0.0,0.0,0.0001403339983880869,0.002649377001034736,0.14439379299983557,0.15010608300053718,0.13041095799962932,0.012829792000047746,1200736,223952896,10.284568805380841,20.562748749742173,3674ae294eca9d97b436cc026b91c5b40d3f7365f5dc59828ecd552f2e4eec1f,a793ab51cf0bd6a1a210c47c87c5bca09b3e58dd481ac5bc7831a8f77a06633a,8202b957bf78dc860dec497af3e45039738fda61845f9264d9e6b447de144f48
P3_design0_seed0,0,100000,50,4,5,100,0,fresh,0.9678163749995292,0.9841379999979836,0.9678163749995292,0.9841379999979836,1.0,1.0,0,0,499500,0,0,,0,1998000,0.0,0,499500,False,,0,0,True,0,0.9543800419996842,0.014947582998502185,50656927,6.828399637015536e-05,0.0,0.001970041999811656,0.0016834580001159338,0.0039925000000948785,0.277057875000537,0.005989707999106031,0.133540456992705,0.004019292000521091,0.0,0.0,0.0,0.0,0.0,0.0,0.012668124998526764,1198672,179027968,10.28368947640502,20.563269525885705,5d8f5579eefbbb80508eae5fc1b034687ebab027f7712ab930a572f72b04f938,dba4cb1e7734b9ccced6185e19a31f7d474a5e13b3f487dc3a37ac5bd4206876,8202b957bf78dc860dec497af3e45039738fda61845f9264d9e6b447de144f48
P3_design0_seed0,0,100000,50,4,5,100,0,none,0.9029583339997771,0.9316472070004238,0.9678163749995292,0.9841379999979836,1.0718283873769177,1.05634192063599,0,0,499500,0,0,,0,1998000,0.0,0,499500,False,,0,0,True,0,0.9543800419996842,0.014947582998502185,50656927,6.828399637015536e-05,0.012307458000577753,0.0019179579994670348,0.0016934159993979847,0.0026948329996230314,0.27603083299982245,0.006054833000234794,0.13317496901436243,0.0,0.0,0.00012837599933845922,0.0,0.0,0.0,0.0,0.012770041001203936,1199651,218251264,10.28368947640502,20.563269525885705,baa1463399be5eaa3943a6252649acf4e5d5c48dd64c240ad7e39ff8aee5be8e,dba4cb1e7734b9ccced6185e19a31f7d474a5e13b3f487dc3a37ac5bd4206876,8202b957bf78dc860dec497af3e45039738fda61845f9264d9e6b447de144f48
P3_design0_seed0,0,100000,50,4,5,100,0,basic,1.0607328329988377,1.0896743329994933,0.9678163749995292,0.9841379999979836,0.9124035241403616,0.903148739209994,99900,99900,499500,0,0,0.0,0,2397600,0.0,0,599400,True,0,1,4,True,0,0.9543800419996842,0.014947582998502185,50656927,6.828399637015536e-05,0.012250625000888249,0.0019779579997702967,0.0016686250000930158,0.0026789999992615776,0.2669679170012387,0.006243125000764849,0.15242295501411718,0.0,0.0,0.0001259180007764371,0.0011366229937266326,0.14731349799876625,0.15276841600098123,0.13265816700004507,0.01304429199990409,1200712,223133696,10.28368947640502,20.563269525885705,91d172cc25bf01e21658e9f7e9a671b77e7fbf6d7ae8c87815ffcb636cab0e51,dba4cb1e7734b9ccced6185e19a31f7d474a5e13b3f487dc3a37ac5bd4206876,8202b957bf78dc860dec497af3e45039738fda61845f9264d9e6b447de144f48
P3_design0_seed0,0,100000,50,4,5,100,0,runnerup,1.0642549999993207,1.0936529579994385,0.9678163749995292,0.9841379999979836,0.9093839117506114,0.899863153845636,99900,99900,499500,0,0,0.0,0,2397600,0.0,0,599400,True,0,1,4,True,0,0.9543800419996842,0.014947582998502185,50656927,6.828399637015536e-05,0.012659042000450427,0.0020547080002870644,0.0016762499999458669,0.0026620829994499218,0.2719981659993209,0.006133082999440376,0.153850370006694,0.0,0.0,0.0001246250030817464,0.002570666996689397,0.1504843390066526,0.15729437499976484,0.1345702500002517,0.013007957999434439,1200700,220102656,10.28368947640502,20.563269525885705,fa8e2677b8b692db99d5979f4a74781e6360b1df9350a45b764d2f8fce405070,dba4cb1e7734b9ccced6185e19a31f7d474a5e13b3f487dc3a37ac5bd4206876,8202b957bf78dc860dec497af3e45039738fda61845f9264d9e6b447de144f48
P3_design0_seed1,0,100000,50,4,5,100,1,fresh,0.9580018329997984,0.974363749000986,0.9580018329997984,0.974363749000986,1.0,1.0,0,0,499500,0,0,,0,1998000,0.0,0,499500,False,,0,0,True,0,0.9734163330012962,0.011652209001113079,50656914,6.732499787176494e-05,0.0,0.0020601670003088657,0.0017155410005216254,0.004092582999874139,0.2762892089995148,0.005993750000925502,0.13571140497879242,0.00404770899876894,0.0,0.0,0.0,0.0,0.0,0.0,0.012586208000357146,1199943,178618368,9.971956015731342,19.901859529369588,a1da33c5c914af334c2787ec7bd04cf5d39029967667bfa63b6ceeb24c3d5a8e,09f8cb4dff6ec3612d4fffc3f995068ad845d589825ec40ac847ca0fb22ee78b,8202b957bf78dc860dec497af3e45039738fda61845f9264d9e6b447de144f48
P3_design0_seed1,0,100000,50,4,5,100,1,none,0.8788148330004333,0.9073889590017643,0.9580018329997984,0.974363749000986,1.0901065810746575,1.0738104528766825,0,0,499500,0,0,,0,1998000,0.0,0,499500,False,,0,0,True,0,0.9734163330012962,0.011652209001113079,50656914,6.732499787176494e-05,0.012327417000051355,0.002005917000133195,0.0016637080007058103,0.002665167001396185,0.2697129579992179,0.006070624998756102,0.13478866701188963,0.0,0.0,0.00012237500232004095,0.0,0.0,0.0,0.0,0.012577084000440664,1200920,218972160,9.971956015731342,19.901859529369588,46d188d9b17b19c4eacf782a83a19314af2a14e6d189e7b59a4df10721b9ef74,09f8cb4dff6ec3612d4fffc3f995068ad845d589825ec40ac847ca0fb22ee78b,8202b957bf78dc860dec497af3e45039738fda61845f9264d9e6b447de144f48
P3_design0_seed1,0,100000,50,4,5,100,1,basic,1.033438541000578,1.062447290001728,0.9580018329997984,0.974363749000986,0.9270041661812404,0.9170937308328972,99900,99900,499500,0,0,0.0,0,2397600,0.0,0,599400,True,0,1,4,True,0,0.9734163330012962,0.011652209001113079,50656914,6.732499787176494e-05,0.01242229200033762,0.002030541001659003,0.0016461659997730749,0.0026857499997277046,0.26720933399883506,0.006126165999376099,0.1541882519832143,0.0,0.0,0.00012775000141118653,0.0011023299903172301,0.14475412600404525,0.1499464579992491,0.1304930839996814,0.012909749999380438,1201969,220954624,9.971956015731342,19.901859529369588,91312f456f34d406c414bf91c64e57e6da7baa838732b12e9bd317c388480356,09f8cb4dff6ec3612d4fffc3f995068ad845d589825ec40ac847ca0fb22ee78b,8202b957bf78dc860dec497af3e45039738fda61845f9264d9e6b447de144f48
P3_design0_seed1,0,100000,50,4,5,100,1,runnerup,1.0350335839993932,1.0638517919996957,0.9580018329997984,0.974363749000986,0.9255756023858256,0.915882979498017,99900,99900,499500,0,0,0.0,0,2397600,0.0,0,599400,True,0,1,4,True,0,0.9734163330012962,0.011652209001113079,50656914,6.732499787176494e-05,0.012335082999925362,0.0020048329988640035,0.0017078340006264625,0.002664291998371482,0.26836820900098246,0.006034959000317031,0.15371300199876714,0.0,0.0,0.00012479299766710028,0.0025534910018905066,0.14696116700179118,0.15351137499965262,0.13007425000068906,0.01277045800088672,1201975,221020160,9.971956015731342,19.901859529369588,6e12caae84f4b315b6417794a56c3f9dca8b3b8bbab0fa45cd047188fe104996,09f8cb4dff6ec3612d4fffc3f995068ad845d589825ec40ac847ca0fb22ee78b,8202b957bf78dc860dec497af3e45039738fda61845f9264d9e6b447de144f48
P3_design0_seed2,0,100000,50,4,5,100,2,fresh,0.9699749169994902,0.9862976259992138,0.9699749169994902,0.9862976259992138,1.0,1.0,0,0,499500,0,0,,0,1998000,0.0,0,499500,False,,0,0,True,0,0.9735003329988103,0.01731645800100523,50656918,6.957401819818188e-05,0.0,0.002027959000770352,0.001692124998953659,0.00401195800077403,0.2747282920008729,0.006041583001206163,0.13623758697940502,0.003909291999661946,0.0,0.0,0.0,0.0,0.0,0.0,0.012602624999999534,1199588,179044352,11.591015299896226,22.75842972896629,0cb27f3707a04fabf2167eeb4429467d8cd61aadb672d051bb5dd647bcdff7d6,2f8130bff989ba7ade8930e596bcb78247236ddf5ca5d0200854a2d887b82340,8202b957bf78dc860dec497af3e45039738fda61845f9264d9e6b447de144f48
P3_design0_seed2,0,100000,50,4,5,100,2,none,0.894162624999808,0.9231052080012887,0.9699749169994902,0.9862976259992138,1.0847857983324884,1.0684563551913542,0,0,499500,0,0,,0,1998000,0.0,0,499500,False,,0,0,True,0,0.9735003329988103,0.01731645800100523,50656918,6.957401819818188e-05,0.012587790999532444,0.0020757500005856855,0.0017726250007399358,0.0026994590007234365,0.27482770799906575,0.006020083999828785,0.13470837501699862,0.0,0.0,0.00012416599929565564,0.0,0.0,0.0,0.0,0.012506417000622605,1200540,218234880,11.591015299896226,22.75842972896629,13538e12ea4ff78a40be84af66cbf8492bc4d371093d05236191131af5221e87,2f8130bff989ba7ade8930e596bcb78247236ddf5ca5d0200854a2d887b82340,8202b957bf78dc860dec497af3e45039738fda61845f9264d9e6b447de144f48
P3_design0_seed2,0,100000,50,4,5,100,2,basic,1.0630447920011648,1.0921023339979001,0.9699749169994902,0.9862976259992138,0.9124497145351025,0.9031183207791864,99900,99900,499500,0,0,0.0,0,2397600,0.0,0,599400,True,0,1,4,True,0,0.9735003329988103,0.01731645800100523,50656918,6.957401819818188e-05,0.012448624998796731,0.0019968749984400347,0.001749417000610265,0.002727749999394291,0.27110820800044166,0.006192541000928031,0.15526640198368113,0.0,0.0,0.000130291999084875,0.001108459995521116,0.14842837999640324,0.15386345799925039,0.13296249999984866,0.01286262499888835,1201583,219856896,11.591015299896226,22.75842972896629,2f2c77df5060da93dc56ae5cdee273e613ecc6323fafdbd6453c56aa43e2c960,2f8130bff989ba7ade8930e596bcb78247236ddf5ca5d0200854a2d887b82340,8202b957bf78dc860dec497af3e45039738fda61845f9264d9e6b447de144f48
P3_design0_seed2,0,100000,50,4,5,100,2,runnerup,1.0468714580001688,1.075650250999388,0.9699749169994902,0.9862976259992138,0.9265463391775209,0.916931525914528,99900,99900,499500,0,0,0.0,0,2397600,0.0,0,599400,True,0,1,4,True,0,0.9735003329988103,0.01731645800100523,50656918,6.957401819818188e-05,0.012373624998872401,0.0020745420006278437,0.001622542000404792,0.002675916999578476,0.26364325000031386,0.006122374999904423,0.15426800499335513,0.0,0.0,0.000131832000988652,0.0026267520024703117,0.1481281270062027,0.15509662499971455,0.13001004200123134,0.012708083999314113,1201596,220119040,11.591015299896226,22.75842972896629,0fc20e489a5918223b4774b1c9c8a3974599373d1e315a88d4b8a59fc2533554,2f8130bff989ba7ade8930e596bcb78247236ddf5ca5d0200854a2d887b82340,8202b957bf78dc860dec497af3e45039738fda61845f9264d9e6b447de144f48
P3_design0_seed3,0,100000,50,4,5,100,3,fresh,0.9631706249983836,0.9794750419969205,0.9631706249983836,0.9794750419969205,1.0,1.0,0,0,499500,0,0,,0,1998000,0.0,0,499500,False,,0,0,True,0,0.9630598750009085,0.01251958300053957,50656912,6.482100434368476e-05,0.0,0.0019606669993663672,0.001647707998927217,0.004020250000394299,0.2694173330000922,0.006081084000470582,0.13672212898200087,0.003990749999502441,0.0,0.0,0.0,0.0,0.0,0.0,0.012696042000243324,1199971,182992896,11.433168647404951,22.8213808295696,d4126131749944c3081a4dbf1199757d5430a5cf42ede8dc2fdf20f03cd23957,100a3ad0e168f0f6bacff69d9a6da674258028f3f828b6586837098d812bb138,8202b957bf78dc860dec497af3e45039738fda61845f9264d9e6b447de144f48
P3_design0_seed3,0,100000,50,4,5,100,3,none,0.9027726249987609,0.9320272909990308,0.9631706249983836,0.9794750419969205,1.0669027818601673,1.0509081133740525,0,0,499500,0,0,,0,1998000,0.0,0,499500,False,,0,0,True,0,0.9630598750009085,0.01251958300053957,50656912,6.482100434368476e-05,0.012512582999988808,0.0020648329991672654,0.0017225000010512304,0.002683833999981289,0.26797350000015285,0.0060694169987982605,0.13704508600494592,0.0,0.0,0.00012754199997289106,0.0,0.0,0.0,0.0,0.012954750000062631,1200924,218087424,11.433168647404951,22.8213808295696,b7282a00b6338b9d5bbbadf1f225cfa3e5337ddd35a81560f6402807640ae9cd,100a3ad0e168f0f6bacff69d9a6da674258028f3f828b6586837098d812bb138,8202b957bf78dc860dec497af3e45039738fda61845f9264d9e6b447de144f48
P3_design0_seed3,0,100000,50,4,5,100,3,basic,1.051069291001113,1.0797797920004086,0.9631706249983836,0.9794750419969205,0.9163721490530767,0.9071062907950307,99900,99900,499500,0,0,0.0,0,2397600,0.0,0,599400,True,0,1,4,True,0,0.9630598750009085,0.01251958300053957,50656912,6.482100434368476e-05,0.012235124999278923,0.0020428329989954364,0.0016380840006604558,0.002711791999900015,0.27414924999902723,0.006159708000268438,0.15479224398950464,0.0,0.0,0.00012658299965551123,0.0011125849996460602,0.14600345500548428,0.15151712500119174,0.13129049999952258,0.012794459000360803,1201971,219938816,11.433168647404951,22.8213808295696,25b5c7a2eaa7a8feb6fb04d407c88cc4222988dd53e4e21ea6584a5c8b525376,100a3ad0e168f0f6bacff69d9a6da674258028f3f828b6586837098d812bb138,8202b957bf78dc860dec497af3e45039738fda61845f9264d9e6b447de144f48
P3_design0_seed3,0,100000,50,4,5,100,3,runnerup,1.0534425410005497,1.0821763330004615,0.9631706249983836,0.9794750419969205,0.9143076983425914,0.9050974523543779,99900,99900,499500,0,0,0.0,0,2397600,0.0,0,599400,True,0,1,4,True,0,0.9630598750009085,0.01251958300053957,50656912,6.482100434368476e-05,0.012341875000856817,0.002013541999986046,0.0016901670005609049,0.002758165999694029,0.2699015830003191,0.005961708000540966,0.15500358999270247,0.0,0.0,0.00012337399857642595,0.0026019609977083746,0.14700592000554025,0.15399787500064122,0.1314105830006156,0.012688207998508005,1201974,219873280,11.433168647404951,22.8213808295696,2e022e11aa1aec346b9f96bbc8108d71b70c716ae749590ae0eaea2364aac255,100a3ad0e168f0f6bacff69d9a6da674258028f3f828b6586837098d812bb138,8202b957bf78dc860dec497af3e45039738fda61845f9264d9e6b447de144f48
P3_design0_seed4,0,100000,50,4,5,100,4,fresh,0.9614635419984552,0.9777872909980942,0.9614635419984552,0.9777872909980942,1.0,1.0,0,0,499500,0,0,,0,1998000,0.0,0,499500,False,,0,0,True,0,0.9655487079999148,0.014459332998740138,50656507,7.074900713632815e-05,0.0,0.001921666000271216,0.0017833330002758885,0.003909874998498708,0.2739331669999956,0.006030874999851221,0.13635996102129866,0.0039760830004524905,0.0,0.0,0.0,0.0,0.0,0.0,0.01261874999909196,1199726,178700288,9.96487750846919,19.870305992593046,bb2c0c0e1bbe9e0f93dd55b5884c49ab7da6d84ac3d16dda2aab407d1da9c2f0,13d269caf60b090a2308b46e8d21c4b03be3e642e0a60135f1773d94623f5bad,8202b957bf78dc860dec497af3e45039738fda61845f9264d9e6b447de144f48
P3_design0_seed4,0,100000,50,4,5,100,4,none,0.8896738340008596,0.9185062920005294,0.9614635419984552,0.9777872909980942,1.0806921652115558,1.064540656404704,0,0,499500,0,0,,0,1998000,0.0,0,499500,False,,0,0,True,0,0.9655487079999148,0.014459332998740138,50656507,7.074900713632815e-05,0.01238362500043877,0.0019934579995606327,0.0017530000004626345,0.0026685410011850763,0.27262537500064354,0.0061250420003489126,0.135170827008551,0.0,0.0,0.00012749900270137005,0.0,0.0,0.0,0.0,0.012702374999207677,1200724,218136576,9.96487750846919,19.870305992593046,f7d0bb8a425ba70ba5dac58f9e73fa29ace25687e67ae2861ce70e9824ae741f,13d269caf60b090a2308b46e8d21c4b03be3e642e0a60135f1773d94623f5bad,8202b957bf78dc860dec497af3e45039738fda61845f9264d9e6b447de144f48
P3_design0_seed4,0,100000,50,4,5,100,4,basic,1.0410765830001765,1.0698915000011766,0.9614635419984552,0.9777872909980942,0.9235281608464458,0.9139125705709588,99900,99900,499500,0,0,0.0,0,2397600,0.0,0,599400,True,0,1,4,True,0,0.9655487079999148,0.014459332998740138,50656507,7.074900713632815e-05,0.01242729200021131,0.001980750001166598,0.0015892499995970866,0.00267195900050865,0.26560362500094925,0.006091584000387229,0.15370712101685058,0.0,0.0,0.00012587600031110924,0.001120624996474362,0.14620887599630805,0.15155283400054032,0.13121516699902713,0.012817625000025146,1201748,220069888,9.96487750846919,19.870305992593046,b604da66b52cf6316713925b58b59fe411e60cf249a31d39f4ae352c32a3532c,13d269caf60b090a2308b46e8d21c4b03be3e642e0a60135f1773d94623f5bad,8202b957bf78dc860dec497af3e45039738fda61845f9264d9e6b447de144f48
P3_design0_seed4,0,100000,50,4,5,100,4,runnerup,1.046115708000798,1.0756270840010984,0.9614635419984552,0.9777872909980942,0.9190795383771466,0.9090392995320818,99900,99900,499500,0,0,0.0,0,2397600,0.0,0,599400,True,0,1,4,True,0,0.9655487079999148,0.014459332998740138,50656507,7.074900713632815e-05,0.012809957999706967,0.002121583998814458,0.0017344590014545247,0.0027075830003013834,0.2720316249997268,0.0061491249998653075,0.15407762201721198,0.0,0.0,0.00013204199967731256,0.002551250998294563,0.14688466399275057,0.15355195899974206,0.13200983299975633,0.012845375000324566,1201750,224526336,9.96487750846919,19.870305992593046,972e29d63d5c5807ab292c469a3483761c5914ac1da19d56825ae09b3e860ab1,13d269caf60b090a2308b46e8d21c4b03be3e642e0a60135f1773d94623f5bad,8202b957bf78dc860dec497af3e45039738fda61845f9264d9e6b447de144f48
P3_design1_seed0,1,250000,50,4,5,250,0,fresh,2.3047652919995016,2.326138207999975,2.3047652919995016,2.326138207999975,1.0,1.0,0,0,1248750,0,0,,0,4995000,0.0,0,1248750,False,,0,0,True,0,2.2967916670004342,0.025754750000487547,126260402,8.165496910805814e-05,0.0,0.004406125000969041,0.004028457999083912,0.008847499999319552,0.6772951670009206,0.007319749998714542,0.29224683597203693,0.009112167001148919,0.0,0.0,0.0,0.0,0.0,0.0,0.012938333000420243,1201278,382795776,10.511740436049822,21.02200824333748,69e7c32aeb87d879821df4aae3cfe66df8af2633fdc55d8f6bcf286af6d07e18,4d346fe0ff9f13dccc3e66c54d2b580005d6da5c0bfbc6af4bb20d670e96093c,8202b957bf78dc860dec497af3e45039738fda61845f9264d9e6b447de144f48
P3_design1_seed0,1,250000,50,4,5,250,0,none,2.2271135829996638,2.2726582490013243,2.3047652919995016,2.326138207999975,1.0348665239135446,1.0235318966334472,0,0,1248750,0,0,,0,4995000,0.0,0,1248750,False,,0,0,True,0,2.2967916670004342,0.025754750000487547,126260402,8.165496910805814e-05,0.02448516699951142,0.004243708001013147,0.003951750000851462,0.006073165999623598,0.6664874580001197,0.007381333000012091,0.2936625029924471,0.0,0.0,0.00014449999798671342,0.0,0.0,0.0,0.0,0.012864041000284487,1202236,475398144,10.511740436049822,21.02200824333748,17d521ea7ae5007b8da7a193680b83a74fe824b3d6232f804499f5f9fb5e6fb1,4d346fe0ff9f13dccc3e66c54d2b580005d6da5c0bfbc6af4bb20d670e96093c,8202b957bf78dc860dec497af3e45039738fda61845f9264d9e6b447de144f48
P3_design1_seed0,1,250000,50,4,5,250,0,basic,2.57364299999972,2.6186647089998587,2.3047652919995016,2.326138207999975,0.8955264160568317,0.8882917312802493,249750,249750,1248750,0,0,0.0,0,5994000,0.0,0,1498500,True,0,1,4,True,0,2.2967916670004342,0.025754750000487547,126260402,8.165496910805814e-05,0.02395470900046348,0.004211542000120971,0.00406916599968099,0.00606845800029987,0.6676956249993964,0.007413334000375471,0.33359771000141336,0.0,0.0,0.00013408399900072254,0.0020562450008583255,0.35366245699697174,0.36121462499977497,0.31877845900089596,0.012786291999873356,1203295,489717760,10.511740436049822,21.02200824333748,06395d4fac1046a5f8218bcc99ef6940144ed501cfca66e35e126544bb00e50b,4d346fe0ff9f13dccc3e66c54d2b580005d6da5c0bfbc6af4bb20d670e96093c,8202b957bf78dc860dec497af3e45039738fda61845f9264d9e6b447de144f48
P3_design1_seed0,1,250000,50,4,5,250,0,runnerup,2.5949660830010544,2.63998762400297,2.3047652919995016,2.326138207999975,0.8881677903605052,0.881117088144864,249750,249750,1248750,0,0,0.0,0,5994000,0.0,0,1498500,True,0,1,4,True,0,2.2967916670004342,0.025754750000487547,126260402,8.165496910805814e-05,0.02395270899978641,0.004183333001492429,0.004052916001455742,0.006110542000897112,0.6608244170001853,0.007359584000369068,0.3351444529780565,0.0,0.0,0.0001338340025540674,0.004894296000202303,0.35887854100292316,0.3692995000001247,0.32099433400071575,0.012832582999180886,1203286,484786176,10.511740436049822,21.02200824333748,311882cbb69ebc2462621d29c5085ef789949364d134625bafc27c88e7646994,4d346fe0ff9f13dccc3e66c54d2b580005d6da5c0bfbc6af4bb20d670e96093c,8202b957bf78dc860dec497af3e45039738fda61845f9264d9e6b447de144f48
P3_design1_seed1,1,250000,50,4,5,250,1,fresh,2.295660041001611,2.3165741660013737,2.295660041001611,2.3165741660013737,1.0,1.0,0,0,1248750,0,0,,0,4995000,0.0,0,1248750,False,,0,0,True,0,2.2979898339999636,0.02792754099937156,126260375,8.832298954075668e-05,0.0,0.004191832998913014,0.004006125000159955,0.008664917000714922,0.6760858750003536,0.007272124999872176,0.2926930539906607,0.009187875000861823,0.0,0.0,0.0,0.0,0.0,0.0,0.012716167000689893,1200813,386531328,11.37550686330163,22.74200776509139,97884a9bd4e65709c898acf8ef61e3cdc6e7f71b9ee244ca1335854f5e369ed6,08716fef190fcf00881caed6812360d90dfead498f6dcdf5f8f14cfb8efd0441,8202b957bf78dc860dec497af3e45039738fda61845f9264d9e6b447de144f48
P3_design1_seed1,1,250000,50,4,5,250,1,none,2.2264779580000322,2.272230042000956,2.295660041001611,2.3165741660013737,1.0310724311251311,1.0195156842312354,0,0,1248750,0,0,,0,4995000,0.0,0,1248750,False,,0,0,True,0,2.2979898339999636,0.02792754099937156,126260375,8.832298954075668e-05,0.024429291999695124,0.004390125001009437,0.00417537500106846,0.00610166600017692,0.6602613750001183,0.007440834000590257,0.2910241240024334,0.0,0.0,0.0001329159968008753,0.0,0.0,0.0,0.0,0.012757291999150766,1201766,479510528,11.37550686330163,22.74200776509139,0201292ffe3c4855ccdcbd6da9b2d92b48df59e56efffda7502dcd99ac23a9bf,08716fef190fcf00881caed6812360d90dfead498f6dcdf5f8f14cfb8efd0441,8202b957bf78dc860dec497af3e45039738fda61845f9264d9e6b447de144f48
P3_design1_seed1,1,250000,50,4,5,250,1,basic,2.6003772919993935,2.645670957999755,2.295660041001611,2.3165741660013737,0.8828180618499826,0.8756093266234464,249750,249750,1248750,0,0,0.0,0,5994000,0.0,0,1498500,True,0,1,4,True,0,2.2979898339999636,0.02792754099937156,126260375,8.832298954075668e-05,0.024103167001158,0.004328582999733044,0.004072540999914054,0.006101791001128731,0.6761342919999151,0.007400917000268237,0.3361192169977585,0.0,0.0,0.00013712500003748573,0.0020695809926110087,0.35596712999540614,0.3636487909989228,0.3201492500011227,0.012789374999556458,1202814,484933632,11.37550686330163,22.74200776509139,41bdf28654a82321d6f5420b610e26edaa8a4f65626b21d82da92ec6adfdfa23,08716fef190fcf00881caed6812360d90dfead498f6dcdf5f8f14cfb8efd0441,8202b957bf78dc860dec497af3e45039738fda61845f9264d9e6b447de144f48
P3_design1_seed1,1,250000,50,4,5,250,1,runnerup,2.6041999999997643,2.649228125001173,2.295660041001611,2.3165741660013737,0.8815221722608934,0.8744336299843367,249750,249750,1248750,0,0,0.0,0,5994000,0.0,0,1498500,True,0,1,4,True,0,2.2979898339999636,0.02792754099937156,126260375,8.832298954075668e-05,0.023873708001701743,0.0042550420002953615,0.003985499999544118,0.006100040998717304,0.673078166999403,0.007461999999577529,0.33582637900690315,0.0,0.0,0.00013916700117988512,0.0049249189942202065,0.35640329400484916,0.36691916699965077,0.31842683300055796,0.012913874999867403,1202838,489209856,11.37550686330163,22.74200776509139,d80a10f5c87856b740ccd6f35ebe32f2519c4d54778bb7d0829f291080077499,08716fef190fcf00881caed6812360d90dfead498f6dcdf5f8f14cfb8efd0441,8202b957bf78dc860dec497af3e45039738fda61845f9264d9e6b447de144f48
P3_design1_seed2,1,250000,50,4,5,250,2,fresh,2.2876487499997893,2.308954416999768,2.2876487499997893,2.308954416999768,1.0,1.0,0,0,1248750,0,0,,0,4995000,0.0,0,1248750,False,,0,0,True,0,2.2969990000001417,0.025266458998885355,126260388,7.4040994149982e-05,0.0,0.00428079199991771,0.004063790998770855,0.009036833000209299,0.6724349579999398,0.007479375000912114,0.2922254600052838,0.009313250000559492,0.0,0.0,0.0,0.0,0.0,0.0,0.012961084001290146,1201137,384434176,10.46679439700189,20.892869538717836,fa34fb48870e90d172b3706946a34c28fc2e4853aaf01ae5756d422944368d08,c49df6a8391770707144bcf298fe31a69679e769e1bb375b1bc5972c2552a6bc,8202b957bf78dc860dec497af3e45039738fda61845f9264d9e6b447de144f48
P3_design1_seed2,1,250000,50,4,5,250,2,none,2.208462958000382,2.2535155410005245,2.2876487499997893,2.308954416999768,1.0358556124804126,1.02460106220285,0,0,1248750,0,0,,0,4995000,0.0,0,1248750,False,,0,0,True,0,2.2969990000001417,0.025266458998885355,126260388,7.4040994149982e-05,0.02400991700051236,0.0043509580009413185,0.003921624998838524,0.006045624999387655,0.6696278750005149,0.007280957999682869,0.28987800801041885,0.0,0.0,0.00013287399815453682,0.0,0.0,0.0,0.0,0.012770082999850274,1202102,475545600,10.46679439700189,20.892869538717836,c9e27f832735aaa00646ac4dc9f5ceb976dc7816ed41ac506169a66102aa3601,c49df6a8391770707144bcf298fe31a69679e769e1bb375b1bc5972c2552a6bc,8202b957bf78dc860dec497af3e45039738fda61845f9264d9e6b447de144f48
P3_design1_seed2,1,250000,50,4,5,250,2,basic,2.5859533330003615,2.6309171249977226,2.2876487499997893,2.308954416999768,0.8846442512346256,0.8776233941621276,249750,249750,1248750,0,0,0.0,0,5994000,0.0,0,1498500,True,0,1,4,True,0,2.2969990000001417,0.025266458998885355,126260388,7.4040994149982e-05,0.023983334000149625,0.004211374998703832,0.004058791999341338,0.006079208998926333,0.6662164579993259,0.007420792000630172,0.3346517879945168,0.0,0.0,0.00014329299847304355,0.00208350100183452,0.3554273789977742,0.3631887080009619,0.31623949999993783,0.012710290999166318,1203160,489062400,10.46679439700189,20.892869538717836,54456f81f7b8aa2b9c2bc7863c4ba79080d67226f3a963eae3d3663387a6796e,c49df6a8391770707144bcf298fe31a69679e769e1bb375b1bc5972c2552a6bc,8202b957bf78dc860dec497af3e45039738fda61845f9264d9e6b447de144f48
P3_design1_seed2,1,250000,50,4,5,250,2,runnerup,2.601656083999842,2.646497375000763,2.2876487499997893,2.308954416999768,0.8793048259025493,0.8724567191377253,249750,249750,1248750,0,0,0.0,0,5994000,0.0,0,1498500,True,0,1,4,True,0,2.2969990000001417,0.025266458998885355,126260388,7.4040994149982e-05,0.02380404100040323,0.00427920800029824,0.0039042919997882564,0.006101416000092286,0.68372329200065,0.007575125000585103,0.3351554589917214,0.0,0.0,0.00014008299876877572,0.00510004199713876,0.36126520600555523,0.3723595829997066,0.3189908339991234,0.012853750000431319,1203144,495370240,10.46679439700189,20.892869538717836,55caafb737c8d726eefddfe15d9fbe0ea84728f30b9651617b435c25608bf426,c49df6a8391770707144bcf298fe31a69679e769e1bb375b1bc5972c2552a6bc,8202b957bf78dc860dec497af3e45039738fda61845f9264d9e6b447de144f48
P3_design1_seed3,1,250000,50,4,5,250,3,fresh,2.2705680420003773,2.2918488749983226,2.2705680420003773,2.2918488749983226,1.0,1.0,0,0,1248750,0,0,,0,4995000,0.0,0,1248750,False,,0,0,True,0,2.2943752920000406,0.022299166999800946,126260352,8.40780085127335e-05,0.0,0.004418582999278442,0.003963041999668349,0.009113750000324217,0.6733495839998795,0.007343499999478809,0.29025625699978264,0.00908841599994048,0.0,0.0,0.0,0.0,0.0,0.0,0.012899207998998463,1201221,382828544,11.01955993068433,22.023571317274175,64faca7f93acdd35b75f0ad3628feb3fdbeed699e36735e5482891d9b11f137a,75cba88ca70cc9d0f68c1899262674965ffc0468c44510c9a3b355f2470f85f0,8202b957bf78dc860dec497af3e45039738fda61845f9264d9e6b447de144f48
P3_design1_seed3,1,250000,50,4,5,250,3,none,2.2294636250007898,2.2747622490005597,2.2705680420003773,2.2918488749983226,1.0184369085634097,1.007511389818989,0,0,1248750,0,0,,0,4995000,0.0,0,1248750,False,,0,0,True,0,2.2943752920000406,0.022299166999800946,126260352,8.40780085127335e-05,0.024042416000156663,0.004467249998924672,0.003999500000645639,0.006140207999123959,0.6890558750001219,0.0074866249997285195,0.29234467498281447,0.0,0.0,0.00015658199663448613,0.0,0.0,0.0,0.0,0.012789458000042941,1202182,479985664,11.01955993068433,22.023571317274175,520925bef7208f1ffc240bdb748541fe6d67df4783790f44c87765235b50975f,75cba88ca70cc9d0f68c1899262674965ffc0468c44510c9a3b355f2470f85f0,8202b957bf78dc860dec497af3e45039738fda61845f9264d9e6b447de144f48
P3_design1_seed3,1,250000,50,4,5,250,3,basic,2.5778865840002254,2.622786043002634,2.2705680420003773,2.2918488749983226,0.8807866320003234,0.8738222780744075,249750,249750,1248750,0,0,0.0,0,5994000,0.0,0,1498500,True,0,1,4,True,0,2.2943752920000406,0.022299166999800946,126260352,8.40780085127335e-05,0.023821624999982305,0.004196542000499903,0.003943125000660075,0.0060706670010404196,0.6637279999995371,0.007375667000815156,0.33378242600520025,0.0,0.0,0.00013554100223700516,0.0020836240000789985,0.35364371199648303,0.36144920799961255,0.31699079200006963,0.012938167001266265,1203237,484491264,11.01955993068433,22.023571317274175,948809f8583516ea82055adab1469b3c11bbaf9c96c5d64d9c44270982a52385,75cba88ca70cc9d0f68c1899262674965ffc0468c44510c9a3b355f2470f85f0,8202b957bf78dc860dec497af3e45039738fda61845f9264d9e6b447de144f48
P3_design1_seed3,1,250000,50,4,5,250,3,runnerup,2.5926134170003934,2.638216665998698,2.2705680420003773,2.2918488749983226,0.8757834959549747,0.8687113930162147,249750,249750,1248750,0,0,0.0,0,5994000,0.0,0,1498500,True,0,1,4,True,0,2.2943752920000406,0.022299166999800946,126260352,8.40780085127335e-05,0.024581332998423022,0.004279124999811756,0.004118832999665756,0.00632620800024597,0.6751585839992913,0.007625792000908405,0.33665375497912464,0.0,0.0,0.00014016700151842088,0.004930370001602569,0.3567950409997138,0.3673872500003199,0.3218720000004396,0.012623958000403945,1203224,489160704,11.01955993068433,22.023571317274175,04aa2a2d86cba2e317c6dce10d5963df72831274b6305011635515a91652ac7d,75cba88ca70cc9d0f68c1899262674965ffc0468c44510c9a3b355f2470f85f0,8202b957bf78dc860dec497af3e45039738fda61845f9264d9e6b447de144f48
P3_design1_seed4,1,250000,50,4,5,250,4,fresh,2.2812303749997227,2.3025995420011895,2.2812303749997227,2.3025995420011895,1.0,1.0,0,0,1248750,0,0,,0,4995000,0.0,0,1248750,False,,0,0,True,0,2.284014415999991,0.024603749998277635,126260342,7.978699250088539e-05,0.0,0.004340875000707456,0.004117500000575092,0.009340999999039923,0.6766757080004027,0.007359125000220956,0.292258961002517,0.00908299999900919,0.0,0.0,0.0,0.0,0.0,0.0,0.012910792000184301,1201206,381304832,11.08195214213661,22.116832854184278,c618aaddd7d9469cf674429579695209ae5fa4c20588a80739af926bf45d66c7,a310206ecf89a95a90952e95f0e4f591a0428eedeb44b3893a856b9c95ce5899,8202b957bf78dc860dec497af3e45039738fda61845f9264d9e6b447de144f48
P3_design1_seed4,1,250000,50,4,5,250,4,none,2.2607871250002063,2.3077817910016165,2.2812303749997227,2.3025995420011895,1.0090425364570823,0.9977544458403159,0,0,1248750,0,0,,0,4995000,0.0,0,1248750,False,,0,0,True,0,2.284014415999991,0.024603749998277635,126260342,7.978699250088539e-05,0.02557912500014936,0.0044731250000040745,0.0041795830002229195,0.0060646250003628666,0.6660446249989036,0.00742191700010153,0.2937523759701435,0.0,0.0,0.0001360830010526115,0.0,0.0,0.0,0.0,0.012762833001033869,1202154,475512832,11.08195214213661,22.116832854184278,667d17b5436dfeb9208d63b3feeadfe10c788fc5a14669b95ba20704fda510bb,a310206ecf89a95a90952e95f0e4f591a0428eedeb44b3893a856b9c95ce5899,8202b957bf78dc860dec497af3e45039738fda61845f9264d9e6b447de144f48
P3_design1_seed4,1,250000,50,4,5,250,4,basic,2.6393098330008797,2.6846558739998727,2.2812303749997227,2.3025995420011895,0.8643283734543501,0.8576888994605268,249750,249750,1248750,0,0,0.0,0,5994000,0.0,0,1498500,True,0,1,4,True,0,2.284014415999991,0.024603749998277635,126260342,7.978699250088539e-05,0.023784666000210564,0.004294416999982786,0.004171165999650839,0.006313457999567618,0.670597665999594,0.007536750001236214,0.3378279160187958,0.0,0.0,0.00014424999790207949,0.002265373997943243,0.36405920600373065,0.3728080000000773,0.3236029170002439,0.013095791999148787,1203215,487571456,11.08195214213661,22.116832854184278,b43f753668a28ac490da81ca3ea64bed8b5e8375f70ed8040a7ae26005918430,a310206ecf89a95a90952e95f0e4f591a0428eedeb44b3893a856b9c95ce5899,8202b957bf78dc860dec497af3e45039738fda61845f9264d9e6b447de144f48
P3_design1_seed4,1,250000,50,4,5,250,4,runnerup,2.6616078749993903,2.7077740429958794,2.2812303749997227,2.3025995420011895,0.8570873254574531,0.8503662068691651,249750,249750,1248750,0,0,0.0,0,5994000,0.0,0,1498500,True,0,1,4,True,0,2.284014415999991,0.024603749998277635,126260342,7.978699250088539e-05,0.02476395799931197,0.0045135839991417015,0.004133958998863818,0.006467040999268647,0.6574240829995688,0.0076012079989595804,0.3404417949896015,0.0,0.0,0.0001607510002941126,0.005028582001614268,0.3566303720090218,0.367696708000949,0.31617479199849186,0.012754666999171604,1203213,490373120,11.08195214213661,22.116832854184278,1321ff6e85d0326d3fdaf6721ef4620cfc8d7c9492cbbb1f21a52c92353b2d4f,a310206ecf89a95a90952e95f0e4f591a0428eedeb44b3893a856b9c95ce5899,8202b957bf78dc860dec497af3e45039738fda61845f9264d9e6b447de144f48
P3_design2_seed0,2,500000,50,4,5,500,0,fresh,4.516855541000041,4.545802206999724,4.516855541000041,4.545802206999724,1.0,1.0,0,0,2497500,0,0,,0,9990000,0.0,0,2497500,False,,0,0,True,0,4.678233874999933,0.04742645800070022,252264123,0.00022608500330534298,0.0,0.00800583299860591,0.007868708000387414,0.016710333000446553,1.3543178330000956,0.009549624999635853,0.5537810800269654,0.0178983750010957,0.0,0.0,0.0,0.0,0.0,0.0,0.013072125000689994,1201569,740114432,9.573116638834383,19.14426151131823,0d2d3487d5db632bbd93acb756aad89d6414b51113ac5f1ee223e74b647358ba,052c5fdac8b4ac1de8f391f539d86d7a1f909abdf1db55f71e12c2c4ca12a89a,8202b957bf78dc860dec497af3e45039738fda61845f9264d9e6b447de144f48
P3_design2_seed0,2,500000,50,4,5,500,0,none,4.503008416999364,4.57584258299903,4.516855541000041,4.545802206999724,1.0030750828598058,0.9934350066781324,0,0,2497500,0,0,,0,9990000,0.0,0,2497500,False,,0,0,True,0,4.678233874999933,0.04742645800070022,252264123,0.00022608500330534298,0.04179045900127676,0.007866457999625709,0.0076838329987367615,0.011685958999805734,1.3550694579989795,0.009545792001517839,0.5534812530040654,0.0,0.0,0.00016829100059112534,0.0,0.0,0.0,0.0,0.015493416000026627,1202551,918061056,9.573116638834383,19.14426151131823,b3340addd006d751f62b96d7a1f3e6a4442536e788ce2b7cf3c6e146ab173b19,052c5fdac8b4ac1de8f391f539d86d7a1f909abdf1db55f71e12c2c4ca12a89a,8202b957bf78dc860dec497af3e45039738fda61845f9264d9e6b447de144f48
P3_design2_seed0,2,500000,50,4,5,500,0,basic,5.236892208000427,5.310276500002146,4.516855541000041,4.545802206999724,0.862506876521082,0.8560387028807044,499500,499500,2497500,0,0,0.0,0,11988000,0.0,0,2997000,True,0,1,4,True,0,4.678233874999933,0.04742645800070022,252264123,0.00022608500330534298,0.041959709000366274,0.008125874999677762,0.007814083000994287,0.011860709000757197,1.3888114580004185,0.00950849999935599,0.63859954700456,0.0,0.0,0.0001521640006103553,0.0038467069971375167,0.7218437129977247,0.7334745829994063,0.6428414160000102,0.015484625000681262,1203568,939393024,9.573116638834383,19.14426151131823,602a17bb48642d8e4949a4ec85d6f6720b55a8fab689ee3d97ad55891d34fb96,052c5fdac8b4ac1de8f391f539d86d7a1f909abdf1db55f71e12c2c4ca12a89a,8202b957bf78dc860dec497af3e45039738fda61845f9264d9e6b447de144f48
P3_design2_seed0,2,500000,50,4,5,500,0,runnerup,5.2734914170014235,5.346007416999782,4.516855541000041,4.545802206999724,0.8565208860372782,0.8503172278707501,499500,499500,2497500,0,0,0.0,0,11988000,0.0,0,2997000,True,0,1,4,True,0,4.678233874999933,0.04742645800070022,252264123,0.00022608500330534298,0.041480832998786354,0.0077855420004198095,0.007760624999718857,0.01192816699949617,1.3406877920006082,0.009554166999805602,0.6452596280141734,0.0,0.0,0.00016062299800978508,0.009411378996446729,0.7143124219946912,0.7324509170011879,0.6493966660000297,0.015488999999433872,1203583,942702592,9.573116638834383,19.14426151131823,1a4b69a7cd7c2b509fe72374ea95fa4d938019fda3ee196205b3666e19a79f1f,052c5fdac8b4ac1de8f391f539d86d7a1f909abdf1db55f71e12c2c4ca12a89a,8202b957bf78dc860dec497af3e45039738fda61845f9264d9e6b447de144f48
P3_design2_seed1,2,500000,50,4,5,500,1,fresh,4.8117115829991235,4.842278999998598,4.8117115829991235,4.842278999998598,1.0,1.0,0,0,2497500,0,0,,0,9990000,0.0,0,2497500,False,,0,0,True,0,4.564314250001189,0.051937832999101374,252264104,0.00011460998939583078,0.0,0.009176125000522006,0.008176999999705004,0.017308124999544816,1.3999412920002214,0.009877167000013287,0.5875398789994506,0.019202458001018385,0.0,0.0,0.0,0.0,0.0,0.0,0.013214291999247507,1201689,742555648,9.942271770450667,19.84212820049471,5ecc36d91abbb10d3cdee937910b9669a66a84974f99530f789ff88835cc4757,0830081228f2173bf907dc37d774d6722c5c1a04c2f63fa4b5031ba8b390514e,8202b957bf78dc860dec497af3e45039738fda61845f9264d9e6b447de144f48
P3_design2_seed1,2,500000,50,4,5,500,1,none,4.592298957999446,4.669572167998922,4.8117115829991235,4.842278999998598,1.0477783844227904,1.036985579360622,0,0,2497500,0,0,,0,9990000,0.0,0,2497500,False,,0,0,True,0,4.564314250001189,0.051937832999101374,252264104,0.00011460998939583078,0.046318459000758594,0.009286417000112124,0.007858749999286374,0.013746915999945486,1.3653368750001391,0.009796250000363216,0.5645671630063589,0.0,0.0,0.0001626249977562111,0.0,0.0,0.0,0.0,0.01380958399931842,1202657,952188928,9.942271770450667,19.84212820049471,7b3bd013ed8ce2be6c3c7b09f06c8ad0e5bf846935da4e173ba13ce6be7950f7,0830081228f2173bf907dc37d774d6722c5c1a04c2f63fa4b5031ba8b390514e,8202b957bf78dc860dec497af3e45039738fda61845f9264d9e6b447de144f48
P3_design2_seed1,2,500000,50,4,5,500,1,basic,5.354340958998364,5.435811458995886,4.8117115829991235,4.842278999998598,0.8986561782011077,0.8908106980025892,499500,499500,2497500,0,0,0.0,0,11988000,0.0,0,2997000,True,0,1,4,True,0,4.564314250001189,0.051937832999101374,252264104,0.00011460998939583078,0.04888566599947808,0.009861000000455533,0.009715291998872999,0.012595166999744833,1.3726428339996346,0.009587833999830764,0.6498857960050373,0.0,0.0,0.00021150000247871503,0.004266287995051243,0.7314313750048314,0.7449709169995913,0.6499421249991428,0.013008541998715373,1203698,941211648,9.942271770450667,19.84212820049471,7a7124c25344acf6e93e8ef2412adf8831cda29137b7f4b4baf56ec8f4e2a3f0,0830081228f2173bf907dc37d774d6722c5c1a04c2f63fa4b5031ba8b390514e,8202b957bf78dc860dec497af3e45039738fda61845f9264d9e6b447de144f48
P3_design2_seed1,2,500000,50,4,5,500,1,runnerup,5.34938158300065,5.424903081999219,4.8117115829991235,4.842278999998598,0.8994893163519794,0.8926019371785886,499500,499500,2497500,0,0,0.0,0,11988000,0.0,0,2997000,True,0,1,4,True,0,4.564314250001189,0.051937832999101374,252264104,0.00011460998939583078,0.044129707999672974,0.009155665999060147,0.008593667000241112,0.013789791999442969,1.3615046670001902,0.009725915999297285,0.6489352460412192,0.0,0.0,0.00021974900118948426,0.00988616300310241,0.7351584609932615,0.7548502499994356,0.6562223330001871,0.013642457999594626,1203696,968130560,9.942271770450667,19.84212820049471,9c09bbbca4dbc313d9981f3b0e3330ae90e4c9e108f71fe04343e9281f6ee022,0830081228f2173bf907dc37d774d6722c5c1a04c2f63fa4b5031ba8b390514e,8202b957bf78dc860dec497af3e45039738fda61845f9264d9e6b447de144f48
P3_design2_seed2,2,500000,50,4,5,500,2,fresh,4.740669791999608,4.771711624998716,4.740669791999608,4.771711624998716,1.0,1.0,0,0,2497500,0,0,,0,9990000,0.0,0,2497500,False,,0,0,True,0,4.773840500000006,0.062210542000684654,252264092,0.0002528420045564417,0.0,0.009327707999545964,0.008212791999540059,0.018028000000413158,1.4009796249993087,0.00991470900044078,0.5791158209922287,0.019697542000358226,0.0,0.0,0.0,0.0,0.0,0.0,0.013501333000021987,1201315,744603648,10.488162649788988,20.973560178361076,45f455dd8d0802f0673fc55b10a8628a43725cfbbe85a8959ea037592ac2c240,7181b91db70a36ca157f051b665727ea27f791fbbc1c11ec95d1d46d7c1ff026,8202b957bf78dc860dec497af3e45039738fda61845f9264d9e6b447de144f48
P3_design2_seed2,2,500000,50,4,5,500,2,none,4.67695941599959,4.7549180399983015,4.740669791999608,4.771711624998716,1.0136221784995756,1.0035318347990747,0,0,2497500,0,0,,0,9990000,0.0,0,2497500,False,,0,0,True,0,4.773840500000006,0.062210542000684654,252264092,0.0002528420045564417,0.0468757500002539,0.009348749999844586,0.008371832998818718,0.014675750000606058,1.4111573329992098,0.009733124999911524,0.5759949900020729,0.0,0.0,0.0002077510052913567,0.0,0.0,0.0,0.0,0.013362290999793913,1202277,967933952,10.488162649788988,20.973560178361076,2dea1e72eeaa300950079c070a9dd26b777da60f1b3a7f10e2effc594e3f8d27,7181b91db70a36ca157f051b665727ea27f791fbbc1c11ec95d1d46d7c1ff026,8202b957bf78dc860dec497af3e45039738fda61845f9264d9e6b447de144f48
P3_design2_seed2,2,500000,50,4,5,500,2,basic,5.3996542080003564,5.47592858400094,4.740669791999608,4.771711624998716,0.8779580338636557,0.8713977094113792,499500,499500,2497500,0,0,0.0,0,11988000,0.0,0,2997000,True,0,1,4,True,0,4.773840500000006,0.062210542000684654,252264092,0.0002528420045564417,0.045454291999703855,0.008561167000152636,0.007924458001070889,0.013574167000115267,1.4387772500012943,0.009862833001534455,0.6661552439927618,0.0,0.0,0.0002843330039468128,0.004159998994509806,0.729510830995423,0.7428042909996293,0.6723556249999092,0.014334458999655908,1203323,971603968,10.488162649788988,20.973560178361076,00a1c2cf33330b3a24ae0d3d76d4fd4c974cd407d6d8dcfd5125785f89800a36,7181b91db70a36ca157f051b665727ea27f791fbbc1c11ec95d1d46d7c1ff026,8202b957bf78dc860dec497af3e45039738fda61845f9264d9e6b447de144f48
P3_design2_seed2,2,500000,50,4,5,500,2,runnerup,5.454323375000968,5.531684667002992,4.740669791999608,4.771711624998716,0.8691581826130297,0.8626145400988626,499500,499500,2497500,0,0,0.0,0,11988000,0.0,0,2997000,True,0,1,4,True,0,4.773840500000006,0.062210542000684654,252264092,0.0002528420045564417,0.045462542000677786,0.009185958000671235,0.00836058400091133,0.015235832999678678,1.4178797080003278,0.009960125000361586,0.6666687569922942,0.0,0.0,0.00023779200091667008,0.010161254000195186,0.7423077909934364,0.7622851249998348,0.6650346250007715,0.014352207999763777,1203326,998031360,10.488162649788988,20.973560178361076,2038bc362663f8e4cfe011ae50906059d58f7f085d04605bfae3095b2b05e8c0,7181b91db70a36ca157f051b665727ea27f791fbbc1c11ec95d1d46d7c1ff026,8202b957bf78dc860dec497af3e45039738fda61845f9264d9e6b447de144f48
P3_design2_seed3,2,500000,50,4,5,500,3,fresh,4.689449125000465,4.720186792001186,4.689449125000465,4.720186792001186,1.0,1.0,0,0,2497500,0,0,,0,9990000,0.0,0,2497500,False,,0,0,True,0,4.702592416000698,0.0393587500002468,252264117,0.00021216399181867018,0.0,0.008838584000841365,0.008346708000317449,0.017408125000656582,1.386772582998674,0.010403165999377961,0.5759981210158003,0.019164291999913985,0.0,0.0,0.0,0.0,0.0,0.0,0.013552374999562744,1201612,744964096,9.492105322436014,18.98189590116561,03c1ab75e970878199d9d8a144584bdb48b4ab8433f5cda4927a789a54b941af,0570ff48039be7d153b40b9f51ace8c5e028cebd1fa98c69fe0881162be76f38,8202b957bf78dc860dec497af3e45039738fda61845f9264d9e6b447de144f48
P3_design2_seed3,2,500000,50,4,5,500,3,none,4.56651279200014,4.642117583001891,4.689449125000465,4.720186792001186,1.0269212720077543,1.0168175854237649,0,0,2497500,0,0,,0,9990000,0.0,0,2497500,False,,0,0,True,0,4.702592416000698,0.0393587500002468,252264117,0.00021216399181867018,0.04527374999997846,0.008958791000623023,0.008441916999800014,0.012270582999917679,1.3675086249986634,0.00966316599988204,0.5648998450069485,0.0,0.0,0.00019021000116481446,0.0,0.0,0.0,0.0,0.012930333001349936,1202593,918093824,9.492105322436014,18.98189590116561,431cb71d4e4651bce185829d5264ecdb3175f9b21ebe596d7c4c43274eeb0225,0570ff48039be7d153b40b9f51ace8c5e028cebd1fa98c69fe0881162be76f38,8202b957bf78dc860dec497af3e45039738fda61845f9264d9e6b447de144f48
P3_design2_seed3,2,500000,50,4,5,500,3,basic,5.313411458000701,5.389963459001592,4.689449125000465,4.720186792001186,0.8825684142979928,0.8757363250984875,499500,499500,2497500,0,0,0.0,0,11988000,0.0,0,2997000,True,0,1,4,True,0,4.702592416000698,0.0393587500002468,252264117,0.00021216399181867018,0.04519400000026508,0.008935542000472196,0.008556624999982887,0.012586208000357146,1.3626207500001328,0.01018537499840022,0.6485085020049155,0.0,0.0,0.0002120000026479829,0.00395625300006941,0.7107503719907982,0.7228190839996387,0.6594612080007209,0.013865834000171162,1203647,941555712,9.492105322436014,18.98189590116561,94cff819ee1ab6bc83739001b55395747a8f5bcd5078bdbe3445e603d1cff60f,0570ff48039be7d153b40b9f51ace8c5e028cebd1fa98c69fe0881162be76f38,8202b957bf78dc860dec497af3e45039738fda61845f9264d9e6b447de144f48
P3_design2_seed3,2,500000,50,4,5,500,3,runnerup,5.348893250000401,5.421930457003327,4.689449125000465,4.720186792001186,0.876713911798504,0.870573097429584,499500,499500,2497500,0,0,0.0,0,11988000,0.0,0,2997000,True,0,1,4,True,0,4.702592416000698,0.0393587500002468,252264117,0.00021216399181867018,0.04378283300138719,0.008374708000701503,0.007598416001201258,0.012495291999584879,1.4095492079995893,0.00971758299965586,0.6540227579916973,0.0,0.0,0.00019420699936745223,0.009876126001472585,0.7352664600075514,0.7541889589992934,0.6633733329999814,0.013281249999636202,1203640,942358528,9.492105322436014,18.98189590116561,bb8ddecc0196735f2f8df8c26356b147544313b727369b1b57b56b2936796c89,0570ff48039be7d153b40b9f51ace8c5e028cebd1fa98c69fe0881162be76f38,8202b957bf78dc860dec497af3e45039738fda61845f9264d9e6b447de144f48
P3_design2_seed4,2,500000,50,4,5,500,4,fresh,4.6957419169993955,4.726300459000413,4.6957419169993955,4.726300459000413,1.0,1.0,0,0,2497500,0,0,,0,9990000,0.0,0,2497500,False,,0,0,True,0,4.727341833000537,0.049740667000151007,252263778,0.0001942490034707589,0.0,0.008471417000691872,0.008213125000111177,0.01748129199950199,1.3947021249987301,0.009946374999344698,0.5731787989989243,0.018535167000663932,0.0,0.0,0.0,0.0,0.0,0.0,0.013874000000214437,1201746,743686144,10.135803456306226,20.208948678005886,bfb9ead96bcf4714fb09e397ea554a8a81ec6a34cefbafcf86fcfa6e24edccad,5a5c3cae651882637864d1172ff514c0ef410a049401ef60983908c2fd35c837,8202b957bf78dc860dec497af3e45039738fda61845f9264d9e6b447de144f48
P3_design2_seed4,2,500000,50,4,5,500,4,none,4.663626375000604,4.74170529300136,4.6957419169993955,4.726300459000413,1.0068863882773602,0.996751203828782,0,0,2497500,0,0,,0,9990000,0.0,0,2497500,False,,0,0,True,0,4.727341833000537,0.049740667000151007,252263778,0.0001942490034707589,0.04718920900086232,0.009002291999422596,0.008506333000696031,0.011952917000598973,1.414591124999788,0.009597209000276052,0.5714552429872128,0.0,0.0,0.0002003760018851608,0.0,0.0,0.0,0.0,0.013381083999775,1202686,920469504,10.135803456306226,20.208948678005886,f9cbd4b92c6d534f089cf38949c0995390907c1606b9fabc1c5c62a175cde228,5a5c3cae651882637864d1172ff514c0ef410a049401ef60983908c2fd35c837,8202b957bf78dc860dec497af3e45039738fda61845f9264d9e6b447de144f48
P3_design2_seed4,2,500000,50,4,5,500,4,basic,5.41568158300106,5.490038665999236,4.6957419169993955,4.726300459000413,0.8670638856868104,0.8608865522698799,499500,499500,2497500,0,0,0.0,0,11988000,0.0,0,2997000,True,0,1,4,True,0,4.727341833000537,0.049740667000151007,252263778,0.0001942490034707589,0.04405087499981164,0.00876412499928847,0.008079666999037727,0.012732082999718841,1.399051332999079,0.009809540999413002,0.6620840410014353,0.0,0.0,0.00019420799981162418,0.004232747996866237,0.734445581003456,0.7477569580005365,0.6410838329993567,0.013462416000038502,1203743,940294144,10.135803456306226,20.208948678005886,5f88c5c8a15ff2a3a0730a5f5e01b6a0793fea8d499e58882172c3545cb0cb5b,5a5c3cae651882637864d1172ff514c0ef410a049401ef60983908c2fd35c837,8202b957bf78dc860dec497af3e45039738fda61845f9264d9e6b447de144f48
P3_design2_seed4,2,500000,50,4,5,500,4,runnerup,5.456266332999803,5.533005875002345,4.6957419169993955,4.726300459000413,0.8606144990759133,0.854201236321371,499500,499500,2497500,0,0,0.0,0,11988000,0.0,0,2997000,True,0,1,4,True,0,4.727341833000537,0.049740667000151007,252263778,0.0001942490034707589,0.04549833300006867,0.008971417000793735,0.008433708000666229,0.01497479200043017,1.3780841660009173,0.010221165999610093,0.6727738350200525,0.0,0.0,0.00023062500076775905,0.009889666998788016,0.7324987920037529,0.7517186250006489,0.6515428330003488,0.01383608400101366,1203745,988643328,10.135803456306226,20.208948678005886,3f093ca531e3cad12b7a776a5a569af7d3186558f0043c428cd993b4c0b60751,5a5c3cae651882637864d1172ff514c0ef410a049401ef60983908c2fd35c837,8202b957bf78dc860dec497af3e45039738fda61845f9264d9e6b447de144f48
P3_design3_seed0,3,1000000,50,4,5,1000,0,fresh,9.200902332999249,9.245080208997024,9.200902332999249,9.245080208997024,1.0,1.0,0,0,4995000,0,0,,0,19980000,0.0,0,4995000,False,,0,0,True,0,9.24979466699915,0.08702508400165243,504266743,0.0002771319905150449,0.0,0.015653916998417117,0.015287833999536815,0.03482550000080664,2.773287417001484,0.013799415999528719,1.096414547011591,0.03703420900092169,0.0,0.0,0.0,0.0,0.0,0.0,0.013236124999821186,1202063,1477181440,9.664419658272742,19.301566194223284,43a77021ead9dce6a9e5651c4a163f7e6a85fa7c9acbc9fee11f48198ad5ae63,26ede639282e4e0f36836b63b986b292a4151bc389d29cc9c62798238f839262,8202b957bf78dc860dec497af3e45039738fda61845f9264d9e6b447de144f48
P3_design3_seed0,3,1000000,50,4,5,1000,0,none,8.979595332999452,9.103663333997247,9.200902332999249,9.245080208997024,1.0246455426767962,1.015534062476988,0,0,4995000,0,0,,0,19980000,0.0,0,4995000,False,,0,0,True,0,9.24979466699915,0.08702508400165243,504266743,0.0002771319905150449,0.07925079199958418,0.016452874999231426,0.01575441699969815,0.02278166600081022,2.755699375000404,0.013558499998907791,1.0900838229845249,0.0,0.0,0.0001975819996005157,0.0,0.0,0.0,0.0,0.012609916999281268,1203006,1792671744,9.664419658272742,19.301566194223284,c831d570b0923a8b273acbb7c28134b33f536ce5a89c149e9834c6437a1f25c5,26ede639282e4e0f36836b63b986b292a4151bc389d29cc9c62798238f839262,8202b957bf78dc860dec497af3e45039738fda61845f9264d9e6b447de144f48
P3_design3_seed0,3,1000000,50,4,5,1000,0,basic,10.65961816699928,10.77841987499778,9.200902332999249,9.245080208997024,0.8631549637944803,0.857739846491082,999000,999000,4995000,0,0,0.0,0,23976000,0.0,0,5994000,True,0,1,4,True,0,9.24979466699915,0.08702508400165243,504266743,0.0002771319905150449,0.074991666000642,0.015465374999621417,0.01514474999930826,0.025333958001283463,2.7603012079998734,0.014024666001205333,1.2838040360074956,0.0,0.0,0.0002206250028393697,0.007713837001574575,1.4363750839984277,1.457447000000684,1.2837388329990063,0.01319991699892853,1204069,1859715072,9.664419658272742,19.301566194223284,7e519eb4eee4ba093d4fe5600ba4ab61c508753dac19062f169349ba7df85bd2,26ede639282e4e0f36836b63b986b292a4151bc389d29cc9c62798238f839262,8202b957bf78dc860dec497af3e45039738fda61845f9264d9e6b447de144f48
P3_design3_seed0,3,1000000,50,4,5,1000,0,runnerup,10.570915791000516,10.696335417000228,9.200902332999249,9.245080208997024,0.8703978458358717,0.8643222046219072,999000,999000,4995000,0,0,0.0,0,23976000,0.0,0,5994000,True,0,1,4,True,0,9.24979466699915,0.08702508400165243,504266743,0.0002771319905150449,0.08056854200003727,0.015716916999735986,0.015698875000452972,0.025115792001088266,2.741428499999529,0.01455379199978779,1.262389659001201,0.0,0.0,0.0002153329987777397,0.017576168005689397,1.4157307510031387,1.445788958000776,1.2628949580011977,0.013435291999485344,1204067,1860763648,9.664419658272742,19.301566194223284,e44f43afb6750673011498764a767e51d35ff936040b73a4bb9ec434bf20dc8f,26ede639282e4e0f36836b63b986b292a4151bc389d29cc9c62798238f839262,8202b957bf78dc860dec497af3e45039738fda61845f9264d9e6b447de144f48
P3_design3_seed1,3,1000000,50,4,5,1000,1,fresh,9.29559800000061,9.34391433500059,9.29559800000061,9.34391433500059,1.0,1.0,0,0,4995000,0,0,,0,19980000,0.0,0,4995000,False,,0,0,True,0,9.06535950000034,0.08606708300067112,504266791,0.00022152801102492958,0.0,0.017702791999909095,0.01722495899957721,0.03397150000091642,2.802313750000394,0.014477000000624685,1.1035815049817757,0.0391492910002853,0.0,0.0,0.0,0.0,0.0,0.0,0.01338858400049503,1202126,1474756608,10.680081188806437,21.290896367646255,8ee2578a4d386a60235c7d6b32976041cf8b1071a04a19ce68cda332d746f86d,076715bff8ce504d6deb2dea40d46e2433604333c0bc0d26cf5275418c882aff,8202b957bf78dc860dec497af3e45039738fda61845f9264d9e6b447de144f48
P3_design3_seed1,3,1000000,50,4,5,1000,1,none,8.92382145800002,9.049915290999706,9.29559800000061,9.34391433500059,1.0416611362912578,1.0324863862862088,0,0,4995000,0,0,,0,19980000,0.0,0,4995000,False,,0,0,True,0,9.06535950000034,0.08606708300067112,504266791,0.00022152801102492958,0.08037974999933795,0.016252375000476604,0.01569595799992385,0.023411375001160195,2.706868209001186,0.014188875000400003,1.0788356619796104,0.0,0.0,0.00019558299936761614,0.0,0.0,0.0,0.0,0.01376574999994773,1203112,1792131072,10.680081188806437,21.290896367646255,306c0e50d36b0030de43e6a1e67f4d2d98da82952296a515e5c7ee48bb057176,076715bff8ce504d6deb2dea40d46e2433604333c0bc0d26cf5275418c882aff,8202b957bf78dc860dec497af3e45039738fda61845f9264d9e6b447de144f48
P3_design3_seed1,3,1000000,50,4,5,1000,1,basic,10.559736375000284,10.685685917000228,9.29559800000061,9.34391433500059,0.8802869380345074,0.8744328073628884,999000,999000,4995000,0,0,0.0,0,23976000,0.0,0,5994000,True,0,1,4,True,0,9.06535950000034,0.08606708300067112,504266791,0.00022152801102492958,0.07947308300026634,0.016626959000859642,0.01605816699884599,0.023648708000109764,2.7492071249998844,0.014719291999426787,1.262520083990239,0.0,0.0,0.0002584169997135177,0.007278665996636846,1.3929885019952053,1.4123613749998185,1.2806622079988301,0.013791332999971928,1204128,1846198272,10.680081188806437,21.290896367646255,fc7cb2704b19c63fd9fa4a17199ba46e33b389ed678579830a24eb89792562be,076715bff8ce504d6deb2dea40d46e2433604333c0bc0d26cf5275418c882aff,8202b957bf78dc860dec497af3e45039738fda61845f9264d9e6b447de144f48
P3_design3_seed1,3,1000000,50,4,5,1000,1,runnerup,10.52817099999993,10.655197124997358,9.29559800000061,9.34391433500059,0.8829261986721788,0.8769349102964539,999000,999000,4995000,0,0,0.0,0,23976000,0.0,0,5994000,True,0,1,4,True,0,9.06535950000034,0.08606708300067112,504266791,0.00022152801102492958,0.08024066699908872,0.016844541998580098,0.016579999999521533,0.025226833000488114,2.665522167000745,0.013930624998465646,1.2757202510074421,0.0,0.0,0.00017787499746191315,0.017783832998247817,1.4335668360017735,1.4642156659992906,1.2927282079999713,0.013360916000237921,1204128,1860943872,10.680081188806437,21.290896367646255,1be250f1f5e510412568a71a2d5f58037e748cc93c50e0b53ea4da9f4a8b4386,076715bff8ce504d6deb2dea40d46e2433604333c0bc0d26cf5275418c882aff,8202b957bf78dc860dec497af3e45039738fda61845f9264d9e6b447de144f48
P3_design3_seed2,3,1000000,50,4,5,1000,2,fresh,9.264480541000012,9.309763207998913,9.264480541000012,9.309763207998913,1.0,1.0,0,0,4995000,0,0,,0,19980000,0.0,0,4995000,False,,0,0,True,0,9.316783332998966,0.0839553750010964,504266603,0.0002554159837018233,0.0,0.016356666999854497,0.01570625000022119,0.03265108300001884,2.8082487500014395,0.014105874999586376,1.1096362479947857,0.03786949999994249,0.0,0.0,0.0,0.0,0.0,0.0,0.013219749998825137,1202421,1468645376,10.060042420616723,20.02505532473559,e37901f5f7f4319bde6f18c3dae3be6573ddca42dacbdd47cb2e94d3459d9d47,a6688067609e691d163ab40ccb1840363d5c1888a70f55819064a04d2849e0e9,8202b957bf78dc860dec497af3e45039738fda61845f9264d9e6b447de144f48
P3_design3_seed2,3,1000000,50,4,5,1000,2,none,9.296982000001663,9.42029762400125,9.264480541000012,9.309763207998913,0.9965040849813794,0.9882663562857382,0,0,4995000,0,0,,0,19980000,0.0,0,4995000,False,,0,0,True,0,9.316783332998966,0.0839553750010964,504266603,0.0002554159837018233,0.07821454099939729,0.016073875000074622,0.01577045799967891,0.026050749998830725,2.8095237920006184,0.014309500000308617,1.114957162997598,0.0,0.0,0.00025574900064384565,0.0,0.0,0.0,0.0,0.013256750000437023,1203372,1821229056,10.060042420616723,20.02505532473559,b5677d1bb92764743f793695be75de901fd6aef6829c5f8d56efff71e578866d,a6688067609e691d163ab40ccb1840363d5c1888a70f55819064a04d2849e0e9,8202b957bf78dc860dec497af3e45039738fda61845f9264d9e6b447de144f48
P3_design3_seed2,3,1000000,50,4,5,1000,2,basic,10.55250199999864,10.678675540999393,9.264480541000012,9.309763207998913,0.8779416048441598,0.8718087905429172,999000,999000,4995000,0,0,0.0,0,23976000,0.0,0,5994000,True,0,1,4,True,0,9.316783332998966,0.0839553750010964,504266603,0.0002554159837018233,0.07919041600143828,0.017338207999273436,0.016587125001024106,0.024222833000749233,2.729603957999643,0.014136875000986038,1.262327289003224,0.0,0.0,0.0001835410021158168,0.0072078349912771955,1.4194112910026888,1.438447915999859,1.2931167910010117,0.013057791999017354,1204430,1840316416,10.060042420616723,20.02505532473559,7c08ded75363500812e5dc552b597eea32321ac34166a90ae7495113d32a6031,a6688067609e691d163ab40ccb1840363d5c1888a70f55819064a04d2849e0e9,8202b957bf78dc860dec497af3e45039738fda61845f9264d9e6b447de144f48
P3_design3_seed2,3,1000000,50,4,5,1000,2,runnerup,10.667686124999818,10.794923708999704,9.264480541000012,9.309763207998913,0.8684620481370012,0.8624204727113897,999000,999000,4995000,0,0,0.0,0,23976000,0.0,0,5994000,True,0,1,4,True,0,9.316783332998966,0.0839553750010964,504266603,0.0002554159837018233,0.08056504200067138,0.017146457999842823,0.016568958999414463,0.026579290999507066,2.7748789159995795,0.014317666998977074,1.2762552539970784,0.0,0.0,0.00020770999981323257,0.01749887399819272,1.4278118739985075,1.458471500000087,1.3147732079996786,0.01295712499995716,1204407,1874165760,10.060042420616723,20.02505532473559,2c2983a1435257acef0b6159db9b202419f664597c3d575fdc0d7a702bb6170f,a6688067609e691d163ab40ccb1840363d5c1888a70f55819064a04d2849e0e9,8202b957bf78dc860dec497af3e45039738fda61845f9264d9e6b447de144f48
P3_design3_seed3,3,1000000,50,4,5,1000,3,fresh,9.307733166000617,9.352898208002443,9.307733166000617,9.352898208002443,1.0,1.0,0,0,4995000,0,0,,0,19980000,0.0,0,4995000,False,,0,0,True,0,9.341265125000064,0.08335174999956507,504266761,0.00023883501125965267,0.0,0.015912750001007225,0.01586745900021924,0.033712124999510706,2.783035208000001,0.01400491599997622,1.1177387080097105,0.03802524999991874,0.0,0.0,0.0,0.0,0.0,0.0,0.013384833000600338,1202360,1472921600,10.325387331401538,20.612360934423982,5266b6266b69bff7b5001fd652e32eed87658330ea7941e29e76a6a26274f8b2,8e086233738a82a96b3aa8853f3fd836b9797246bbfc848341376e3b4ec29207,8202b957bf78dc860dec497af3e45039738fda61845f9264d9e6b447de144f48
P3_design3_seed3,3,1000000,50,4,5,1000,3,none,9.31014120799955,9.44073620800009,9.307733166000617,9.352898208002443,0.9997413527952869,0.9906958527319922,0,0,4995000,0,0,,0,19980000,0.0,0,4995000,False,,0,0,True,0,9.341265125000064,0.08335174999956507,504266761,0.00023883501125965267,0.08174650000000838,0.017826290999437333,0.016707667000446236,0.02379804199881619,2.820878416998312,0.015398957999423146,1.1231418349925661,0.0,0.0,0.00021820900110469665,0.0,0.0,0.0,0.0,0.014314542000647634,1203325,1796554752,10.325387331401538,20.612360934423982,bdb8e43f006ba6bada87ac1ac3f8281ac9824351ba4c3ff6fda87beabbfc9c03,8e086233738a82a96b3aa8853f3fd836b9797246bbfc848341376e3b4ec29207,8202b957bf78dc860dec497af3e45039738fda61845f9264d9e6b447de144f48
P3_design3_seed3,3,1000000,50,4,5,1000,3,basic,10.717949292000412,10.855157084000894,9.307733166000617,9.352898208002443,0.868424818257692,0.8616087391114232,999000,999000,4995000,0,0,0.0,0,23976000,0.0,0,5994000,True,0,1,4,True,0,9.341265125000064,0.08335174999956507,504266761,0.00023883501125965267,0.08799270899908151,0.01789108299999498,0.01736825000079989,0.02476333300000988,2.7612848749995464,0.01425941699926625,1.2871427959980792,0.0,0.0,0.00022733299738320056,0.007911165996119962,1.4919669539976894,1.5139841250002064,1.294355624999298,0.013955750000604894,1204380,1848672256,10.325387331401538,20.612360934423982,cb76ff44020988aa9bd4a3a84b7395260392f1dea0d6e552aa4e0e7e6e0c9a30,8e086233738a82a96b3aa8853f3fd836b9797246bbfc848341376e3b4ec29207,8202b957bf78dc860dec497af3e45039738fda61845f9264d9e6b447de144f48
P3_design3_seed3,3,1000000,50,4,5,1000,3,runnerup,10.5003180420008,10.625790751999375,9.307733166000617,9.352898208002443,0.8864239281867562,0.8802072642210256,999000,999000,4995000,0,0,0.0,0,23976000,0.0,0,5994000,True,0,1,4,True,0,9.341265125000064,0.08335174999956507,504266761,0.00023883501125965267,0.08023466699887649,0.01644266699986474,0.01572745900011796,0.024203832999774022,2.6766013329997804,0.013897082999392296,1.268298662000234,0.0,0.0,0.00016491799942741636,0.017073414001060883,1.4149129159868608,1.4439949160005199,1.2766796659998363,0.013067916999716545,1204358,1841954816,10.325387331401538,20.612360934423982,f95e8d7cf7d7cf9680e413e4cc08c73066fabbd4b0053db43486351c120ad12f,8e086233738a82a96b3aa8853f3fd836b9797246bbfc848341376e3b4ec29207,8202b957bf78dc860dec497af3e45039738fda61845f9264d9e6b447de144f48
P3_design3_seed4,3,1000000,50,4,5,1000,4,fresh,9.203661666999324,9.25020074999884,9.203661666999324,9.25020074999884,1.0,1.0,0,0,4995000,0,0,,0,19980000,0.0,0,4995000,False,,0,0,True,0,9.288894375000382,0.0885632080007781,504266789,0.00024707900047360454,0.0,0.016608624999207677,0.0163460000003397,0.032816041999467416,2.7447879999999714,0.013903958999435417,1.1032635400169966,0.0384185000002617,0.0,0.0,0.0,0.0,0.0,0.0,0.013584457999968436,1202248,1469841408,10.27159624515779,20.509439284959765,0955c1208046aa7874ae6c534df91ccce05267cc8143bf91ffd23b6be915e198,e93c1ebc0a9a9873db7f0d3f41565104dfe985daaf6be849c540cb5435b16dd4,8202b957bf78dc860dec497af3e45039738fda61845f9264d9e6b447de144f48
P3_design3_seed4,3,1000000,50,4,5,1000,4,none,9.26080358299987,9.385084124000059,9.203661666999324,9.25020074999884,0.9938297021971785,0.9856278993113884,0,0,4995000,0,0,,0,19980000,0.0,0,4995000,False,,0,0,True,0,9.288894375000382,0.0885632080007781,504266789,0.00024707900047360454,0.07919933300036064,0.01559083299980557,0.015806542000063928,0.023808542000551824,2.8381923750002898,0.014451416998781497,1.103718831018341,0.0,0.0,0.000200375998247182,0.0,0.0,0.0,0.0,0.013683832999959122,1203190,1794686976,10.27159624515779,20.509439284959765,babf2d46e3d2b80cd8e20fc7f68089d039dec52c704317ec9831b2182411c994,e93c1ebc0a9a9873db7f0d3f41565104dfe985daaf6be849c540cb5435b16dd4,8202b957bf78dc860dec497af3e45039738fda61845f9264d9e6b447de144f48
P3_design3_seed4,3,1000000,50,4,5,1000,4,basic,10.642705416999888,10.775480291998974,9.203661666999324,9.25020074999884,0.8647859079419844,0.8584490435073518,999000,999000,4995000,0,0,0.0,0,23976000,0.0,0,5994000,True,0,1,4,True,0,9.288894375000382,0.0885632080007781,504266789,0.00024707900047360454,0.08455337499981397,0.01837229199918511,0.016673374999299995,0.024173417001293274,2.747909499999878,0.014150291999612818,1.2750391739864426,0.0,0.0,0.0001532930000394117,0.007878377999077202,1.4432886240065272,1.4650111669998296,1.3044552499995916,0.013175833000786952,1204246,1845559296,10.27159624515779,20.509439284959765,ea54f26a9474baf7914dc8a2183023a847ba0723e5204b0b825d7a00f2066363,e93c1ebc0a9a9873db7f0d3f41565104dfe985daaf6be849c540cb5435b16dd4,8202b957bf78dc860dec497af3e45039738fda61845f9264d9e6b447de144f48
P3_design3_seed4,3,1000000,50,4,5,1000,4,runnerup,10.802421083000809,10.92925916600143,9.203661666999324,9.25020074999884,0.851999898567427,0.8463703357656868,999000,999000,4995000,0,0,0.0,0,23976000,0.0,0,5994000,True,0,1,4,True,0,9.288894375000382,0.0885632080007781,504266789,0.00024707900047360454,0.08122495799943863,0.01599795800029824,0.01599545800127089,0.02529333299935388,2.7227359999997134,0.014587166000637808,1.305314836987236,0.0,0.0,0.00020812299953831825,0.017941952000910533,1.456006749003791,1.487296832998254,1.3136854580006911,0.013619708999613067,1204252,1852227584,10.27159624515779,20.509439284959765,c0bb7235de482c7952c36346640c06805311d053f5bbd5d8ded9d80a297561f1,e93c1ebc0a9a9873db7f0d3f41565104dfe985daaf6be849c540cb5435b16dd4,8202b957bf78dc860dec497af3e45039738fda61845f9264d9e6b447de144f48
P3_design4_seed0,4,100000,10,4,5,100,0,fresh,0.9591158330003964,0.9664010830001644,0.9591158330003964,0.9664010830001644,1.0,1.0,0,0,499500,0,0,,0,1998000,0.0,0,499500,False,,0,0,True,0,0.9738435419985763,0.008945292000134941,50459573,3.8419993870775215e-05,0.0,0.0017413749992556404,0.0018483749990991782,0.003582334000384435,0.2711187910008448,0.0019823339989670785,0.40498108299289015,0.004440415999852121,0.0,0.0,0.0,0.0,0.0,0.0,0.0036955000014131656,282941,203915264,12.863464414226362,25.667932686841564,e82fc02bac555b3215449c88e980d0e495828361faf9bcc6511034217a113304,39ab9ca9c2ea8ffd1f3ef085a01803d4f586076add4c7b99d56803f19d146f87,8202b957bf78dc860dec497af3e45039738fda61845f9264d9e6b447de144f48
P3_design4_seed0,4,100000,10,4,5,100,0,none,0.9814942079992761,0.9979349980021652,0.9591158330003964,0.9664010830001644,0.9771996871540415,0.9684008326543003,0,0,499500,0,0,,0,1998000,0.0,0,499500,False,,0,0,True,0,0.9738435419985763,0.008945292000134941,50459573,3.8419993870775215e-05,0.009254291000615922,0.0018145829999411944,0.0016083330010587815,0.002808125000228756,0.27620850000130304,0.002202249999754713,0.4136428740021074,0.0,0.0,0.0002926260021922644,0.0,0.0,0.0,0.0,0.0037635830012732185,283871,242401280,12.863464414226362,25.667932686841564,d8748bdb3137f177633b65873915590a8f24145cffec9ce3f8039213773f7745,39ab9ca9c2ea8ffd1f3ef085a01803d4f586076add4c7b99d56803f19d146f87,8202b957bf78dc860dec497af3e45039738fda61845f9264d9e6b447de144f48
P3_design4_seed0,4,100000,10,4,5,100,0,basic,1.1214856659989891,1.1384672899966972,0.9591158330003964,0.9664010830001644,0.8552189850291505,0.8488615276798755,99900,99900,499500,0,0,0.0,0,2397600,0.0,0,599400,True,0,1,4,True,0,0.9738435419985763,0.008945292000134941,50459573,3.8419993870775215e-05,0.009549874999720487,0.0019187079997209366,0.001812332999179489,0.002427707999231643,0.27189287500004866,0.002037374999417807,0.4739426230044046,0.0,0.0,0.00021691799884138163,0.0009064149999176152,0.14749704399946495,0.15034908300003735,0.13346383399948536,0.0037007079990871716,284210,257572864,12.863464414226362,25.667932686841564,6f4ea5eeadb4f2689c8babe346c76f9e2d2b9a8dc4ebe03d1e24dfd9980ebe3f,39ab9ca9c2ea8ffd1f3ef085a01803d4f586076add4c7b99d56803f19d146f87,8202b957bf78dc860dec497af3e45039738fda61845f9264d9e6b447de144f48
P3_design4_seed0,4,100000,10,4,5,100,0,runnerup,1.1029030839999905,1.120339793000312,0.9591158330003964,0.9664010830001644,0.8696283897601329,0.8625964096232858,99900,99900,499500,0,0,0.0,0,2397600,0.0,0,599400,True,0,1,4,True,0,0.9738435419985763,0.008945292000134941,50459573,3.8419993870775215e-05,0.009999292000429705,0.0018152499997086124,0.001686000001427601,0.002449874999001622,0.27229358299882733,0.0021054590015410213,0.4653056689967343,0.0,0.0,0.0001567920007801149,0.0019585819954954786,0.14292004300295957,0.14666399999987334,0.12884587500047928,0.0039361669987556525,284215,254148608,12.863464414226362,25.667932686841564,d0c5bca1263b0a3aefaf14de01677f220a850338971baa67b6214a6495a92d46,39ab9ca9c2ea8ffd1f3ef085a01803d4f586076add4c7b99d56803f19d146f87,8202b957bf78dc860dec497af3e45039738fda61845f9264d9e6b447de144f48
P3_design4_seed1,4,100000,10,4,5,100,1,fresh,0.9636539170005562,0.970894624999346,0.9636539170005562,0.970894624999346,1.0,1.0,0,0,499500,0,0,,0,1998000,0.0,0,499500,False,,0,0,True,0,0.9748076660016523,0.008824541999274516,50459573,4.6208004278014414e-05,0.0,0.0017674999999144347,0.001655540998399374,0.0033694159992592176,0.2718349160004436,0.001975167000637157,0.40433371000654006,0.003983083999628434,0.0,0.0,0.0,0.0,0.0,0.0,0.0038176670004759217,283302,203456512,11.164701587536873,22.277614070463283,18c429ff525ec111e58a8bfe24d7b6fab36a464c378e1f35f0913ef504469675,78d5d22a95f9826a50486859449ecdc2e8e8664bf2b135996b0aa56f51714583,8202b957bf78dc860dec497af3e45039738fda61845f9264d9e6b447de144f48
P3_design4_seed1,4,100000,10,4,5,100,1,none,0.9790549999997893,0.9963380829976813,0.9636539170005562,0.970894624999346,0.9842694404305822,0.9744630277287167,0,0,499500,0,0,,0,1998000,0.0,0,499500,False,,0,0,True,0,0.9748076660016523,0.008824541999274516,50459573,4.6208004278014414e-05,0.009898957998302649,0.0019648750003398163,0.0017547079987707548,0.0031296249999286374,0.288308875000439,0.002261458999782917,0.4113839569999982,0.0,0.0,0.000321916997563676,0.0,0.0,0.0,0.0,0.003664542000478832,284243,246267904,11.164701587536873,22.277614070463283,d6355497244c9ab7df677e0cdbdd0925cdd8e14d06e949a7a2d6f7cf3320cf6e,78d5d22a95f9826a50486859449ecdc2e8e8664bf2b135996b0aa56f51714583,8202b957bf78dc860dec497af3e45039738fda61845f9264d9e6b447de144f48
P3_design4_seed1,4,100000,10,4,5,100,1,basic,1.1312458749998768,1.1493221250002534,0.9636539170005562,0.970894624999346,0.8518518726096227,0.8447541414893861,99900,99900,499500,0,0,0.0,0,2397600,0.0,0,599400,True,0,1,4,True,0,0.9748076660016523,0.008824541999274516,50459573,4.6208004278014414e-05,0.01030325000101584,0.002200124999944819,0.0015940840003167978,0.0029492499998013955,0.27916233299947635,0.0020554999991873046,0.4739094960041257,0.0,0.0,0.00022058300055505242,0.0008751679961278569,0.14904308299992408,0.1519231669990404,0.13332670900126686,0.003978790999099147,284572,268861440,11.164701587536873,22.277614070463283,a199f1752cd3b608839a4a9ad5beba7955774443b9143f2629d906d4d91cf40e,78d5d22a95f9826a50486859449ecdc2e8e8664bf2b135996b0aa56f51714583,8202b957bf78dc860dec497af3e45039738fda61845f9264d9e6b447de144f48
P3_design4_seed1,4,100000,10,4,5,100,1,runnerup,1.1296990829996503,1.1474912489975395,0.9636539170005562,0.970894624999346,0.8530182342379174,0.8461019862657164,99900,99900,499500,0,0,0.0,0,2397600,0.0,0,599400,True,0,1,4,True,0,0.9748076660016523,0.008824541999274516,50459573,4.6208004278014414e-05,0.009731957999974838,0.0020869999989372445,0.0018274579997523688,0.0025931250002031447,0.277240208000876,0.002154334000806557,0.47257008800261247,0.0,0.0,0.00019266799790784717,0.002109917997586308,0.15061583400347445,0.15471162499852653,0.13349599999855855,0.00414574999922479,284576,253771776,11.164701587536873,22.277614070463283,36490bd4564954915c83c214338e2adec929717f593461d8d1daefaed2cd9033,78d5d22a95f9826a50486859449ecdc2e8e8664bf2b135996b0aa56f51714583,8202b957bf78dc860dec497af3e45039738fda61845f9264d9e6b447de144f48
P3_design4_seed2,4,100000,10,4,5,100,2,fresh,0.9757195000001957,0.9832059169984859,0.9757195000001957,0.9832059169984859,1.0,1.0,0,0,499500,0,0,,0,1998000,0.0,0,499500,False,,0,0,True,0,0.9510919160002231,0.015437500000189175,50459563,2.6374011213192716e-05,0.0,0.0019062499995925464,0.001745874998960062,0.0034569580002425937,0.278296209000473,0.002159082998332451,0.4105270820127771,0.0043576669995673,0.0,0.0,0.0,0.0,0.0,0.0,0.0038342919997376157,283296,202309632,10.799338648640324,21.59372138276581,f06c57b4062ff95ab8a21851e46a0a455c4b3ad72a6af9490487f8fcc473ba4c,8107a23d002c0f65083ddaec4b4e2bf0e1c50163a3fe3e57e2d804a11c570d3d,8202b957bf78dc860dec497af3e45039738fda61845f9264d9e6b447de144f48
P3_design4_seed2,4,100000,10,4,5,100,2,none,0.9639432079984545,0.9810971649985731,0.9757195000001957,0.9832059169984859,1.0122167902673371,1.0021493814019082,0,0,499500,0,0,,0,1998000,0.0,0,499500,False,,0,0,True,0,0.9510919160002231,0.015437500000189175,50459563,2.6374011213192716e-05,0.009790792000785586,0.001943916000527679,0.0017832079993240768,0.0023970830006874166,0.27925579200018547,0.0020100829988223268,0.4081803759927425,0.0,0.0,0.0001888330007204786,0.0,0.0,0.0,0.0,0.003636040999481338,284250,241041408,10.799338648640324,21.59372138276581,17debf7a1d856147bc7767d54f55d30a2ad5fffcbc8c8123d177020078c741f5,8107a23d002c0f65083ddaec4b4e2bf0e1c50163a3fe3e57e2d804a11c570d3d,8202b957bf78dc860dec497af3e45039738fda61845f9264d9e6b447de144f48
P3_design4_seed2,4,100000,10,4,5,100,2,basic,1.0942271670010086,1.1107200429978548,0.9757195000001957,0.9832059169984859,0.8916973818831316,0.8851968803451086,99900,99900,499500,0,0,0.0,0,2397600,0.0,0,599400,True,0,1,4,True,0,0.9510919160002231,0.015437500000189175,50459563,2.6374011213192716e-05,0.009125167000092915,0.0018519169989303919,0.0016051249986048788,0.0026194579986622557,0.2782974590008962,0.0021611659994960064,0.4623848800056294,0.0,0.0,0.0001928750007209601,0.000895875002242974,0.14559041800384875,0.14845454200076347,0.13130699999965145,0.003910666999217938,284574,256442368,10.799338648640324,21.59372138276581,773b9c8db89b8ffb41aa81ec85518b79689670dbd073c71643d7ddb812ffee76,8107a23d002c0f65083ddaec4b4e2bf0e1c50163a3fe3e57e2d804a11c570d3d,8202b957bf78dc860dec497af3e45039738fda61845f9264d9e6b447de144f48
P3_design4_seed2,4,100000,10,4,5,100,2,runnerup,1.1097570410001936,1.126607916001376,0.9757195000001957,0.9832059169984859,0.8792190217786827,0.8727134818013165,99900,99900,499500,0,0,0.0,0,2397600,0.0,0,599400,True,0,1,4,True,0,0.9510919160002231,0.015437500000189175,50459563,2.6374011213192716e-05,0.009634250000090105,0.002002000001084525,0.0016841249998833518,0.002436791999571142,0.2808740000000398,0.0019202499988750787,0.46884933300316334,0.0,0.0,0.00018829099826689344,0.001955208004801534,0.1441278339989367,0.1479096250004659,0.1338218330001837,0.003530500000124448,284578,252854272,10.799338648640324,21.59372138276581,3b122bc7725f0fc88cf1ecf50cef4dc448479bd4bec05ea921cf6c42123713a9,8107a23d002c0f65083ddaec4b4e2bf0e1c50163a3fe3e57e2d804a11c570d3d,8202b957bf78dc860dec497af3e45039738fda61845f9264d9e6b447de144f48
P3_design4_seed3,4,100000,10,4,5,100,3,fresh,0.9712766249995184,0.9785526249997929,0.9712766249995184,0.9785526249997929,1.0,1.0,0,0,499500,0,0,,0,1998000,0.0,0,499500,False,,0,0,True,0,0.9739818329999252,0.008675958000821993,50459578,5.287300518830307e-05,0.0,0.0019610830004239688,0.001692374999038293,0.0036144590012554545,0.27066641700002947,0.0020777079989784397,0.40865179100183013,0.004469958999834489,0.0,0.0,0.0,0.0,0.0,0.0,0.0036225420008122455,283503,205783040,10.206692221281347,20.373559397747528,da8f03e08f2c87b45efc42747acd891755217234ac3d9b7cb7a40f1bf9425d72,bb5bc9a4d5dfa49037d38d516441fa8eb3f8f4120b4628a84c95e20abe1f0693,8202b957bf78dc860dec497af3e45039738fda61845f9264d9e6b447de144f48
P3_design4_seed3,4,100000,10,4,5,100,3,none,0.9496542500000942,0.9658778339980927,0.9712766249995184,0.9785526249997929,1.0227686813378891,1.013122561213808,0,0,499500,0,0,,0,1998000,0.0,0,499500,False,,0,0,True,0,0.9739818329999252,0.008675958000821993,50459578,5.287300518830307e-05,0.008982957999251084,0.001752791999024339,0.0017587499987712363,0.0023650419989280635,0.2751650829995924,0.002074333999189548,0.4059097090012074,0.0,0.0,0.00015291700037778355,0.0,0.0,0.0,0.0,0.0037290840009518433,284448,241582080,10.206692221281347,20.373559397747528,1a6e61877596cbcdc06c659873b674295b8589f7f17e0083215f2440fc9f72ab,bb5bc9a4d5dfa49037d38d516441fa8eb3f8f4120b4628a84c95e20abe1f0693,8202b957bf78dc860dec497af3e45039738fda61845f9264d9e6b447de144f48
P3_design4_seed3,4,100000,10,4,5,100,3,basic,1.1253168750008626,1.1420046239982184,0.9712766249995184,0.9785526249997929,0.8631138895866765,0.8568727345199606,99900,99900,499500,0,0,0.0,0,2397600,0.0,0,599400,True,0,1,4,True,0,0.9739818329999252,0.008675958000821993,50459578,5.287300518830307e-05,0.009323832999143633,0.0017677079995337408,0.0016697499995643739,0.0030854160013404908,0.2744765000006737,0.002194541999415378,0.4743023339942738,0.0,0.0,0.00019654100105981342,0.0008572909991926281,0.1493817910013604,0.15235983399907127,0.13375612500021816,0.003926457999114064,284775,266616832,10.206692221281347,20.373559397747528,64a4c241e484e0d2ad5787429528715f2e2a5e01f91e8067703d7075aa741e9f,bb5bc9a4d5dfa49037d38d516441fa8eb3f8f4120b4628a84c95e20abe1f0693,8202b957bf78dc860dec497af3e45039738fda61845f9264d9e6b447de144f48
P3_design4_seed3,4,100000,10,4,5,100,3,runnerup,1.117862959001286,1.134501000000455,0.9712766249995184,0.9785526249997929,0.868869137472155,0.8625401167556489,99900,99900,499500,0,0,0.0,0,2397600,0.0,0,599400,True,0,1,4,True,0,0.9739818329999252,0.008675958000821993,50459578,5.287300518830307e-05,0.00913804199990409,0.001795000000129221,0.0017034159991453635,0.0026149580007768236,0.2785416250007984,0.0021372079991124338,0.47181140999964555,0.0,0.0,0.00021175000074435957,0.0019982070007245056,0.14401516600082687,0.1477227920004225,0.13448058299945842,0.004001582999990205,284772,253018112,10.206692221281347,20.373559397747528,1638106e336ff1d1bfdbb36792802b9f7c1694b829e75320ade4ac049e7f57b2,bb5bc9a4d5dfa49037d38d516441fa8eb3f8f4120b4628a84c95e20abe1f0693,8202b957bf78dc860dec497af3e45039738fda61845f9264d9e6b447de144f48
P3_design4_seed4,4,100000,10,4,5,100,4,fresh,0.9493039999997563,0.9567425000022922,0.9493039999997563,0.9567425000022922,1.0,1.0,0,0,499500,0,0,,0,1998000,0.0,0,499500,False,,0,0,True,0,0.961387207998996,0.009205416001350386,50459573,3.0247998438426293e-05,0.0,0.0021185830009926576,0.0017910420010593953,0.0035318750014994293,0.27179699999942386,0.0019358749996172264,0.3989935469962802,0.003957667000577203,0.0,0.0,0.0,0.0,0.0,0.0,0.003528875000483822,283006,202358784,12.607952830377258,25.17096324195742,bd5b67da7ebfe5474083ac805b38e4e555dcdb164e5e532d1be85c377cb1c65f,76657e2a6adf83cdbee533e96b26cd2a07808e32a5872bac137e07975dc84f6c,8202b957bf78dc860dec497af3e45039738fda61845f9264d9e6b447de144f48
P3_design4_seed4,4,100000,10,4,5,100,4,none,0.9516583749991696,0.9701282089990855,0.9493039999997563,0.9567425000022922,0.9975260292335311,0.9862021237269208,0,0,499500,0,0,,0,1998000,0.0,0,499500,False,,0,0,True,0,0.961387207998996,0.009205416001350386,50459573,3.0247998438426293e-05,0.009265500000765314,0.0017471249993832316,0.0017965419992833631,0.0024697909993847134,0.27511670799867716,0.002229749999969499,0.4015972080087522,0.0,0.0,0.0001725409983919235,0.0,0.0,0.0,0.0,0.005660667000483954,283953,240402432,12.607952830377258,25.17096324195742,06eeb68f0c968def4888e853c1e57461946cbab2b3c1917e5274e987efe301ad,76657e2a6adf83cdbee533e96b26cd2a07808e32a5872bac137e07975dc84f6c,8202b957bf78dc860dec497af3e45039738fda61845f9264d9e6b447de144f48
P3_design4_seed4,4,100000,10,4,5,100,4,basic,1.1362166670005536,1.1547532090007735,0.9493039999997563,0.9567425000022922,0.8354955771822821,0.8285255174395029,99900,99900,499500,0,0,0.0,0,2397600,0.0,0,599400,True,0,1,4,True,0,0.961387207998996,0.009205416001350386,50459573,3.0247998438426293e-05,0.010567375000391621,0.0023175419992185198,0.0018674170005397173,0.0027698750000126893,0.28217099999892525,0.002155207999749109,0.47614495800371515,0.0,0.0,0.0002796660010062624,0.00094295999588212,0.14896450100604852,0.15223429199977545,0.13366770799984806,0.003784208000070066,284282,266911744,12.607952830377258,25.17096324195742,05b67aadfd812c2afaef16bafc03c4996c1fb5c1a28062dfb81b1486794300a3,76657e2a6adf83cdbee533e96b26cd2a07808e32a5872bac137e07975dc84f6c,8202b957bf78dc860dec497af3e45039738fda61845f9264d9e6b447de144f48
P3_design4_seed4,4,100000,10,4,5,100,4,runnerup,1.1195674589998816,1.1379086680008186,0.9493039999997563,0.9567425000022922,0.8479203216997545,0.8407902381859736,99900,99900,499500,0,0,0.0,0,2397600,0.0,0,599400,True,0,1,4,True,0,0.961387207998996,0.009205416001350386,50459573,3.0247998438426293e-05,0.010785624999698484,0.0020729170009872178,0.0015602919993398245,0.0024958750000223517,0.2820933339990006,0.0022403330003726296,0.4684020370077633,0.0,0.0,0.00023816600150894374,0.0020285829978092806,0.14744091700049466,0.15164541699959955,0.13214712499939196,0.0039223750009114156,284286,255934464,12.607952830377258,25.17096324195742,7d6cd5df7aa80f8852be60685362f004db40a1d2b86b587372df80b704e92605,76657e2a6adf83cdbee533e96b26cd2a07808e32a5872bac137e07975dc84f6c,8202b957bf78dc860dec497af3e45039738fda61845f9264d9e6b447de144f48
P3_design5_seed0,5,100000,25,4,5,100,0,fresh,0.9631083330004913,0.9748517080006422,0.9631083330004913,0.9748517080006422,1.0,1.0,0,0,499500,0,0,,0,1998000,0.0,0,499500,False,,0,0,True,0,0.9899787920003291,0.014115916999799083,50534094,7.445900519087445e-05,0.0,0.002192542000557296,0.0017233750004379544,0.0035982500012323726,0.27408325000033074,0.003449666999586043,0.2388066679941403,0.004237207998812664,0.0,0.0,0.0,0.0,0.0,0.0,0.00782745799915574,627219,180076544,9.857701009046469,19.675425529789734,8cdd9f76f873606a2a78eada3cebc24039edfc7cb2c131eaaefa50329e9b8300,3e7f5f486d0113e64d31c0ad6217b19591eeb039a2afd2ac5c5300520656e294,8202b957bf78dc860dec497af3e45039738fda61845f9264d9e6b447de144f48
P3_design5_seed0,5,100000,25,4,5,100,0,none,0.9433103749997827,0.9660479159992974,0.9631083330004913,0.9748517080006422,1.0209877454180583,1.009113204278525,0,0,499500,0,0,,0,1998000,0.0,0,499500,False,,0,0,True,0,0.9899787920003291,0.014115916999799083,50534094,7.445900519087445e-05,0.010892457999943872,0.0021828749995620456,0.0019210419995943084,0.003139958000247134,0.279229417001261,0.0037650829999620328,0.24424403300872655,0.0,0.0,0.0002329159960936522,0.0,0.0,0.0,0.0,0.007741166000414523,628164,224739328,9.857701009046469,19.675425529789734,a20a85c4c01d27530e598190271dcb6c033057b85f35880b7b47247a630299df,3e7f5f486d0113e64d31c0ad6217b19591eeb039a2afd2ac5c5300520656e294,8202b957bf78dc860dec497af3e45039738fda61845f9264d9e6b447de144f48
P3_design5_seed0,5,100000,25,4,5,100,0,basic,1.11536150000029,1.1378076250002778,0.9631083330004913,0.9748517080006422,0.8634943316586065,0.8567807831314228,99900,99900,499500,0,0,0.0,0,2397600,0.0,0,599400,True,0,1,4,True,0,0.9899787920003291,0.014115916999799083,50534094,7.445900519087445e-05,0.010965542000121786,0.0021926249992247904,0.001822125001126551,0.003385750000234111,0.2801707920007175,0.0036739169991051313,0.28267896000033943,0.0,0.0,0.00018554300004325341,0.0010472099947946845,0.15165887399416533,0.15595945799941546,0.13542374999997264,0.007465832999514532,628747,253689856,9.857701009046469,19.675425529789734,587d18c5c6a2e2ba7a9c7e10d86b39bf7a3f40dc3be43eeb852d7998a6323c41,3e7f5f486d0113e64d31c0ad6217b19591eeb039a2afd2ac5c5300520656e294,8202b957bf78dc860dec497af3e45039738fda61845f9264d9e6b447de144f48
P3_design5_seed0,5,100000,25,4,5,100,0,runnerup,1.114541000000827,1.1361669590023666,0.9631083330004913,0.9748517080006422,0.8641300167510901,0.8580180054317278,99900,99900,499500,0,0,0.0,0,2397600,0.0,0,599400,True,0,1,4,True,0,0.9899787920003291,0.014115916999799083,50534094,7.445900519087445e-05,0.010633792000589892,0.0020248750006430782,0.0016460000006190967,0.0033993340002780315,0.2749711249998654,0.0035345420001249295,0.28106841201588395,0.0,0.0,0.00018250000175612513,0.0023355819976131897,0.15117579200523323,0.15667670799848565,0.13529474999995728,0.0073212919996876735,628767,246448128,9.857701009046469,19.675425529789734,dbef5b0cb0295c0c1d5046b2c9fe770b4bd9f7df390c2b917e7218d3d31319f5,3e7f5f486d0113e64d31c0ad6217b19591eeb039a2afd2ac5c5300520656e294,8202b957bf78dc860dec497af3e45039738fda61845f9264d9e6b447de144f48
P3_design5_seed1,5,100000,25,4,5,100,1,fresh,0.977853333000894,0.9897388329991372,0.977853333000894,0.9897388329991372,1.0,1.0,0,0,499500,0,0,,0,1998000,0.0,0,499500,False,,0,0,True,0,0.9913883329991222,0.010577540999292978,50534102,7.08370098436717e-05,0.0,0.0022812079987488687,0.001928875000885455,0.003555249999408261,0.2766020839990233,0.003890792000674992,0.2417602440036717,0.004195249999611406,0.0,0.0,0.0,0.0,0.0,0.0,0.007675416998608853,627065,183910400,9.845728400839846,19.667495202166045,82409f7f9786907ddd1222b31a2351bd8aff23f25f1ec21ea625505d2d7068e7,747f50bf7455c08420825ba9e1be38f0dbd80ab089c3e839bcd84283f2c2fba4,8202b957bf78dc860dec497af3e45039738fda61845f9264d9e6b447de144f48
P3_design5_seed1,5,100000,25,4,5,100,1,none,0.9534433330009051,0.9760063749981782,0.977853333000894,0.9897388329991372,1.0256019410436905,1.0140700494922328,0,0,499500,0,0,,0,1998000,0.0,0,499500,False,,0,0,True,0,0.9913883329991222,0.010577540999292978,50534102,7.08370098436717e-05,0.011454875000708853,0.002129540998794255,0.0017499169989605434,0.0026804579993040534,0.2766197500004637,0.003730791000634781,0.2477887910026766,0.0,0.0,0.00023008400057733525,0.0,0.0,0.0,0.0,0.007228708998809452,628029,224903168,9.845728400839846,19.667495202166045,9e899bc606ad71be6bd3716484b47b55b79b7b952441653a340737edab92a8e3,747f50bf7455c08420825ba9e1be38f0dbd80ab089c3e839bcd84283f2c2fba4,8202b957bf78dc860dec497af3e45039738fda61845f9264d9e6b447de144f48
P3_design5_seed1,5,100000,25,4,5,100,1,basic,1.100146291000783,1.1230255000027682,0.977853333000894,0.9897388329991372,0.8888393670912245,0.8813146566989775,99900,99900,499500,0,0,0.0,0,2397600,0.0,0,599400,True,0,1,4,True,0,0.9913883329991222,0.010577540999292978,50534102,7.08370098436717e-05,0.011017292001270107,0.002077042001474183,0.0017622499999561114,0.002540540999689256,0.28031600000031176,0.00353233299938438,0.2795025820032606,0.0,0.0,0.00022245800028031226,0.0010224990019196412,0.1519971270026872,0.15618183399965346,0.13499195899930783,0.008022624999284744,628631,230555648,9.845728400839846,19.667495202166045,855b3b1cd75b1cd1d528c3281750c56d107d4321b22bfdaf64314ce16a8fa120,747f50bf7455c08420825ba9e1be38f0dbd80ab089c3e839bcd84283f2c2fba4,8202b957bf78dc860dec497af3e45039738fda61845f9264d9e6b447de144f48
P3_design5_seed1,5,100000,25,4,5,100,1,runnerup,1.0864418749988545,1.1092830420002429,0.977853333000894,0.9897388329991372,0.9000512181122667,0.8922329067741401,99900,99900,499500,0,0,0.0,0,2397600,0.0,0,599400,True,0,1,4,True,0,0.9913883329991222,0.010577540999292978,50534102,7.08370098436717e-05,0.010999250000168104,0.0023611670003447216,0.0019910830014850944,0.0025447079988225596,0.27841508299934503,0.0037154589990677778,0.2756784100110963,0.0,0.0,0.00015987600090738852,0.00238562299455225,0.14748770499500097,0.15302329199948872,0.1344104170002538,0.007489666999390465,628625,231833600,9.845728400839846,19.667495202166045,3bf12b60749e68029618e5ab9a56e99f7e4d22b259081a4d43499b83bcd477ab,747f50bf7455c08420825ba9e1be38f0dbd80ab089c3e839bcd84283f2c2fba4,8202b957bf78dc860dec497af3e45039738fda61845f9264d9e6b447de144f48
P3_design5_seed2,5,100000,25,4,5,100,2,fresh,0.978965791000519,0.9903607500018552,0.978965791000519,0.9903607500018552,1.0,1.0,0,0,499500,0,0,,0,1998000,0.0,0,499500,False,,0,0,True,0,0.982413000001543,0.01357179200022074,50534098,6.671101982647087e-05,0.0,0.002147667000826914,0.0018566250000731088,0.003572541998437373,0.2818056659998547,0.0037451249991136137,0.24232441601270693,0.004198832999463775,0.0,0.0,0.0,0.0,0.0,0.0,0.007390667000436224,626989,181698560,9.750617331582523,19.44943103037031,4f202d1a207df7891bf86a45eb7e914f825bb1d36fe1eb27b65ae3e6801022ad,a25aff0ed89254d69fc564376d333457634858c02bdb367b1e52984c352635ef,8202b957bf78dc860dec497af3e45039738fda61845f9264d9e6b447de144f48
P3_design5_seed2,5,100000,25,4,5,100,2,none,0.9483254999995552,0.9710247079983674,0.978965791000519,0.9903607500018552,1.0323098883252408,1.0199130277985886,0,0,499500,0,0,,0,1998000,0.0,0,499500,False,,0,0,True,0,0.982413000001543,0.01357179200022074,50534098,6.671101982647087e-05,0.010645915999702993,0.0021169159990677144,0.0016828339994390262,0.003675624999232241,0.28287666699907277,0.0036228750013833633,0.24316003700914735,0.0,0.0,0.0001997500003199093,0.0,0.0,0.0,0.0,0.008253542000602465,627943,242417664,9.750617331582523,19.44943103037031,a27dc7bce0a1c6b9e9f1fa0369c1d70c8ab28c815dd8ea7a07aa16dc38dffbdf,a25aff0ed89254d69fc564376d333457634858c02bdb367b1e52984c352635ef,8202b957bf78dc860dec497af3e45039738fda61845f9264d9e6b447de144f48
P3_design5_seed2,5,100000,25,4,5,100,2,basic,1.0844263330000103,1.106260623999333,0.978965791000519,0.9903607500018552,0.9027499251998611,0.8952327584629393,99900,99900,499500,0,0,0.0,0,2397600,0.0,0,599400,True,0,1,4,True,0,0.982413000001543,0.01357179200022074,50534098,6.671101982647087e-05,0.0103240000007645,0.0019048750000365544,0.0016965830000117421,0.003178124999976717,0.2779283749987371,0.0036175419991195668,0.27523317101258726,0.0,0.0,0.00018608299978950527,0.0009327909920102684,0.14509954200184438,0.14880075000110082,0.13392837500032329,0.007908832998509752,628554,239042560,9.750617331582523,19.44943103037031,ccc44315c9e24144287e70751113df65c87ee16b18823f6e2f32106368d15d54,a25aff0ed89254d69fc564376d333457634858c02bdb367b1e52984c352635ef,8202b957bf78dc860dec497af3e45039738fda61845f9264d9e6b447de144f48
P3_design5_seed2,5,100000,25,4,5,100,2,runnerup,1.1699247500000638,1.1925261250016774,0.978965791000519,0.9903607500018552,0.8367767166225568,0.8304730011683913,99900,99900,499500,0,0,0.0,0,2397600,0.0,0,599400,True,0,1,4,True,0,0.982413000001543,0.01357179200022074,50534098,6.671101982647087e-05,0.011499457999889273,0.002125917000739719,0.0017605000011826633,0.002695791999940411,0.29221687500103144,0.0035789590001513716,0.29534795899417077,0.0,0.0,0.00018791600086842664,0.0024306250088557135,0.15903275100026804,0.16468150000036985,0.14207908299977134,0.0072154999998019775,628544,233865216,9.750617331582523,19.44943103037031,8e9bc4844e9905b0f1fb9f70a1351f4d7df2a8db76ea4d132648dbce33b46145,a25aff0ed89254d69fc564376d333457634858c02bdb367b1e52984c352635ef,8202b957bf78dc860dec497af3e45039738fda61845f9264d9e6b447de144f48
P3_design5_seed3,5,100000,25,4,5,100,3,fresh,0.9886026660005882,0.9998047080007382,0.9886026660005882,0.9998047080007382,1.0,1.0,0,0,499500,0,0,,0,1998000,0.0,0,499500,False,,0,0,True,0,0.999227250000331,0.016961999999693944,50534108,7.271300455613527e-05,0.0,0.0018865000001824228,0.001802875000066706,0.0037844580001547,0.28331012499984354,0.0038969170000200393,0.24493137801255216,0.004219708000164246,0.0,0.0,0.0,0.0,0.0,0.0,0.00751266699990083,627205,183402496,10.9649378609712,21.914442856389325,5ab92fa9ffc97171bc8a6cc22718ee93724e25e6f86fe75399c02269073f3aba,e8bfc392347e27207f5e8f16c9c9e88b6cdae2b0a265ccc5b1c7f143cb5668d2,8202b957bf78dc860dec497af3e45039738fda61845f9264d9e6b447de144f48
P3_design5_seed3,5,100000,25,4,5,100,3,none,0.9480625830001372,0.9696587079979508,0.9886026660005882,0.9998047080007382,1.0427609777322528,1.0310892892046828,0,0,499500,0,0,,0,1998000,0.0,0,499500,False,,0,0,True,0,0.999227250000331,0.016961999999693944,50534108,7.271300455613527e-05,0.010710624999774154,0.001970666999113746,0.001669707999099046,0.0026226250010950025,0.2730509169996367,0.003574791000573896,0.24447829098971852,0.0,0.0,0.00018212700160802342,0.0,0.0,0.0,0.0,0.007245124999826658,628178,223117312,10.9649378609712,21.914442856389325,a46a7f6cfe1d16ff319210a4b4862c9e1067e59265bfe199d4e44fc7b2d28934,e8bfc392347e27207f5e8f16c9c9e88b6cdae2b0a265ccc5b1c7f143cb5668d2,8202b957bf78dc860dec497af3e45039738fda61845f9264d9e6b447de144f48
P3_design5_seed3,5,100000,25,4,5,100,3,basic,1.0745677079994493,1.0965423749985348,0.9886026660005882,0.9998047080007382,0.9200003486435447,0.9117793628377326,99900,99900,499500,0,0,0.0,0,2397600,0.0,0,599400,True,0,1,4,True,0,0.999227250000331,0.016961999999693944,50534108,7.271300455613527e-05,0.010688459000448347,0.0020022909993713256,0.001743541999530862,0.002707874999032356,0.28137537500151666,0.003945458000089275,0.27340317399466585,0.0,0.0,0.00015250100113917142,0.0009705799966468476,0.14508716700584046,0.14891233300113527,0.13025829199978034,0.007540374999734922,628772,230522880,10.9649378609712,21.914442856389325,12e3d0d94d3adc6fa2cfff4399cd34949fe678ae922c4f7d73d7189ecbaba470,e8bfc392347e27207f5e8f16c9c9e88b6cdae2b0a265ccc5b1c7f143cb5668d2,8202b957bf78dc860dec497af3e45039738fda61845f9264d9e6b447de144f48
P3_design5_seed3,5,100000,25,4,5,100,3,runnerup,1.1079332919998706,1.1300828329985961,0.9886026660005882,0.9998047080007382,0.8922943945624334,0.8847180744687767,99900,99900,499500,0,0,0.0,0,2397600,0.0,0,599400,True,0,1,4,True,0,0.999227250000331,0.016961999999693944,50534108,7.271300455613527e-05,0.011035542000172427,0.002193667000028654,0.0017351659989799373,0.0035224589992139954,0.26815554200038605,0.003739833000508952,0.2799951280012465,0.0,0.0,0.0002009170002565952,0.002459418999933405,0.1501818299984734,0.1560739589986042,0.13601870799902827,0.007185165999544552,628770,251740160,10.9649378609712,21.914442856389325,fe218da0f7855815fa7f4ec90761825398fd15653acc862ab39ff15ec4e38bf9,e8bfc392347e27207f5e8f16c9c9e88b6cdae2b0a265ccc5b1c7f143cb5668d2,8202b957bf78dc860dec497af3e45039738fda61845f9264d9e6b447de144f48
P3_design5_seed4,5,100000,25,4,5,100,4,fresh,0.9912082920000103,1.0026567509994493,0.9912082920000103,1.0026567509994493,1.0,1.0,0,0,499500,0,0,,0,1998000,0.0,0,499500,False,,0,0,True,0,1.0110221250015456,0.009773499999937485,50534096,9.666501500760205e-05,0.0,0.0022813750001660082,0.0018317499998374842,0.003584916999898269,0.27372962499975984,0.003747250000742497,0.2468700049976178,0.004173125000306754,0.0,0.0,0.0,0.0,0.0,0.0,0.007335333999435534,627202,185499648,9.953874427332352,19.889027939211193,4ac0fb9854d8730455539c774397951da2ae527c82e66ae2a06cd73cebc735ea,a6b8ad3191d58a1eba73a88aea64b0eaf97c55f860666c2005aa02453dbaaf6d,8202b957bf78dc860dec497af3e45039738fda61845f9264d9e6b447de144f48
P3_design5_seed4,5,100000,25,4,5,100,4,none,0.9356939169992984,0.9571703750007146,0.9912082920000103,1.0026567509994493,1.0593296311883083,1.0475217131523746,0,0,499500,0,0,,0,1998000,0.0,0,499500,False,,0,0,True,0,1.0110221250015456,0.009773499999937485,50534096,9.666501500760205e-05,0.010575874999631196,0.002018417000726913,0.0017130410014942754,0.0033382080000592396,0.276653457998691,0.003580958000384271,0.23941233298864972,0.0,0.0,0.00015295900084311143,0.0,0.0,0.0,0.0,0.007169124999563792,628149,222150656,9.953874427332352,19.889027939211193,92ffd2ea5a2d486e643bd7028a9a9eba4304cfa7a7d75790e7c1974ee986ffda,a6b8ad3191d58a1eba73a88aea64b0eaf97c55f860666c2005aa02453dbaaf6d,8202b957bf78dc860dec497af3e45039738fda61845f9264d9e6b447de144f48
P3_design5_seed4,5,100000,25,4,5,100,4,basic,1.0823829580003803,1.103961082000751,0.9912082920000103,1.0026567509994493,0.9157648729347991,0.9082355957533358,99900,99900,499500,0,0,0.0,0,2397600,0.0,0,599400,True,0,1,4,True,0,1.0110221250015456,0.009773499999937485,50534096,9.666501500760205e-05,0.010545790999458404,0.0020289580006647157,0.0016879590002645273,0.002660207999724662,0.2689152910006669,0.0037127080013306113,0.2719767060098093,0.0,0.0,0.00016058199980761856,0.0009472950041526929,0.1462806650015409,0.15029649999996764,0.13086529199972574,0.007315415999983088,628759,226295808,9.953874427332352,19.889027939211193,ab6eff42047f8350e867900611c9f4ba6ce0c5ae880c865d72fdd5e846083d60,a6b8ad3191d58a1eba73a88aea64b0eaf97c55f860666c2005aa02453dbaaf6d,8202b957bf78dc860dec497af3e45039738fda61845f9264d9e6b447de144f48
P3_design5_seed4,5,100000,25,4,5,100,4,runnerup,1.1298623339989717,1.1518968759974086,0.9912082920000103,1.0026567509994493,0.8772823574813605,0.8704396824856958,99900,99900,499500,0,0,0.0,0,2397600,0.0,0,599400,True,0,1,4,True,0,1.0110221250015456,0.009773499999937485,50534096,9.666501500760205e-05,0.010742540998762706,0.0019579170002543833,0.0015966669998306315,0.002659750000020722,0.271707999998398,0.003822541000772617,0.2855832959885447,0.0,0.0,0.00021895700047025457,0.0024605450016679242,0.15126179100298032,0.15745641700050328,0.14027908299976843,0.007737416999589186,628740,232718336,9.953874427332352,19.889027939211193,41e975057d22195410723ec7470cb20e066285ba9fdf87a155e5179472b449fe,a6b8ad3191d58a1eba73a88aea64b0eaf97c55f860666c2005aa02453dbaaf6d,8202b957bf78dc860dec497af3e45039738fda61845f9264d9e6b447de144f48
P3_design6_seed0,6,100000,100,4,5,100,0,fresh,1.0594839170007617,1.0898778329992638,1.0594839170007617,1.0898778329992638,1.0,1.0,0,0,499500,0,0,,0,1998000,0.0,0,499500,False,,0,0,True,0,1.0775569580000592,0.01788729100007913,50910111,0.00022477397760667372,0.0,0.002585790998637094,0.0021235419990262017,0.004556792000585119,0.2848206670005311,0.011364750000211643,0.0586374170070485,0.004865417000473826,0.0,0.0,0.0,0.0,0.0,0.0,0.025684583000838757,2344827,186204160,10.61786945194178,21.217897477102394,fed006c5ae2223bdb386f54ea8bdec87d8d886dda780c2597e97bc1ea87f8d8d,a71884a11dd2a788dc39c10f4b4d5a90854697f207977671b7b24266829fe1ab,8202b957bf78dc860dec497af3e45039738fda61845f9264d9e6b447de144f48
P3_design6_seed0,6,100000,100,4,5,100,0,none,0.8812902080007916,0.9279167499989853,1.0594839170007617,1.0898778329992638,1.2021964018007223,1.1745426871542686,0,0,499500,0,0,,0,1998000,0.0,0,499500,False,,0,0,True,0,1.0775569580000592,0.01788729100007913,50910111,0.00022477397760667372,0.016564374998779385,0.002341625000553904,0.0019658339988382068,0.003479375000097207,0.2846302079997258,0.012220332999277161,0.058650121001846856,0.0,0.0,0.00021108300097694155,0.0,0.0,0.0,0.0,0.02575470800002222,2345817,229326848,10.61786945194178,21.217897477102394,44169e3eb695d58273e6b20177a8774b740ff253b44698dcf2ec16ab6f4cc04c,a71884a11dd2a788dc39c10f4b4d5a90854697f207977671b7b24266829fe1ab,8202b957bf78dc860dec497af3e45039738fda61845f9264d9e6b447de144f48
P3_design6_seed0,6,100000,100,4,5,100,0,basic,1.0247150829982274,1.0724044159978803,1.0594839170007617,1.0898778329992638,1.0339302451768384,1.0162936824398698,99900,99900,499500,0,0,0.0,0,2397600,0.0,0,599400,True,0,1,4,True,0,1.0775569580000592,0.01788729100007913,50910111,0.00022477397760667372,0.017320749999271357,0.002880625001125736,0.0020865419992333045,0.0034040000009554205,0.2693612920011219,0.011641207998764003,0.06419648400697042,0.0,0.0,0.00015620699923601933,0.0015028679990791716,0.1551907060074882,0.16456495899910806,0.14082579199930478,0.025401416000022436,2347828,227999744,10.61786945194178,21.217897477102394,82a027abc584eaf5ee78dd8e4d42bc99f6b6ba70e2fa199a0a3a4bbdc3998769,a71884a11dd2a788dc39c10f4b4d5a90854697f207977671b7b24266829fe1ab,8202b957bf78dc860dec497af3e45039738fda61845f9264d9e6b447de144f48
P3_design6_seed0,6,100000,100,4,5,100,0,runnerup,1.0644986250008515,1.113472916000319,1.0594839170007617,1.0898778329992638,0.9952891362352998,0.978809468410053,99900,99900,499500,0,0,0.0,0,2397600,0.0,0,599400,True,0,1,4,True,0,1.0775569580000592,0.01788729100007913,50910111,0.00022477397760667372,0.01823220799997216,0.002765457998975762,0.002028625000093598,0.003569124999557971,0.2823712909994356,0.012256791998879635,0.06552390299111721,0.0,0.0,0.00020154200137767475,0.003952882017983939,0.16178366999520222,0.17414341599942418,0.1419302920003247,0.025948000000425964,2347756,229212160,10.61786945194178,21.217897477102394,8a91bc6ba6520468fd1bbe81512261bbde2d24868c9e4ca5befb3436b24ca797,a71884a11dd2a788dc39c10f4b4d5a90854697f207977671b7b24266829fe1ab,8202b957bf78dc860dec497af3e45039738fda61845f9264d9e6b447de144f48
P3_design6_seed1,6,100000,100,4,5,100,1,fresh,1.015149916000155,1.0442980820007506,1.015149916000155,1.0442980820007506,1.0,1.0,0,0,499500,0,0,,0,1998000,0.0,0,499500,False,,0,0,True,0,1.0500264589991275,0.0224540840008558,50909768,0.00023169898122432642,0.0,0.002373416000409634,0.0020266249994165264,0.004822917000637972,0.2763168340006814,0.011130791001050966,0.05753683399052534,0.004738915999041637,0.0,0.0,0.0,0.0,0.0,0.0,0.024748125000769505,2344915,184385536,9.558931698802448,19.06242885877224,143bc52cab9fd260898aa556d154672eb31a54589568da5a66b4bd6cc2cde1a0,7175400dddbdc7f138c757ce7979489dff0153a0e77682767a7f0be86093f516,8202b957bf78dc860dec497af3e45039738fda61845f9264d9e6b447de144f48
P3_design6_seed1,6,100000,100,4,5,100,1,none,0.8509325000013632,0.8996505010036344,1.015149916000155,1.0442980820007506,1.1929852438337103,1.1607819712607839,0,0,499500,0,0,,0,1998000,0.0,0,499500,False,,0,0,True,0,1.0500264589991275,0.0224540840008558,50909768,0.00023169898122432642,0.01895216699995217,0.002555291999669862,0.0018957500014948891,0.0033777499993448146,0.2855821670000296,0.011691292000250542,0.05731695399481396,0.0,0.0,0.00015687599989178125,0.0,0.0,0.0,0.0,0.025314792001154274,2345924,229244928,9.558931698802448,19.06242885877224,162227198b1e9b6780e7a4e5f8d9b97cebafe0b190c5b38bfb946795c9d9f950,7175400dddbdc7f138c757ce7979489dff0153a0e77682767a7f0be86093f516,8202b957bf78dc860dec497af3e45039738fda61845f9264d9e6b447de144f48
P3_design6_seed1,6,100000,100,4,5,100,1,basic,1.0162384169998404,1.0633137919994624,1.015149916000155,1.0442980820007506,0.9989288920970937,0.982116558496853,99900,99900,499500,0,0,0.0,0,2397600,0.0,0,599400,True,0,1,4,True,0,1.0500264589991275,0.0224540840008558,50909768,0.00023169898122432642,0.01713687499977823,0.002577332999862847,0.001992958999835537,0.00349879100031103,0.27817125000001397,0.011866500000905944,0.06306903299810074,0.0,0.0,0.00015746000099170487,0.0015406189904751955,0.15618937697763613,0.16514608299985412,0.13859808400047768,0.025368208000145387,2347914,228245504,9.558931698802448,19.06242885877224,65e16aec4ac72dd5efd7a7d52bca20406f138094bcd47af3c09e120c67f103f4,7175400dddbdc7f138c757ce7979489dff0153a0e77682767a7f0be86093f516,8202b957bf78dc860dec497af3e45039738fda61845f9264d9e6b447de144f48
P3_design6_seed1,6,100000,100,4,5,100,1,runnerup,1.0223113330011984,1.068898582001566,1.015149916000155,1.0442980820007506,0.9929948766389788,0.9769851879167528,99900,99900,499500,0,0,0.0,0,2397600,0.0,0,599400,True,0,1,4,True,0,1.0500264589991275,0.0224540840008558,50909768,0.00023169898122432642,0.017090583000026527,0.0024519590006093495,0.0020529160010482883,0.0033355000014125835,0.27145587500126567,0.011646124999970198,0.06399378400237765,0.0,0.0,0.00018683399866858963,0.00364529598482477,0.1553209270005027,0.16652266600067378,0.13617845899898384,0.024991790998683427,2347873,228212736,9.558931698802448,19.06242885877224,77ef0e7b2c850f510e5c60527d484c5ec436e1a9f32e5683323af1316940d5eb,7175400dddbdc7f138c757ce7979489dff0153a0e77682767a7f0be86093f516,8202b957bf78dc860dec497af3e45039738fda61845f9264d9e6b447de144f48
P3_design6_seed2,6,100000,100,4,5,100,2,fresh,1.0156800000004296,1.0456679170019925,1.0156800000004296,1.0456679170019925,1.0,1.0,0,0,499500,0,0,,0,1998000,0.0,0,499500,False,,0,0,True,0,1.0326432080000814,0.01757858299970394,50910155,0.00018614599321153946,0.0,0.0027119590013171546,0.002128624999386375,0.005069458000434679,0.26913908399910724,0.011343083999236114,0.05767711797307129,0.005223416999797337,0.0,0.0,0.0,0.0,0.0,0.0,0.025147333000859362,2344656,185991168,10.29880372422316,20.55869487929247,852b4d31147b08f1e5de0c79ceb07ebd052e5e2d27ef37743a1ac4f57650750d,c5266b3a7fcbb1f93ce89c62c416afc3eacfdeeba563ea49fc92c3264fb37161,8202b957bf78dc860dec497af3e45039738fda61845f9264d9e6b447de144f48
P3_design6_seed2,6,100000,100,4,5,100,2,none,0.8456161249996512,0.8931506250009988,1.0156800000004296,1.0456679170019925,1.2011123841812366,1.1707632371648657,0,0,499500,0,0,,0,1998000,0.0,0,499500,False,,0,0,True,0,1.0326432080000814,0.01757858299970394,50910155,0.00018614599321153946,0.01773654200042074,0.002861124999981257,0.002064250000330503,0.003208916999938083,0.2759256249992177,0.011379125000530621,0.05556662500384846,0.0,0.0,0.0001489589994889684,0.0,0.0,0.0,0.0,0.024872583000615123,2345667,225296384,10.29880372422316,20.55869487929247,d1d8ea97a0ae7c64d2f0389de3391aa407178eab519fb33486cb1ada6583373a,c5266b3a7fcbb1f93ce89c62c416afc3eacfdeeba563ea49fc92c3264fb37161,8202b957bf78dc860dec497af3e45039738fda61845f9264d9e6b447de144f48
P3_design6_seed2,6,100000,100,4,5,100,2,basic,1.013546291998864,1.0611378749981668,1.0156800000004296,1.0456679170019925,1.0021051904766556,0.9854213497033069,99900,99900,499500,0,0,0.0,0,2397600,0.0,0,599400,True,0,1,4,True,0,1.0326432080000814,0.01757858299970394,50910155,0.00018614599321153946,0.01757345799887844,0.0029302500006451737,0.0020467499998630956,0.0031506659997830866,0.2737426250005228,0.01140345800013165,0.06173236898939649,0.0,0.0,0.00015854199955356307,0.0015607079949404579,0.15565588299796218,0.16509166700052447,0.13667237499976181,0.025041124999916065,2347656,226246656,10.29880372422316,20.55869487929247,44d52289d1fd5cbdea6d274ede2b032c2a692b314f230784db4ca2a2717b55d1,c5266b3a7fcbb1f93ce89c62c416afc3eacfdeeba563ea49fc92c3264fb37161,8202b957bf78dc860dec497af3e45039738fda61845f9264d9e6b447de144f48
P3_design6_seed2,6,100000,100,4,5,100,2,runnerup,1.0114540829999896,1.0580114160020457,1.0156800000004296,1.0456679170019925,1.004178061141348,0.9883333026342039,99900,99900,499500,0,0,0.0,0,2397600,0.0,0,599400,True,0,1,4,True,0,1.0326432080000814,0.01757858299970394,50910155,0.00018614599321153946,0.016859584000485484,0.002462291000483674,0.0020697500003734604,0.0032714169992686948,0.27115941700139956,0.011775124999985565,0.06149527898742235,0.0,0.0,0.0001487499994254904,0.003512036015308695,0.15448337900488696,0.1656704590004665,0.13712562500040804,0.025165708000713494,2347624,226508800,10.29880372422316,20.55869487929247,c889523b0480f1d38ab9abce07d268605656939fcc6c3e1ea44d587bedf3f208,c5266b3a7fcbb1f93ce89c62c416afc3eacfdeeba563ea49fc92c3264fb37161,8202b957bf78dc860dec497af3e45039738fda61845f9264d9e6b447de144f48
P3_design6_seed3,6,100000,100,4,5,100,3,fresh,1.0207103749999078,1.0502531660004024,1.0207103749999078,1.0502531660004024,1.0,1.0,0,0,499500,0,0,,0,1998000,0.0,0,499500,False,,0,0,True,0,1.0194680419990618,0.01903633300025831,50910190,0.00016488398796354886,0.0,0.002311375001227134,0.0019278330000815913,0.00479112500033807,0.27672879100100545,0.01134641700082284,0.05699795000873564,0.004948333000356797,0.0,0.0,0.0,0.0,0.0,0.0,0.025303582999185892,2345070,184401920,10.332665455204227,20.645954318008855,e6047308f15273f640c7b6078108cae55e9468e7f74a8da0ae5c0f26050588d8,7ebb3c108c1ec15baeb2f4b7ac92af58e302738d9cd90fd9cd95b62f9efe2c28,8202b957bf78dc860dec497af3e45039738fda61845f9264d9e6b447de144f48
P3_design6_seed3,6,100000,100,4,5,100,3,none,0.8476319999990665,0.8947243759976118,1.0207103749999078,1.0502531660004024,1.2041904682704663,1.1738287166138477,0,0,499500,0,0,,0,1998000,0.0,0,499500,False,,0,0,True,0,1.0194680419990618,0.01903633300025831,50910190,0.00016488398796354886,0.01697237499865878,0.0025933750002877787,0.0019805840001936303,0.0033097499999712454,0.27081741700021666,0.011448874998677638,0.056755641986455885,0.0,0.0,0.0001454559987905668,0.0,0.0,0.0,0.0,0.025546041999405134,2346087,225181696,10.332665455204227,20.645954318008855,ef66eaba98c4aa1a21507359c7814b4c8e13c23a381d1ef3f810a30db6cf86ac,7ebb3c108c1ec15baeb2f4b7ac92af58e302738d9cd90fd9cd95b62f9efe2c28,8202b957bf78dc860dec497af3e45039738fda61845f9264d9e6b447de144f48
P3_design6_seed3,6,100000,100,4,5,100,3,basic,1.012196584000776,1.05869362500016,1.0207103749999078,1.0502531660004024,1.0084112030545296,0.9920274772602354,99900,99900,499500,0,0,0.0,0,2397600,0.0,0,599400,True,0,1,4,True,0,1.0194680419990618,0.01903633300025831,50910190,0.00016488398796354886,0.016853958000865532,0.0025387919995409902,0.002045207998889964,0.0031821669999771984,0.27502945800006273,0.012504917000114801,0.0629033190143673,0.0,0.0,0.00018458299746271223,0.0016406269987783162,0.15757745400514978,0.16734162499960803,0.13682141699973727,0.025059083000087412,2348077,226328576,10.332665455204227,20.645954318008855,cc689b1ef61ee65b52ef1d14f9abbc33a20c959ccf4a1da680ff1d566264f0b2,7ebb3c108c1ec15baeb2f4b7ac92af58e302738d9cd90fd9cd95b62f9efe2c28,8202b957bf78dc860dec497af3e45039738fda61845f9264d9e6b447de144f48
P3_design6_seed3,6,100000,100,4,5,100,3,runnerup,1.021378208999522,1.067246917000375,1.0207103749999078,1.0502531660004024,0.9993461442649453,0.9840770202946703,99900,99900,499500,0,0,0.0,0,2397600,0.0,0,599400,True,0,1,4,True,0,1.0194680419990618,0.01903633300025831,50910190,0.00016488398796354886,0.01682233300016378,0.0025207500002579764,0.001951959000507486,0.003227875000447966,0.2707754170005501,0.011373332999937702,0.06412656800966943,0.0,0.0,0.00019433499983279034,0.0036737030022777617,0.15647253998395172,0.16783345799922245,0.13738241699866194,0.024573665999923833,2348040,227966976,10.332665455204227,20.645954318008855,5da6486f3e01d635262c135430354cd780e67d7ec692f0d15a6af9ae4865ece7,7ebb3c108c1ec15baeb2f4b7ac92af58e302738d9cd90fd9cd95b62f9efe2c28,8202b957bf78dc860dec497af3e45039738fda61845f9264d9e6b447de144f48
P3_design6_seed4,6,100000,100,4,5,100,4,fresh,1.03846275000069,1.0689045830004034,1.03846275000069,1.0689045830004034,1.0,1.0,0,0,499500,0,0,,0,1998000,0.0,0,499500,False,,0,0,True,0,1.0473007500004314,0.01709212500099966,50910181,0.0001893860007839976,0.0,0.0026836249999178108,0.0021148329997231485,0.004783125001267763,0.28313600000001315,0.011153249999551917,0.05990733901489875,0.005112541999551468,0.0,0.0,0.0,0.0,0.0,0.0,0.02564337500007241,2345207,188465152,9.576577650696636,19.084879213051,d7ecc472cd576fccd442c65bdfec6cd199c0e4d081a00d41fbb8f5ed983c2441,ffe4a12f1ab9af92fb84dc21d4743c2528a8fbf375e044a65793130c3d2aaf3b,8202b957bf78dc860dec497af3e45039738fda61845f9264d9e6b447de144f48
P3_design6_seed4,6,100000,100,4,5,100,4,none,0.8521156249989872,0.8988397499997518,1.03846275000069,1.0689045830004034,1.2186876047507336,1.18920484213198,0,0,499500,0,0,,0,1998000,0.0,0,499500,False,,0,0,True,0,1.0473007500004314,0.01709212500099966,50910181,0.0001893860007839976,0.01672783300091396,0.002477083000485436,0.0019575419992179377,0.003255166999224457,0.26945470800092153,0.011338541999066365,0.058266481009923154,0.0,0.0,0.0001525429997855099,0.0,0.0,0.0,0.0,0.02556166700014728,2346228,225083392,9.576577650696636,19.084879213051,f93e556cad3d5417b6422c974bf37181914f78e2be59b43616834a0e39ad7bf5,ffe4a12f1ab9af92fb84dc21d4743c2528a8fbf375e044a65793130c3d2aaf3b,8202b957bf78dc860dec497af3e45039738fda61845f9264d9e6b447de144f48
P3_design6_seed4,6,100000,100,4,5,100,4,basic,1.0204224999997678,1.0676628749988595,1.03846275000069,1.0689045830004034,1.0176791966081955,1.0011630150589859,99900,99900,499500,0,0,0.0,0,2397600,0.0,0,599400,True,0,1,4,True,0,1.0473007500004314,0.01709212500099966,50910181,0.0001893860007839976,0.01695724999990489,0.0025747079998836853,0.0019502499999362044,0.003191084000718547,0.2727647080009774,0.011295917000097688,0.06457286602380918,0.0,0.0,0.00016608300029474776,0.0015076670151756844,0.15652295898507873,0.16547212499972375,0.14037829200060514,0.02575816699936695,2348232,227639296,9.576577650696636,19.084879213051,f38e324285b46acb9a36478ac846ee5afb29b889a7335386b3b4e0459bfa5475,ffe4a12f1ab9af92fb84dc21d4743c2528a8fbf375e044a65793130c3d2aaf3b,8202b957bf78dc860dec497af3e45039738fda61845f9264d9e6b447de144f48
P3_design6_seed4,6,100000,100,4,5,100,4,runnerup,1.0390102499986824,1.0866087079994031,1.03846275000069,1.0689045830004034,0.9994730562109535,0.9837069914232552,99900,99900,499500,0,0,0.0,0,2397600,0.0,0,599400,True,0,1,4,True,0,1.0473007500004314,0.01709212500099966,50910181,0.0001893860007839976,0.01685462500063295,0.0025513330001558643,0.0019722079996427055,0.0034071249992848607,0.27380012499997974,0.011250583000219194,0.06634065298749192,0.0,0.0,0.0002517499997338746,0.0035975319933641003,0.15705512098975305,0.1682178749997547,0.14029087500057358,0.02622029200028919,2348173,230670336,9.576577650696636,19.084879213051,2072efeb0ef792134e43341346ae579265b41c8c79fae33bf4831b68c234f482,ffe4a12f1ab9af92fb84dc21d4743c2528a8fbf375e044a65793130c3d2aaf3b,8202b957bf78dc860dec497af3e45039738fda61845f9264d9e6b447de144f48
P3_design7_seed0,7,100000,250,4,5,100,0,fresh,1.1100653339999553,1.1760650409996742,1.1100653339999553,1.1760650409996742,1.0,1.0,0,0,499500,0,0,,0,1998000,0.0,0,499500,False,,0,0,True,0,1.1261949580002693,0.025550875001499662,51653688,0.00034322700412303675,0.0,0.00339479099966411,0.0025080410014197696,0.0060312089990475215,0.2774134170012985,0.026382291998743312,0.055568380994373,0.006259874999159365,0.0,0.0,0.0,0.0,0.0,0.0,0.06009687499863503,5781816,201097216,10.526430152221948,20.987677871107003,377dc21545e078fda3cf6cad9cdc1fcf47213a69d375a946544b26bd22bd116a,4fc1115c07cc6f002a8c95d97942746012e6ab5694e85148e34fef0456041d02,8202b957bf78dc860dec497af3e45039738fda61845f9264d9e6b447de144f48
P3_design7_seed0,7,100000,250,4,5,100,0,none,0.8809079580005346,0.9758613340036391,1.1100653339999553,1.1760650409996742,1.2601377066902166,1.2051558966627616,0,0,499500,0,0,,0,1998000,0.0,0,499500,False,,0,0,True,0,1.1261949580002693,0.025550875001499662,51653688,0.00034322700412303675,0.0289723750011035,0.00360204200114822,0.0026869590001297183,0.004319375000704895,0.2723500829997647,0.026930500000162283,0.05642296702171734,0.0,0.0,0.00019233300190535374,0.0,0.0,0.0,0.0,0.059692000000723056,5782891,249315328,10.526430152221948,20.987677871107003,6b9b25db8c6a311120510e885cc832fcff7e27dc3b238af32f012f08f38717df,4fc1115c07cc6f002a8c95d97942746012e6ab5694e85148e34fef0456041d02,8202b957bf78dc860dec497af3e45039738fda61845f9264d9e6b447de144f48
P3_design7_seed0,7,100000,250,4,5,100,0,basic,1.0596314579997852,1.1533233749978535,1.1100653339999553,1.1760650409996742,1.0475956764207168,1.0197183777722905,99900,99900,499500,0,0,0.0,0,2397600,0.0,0,599400,True,0,1,4,True,0,1.1261949580002693,0.025550875001499662,51653688,0.00034322700412303675,0.027491957998790895,0.0033377090003341436,0.0024830839993228437,0.004322249998949701,0.2701381250008126,0.027041542000006302,0.06272135296239867,0.0,0.0,0.00015566799993393943,0.002606082014608546,0.17347329500626074,0.18961891700018896,0.15146124999955646,0.060379165999620454,5787468,249053184,10.526430152221948,20.987677871107003,06228429f3e421d633f52e63e1b1bdef65be1c730eb126d0cef1e9a2c1969eaf,4fc1115c07cc6f002a8c95d97942746012e6ab5694e85148e34fef0456041d02,8202b957bf78dc860dec497af3e45039738fda61845f9264d9e6b447de144f48
P3_design7_seed0,7,100000,250,4,5,100,0,runnerup,1.0598201249995327,1.1549156670007505,1.1100653339999553,1.1760650409996742,1.0474091855921728,1.0183124834160813,99900,99900,499500,0,0,0.0,0,2397600,0.0,0,599400,True,0,1,4,True,0,1.1261949580002693,0.025550875001499662,51653688,0.00034322700412303675,0.02724112500072806,0.00318695799978741,0.0024586250001448207,0.004320500000176253,0.27183933400010574,0.027244333999988157,0.06319253295805538,0.0,0.0,0.0001528329994471278,0.006141658010164974,0.17325993200574885,0.19308249999994587,0.14984012499917299,0.062208834000557545,5787610,249020416,10.526430152221948,20.987677871107003,7ac30297a3e9fd0c3da52586d2e841ef46a542d2afcd7599f17720196905660a,4fc1115c07cc6f002a8c95d97942746012e6ab5694e85148e34fef0456041d02,8202b957bf78dc860dec497af3e45039738fda61845f9264d9e6b447de144f48
P3_design7_seed1,7,100000,250,4,5,100,1,fresh,1.1338546250008221,1.2018885409997893,1.1338546250008221,1.2018885409997893,1.0,1.0,0,0,499500,0,0,,0,1998000,0.0,0,499500,False,,0,0,True,0,1.1339601250001579,0.02511666700047499,51653187,0.00035101100547763053,0.0,0.003201083000021754,0.0025358330003655283,0.0063649170006101485,0.28407658300056937,0.026982708999639726,0.056800136937454226,0.0060089999988122145,0.0,0.0,0.0,0.0,0.0,0.0,0.06229699999857985,5781067,201637888,9.792661400829024,19.559764112966363,1a3c000fc633f72937b923c3fd58ae303d1992e23396f5bfc01af9f198834c79,845c65ae5c3d209dbc7a688bdfcdb9e4fdf59e2c498a0955043c5d4f06ebb134,8202b957bf78dc860dec497af3e45039738fda61845f9264d9e6b447de144f48
P3_design7_seed1,7,100000,250,4,5,100,1,none,0.8745806250008172,0.9674370840020856,1.1338546250008221,1.2018885409997893,1.2964552296133505,1.2423428467594262,0,0,499500,0,0,,0,1998000,0.0,0,499500,False,,0,0,True,0,1.1339601250001579,0.02511666700047499,51653187,0.00035101100547763053,0.027551416998903733,0.0032614170013403054,0.0025631250009610085,0.004471000000194181,0.2730998329989234,0.027252625000983244,0.0560098710047896,0.0,0.0,0.00014725000255566556,0.0,0.0,0.0,0.0,0.05948050000006333,5782180,248889344,9.792661400829024,19.559764112966363,dc7d2634b597b1080579d103a4e8d59874dd84177b9075cfd0960e313fd148f0,845c65ae5c3d209dbc7a688bdfcdb9e4fdf59e2c498a0955043c5d4f06ebb134,8202b957bf78dc860dec497af3e45039738fda61845f9264d9e6b447de144f48
P3_design7_seed1,7,100000,250,4,5,100,1,basic,1.0549844580000354,1.1495392489996448,1.1338546250008221,1.2018885409997893,1.0747595534727623,1.0455393689651746,99900,99900,499500,0,0,0.0,0,2397600,0.0,0,599400,True,0,1,4,True,0,1.1339601250001579,0.02511666700047499,51653187,0.00035101100547763053,0.02750762499999837,0.00327395800013619,0.002630332999615348,0.0046655830010422505,0.27336354200087953,0.027565708000111044,0.06296127898713166,0.0,0.0,0.00016854199930094182,0.0025873549911921145,0.1694949170050677,0.18570899999940593,0.1496212909987662,0.06114287499985949,5786794,249888768,9.792661400829024,19.559764112966363,1e4774548908a65c1fd2734f880d013ec47608e375162356dbad095ab5a2a15d,845c65ae5c3d209dbc7a688bdfcdb9e4fdf59e2c498a0955043c5d4f06ebb134,8202b957bf78dc860dec497af3e45039738fda61845f9264d9e6b447de144f48
P3_design7_seed1,7,100000,250,4,5,100,1,runnerup,1.0676542909986892,1.1610951659986313,1.1338546250008221,1.2018885409997893,1.0620054024605743,1.035133532716134,99900,99900,499500,0,0,0.0,0,2397600,0.0,0,599400,True,0,1,4,True,0,1.1339601250001579,0.02511666700047499,51653187,0.00035101100547763053,0.02727641700039385,0.0031557500005874317,0.002408707998256432,0.004741167000247515,0.2729144590011856,0.027806875001260778,0.06337270500443992,0.0,0.0,0.0001889569994091289,0.006757730014214758,0.1721746740186063,0.19370154199896206,0.14949712499947054,0.06060000000070431,5786918,257130496,9.792661400829024,19.559764112966363,59c221ec4f3a12b6a1bbb647055d9bef13f2cb251afc5022ea0e044a6e8e6a1c,845c65ae5c3d209dbc7a688bdfcdb9e4fdf59e2c498a0955043c5d4f06ebb134,8202b957bf78dc860dec497af3e45039738fda61845f9264d9e6b447de144f48
P3_design7_seed2,7,100000,250,4,5,100,2,fresh,1.1566336669984594,1.2239847089986142,1.1566336669984594,1.2239847089986142,1.0,1.0,0,0,499500,0,0,,0,1998000,0.0,0,499500,False,,0,0,True,0,1.1612973749997764,0.02619708299971535,51653686,0.0004163020130363293,0.0,0.003159792000587913,0.0025976249999075662,0.006149167000330635,0.27879550000034214,0.02848058299969125,0.05826116703428852,0.006370917000822374,0.0,0.0,0.0,0.0,0.0,0.0,0.06159362499965937,5780920,203620352,9.800537395882182,19.571615932413263,69c6a534999baccfad753d0b6f50e30fb8efd644fa4ce8aa9db604128d83af36,081548a4cd55c206dc66c463fc5f7b255cd563f45451aaa42ad37316b852f1cc,8202b957bf78dc860dec497af3e45039738fda61845f9264d9e6b447de144f48
P3_design7_seed2,7,100000,250,4,5,100,2,none,0.8605899590002082,0.9549305430009554,1.1566336669984594,1.2239847089986142,1.3440008855578334,1.2817526028145794,0,0,499500,0,0,,0,1998000,0.0,0,499500,False,,0,0,True,0,1.1612973749997764,0.02619708299971535,51653686,0.0004163020130363293,0.02743108399954508,0.003200332999767852,0.002486167000824935,0.004427457999554463,0.2734108750009909,0.027401834000556846,0.05522134893362818,0.0,0.0,0.000154791998284054,0.0,0.0,0.0,0.0,0.06122300000060932,5782097,249167872,9.800537395882182,19.571615932413263,e441347681f1381bb03a3a79af139e003ee3c05375c3aa4d6d275eaab0ae87d6,081548a4cd55c206dc66c463fc5f7b255cd563f45451aaa42ad37316b852f1cc,8202b957bf78dc860dec497af3e45039738fda61845f9264d9e6b447de144f48
P3_design7_seed2,7,100000,250,4,5,100,2,basic,1.0675516669998615,1.1636027509975975,1.1566336669984594,1.2239847089986142,1.0834451415817137,1.0518922441092968,99900,99900,499500,0,0,0.0,0,2397600,0.0,0,599400,True,0,1,4,True,0,1.1612973749997764,0.02619708299971535,51653686,0.0004163020130363293,0.028104749999329215,0.003200291999746696,0.002548124999520951,0.004693417000453337,0.27831058300034783,0.027491292001286638,0.06409299698316318,0.0,0.0,0.00015558199993392918,0.002674942988960538,0.17512917300700792,0.19185120800102595,0.15082975000041188,0.062197916999139125,5786701,253263872,9.800537395882182,19.571615932413263,9f609c321a9be2ac641409b100d52f04e77b02dec482d1fe7cb9ee13fdba1be3,081548a4cd55c206dc66c463fc5f7b255cd563f45451aaa42ad37316b852f1cc,8202b957bf78dc860dec497af3e45039738fda61845f9264d9e6b447de144f48
P3_design7_seed2,7,100000,250,4,5,100,2,runnerup,1.085925124998539,1.182940709997638,1.1566336669984594,1.2239847089986142,1.0651136440001012,1.0346965817086964,99900,99900,499500,0,0,0.0,0,2397600,0.0,0,599400,True,0,1,4,True,0,1.1612973749997764,0.02619708299971535,51653686,0.0004163020130363293,0.028041416999258217,0.0029847090008843224,0.002542958998674294,0.004841583999223076,0.27660983399982797,0.0287974579987349,0.06386322203798045,0.0,0.0,0.0002112910005962476,0.006256248998397496,0.17794908500582096,0.19849324999995588,0.15542966700013494,0.06344650000028196,5786775,254296064,9.800537395882182,19.571615932413263,a89e8d59e3031bf6a2c40b24b9c34008bf2d6a42136fd3a451da6c05fb311e7d,081548a4cd55c206dc66c463fc5f7b255cd563f45451aaa42ad37316b852f1cc,8202b957bf78dc860dec497af3e45039738fda61845f9264d9e6b447de144f48
P3_design7_seed3,7,100000,250,4,5,100,3,fresh,1.134708708999824,1.2013879590012948,1.134708708999824,1.2013879590012948,1.0,1.0,0,0,499500,0,0,,0,1998000,0.0,0,499500,False,,0,0,True,0,1.1589802079997753,0.02625787500073784,51653688,0.00041572098052711226,0.0,0.0033171670002047904,0.00273133300106565,0.0062151250003807945,0.277271249999103,0.028291416998399654,0.05655910199857317,0.006582999998499872,0.0,0.0,0.0,0.0,0.0,0.0,0.06063075000020035,5780179,201637888,10.86053256617589,21.683163252668766,24036478d4576750f429f2745f3ff728d8bebded1abe65a33181e672f9a51a6f,39b1ca9f77f925d99ed5f9a28045102cb06575dba33cded23b48e736de9d26b3,8202b957bf78dc860dec497af3e45039738fda61845f9264d9e6b447de144f48
P3_design7_seed3,7,100000,250,4,5,100,3,none,0.8715554999998858,0.9707723760002409,1.134708708999824,1.2013879590012948,1.3019351137133237,1.2375588641605482,0,0,499500,0,0,,0,1998000,0.0,0,499500,False,,0,0,True,0,1.1589802079997753,0.02625787500073784,51653688,0.00041572098052711226,0.027417541999966488,0.0032097080002131406,0.0024524590007786173,0.00427095799932431,0.2922132910007349,0.028994583000894636,0.05524515403158148,0.0,0.0,0.0001561679982842179,0.0,0.0,0.0,0.0,0.06613716699939687,5781352,251691008,10.86053256617589,21.683163252668766,8fe6483f8394c425511621fc3fa24a05f66bfb36fd4b9fd1fcc1df0e096dd4ae,39b1ca9f77f925d99ed5f9a28045102cb06575dba33cded23b48e736de9d26b3,8202b957bf78dc860dec497af3e45039738fda61845f9264d9e6b447de144f48
P3_design7_seed3,7,100000,250,4,5,100,3,basic,1.15104374999828,1.2492504169968015,1.134708708999824,1.2013879590012948,0.9858084968547196,0.9616870586198658,99900,99900,499500,0,0,0.0,0,2397600,0.0,0,599400,True,0,1,4,True,0,1.1589802079997753,0.02625787500073784,51653688,0.00041572098052711226,0.028766499999619555,0.0034025419990939554,0.0026545000000623986,0.004471874999580905,0.3019932910010539,0.029160874999433872,0.06442839595001715,0.0,0.0,0.0002296249986102339,0.002772076009932789,0.18785187799039704,0.20509425000091142,0.16317083300054946,0.06338312499974563,5785857,252362752,10.86053256617589,21.683163252668766,9de4445c149b41140b96e7b0f8d8fdfc7bf9e1e319ba33fe9f5204943c515bb2,39b1ca9f77f925d99ed5f9a28045102cb06575dba33cded23b48e736de9d26b3,8202b957bf78dc860dec497af3e45039738fda61845f9264d9e6b447de144f48
P3_design7_seed3,7,100000,250,4,5,100,3,runnerup,1.0901032080000732,1.1845385400010855,1.134708708999824,1.2013879590012948,1.0409186035527636,1.0142244582436244,99900,99900,499500,0,0,0.0,0,2397600,0.0,0,599400,True,0,1,4,True,0,1.1589802079997753,0.02625787500073784,51653688,0.00041572098052711226,0.027976125000350294,0.0031476660005864687,0.0024464580001222203,0.004911624999294872,0.27824504199998046,0.027520457999344217,0.06378211503215425,0.0,0.0,0.00019287600116513204,0.006496987003629329,0.17780122101430607,0.1987928340004146,0.1537792500002979,0.0608650829999533,5786042,251985920,10.86053256617589,21.683163252668766,85cd0c08b678cf61fcfdf83d373bbc582eeb08e3e2d22cb200714b52e3f9e082,39b1ca9f77f925d99ed5f9a28045102cb06575dba33cded23b48e736de9d26b3,8202b957bf78dc860dec497af3e45039738fda61845f9264d9e6b447de144f48
P3_design7_seed4,7,100000,250,4,5,100,4,fresh,1.1571895419983775,1.2260532509990298,1.1571895419983775,1.2260532509990298,1.0,1.0,0,0,499500,0,0,,0,1998000,0.0,0,499500,False,,0,0,True,0,1.1574847909996606,0.026090166000358295,51653399,0.00044470598550105933,0.0,0.003736082999239443,0.002773209000224597,0.006011374998706742,0.2833282079991477,0.027882416001375532,0.057966298973042285,0.006616083999688271,0.0,0.0,0.0,0.0,0.0,0.0,0.06235441700118827,5781117,204472320,11.505772468876197,23.000876138712417,59c093e28dad6ff0d16a358e9233f07ccb604f30bd6c918ba586f7444b281e53,80d64ed421d2bfebcfd7679440c4a7850ff1882ceee8ba20582254c39ed80165,8202b957bf78dc860dec497af3e45039738fda61845f9264d9e6b447de144f48
P3_design7_seed4,7,100000,250,4,5,100,4,none,0.890299041999242,0.9858509580008104,1.1571895419983775,1.2260532509990298,1.2997762408008553,1.2436497028773208,0,0,499500,0,0,,0,1998000,0.0,0,499500,False,,0,0,True,0,1.1574847909996606,0.026090166000358295,51653399,0.00044470598550105933,0.028022250000503846,0.0032495420000486774,0.0025286660002166172,0.004767625001477427,0.2759548750000249,0.027239290999204968,0.05656516401359113,0.0,0.0,0.0002428739990136819,0.0,0.0,0.0,0.0,0.061751458000799175,5782280,253263872,11.505772468876197,23.000876138712417,471cafcda4d8657c6e4d69014c48a38fb87d7d11e51c0ac3150eb2e9166ee14f,80d64ed421d2bfebcfd7679440c4a7850ff1882ceee8ba20582254c39ed80165,8202b957bf78dc860dec497af3e45039738fda61845f9264d9e6b447de144f48
P3_design7_seed4,7,100000,250,4,5,100,4,basic,1.0998907499997586,1.1957469999997556,1.1571895419983775,1.2260532509990298,1.0520949848870278,1.0253450361985272,99900,99900,499500,0,0,0.0,0,2397600,0.0,0,599400,True,0,1,4,True,0,1.1574847909996606,0.026090166000358295,51653399,0.00044470598550105933,0.027665333000186365,0.0031457499990210636,0.0024524580003344454,0.0063658330000180285,0.2759909169999446,0.02961591699931887,0.06518942799630167,0.0,0.0,0.00018608400023367722,0.0030500289831252303,0.18037708899646532,0.19937666700025147,0.15771316700011084,0.06259270900045522,5786917,279969792,11.505772468876197,23.000876138712417,971a56edefc52cbb8c0168cf2523a05d319223e5ab16c5234f8e86b322a303a8,80d64ed421d2bfebcfd7679440c4a7850ff1882ceee8ba20582254c39ed80165,8202b957bf78dc860dec497af3e45039738fda61845f9264d9e6b447de144f48
P3_design7_seed4,7,100000,250,4,5,100,4,runnerup,1.0796952920009062,1.1776604589995259,1.1571895419983775,1.2260532509990298,1.0717741853387708,1.0410923128391487,99900,99900,499500,0,0,0.0,0,2397600,0.0,0,599400,True,0,1,4,True,0,1.1574847909996606,0.026090166000358295,51653399,0.00044470598550105933,0.02866258299945912,0.0034130830008507473,0.0025915419992088573,0.004651166000257945,0.2802940830006264,0.028365582998958416,0.06312953401538834,0.0,0.0,0.00016558299648750108,0.006449414973758394,0.1794425589923776,0.20032829099909577,0.15160166699934052,0.06329795899910096,5786998,253362176,11.505772468876197,23.000876138712417,dd16c9c2f862561b10f2485aace5f62600e8966e50c82dffd93aa112cb4a45da,80d64ed421d2bfebcfd7679440c4a7850ff1882ceee8ba20582254c39ed80165,8202b957bf78dc860dec497af3e45039738fda61845f9264d9e6b447de144f48
P3_design8_seed0,8,100000,50,8,5,100,0,fresh,1.2388432919997285,1.2670156260010117,1.2388432919997285,1.2670156260010117,1.0,1.0,0,0,499500,0,0,,0,3996000,0.0,0,499500,False,,0,0,True,0,1.2392432500000723,0.01323762500032899,50832602,0.00013928900443715975,0.0,0.0022609170009673107,0.0018235829993500374,0.004328249999161926,0.30439183300040895,0.010996208000506158,0.19702677699751803,0.004289000000426313,0.0,0.0,0.0,0.0,0.0,0.0,0.024087834000965813,2311965,188006400,8.808655811367567,17.54265972685111,2d3f88fbfbe86c38df9fef5a36453de3bd3adf8dfadaed55063b759b1bfc07c9,b47edbd617392046cae1830310bc2fc3ece4c5e4a3cc67f8869c12a2e55c1938,8202b957bf78dc860dec497af3e45039738fda61845f9264d9e6b447de144f48
P3_design8_seed0,8,100000,50,8,5,100,0,none,1.1548420420003822,1.197380625999358,1.2388432919997285,1.2670156260010117,1.072738302680635,1.0581561105045731,0,0,499500,0,0,,0,3996000,0.0,0,499500,False,,0,0,True,0,1.2392432500000723,0.01323762500032899,50832602,0.00013928900443715975,0.013518167001166148,0.002372834000198054,0.002091499998641666,0.00295712500155787,0.30035795900039375,0.011431332999563892,0.19804250500419585,0.0,0.0,0.00028741700043610763,0.0,0.0,0.0,0.0,0.02455608299896994,2312916,227377152,8.808655811367567,17.54265972685111,6ed7b745f4a007b0d3b9d27c9af8b416c094b6c6f424e2710f17a983bbeb168d,b47edbd617392046cae1830310bc2fc3ece4c5e4a3cc67f8869c12a2e55c1938,8202b957bf78dc860dec497af3e45039738fda61845f9264d9e6b447de144f48
P3_design8_seed0,8,100000,50,8,5,100,0,basic,1.3143157919985242,1.3550658329986618,1.2388432919997285,1.2670156260010117,0.9425765858872976,0.9350214544168667,99900,99900,499500,0,0,0.0,0,4795200,0.0,0,599400,True,0,1,4,True,0,1.2392432500000723,0.01323762500032899,50832602,0.00013928900443715975,0.013356584000575822,0.0024733330010349164,0.001805332998628728,0.002877875000194763,0.29777062500033935,0.011174375000337022,0.217074040987427,0.0,0.0,0.00020412499907251913,0.0012596279921126552,0.17368125101165788,0.18127774999993562,0.1623643330003688,0.023114790999898105,2313993,230031360,8.808655811367567,17.54265972685111,c6d567f7951aab7ba2588852a33254531637341e6d4dfd7316675bb082abd57c,b47edbd617392046cae1830310bc2fc3ece4c5e4a3cc67f8869c12a2e55c1938,8202b957bf78dc860dec497af3e45039738fda61845f9264d9e6b447de144f48
P3_design8_seed0,8,100000,50,8,5,100,0,runnerup,1.2865842920000432,1.327390626000124,1.2388432919997285,1.2670156260010117,0.9628932202132675,0.9545160265437141,99900,99900,499500,0,0,0.0,0,4795200,0.0,0,599400,True,0,1,4,True,0,1.2392432500000723,0.01323762500032899,50832602,0.00013928900443715975,0.013185458999942057,0.0024350420007976936,0.0018377500000497093,0.002698165999390767,0.2898226249999425,0.010792999999466701,0.21500845900118293,0.0,0.0,0.00017400000251655,0.0028018339980917517,0.17131741500088538,0.18042370799958007,0.15381516700108477,0.023348082999291364,2313974,225607680,8.808655811367567,17.54265972685111,a2249aca91554376a2f1ffdd7f8ce9cc71d3fdd09ba33a02de661eb30c7fbc38,b47edbd617392046cae1830310bc2fc3ece4c5e4a3cc67f8869c12a2e55c1938,8202b957bf78dc860dec497af3e45039738fda61845f9264d9e6b447de144f48
P3_design8_seed1,8,100000,50,8,5,100,1,fresh,1.2150989590008976,1.2425434590022633,1.2150989590008976,1.2425434590022633,1.0,1.0,0,0,499500,0,0,,0,3996000,0.0,0,499500,False,,0,0,True,0,1.2056444999998348,0.016347791000953293,50832880,9.570701877237298e-05,0.0,0.002388917000644142,0.0018257080009789206,0.0038730420001229504,0.2899707920005312,0.011049000000639353,0.19066100202508096,0.004341833000580664,0.0,0.0,0.0,0.0,0.0,0.0,0.023229874999742606,2311694,187957248,7.683160019666409,15.301876899860236,9bd82a4a3f0696a546ee7d62b796ce65ff2412ba24e9fd7b8dc6d48eb43feaef,2ea298f3b4174c36dbeb811fbe276aeacc4f3f122745239ccf9b0a69c82142c7,8202b957bf78dc860dec497af3e45039738fda61845f9264d9e6b447de144f48
P3_design8_seed1,8,100000,50,8,5,100,1,none,1.1178120000004128,1.1578901239990955,1.2150989590008976,1.2425434590022633,1.087033382179158,1.07310998966879,0,0,499500,0,0,,0,3996000,0.0,0,499500,False,,0,0,True,0,1.2056444999998348,0.016347791000953293,50832880,9.570701877237298e-05,0.013284958999065566,0.002179082999646198,0.0018462909993104404,0.0028134170006524073,0.29106175000015355,0.011004208001395455,0.1898450820135622,0.0,0.0,0.00015954000264173374,0.0,0.0,0.0,0.0,0.02276779100066051,2312660,221151232,7.683160019666409,15.301876899860236,cf6b4103033a0803d1689da6d73038b6f877359af7cde0a81debe95b4b5f536d,2ea298f3b4174c36dbeb811fbe276aeacc4f3f122745239ccf9b0a69c82142c7,8202b957bf78dc860dec497af3e45039738fda61845f9264d9e6b447de144f48
P3_design8_seed1,8,100000,50,8,5,100,1,basic,1.2957382910008164,1.3364676239998516,1.2150989590008976,1.2425434590022633,0.9377657258722872,0.9297220798237618,99900,99900,499500,0,0,0.0,0,4795200,0.0,0,599400,True,0,1,4,True,0,1.2056444999998348,0.016347791000953293,50832880,9.570701877237298e-05,0.013165791999199428,0.0022009580006852048,0.0017949579996638931,0.0027969170005235355,0.2941198330008774,0.011072707999119302,0.21229557500009832,0.0,0.0,0.00018187500063504558,0.0012457099983294029,0.17100145900076313,0.17855133300145098,0.15387125000052038,0.023567624999486725,2313735,223150080,7.683160019666409,15.301876899860236,4adc5e25c2268608c7544823d498227586860d318cbf5273b1c9aede1a4da2af,2ea298f3b4174c36dbeb811fbe276aeacc4f3f122745239ccf9b0a69c82142c7,8202b957bf78dc860dec497af3e45039738fda61845f9264d9e6b447de144f48
P3_design8_seed1,8,100000,50,8,5,100,1,runnerup,1.296524416999091,1.3373797079984797,1.2150989590008976,1.2425434590022633,0.9371971272344727,0.9290880155956993,99900,99900,499500,0,0,0.0,0,4795200,0.0,0,599400,True,0,1,4,True,0,1.2056444999998348,0.016347791000953293,50832880,9.570701877237298e-05,0.013358958000026178,0.002382749999014777,0.001877208000223618,0.002723667001191643,0.29104874999939057,0.010766541001430596,0.21157800198488985,0.0,0.0,0.00017183300042233896,0.0027692070016200887,0.17116358800376474,0.18018320800001675,0.1549482500013255,0.0232363750001241,2313716,227016704,7.683160019666409,15.301876899860236,286edec1fa8e61847cc9d5fde8397ef38b5d132a5556bbae65941dfc57dbe422,2ea298f3b4174c36dbeb811fbe276aeacc4f3f122745239ccf9b0a69c82142c7,8202b957bf78dc860dec497af3e45039738fda61845f9264d9e6b447de144f48
P3_design8_seed2,8,100000,50,8,5,100,2,fresh,1.2032395839996752,1.2306461260013748,1.2032395839996752,1.2306461260013748,1.0,1.0,0,0,499500,0,0,,0,3996000,0.0,0,499500,False,,0,0,True,0,1.1980225420011266,0.012372958000923973,50832647,9.42029964789981e-05,0.0,0.002353874999243999,0.0018037090012512635,0.003724792000866728,0.2930985419989156,0.010722916998929577,0.19029117300487997,0.004349167000327725,0.0,0.0,0.0,0.0,0.0,0.0,0.0232489580012043,2311639,181485568,7.310550114706036,14.561237573303838,3ce8c09204ad4241d3e99415ef10440ed8ada1d8070d68d6bfff358b18b39020,3a3b2198410adc6fffb9d547bf33879322ec204c7974fef4bb0f143a04b256ce,8202b957bf78dc860dec497af3e45039738fda61845f9264d9e6b447de144f48
P3_design8_seed2,8,100000,50,8,5,100,2,none,1.092068374999144,1.1321550419997948,1.2032395839996752,1.2306461260013748,1.1017987623720158,1.086994342954662,0,0,499500,0,0,,0,3996000,0.0,0,499500,False,,0,0,True,0,1.1980225420011266,0.012372958000923973,50832647,9.42029964789981e-05,0.013189417000830872,0.002129249998688465,0.002005709000513889,0.0027399169994168915,0.2902276670010906,0.011146749999170424,0.19170382999618596,0.0,0.0,0.00021620900042762514,0.0,0.0,0.0,0.0,0.02276229100061755,2312607,221184000,7.310550114706036,14.561237573303838,cca200a2d5dde187b4babe0e4aa9338600c601de2a4f698ac19d0e93b8fc2772,3a3b2198410adc6fffb9d547bf33879322ec204c7974fef4bb0f143a04b256ce,8202b957bf78dc860dec497af3e45039738fda61845f9264d9e6b447de144f48
P3_design8_seed2,8,100000,50,8,5,100,2,basic,1.2675620840000192,1.3086717079986556,1.2032395839996752,1.2306461260013748,0.9492549510495274,0.940378032534527,99900,99900,499500,0,0,0.0,0,4795200,0.0,0,599400,True,0,1,4,True,0,1.1980225420011266,0.012372958000923973,50832647,9.42029964789981e-05,0.013672625000253902,0.002396207999481703,0.0018666659998416435,0.0028469170010794187,0.29635616700034006,0.01133733300048334,0.21337891700204636,0.0,0.0,0.00017212499733432196,0.0011487100055092014,0.167619416006346,0.17473412500112318,0.15330412500043167,0.02317412499905913,2313658,229244928,7.310550114706036,14.561237573303838,bd930c8082196cc202139d9d2fede1a5e294c4bfc69c51e041b120d5c0c515b8,3a3b2198410adc6fffb9d547bf33879322ec204c7974fef4bb0f143a04b256ce,8202b957bf78dc860dec497af3e45039738fda61845f9264d9e6b447de144f48
P3_design8_seed2,8,100000,50,8,5,100,2,runnerup,1.2658141669999168,1.3064345399998274,1.2032395839996752,1.2306461260013748,0.9505657428779231,0.9419883571063097,99900,99900,499500,0,0,0.0,0,4795200,0.0,0,599400,True,0,1,4,True,0,1.1980225420011266,0.012372958000923973,50832647,9.42029964789981e-05,0.013092040999254095,0.0021877910003240686,0.0019250410005042795,0.0026990420010406524,0.2963875420009572,0.011487292000310845,0.21286397099174792,0.0,0.0,0.0001937910019478295,0.0027169190070708282,0.17185012699155777,0.18070770800113678,0.15329587499945774,0.02341549999982817,2313662,223133696,7.310550114706036,14.561237573303838,0c19ccc55c7d9a3013e4431c3ee3239d9730919b08afa511c401854025391490,3a3b2198410adc6fffb9d547bf33879322ec204c7974fef4bb0f143a04b256ce,8202b957bf78dc860dec497af3e45039738fda61845f9264d9e6b447de144f48
P3_design8_seed3,8,100000,50,8,5,100,3,fresh,1.197799292000127,1.2251343749994703,1.197799292000127,1.2251343749994703,1.0,1.0,0,0,499500,0,0,,0,3996000,0.0,0,499500,False,,0,0,True,0,1.201046750000387,0.01329591600006097,50832687,9.178600521408953e-05,0.0,0.002217499999460415,0.0018800830002874136,0.003600207999625127,0.2968630420000409,0.010814749999553896,0.18952949998129043,0.004254333000062616,0.0,0.0,0.0,0.0,0.0,0.0,0.023237499999595457,2311416,181534720,7.615904661664857,15.186841345199833,eb39557c0bd475b3f36deb88ffd01212accf720bbfeff00c1102726c160f044f,23a26e8095debd42b8f9b336fad892e4ea1500bcd253e9434ad6cee5c923caf8,8202b957bf78dc860dec497af3e45039738fda61845f9264d9e6b447de144f48
P3_design8_seed3,8,100000,50,8,5,100,3,none,1.114954583999861,1.1558330840016424,1.197799292000127,1.2251343749994703,1.0743032130538122,1.059957871043021,0,0,499500,0,0,,0,3996000,0.0,0,499500,False,,0,0,True,0,1.201046750000387,0.01329591600006097,50832687,9.178600521408953e-05,0.013497292000465677,0.0023686670010647504,0.0018368330001976574,0.002733082999839098,0.29242312499991385,0.010663290999218589,0.1891910459871724,0.0,0.0,0.00014295800065156072,0.0,0.0,0.0,0.0,0.02317570800005342,2312362,221331456,7.615904661664857,15.186841345199833,6195358479efb37b03479ce606521163e3c8b511eab9095ff52acbea0e1bba8f,23a26e8095debd42b8f9b336fad892e4ea1500bcd253e9434ad6cee5c923caf8,8202b957bf78dc860dec497af3e45039738fda61845f9264d9e6b447de144f48
P3_design8_seed3,8,100000,50,8,5,100,3,basic,1.2945078339998872,1.335822001001361,1.197799292000127,1.2251343749994703,0.9252931967966996,0.9171389407279437,99900,99900,499500,0,0,0.0,0,4795200,0.0,0,599400,True,0,1,4,True,0,1.201046750000387,0.01329591600006097,50832687,9.178600521408953e-05,0.013763666000158992,0.002292332999786595,0.001862334000179544,0.0027102499989268836,0.2921300419984618,0.01101504100006423,0.21242644198900962,0.0,0.0,0.00017962600213650148,0.0011624170001596212,0.1701405380081269,0.17735812499995518,0.1535771670005488,0.023395834001348703,2313430,223051776,7.615904661664857,15.186841345199833,6adc18552200c449416ad38c0cb2b1d137d8e8194b55c7333ada0a60162d6fce,23a26e8095debd42b8f9b336fad892e4ea1500bcd253e9434ad6cee5c923caf8,8202b957bf78dc860dec497af3e45039738fda61845f9264d9e6b447de144f48
P3_design8_seed3,8,100000,50,8,5,100,3,runnerup,1.301183833000323,1.3421847500012518,1.197799292000127,1.2251343749994703,0.92054578424802,0.9127911600830867,99900,99900,499500,0,0,0.0,0,4795200,0.0,0,599400,True,0,1,4,True,0,1.201046750000387,0.01329591600006097,50832687,9.178600521408953e-05,0.013429999999061693,0.0023127920012484537,0.0017703330013318919,0.0029028330009168712,0.2968771670002752,0.01093429200045648,0.2127017539987719,0.0,0.0,0.00019295700076327194,0.0027734169980249135,0.16853216699928453,0.17750429199986684,0.15288283300105832,0.023487791999286856,2313426,229163008,7.615904661664857,15.186841345199833,c2dc1b56557261c285b23597dfa2b30f188def8dd4bf428e3b009788ed84d623,23a26e8095debd42b8f9b336fad892e4ea1500bcd253e9434ad6cee5c923caf8,8202b957bf78dc860dec497af3e45039738fda61845f9264d9e6b447de144f48
P3_design8_seed4,8,100000,50,8,5,100,4,fresh,1.2591137910003454,1.2872984149998956,1.2591137910003454,1.2872984149998956,1.0,1.0,0,0,499500,0,0,,0,3996000,0.0,0,499500,False,,0,0,True,0,1.2329650000010588,0.015669542000978254,50832872,0.00013608301924250554,0.0,0.0022643329994025407,0.001779500000338885,0.0037699580007029,0.30127354199976253,0.011222625000300468,0.19426748998193943,0.0052169999999023275,0.0,0.0,0.0,0.0,0.0,0.0,0.024140790999808814,2311884,187990016,6.956286465835805,13.868064623896043,71e048eb3e794fa15ac471956b3495744f6ac979ddfcd0f284f115353bb94110,ed234fe5d935b1dc41b7b0f072a011142b1efaaf0b81a876b375c79b11a70dda,8202b957bf78dc860dec497af3e45039738fda61845f9264d9e6b447de144f48
P3_design8_seed4,8,100000,50,8,5,100,4,none,1.122215707999203,1.1646386660013377,1.2591137910003454,1.2872984149998956,1.1219890989097077,1.1053200040315483,0,0,499500,0,0,,0,3996000,0.0,0,499500,False,,0,0,True,0,1.2329650000010588,0.015669542000978254,50832872,0.00013608301924250554,0.01440612499936833,0.0024552080012654187,0.001960375000635395,0.002694666000024881,0.295352457998888,0.01093349999973725,0.19125999499192403,0.0,0.0,0.00016737299847591203,0.0,0.0,0.0,0.0,0.023601250000865548,2312875,226590720,6.956286465835805,13.868064623896043,e958df885eb499d3d5553a43172dd5c86af8425980f01ae6eb6341edd485754d,ed234fe5d935b1dc41b7b0f072a011142b1efaaf0b81a876b375c79b11a70dda,8202b957bf78dc860dec497af3e45039738fda61845f9264d9e6b447de144f48
P3_design8_seed4,8,100000,50,8,5,100,4,basic,1.3072046249999403,1.3477616670006682,1.2591137910003454,1.2872984149998956,0.9632109364671219,0.9551380236719978,99900,99900,499500,0,0,0.0,0,4795200,0.0,0,599400,True,0,1,4,True,0,1.2329650000010588,0.015669542000978254,50832872,0.00013608301924250554,0.013286875000630971,0.002196874998844578,0.0018286670001543825,0.002939833999334951,0.29025641699990956,0.011046834000808303,0.21370522300094308,0.0,0.0,0.00029283299954840913,0.0013582089959527366,0.17223120600283437,0.18022079200090957,0.15751387499949487,0.02324462500109803,2313931,239812608,6.956286465835805,13.868064623896043,a50730e56bd65ac0e2f0ec991ba695909b46e6ab1b08d8513ff946f19f5c5ab9,ed234fe5d935b1dc41b7b0f072a011142b1efaaf0b81a876b375c79b11a70dda,8202b957bf78dc860dec497af3e45039738fda61845f9264d9e6b447de144f48
P3_design8_seed4,8,100000,50,8,5,100,4,runnerup,1.2971503330009,1.3381151250032417,1.2591137910003454,1.2872984149998956,0.9706768436681054,0.9620236636939419,99900,99900,499500,0,0,0.0,0,4795200,0.0,0,599400,True,0,1,4,True,0,1.2329650000010588,0.015669542000978254,50832872,0.00013608301924250554,0.013310333000845276,0.0023824590007279767,0.0018535420003900072,0.002834166998582077,0.28948941599992395,0.010909624999840162,0.21277434600960987,0.0,0.0,0.00016654200044285972,0.002789082998788217,0.16795832900243113,0.17680612500043935,0.15608883399909246,0.02341845800037845,2313944,229523456,6.956286465835805,13.868064623896043,fec6cecc79c6fa66e384ec1dbb30f3c9b4d61f15620b1e4f34dafe33c76b358a,ed234fe5d935b1dc41b7b0f072a011142b1efaaf0b81a876b375c79b11a70dda,8202b957bf78dc860dec497af3e45039738fda61845f9264d9e6b447de144f48
P3_design9_seed0,9,100000,50,16,5,100,0,fresh,1.6638293330015586,1.709282041001643,1.6638293330015586,1.709282041001643,1.0,1.0,0,0,499500,0,0,,0,7992000,0.0,0,499500,False,,0,0,True,0,1.6783322500014037,0.016739165999752004,51184338,0.00015541597531409934,0.0,0.002380292000452755,0.0019094159997621318,0.0037542499994742684,0.331736500000261,0.01992945800157031,0.29063863601004414,0.004357542000434478,0.0,0.0,0.0,0.0,0.0,0.0,0.0411629999998695,4532091,207486976,5.261475829366171,10.509146213960575,e5bf83be79370ce9c733ba2e2beb35aeb0268d1d51e3c79ababa8dd183f0be31,f91f4dac0a0ed1522ed5af2e5e70741b7eef4f802775abe64a16e1c6e7a8958a,8202b957bf78dc860dec497af3e45039738fda61845f9264d9e6b447de144f48
P3_design9_seed0,9,100000,50,16,5,100,0,none,1.5118191660003504,1.5746977480011992,1.6638293330015586,1.709282041001643,1.1005478501793071,1.085466746346259,0,0,499500,0,0,,0,7992000,0.0,0,499500,False,,0,0,True,0,1.6783322500014037,0.016739165999752004,51184338,0.00015541597531409934,0.013839416000337224,0.002259875000163447,0.0018045830001938157,0.0038675839987263316,0.32961162500032515,0.020715417000246816,0.29143721098625974,0.0,0.0,0.00026266599707014393,0.0,0.0,0.0,0.0,0.04497470800015435,4533065,258342912,5.261475829366171,10.509146213960575,d6d1c751a8998f91159b5a98ab708f8ac594d9e2b729648ec2d371d5f42e3efd,f91f4dac0a0ed1522ed5af2e5e70741b7eef4f802775abe64a16e1c6e7a8958a,8202b957bf78dc860dec497af3e45039738fda61845f9264d9e6b447de144f48
P3_design9_seed0,9,100000,50,16,5,100,0,basic,1.7757993750001333,1.8389395419981156,1.6638293330015586,1.709282041001643,0.9369466823927864,0.9294933313274714,99900,99900,499500,0,0,0.0,0,9590400,0.0,0,599400,True,0,1,4,True,0,1.6783322500014037,0.016739165999752004,51184338,0.00015541597531409934,0.014359208998939721,0.0025379589988006046,0.001996958000745508,0.0027857079985551536,0.33342262499900244,0.021065500000986503,0.3280731230042875,0.0,0.0,0.0003331660009280313,0.0014370370026881574,0.2171699959981197,0.22832637499959674,0.19793191600001592,0.04424604099949647,4534117,252100608,5.261475829366171,10.509146213960575,61d8f4bb7f07de67e81ba165e5c858210f5fe0b6c657f1b5c0fa84079070ecd6,f91f4dac0a0ed1522ed5af2e5e70741b7eef4f802775abe64a16e1c6e7a8958a,8202b957bf78dc860dec497af3e45039738fda61845f9264d9e6b447de144f48
P3_design9_seed0,9,100000,50,16,5,100,0,runnerup,1.7442635420011356,1.8061953760006872,1.6638293330015586,1.709282041001643,0.9538864357003658,0.9463439358295603,99900,99900,499500,0,0,0.0,0,9590400,0.0,0,599400,True,0,1,4,True,0,1.6783322500014037,0.016739165999752004,51184338,0.00015541597531409934,0.01429308299884724,0.002304000001458917,0.002120041999660316,0.0027336669991200324,0.3299740420006856,0.019954915998823708,0.32192311699327547,0.0,0.0,0.0002055000004475005,0.002889129993491224,0.21373338100784167,0.22574179099865432,0.19610699999975623,0.04321470899958513,4534128,252542976,5.261475829366171,10.509146213960575,d14fa8b54bd56ed46a46057e4f452effb1e1cc8b0e7335453d1cbd7b0f08dc1e,f91f4dac0a0ed1522ed5af2e5e70741b7eef4f802775abe64a16e1c6e7a8958a,8202b957bf78dc860dec497af3e45039738fda61845f9264d9e6b447de144f48
P3_design9_seed1,9,100000,50,16,5,100,1,fresh,1.6663462080014142,1.7131378330013831,1.6663462080014142,1.7131378330013831,1.0,1.0,0,0,499500,0,0,,0,7992000,0.0,0,499500,False,,0,0,True,0,1.7011399589991925,0.01793270799862512,51184862,0.0001794219951989362,0.0,0.002359500000238768,0.0017955829989659833,0.004074583999681636,0.3293683330011845,0.019807582999419537,0.29034908499852463,0.004403540999192046,0.0,0.0,0.0,0.0,0.0,0.0,0.042636542000764166,4533210,209240064,5.036508858006879,10.072956029295744,1f27bb452dfa98e27434dd2f370753ed5ff10f6bbce21cf0717fad51b6ed0b51,81c91fefadbabc01fc083dbb8510fef5ee392bf2542f3a7df90dd375132e6cdf,8202b957bf78dc860dec497af3e45039738fda61845f9264d9e6b447de144f48
P3_design9_seed1,9,100000,50,16,5,100,1,none,1.442462582999724,1.5047154999992927,1.6663462080014142,1.7131378330013831,1.1552093119366085,1.1385127839795552,0,0,499500,0,0,,0,7992000,0.0,0,499500,False,,0,0,True,0,1.7011399589991925,0.01793270799862512,51184862,0.0001794219951989362,0.014517542000248795,0.0023913330005598255,0.002067166999040637,0.0028430000002117595,0.33156591700026183,0.01983295799982443,0.2915129159937351,0.0,0.0,0.000193875997865689,0.0,0.0,0.0,0.0,0.04327687499971944,4534191,247414784,5.036508858006879,10.072956029295744,a6eb1786fdeb8cbcf527a42fd5bb3e6cba95bd42cfa9989edf40bbb5133904e7,81c91fefadbabc01fc083dbb8510fef5ee392bf2542f3a7df90dd375132e6cdf,8202b957bf78dc860dec497af3e45039738fda61845f9264d9e6b447de144f48
P3_design9_seed1,9,100000,50,16,5,100,1,basic,1.676049540999884,1.7403073309978936,1.6663462080014142,1.7131378330013831,0.9942105929681047,0.9843881034616274,99900,99900,499500,0,0,0.0,0,9590400,0.0,0,599400,True,0,1,4,True,0,1.7011399589991925,0.01793270799862512,51184862,0.0001794219951989362,0.013542540998969343,0.002081458000247949,0.0018167079997510882,0.003028041999641573,0.335818499999732,0.02046524999968824,0.321619249003561,0.0,0.0,0.0003395429976080777,0.0012760819954564795,0.21299837700280477,0.22328470800130162,0.19947525000134192,0.046817082999041304,4535234,249331712,5.036508858006879,10.072956029295744,3358e3e0aa45234ac7e81f5b5debce132d318f319caf46a5a97d1e77b3db3ab3,81c91fefadbabc01fc083dbb8510fef5ee392bf2542f3a7df90dd375132e6cdf,8202b957bf78dc860dec497af3e45039738fda61845f9264d9e6b447de144f48
P3_design9_seed1,9,100000,50,16,5,100,1,runnerup,1.6738567079992208,1.7352010819995485,1.6663462080014142,1.7131378330013831,0.995513056785617,0.9872849036189276,99900,99900,499500,0,0,0.0,0,9590400,0.0,0,599400,True,0,1,4,True,0,1.7011399589991925,0.01793270799862512,51184862,0.0001794219951989362,0.014249249999920721,0.0024587080006313045,0.0020768750000570435,0.0027957500005868496,0.32947362500090094,0.020108875000005355,0.3186783749861206,0.0,0.0,0.00019699999938893598,0.0029014580122748157,0.21516196300763113,0.2272906670004886,0.20186058299987053,0.04255954099971859,4535238,249430016,5.036508858006879,10.072956029295744,7368c1e27c5c03d337ef262484efa0337b98314a1a08a2091499f58a5ea25653,81c91fefadbabc01fc083dbb8510fef5ee392bf2542f3a7df90dd375132e6cdf,8202b957bf78dc860dec497af3e45039738fda61845f9264d9e6b447de144f48
P3_design9_seed2,9,100000,50,16,5,100,2,fresh,1.713152166999862,1.7599117929985368,1.713152166999862,1.7599117929985368,1.0,1.0,0,0,499500,0,0,,0,7992000,0.0,0,499500,False,,0,0,True,0,1.6542552089995297,0.016782040998805314,51184245,0.00011017200449714437,0.0,0.0027110419996461133,0.0020349169990367955,0.003854624999803491,0.3386639580003248,0.01981016600075236,0.3004479960145545,0.0063146249995043036,0.0,0.0,0.0,0.0,0.0,0.0,0.04201366699999198,4533176,208879616,5.186695177461588,10.337179186035293,631cfd08867ea9b743fd6bf618c9b245081bfed3b4175e3cfd6252ff4101e82e,9147abb01474a3f2ec5b1856ed6693d5ae470ab28ec80fd8d7314418d7fff302,8202b957bf78dc860dec497af3e45039738fda61845f9264d9e6b447de144f48
P3_design9_seed2,9,100000,50,16,5,100,2,none,1.4987022090008395,1.5605727069996647,1.713152166999862,1.7599117929985368,1.1430904396557824,1.1277345714844127,0,0,499500,0,0,,0,7992000,0.0,0,499500,False,,0,0,True,0,1.6542552089995297,0.016782040998805314,51184245,0.00011017200449714437,0.013183916000343743,0.0023121659996832022,0.0017704159999993863,0.0038218749996303814,0.3411975409999286,0.02078083299966238,0.29670538000755187,0.0,0.0,0.00020312600099714473,0.0,0.0,0.0,0.0,0.04460399999879883,4534197,256737280,5.186695177461588,10.337179186035293,a724f61f069f986ad5fefe25c81fa0de23e2c892d8bddd5901d46366916d8b77,9147abb01474a3f2ec5b1856ed6693d5ae470ab28ec80fd8d7314418d7fff302,8202b957bf78dc860dec497af3e45039738fda61845f9264d9e6b447de144f48
P3_design9_seed2,9,100000,50,16,5,100,2,basic,1.7441452909988584,1.8062257079982373,1.713152166999862,1.7599117929985368,0.9822301936891698,0.9743587333550754,99900,99900,499500,0,0,0.0,0,9590400,0.0,0,599400,True,0,1,4,True,0,1.6542552089995297,0.016782040998805314,51184245,0.00011017200449714437,0.014899207999405917,0.0020294170008128276,0.0019124589998682495,0.003011417000379879,0.3346459580006922,0.020112500000323053,0.32844674899934034,0.0,0.0,0.0002790849976008758,0.0013655839993589325,0.21462379100012186,0.2248671249999461,0.20375620900085778,0.043239332999291946,4535241,240762880,5.186695177461588,10.337179186035293,973ab313d8bdde41a7ef1a51d984492f6c816387836fb6df08548ff32e553941,9147abb01474a3f2ec5b1856ed6693d5ae470ab28ec80fd8d7314418d7fff302,8202b957bf78dc860dec497af3e45039738fda61845f9264d9e6b447de144f48
P3_design9_seed2,9,100000,50,16,5,100,2,runnerup,1.722882625001148,1.7865002079997794,1.713152166999862,1.7599117929985368,0.9943522223394182,0.9851170378362218,99900,99900,499500,0,0,0.0,0,9590400,0.0,0,599400,True,0,1,4,True,0,1.6542552089995297,0.016782040998805314,51184245,0.00011017200449714437,0.014721207999173203,0.002262666999740759,0.001801958000214654,0.003660166999907233,0.33905858300022373,0.020123583999520633,0.3273169079966465,0.0,0.0,0.00020112600032007322,0.0030141679926600773,0.21563437700024224,0.22747924999930547,0.19481004100089194,0.04483174999950279,4535206,266616832,5.186695177461588,10.337179186035293,6f7040c5e177d6dc838f7f8e02fc68f4314fda22040692c4e2dc8a27c83ce357,9147abb01474a3f2ec5b1856ed6693d5ae470ab28ec80fd8d7314418d7fff302,8202b957bf78dc860dec497af3e45039738fda61845f9264d9e6b447de144f48
P3_design9_seed3,9,100000,50,16,5,100,3,fresh,1.703163083000618,1.7494722909996199,1.703163083000618,1.7494722909996199,1.0,1.0,0,0,499500,0,0,,0,7992000,0.0,0,499500,False,,0,0,True,0,1.7106738330003282,0.014024874999449821,51184873,0.00018204500156571157,0.0,0.002489499998773681,0.0019909999991796212,0.0039938749996508704,0.335750124999322,0.020313249999162508,0.2963190409955132,0.004589916999975685,0.0,0.0,0.0,0.0,0.0,0.0,0.04182870800104865,4533177,209616896,4.959944146701733,9.91156899035588,43361a23c95d6ac43e6b65450d25641d9313896d6601353f8925ffce272cd069,d43c14fed5cd66dbfe9b937af14ffa6782bc4e1a980b5b86816310b7908d2f22,8202b957bf78dc860dec497af3e45039738fda61845f9264d9e6b447de144f48
P3_design9_seed3,9,100000,50,16,5,100,3,none,1.542077749998498,1.6025069170009374,1.703163083000618,1.7494722909996199,1.1044599294700135,1.0917096659237675,0,0,499500,0,0,,0,7992000,0.0,0,499500,False,,0,0,True,0,1.7106738330003282,0.014024874999449821,51184873,0.00018204500156571157,0.01344595900081913,0.002137875000698841,0.0019220829999540001,0.0028949170009582303,0.33855687499999476,0.02021058299942524,0.295276502998604,0.0,0.0,0.0002976260020659538,0.0,0.0,0.0,0.0,0.04292325000096753,4534110,249757696,4.959944146701733,9.91156899035588,564adda82641efd7311bac00bad1573407034911924e7d18d1c94ab8e013ce77,d43c14fed5cd66dbfe9b937af14ffa6782bc4e1a980b5b86816310b7908d2f22,8202b957bf78dc860dec497af3e45039738fda61845f9264d9e6b447de144f48
P3_design9_seed3,9,100000,50,16,5,100,3,basic,1.7585938749998604,1.8195649170011166,1.703163083000618,1.7494722909996199,0.9684800494376526,0.9614783592788662,99900,99900,499500,0,0,0.0,0,9590400,0.0,0,599400,True,0,1,4,True,0,1.7106738330003282,0.014024874999449821,51184873,0.00018204500156571157,0.013623875000121188,0.0023107500001060544,0.001766499999575899,0.002752166001300793,0.33091804099967703,0.019873416998962057,0.3239561639875319,0.0,0.0,0.00029637500119861215,0.0014454599986493122,0.21894050099399465,0.2303751250001369,0.2015747499990539,0.043269917001452995,4535193,251445248,4.959944146701733,9.91156899035588,1fa3e2f7747314b3a36e663d8792c4e41c381331e09b915ffb8ab6b964e0f9fb,d43c14fed5cd66dbfe9b937af14ffa6782bc4e1a980b5b86816310b7908d2f22,8202b957bf78dc860dec497af3e45039738fda61845f9264d9e6b447de144f48
P3_design9_seed3,9,100000,50,16,5,100,3,runnerup,1.7705883750004432,1.833448833998773,1.703163083000618,1.7494722909996199,0.96191927330382,0.9541974984837732,99900,99900,499500,0,0,0.0,0,9590400,0.0,0,599400,True,0,1,4,True,0,1.7106738330003282,0.014024874999449821,51184873,0.00018204500156571157,0.014570666999134119,0.002547791998949833,0.0018983329991897335,0.003350625000166474,0.33992579100049625,0.020449375000680448,0.3242077899958531,0.0,0.0,0.00023662499916099478,0.003120873998341267,0.21714950100249553,0.23065316700012772,0.20468554200124345,0.04384366700105602,4535188,252067840,4.959944146701733,9.91156899035588,64c5f7756b71905bf51c068a702fafd518c77f9a118d703d4a83b41aaa473191,d43c14fed5cd66dbfe9b937af14ffa6782bc4e1a980b5b86816310b7908d2f22,8202b957bf78dc860dec497af3e45039738fda61845f9264d9e6b447de144f48
P3_design9_seed4,9,100000,50,16,5,100,4,fresh,1.6905464999999822,1.7377282489997015,1.6905464999999822,1.7377282489997015,1.0,1.0,0,0,499500,0,0,,0,7992000,0.0,0,499500,False,,0,0,True,0,1.7182774590000918,0.016787667000244255,51185219,0.00015604201689711772,0.0,0.0021451249995152466,0.002109832999849459,0.003885457999786013,0.33453087499947287,0.02018583300014143,0.2963517019707069,0.004804125001101056,0.0,0.0,0.0,0.0,0.0,0.0,0.04292679100035457,4533728,210026496,5.232748664357838,10.462600766790711,a85228e16d16b07ae3ec811da527a8aa6826db1777a91f7863f69a5a3bd2f234,75f939dd73f8cc814fdb2a2989865e454444696acfb0c6191e029c76f7023c55,8202b957bf78dc860dec497af3e45039738fda61845f9264d9e6b447de144f48
P3_design9_seed4,9,100000,50,16,5,100,4,none,1.5057543750008335,1.5686517100020865,1.6905464999999822,1.7377282489997015,1.122723950245236,1.107784626708111,0,0,499500,0,0,,0,7992000,0.0,0,499500,False,,0,0,True,0,1.7182774590000918,0.016787667000244255,51185219,0.00015604201689711772,0.013983791999635287,0.0024607089999335585,0.0017885000015667174,0.0027695419994415715,0.33070433299872093,0.020313417000579648,0.29520900199349853,0.0,0.0,0.00021616699814330786,0.0,0.0,0.0,0.0,0.04466433400011738,4534704,247955456,5.232748664357838,10.462600766790711,a81e3ae1524ed67aedc8c0cf2fec66ee3107da162c8b4fcb8dd5415a690b98ad,75f939dd73f8cc814fdb2a2989865e454444696acfb0c6191e029c76f7023c55,8202b957bf78dc860dec497af3e45039738fda61845f9264d9e6b447de144f48
P3_design9_seed4,9,100000,50,16,5,100,4,basic,1.7035289170016767,1.7647568340034923,1.6905464999999822,1.7377282489997015,0.9923791038284548,0.9846842440369111,99900,99900,499500,0,0,0.0,0,9590400,0.0,0,599400,True,0,1,4,True,0,1.7182774590000918,0.016787667000244255,51185219,0.00015604201689711772,0.013686209000297822,0.0022609590014326386,0.001742041000397876,0.002923958001701976,0.3306090839996614,0.020169708001049003,0.3208688080085267,0.0,0.0,0.00020591600150510203,0.0012367060080578085,0.21064791700337082,0.22067616599997564,0.19481287500093458,0.043538707999687176,4535759,248135680,5.232748664357838,10.462600766790711,415c759c3c94b47dcb06e2f1ecac4c00c4c05fc14cc5d49e4cd7a797ee9324cf,75f939dd73f8cc814fdb2a2989865e454444696acfb0c6191e029c76f7023c55,8202b957bf78dc860dec497af3e45039738fda61845f9264d9e6b447de144f48
P3_design9_seed4,9,100000,50,16,5,100,4,runnerup,1.7242814999990514,1.7893071670005156,1.6905464999999822,1.7377282489997015,0.9804353291506707,0.9711738046143984,99900,99900,499500,0,0,0.0,0,9590400,0.0,0,599400,True,0,1,4,True,0,1.7182774590000918,0.016787667000244255,51185219,0.00015604201689711772,0.01465016700058186,0.0025713750001159497,0.0019238750010117656,0.0027283340004942147,0.33797620900077163,0.020856666998952278,0.3223958349917666,0.0,0.0,0.00022883200108481105,0.0029802070021105465,0.21239245700235188,0.22471470799973758,0.20004183299897704,0.045880249999754597,4535752,250494976,5.232748664357838,10.462600766790711,b4dcc38fcc0ee34d3acc469f55d5cc355361ff683d62d818f204497c9aafd9f9,75f939dd73f8cc814fdb2a2989865e454444696acfb0c6191e029c76f7023c55,8202b957bf78dc860dec497af3e45039738fda61845f9264d9e6b447de144f48
P3_design10_seed0,10,100000,50,32,5,100,0,fresh,2.5740424579998944,2.6609743749995687,2.5740424579998944,2.6609743749995687,1.0,1.0,0,0,499500,0,0,,0,15984000,0.0,0,499500,False,,0,0,True,0,2.719326958000238,0.015949374999763677,51888286,0.00020428598327271175,0.0,0.002584916999694542,0.0019717499999387655,0.00392154200017103,0.41127925000000687,0.037392166999779874,0.4975512930068362,0.0043981250000797445,0.0,0.0,0.0,0.0,0.0,0.0,0.08237525000004098,8975732,238256128,3.623888557507229,7.2354004388149615,399ca47354c90372bce603ac32b70e3aa33a26c6a5d4ad3ff57743edc9e51ece,dd95bc36e8d6cb5ea00887dc493b272763e6ee0c4e2be099e1d9b5411528c708,8202b957bf78dc860dec497af3e45039738fda61845f9264d9e6b447de144f48
P3_design10_seed0,10,100000,50,32,5,100,0,none,2.2788387079999666,2.379840999999942,2.5740424579998944,2.6609743749995687,1.1295413093360236,1.118131158762133,0,0,499500,0,0,,0,15984000,0.0,0,499500,False,,0,0,True,0,2.719326958000238,0.015949374999763677,51888286,0.00020428598327271175,0.01373795800100197,0.002114374998200219,0.0017286669990426162,0.0027797919992735842,0.41406395900048665,0.03814004099876911,0.4925024169988319,0.0,0.0,0.0001504159990872722,0.0,0.0,0.0,0.0,0.08342129200173076,8976712,270663680,3.623888557507229,7.2354004388149615,999c78096a4d9629c304a719e7d6b7dddd6a4a55d4daa033b5f2068a9249a2f9,dd95bc36e8d6cb5ea00887dc493b272763e6ee0c4e2be099e1d9b5411528c708,8202b957bf78dc860dec497af3e45039738fda61845f9264d9e6b447de144f48
P3_design10_seed0,10,100000,50,32,5,100,0,basic,2.574785165999856,2.670837333000236,2.5740424579998944,2.6609743749995687,0.9997115456428097,0.9963071663411309,99900,99900,499500,0,0,0.0,0,19180800,0.0,0,599400,True,0,1,4,True,0,2.719326958000238,0.015949374999763677,51888286,0.00020428598327271175,0.013985624998895219,0.00216175000059593,0.001839500000642147,0.002663416998984758,0.41218812499937485,0.038639082998997765,0.5302418269857299,0.0,0.0,0.00015279100080078933,0.0011533720080478815,0.29521341199324524,0.3102230000004056,0.27659254200079886,0.0780652920002467,8977786,272252928,3.623888557507229,7.2354004388149615,3af8c74bc55ee3b3a5c235adf6d2dab1bda00fb212736638d68a10eddd155b21,dd95bc36e8d6cb5ea00887dc493b272763e6ee0c4e2be099e1d9b5411528c708,8202b957bf78dc860dec497af3e45039738fda61845f9264d9e6b447de144f48
P3_design10_seed0,10,100000,50,32,5,100,0,runnerup,2.5785381669993512,2.6737660840008175,2.5740424579998944,2.6609743749995687,0.9982564892554263,0.9952158458895146,99900,99900,499500,0,0,0.0,0,19180800,0.0,0,599400,True,0,1,4,True,0,2.719326958000238,0.015949374999763677,51888286,0.00020428598327271175,0.013885124999433174,0.0020764170003531035,0.0017252080015168758,0.0026684170006774366,0.4086260839994793,0.03810250000060478,0.5341452410048078,0.0,0.0,0.00014525000005960464,0.002632668996739085,0.2948792880124529,0.3114913749996049,0.2768116249990271,0.07754116700016311,8977766,267976704,3.623888557507229,7.2354004388149615,3e53cb4bb9980b4af195ad4c119c3c779e48506e1093fa1cca603d80acb15b52,dd95bc36e8d6cb5ea00887dc493b272763e6ee0c4e2be099e1d9b5411528c708,8202b957bf78dc860dec497af3e45039738fda61845f9264d9e6b447de144f48
P3_design10_seed1,10,100000,50,32,5,100,1,fresh,2.5468068750014936,2.6315932080015045,2.5468068750014936,2.6315932080015045,1.0,1.0,0,0,499500,0,0,,0,15984000,0.0,0,499500,False,,0,0,True,0,2.5436667499998293,0.012532292001196765,51888342,7.886400271672755e-05,0.0,0.0024239159993157955,0.0018422920002194587,0.003847165999104618,0.40597087499918416,0.03741733300012129,0.4924153390038555,0.004289208000045619,0.0,0.0,0.0,0.0,0.0,0.0,0.08052012500047567,8974322,240697344,3.6937227188770976,7.386289406845228,d2b0a56d691c1c0936bed85b97a6f023b418dd1df5db4d395ff99737785a0809,0281eba57f083eb96dc6fa7fa1faa7dfa01ec0d725419cca2859bbdfd530d303,8202b957bf78dc860dec497af3e45039738fda61845f9264d9e6b447de144f48
P3_design10_seed1,10,100000,50,32,5,100,1,none,2.3507031249991996,2.446628456998951,2.5468068750014936,2.6315932080015045,1.0834234437844468,1.0755998527170865,0,0,499500,0,0,,0,15984000,0.0,0,499500,False,,0,0,True,0,2.5436667499998293,0.012532292001196765,51888342,7.886400271672755e-05,0.013536500000554952,0.002033916000073077,0.0016983749992505182,0.0026574589992378606,0.41086858400012716,0.03706699999929697,0.48926966198814625,0.0,0.0,0.00016633400264254306,0.0,0.0,0.0,0.0,0.07865654099987296,8975308,275546112,3.6937227188770976,7.386289406845228,725144bd8cb62daf314f7346e573c5a4c8d814d1bcc90e408da6a3207a47bc00,0281eba57f083eb96dc6fa7fa1faa7dfa01ec0d725419cca2859bbdfd530d303,8202b957bf78dc860dec497af3e45039738fda61845f9264d9e6b447de144f48
P3_design10_seed1,10,100000,50,32,5,100,1,basic,2.6525847079992673,2.7493238330007443,2.5468068750014936,2.6315932080015045,0.9601227313575379,0.9571783346923003,99900,99900,499500,0,0,0.0,0,19180800,0.0,0,599400,True,0,1,4,True,0,2.5436667499998293,0.012532292001196765,51888342,7.886400271672755e-05,0.01358408300075098,0.0020261669997125864,0.0017604580007173354,0.002690291999897454,0.4064564580003207,0.0376515419993666,0.532110754013047,0.0,0.0,0.00014854099936201237,0.0011606709958869033,0.2941393379969668,0.30973870800153236,0.278670042000158,0.07936841700029618,8976344,282296320,3.6937227188770976,7.386289406845228,b0f50728f518a79a48c95ede3bf04f8cbfaa3a9db4cc5c713573a71b4d4cb7ba,0281eba57f083eb96dc6fa7fa1faa7dfa01ec0d725419cca2859bbdfd530d303,8202b957bf78dc860dec497af3e45039738fda61845f9264d9e6b447de144f48
P3_design10_seed1,10,100000,50,32,5,100,1,runnerup,2.7885963330008963,2.8903037500003848,2.5468068750014936,2.6315932080015045,0.9132934892232303,0.9104901891370948,99900,99900,499500,0,0,0.0,0,19180800,0.0,0,599400,True,0,1,4,True,0,2.5436667499998293,0.012532292001196765,51888342,7.886400271672755e-05,0.013586624998424668,0.001990875000046799,0.0016428340004495112,0.0031027500008349307,0.44070599999940896,0.03978016600012779,0.5514937879979698,0.0,0.0,0.00019724800040421542,0.0026392059971840354,0.30365013299524435,0.32090391700148757,0.28507629100022314,0.08448708300056751,8976325,287145984,3.6937227188770976,7.386289406845228,78dc98c08e4d835dc3ef6ef4b3ca7009d36e04eb40b8a754acc2982a056c235b,0281eba57f083eb96dc6fa7fa1faa7dfa01ec0d725419cca2859bbdfd530d303,8202b957bf78dc860dec497af3e45039738fda61845f9264d9e6b447de144f48
P3_design10_seed2,10,100000,50,32,5,100,2,fresh,2.5513747919994785,2.6368748339991726,2.5513747919994785,2.6368748339991726,1.0,1.0,0,0,499500,0,0,,0,15984000,0.0,0,499500,False,,0,0,True,0,2.542355999999927,0.014148416999887559,51887173,0.00011325400555506349,0.0,0.0020002500004920876,0.0017225839983439073,0.0037277920000633458,0.4108755409997684,0.03775425000094401,0.49476504898120766,0.004000417000497691,0.0,0.0,0.0,0.0,0.0,0.0,0.08177720800085808,8975716,242089984,3.5445884308568933,7.087626663969757,3b28e19380a36c124f2aaf0f26b666b03c3d1841ba759f1667eb5adbe711429a,6faa79bfe2a0738dc446142353b160854bf1d0c2c78dbd7aecb5c3002b6964a5,8202b957bf78dc860dec497af3e45039738fda61845f9264d9e6b447de144f48
P3_design10_seed2,10,100000,50,32,5,100,2,none,2.272311875000014,2.3666656669993245,2.5513747919994785,2.6368748339991726,1.122810130101293,1.114172935690762,0,0,499500,0,0,,0,15984000,0.0,0,499500,False,,0,0,True,0,2.542355999999927,0.014148416999887559,51887173,0.00011325400555506349,0.013508541000192054,0.0020380840014695423,0.001709249998384621,0.0026636669990693917,0.4133124170002702,0.037540417000855086,0.48770565700760926,0.0,0.0,0.0001457090002077166,0.0,0.0,0.0,0.0,0.07709791699926427,8976700,275349504,3.5445884308568933,7.087626663969757,eb4ea937d9c0226df163448f588049eb1301457eb697de5c5aa794d20d74efb1,6faa79bfe2a0738dc446142353b160854bf1d0c2c78dbd7aecb5c3002b6964a5,8202b957bf78dc860dec497af3e45039738fda61845f9264d9e6b447de144f48
P3_design10_seed2,10,100000,50,32,5,100,2,basic,2.649291458001244,2.748408374001883,2.5513747919994785,2.6368748339991726,0.9630404326764264,0.9594188618191737,99900,99900,499500,0,0,0.0,0,19180800,0.0,0,599400,True,0,1,4,True,0,2.542355999999927,0.014148416999887559,51887173,0.00011325400555506349,0.015193291001196485,0.0023137500011216616,0.001964666998901521,0.0029033749997324776,0.4086892079994868,0.03712933300084842,0.5407654070040735,0.0,0.0,0.00022304199956124648,0.0015209179964585928,0.31223457800297183,0.3292021670004033,0.28406866699879174,0.07964520799941965,8977751,295174144,3.5445884308568933,7.087626663969757,441c4a130901880f7818a1c7e582cacfeb9234a52057d1b5495244897416c93b,6faa79bfe2a0738dc446142353b160854bf1d0c2c78dbd7aecb5c3002b6964a5,8202b957bf78dc860dec497af3e45039738fda61845f9264d9e6b447de144f48
P3_design10_seed2,10,100000,50,32,5,100,2,runnerup,2.5785662500002218,2.6752435420021357,2.5513747919994785,2.6368748339991726,0.9894548150543966,0.985657863517634,99900,99900,499500,0,0,0.0,0,19180800,0.0,0,599400,True,0,1,4,True,0,2.542355999999927,0.014148416999887559,51887173,0.00011325400555506349,0.013667750001332024,0.0019557089999580057,0.0016421250002167653,0.002661082999111386,0.4108851250002772,0.038023291999707,0.5287718810068327,0.0,0.0,0.00015620600061083678,0.002687710000827792,0.2925629159890377,0.30884949999926903,0.276912249999441,0.07941170800040709,8977747,280166400,3.5445884308568933,7.087626663969757,e1df2f839d3f7d058e19e48f45cac9549930afa1266ac495c9e2e58ab495e897,6faa79bfe2a0738dc446142353b160854bf1d0c2c78dbd7aecb5c3002b6964a5,8202b957bf78dc860dec497af3e45039738fda61845f9264d9e6b447de144f48
P3_design10_seed3,10,100000,50,32,5,100,3,fresh,2.5309299170003214,2.6166899190011463,2.5309299170003214,2.6166899190011463,1.0,1.0,0,0,499500,0,0,,0,15984000,0.0,0,499500,False,,0,0,True,0,2.541947292000259,0.0181124999999156,51887808,8.703398816578556e-05,0.0,0.0019768340007431107,0.0017000839998217998,0.003903541000909172,0.40873158300018986,0.037860417000047164,0.4832220790121937,0.003961167001762078,0.0,0.0,0.0,0.0,0.0,0.0,0.08208308400025999,8973113,234094592,3.6637093587437133,7.306879148414647,80b7db8196d29bd9b85e7ef4e093f6c205352c0a5e69c59e080b13a5ffee031c,504d6255ae35d98fe255c807d0603c1a233e8455f4b7fcc5572b0211bdf929e2,8202b957bf78dc860dec497af3e45039738fda61845f9264d9e6b447de144f48
P3_design10_seed3,10,100000,50,32,5,100,3,none,2.402735207999285,2.499051667000458,2.5309299170003214,2.6166899190011463,1.0533536565220525,1.0470731572116259,0,0,499500,0,0,,0,15984000,0.0,0,499500,False,,0,0,True,0,2.541947292000259,0.0181124999999156,51887808,8.703398816578556e-05,0.013607124999907683,0.001989792001040769,0.0017576669997652061,0.00273275000108697,0.40214004200061026,0.038270334000117145,0.49511903399070434,0.0,0.0,0.0002457920018059667,0.0,0.0,0.0,0.0,0.07896187500045926,8974072,277069824,3.6637093587437133,7.306879148414647,2e3713e4dc7de5c8c95767e2f8fd593119c5c657169d0203a11eba76c6b62595,504d6255ae35d98fe255c807d0603c1a233e8455f4b7fcc5572b0211bdf929e2,8202b957bf78dc860dec497af3e45039738fda61845f9264d9e6b447de144f48
P3_design10_seed3,10,100000,50,32,5,100,3,basic,2.604096082999604,2.699652249999417,2.5309299170003214,2.6166899190011463,0.9719034307232612,0.9692692527349444,99900,99900,499500,0,0,0.0,0,19180800,0.0,0,599400,True,0,1,4,True,0,2.541947292000259,0.0181124999999156,51887808,8.703398816578556e-05,0.013528458001019317,0.002013499999520718,0.001766708999639377,0.0026543330004642485,0.40467370800070057,0.03820408300089184,0.5220714599909115,0.0,0.0,0.0001442500015400583,0.0011672910150082316,0.2920585449937789,0.30710133299908193,0.2739902909997909,0.07824749999963387,8975136,273219584,3.6637093587437133,7.306879148414647,a97c146073dc4802490f8bab6d64b0d8b076c6c6d228c4212aa7cc9d93f52a63,504d6255ae35d98fe255c807d0603c1a233e8455f4b7fcc5572b0211bdf929e2,8202b957bf78dc860dec497af3e45039738fda61845f9264d9e6b447de144f48
P3_design10_seed3,10,100000,50,32,5,100,3,runnerup,2.613110250000318,2.7094077490000927,2.5309299170003214,2.6166899190011463,0.9685507593872142,0.9657792999104089,99900,99900,499500,0,0,0.0,0,19180800,0.0,0,599400,True,0,1,4,True,0,2.541947292000259,0.0181124999999156,51887808,8.703398816578556e-05,0.013494625000021188,0.0019957499989686767,0.0017065830015781103,0.0026688329999160487,0.4081539159997192,0.03814691600018705,0.522863074007546,0.0,0.0,0.0001483329961047275,0.0026631719956640154,0.2924035040050512,0.3091425420006999,0.2757000000001426,0.07910054099920671,8975139,272924672,3.6637093587437133,7.306879148414647,5fc0d52b7d2fe7bced397e8e2223bc5a9e5a9bcfb1c4a406b8d0976a4d042cb8,504d6255ae35d98fe255c807d0603c1a233e8455f4b7fcc5572b0211bdf929e2,8202b957bf78dc860dec497af3e45039738fda61845f9264d9e6b447de144f48
P3_design10_seed4,10,100000,50,32,5,100,4,fresh,2.5349501669988967,2.620575666995137,2.5349501669988967,2.620575666995137,1.0,1.0,0,0,499500,0,0,,0,15984000,0.0,0,499500,False,,0,0,True,0,2.535941875001299,0.016035624999858555,51888482,8.38419764477294e-05,0.0,0.001988249998248648,0.0016677499988873024,0.003772332998778438,0.40406699999948614,0.037634000000252854,0.4928385840175906,0.003941832999771577,0.0,0.0,0.0,0.0,0.0,0.0,0.0819694999991043,8975930,233832448,3.493156465683907,6.974938087417047,e772c28dc33d5485fcef330229ca2f61198d977a0cddcec4e4e6f75bd388ccf9,12d0a280b4d6b6ddd6e59941ad0920c0b02424aefbd74d6b80ab0c4c37592b98,8202b957bf78dc860dec497af3e45039738fda61845f9264d9e6b447de144f48
P3_design10_seed4,10,100000,50,32,5,100,4,none,2.2431013749992417,2.339045124999757,2.5349501669988967,2.620575666995137,1.1301094971687375,1.1203613128222183,0,0,499500,0,0,,0,15984000,0.0,0,499500,False,,0,0,True,0,2.535941875001299,0.016035624999858555,51888482,8.38419764477294e-05,0.01351562499985448,0.0020175419995211996,0.0016877500002010493,0.002674332999959006,0.4100439579997328,0.03733008400013205,0.49056099699919287,0.0,0.0,0.00014537600327457767,0.0,0.0,0.0,0.0,0.07872283300093841,8976909,265977856,3.493156465683907,6.974938087417047,c35d88c4f15c8c4622dfdac9b52e3b6a3bc75d030dcaa168c03211da9712529a,12d0a280b4d6b6ddd6e59941ad0920c0b02424aefbd74d6b80ab0c4c37592b98,8202b957bf78dc860dec497af3e45039738fda61845f9264d9e6b447de144f48
P3_design10_seed4,10,100000,50,32,5,100,4,basic,2.558361707999211,2.653529917000924,2.5349501669988967,2.620575666995137,0.9908490105495585,0.9875809766475019,99900,99900,499500,0,0,0.0,0,19180800,0.0,0,599400,True,0,1,4,True,0,2.535941875001299,0.016035624999858555,51888482,8.38419764477294e-05,0.013684167000974412,0.0019808340002782643,0.0017073750004783506,0.002656959000887582,0.40745179199984705,0.037144208001336665,0.5359112599926448,0.0,0.0,0.0001457920006942004,0.0011519610015966464,0.2923522459986998,0.3074042919997737,0.27683887499915727,0.07779583299998194,8977955,267730944,3.493156465683907,6.974938087417047,5e0f84bdb9993bc09ab6f5d1075e7ea1cd0e861fac5be7dd645c5d9fa03c1bfb,12d0a280b4d6b6ddd6e59941ad0920c0b02424aefbd74d6b80ab0c4c37592b98,8202b957bf78dc860dec497af3e45039738fda61845f9264d9e6b447de144f48
P3_design10_seed4,10,100000,50,32,5,100,4,runnerup,2.5609440419993916,2.6557829159974062,2.5349501669988967,2.620575666995137,0.9898498855991399,0.9867431751329544,99900,99900,499500,0,0,0.0,0,19180800,0.0,0,599400,True,0,1,4,True,0,2.535941875001299,0.016035624999858555,51888482,8.38419764477294e-05,0.01350037499832979,0.002042957999947248,0.0017120829998020781,0.002660374999322812,0.4087390000004234,0.03790991700043378,0.5339942059981695,0.0,0.0,0.00017645799744059332,0.0026713740026025334,0.2955499960025918,0.3121480840000004,0.2762976250014617,0.07758345799993549,8977955,267829248,3.493156465683907,6.974938087417047,6d922df6e4df357fec959b8e8bb80eb2ee06170e13fd32662865a94b8e938d2e,12d0a280b4d6b6ddd6e59941ad0920c0b02424aefbd74d6b80ab0c4c37592b98,8202b957bf78dc860dec497af3e45039738fda61845f9264d9e6b447de144f48
P3_design11_seed0,11,100000,50,64,5,100,0,fresh,4.547393042001204,4.710232875000656,4.547393042001204,4.710232875000656,1.0,1.0,0,0,499500,0,0,,0,31968000,0.0,0,499500,False,,0,0,True,0,4.576193291999516,0.014073915999688325,53294419,0.00011383398668840528,0.0,0.0020363329986139433,0.0018208750007033814,0.0036121249995630933,0.5942782909987727,0.07579850000001898,0.9376374559869873,0.003967583999838098,0.0,0.0,0.0,0.0,0.0,0.0,0.15898262500013516,17854507,305397760,2.5891467383929743,5.164416228783496,077ac71733a7859a675de47248af50a5a68f69aa4b3bd9e710666875b2037070,0b8c08ed62f1cbd1ec155bb449dad14f897342507a866e7a9d7fa0585d935592,8202b957bf78dc860dec497af3e45039738fda61845f9264d9e6b447de144f48
P3_design11_seed0,11,100000,50,64,5,100,0,none,4.093748417000825,4.273378917001537,4.547393042001204,4.710232875000656,1.1108139970488782,1.1022268248343496,0,0,499500,0,0,,0,31968000,0.0,0,499500,False,,0,0,True,0,4.576193291999516,0.014073915999688325,53294419,0.00011383398668840528,0.015218708000247716,0.0020145420003245817,0.001735916999678011,0.0026914170011878014,0.5898335410001891,0.07245937500010768,0.9570154590001039,0.0,0.0,0.00028362499870127067,0.0,0.0,0.0,0.0,0.16066133300046204,17855505,319143936,2.5891467383929743,5.164416228783496,92435a1d8d1099a77a456588e68869ef6f4225d70b915d4133a95deb9b00a0f7,0b8c08ed62f1cbd1ec155bb449dad14f897342507a866e7a9d7fa0585d935592,8202b957bf78dc860dec497af3e45039738fda61845f9264d9e6b447de144f48
P3_design11_seed0,11,100000,50,64,5,100,0,basic,4.520905833000143,4.701183917999515,4.547393042001204,4.710232875000656,1.005858827849879,1.0019248251417043,99900,99900,499500,0,0,0.0,0,38361600,0.0,0,599400,True,0,1,4,True,0,4.576193291999516,0.014073915999688325,53294419,0.00011383398668840528,0.016145708999829367,0.0021099589994264534,0.0016664169997966383,0.002707582998482394,0.5943878750003933,0.07396629200047755,1.0059125069928996,0.0,0.0,0.0001747920032357797,0.0012768349970428972,0.49520641599519877,0.5218974159997742,0.478116250000312,0.1603560000003199,17856563,320274432,2.5891467383929743,5.164416228783496,023ee3a15095591e1244c06b0c1f6ed91746637adcf698f017398d22108e582f,0b8c08ed62f1cbd1ec155bb449dad14f897342507a866e7a9d7fa0585d935592,8202b957bf78dc860dec497af3e45039738fda61845f9264d9e6b447de144f48
P3_design11_seed0,11,100000,50,64,5,100,0,runnerup,4.5320552499997575,4.707976375999351,4.547393042001204,4.710232875000656,1.0033842906044552,1.000479292762132,99900,99900,499500,0,0,0.0,0,38361600,0.0,0,599400,True,0,1,4,True,0,4.576193291999516,0.014073915999688325,53294419,0.00011383398668840528,0.014787416999752168,0.002035790999798337,0.0017617089997656876,0.002698166999834939,0.5920908339994639,0.07283008300146321,1.0255431279892946,0.0,0.0,0.00023433300157194026,0.002727627002968802,0.4858870069983823,0.5136721250000846,0.46763845900022716,0.15733620900027745,17856570,322781184,2.5891467383929743,5.164416228783496,cd27c74c0be2763028d75520b727212fecbf494d271486b4cf3122902c341e6c,0b8c08ed62f1cbd1ec155bb449dad14f897342507a866e7a9d7fa0585d935592,8202b957bf78dc860dec497af3e45039738fda61845f9264d9e6b447de144f48
P3_design11_seed1,11,100000,50,64,5,100,1,fresh,4.76888104200043,4.938158168000882,4.76888104200043,4.938158168000882,1.0,1.0,0,0,499500,0,0,,0,31968000,0.0,0,499500,False,,0,0,True,0,4.525213209000867,0.01753570799883164,53291488,0.00011486599760246463,0.0,0.002199709000706207,0.001961457999641425,0.0037431670007208595,0.6322280409985979,0.07902308300072036,0.9840271359953476,0.0048113749999174615,0.0,0.0,0.0,0.0,0.0,0.0,0.16511595900010434,17855020,315424768,2.594921602652244,5.175421455369301,ced35ee798fc99fbb6d6fa1ff464451266a3fa0a63b8d1e00c5f264925cb3912,1de6ada4149a342830d7133d5c6c52202ea8aab72bdf9a71ed023550f5f9ab4a,8202b957bf78dc860dec497af3e45039738fda61845f9264d9e6b447de144f48
P3_design11_seed1,11,100000,50,64,5,100,1,none,4.233059915999547,4.417238500000167,4.76888104200043,4.938158168000882,1.126580094927468,1.117928807330801,0,0,499500,0,0,,0,31968000,0.0,0,499500,False,,0,0,True,0,4.525213209000867,0.01753570799883164,53291488,0.00011486599760246463,0.01481029200112971,0.002098999999361695,0.0017850000003818423,0.003137417001198628,0.6298078750005516,0.08142224999937753,0.9646073359908769,0.0,0.0,0.0002899169976444682,0.0,0.0,0.0,0.0,0.16548429199974635,17856003,332169216,2.594921602652244,5.175421455369301,95f147299bfeb74bb4d4a2538b864001f4011661077d84ddebbeaaf56d64a663,1de6ada4149a342830d7133d5c6c52202ea8aab72bdf9a71ed023550f5f9ab4a,8202b957bf78dc860dec497af3e45039738fda61845f9264d9e6b447de144f48
P3_design11_seed1,11,100000,50,64,5,100,1,basic,4.908161499999551,5.093471333999332,4.76888104200043,4.938158168000882,0.9716226823426382,0.9695074035340648,99900,99900,499500,0,0,0.0,0,38361600,0.0,0,599400,True,0,1,4,True,0,4.525213209000867,0.01753570799883164,53291488,0.00011486599760246463,0.01659891700001026,0.0030983750002633315,0.001818832999560982,0.0027469169999676524,0.6081273750005494,0.07965524999963236,1.072949539999172,0.0,0.0,0.0003488750007818453,0.0016399160085711628,0.5169674619974103,0.5464937500000815,0.5051120000007359,0.16379370899994683,17857063,336347136,2.594921602652244,5.175421455369301,53ed41723d7f5b81c9f5c5b31c6adb95655f9f840bb8a52563cd9f5122978d44,1de6ada4149a342830d7133d5c6c52202ea8aab72bdf9a71ed023550f5f9ab4a,8202b957bf78dc860dec497af3e45039738fda61845f9264d9e6b447de144f48
P3_design11_seed1,11,100000,50,64,5,100,1,runnerup,4.809741499999291,4.99503358399852,4.76888104200043,4.938158168000882,0.9915046457280778,0.9886136068874818,99900,99900,499500,0,0,0.0,0,38361600,0.0,0,599400,True,0,1,4,True,0,4.525213209000867,0.01753570799883164,53291488,0.00011486599760246463,0.015516749999733292,0.0022450839987868676,0.0018332920008106157,0.003229916999771376,0.6277912919995288,0.08087983399855148,1.0435298390075332,0.0,0.0,0.0002939569967566058,0.0032175869982893346,0.5146848349977518,0.5439405409997562,0.4860689170000114,0.1656969579998986,17857037,348127232,2.594921602652244,5.175421455369301,ddda392b0f6dda08fc17dbd4fc81a4a8e31b3288fedef73be20f7b927a94ccb1,1de6ada4149a342830d7133d5c6c52202ea8aab72bdf9a71ed023550f5f9ab4a,8202b957bf78dc860dec497af3e45039738fda61845f9264d9e6b447de144f48
P3_design11_seed2,11,100000,50,64,5,100,2,fresh,4.685617500001172,4.85209766600201,4.685617500001172,4.85209766600201,1.0,1.0,0,0,499500,0,0,,0,31968000,0.0,0,499500,False,,0,0,True,0,4.785276999999041,0.015480250000109663,53291215,0.00019895201876352075,0.0,0.002204833001087536,0.0019631249997473788,0.0038634590000583557,0.6138740000005782,0.07871879199956311,0.9560943369888264,0.005010791999666253,0.0,0.0,0.0,0.0,0.0,0.0,0.162312208000003,17849863,315097088,2.7510298121411885,5.481731085915999,3299a5027cb9cf4af4c721829aa7573ae5b69b27a6753d16c30a5c5a357d3a80,e955528de8274b127df28f7e7fb5c9bdbb29dd06006ca76ddb5ce674e2c03a28,8202b957bf78dc860dec497af3e45039738fda61845f9264d9e6b447de144f48
P3_design11_seed2,11,100000,50,64,5,100,2,none,4.270695625000371,4.452295873999901,4.685617500001172,4.85209766600201,1.0971555716993444,1.0897967707709708,0,0,499500,0,0,,0,31968000,0.0,0,499500,False,,0,0,True,0,4.785276999999041,0.015480250000109663,53291215,0.00019895201876352075,0.015810582999620237,0.0022789579998061527,0.0019097080003120936,0.0029242500004329486,0.6163619580001978,0.07853391599928727,0.9594904979985586,0.0,0.0,0.0002609170005598571,0.0,0.0,0.0,0.0,0.16160099999979138,17850827,340983808,2.7510298121411885,5.481731085915999,03abd68200e09844f2c8ea881fb5fa6a8c27d0ded90f3c50bfccfaff2b775316,e955528de8274b127df28f7e7fb5c9bdbb29dd06006ca76ddb5ce674e2c03a28,8202b957bf78dc860dec497af3e45039738fda61845f9264d9e6b447de144f48
P3_design11_seed2,11,100000,50,64,5,100,2,basic,4.844531624999945,5.0284492499995395,4.685617500001172,4.85209766600201,0.9671972158920987,0.9649292306176609,99900,99900,499500,0,0,0.0,0,38361600,0.0,0,599400,True,0,1,4,True,0,4.785276999999041,0.015480250000109663,53291215,0.00019895201876352075,0.016588874999797554,0.0024577080002927687,0.0020413339989318047,0.002929292000771966,0.6173394170000392,0.07913154199923156,1.0433055919820617,0.0,0.0,0.0003474590030236868,0.001459627002986963,0.5064880019963311,0.5342999590011459,0.4974304999996093,0.16282970800057228,17851898,344506368,2.7510298121411885,5.481731085915999,c230b221f744312bd517dbb4e7791f12c66af73978648223b281041e0608ea2e,e955528de8274b127df28f7e7fb5c9bdbb29dd06006ca76ddb5ce674e2c03a28,8202b957bf78dc860dec497af3e45039738fda61845f9264d9e6b447de144f48
P3_design11_seed2,11,100000,50,64,5,100,2,runnerup,4.8485392080001475,5.029967084001328,4.685617500001172,4.85209766600201,0.9663977744616042,0.9646380552737488,99900,99900,499500,0,0,0.0,0,38361600,0.0,0,599400,True,0,1,4,True,0,4.785276999999041,0.015480250000109663,53291215,0.00019895201876352075,0.015349708999565337,0.00211699999999837,0.0018757080015348038,0.0028471659989008913,0.6181377499997325,0.07892220900066604,1.0378342120147863,0.0,0.0,0.00035408300027484074,0.003396913994947681,0.5103224570066232,0.5408016660003341,0.4997550419993786,0.16208545900008176,17851886,344522752,2.7510298121411885,5.481731085915999,b47f140923a64f1f208bccd95b8913b21df0592bf5f22f6b6084a1c21ff99119,e955528de8274b127df28f7e7fb5c9bdbb29dd06006ca76ddb5ce674e2c03a28,8202b957bf78dc860dec497af3e45039738fda61845f9264d9e6b447de144f48
P3_design11_seed3,11,100000,50,64,5,100,3,fresh,4.810622082999544,4.985505373999331,4.810622082999544,4.985505373999331,1.0,1.0,0,0,499500,0,0,,0,31968000,0.0,0,499500,False,,0,0,True,0,4.7471386669985804,0.016482290999192628,53291147,0.00018224100313091185,0.0,0.0022813329997006804,0.0017742910004017176,0.0037589170005958294,0.6392321249986708,0.0783571669999219,0.9977828709743335,0.004323167000620742,0.0,0.0,0.0,0.0,0.0,0.0,0.17082766699968488,17857154,315080704,2.583049196520264,5.164115610782948,6a6e6cdff159f7bd32679b0d22763436cc3a13280a537017dc39dc1a7ce76b30,dd4a6734398b24a8cc6ed1ee7ae967ec603991c773c39f216b4e197c39231e5f,8202b957bf78dc860dec497af3e45039738fda61845f9264d9e6b447de144f48
P3_design11_seed3,11,100000,50,64,5,100,3,none,4.309742167000877,4.489195042999199,4.810622082999544,4.985505373999331,1.116220390127706,1.1105566423927418,0,0,499500,0,0,,0,31968000,0.0,0,499500,False,,0,0,True,0,4.7471386669985804,0.016482290999192628,53291147,0.00018224100313091185,0.0166870419998304,0.0026474999995116377,0.0020029589995829156,0.0030628329986939207,0.6192538750001404,0.07841799999914656,0.9969080929804477,0.0,0.0,0.000324251002894016,0.0,0.0,0.0,0.0,0.15811537499939732,17858128,340312064,2.583049196520264,5.164115610782948,d1a67cdcf8b98a62ac880ebb12da36f2999958e76a4a90624566c544de50c4d1,dd4a6734398b24a8cc6ed1ee7ae967ec603991c773c39f216b4e197c39231e5f,8202b957bf78dc860dec497af3e45039738fda61845f9264d9e6b447de144f48
P3_design11_seed3,11,100000,50,64,5,100,3,basic,4.8017376249990775,4.988980833999449,4.810622082999544,4.985505373999331,1.001850258946722,0.9993033727497141,99900,99900,499500,0,0,0.0,0,38361600,0.0,0,599400,True,0,1,4,True,0,4.7471386669985804,0.016482290999192628,53291147,0.00018224100313091185,0.015487500000745058,0.0022638330010522623,0.0017747089987096842,0.0033695410002110293,0.6206922500005021,0.08145712500117952,1.0584602140079369,0.0,0.0,0.00030970699845056515,0.001513876004537451,0.5127690009940125,0.5404477909996785,0.4977039170007629,0.16771716699986428,17859196,351993856,2.583049196520264,5.164115610782948,add8fbb57edfb453edacb2e03967538620409742b37c38d6fd8734b754b1a694,dd4a6734398b24a8cc6ed1ee7ae967ec603991c773c39f216b4e197c39231e5f,8202b957bf78dc860dec497af3e45039738fda61845f9264d9e6b447de144f48
P3_design11_seed3,11,100000,50,64,5,100,3,runnerup,4.819563916998959,5.00839383499806,4.810622082999544,4.985505373999331,0.9981446798603756,0.9954299797993547,99900,99900,499500,0,0,0.0,0,38361600,0.0,0,599400,True,0,1,4,True,0,4.7471386669985804,0.016482290999192628,53291147,0.00018224100313091185,0.016123417000926565,0.002409000000625383,0.0018375839990767417,0.0034746250003081514,0.6330066669997905,0.08264804200007347,1.064310915000533,0.0,0.0,0.00032237400228041224,0.003352999001435819,0.5205436229935003,0.5498276250000345,0.49982866699974693,0.16845991699847218,17859183,371556352,2.583049196520264,5.164115610782948,bd24bf9f91afaa75261341cb6a95f26e914f4fed42971a75bcb4e3b159cc1198,dd4a6734398b24a8cc6ed1ee7ae967ec603991c773c39f216b4e197c39231e5f,8202b957bf78dc860dec497af3e45039738fda61845f9264d9e6b447de144f48
P3_design11_seed4,11,100000,50,64,5,100,4,fresh,4.762080750000678,4.92979537499923,4.762080750000678,4.92979537499923,1.0,1.0,0,0,499500,0,0,,0,31968000,0.0,0,499500,False,,0,0,True,0,4.854269833000217,0.016161790999831283,53292547,0.00024350802596018184,0.0,0.002385791998676723,0.0017728749990055803,0.0038663329996779794,0.6144794169995293,0.07914754199919116,0.9762409930044669,0.0042976250006177,0.0,0.0,0.0,0.0,0.0,0.0,0.1635559580008703,17854751,315375616,2.6844445714064995,5.363732400422112,3b0e788a2fed7fbac25eaec417082a9c74da55f0444322ba5dc6484426896b05,0a0f3eb29e76ff62e1f6139c8d230f1a96579ab95cf9dae15fd1352a30d2a1cf,8202b957bf78dc860dec497af3e45039738fda61845f9264d9e6b447de144f48
P3_design11_seed4,11,100000,50,64,5,100,4,none,4.270522749999145,4.451344498997059,4.762080750000678,4.92979537499923,1.1151048779687758,1.107484575976982,0,0,499500,0,0,,0,31968000,0.0,0,499500,False,,0,0,True,0,4.854269833000217,0.016161790999831283,53292547,0.00024350802596018184,0.01564683300057368,0.0023426249990734505,0.0018184999989898643,0.002761708001344232,0.6164512499999546,0.0796406660010689,0.9694954139995389,0.0,0.0,0.0003341249994264217,0.0,0.0,0.0,0.0,0.16101379099927726,17855705,339083264,2.6844445714064995,5.363732400422112,a6a04b38f7c7b05ab6477b74349008d9e1f161305d7872460e23fe50900e730a,0a0f3eb29e76ff62e1f6139c8d230f1a96579ab95cf9dae15fd1352a30d2a1cf,8202b957bf78dc860dec497af3e45039738fda61845f9264d9e6b447de144f48
P3_design11_seed4,11,100000,50,64,5,100,4,basic,4.879122999998799,5.059908542996709,4.762080750000678,4.92979537499923,0.9760116213511834,0.9742854704009295,99900,99900,499500,0,0,0.0,0,38361600,0.0,0,599400,True,0,1,4,True,0,4.854269833000217,0.016161790999831283,53292547,0.00024350802596018184,0.0159334170002694,0.002195541999753914,0.0017969169985008193,0.0029768330005026655,0.6145611249994545,0.07928920800077321,1.0664054650205799,0.0,0.0,0.00037624900141963735,0.0015002130076027242,0.5071467960078735,0.5357459999995626,0.49613466699884157,0.1608596669993858,17856752,342425600,2.6844445714064995,5.363732400422112,70af29599f4e3989fee2580c07aebbbc7011e747506528ad7ef15822607b11f5,0a0f3eb29e76ff62e1f6139c8d230f1a96579ab95cf9dae15fd1352a30d2a1cf,8202b957bf78dc860dec497af3e45039738fda61845f9264d9e6b447de144f48
P3_design11_seed4,11,100000,50,64,5,100,4,runnerup,4.861801999999443,5.04591583399997,4.762080750000678,4.92979537499923,0.979488829450731,0.976987238229717,99900,99900,499500,0,0,0.0,0,38361600,0.0,0,599400,True,0,1,4,True,0,4.854269833000217,0.016161790999831283,53292547,0.00024350802596018184,0.015688542000134476,0.002321542000572663,0.001741500000207452,0.0028624159986065933,0.6246567910002341,0.08091166699887253,1.060052705990529,0.0,0.0,0.0003421239998715464,0.0032892899980652146,0.5133461249970424,0.544433167000534,0.5005345000008674,0.1643622499996127,17856741,342425600,2.6844445714064995,5.363732400422112,7a87b8da680f3bdd84fba92f8cd6ab4b6ca90713ddc068473546e914a2decc86,0a0f3eb29e76ff62e1f6139c8d230f1a96579ab95cf9dae15fd1352a30d2a1cf,8202b957bf78dc860dec497af3e45039738fda61845f9264d9e6b447de144f48
P3_design12_seed0,12,100000,50,4,10,100,0,fresh,1.7110328340004344,1.729400166999767,1.7110328340004344,1.729400166999767,1.0,1.0,0,0,999000,0,0,,0,3996000,0.0,0,999000,False,,0,0,True,0,1.728723166999771,0.02262820800024201,74721081,0.00025483100216661114,0.0,0.0021747920000052545,0.0017753749998519197,0.0039621670002816245,0.27474154199990153,0.006314250000286847,0.24109958598819503,0.004411459000039031,0.0,0.0,0.0,0.0,0.0,0.0,0.014417165999475401,1247144,181895168,13.589144007502929,27.1718180101125,161450d3ce0ea5925a3127c9cdfc9adbf13866db0e3ea25afc67dbf4b111b03c,002b707f08a000ac8d025139199606f536ecbbae907decf6eacb8b0ed670221b,8202b957bf78dc860dec497af3e45039738fda61845f9264d9e6b447de144f48
P3_design12_seed0,12,100000,50,4,10,100,0,none,1.6497980000003736,1.6908822070017777,1.7110328340004344,1.729400166999767,1.0371165645733884,1.0227798008864781,0,0,999000,0,0,,0,3996000,0.0,0,999000,False,,0,0,True,0,1.728723166999771,0.02262820800024201,74721081,0.00025483100216661114,0.022688041000947123,0.0023905830003059236,0.0019264580005255993,0.004205375000310596,0.2793750420005381,0.006404791000022669,0.2446028749945981,0.0,0.0,0.00039912599640956614,0.0,0.0,0.0,0.0,0.014079124999625492,1249014,287473664,13.589144007502929,27.1718180101125,3f10eb6bf33b2c0d375825fa4daa0e6dc30da74dd1ab02c4a531c943bf548d5b,002b707f08a000ac8d025139199606f536ecbbae907decf6eacb8b0ed670221b,8202b957bf78dc860dec497af3e45039738fda61845f9264d9e6b447de144f48
P3_design12_seed0,12,100000,50,4,10,100,0,basic,1.8093036659993231,1.850977456997498,1.7110328340004344,1.729400166999767,0.9456858271800321,0.9343172497654598,99900,99900,999000,0,0,0.0,0,4395600,0.0,0,1098900,True,0,1,9,True,0,1.728723166999771,0.02262820800024201,74721081,0.00025483100216661114,0.022356999999828986,0.002328624999790918,0.0019002499993803212,0.002970958001242252,0.2739411669990659,0.005977916000119876,0.2620789260163292,0.0,0.0,0.00036162399919703603,0.0013136639990989352,0.15365224999732163,0.15993312499995227,0.13673279100112268,0.015087915999174584,1250120,264585216,13.589144007502929,27.1718180101125,183269ceb8a738bda1a0a87a75156b12a5d05608807405b0b55b1d237c6558ac,002b707f08a000ac8d025139199606f536ecbbae907decf6eacb8b0ed670221b,8202b957bf78dc860dec497af3e45039738fda61845f9264d9e6b447de144f48
P3_design12_seed0,12,100000,50,4,10,100,0,runnerup,1.8100592080008937,1.853013332998671,1.7110328340004344,1.729400166999767,0.9452910857486102,0.9332907304024278,99900,99900,999000,0,0,0.0,0,4395600,0.0,0,1098900,True,0,1,9,True,0,1.728723166999771,0.02262820800024201,74721081,0.00025483100216661114,0.02287962499940477,0.002719457999774022,0.0018376249990978977,0.002929000000222004,0.2717705830000341,0.00641666699993948,0.2618799609990674,0.0,0.0,0.00044066800001019146,0.003117039999779081,0.15674499999295222,0.16530737500033865,0.1386058749994845,0.01551741699950071,1250100,264093696,13.589144007502929,27.1718180101125,046b6793c5e65b5d090c2eb325e54252f33445998e93d71e7c11876076ecd3b2,002b707f08a000ac8d025139199606f536ecbbae907decf6eacb8b0ed670221b,8202b957bf78dc860dec497af3e45039738fda61845f9264d9e6b447de144f48
P3_design12_seed1,12,100000,50,4,10,100,1,fresh,1.7088072919996193,1.7271877089970076,1.7088072919996193,1.7271877089970076,1.0,1.0,0,0,999000,0,0,,0,3996000,0.0,0,999000,False,,0,0,True,0,1.7394702920009877,0.02170395900066069,74721068,0.0003435150247241836,0.0,0.002212874998804182,0.001970457999050268,0.003808792000199901,0.2786461249997956,0.0064354589994763955,0.24869963100536552,0.004280832999938866,0.0,0.0,0.0,0.0,0.0,0.0,0.014197083999533788,1250023,181813248,9.965696886477073,19.869335962338834,0e66ebdc9c59bf7272cd41ecc44bfe1129dcf3b118165da01742e6deee966d85,de6ee40718ab4d801bac89f95b3a1da06d5d3e4ea94104cd34bb724ebf8071db,8202b957bf78dc860dec497af3e45039738fda61845f9264d9e6b447de144f48
P3_design12_seed1,12,100000,50,4,10,100,1,none,1.659076374999131,1.7010949999985314,1.7088072919996193,1.7271877089970076,1.0299750618777357,1.0153387723780851,0,0,999000,0,0,,0,3996000,0.0,0,999000,False,,0,0,True,0,1.7394702920009877,0.02170395900066069,74721068,0.0003435150247241836,0.02379083300002094,0.00255579199983913,0.0018152499997086124,0.0031303750001825392,0.2743535420013359,0.006418791999749374,0.2547841289870121,0.0,0.0,0.00039754100362188183,0.0,0.0,0.0,0.0,0.013856749999831663,1251891,264847360,9.965696886477073,19.869335962338834,7e33f5c3863db4c976e16fcedbf651a2dbfb614761a5655b6f0814c4a5443f96,de6ee40718ab4d801bac89f95b3a1da06d5d3e4ea94104cd34bb724ebf8071db,8202b957bf78dc860dec497af3e45039738fda61845f9264d9e6b447de144f48
P3_design12_seed1,12,100000,50,4,10,100,1,basic,1.823163207998732,1.866163165997932,1.7088072919996193,1.7271877089970076,0.9372760949226042,0.9255287750111565,99900,99900,999000,0,0,0.0,0,4395600,0.0,0,1098900,True,0,1,9,True,0,1.7394702920009877,0.02170395900066069,74721068,0.0003435150247241836,0.023260457999640494,0.002306791999217239,0.0019438330000411952,0.0033495839998067822,0.2775979580001149,0.007100499999069143,0.27271612700496917,0.0,0.0,0.0004947909965267172,0.0012936259990965482,0.15285283199773403,0.15926704199955566,0.1392232079997484,0.01548887500030105,1252983,263651328,9.965696886477073,19.869335962338834,1a7534992a94fb4070780526c2178e9a218d99df0ae4929b79910e04ce221807,de6ee40718ab4d801bac89f95b3a1da06d5d3e4ea94104cd34bb724ebf8071db,8202b957bf78dc860dec497af3e45039738fda61845f9264d9e6b447de144f48
P3_design12_seed1,12,100000,50,4,10,100,1,runnerup,1.7821694579997711,1.8254122899998038,1.7088072919996193,1.7271877089970076,0.9588354711888676,0.9461904680159644,99900,99900,999000,0,0,0.0,0,4395600,0.0,0,1098900,True,0,1,9,True,0,1.7394702920009877,0.02170395900066069,74721068,0.0003435150247241836,0.024389207999774953,0.002643833000547602,0.00199754099958227,0.002913416999945184,0.27258233400061727,0.0063065829999686684,0.268076488022416,0.0,0.0,0.0003387520009709988,0.0030911270059732487,0.1557722950074094,0.16414512499977718,0.13607979200060072,0.014212250000127824,1252998,266272768,9.965696886477073,19.869335962338834,71c510efe41a0d882490965add588a680afb93b409c4a5781b236e632cb5cef4,de6ee40718ab4d801bac89f95b3a1da06d5d3e4ea94104cd34bb724ebf8071db,8202b957bf78dc860dec497af3e45039738fda61845f9264d9e6b447de144f48
P3_design12_seed2,12,100000,50,4,10,100,2,fresh,1.7075422079997225,1.7260455830000865,1.7075422079997225,1.7260455830000865,1.0,1.0,0,0,999000,0,0,,0,3996000,0.0,0,999000,False,,0,0,True,0,1.7171911249988625,0.02026812500116648,74721072,0.0002343729902349878,0.0,0.002846749999662279,0.0016854999994393438,0.004017374998511514,0.27129441700162715,0.0063489590011158725,0.24857091703051992,0.004050040999572957,0.0,0.0,0.0,0.0,0.0,0.0,0.013971125001262408,1250055,182763520,9.972826153719454,19.912531514752843,8767f203d85c1fa95ca4cb724e1c0e299768e7b72745a06e4e6f87150d3c7d6f,89eea747ef230675c957b9b57063911aec4e559927331fcc02efa3df181352a7,8202b957bf78dc860dec497af3e45039738fda61845f9264d9e6b447de144f48
P3_design12_seed2,12,100000,50,4,10,100,2,none,1.5916509169983328,1.633566874997996,1.7075422079997225,1.7260455830000865,1.0728120027851,1.0566115225629829,0,0,999000,0,0,,0,3996000,0.0,0,999000,False,,0,0,True,0,1.7171911249988625,0.02026812500116648,74721072,0.0002343729902349878,0.023167999999714084,0.002573332998508704,0.0019942500002798624,0.0027087910002592253,0.2697237500015035,0.006312792000244372,0.24345747199004109,0.0,0.0,0.0003143740013911156,0.0,0.0,0.0,0.0,0.014180375001160428,1251969,258424832,9.972826153719454,19.912531514752843,0eb4323d8daed5e2756ded81efe10bd9d2f342eabede6f4e0c854c0c967dbda0,89eea747ef230675c957b9b57063911aec4e559927331fcc02efa3df181352a7,8202b957bf78dc860dec497af3e45039738fda61845f9264d9e6b447de144f48
P3_design12_seed2,12,100000,50,4,10,100,2,basic,1.7865915830006998,1.8276040000018838,1.7075422079997225,1.7260455830000865,0.9557540874181167,0.9444308411440921,99900,99900,999000,0,0,0.0,0,4395600,0.0,0,1098900,True,0,1,9,True,0,1.7171911249988625,0.02026812500116648,74721072,0.0002343729902349878,0.02283825000085926,0.002177874999688356,0.0019347920006111963,0.002764541999567882,0.2734534999999596,0.006487500000730506,0.2706004970241338,0.0,0.0,0.00037937500201223884,0.0012575830041896552,0.15088833299705584,0.15700920800009044,0.13712833399949886,0.014061500000025262,1253051,263061504,9.972826153719454,19.912531514752843,d18e8cad1809cec4d7d8406b2a309baf48df73eb1541d2267dbc0e3e298c6dba,89eea747ef230675c957b9b57063911aec4e559927331fcc02efa3df181352a7,8202b957bf78dc860dec497af3e45039738fda61845f9264d9e6b447de144f48
P3_design12_seed2,12,100000,50,4,10,100,2,runnerup,1.7635570830007055,1.80395883300298,1.7075422079997225,1.7260455830000865,0.9682375605865429,0.9568098514348055,99900,99900,999000,0,0,0.0,0,4395600,0.0,0,1098900,True,0,1,9,True,0,1.7171911249988625,0.02026812500116648,74721072,0.0002343729902349878,0.022174249999807216,0.0020968750013707904,0.001967207999769016,0.002967958000226645,0.27467437500126834,0.006279209001149866,0.26517344501007756,0.0,0.0,0.00033779100340325385,0.0029387919985310873,0.15219925199744466,0.15995912500147824,0.140353500000856,0.014163417001327616,1253030,263569408,9.972826153719454,19.912531514752843,5199d45371e4b5b0a5d08dfc08dc3f6c557cf31bf174fbde32b95b13f6ac14f4,89eea747ef230675c957b9b57063911aec4e559927331fcc02efa3df181352a7,8202b957bf78dc860dec497af3e45039738fda61845f9264d9e6b447de144f48
P3_design12_seed3,12,100000,50,4,10,100,3,fresh,1.7020872499997495,1.7204678739999508,1.7020872499997495,1.7204678739999508,1.0,1.0,0,0,999000,0,0,,0,3996000,0.0,0,999000,False,,0,0,True,0,1.6922905419996823,0.02460004099884827,74721066,0.00026099397109646816,0.0,0.0023304160004045116,0.0018930000005639158,0.0043374590004532365,0.27141770900016127,0.006335707999824081,0.2480873849708587,0.004181041998890578,0.0,0.0,0.0,0.0,0.0,0.0,0.014157207999232924,1249754,183402496,10.724059912534235,21.420702148232788,5beb4ff93f282b6a28f21da853f91b898e59790536acd2ed59fb4acb12838a74,b5aadc1d24209213d20c0ab39116de2f973d7b9b3b930c61854e1ca86ab07bde,8202b957bf78dc860dec497af3e45039738fda61845f9264d9e6b447de144f48
P3_design12_seed3,12,100000,50,4,10,100,3,none,1.654275625000082,1.6957595420008147,1.7020872499997495,1.7204678739999508,1.0289018494119835,1.0145706578009186,0,0,999000,0,0,,0,3996000,0.0,0,999000,False,,0,0,True,0,1.6922905419996823,0.02460004099884827,74721066,0.00026099397109646816,0.022070458999223774,0.002260625000417349,0.0018203750005341135,0.0029779169999528676,0.27682624999943073,0.006364540999129531,0.2509746849882504,0.0,0.0,0.0003428750023886096,0.0,0.0,0.0,0.0,0.01533245800055738,1251596,258113536,10.724059912534235,21.420702148232788,1ff19c606596faca5301191a485b8b90fcd5b3ea6c8f21b1ef6165f2e2e46781,b5aadc1d24209213d20c0ab39116de2f973d7b9b3b930c61854e1ca86ab07bde,8202b957bf78dc860dec497af3e45039738fda61845f9264d9e6b447de144f48
P3_design12_seed3,12,100000,50,4,10,100,3,basic,1.8096060419993591,1.8527889590004634,1.7020872499997495,1.7204678739999508,0.9405844203079602,0.9285827539301094,99900,99900,999000,0,0,0.0,0,4395600,0.0,0,1098900,True,0,1,9,True,0,1.6922905419996823,0.02460004099884827,74721066,0.00026099397109646816,0.023956959001225187,0.002605749999929685,0.0020417079995240783,0.00277733300026739,0.27948870900036127,0.006321708000541548,0.26954075897447183,0.0,0.0,0.00032762399860075675,0.001289332003580057,0.15367308800341561,0.15973291699992842,0.1344395420001092,0.014578500000425265,1252715,262832128,10.724059912534235,21.420702148232788,95dc5ff54e16198c3d3894ed1c9e1a6c8524b3b2c49481128aa7f919c5b90967,b5aadc1d24209213d20c0ab39116de2f973d7b9b3b930c61854e1ca86ab07bde,8202b957bf78dc860dec497af3e45039738fda61845f9264d9e6b447de144f48
P3_design12_seed3,12,100000,50,4,10,100,3,runnerup,1.8059983750008541,1.8468511250011943,1.7020872499997495,1.7204678739999508,0.9424633341649294,0.9315682518799875,99900,99900,999000,0,0,0.0,0,4395600,0.0,0,1098900,True,0,1,9,True,0,1.6922905419996823,0.02460004099884827,74721066,0.00026099397109646816,0.022124499999335967,0.0022846670017315773,0.0018684169990592636,0.0038806669999758014,0.27965129199947114,0.006541500000821543,0.26835712900356157,0.0,0.0,0.00038304100053210277,0.0031510810022155056,0.15362929099501343,0.16175354100050754,0.1384652910001023,0.014575166000213358,1252719,276709376,10.724059912534235,21.420702148232788,5f8e226b27261f0c87bcd014aad27d61b84f61a2c5858f0758f3030d6c84c7b1,b5aadc1d24209213d20c0ab39116de2f973d7b9b3b930c61854e1ca86ab07bde,8202b957bf78dc860dec497af3e45039738fda61845f9264d9e6b447de144f48
P3_design12_seed4,12,100000,50,4,10,100,4,fresh,1.7199172909986373,1.7395669989982707,1.7199172909986373,1.7395669989982707,1.0,1.0,0,0,999000,0,0,,0,3996000,0.0,0,999000,False,,0,0,True,0,1.705542667001282,0.02491191700028139,74720111,0.0002277770072396379,0.0,0.002549041999373003,0.001967958000022918,0.004078750000189757,0.27962495800056786,0.006701499998598592,0.2523629150036868,0.004406959000334609,0.0,0.0,0.0,0.0,0.0,0.0,0.015132708000237471,1250123,183402496,9.982991339862116,19.916688974415568,e9a567fc3da864cff9615f28888f5d3fec8daa43fcea75a6095308ce4b5d423c,57f22153643e1e31a7d8bb05120a2cb9604acebff7fe49b61c7c3c36685a6763,8202b957bf78dc860dec497af3e45039738fda61845f9264d9e6b447de144f48
P3_design12_seed4,12,100000,50,4,10,100,4,none,1.670458458000212,1.711698459001127,1.7199172909986373,1.7395669989982707,1.029607939521965,1.016281220474666,0,0,999000,0,0,,0,3996000,0.0,0,999000,False,,0,0,True,0,1.705542667001282,0.02491191700028139,74720111,0.0002277770072396379,0.02274645900070027,0.002411792000202695,0.0019729169998754514,0.002831249999871943,0.28139166700020724,0.0062257079989649355,0.25292212000385916,0.0,0.0,0.000398081996536348,0.0,0.0,0.0,0.0,0.014108833000136656,1252048,260145152,9.982991339862116,19.916688974415568,0b999e907d3a47d2c9997529a467010e160144788b36ce8334d5e352e28dc5a3,57f22153643e1e31a7d8bb05120a2cb9604acebff7fe49b61c7c3c36685a6763,8202b957bf78dc860dec497af3e45039738fda61845f9264d9e6b447de144f48
P3_design12_seed4,12,100000,50,4,10,100,4,basic,1.8220868749995134,1.8639557509995939,1.7199172909986373,1.7395669989982707,0.9439271609917593,0.933266252734478,99900,99900,999000,0,0,0.0,0,4395600,0.0,0,1098900,True,0,1,9,True,0,1.705542667001282,0.02491191700028139,74720111,0.0002277770072396379,0.022577542000362882,0.0022124999995867256,0.001837625000916887,0.0030145840009936364,0.27677216599840904,0.006559584000569885,0.2703413800300041,0.0,0.0,0.00039766699956089724,0.0013235849946795497,0.154184292001446,0.16046895900035452,0.13739345899921318,0.015241208999213995,1253129,262324224,9.982991339862116,19.916688974415568,2affca88989b4593e3931f54c82d261d6ec41071abf98a43f153d6cb60cee14a,57f22153643e1e31a7d8bb05120a2cb9604acebff7fe49b61c7c3c36685a6763,8202b957bf78dc860dec497af3e45039738fda61845f9264d9e6b447de144f48
P3_design12_seed4,12,100000,50,4,10,100,4,runnerup,1.8138755410000158,1.855358206999881,1.7199172909986373,1.7395669989982707,0.9482002773191495,0.9375909150239807,99900,99900,999000,0,0,0.0,0,4395600,0.0,0,1098900,True,0,1,9,True,0,1.705542667001282,0.02491191700028139,74720111,0.0002277770072396379,0.023011082999801147,0.002263290998598677,0.0018438750012137461,0.0026218749990221113,0.2757770839998557,0.0063193330006470205,0.27045746199655696,0.0,0.0,0.00041562500337022357,0.0029497939904103987,0.15261724999800208,0.1606601249986852,0.14040541699978348,0.014364417000251706,1253133,266141696,9.982991339862116,19.916688974415568,e4d0ad06ead992b473a6a036ab2f63ce70f20548fb87217ea6c1b4673187baf3,57f22153643e1e31a7d8bb05120a2cb9604acebff7fe49b61c7c3c36685a6763,8202b957bf78dc860dec497af3e45039738fda61845f9264d9e6b447de144f48
P3_design13_seed0,13,100000,50,4,20,100,0,fresh,3.164017666998916,3.185274416997345,3.164017666998916,3.185274416997345,1.0,1.0,0,0,1998000,0,0,,0,7992000,0.0,0,1998000,False,,0,0,True,0,3.1293984160001855,0.042009250000774045,122849398,0.0005197280042921193,0.0,0.002145957998436643,0.0017474169999331934,0.004022458999315859,0.2828795000004902,0.006330166001134785,0.47228470800655487,0.004291332999855513,0.0,0.0,0.0,0.0,0.0,0.0,0.017363375000059023,1350417,182124544,11.248801402077028,22.457004380652354,0184bdf832c19859208b3b76fbe0ca02a01137abcfb1007fbba86e666d8344a8,7126ebd6d11067baece338a8ef55618096dc5ab1097489738f50d904f7060d28,8202b957bf78dc860dec497af3e45039738fda61845f9264d9e6b447de144f48
P3_design13_seed0,13,100000,50,4,20,100,0,none,3.0410967919997347,3.103966708000371,3.164017666998916,3.185274416997345,1.0404199153813687,1.0261947748303504,0,0,1998000,0,0,,0,7992000,0.0,0,1998000,False,,0,0,True,0,3.1293984160001855,0.042009250000774045,122849398,0.0005197280042921193,0.04115795799953048,0.002371708000282524,0.00190320800174959,0.0028659170002356404,0.2742266250006651,0.006403832998330472,0.46049242001754465,0.0,0.0,0.0006632090080529451,0.0,0.0,0.0,0.0,0.0174370419990737,1354129,337281024,11.248801402077028,22.457004380652354,7724596a76cadca2f0c3546ffafb8f3a2b0c0afc44236239a6383192dc7a0075,7126ebd6d11067baece338a8ef55618096dc5ab1097489738f50d904f7060d28,8202b957bf78dc860dec497af3e45039738fda61845f9264d9e6b447de144f48
P3_design13_seed0,13,100000,50,4,20,100,0,basic,3.25590345800083,3.3172758760010765,3.164017666998916,3.185274416997345,0.9717787114430189,0.9602078741901752,99900,99900,1998000,0,0,0.0,0,8391600,0.0,0,2097900,True,0,1,19,True,0,3.1293984160001855,0.042009250000774045,122849398,0.0005197280042921193,0.040416791998723056,0.002408792001006077,0.0018416250004520407,0.0029698340003960766,0.2754407079992234,0.006844833000286599,0.4859292939709121,0.0,0.0,0.0009654589994170237,0.001309876999584958,0.15116696099539695,0.15766804200029583,0.13538633400094113,0.016705209000065224,1355296,338673664,11.248801402077028,22.457004380652354,7f864794a2689e3192e02b24dc9c27387776a5bd85515bdc543479590a2ca7cb,7126ebd6d11067baece338a8ef55618096dc5ab1097489738f50d904f7060d28,8202b957bf78dc860dec497af3e45039738fda61845f9264d9e6b447de144f48
P3_design13_seed0,13,100000,50,4,20,100,0,runnerup,3.1831823749998875,3.2457258329995966,3.164017666998916,3.185274416997345,0.993979387372999,0.9813750701345022,99900,99900,1998000,0,0,0.0,0,8391600,0.0,0,2097900,True,0,1,19,True,0,3.1293984160001855,0.042009250000774045,122849398,0.0005197280042921193,0.04191137499947217,0.0023708749995421385,0.0019130830005451571,0.003853250000247499,0.2694070830002602,0.006116000000474742,0.4787855839913391,0.0,0.0,0.0006925399975443725,0.0030093780042079743,0.15182125200954033,0.1600170839992643,0.13448170799892978,0.016348125000149594,1355278,365559808,11.248801402077028,22.457004380652354,e570b26cdd5d785e96c827f6a5f1c3c641636eb78683ae20da12f82eeec163a2,7126ebd6d11067baece338a8ef55618096dc5ab1097489738f50d904f7060d28,8202b957bf78dc860dec497af3e45039738fda61845f9264d9e6b447de144f48
P3_design13_seed1,13,100000,50,4,20,100,1,fresh,3.0643057090001093,3.084420250999756,3.0643057090001093,3.084420250999756,1.0,1.0,0,0,1998000,0,0,,0,7992000,0.0,0,1998000,False,,0,0,True,0,3.085766040998351,0.03945608399953926,122849385,0.0004355229411885375,0.0,0.002323041999261477,0.0019023750010092044,0.003928957999960403,0.27762020800037135,0.006281207999563776,0.4571936199681659,0.004349999999249121,0.0,0.0,0.0,0.0,0.0,0.0,0.01588912499937578,1350297,183631872,9.62157737673884,19.18922900615772,6431830d23f5230f22eeb3903e5a19de133a6456b91e660dd7c1571ae9fcc5a4,6c3cc0f22bd18795bc730144f2532554c2939378c435123f751c302fffa801e7,8202b957bf78dc860dec497af3e45039738fda61845f9264d9e6b447de144f48
P3_design13_seed1,13,100000,50,4,20,100,1,none,3.0963584999990417,3.159347415996308,3.0643057090001093,3.084420250999756,0.9896482300098834,0.9762839741469446,0,0,1998000,0,0,,0,7992000,0.0,0,1998000,False,,0,0,True,0,3.085766040998351,0.03945608399953926,122849385,0.0004355229411885375,0.04203054099889414,0.0025218329992640065,0.0018547499985288596,0.0038671669990435475,0.2713273749996006,0.006409374998838757,0.47203254199848743,0.0,0.0,0.0009480449953116477,0.0,0.0,0.0,0.0,0.0165817920005793,1354007,354009088,9.62157737673884,19.18922900615772,8d1eca54aa37ddf2c8a611efb8a8f68b15122646fc0dddb49abaa364bacfeff3,6c3cc0f22bd18795bc730144f2532554c2939378c435123f751c302fffa801e7,8202b957bf78dc860dec497af3e45039738fda61845f9264d9e6b447de144f48
P3_design13_seed1,13,100000,50,4,20,100,1,basic,3.243034292001539,3.3061548750047223,3.0643057090001093,3.084420250999756,0.9448884695908899,0.9329327776864507,99900,99900,1998000,0,0,0.0,0,8391600,0.0,0,2097900,True,0,1,19,True,0,3.085766040998351,0.03945608399953926,122849385,0.0004355229411885375,0.04257025000151771,0.0026925420006591594,0.0020130000011704396,0.002960915999210556,0.27127829200071574,0.00632824999956938,0.48773891798919067,0.0,0.0,0.0007155400035117054,0.0014538769974024035,0.15414645400051086,0.1608351249997213,0.13857812500100408,0.015844790999835823,1355154,338804736,9.62157737673884,19.18922900615772,296908ad0fef792f8c40e25a9cfc939a769a0419191d438d71d2fc70f8c110e2,6c3cc0f22bd18795bc730144f2532554c2939378c435123f751c302fffa801e7,8202b957bf78dc860dec497af3e45039738fda61845f9264d9e6b447de144f48
P3_design13_seed1,13,100000,50,4,20,100,1,runnerup,3.218728915999236,3.2788787499994214,3.0643057090001093,3.084420250999756,0.9520235437561889,0.9406935986883627,99900,99900,1998000,0,0,0.0,0,8391600,0.0,0,2097900,True,0,1,19,True,0,3.085766040998351,0.03945608399953926,122849385,0.0004355229411885375,0.0399693750005099,0.002198959000452305,0.0020192499996483093,0.0029326670010050293,0.27082145900021715,0.006285333000050741,0.4827587029685674,0.0,0.0,0.0007984159965417348,0.003103372002442484,0.1557358260070032,0.16417029200056277,0.13912366700060375,0.01596224999957485,1355153,345292800,9.62157737673884,19.18922900615772,ce90a7902b3055ac4563f233d72ed7f5fb0807fd8400914fa0d3cc0b77321f97,6c3cc0f22bd18795bc730144f2532554c2939378c435123f751c302fffa801e7,8202b957bf78dc860dec497af3e45039738fda61845f9264d9e6b447de144f48
P3_design13_seed2,13,100000,50,4,20,100,2,fresh,3.167680709000706,3.188599458999306,3.167680709000706,3.188599458999306,1.0,1.0,0,0,1998000,0,0,,0,7992000,0.0,0,1998000,False,,0,0,True,0,3.113474916999621,0.04160049999882176,122849389,0.0004796910143340938,0.0,0.002394832999925711,0.0018060839993268019,0.004154542000833317,0.2768109579992597,0.006468417001087801,0.4705089820163266,0.004352916999778245,0.0,0.0,0.0,0.0,0.0,0.0,0.016717832999347593,1350728,184107008,10.189372910600145,20.35923984708549,f621af094efc28f2e027f50d6074c1ae51233659dcb008f8d4a12bdb43d4423d,1e582ae67332afafeeec25452a7da75c748f722bcac24c48be01eaa505b2cadd,8202b957bf78dc860dec497af3e45039738fda61845f9264d9e6b447de144f48
P3_design13_seed2,13,100000,50,4,20,100,2,none,3.1011936659997446,3.1638871660015866,3.167680709000706,3.188599458999306,1.021439177994557,1.007810737773228,0,0,1998000,0,0,,0,7992000,0.0,0,1998000,False,,0,0,True,0,3.113474916999621,0.04160049999882176,122849389,0.0004796910143340938,0.04199095799958741,0.0024138750013662502,0.002313208000487066,0.0028832909993070643,0.2691687919996184,0.006295416998909786,0.46976558595451934,0.0,0.0,0.0007773329980409471,0.0,0.0,0.0,0.0,0.015975459000401315,1354406,335724544,10.189372910600145,20.35923984708549,605a8486db8b73a78d4e3026afa869dc87d801590648f6c4cfb782c8f727284c,1e582ae67332afafeeec25452a7da75c748f722bcac24c48be01eaa505b2cadd,8202b957bf78dc860dec497af3e45039738fda61845f9264d9e6b447de144f48
P3_design13_seed2,13,100000,50,4,20,100,2,basic,3.2229570420004165,3.284962293000717,3.167680709000706,3.188599458999306,0.9828491871658948,0.9706654672393861,99900,99900,1998000,0,0,0.0,0,8391600,0.0,0,2097900,True,0,1,19,True,0,3.113474916999621,0.04160049999882176,122849389,0.0004796910143340938,0.04110729199965135,0.002486041999873123,0.001941375001479173,0.002845625000190921,0.2728666670009261,0.0062665420009579975,0.48505286703766615,0.0,0.0,0.0006682090061076451,0.0012926269937452162,0.1530248780072725,0.15928437499860593,0.13490379200084135,0.016470541999296984,1355623,339050496,10.189372910600145,20.35923984708549,21537da04af32398f0a55989f35c568f971a5c030dd2b936b923eb039c637bb5,1e582ae67332afafeeec25452a7da75c748f722bcac24c48be01eaa505b2cadd,8202b957bf78dc860dec497af3e45039738fda61845f9264d9e6b447de144f48
P3_design13_seed2,13,100000,50,4,20,100,2,runnerup,3.158709416999045,3.219415625999318,3.167680709000706,3.188599458999306,1.002840176419325,0.9904280246541804,99900,99900,1998000,0,0,0.0,0,8391600,0.0,0,2097900,True,0,1,19,True,0,3.113474916999621,0.04160049999882176,122849389,0.0004796910143340938,0.04061641699991014,0.0022217089990590466,0.0017971249999391148,0.003073042000323767,0.27168200000051,0.006168457999592647,0.47571188400797837,0.0,0.0,0.0006371259951265529,0.002994876007505809,0.14877141699616914,0.1566827499991632,0.13341262499852746,0.016070958001364488,1355644,340312064,10.189372910600145,20.35923984708549,cc76ff6f553e4135c0abc79825a4b013f2e31c06cb5c975ea2dfd3176c35c7f7,1e582ae67332afafeeec25452a7da75c748f722bcac24c48be01eaa505b2cadd,8202b957bf78dc860dec497af3e45039738fda61845f9264d9e6b447de144f48
P3_design13_seed3,13,100000,50,4,20,100,3,fresh,3.1259551670009387,3.1460782080011995,3.1259551670009387,3.1460782080011995,1.0,1.0,0,0,1998000,0,0,,0,7992000,0.0,0,1998000,False,,0,0,True,0,3.3656472500006203,0.047827000000324915,122849363,0.0005425379877124215,0.0,0.002227041000878671,0.0018939999990834622,0.003814542000327492,0.27389183299965225,0.006425833998946473,0.46584999501283164,0.004460416001165868,0.0,0.0,0.0,0.0,0.0,0.0,0.01600200000029872,1350075,183697408,10.764626021795141,21.50818810743257,b6d32576190c4456a51ef4dcd9f6d5d2c7c74693ad708a02bb5f76f10f49efc8,ea3266f29d4820b68fb74859a5b97399a611549af9b84c4cfba6197684c21265,8202b957bf78dc860dec497af3e45039738fda61845f9264d9e6b447de144f48
P3_design13_seed3,13,100000,50,4,20,100,3,none,3.023538459001429,3.084212291996664,3.1259551670009387,3.1460782080011995,1.0338731289144356,1.0200589032619685,0,0,1998000,0,0,,0,7992000,0.0,0,1998000,False,,0,0,True,0,3.3656472500006203,0.047827000000324915,122849363,0.0005425379877124215,0.04036308299873781,0.0022923749984329334,0.0018939999990834622,0.0027606250005192123,0.2712202080001589,0.006378832998962025,0.46323434399346297,0.0,0.0,0.0006777949984098086,0.0,0.0,0.0,0.0,0.016124374998980784,1353790,335233024,10.764626021795141,21.50818810743257,ae875a8d18bb2e6ef6f40096cdb2309878b14a9336dd0ea3a1d74602de336d3e,ea3266f29d4820b68fb74859a5b97399a611549af9b84c4cfba6197684c21265,8202b957bf78dc860dec497af3e45039738fda61845f9264d9e6b447de144f48
P3_design13_seed3,13,100000,50,4,20,100,3,basic,3.293293624999933,3.354106082000726,3.1259551670009387,3.1460782080011995,0.9491881146798753,0.937978147108741,99900,99900,1998000,0,0,0.0,0,8391600,0.0,0,2097900,True,0,1,19,True,0,3.3656472500006203,0.047827000000324915,122849363,0.0005425379877124215,0.04002700000091863,0.0022709160002705175,0.001853833000495797,0.002845625000190921,0.28094837499884306,0.0066764999992301455,0.49247377699975914,0.0,0.0,0.0009483330013608793,0.0012307049928494962,0.14973271000781097,0.15569383300135087,0.13504691699927207,0.016660707999108126,1354964,339099648,10.764626021795141,21.50818810743257,66215e4267c7af2aa34b0322d160639a71c4f36b2a88e4d7af4f268967a2ef3b,ea3266f29d4820b68fb74859a5b97399a611549af9b84c4cfba6197684c21265,8202b957bf78dc860dec497af3e45039738fda61845f9264d9e6b447de144f48
P3_design13_seed3,13,100000,50,4,20,100,3,runnerup,3.2593393749993993,3.319227124999088,3.1259551670009387,3.1460782080011995,0.9590763057625795,0.9478345679649939,99900,99900,1998000,0,0,0.0,0,8391600,0.0,0,2097900,True,0,1,19,True,0,3.3656472500006203,0.047827000000324915,122849363,0.0005425379877124215,0.039550167000925285,0.0021769579998363042,0.0019518749995768303,0.002982500000143773,0.28262125000037486,0.006387291999999434,0.49297888303772197,0.0,0.0,0.0009194149934046436,0.0027505840043886565,0.1504182070002571,0.15790595799990115,0.13542491699990933,0.016208749999350403,1354936,339132416,10.764626021795141,21.50818810743257,a45e273f75fe413bc86779823f8727513a3b4d5d2895835cf315d861e2931bea,ea3266f29d4820b68fb74859a5b97399a611549af9b84c4cfba6197684c21265,8202b957bf78dc860dec497af3e45039738fda61845f9264d9e6b447de144f48
P3_design13_seed4,13,100000,50,4,20,100,4,fresh,3.1247909579997213,3.144347706998815,3.1247909579997213,3.144347706998815,1.0,1.0,0,0,1998000,0,0,,0,7992000,0.0,0,1998000,False,,0,0,True,0,3.0908530420001625,0.03898237500106916,122847320,0.00046081900654826313,0.0,0.002112457999828621,0.0019087500004388858,0.0038282499990600627,0.2775172500005283,0.0062027919993852265,0.4695955780116492,0.00450716600062151,0.0,0.0,0.0,0.0,0.0,0.0,0.015535540998826036,1350236,181911552,10.503777991353841,20.976808844308323,9d08387b8377776b1cc2487bfa788630314e4f482ad7090564e6f909ac5e8f32,9c8b180680b1de20b5b0336db7207f0c79e337470c7e14e913f85d271c9401a9,8202b957bf78dc860dec497af3e45039738fda61845f9264d9e6b447de144f48
P3_design13_seed4,13,100000,50,4,20,100,4,none,3.0408943750007893,3.100636792001751,3.1247909579997213,3.144347706998815,1.0275894433192572,1.0140973993180429,0,0,1998000,0,0,,0,7992000,0.0,0,1998000,False,,0,0,True,0,3.0908530420001625,0.03898237500106916,122847320,0.00046081900654826313,0.039737417000651476,0.002193166999859386,0.0018966249990626238,0.0027607079991867067,0.26771925000139163,0.006395000000338769,0.4682941669725551,0.0,0.0,0.0007592479942104546,0.0,0.0,0.0,0.0,0.015915208001388237,1353951,337051648,10.503777991353841,20.976808844308323,eff7f5a572da290386e0e11c845a0f01f3222fe6ab29165fc5622808266faede,9c8b180680b1de20b5b0336db7207f0c79e337470c7e14e913f85d271c9401a9,8202b957bf78dc860dec497af3e45039738fda61845f9264d9e6b447de144f48
P3_design13_seed4,13,100000,50,4,20,100,4,basic,3.113392749999548,3.1723946669990255,3.1247909579997213,3.144347706998815,1.0036610247776079,0.991159057133726,99900,99900,1998000,0,0,0.0,0,8391600,0.0,0,2097900,True,0,1,19,True,0,3.0908530420001625,0.03898237500106916,122847320,0.00046081900654826313,0.03952320800090092,0.0020905000001221197,0.0017039169997588033,0.0028352080007607583,0.2717730410004151,0.0061308750009629875,0.4731495719988743,0.0,0.0,0.0005575020004471298,0.0011783779991674237,0.14804979800101137,0.15350616700015962,0.13241908400050306,0.0156842919986957,1355155,334774272,10.503777991353841,20.976808844308323,2c9b688acd4df5aa8bf268e7c20488ddc210165cc9666f1254416896c57827db,9c8b180680b1de20b5b0336db7207f0c79e337470c7e14e913f85d271c9401a9,8202b957bf78dc860dec497af3e45039738fda61845f9264d9e6b447de144f48
P3_design13_seed4,13,100000,50,4,20,100,4,runnerup,3.115797124999517,3.175113791001422,3.1247909579997213,3.144347706998815,1.002886527151605,0.9903102420802047,99900,99900,1998000,0,0,0.0,0,8391600,0.0,0,2097900,True,0,1,19,True,0,3.0908530420001625,0.03898237500106916,122847320,0.00046081900654826313,0.039899291999972775,0.0020461660005821614,0.0017215830011991784,0.0028910419987369096,0.27493308299926866,0.006332375000056345,0.47399950303042715,0.0,0.0,0.0005735020004067337,0.0026474560090719024,0.15001862399549282,0.15695833399877301,0.1326336669990269,0.01564962500015099,1355147,334544896,10.503777991353841,20.976808844308323,1d328acfbcf314681dee8a944509abd488f978cb50408c6803b978fae29fa822,9c8b180680b1de20b5b0336db7207f0c79e337470c7e14e913f85d271c9401a9,8202b957bf78dc860dec497af3e45039738fda61845f9264d9e6b447de144f48
P3_design14_seed0,14,100000,50,4,40,100,0,fresh,5.798067957999592,5.821652041999187,5.798067957999592,5.821652041999187,1.0,1.0,0,0,3996000,0,0,,0,15984000,0.0,0,3996000,False,,0,0,True,0,5.822999791998882,0.07649037500050326,219106059,0.0007888999916758621,0.0,0.0024376660003326833,0.0017999589999817545,0.004075000000739237,0.27128991700010374,0.006379666998327593,0.8786809399953199,0.004338958999142051,0.0,0.0,0.0,0.0,0.0,0.0,0.019346458999280003,1551641,183189504,9.487830258721411,18.973312233404588,4df4f452923853c3fbbf48ca727a5274d370432d908651b0e5f8234d731d9949,256daaaedf5db1d910e2c13f5dc82c61250a020ebc6f9cd3245eee85bac9a390,8202b957bf78dc860dec497af3e45039738fda61845f9264d9e6b447de144f48
P3_design14_seed0,14,100000,50,4,40,100,0,none,5.771451333001096,5.874616874001731,5.798067957999592,5.821652041999187,1.0046117732720543,0.9909841214944686,0,0,3996000,0,0,,0,15984000,0.0,0,3996000,False,,0,0,True,0,5.822999791998882,0.07649037500050326,219106059,0.0007888999916758621,0.07883620800021163,0.002126208999470691,0.0019507910001266282,0.002870000000257278,0.27980229099921416,0.0066919999990204815,0.8828262709721457,0.0,0.0,0.0011322520003886893,0.0,0.0,0.0,0.0,0.020252333000826184,1558959,487342080,9.487830258721411,18.973312233404588,57a188313211e10ba90815176b43bc663065e14ca756359aa3471595ebae462b,256daaaedf5db1d910e2c13f5dc82c61250a020ebc6f9cd3245eee85bac9a390,8202b957bf78dc860dec497af3e45039738fda61845f9264d9e6b447de144f48
P3_design14_seed0,14,100000,50,4,40,100,0,basic,6.039476208999986,6.1449735009991855,5.798067957999592,5.821652041999187,0.9600282801610098,0.9473844014221663,99900,99900,3996000,0,0,0.0,0,16383600,0.0,0,4095900,True,0,1,39,True,0,5.822999791998882,0.07649037500050326,219106059,0.0007888999916758621,0.08086862500022107,0.002149666999684996,0.0018008329989243066,0.002977875001306529,0.2755885409987968,0.006846000000223285,0.9149715609764826,0.0,0.0,0.0013976659956824733,0.0012537089987745276,0.14993720799793664,0.15605258400137245,0.13357937500040862,0.020678167000369285,1560352,490536960,9.487830258721411,18.973312233404588,ae36192d78ff423e6a14e8241b12e5bec5aeaecd5983d331106da0fa40983d51,256daaaedf5db1d910e2c13f5dc82c61250a020ebc6f9cd3245eee85bac9a390,8202b957bf78dc860dec497af3e45039738fda61845f9264d9e6b447de144f48
P3_design14_seed0,14,100000,50,4,40,100,0,runnerup,6.107105082999624,6.214934998997705,5.798067957999592,5.821652041999187,0.9493971168335879,0.9367196990697498,99900,99900,3996000,0,0,0.0,0,16383600,0.0,0,4095900,True,0,1,39,True,0,5.822999791998882,0.07649037500050326,219106059,0.0007888999916758621,0.08371099999931175,0.00245037499917089,0.0018917079996754183,0.003716333998454502,0.2741078750004817,0.006528500000058557,0.9242811390213319,0.0,0.0,0.0015932500045892084,0.0030001220020494657,0.1546164560077159,0.1630332089989679,0.14200487500056624,0.0197768329999235,1560322,509902848,9.487830258721411,18.973312233404588,b157db884f17be25746e7d508f5fddd48b07ea49bc1a015e3ab666eb994b5f74,256daaaedf5db1d910e2c13f5dc82c61250a020ebc6f9cd3245eee85bac9a390,8202b957bf78dc860dec497af3e45039738fda61845f9264d9e6b447de144f48
P3_design14_seed1,14,100000,50,4,40,100,1,fresh,5.810296749999907,5.833695873998295,5.810296749999907,5.833695873998295,1.0,1.0,0,0,3996000,0,0,,0,15984000,0.0,0,3996000,False,,0,0,True,0,6.023312957999224,0.07584291700004542,219106046,0.0011506499449751573,0.0,0.002151999999114196,0.001760040999215562,0.0038465840007120278,0.27495654099948297,0.006145167000795482,0.8792407530163473,0.004177917000561138,0.0,0.0,0.0,0.0,0.0,0.0,0.019487083000058192,1551865,185434112,9.97053695885587,19.901542499151756,1ae586bf20fd8a57fcd27b91fcff68495ceec8430c93d45a5e6b0e3c32d332ea,95462dfe5ee5c86af0f9b6cd12cd048fcd9c4876536ecb22b661c506c9f62d01,8202b957bf78dc860dec497af3e45039738fda61845f9264d9e6b447de144f48
P3_design14_seed1,14,100000,50,4,40,100,1,none,5.972750499999165,6.080446917001609,5.810296749999907,5.833695873998295,0.9728008477837337,0.9594189298300803,0,0,3996000,0,0,,0,15984000,0.0,0,3996000,False,,0,0,True,0,6.023312957999224,0.07584291700004542,219106046,0.0011506499449751573,0.08264508300089801,0.002246209000077215,0.0019123750007565832,0.002954207999209757,0.27781145900007687,0.006405583000741899,0.9097740509587311,0.0,0.0,0.0016507070013176417,0.0,0.0,0.0,0.0,0.020892750000712113,1559195,489439232,9.97053695885587,19.901542499151756,d6070ad2e27ecc625fc6cdf47529c4b9f698603480fcc23520ec07d2102b056e,95462dfe5ee5c86af0f9b6cd12cd048fcd9c4876536ecb22b661c506c9f62d01,8202b957bf78dc860dec497af3e45039738fda61845f9264d9e6b447de144f48
P3_design14_seed1,14,100000,50,4,40,100,1,basic,6.088083332999304,6.195926874002907,5.810296749999907,5.833695873998295,0.9543720793876609,0.9415372377094258,99900,99900,3996000,0,0,0.0,0,16383600,0.0,0,4095900,True,0,1,39,True,0,6.023312957999224,0.07584291700004542,219106046,0.0011506499449751573,0.08181212500130641,0.002168750001146691,0.0020672080008807825,0.003924541999367648,0.27813220899952285,0.007041207998554455,0.9253071749899391,0.0,0.0,0.001505454994912725,0.001240252997376956,0.1502195860084612,0.1561676669989538,0.1357885420002276,0.02179545800026972,1560642,521043968,9.97053695885587,19.901542499151756,ea5fee460bef8fd4deefba4e33d753a991f18ce46e4305e6c3e2935a74257c42,95462dfe5ee5c86af0f9b6cd12cd048fcd9c4876536ecb22b661c506c9f62d01,8202b957bf78dc860dec497af3e45039738fda61845f9264d9e6b447de144f48
P3_design14_seed1,14,100000,50,4,40,100,1,runnerup,6.158259375000853,6.265312833002099,5.810296749999907,5.833695873998295,0.943496594766131,0.9311100705570052,99900,99900,3996000,0,0,0.0,0,16383600,0.0,0,4095900,True,0,1,39,True,0,6.023312957999224,0.07584291700004542,219106046,0.0011506499449751573,0.08313554100095644,0.002300166999702924,0.0019722920005733613,0.002811791999192792,0.27654687500034925,0.006183583000165527,0.9331892449790757,0.0,0.0,0.0018071700033033267,0.0029338349977479083,0.15524349799306947,0.1630804159995023,0.13988770800096972,0.019645458000013605,1560581,491143168,9.97053695885587,19.901542499151756,7ef2eff1d317ed4409f4d72b439934aa23b5efdc24a48dc09e513143fae39b86,95462dfe5ee5c86af0f9b6cd12cd048fcd9c4876536ecb22b661c506c9f62d01,8202b957bf78dc860dec497af3e45039738fda61845f9264d9e6b447de144f48
P3_design14_seed2,14,100000,50,4,40,100,2,fresh,5.960849500001132,5.983901499999774,5.960849500001132,5.983901499999774,1.0,1.0,0,0,3996000,0,0,,0,15984000,0.0,0,3996000,False,,0,0,True,0,6.011577582999962,0.08005320799929905,219106050,0.0011785319493355928,0.0,0.002084624999042717,0.0018209579993708758,0.004248709001331008,0.2779567910001788,0.00624779200006742,0.9019368259687326,0.004125416000533733,0.0,0.0,0.0,0.0,0.0,0.0,0.01914641700022912,1551202,184074240,11.572035530477043,23.135030467120142,c9ad8592b437048aab4b7599a5247114dec571efec9eb38e04507c724558fc4a,85368e1e8ae388d1ea10fb769a873845691b92d4165a20780c45ca2d0af9b939,8202b957bf78dc860dec497af3e45039738fda61845f9264d9e6b447de144f48
P3_design14_seed2,14,100000,50,4,40,100,2,none,5.815630332999717,5.921844667002006,5.960849500001132,5.983901499999774,1.0249704948021532,1.0104793077980523,0,0,3996000,0,0,,0,15984000,0.0,0,3996000,False,,0,0,True,0,6.011577582999962,0.08005320799929905,219106050,0.0011785319493355928,0.08267041600083758,0.00225345900071261,0.001839042000938207,0.002842000001692213,0.26832233400091354,0.006247416000405792,0.8882412650054903,0.0,0.0,0.0013246640064608073,0.0,0.0,0.0,0.0,0.01945141699980013,1558552,488964096,11.572035530477043,23.135030467120142,8cbd20369212e4b79b13daea3a58d9f56a7218612dcc78dbfd72baaaf702ccbd,85368e1e8ae388d1ea10fb769a873845691b92d4165a20780c45ca2d0af9b939,8202b957bf78dc860dec497af3e45039738fda61845f9264d9e6b447de144f48
P3_design14_seed2,14,100000,50,4,40,100,2,basic,6.582304999999906,6.688483374997304,5.960849500001132,5.983901499999774,0.9055869486450745,0.8946574528941229,99900,99900,3996000,0,0,0.0,0,16383600,0.0,0,4095900,True,0,1,39,True,0,6.011577582999962,0.08005320799929905,219106050,0.0011785319493355928,0.08086966699920595,0.002282333000039216,0.0019751669988181675,0.0038618750004388858,0.2935011249992385,0.0065911250003409805,0.980807062038366,0.0,0.0,0.0016575850058870856,0.001405954992151237,0.16744766201009043,0.17424058399956266,0.15010950000032608,0.02105120799933502,1559882,517390336,11.572035530477043,23.135030467120142,c1331bdd87a4682fd98a3832542f7645d2556d78e5a9fce0f2e2d4a2201ce586,85368e1e8ae388d1ea10fb769a873845691b92d4165a20780c45ca2d0af9b939,8202b957bf78dc860dec497af3e45039738fda61845f9264d9e6b447de144f48
P3_design14_seed2,14,100000,50,4,40,100,2,runnerup,6.020110458999625,6.1270839589997195,5.960849500001132,5.983901499999774,0.990156167498571,0.9766312229507427,99900,99900,3996000,0,0,0.0,0,16383600,0.0,0,4095900,True,0,1,39,True,0,6.011577582999962,0.08005320799929905,219106050,0.0011785319493355928,0.08200658399982785,0.0024276250005641486,0.001780665999831399,0.002877832999729435,0.26713883299999,0.006437333000576473,0.9152371600102924,0.0,0.0,0.0015802529978827806,0.003114086999630672,0.15616574900013802,0.16439333299967984,0.1384200000011333,0.020758624999871245,1559915,493551616,11.572035530477043,23.135030467120142,5c075345af1cdb793d45ae2ab43d3715cdd2ef74c82384a3130168836ea20672,85368e1e8ae388d1ea10fb769a873845691b92d4165a20780c45ca2d0af9b939,8202b957bf78dc860dec497af3e45039738fda61845f9264d9e6b447de144f48
P3_design14_seed3,14,100000,50,4,40,100,3,fresh,5.9130632920005155,5.936713293000139,5.9130632920005155,5.936713293000139,1.0,1.0,0,0,3996000,0,0,,0,15984000,0.0,0,3996000,False,,0,0,True,0,6.004904874998829,0.0869025000010879,219105984,0.0012247950180608314,0.0,0.002280916998643079,0.0018227090004074853,0.0041593749992898665,0.27684716700059653,0.006596040999284014,0.8932158799434546,0.004110207999474369,0.0,0.0,0.0,0.0,0.0,0.0,0.01954637500057288,1551241,184123392,11.025344877913508,22.05057754564636,43dcfcb5fdbf2638c08ed4b887e2caf924f5c3131aef996463069c0c9a930b3a,8b68950f0feefbecf0f7a71f8681e4f033ad64fd2392614bdf6f7f4da27934d0,8202b957bf78dc860dec497af3e45039738fda61845f9264d9e6b447de144f48
P3_design14_seed3,14,100000,50,4,40,100,3,none,5.874671416999263,5.977898500997981,5.9130632920005155,5.936713293000139,1.0065351527389532,0.9931104203273163,0,0,3996000,0,0,,0,15984000,0.0,0,3996000,False,,0,0,True,0,6.004904874998829,0.0869025000010879,219105984,0.0012247950180608314,0.0789822919996368,0.0021671670001524035,0.0020136249986535404,0.0028974580000067363,0.2703388339996309,0.0067853750006179325,0.9017338440280582,0.0,0.0,0.0013909579920436954,0.0,0.0,0.0,0.0,0.020064000000274973,1558581,489373696,11.025344877913508,22.05057754564636,05043e059cb70e84b05dae1c4d6ef93ac6f70db1e1c24bf2f8a9526e7042a44c,8b68950f0feefbecf0f7a71f8681e4f033ad64fd2392614bdf6f7f4da27934d0,8202b957bf78dc860dec497af3e45039738fda61845f9264d9e6b447de144f48
P3_design14_seed3,14,100000,50,4,40,100,3,basic,6.041199125000276,6.147064873997806,5.9130632920005155,5.936713293000139,0.9787896690129786,0.9657801592614619,99900,99900,3996000,0,0,0.0,0,16383600,0.0,0,4095900,True,0,1,39,True,0,6.004904874998829,0.0869025000010879,219105984,0.0012247950180608314,0.08048179099932895,0.0021768749993498204,0.0017612079991522478,0.002907709000282921,0.2771850829994946,0.006642375001320033,0.9204515669989632,0.0,0.0,0.001605497996933991,0.0012181629936094396,0.14939791700271599,0.15538874999947438,0.1343633750002482,0.0214458749996993,1559994,490602496,11.025344877913508,22.05057754564636,601c8fc55fe81aa9f3dc03a4cabae02583a993f705f0cc77ac267e0f333d88bd,8b68950f0feefbecf0f7a71f8681e4f033ad64fd2392614bdf6f7f4da27934d0,8202b957bf78dc860dec497af3e45039738fda61845f9264d9e6b447de144f48
P3_design14_seed3,14,100000,50,4,40,100,3,runnerup,6.08326608400057,6.189538251001068,5.9130632920005155,5.936713293000139,0.9720211495519323,0.9591528563604824,99900,99900,3996000,0,0,0.0,0,16383600,0.0,0,4095900,True,0,1,39,True,0,6.004904874998829,0.0869025000010879,219105984,0.0012247950180608314,0.08072270800039405,0.0022788750011386583,0.001819458999307244,0.00278062500001397,0.275438499998927,0.006227040999874589,0.9284029320333502,0.0,0.0,0.0014412499949685298,0.003036248990611057,0.15455595899948094,0.1627836660009052,0.13906104200032132,0.021451124999657623,1559923,490995712,11.025344877913508,22.05057754564636,3024474f3e0b30b8a073df80446a31a210f9514b57eefc685ed1e4652ff9098c,8b68950f0feefbecf0f7a71f8681e4f033ad64fd2392614bdf6f7f4da27934d0,8202b957bf78dc860dec497af3e45039738fda61845f9264d9e6b447de144f48
P3_design14_seed4,14,100000,50,4,40,100,4,fresh,5.96618858399961,5.9905082099994615,5.96618858399961,5.9905082099994615,1.0,1.0,0,0,3996000,0,0,,0,15984000,0.0,0,3996000,False,,0,0,True,0,6.022202416999789,0.09171558399975765,219101741,0.0012136819768784335,0.0,0.0026420840003993362,0.0019348329988133628,0.00411941699894669,0.2798917910004093,0.0065223750007135095,0.9023538630408439,0.004682832999606035,0.0,0.0,0.0,0.0,0.0,0.0,0.01974270900063857,1551664,184057856,10.909352209413512,21.788505638635403,43de05f1d8100361d84d092816646e90a18011f8dbe498eda8c97de7b36e01ff,7ddc005de596639c1345384bcfbcff6fdf1d6f66252f9f43eb10dc2eb02d8dd5,8202b957bf78dc860dec497af3e45039738fda61845f9264d9e6b447de144f48
P3_design14_seed4,14,100000,50,4,40,100,4,none,5.798253292001391,5.902183166001123,5.96618858399961,5.9905082099994615,1.0289630831115784,1.014964809040005,0,0,3996000,0,0,,0,15984000,0.0,0,3996000,False,,0,0,True,0,6.022202416999789,0.09171558399975765,219101741,0.0012136819768784335,0.07964091599933454,0.002156874999855063,0.0019330830000399146,0.002986374998727115,0.2769874589994288,0.006493916000181343,0.8866628409195982,0.0,0.0,0.0012816680064133834,0.0,0.0,0.0,0.0,0.020199000000502565,1558997,489291776,10.909352209413512,21.788505638635403,bc80b5a07d06890e51334cc0147cd54389ea7deee3624b0da5d053d5d45de6bb,7ddc005de596639c1345384bcfbcff6fdf1d6f66252f9f43eb10dc2eb02d8dd5,8202b957bf78dc860dec497af3e45039738fda61845f9264d9e6b447de144f48
P3_design14_seed4,14,100000,50,4,40,100,4,basic,6.197275874999832,6.301299334001669,5.96618858399961,5.9905082099994615,0.9627114726435786,0.9506782478456172,99900,99900,3996000,0,0,0.0,0,16383600,0.0,0,4095900,True,0,1,39,True,0,6.022202416999789,0.09171558399975765,219101741,0.0012136819768784335,0.07994837499973073,0.0023300420016312273,0.0017960000004677568,0.0029897500007791677,0.27650829199956206,0.0061637079998035915,0.9376770690123521,0.0,0.0,0.0016595430042798398,0.0013117460021021543,0.15316166699267342,0.15976737500022864,0.13848874999894178,0.019949042000007466,1560282,491208704,10.909352209413512,21.788505638635403,2b023d82ee8614637c929f6d0783fb70bb9b43ff47c393857fe02f70918298ea,7ddc005de596639c1345384bcfbcff6fdf1d6f66252f9f43eb10dc2eb02d8dd5,8202b957bf78dc860dec497af3e45039738fda61845f9264d9e6b447de144f48
P3_design14_seed4,14,100000,50,4,40,100,4,runnerup,6.119449457999508,6.225051915998847,5.96618858399961,5.9905082099994615,0.9749551205460891,0.9623226104513939,99900,99900,3996000,0,0,0.0,0,16383600,0.0,0,4095900,True,0,1,39,True,0,6.022202416999789,0.09171558399975765,219101741,0.0012136819768784335,0.08116216599955806,0.0022375839998858282,0.0022104159997979878,0.002812749999066,0.2726982920012233,0.006121750000602333,0.9232470560236834,0.0,0.0,0.0016900430018722545,0.002912792004281073,0.15274846000102116,0.16090141600034258,0.1378710829994816,0.019992292000097223,1560290,495206400,10.909352209413512,21.788505638635403,529d32330cd987a84915a0c911cb01395b1c1503822757600303a6ba27811d09,7ddc005de596639c1345384bcfbcff6fdf1d6f66252f9f43eb10dc2eb02d8dd5,8202b957bf78dc860dec497af3e45039738fda61845f9264d9e6b447de144f48
P3_design17_seed0,17,100000,50,4,5,1000,0,fresh,0.9879998329997761,1.0056841669975256,0.9879998329997761,1.0056841669975256,1.0,1.0,0,0,495000,0,0,,0,1980000,0.0,0,495000,False,,0,0,True,0,1.0032916250002017,0.013673666999238776,50656927,0.00013231100092525594,0.0,0.002442291999614099,0.0017793749993870733,0.003967791999457404,0.2763481250003679,0.0062962920001155,0.1405051670208195,0.004136333000133163,0.0,0.0,0.0,0.0,0.0,0.0,0.013462666998748318,1199696,179732480,10.019095211075985,20.022069278343327,529b5b075dd0302a4eb71b9510fa231b35df7bbed60bd18a071343dc210ac259,ce59dc13d796ca8fb6feeedb16ac3c96fac896daecfdc8e4c6f268f1c585b408,8202b957bf78dc860dec497af3e45039738fda61845f9264d9e6b447de144f48
P3_design17_seed0,17,100000,50,4,5,1000,0,none,0.9835296659985033,1.0157427079993795,0.9879998329997761,1.0056841669975256,1.0045450250824255,0.9900973534708752,0,0,495000,0,0,,0,1980000,0.0,0,495000,False,,0,0,True,0,1.0032916250002017,0.013673666999238776,50656927,0.00013231100092525594,0.01318662500125356,0.002188749998822459,0.0017810000008466886,0.003971957999965525,0.278562540999701,0.0061464160007744795,0.13852148998739722,0.0,0.0,0.00019162400167260785,0.0,0.0,0.0,0.0,0.01505666699995345,1200648,236830720,10.019095211075985,20.022069278343327,77837c5fd5f8b3c1d1e71a34152d943bf1d1888e524d54feea9bc6f8f8d4e2fa,ce59dc13d796ca8fb6feeedb16ac3c96fac896daecfdc8e4c6f268f1c585b408,8202b957bf78dc860dec497af3e45039738fda61845f9264d9e6b447de144f48
P3_design17_seed0,17,100000,50,4,5,1000,0,basic,1.1473026250005205,1.179187916997762,0.9879998329997761,1.0056841669975256,0.8611501546937783,0.8528616622514411,99000,99000,495000,0,0,0.0,0,2376000,0.0,0,594000,True,0,1,4,True,0,1.0032916250002017,0.013673666999238776,50656927,0.00013231100092525594,0.013218332998803817,0.0023012080000626156,0.0018179589987994405,0.0028353329998935806,0.27005604099940683,0.0065376670008845394,0.1597881659945415,0.0,0.0,0.00017350000234728213,0.001364668998576235,0.14856287700786197,0.15573370799938857,0.13394179200076906,0.014547791999575566,1201705,224428032,10.019095211075985,20.022069278343327,47c34132d61f6b7d190ef263aca3251ea5bef0802641c137b8f06c33cb75f615,ce59dc13d796ca8fb6feeedb16ac3c96fac896daecfdc8e4c6f268f1c585b408,8202b957bf78dc860dec497af3e45039738fda61845f9264d9e6b447de144f48
P3_design17_seed0,17,100000,50,4,5,1000,0,runnerup,1.1465817499993136,1.1788280840009975,0.9879998329997761,1.0056841669975256,0.8616915741074438,0.8531219951803206,99000,99000,495000,0,0,0.0,0,2376000,0.0,0,594000,True,0,1,4,True,0,1.0032916250002017,0.013673666999238776,50656927,0.00013231100092525594,0.013076250001176959,0.0024732080000831047,0.0018225420008093351,0.0028421250008250354,0.2753666669996164,0.005952999999863096,0.15869579698846792,0.0,0.0,0.00020187500012980308,0.0027825389988720417,0.14813504199992167,0.15667216700057907,0.13478158400175744,0.014874333999614464,1201697,222248960,10.019095211075985,20.022069278343327,6aee0fdb94fcf1832f7dfef6d30ce3160a378f3eaf30d77238371b689d3b7e7f,ce59dc13d796ca8fb6feeedb16ac3c96fac896daecfdc8e4c6f268f1c585b408,8202b957bf78dc860dec497af3e45039738fda61845f9264d9e6b447de144f48
P3_design17_seed1,17,100000,50,4,5,1000,1,fresh,1.0039060409999365,1.0224413329997333,1.0039060409999365,1.0224413329997333,1.0,1.0,0,0,495000,0,0,,0,1980000,0.0,0,495000,False,,0,0,True,0,1.0085132500007603,0.013290249999045045,50656914,0.000130861018988071,0.0,0.002442541999698733,0.0019152500008203788,0.003911249999873689,0.2724219580013596,0.005933207999987644,0.13987117303076957,0.004709582999566919,0.0,0.0,0.0,0.0,0.0,0.0,0.014177499999277643,1199337,181878784,10.426593697351956,20.750979955261457,b341f5b239da5b300d7c97e2f6106f116d19225acd9fb65cd6ed81b3e1c79a9f,1a7a86ae4d96146c16a15ce3e10e1d5d99ccfb245a9c0d949bcb5626f9663efa,8202b957bf78dc860dec497af3e45039738fda61845f9264d9e6b447de144f48
P3_design17_seed1,17,100000,50,4,5,1000,1,none,1.0059978750014125,1.0384129170015512,1.0039060409999365,1.0224413329997333,0.997920637753362,0.9846192360087965,0,0,495000,0,0,,0,1980000,0.0,0,495000,False,,0,0,True,0,1.0085132500007603,0.013290249999045045,50656914,0.000130861018988071,0.013376625000091735,0.0022373749998223502,0.0020571669992932584,0.0027765830000134883,0.2836640419991454,0.0065638329997455,0.13958441399154253,0.0,0.0,0.00029904099937994033,0.0,0.0,0.0,0.0,0.014743875000931439,1200288,221265920,10.426593697351956,20.750979955261457,a6e818811a234b3a0b34f7a9a589daa840c67f80d9513e0b9ce4b9dd848915f1,1a7a86ae4d96146c16a15ce3e10e1d5d99ccfb245a9c0d949bcb5626f9663efa,8202b957bf78dc860dec497af3e45039738fda61845f9264d9e6b447de144f48
P3_design17_seed1,17,100000,50,4,5,1000,1,basic,1.1781801249999262,1.210572581998349,1.0039060409999365,1.0224413329997333,0.8520819692150209,0.8445931687234658,99000,99000,495000,0,0,0.0,0,2376000,0.0,0,594000,True,0,1,4,True,0,1.0085132500007603,0.013290249999045045,50656914,0.000130861018988071,0.014052500000616419,0.002451374999509426,0.0020756659996550297,0.0032688750015950063,0.2733415000002424,0.006331208000119659,0.1608753819946287,0.0,0.0,0.00024166699768102262,0.0014561650023097172,0.1529091300071741,0.1607189999995171,0.1382576659998449,0.013812915998641984,1201336,235077632,10.426593697351956,20.750979955261457,a8501cd9d1811aa5da09bd9df6274b4d3f60006398f46a0ee467e8654243b5cf,1a7a86ae4d96146c16a15ce3e10e1d5d99ccfb245a9c0d949bcb5626f9663efa,8202b957bf78dc860dec497af3e45039738fda61845f9264d9e6b447de144f48
P3_design17_seed1,17,100000,50,4,5,1000,1,runnerup,1.1407654579998052,1.1723643750010524,1.0039060409999365,1.0224413329997333,0.8800284352579931,0.872119073900395,99000,99000,495000,0,0,0.0,0,2376000,0.0,0,594000,True,0,1,4,True,0,1.0085132500007603,0.013290249999045045,50656914,0.000130861018988071,0.013301000000865315,0.0023044169993227115,0.0018810000001394656,0.0031236250015354017,0.2733835840008396,0.006360542000038549,0.15695116801725817,0.0,0.0,0.00016612600120424759,0.0027905419883609284,0.14862724500017066,0.15700312499939173,0.13361149999946065,0.014112500000919681,1201327,223444992,10.426593697351956,20.750979955261457,8b180f8485fb30fc5bef9fa447bc05e0b83896b654d8839ccdec3be553a9e029,1a7a86ae4d96146c16a15ce3e10e1d5d99ccfb245a9c0d949bcb5626f9663efa,8202b957bf78dc860dec497af3e45039738fda61845f9264d9e6b447de144f48
P3_design17_seed2,17,100000,50,4,5,1000,2,fresh,0.9943730409995624,1.0123271659995225,0.9943730409995624,1.0123271659995225,1.0,1.0,0,0,495000,0,0,,0,1980000,0.0,0,495000,False,,0,0,True,0,1.0195828329997312,0.013346040999749675,50656918,0.00013436497829388827,0.0,0.002149374999135034,0.0017510420002508909,0.004060292001668131,0.2711937910007691,0.006221375000677654,0.14006896401588165,0.004154457999902661,0.0,0.0,0.0,0.0,0.0,0.0,0.014053708000574261,1199962,179666944,9.981126969467052,19.922320833606793,c1e326d38b6287801a782fc3b9d46a93a35b7cb0ef9f6d4cec76ae42db83db41,bcd8ec68439174b0ae473761e26264511c183c93eb2e72e99582b1328a2d4e52,8202b957bf78dc860dec497af3e45039738fda61845f9264d9e6b447de144f48
P3_design17_seed2,17,100000,50,4,5,1000,2,none,1.0050697089991445,1.037321792999137,0.9943730409995624,1.0123271659995225,0.9893572874559776,0.9759046544974735,0,0,495000,0,0,,0,1980000,0.0,0,495000,False,,0,0,True,0,1.0195828329997312,0.013346040999749675,50656918,0.00013436497829388827,0.013915875000748201,0.002637499999764259,0.0019336250006745104,0.0027464159993542125,0.28086325000003853,0.006909167001140304,0.14168961899122223,0.0,0.0,0.000192291998246219,0.0,0.0,0.0,0.0,0.013765083998805494,1200886,222216192,9.981126969467052,19.922320833606793,08d7cd0d34035c3ce455660a85e6d053937e573c6aef849780385ead95609a0e,bcd8ec68439174b0ae473761e26264511c183c93eb2e72e99582b1328a2d4e52,8202b957bf78dc860dec497af3e45039738fda61845f9264d9e6b447de144f48
P3_design17_seed2,17,100000,50,4,5,1000,2,basic,1.1618570829996315,1.1941290409977228,0.9943730409995624,1.0123271659995225,0.8558479829828414,0.8477535770788218,99000,99000,495000,0,0,0.0,0,2376000,0.0,0,594000,True,0,1,4,True,0,1.0195828329997312,0.013346040999749675,50656918,0.00013436497829388827,0.013570874998549698,0.0021965420000924496,0.001960957999472157,0.0028019999990647193,0.28085045800071384,0.006497959000625997,0.1616347940198466,0.0,0.0,0.00015770900063216686,0.001303956003539497,0.15086937700107228,0.1582374580011674,0.136855791999551,0.014543582999976934,1201963,224346112,9.981126969467052,19.922320833606793,e0c5d903c358c80cd7cc27b6a36896b9760468c542e9adb4d1f1a517e3cf0965,bcd8ec68439174b0ae473761e26264511c183c93eb2e72e99582b1328a2d4e52,8202b957bf78dc860dec497af3e45039738fda61845f9264d9e6b447de144f48
P3_design17_seed2,17,100000,50,4,5,1000,2,runnerup,1.1617002920011146,1.193595501998061,0.9943730409995624,1.0123271659995225,0.855963494066685,0.8481325242135229,99000,99000,495000,0,0,0.0,0,2376000,0.0,0,594000,True,0,1,4,True,0,1.0195828329997312,0.013346040999749675,50656918,0.00013436497829388827,0.013606458998765447,0.0024303749996761326,0.0019279589996585855,0.004006375000244589,0.2764177919998474,0.006325500000457396,0.15927995799211203,0.0,0.0,0.00018149900097341742,0.0030733730036445195,0.15306320900162973,0.16247391599972616,0.13722970799972245,0.01393041699884634,1201938,255197184,9.981126969467052,19.922320833606793,3b972745666528b2a14d4e50cc6e7d51d26024d5ca11c6e34f2459ca6cac23ba,bcd8ec68439174b0ae473761e26264511c183c93eb2e72e99582b1328a2d4e52,8202b957bf78dc860dec497af3e45039738fda61845f9264d9e6b447de144f48
P3_design17_seed3,17,100000,50,4,5,1000,3,fresh,0.976073499999984,0.9936377909998555,0.976073499999984,0.9936377909998555,1.0,1.0,0,0,495000,0,0,,0,1980000,0.0,0,495000,False,,0,0,True,0,1.0099760840003,0.018390415998510434,50656912,0.00013837600272381678,0.0,0.0023438330008502817,0.001991291999729583,0.004279667000446352,0.27285120799933793,0.005995292000079644,0.13754286901348678,0.0045266249999258434,0.0,0.0,0.0,0.0,0.0,0.0,0.013229165999291581,1199736,178569216,9.590200576812286,19.165575521226785,195d68720f4f7e30b5e2018f875e369189bd59788958b403dec28a036dffca69,e05d5bd7122f31fa3283a5624663f4457be31472d0facbdd75f5d675d0d77bf8,8202b957bf78dc860dec497af3e45039738fda61845f9264d9e6b447de144f48
P3_design17_seed3,17,100000,50,4,5,1000,3,none,0.9803458749993297,1.012278251002499,0.976073499999984,0.9936377909998555,0.9956419717690468,0.9815856361784093,0,0,495000,0,0,,0,1980000,0.0,0,495000,False,,0,0,True,0,1.0099760840003,0.018390415998510434,50656912,0.00013837600272381678,0.014188709001246025,0.0024003750004339963,0.0018712500004767207,0.0027987909998046234,0.273997166999834,0.006417832999431994,0.13881350401243253,0.0,0.0,0.00019608500224421732,0.0,0.0,0.0,0.0,0.013472042001012596,1200688,222314496,9.590200576812286,19.165575521226785,635a8e5b605b9e29429b250ee5fee92820f20a799ffa58bac0cd1c3ca43555e4,e05d5bd7122f31fa3283a5624663f4457be31472d0facbdd75f5d675d0d77bf8,8202b957bf78dc860dec497af3e45039738fda61845f9264d9e6b447de144f48
P3_design17_seed3,17,100000,50,4,5,1000,3,basic,1.1330752499998198,1.1655257500005973,0.976073499999984,0.9936377909998555,0.8614374905816179,0.8525232419784344,99000,99000,495000,0,0,0.0,0,2376000,0.0,0,594000,True,0,1,4,True,0,1.0099760840003,0.018390415998510434,50656912,0.00013837600272381678,0.014225666000129422,0.002458041999489069,0.002014042000155314,0.0027449999997770647,0.26817058400047245,0.006675709000774077,0.15777904501192097,0.0,0.0,0.0001679580000200076,0.0012857959936809493,0.148834251003791,0.15585037499840837,0.13303641700076696,0.013752750001003733,1201720,223182848,9.590200576812286,19.165575521226785,28b28410fcea6bbd24fbf0f3fd79e09a40af2670afbd36d5903a6e5a884f4727,e05d5bd7122f31fa3283a5624663f4457be31472d0facbdd75f5d675d0d77bf8,8202b957bf78dc860dec497af3e45039738fda61845f9264d9e6b447de144f48
P3_design17_seed3,17,100000,50,4,5,1000,3,runnerup,1.1563106249996054,1.1875964579994616,0.976073499999984,0.9936377909998555,0.8441274160222451,0.8366796518353257,99000,99000,495000,0,0,0.0,0,2376000,0.0,0,594000,True,0,1,4,True,0,1.0099760840003,0.018390415998510434,50656912,0.00013837600272381678,0.013612374999866006,0.002364750000197091,0.0019879999999830034,0.0036566669987223577,0.2705982090010366,0.00621845800014853,0.15809045098467323,0.0,0.0,0.00017991499953495804,0.002984585002195672,0.15359129299940832,0.16275887499978126,0.13319029199919896,0.01332070799981011,1201714,241598464,9.590200576812286,19.165575521226785,24ff5f15d7b32e4923168ee08eeb294d918d17f10a4c790a47ae96b46477fde6,e05d5bd7122f31fa3283a5624663f4457be31472d0facbdd75f5d675d0d77bf8,8202b957bf78dc860dec497af3e45039738fda61845f9264d9e6b447de144f48
P3_design17_seed4,17,100000,50,4,5,1000,4,fresh,0.978367249999792,0.9960033329989528,0.978367249999792,0.9960033329989528,1.0,1.0,0,0,495000,0,0,,0,1980000,0.0,0,495000,False,,0,0,True,0,0.9900623329995142,0.011996249999356223,50656507,0.00012067498937540222,0.0,0.0024618329989607446,0.002033750000919099,0.00405812499957392,0.2736831250003888,0.006115042000601534,0.1384640830074204,0.004436208999322844,0.0,0.0,0.0,0.0,0.0,0.0,0.013140499999281019,1199877,181420032,10.063281699237525,20.096105706498427,e5680c7d0a1af98565b60ddd118bed2c37d060e8262ab8eb36cf1fce151f2942,7d4db5bbc3257d62b6d2f691bf87994eca5669c19c83b95b8fb1122211fab360,8202b957bf78dc860dec497af3e45039738fda61845f9264d9e6b447de144f48
P3_design17_seed4,17,100000,50,4,5,1000,4,none,1.013430667000648,1.0455993769992347,0.978367249999792,0.9960033329989528,0.9654012670599066,0.9525668768638544,0,0,495000,0,0,,0,1980000,0.0,0,495000,False,,0,0,True,0,0.9900623329995142,0.011996249999356223,50656507,0.00012067498937540222,0.01403129199934483,0.0024590419998276047,0.0019034590004594065,0.002799542000502697,0.2782522500001505,0.006377166999300243,0.1434908359988185,0.0,0.0,0.0002114590006385697,0.0,0.0,0.0,0.0,0.013774916998954723,1200795,221249536,10.063281699237525,20.096105706498427,a1affe096eff44a249593b10a38edbdea621b98e871f8fc44b05f7575bc9b13d,7d4db5bbc3257d62b6d2f691bf87994eca5669c19c83b95b8fb1122211fab360,8202b957bf78dc860dec497af3e45039738fda61845f9264d9e6b447de144f48
P3_design17_seed4,17,100000,50,4,5,1000,4,basic,1.149160707998817,1.1811292079983104,0.978367249999792,0.9960033329989528,0.8513754805483648,0.8432636550296685,99000,99000,495000,0,0,0.0,0,2376000,0.0,0,594000,True,0,1,4,True,0,0.9900623329995142,0.011996249999356223,50656507,0.00012067498937540222,0.013753290999375167,0.0023509999991802033,0.0020370840011310065,0.0028057079998689005,0.2722776669997984,0.006951542000024347,0.15866695402110054,0.0,0.0,0.0001639160018385155,0.0011874949996126816,0.14809229300226434,0.1548265839992382,0.1326255410003796,0.013827124999806983,1201861,223346688,10.063281699237525,20.096105706498427,0a36016fcc2726472601a2a033a60806832399bb1b0c667196e947ffdfec67be,7d4db5bbc3257d62b6d2f691bf87994eca5669c19c83b95b8fb1122211fab360,8202b957bf78dc860dec497af3e45039738fda61845f9264d9e6b447de144f48
P3_design17_seed4,17,100000,50,4,5,1000,4,runnerup,1.1568114590008918,1.1890765000007377,0.978367249999792,0.9960033329989528,0.8457447774979533,0.837627632030685,99000,99000,495000,0,0,0.0,0,2376000,0.0,0,594000,True,0,1,4,True,0,0.9900623329995142,0.011996249999356223,50656507,0.00012067498937540222,0.014050791000045137,0.0027816670008178335,0.001884833000076469,0.002892624999731197,0.27141437499994936,0.006703791999825626,0.15983845701157406,0.0,0.0,0.00016791699999885168,0.0030534230081684655,0.1523900880056317,0.16166720799992618,0.13520475000041188,0.013547749998906511,1201876,226017280,10.063281699237525,20.096105706498427,42aed0c0a1dbc9f2d175ccbf9c0d9ccccd00d18e33b7d5696319670a70b8e041,7d4db5bbc3257d62b6d2f691bf87994eca5669c19c83b95b8fb1122211fab360,8202b957bf78dc860dec497af3e45039738fda61845f9264d9e6b447de144f48
P3_design18_seed0,18,100000,50,4,5,5000,0,fresh,0.9704395000007935,0.987532959001328,0.9704395000007935,0.987532959001328,1.0,1.0,0,0,475000,0,0,,0,1900000,0.0,0,475000,False,,0,0,True,0,1.0158670420005365,0.012758082999425824,50656927,0.00013323300663614646,0.0,0.0022890000000188593,0.0018886249999923166,0.003968875000282424,0.26023574999999255,0.006361666999509907,0.13697312500153203,0.004138166999837267,0.0,0.0,0.0,0.0,0.0,0.0,0.012915834000523319,1199508,177307648,10.197114284973683,20.341654119535146,aee5a15825085534ffad6e543a26a37f8320e384220a831f9ae891b6454c1157,78bc714cf28b9c7bd5e50ec315d45692481b594dc6e0d9093d1e659d62e9aeba,8202b957bf78dc860dec497af3e45039738fda61845f9264d9e6b447de144f48
P3_design18_seed0,18,100000,50,4,5,5000,0,none,0.958490625000195,0.9906754160001583,0.9704395000007935,0.987532959001328,1.0124663451983122,0.99682796509525,0,0,475000,0,0,,0,1900000,0.0,0,475000,False,,0,0,True,0,1.0158670420005365,0.012758082999425824,50656927,0.00013323300663614646,0.013716957999349688,0.002329124999960186,0.0019918750003853347,0.0027454999999463325,0.26462625000021944,0.006005875000482774,0.13657480299843883,0.0,0.0,0.00025316600113001186,0.0,0.0,0.0,0.0,0.014146833000268089,1200442,219299840,10.197114284973683,20.341654119535146,0ee9510170b3e89dda6c25b26b58e029784c3da0215e7eb485cc24e8aaa5a9cd,78bc714cf28b9c7bd5e50ec315d45692481b594dc6e0d9093d1e659d62e9aeba,8202b957bf78dc860dec497af3e45039738fda61845f9264d9e6b447de144f48
P3_design18_seed0,18,100000,50,4,5,5000,0,basic,1.1390014169992355,1.172629042999688,0.9704395000007935,0.987532959001328,0.852009036615136,0.8421529083700093,95000,95000,475000,0,0,0.0,0,2280000,0.0,0,570000,True,0,1,4,True,0,1.0158670420005365,0.012758082999425824,50656927,0.00013323300663614646,0.014337167000121553,0.0026804999997693812,0.00193879200014635,0.002953332999823033,0.26184854099847144,0.006110542000897112,0.15727782901376486,0.0,0.0,0.0001572480014147004,0.0013221700028225314,0.14815771100256825,0.15633258399975603,0.13128804199914157,0.014671167000415153,1201492,221052928,10.197114284973683,20.341654119535146,f5de401f5965b17872ef2b9d2b0e7f57c0c71f9d50a45305e262672af9e5f290,78bc714cf28b9c7bd5e50ec315d45692481b594dc6e0d9093d1e659d62e9aeba,8202b957bf78dc860dec497af3e45039738fda61845f9264d9e6b447de144f48
P3_design18_seed0,18,100000,50,4,5,5000,0,runnerup,1.148676124999838,1.1807450830019661,0.9704395000007935,0.987532959001328,0.8448330028631267,0.83636423578457,95000,95000,475000,0,0,0.0,0,2280000,0.0,0,570000,True,0,1,4,True,0,1.0158670420005365,0.012758082999425824,50656927,0.00013323300663614646,0.014654500000688131,0.0024614159992779605,0.0019326670008013025,0.0036334159995021764,0.26607954099927156,0.006531082999572391,0.1592515949796507,0.0,0.0,0.00021366699911595788,0.003078248000747408,0.14770107999720494,0.15794608299984247,0.13596050000160176,0.013020375001360662,1201486,240058368,10.197114284973683,20.341654119535146,12e8b76105b554d5efd76cf4bd392ebc15f35f141f564ce1e17eb22d70070f3a,78bc714cf28b9c7bd5e50ec315d45692481b594dc6e0d9093d1e659d62e9aeba,8202b957bf78dc860dec497af3e45039738fda61845f9264d9e6b447de144f48
P3_design18_seed1,18,100000,50,4,5,5000,1,fresh,0.9712316659988574,0.9882349989984505,0.9712316659988574,0.9882349989984505,1.0,1.0,0,0,475000,0,0,,0,1900000,0.0,0,475000,False,,0,0,True,0,1.0156723749987577,0.0167356669990113,50656914,0.00012354399950709194,0.0,0.0022607089995290153,0.0018483330004528398,0.004925541001284728,0.2605093330003001,0.006401500000720262,0.13753621100840974,0.004934500000672415,0.0,0.0,0.0,0.0,0.0,0.0,0.012894290999611258,1200081,177438720,10.085132055258583,20.12659446953255,b949a77f0dd0e43964960b253b66b2e935331dcf0ad56a82f4378485c8d19c9e,ede5ff2f4587fe7643d4de291f130580489de36354216bba4581a3f86bdf3b85,8202b957bf78dc860dec497af3e45039738fda61845f9264d9e6b447de144f48
P3_design18_seed1,18,100000,50,4,5,5000,1,none,0.9616864580002584,0.994290541000737,0.9712316659988574,0.9882349989984505,1.0099254886238571,0.9939096855973388,0,0,475000,0,0,,0,1900000,0.0,0,475000,False,,0,0,True,0,1.0156723749987577,0.0167356669990113,50656914,0.00012354399950709194,0.014299083000878454,0.002364750000197091,0.0021470829997269902,0.0036867919989163056,0.2677603749998525,0.006521708999571274,0.13627232600629213,0.0,0.0,0.00017975099945033435,0.0,0.0,0.0,0.0,0.013793166999676032,1201027,218071040,10.085132055258583,20.12659446953255,26c2c33aecf8a270d69193d4530bd6716f3380d1966e8a63f224e9ca3bee7a45,ede5ff2f4587fe7643d4de291f130580489de36354216bba4581a3f86bdf3b85,8202b957bf78dc860dec497af3e45039738fda61845f9264d9e6b447de144f48
P3_design18_seed1,18,100000,50,4,5,5000,1,basic,1.1097854590007046,1.1430501680006273,0.9712316659988574,0.9882349989984505,0.8751526325398005,0.8645596025999692,95000,95000,475000,0,0,0.0,0,2280000,0.0,0,570000,True,0,1,4,True,0,1.0156723749987577,0.0167356669990113,50656914,0.00012354399950709194,0.014615624999350985,0.0025066250000236323,0.0021731249998993007,0.0031622499991499353,0.25926424999852316,0.006558916000358295,0.15416976100641477,0.0,0.0,0.00017195899999933317,0.0012794560007023392,0.1441377100018144,0.1522442500008765,0.1284784999988915,0.013969334000648814,1202085,222494720,10.085132055258583,20.12659446953255,176ad6d1eb200205afbb43ec642544756e4a02f2cab21609280c3790609b51bb,ede5ff2f4587fe7643d4de291f130580489de36354216bba4581a3f86bdf3b85,8202b957bf78dc860dec497af3e45039738fda61845f9264d9e6b447de144f48
P3_design18_seed1,18,100000,50,4,5,5000,1,runnerup,1.1248035830012668,1.1577782920030586,0.9712316659988574,0.9882349989984505,0.8634677917786856,0.8535615202187948,95000,95000,475000,0,0,0.0,0,2280000,0.0,0,570000,True,0,1,4,True,0,1.0156723749987577,0.0167356669990113,50656914,0.00012354399950709194,0.01390824999907636,0.002445167001496884,0.0019927920002373867,0.003106417001617956,0.2652693330001057,0.006591041999854497,0.15594292199421034,0.0,0.0,0.000235249995967024,0.0028553330103022745,0.1469179180021456,0.1567500419987482,0.13195991600150592,0.014628500000981148,1202062,221118464,10.085132055258583,20.12659446953255,dea6c329ac938646b44381906c580388f8edf4e464d285666a2e220b2bfd77ce,ede5ff2f4587fe7643d4de291f130580489de36354216bba4581a3f86bdf3b85,8202b957bf78dc860dec497af3e45039738fda61845f9264d9e6b447de144f48
P3_design18_seed2,18,100000,50,4,5,5000,2,fresh,0.9374610419999954,0.9545948739996675,0.9374610419999954,0.9545948739996675,1.0,1.0,0,0,475000,0,0,,0,1900000,0.0,0,475000,False,,0,0,True,0,0.9987995840001531,0.01269033400058106,50656918,0.00010078500235977117,0.0,0.002224832998763304,0.001830208000683342,0.003979958000854822,0.2625662499995087,0.006223041998964618,0.1320428729904961,0.00415074999909848,0.0,0.0,0.0,0.0,0.0,0.0,0.013078791000225465,1199167,177504256,11.049330368780629,22.098523293657006,c964dc77a2e1bc29a3d0343eb3c9026a6c1cf96217bf181479ca40ae1bbe7266,1ee6e91b850f682a95ac1a9c269fd635cb1b2b477c4db3f2b149ef52a98550b0,8202b957bf78dc860dec497af3e45039738fda61845f9264d9e6b447de144f48
P3_design18_seed2,18,100000,50,4,5,5000,2,none,0.9482695419992524,0.9793179170010262,0.9374610419999954,0.9545948739996675,0.9886018694890597,0.9747548343881338,0,0,475000,0,0,,0,1900000,0.0,0,475000,False,,0,0,True,0,0.9987995840001531,0.01269033400058106,50656918,0.00010078500235977117,0.013157999999748426,0.0024390420003328472,0.001785750000635744,0.0027052080004068557,0.26115133299936133,0.006300916998952744,0.13371824700698198,0.0,0.0,0.00019720799900824204,0.0,0.0,0.0,0.0,0.013665583001056802,1200097,219381760,11.049330368780629,22.098523293657006,0b3248acff3bb6461221e3950765fd71f97a83d3b3e51fa70221fd8d33fa0556,1ee6e91b850f682a95ac1a9c269fd635cb1b2b477c4db3f2b149ef52a98550b0,8202b957bf78dc860dec497af3e45039738fda61845f9264d9e6b447de144f48
P3_design18_seed2,18,100000,50,4,5,5000,2,basic,1.0991926669994427,1.1307346669982508,0.9374610419999954,0.9545948739996675,0.8528632605956701,0.8442253535339288,95000,95000,475000,0,0,0.0,0,2280000,0.0,0,570000,True,0,1,4,True,0,0.9987995840001531,0.01269033400058106,50656918,0.00010078500235977117,0.013379917001657304,0.0022544579987879843,0.0018364999996265396,0.002840582999851904,0.26011379200099327,0.006428250000681146,0.15190478401927976,0.0,0.0,0.00017558299987285864,0.0012448359975678613,0.1442162500006816,0.15211741699931736,0.13004379099947982,0.014071124998736195,1201164,221118464,11.049330368780629,22.098523293657006,c3569c2529df79aed04870ed54e00d8785396f15b0cc82a9a8f8e045993d4659,1ee6e91b850f682a95ac1a9c269fd635cb1b2b477c4db3f2b149ef52a98550b0,8202b957bf78dc860dec497af3e45039738fda61845f9264d9e6b447de144f48
P3_design18_seed2,18,100000,50,4,5,5000,2,runnerup,1.102338624999902,1.1325510829992709,0.9374610419999954,0.9545948739996675,0.85042927893421,0.8428713621214047,95000,95000,475000,0,0,0.0,0,2280000,0.0,0,570000,True,0,1,4,True,0,0.9987995840001531,0.01269033400058106,50656918,0.00010078500235977117,0.01322995800001081,0.002318916000149329,0.0019226669992349343,0.0027105409990326734,0.2586989999999787,0.006309416001386126,0.15132078602255206,0.0,0.0,0.0001724579979054397,0.00278883200189739,0.14386775301500165,0.15310450000106357,0.12938116700024693,0.012740916999973706,1201140,220725248,11.049330368780629,22.098523293657006,f512c14546b1dd7dc46bf3ac331678638da4b3d93872712c99b7c7a260aeae25,1ee6e91b850f682a95ac1a9c269fd635cb1b2b477c4db3f2b149ef52a98550b0,8202b957bf78dc860dec497af3e45039738fda61845f9264d9e6b447de144f48
P3_design18_seed3,18,100000,50,4,5,5000,3,fresh,0.9573252499994851,0.97506520800016,0.9573252499994851,0.97506520800016,1.0,1.0,0,0,475000,0,0,,0,1900000,0.0,0,475000,False,,0,0,True,0,0.9899210830008087,0.013596041999335284,50656912,0.0001177889989776304,0.0,0.0023111659993446665,0.0018654590003279736,0.004179083000053652,0.2659831250002753,0.006573874999958207,0.1342759059934906,0.004229374999340507,0.0,0.0,0.0,0.0,0.0,0.0,0.01356333300100232,1198876,177635328,10.283213152630834,20.54777475368032,3a9735f2d9246c4c0844d558f3721b45e9a9eb8b1cd1e88a747efda0f29234f8,4b201f453834fd5d55b088d6651ac639a86aacc24963da7a3087c1288048e756,8202b957bf78dc860dec497af3e45039738fda61845f9264d9e6b447de144f48
P3_design18_seed3,18,100000,50,4,5,5000,3,none,0.9596357079990412,0.9910243750000518,0.9573252499994851,0.97506520800016,0.9975923592876992,0.9838962921574044,0,0,475000,0,0,,0,1900000,0.0,0,475000,False,,0,0,True,0,0.9899210830008087,0.013596041999335284,50656912,0.0001177889989776304,0.013772250000329223,0.002570167000158108,0.0019770830003835727,0.002724750000197673,0.2664152079996711,0.006375249999109656,0.1332429069934733,0.0,0.0,0.00018954100414703134,0.0,0.0,0.0,0.0,0.013069167000139714,1199836,219217920,10.283213152630834,20.54777475368032,0f0924e33031bb84c13f4f2c3eb1b99662dddd4ec1e450658742af2b2dbe30bb,4b201f453834fd5d55b088d6651ac639a86aacc24963da7a3087c1288048e756,8202b957bf78dc860dec497af3e45039738fda61845f9264d9e6b447de144f48
P3_design18_seed3,18,100000,50,4,5,5000,3,basic,1.1118299999998271,1.1431577509974886,0.9573252499994851,0.97506520800016,0.8610356349438619,0.8529577017251945,95000,95000,475000,0,0,0.0,0,2280000,0.0,0,570000,True,0,1,4,True,0,0.9899210830008087,0.013596041999335284,50656912,0.0001177889989776304,0.013418000000456232,0.0023506669986090856,0.00186487499922805,0.0027740830009861384,0.2603917090000323,0.006483790999482153,0.15169421599057387,0.0,0.0,0.00016424900240963325,0.001276796001548064,0.14492992000123195,0.1527260410002782,0.13011445899974206,0.01369420899936813,1200880,220872704,10.283213152630834,20.54777475368032,226320124e6433d85fc04522540dcc5b0f1e682f93ffe6597dadc9c6f885ad29,4b201f453834fd5d55b088d6651ac639a86aacc24963da7a3087c1288048e756,8202b957bf78dc860dec497af3e45039738fda61845f9264d9e6b447de144f48
P3_design18_seed3,18,100000,50,4,5,5000,3,runnerup,1.1252492500007065,1.1566707490001136,0.9573252499994851,0.97506520800016,0.8507672855581855,0.8429928818058702,95000,95000,475000,0,0,0.0,0,2280000,0.0,0,570000,True,0,1,4,True,0,0.9899210830008087,0.013596041999335284,50656912,0.0001177889989776304,0.01356316599958518,0.0026244580003549345,0.0019374169987713685,0.0028186670006107306,0.2607064170006197,0.006437374999222811,0.15291300600256363,0.0,0.0,0.00017116700109909289,0.00286533500184305,0.14651229000810417,0.15617249999922933,0.1331224999994447,0.013296458000695566,1200878,222855168,10.283213152630834,20.54777475368032,9ca273177e112213e76db768c46b6718e366e7fcd446c222ae21cd66c1db66a1,4b201f453834fd5d55b088d6651ac639a86aacc24963da7a3087c1288048e756,8202b957bf78dc860dec497af3e45039738fda61845f9264d9e6b447de144f48
P3_design18_seed4,18,100000,50,4,5,5000,4,fresh,0.9501616249999643,0.9679953739978373,0.9501616249999643,0.9679953739978373,1.0,1.0,0,0,475000,0,0,,0,1900000,0.0,0,475000,False,,0,0,True,0,1.0152234580000368,0.013312041999597568,50656507,0.00012203497863083612,0.0,0.002508749999833526,0.0018887909991462948,0.003944000000046799,0.2637348749994999,0.006231582998225349,0.13170034200447844,0.004397624999910477,0.0,0.0,0.0,0.0,0.0,0.0,0.013436207998893224,1199094,177766400,10.277909770968487,20.551330695994228,21f43394b6ec9614218b28e6818f5389f03178a4d916064c1bc5e01c0d0e41d7,577080bc0031bd98aeb82740623d1ffec83124ff6a8d3af85d5190b31fdc7b4e,8202b957bf78dc860dec497af3e45039738fda61845f9264d9e6b447de144f48
P3_design18_seed4,18,100000,50,4,5,5000,4,none,0.9749941249992844,1.0063126659970294,0.9501616249999643,0.9679953739978373,0.9745306157620812,0.9619230749110881,0,0,475000,0,0,,0,1900000,0.0,0,475000,False,,0,0,True,0,1.0152234580000368,0.013312041999597568,50656507,0.00012203497863083612,0.013686292000784306,0.0024305829992954386,0.0018710829990595812,0.004004916998383123,0.26742558300065866,0.006429082999602542,0.134643331013649,0.0,0.0,0.000210457999855862,0.0,0.0,0.0,0.0,0.013330582998605678,1200025,240549888,10.277909770968487,20.551330695994228,a6122c6280d97227425a9455341d2e7ebba10512cb722b14b0d88c7a3117ba1d,577080bc0031bd98aeb82740623d1ffec83124ff6a8d3af85d5190b31fdc7b4e,8202b957bf78dc860dec497af3e45039738fda61845f9264d9e6b447de144f48
P3_design18_seed4,18,100000,50,4,5,5000,4,basic,1.1123606669989385,1.1457876680033223,0.9501616249999643,0.9679953739978373,0.8541848459667541,0.8448296320771979,95000,95000,475000,0,0,0.0,0,2280000,0.0,0,570000,True,0,1,4,True,0,1.0152234580000368,0.013312041999597568,50656507,0.00012203497863083612,0.014699959001518437,0.0025024580008903285,0.0020475420005823253,0.0033520420001877937,0.2594644589989912,0.006597457999305334,0.1521007909996115,0.0,0.0,0.0001839600026869448,0.0012601259932125686,0.14603120599531394,0.1542547499993816,0.1308842079997703,0.014177042001392692,1201091,221642752,10.277909770968487,20.551330695994228,589a29150e90f64461e250927242344dc035fe9bad8774df2bafda6c08c7006a,577080bc0031bd98aeb82740623d1ffec83124ff6a8d3af85d5190b31fdc7b4e,8202b957bf78dc860dec497af3e45039738fda61845f9264d9e6b447de144f48
P3_design18_seed4,18,100000,50,4,5,5000,4,runnerup,1.1206851670012838,1.1522781660005421,0.9501616249999643,0.9679953739978373,0.8478399223774823,0.8400709156519607,95000,95000,475000,0,0,0.0,0,2280000,0.0,0,570000,True,0,1,4,True,0,1.0152234580000368,0.013312041999597568,50656507,0.00012203497863083612,0.013761750000412576,0.002492292000169982,0.0020911659994453657,0.002953708999484661,0.2643218329994852,0.006195083000420709,0.15223896399220394,0.0,0.0,0.00018574999921838753,0.002951956987089943,0.14689829300732526,0.15665970900045068,0.13153170899931865,0.013247790999230347,1201077,224722944,10.277909770968487,20.551330695994228,6efa63f9ae2cb96531ab0767db4f684991ac176f37ef1158d653c5b2d2e4d4ec,577080bc0031bd98aeb82740623d1ffec83124ff6a8d3af85d5190b31fdc7b4e,8202b957bf78dc860dec497af3e45039738fda61845f9264d9e6b447de144f48
