schema_version,declaration_sha256,preprocessing_id,acs_task,acs_survey_year,dataset_config_id,n,C,d,natural_client_type,client_id,geography,client_prefix_position,eligible_client_records,client_size,group_A_count,group_B_count,group_A_proportion,group_B_proportion,global_group_A_count,global_group_B_count,a_c,b_c,kappa_component,empirical_kappa,pure_client,pure_group,nearly_pure_client,nearly_pure_threshold,group_A_slice_empty,group_A_slice_nonempty,group_B_slice_empty,group_B_slice_nonempty,pure_client_count,nearly_pure_client_count,selected_client_capacity,sample_hash,client_selection_permutation_sha256,selected_clients_json,feature_mean_AGEP,feature_std_AGEP,feature_mean_SCHL,feature_std_SCHL,feature_mean_MAR,feature_std_MAR,feature_mean_RELP,feature_std_RELP,feature_mean_DIS,feature_std_DIS,feature_mean_ESP,feature_std_ESP,feature_mean_CIT,feature_std_CIT,feature_mean_MIG,feature_std_MIG,feature_mean_MIL,feature_std_MIL,feature_mean_ANC,feature_std_ANC,feature_mean_NATIVITY,feature_std_NATIVITY,feature_mean_DEAR,feature_std_DEAR,feature_mean_DEYE,feature_std_DEYE,feature_mean_DREM,feature_std_DREM,feature_mean_SEX,feature_std_SEX,feature_mean_RAC1P,feature_std_RAC1P
1,5f9644338fd1ffb661753079b4934480b3eeda0e0c9d645343ee506a34070007,c52014b8f05c192c,ACSEmployment,2018,b505147ac2879d972461,100000,100,16,PUMA,0,IL:PUMA:03501,0,1277,962,469,493,0.4875259875259875,0.5124740124740125,48925,51075,0.009586101175268268,0.009652471855115027,1.0069236364850802,1.3747296526482156,False,,False,0.95,False,True,False,True,0,0,132766,30181213ed668ac6a29e6c307660c811870ee7d9811983a9bde5b673b032434d,4f098505a266b8abffdec33b9d9eb61602b1fa0d94863d95369e873a476977bc,"[""IL:PUMA:03501"",""IL:PUMA:03504"",""OH:PUMA:05100"",""ME:PUMA:00700"",""TX:PUMA:05306"",""TN:PUMA:01604"",""ME:PUMA:00200"",""TX:PUMA:02311"",""FL:PUMA:03107"",""TX:PUMA:04619"",""TX:PUMA:02800"",""TX:PUMA:01100"",""GA:PUMA:02300"",""NY:PUMA:04013"",""AL:PUMA:01200"",""AZ:PUMA:00126"",""PA:PUMA:00900"",""OH:PUMA:04102"",""AZ:PUMA:00114"",""FL:PUMA:03102"",""MD:PUMA:00503"",""CA:PUMA:09501"",""OR:PUMA:01317"",""WI:PUMA:41003"",""OH:PUMA:05507"",""IN:PUMA:02100"",""CA:PUMA:00702"",""TX:PUMA:02700"",""OH:PUMA:04602"",""ID:PUMA:00200"",""PA:PUMA:01807"",""FL:PUMA:01500"",""GA:PUMA:03101"",""IN:PUMA:00104"",""GA:PUMA:02002"",""PA:PUMA:00600"",""AL:PUMA:00700"",""FL:PUMA:05703"",""MA:PUMA:03900"",""WV:PUMA:00200"",""NY:PUMA:00902"",""OH:PUMA:01803"",""OH:PUMA:01900"",""IL:PUMA:03419"",""NC:PUMA:01205"",""MA:PUMA:03305"",""MT:PUMA:00600"",""NC:PUMA:01203"",""NY:PUMA:02002"",""CA:PUMA:06505"",""TX:PUMA:04608"",""WV:PUMA:00600"",""WA:PUMA:11603"",""MA:PUMA:00504"",""TX:PUMA:03802"",""IN:PUMA:03500"",""NY:PUMA:02500"",""TX:PUMA:06603"",""CO:PUMA:00813"",""CO:PUMA:00814"",""MA:PUMA:00300"",""CT:PUMA:00904"",""IL:PUMA:02000"",""TX:PUMA:05308"",""AZ:PUMA:00102"",""MA:PUMA:03603"",""NY:PUMA:00300"",""WI:PUMA:10000"",""TX:PUMA:06302"",""NE:PUMA:00500"",""CA:PUMA:07504"",""CA:PUMA:06512"",""MA:PUMA:00507"",""CA:PUMA:03718"",""KY:PUMA:00500"",""PA:PUMA:03207"",""WV:PUMA:01200"",""PA:PUMA:04002"",""NC:PUMA:02400"",""MA:PUMA:01300"",""IL:PUMA:03523"",""CA:PUMA:00106"",""PA:PUMA:03208"",""TX:PUMA:02301"",""PA:PUMA:03503"",""NH:PUMA:00800"",""TX:PUMA:02503"",""IL:PUMA:03307"",""FL:PUMA:08302"",""CA:PUMA:04102"",""NH:PUMA:00900"",""NH:PUMA:00400"",""MO:PUMA:02100"",""FL:PUMA:07104"",""CA:PUMA:06506"",""FL:PUMA:10104"",""KY:PUMA:01901"",""AL:PUMA:01400"",""TX:PUMA:02006"",""FL:PUMA:01113""]",-0.05600900533188025,0.8773249795587487,0.330490268504488,0.8889460567205748,0.2812369677829892,0.9745170335737104,0.28290945934879913,1.387585173080528,-0.04108080878301463,1.0394259280397677,-0.19141370270166722,0.7346142511277108,0.3479945977086848,1.299000516282276,0.34283053496409194,1.2652974522734606,0.28165923539694165,0.762980686392629,-0.11447264462660679,0.8870760963888079,0.33490558302601553,1.2971690804321634,-0.01882606156841333,1.0413999282129287,-0.07713207274191008,1.2050275838531745,0.06806858252467636,0.8301979145997122,0.004684584579278339,0.9998940719151869,0.11897067975437615,1.048585101030679
1,5f9644338fd1ffb661753079b4934480b3eeda0e0c9d645343ee506a34070007,c52014b8f05c192c,ACSEmployment,2018,b505147ac2879d972461,100000,100,16,PUMA,1,IL:PUMA:03504,1,1248,940,469,471,0.498936170212766,0.5010638297872341,48925,51075,0.009586101175268268,0.009221732745961822,1.0395119268085493,1.3747296526482156,False,,False,0.95,False,True,False,True,0,0,132766,30181213ed668ac6a29e6c307660c811870ee7d9811983a9bde5b673b032434d,4f098505a266b8abffdec33b9d9eb61602b1fa0d94863d95369e873a476977bc,"[""IL:PUMA:03501"",""IL:PUMA:03504"",""OH:PUMA:05100"",""ME:PUMA:00700"",""TX:PUMA:05306"",""TN:PUMA:01604"",""ME:PUMA:00200"",""TX:PUMA:02311"",""FL:PUMA:03107"",""TX:PUMA:04619"",""TX:PUMA:02800"",""TX:PUMA:01100"",""GA:PUMA:02300"",""NY:PUMA:04013"",""AL:PUMA:01200"",""AZ:PUMA:00126"",""PA:PUMA:00900"",""OH:PUMA:04102"",""AZ:PUMA:00114"",""FL:PUMA:03102"",""MD:PUMA:00503"",""CA:PUMA:09501"",""OR:PUMA:01317"",""WI:PUMA:41003"",""OH:PUMA:05507"",""IN:PUMA:02100"",""CA:PUMA:00702"",""TX:PUMA:02700"",""OH:PUMA:04602"",""ID:PUMA:00200"",""PA:PUMA:01807"",""FL:PUMA:01500"",""GA:PUMA:03101"",""IN:PUMA:00104"",""GA:PUMA:02002"",""PA:PUMA:00600"",""AL:PUMA:00700"",""FL:PUMA:05703"",""MA:PUMA:03900"",""WV:PUMA:00200"",""NY:PUMA:00902"",""OH:PUMA:01803"",""OH:PUMA:01900"",""IL:PUMA:03419"",""NC:PUMA:01205"",""MA:PUMA:03305"",""MT:PUMA:00600"",""NC:PUMA:01203"",""NY:PUMA:02002"",""CA:PUMA:06505"",""TX:PUMA:04608"",""WV:PUMA:00600"",""WA:PUMA:11603"",""MA:PUMA:00504"",""TX:PUMA:03802"",""IN:PUMA:03500"",""NY:PUMA:02500"",""TX:PUMA:06603"",""CO:PUMA:00813"",""CO:PUMA:00814"",""MA:PUMA:00300"",""CT:PUMA:00904"",""IL:PUMA:02000"",""TX:PUMA:05308"",""AZ:PUMA:00102"",""MA:PUMA:03603"",""NY:PUMA:00300"",""WI:PUMA:10000"",""TX:PUMA:06302"",""NE:PUMA:00500"",""CA:PUMA:07504"",""CA:PUMA:06512"",""MA:PUMA:00507"",""CA:PUMA:03718"",""KY:PUMA:00500"",""PA:PUMA:03207"",""WV:PUMA:01200"",""PA:PUMA:04002"",""NC:PUMA:02400"",""MA:PUMA:01300"",""IL:PUMA:03523"",""CA:PUMA:00106"",""PA:PUMA:03208"",""TX:PUMA:02301"",""PA:PUMA:03503"",""NH:PUMA:00800"",""TX:PUMA:02503"",""IL:PUMA:03307"",""FL:PUMA:08302"",""CA:PUMA:04102"",""NH:PUMA:00900"",""NH:PUMA:00400"",""MO:PUMA:02100"",""FL:PUMA:07104"",""CA:PUMA:06506"",""FL:PUMA:10104"",""KY:PUMA:01901"",""AL:PUMA:01400"",""TX:PUMA:02006"",""FL:PUMA:01113""]",-0.12440328800487806,0.9635552410319315,-0.005909413051513761,1.1163356245555034,0.13825415070685998,1.0142504451844454,0.048763589247993504,1.0326354214190738,0.1377443969484329,0.840098071400505,-0.009955076325228185,0.9385753924076115,0.40441078548360676,1.3334753410621039,-0.06512727749356938,0.9642496825152042,0.0152069346019548,1.0245644076466431,-0.06801952249427345,0.9236703084400425,0.3942123800054519,1.3342244523387978,0.049226385491750686,0.8807174994219029,0.003886803108646277,0.9883842949895429,-0.04634923063384563,1.1238513534453343,-0.018140467783649902,1.0002031223194805,0.3419397243615754,1.3224790836515825
1,5f9644338fd1ffb661753079b4934480b3eeda0e0c9d645343ee506a34070007,c52014b8f05c192c,ACSEmployment,2018,b505147ac2879d972461,100000,100,16,PUMA,2,OH:PUMA:05100,2,1218,917,465,452,0.5070883315158125,0.49291166848418755,48925,51075,0.009504343382728667,0.00884973078805678,1.0739697749399704,1.3747296526482156,False,,False,0.95,False,True,False,True,0,0,132766,30181213ed668ac6a29e6c307660c811870ee7d9811983a9bde5b673b032434d,4f098505a266b8abffdec33b9d9eb61602b1fa0d94863d95369e873a476977bc,"[""IL:PUMA:03501"",""IL:PUMA:03504"",""OH:PUMA:05100"",""ME:PUMA:00700"",""TX:PUMA:05306"",""TN:PUMA:01604"",""ME:PUMA:00200"",""TX:PUMA:02311"",""FL:PUMA:03107"",""TX:PUMA:04619"",""TX:PUMA:02800"",""TX:PUMA:01100"",""GA:PUMA:02300"",""NY:PUMA:04013"",""AL:PUMA:01200"",""AZ:PUMA:00126"",""PA:PUMA:00900"",""OH:PUMA:04102"",""AZ:PUMA:00114"",""FL:PUMA:03102"",""MD:PUMA:00503"",""CA:PUMA:09501"",""OR:PUMA:01317"",""WI:PUMA:41003"",""OH:PUMA:05507"",""IN:PUMA:02100"",""CA:PUMA:00702"",""TX:PUMA:02700"",""OH:PUMA:04602"",""ID:PUMA:00200"",""PA:PUMA:01807"",""FL:PUMA:01500"",""GA:PUMA:03101"",""IN:PUMA:00104"",""GA:PUMA:02002"",""PA:PUMA:00600"",""AL:PUMA:00700"",""FL:PUMA:05703"",""MA:PUMA:03900"",""WV:PUMA:00200"",""NY:PUMA:00902"",""OH:PUMA:01803"",""OH:PUMA:01900"",""IL:PUMA:03419"",""NC:PUMA:01205"",""MA:PUMA:03305"",""MT:PUMA:00600"",""NC:PUMA:01203"",""NY:PUMA:02002"",""CA:PUMA:06505"",""TX:PUMA:04608"",""WV:PUMA:00600"",""WA:PUMA:11603"",""MA:PUMA:00504"",""TX:PUMA:03802"",""IN:PUMA:03500"",""NY:PUMA:02500"",""TX:PUMA:06603"",""CO:PUMA:00813"",""CO:PUMA:00814"",""MA:PUMA:00300"",""CT:PUMA:00904"",""IL:PUMA:02000"",""TX:PUMA:05308"",""AZ:PUMA:00102"",""MA:PUMA:03603"",""NY:PUMA:00300"",""WI:PUMA:10000"",""TX:PUMA:06302"",""NE:PUMA:00500"",""CA:PUMA:07504"",""CA:PUMA:06512"",""MA:PUMA:00507"",""CA:PUMA:03718"",""KY:PUMA:00500"",""PA:PUMA:03207"",""WV:PUMA:01200"",""PA:PUMA:04002"",""NC:PUMA:02400"",""MA:PUMA:01300"",""IL:PUMA:03523"",""CA:PUMA:00106"",""PA:PUMA:03208"",""TX:PUMA:02301"",""PA:PUMA:03503"",""NH:PUMA:00800"",""TX:PUMA:02503"",""IL:PUMA:03307"",""FL:PUMA:08302"",""CA:PUMA:04102"",""NH:PUMA:00900"",""NH:PUMA:00400"",""MO:PUMA:02100"",""FL:PUMA:07104"",""CA:PUMA:06506"",""FL:PUMA:10104"",""KY:PUMA:01901"",""AL:PUMA:01400"",""TX:PUMA:02006"",""FL:PUMA:01113""]",0.07155743039151662,1.000728501121201,-0.09835089157390153,0.8870868593961435,-0.04223967311309874,0.9769158545782043,-0.012404682231657846,1.0050851289048943,-0.3131716589779114,1.2360220638434787,-0.014947657006011252,1.0257395460480545,-0.36452485568905796,0.19912737313015305,-0.03334114189798391,0.9515591740546552,0.050478569906292965,0.9483858281301575,0.45986339399410175,1.1515408020768305,-0.35502196602021374,0.17722624931608866,-0.1699787179859698,1.3180949949158989,-0.1914585719733451,1.4492413664013746,-0.0694820239394808,1.011032682487087,-0.034448139073496455,1.00010487167761,-0.3653134117240792,0.42931603148436187
1,5f9644338fd1ffb661753079b4934480b3eeda0e0c9d645343ee506a34070007,c52014b8f05c192c,ACSEmployment,2018,b505147ac2879d972461,100000,100,16,PUMA,3,ME:PUMA:00700,3,829,624,306,318,0.49038461538461536,0.5096153846153846,48925,51075,0.006254471129279509,0.0062261380323054335,1.0045506695847513,1.3747296526482156,False,,False,0.95,False,True,False,True,0,0,132766,30181213ed668ac6a29e6c307660c811870ee7d9811983a9bde5b673b032434d,4f098505a266b8abffdec33b9d9eb61602b1fa0d94863d95369e873a476977bc,"[""IL:PUMA:03501"",""IL:PUMA:03504"",""OH:PUMA:05100"",""ME:PUMA:00700"",""TX:PUMA:05306"",""TN:PUMA:01604"",""ME:PUMA:00200"",""TX:PUMA:02311"",""FL:PUMA:03107"",""TX:PUMA:04619"",""TX:PUMA:02800"",""TX:PUMA:01100"",""GA:PUMA:02300"",""NY:PUMA:04013"",""AL:PUMA:01200"",""AZ:PUMA:00126"",""PA:PUMA:00900"",""OH:PUMA:04102"",""AZ:PUMA:00114"",""FL:PUMA:03102"",""MD:PUMA:00503"",""CA:PUMA:09501"",""OR:PUMA:01317"",""WI:PUMA:41003"",""OH:PUMA:05507"",""IN:PUMA:02100"",""CA:PUMA:00702"",""TX:PUMA:02700"",""OH:PUMA:04602"",""ID:PUMA:00200"",""PA:PUMA:01807"",""FL:PUMA:01500"",""GA:PUMA:03101"",""IN:PUMA:00104"",""GA:PUMA:02002"",""PA:PUMA:00600"",""AL:PUMA:00700"",""FL:PUMA:05703"",""MA:PUMA:03900"",""WV:PUMA:00200"",""NY:PUMA:00902"",""OH:PUMA:01803"",""OH:PUMA:01900"",""IL:PUMA:03419"",""NC:PUMA:01205"",""MA:PUMA:03305"",""MT:PUMA:00600"",""NC:PUMA:01203"",""NY:PUMA:02002"",""CA:PUMA:06505"",""TX:PUMA:04608"",""WV:PUMA:00600"",""WA:PUMA:11603"",""MA:PUMA:00504"",""TX:PUMA:03802"",""IN:PUMA:03500"",""NY:PUMA:02500"",""TX:PUMA:06603"",""CO:PUMA:00813"",""CO:PUMA:00814"",""MA:PUMA:00300"",""CT:PUMA:00904"",""IL:PUMA:02000"",""TX:PUMA:05308"",""AZ:PUMA:00102"",""MA:PUMA:03603"",""NY:PUMA:00300"",""WI:PUMA:10000"",""TX:PUMA:06302"",""NE:PUMA:00500"",""CA:PUMA:07504"",""CA:PUMA:06512"",""MA:PUMA:00507"",""CA:PUMA:03718"",""KY:PUMA:00500"",""PA:PUMA:03207"",""WV:PUMA:01200"",""PA:PUMA:04002"",""NC:PUMA:02400"",""MA:PUMA:01300"",""IL:PUMA:03523"",""CA:PUMA:00106"",""PA:PUMA:03208"",""TX:PUMA:02301"",""PA:PUMA:03503"",""NH:PUMA:00800"",""TX:PUMA:02503"",""IL:PUMA:03307"",""FL:PUMA:08302"",""CA:PUMA:04102"",""NH:PUMA:00900"",""NH:PUMA:00400"",""MO:PUMA:02100"",""FL:PUMA:07104"",""CA:PUMA:06506"",""FL:PUMA:10104"",""KY:PUMA:01901"",""AL:PUMA:01400"",""TX:PUMA:02006"",""FL:PUMA:01113""]",0.1734352071671594,0.9882375107900081,0.22188176372949117,0.8995186274455117,-0.0974352865204889,0.9702155684185403,0.1268505876445186,1.2193300825202182,0.11994868978669916,0.8636623628495104,-0.15298390956231175,0.7764953787237129,-0.27578298569604,0.5289083469862342,0.015895049104014333,0.9926877319769631,0.06355759838206299,0.920830019240474,-0.003579386848909064,0.8868292585728152,-0.27564896840087866,0.5194594267162748,-0.0015238986978914342,1.0034278454655792,0.0032030995149710294,0.990438521582446,0.0623045661892346,0.8878512991927869,-0.0010338453837157378,1.0000204199309626,-0.27778084317110097,0.6910799009740357
1,5f9644338fd1ffb661753079b4934480b3eeda0e0c9d645343ee506a34070007,c52014b8f05c192c,ACSEmployment,2018,b505147ac2879d972461,100000,100,16,PUMA,4,TX:PUMA:05306,4,1655,1247,622,625,0.4987971130713713,0.5012028869286287,48925,51075,0.012713336739908022,0.012236906510034264,1.0389338783852835,1.3747296526482156,False,,False,0.95,False,True,False,True,0,0,132766,30181213ed668ac6a29e6c307660c811870ee7d9811983a9bde5b673b032434d,4f098505a266b8abffdec33b9d9eb61602b1fa0d94863d95369e873a476977bc,"[""IL:PUMA:03501"",""IL:PUMA:03504"",""OH:PUMA:05100"",""ME:PUMA:00700"",""TX:PUMA:05306"",""TN:PUMA:01604"",""ME:PUMA:00200"",""TX:PUMA:02311"",""FL:PUMA:03107"",""TX:PUMA:04619"",""TX:PUMA:02800"",""TX:PUMA:01100"",""GA:PUMA:02300"",""NY:PUMA:04013"",""AL:PUMA:01200"",""AZ:PUMA:00126"",""PA:PUMA:00900"",""OH:PUMA:04102"",""AZ:PUMA:00114"",""FL:PUMA:03102"",""MD:PUMA:00503"",""CA:PUMA:09501"",""OR:PUMA:01317"",""WI:PUMA:41003"",""OH:PUMA:05507"",""IN:PUMA:02100"",""CA:PUMA:00702"",""TX:PUMA:02700"",""OH:PUMA:04602"",""ID:PUMA:00200"",""PA:PUMA:01807"",""FL:PUMA:01500"",""GA:PUMA:03101"",""IN:PUMA:00104"",""GA:PUMA:02002"",""PA:PUMA:00600"",""AL:PUMA:00700"",""FL:PUMA:05703"",""MA:PUMA:03900"",""WV:PUMA:00200"",""NY:PUMA:00902"",""OH:PUMA:01803"",""OH:PUMA:01900"",""IL:PUMA:03419"",""NC:PUMA:01205"",""MA:PUMA:03305"",""MT:PUMA:00600"",""NC:PUMA:01203"",""NY:PUMA:02002"",""CA:PUMA:06505"",""TX:PUMA:04608"",""WV:PUMA:00600"",""WA:PUMA:11603"",""MA:PUMA:00504"",""TX:PUMA:03802"",""IN:PUMA:03500"",""NY:PUMA:02500"",""TX:PUMA:06603"",""CO:PUMA:00813"",""CO:PUMA:00814"",""MA:PUMA:00300"",""CT:PUMA:00904"",""IL:PUMA:02000"",""TX:PUMA:05308"",""AZ:PUMA:00102"",""MA:PUMA:03603"",""NY:PUMA:00300"",""WI:PUMA:10000"",""TX:PUMA:06302"",""NE:PUMA:00500"",""CA:PUMA:07504"",""CA:PUMA:06512"",""MA:PUMA:00507"",""CA:PUMA:03718"",""KY:PUMA:00500"",""PA:PUMA:03207"",""WV:PUMA:01200"",""PA:PUMA:04002"",""NC:PUMA:02400"",""MA:PUMA:01300"",""IL:PUMA:03523"",""CA:PUMA:00106"",""PA:PUMA:03208"",""TX:PUMA:02301"",""PA:PUMA:03503"",""NH:PUMA:00800"",""TX:PUMA:02503"",""IL:PUMA:03307"",""FL:PUMA:08302"",""CA:PUMA:04102"",""NH:PUMA:00900"",""NH:PUMA:00400"",""MO:PUMA:02100"",""FL:PUMA:07104"",""CA:PUMA:06506"",""FL:PUMA:10104"",""KY:PUMA:01901"",""AL:PUMA:01400"",""TX:PUMA:02006"",""FL:PUMA:01113""]",-0.28713420360345504,0.8551579382832405,0.37315374557614756,0.9335583483802911,0.3131918649968765,0.9935057071852736,0.4535422661740299,1.465954451550351,0.15598852931858195,0.8148298468432456,-0.1894041660573649,0.6393811659599432,-0.01050355514006079,1.0098853694676433,0.4853218686397128,1.329247440433009,0.19814468210386943,0.8568112755382356,0.028253152575856966,0.9523457917524514,-0.031670728295434415,0.9611633110276651,0.08135782437812551,0.7915922808154492,0.09352379839559687,0.66020595087504,0.06328373327065336,0.9047575450380221,-0.017862296380010176,1.0002024917820849,-0.010336704432143483,0.9946422461515027
1,5f9644338fd1ffb661753079b4934480b3eeda0e0c9d645343ee506a34070007,c52014b8f05c192c,ACSEmployment,2018,b505147ac2879d972461,100000,100,16,PUMA,5,TN:PUMA:01604,5,1763,1328,648,680,0.4879518072289157,0.5120481927710844,48925,51075,0.013244762391415432,0.013313754282917279,1.0052089942773579,1.3747296526482156,False,,False,0.95,False,True,False,True,0,0,132766,30181213ed668ac6a29e6c307660c811870ee7d9811983a9bde5b673b032434d,4f098505a266b8abffdec33b9d9eb61602b1fa0d94863d95369e873a476977bc,"[""IL:PUMA:03501"",""IL:PUMA:03504"",""OH:PUMA:05100"",""ME:PUMA:00700"",""TX:PUMA:05306"",""TN:PUMA:01604"",""ME:PUMA:00200"",""TX:PUMA:02311"",""FL:PUMA:03107"",""TX:PUMA:04619"",""TX:PUMA:02800"",""TX:PUMA:01100"",""GA:PUMA:02300"",""NY:PUMA:04013"",""AL:PUMA:01200"",""AZ:PUMA:00126"",""PA:PUMA:00900"",""OH:PUMA:04102"",""AZ:PUMA:00114"",""FL:PUMA:03102"",""MD:PUMA:00503"",""CA:PUMA:09501"",""OR:PUMA:01317"",""WI:PUMA:41003"",""OH:PUMA:05507"",""IN:PUMA:02100"",""CA:PUMA:00702"",""TX:PUMA:02700"",""OH:PUMA:04602"",""ID:PUMA:00200"",""PA:PUMA:01807"",""FL:PUMA:01500"",""GA:PUMA:03101"",""IN:PUMA:00104"",""GA:PUMA:02002"",""PA:PUMA:00600"",""AL:PUMA:00700"",""FL:PUMA:05703"",""MA:PUMA:03900"",""WV:PUMA:00200"",""NY:PUMA:00902"",""OH:PUMA:01803"",""OH:PUMA:01900"",""IL:PUMA:03419"",""NC:PUMA:01205"",""MA:PUMA:03305"",""MT:PUMA:00600"",""NC:PUMA:01203"",""NY:PUMA:02002"",""CA:PUMA:06505"",""TX:PUMA:04608"",""WV:PUMA:00600"",""WA:PUMA:11603"",""MA:PUMA:00504"",""TX:PUMA:03802"",""IN:PUMA:03500"",""NY:PUMA:02500"",""TX:PUMA:06603"",""CO:PUMA:00813"",""CO:PUMA:00814"",""MA:PUMA:00300"",""CT:PUMA:00904"",""IL:PUMA:02000"",""TX:PUMA:05308"",""AZ:PUMA:00102"",""MA:PUMA:03603"",""NY:PUMA:00300"",""WI:PUMA:10000"",""TX:PUMA:06302"",""NE:PUMA:00500"",""CA:PUMA:07504"",""CA:PUMA:06512"",""MA:PUMA:00507"",""CA:PUMA:03718"",""KY:PUMA:00500"",""PA:PUMA:03207"",""WV:PUMA:01200"",""PA:PUMA:04002"",""NC:PUMA:02400"",""MA:PUMA:01300"",""IL:PUMA:03523"",""CA:PUMA:00106"",""PA:PUMA:03208"",""TX:PUMA:02301"",""PA:PUMA:03503"",""NH:PUMA:00800"",""TX:PUMA:02503"",""IL:PUMA:03307"",""FL:PUMA:08302"",""CA:PUMA:04102"",""NH:PUMA:00900"",""NH:PUMA:00400"",""MO:PUMA:02100"",""FL:PUMA:07104"",""CA:PUMA:06506"",""FL:PUMA:10104"",""KY:PUMA:01901"",""AL:PUMA:01400"",""TX:PUMA:02006"",""FL:PUMA:01113""]",-0.04021896101951076,0.9903512340305107,0.1251057351636767,1.0786434244321057,-0.16291926961894784,1.0061672971855173,-0.23190451144784885,0.6253208923129702,0.12278730589598597,0.8599715635734473,0.014753080374217017,0.8947384747555436,-0.1863736980547866,0.7165108171087559,0.05220008613098287,1.0539028718216679,-0.11199487344068121,1.0628900155097065,0.09602438398792229,1.015969848723702,-0.18756065198566116,0.7208991981865185,0.022472139767785993,0.9477289615041778,0.045911406452736836,0.8516172879581523,0.0030648558681706526,1.045603911107715,0.0038327702583942627,0.9999149665660139,-0.22930903825805127,0.739387205303204
1,5f9644338fd1ffb661753079b4934480b3eeda0e0c9d645343ee506a34070007,c52014b8f05c192c,ACSEmployment,2018,b505147ac2879d972461,100000,100,16,PUMA,6,ME:PUMA:00200,6,1971,1485,746,739,0.5023569023569023,0.49764309764309766,48925,51075,0.015247828308635667,0.014468918257464512,1.0538333299912945,1.3747296526482156,False,,False,0.95,False,True,False,True,0,0,132766,30181213ed668ac6a29e6c307660c811870ee7d9811983a9bde5b673b032434d,4f098505a266b8abffdec33b9d9eb61602b1fa0d94863d95369e873a476977bc,"[""IL:PUMA:03501"",""IL:PUMA:03504"",""OH:PUMA:05100"",""ME:PUMA:00700"",""TX:PUMA:05306"",""TN:PUMA:01604"",""ME:PUMA:00200"",""TX:PUMA:02311"",""FL:PUMA:03107"",""TX:PUMA:04619"",""TX:PUMA:02800"",""TX:PUMA:01100"",""GA:PUMA:02300"",""NY:PUMA:04013"",""AL:PUMA:01200"",""AZ:PUMA:00126"",""PA:PUMA:00900"",""OH:PUMA:04102"",""AZ:PUMA:00114"",""FL:PUMA:03102"",""MD:PUMA:00503"",""CA:PUMA:09501"",""OR:PUMA:01317"",""WI:PUMA:41003"",""OH:PUMA:05507"",""IN:PUMA:02100"",""CA:PUMA:00702"",""TX:PUMA:02700"",""OH:PUMA:04602"",""ID:PUMA:00200"",""PA:PUMA:01807"",""FL:PUMA:01500"",""GA:PUMA:03101"",""IN:PUMA:00104"",""GA:PUMA:02002"",""PA:PUMA:00600"",""AL:PUMA:00700"",""FL:PUMA:05703"",""MA:PUMA:03900"",""WV:PUMA:00200"",""NY:PUMA:00902"",""OH:PUMA:01803"",""OH:PUMA:01900"",""IL:PUMA:03419"",""NC:PUMA:01205"",""MA:PUMA:03305"",""MT:PUMA:00600"",""NC:PUMA:01203"",""NY:PUMA:02002"",""CA:PUMA:06505"",""TX:PUMA:04608"",""WV:PUMA:00600"",""WA:PUMA:11603"",""MA:PUMA:00504"",""TX:PUMA:03802"",""IN:PUMA:03500"",""NY:PUMA:02500"",""TX:PUMA:06603"",""CO:PUMA:00813"",""CO:PUMA:00814"",""MA:PUMA:00300"",""CT:PUMA:00904"",""IL:PUMA:02000"",""TX:PUMA:05308"",""AZ:PUMA:00102"",""MA:PUMA:03603"",""NY:PUMA:00300"",""WI:PUMA:10000"",""TX:PUMA:06302"",""NE:PUMA:00500"",""CA:PUMA:07504"",""CA:PUMA:06512"",""MA:PUMA:00507"",""CA:PUMA:03718"",""KY:PUMA:00500"",""PA:PUMA:03207"",""WV:PUMA:01200"",""PA:PUMA:04002"",""NC:PUMA:02400"",""MA:PUMA:01300"",""IL:PUMA:03523"",""CA:PUMA:00106"",""PA:PUMA:03208"",""TX:PUMA:02301"",""PA:PUMA:03503"",""NH:PUMA:00800"",""TX:PUMA:02503"",""IL:PUMA:03307"",""FL:PUMA:08302"",""CA:PUMA:04102"",""NH:PUMA:00900"",""NH:PUMA:00400"",""MO:PUMA:02100"",""FL:PUMA:07104"",""CA:PUMA:06506"",""FL:PUMA:10104"",""KY:PUMA:01901"",""AL:PUMA:01400"",""TX:PUMA:02006"",""FL:PUMA:01113""]",0.17430131601470478,1.009357679699689,-0.008619454297261107,0.8802669053342956,-0.11638144922491556,0.9729176610797946,-0.02438916708131334,1.0051107028748927,-0.1586127374268405,1.1365764334455564,-0.04804417353021016,0.9391145320237237,-0.33975606033067673,0.33088910614204214,-0.06809970314354262,0.9321921894020164,0.004107468946744166,0.9658852850913022,0.15912742741442093,0.9924820091727125,-0.33591607334728135,0.29992147101447164,-0.15012485901538347,1.2861680085800202,-0.0006919391399083289,1.0020521594226295,0.02992485732989026,0.8899615138805407,-0.02498333721464897,1.0001942739335572,-0.3126452269336945,0.6130752437850593
1,5f9644338fd1ffb661753079b4934480b3eeda0e0c9d645343ee506a34070007,c52014b8f05c192c,ACSEmployment,2018,b505147ac2879d972461,100000,100,16,PUMA,7,TX:PUMA:02311,7,1356,1021,504,517,0.49363369245837413,0.5063663075416258,48925,51075,0.01030148185998978,0.010122369065100343,1.0176947504815823,1.3747296526482156,False,,False,0.95,False,True,False,True,0,0,132766,30181213ed668ac6a29e6c307660c811870ee7d9811983a9bde5b673b032434d,4f098505a266b8abffdec33b9d9eb61602b1fa0d94863d95369e873a476977bc,"[""IL:PUMA:03501"",""IL:PUMA:03504"",""OH:PUMA:05100"",""ME:PUMA:00700"",""TX:PUMA:05306"",""TN:PUMA:01604"",""ME:PUMA:00200"",""TX:PUMA:02311"",""FL:PUMA:03107"",""TX:PUMA:04619"",""TX:PUMA:02800"",""TX:PUMA:01100"",""GA:PUMA:02300"",""NY:PUMA:04013"",""AL:PUMA:01200"",""AZ:PUMA:00126"",""PA:PUMA:00900"",""OH:PUMA:04102"",""AZ:PUMA:00114"",""FL:PUMA:03102"",""MD:PUMA:00503"",""CA:PUMA:09501"",""OR:PUMA:01317"",""WI:PUMA:41003"",""OH:PUMA:05507"",""IN:PUMA:02100"",""CA:PUMA:00702"",""TX:PUMA:02700"",""OH:PUMA:04602"",""ID:PUMA:00200"",""PA:PUMA:01807"",""FL:PUMA:01500"",""GA:PUMA:03101"",""IN:PUMA:00104"",""GA:PUMA:02002"",""PA:PUMA:00600"",""AL:PUMA:00700"",""FL:PUMA:05703"",""MA:PUMA:03900"",""WV:PUMA:00200"",""NY:PUMA:00902"",""OH:PUMA:01803"",""OH:PUMA:01900"",""IL:PUMA:03419"",""NC:PUMA:01205"",""MA:PUMA:03305"",""MT:PUMA:00600"",""NC:PUMA:01203"",""NY:PUMA:02002"",""CA:PUMA:06505"",""TX:PUMA:04608"",""WV:PUMA:00600"",""WA:PUMA:11603"",""MA:PUMA:00504"",""TX:PUMA:03802"",""IN:PUMA:03500"",""NY:PUMA:02500"",""TX:PUMA:06603"",""CO:PUMA:00813"",""CO:PUMA:00814"",""MA:PUMA:00300"",""CT:PUMA:00904"",""IL:PUMA:02000"",""TX:PUMA:05308"",""AZ:PUMA:00102"",""MA:PUMA:03603"",""NY:PUMA:00300"",""WI:PUMA:10000"",""TX:PUMA:06302"",""NE:PUMA:00500"",""CA:PUMA:07504"",""CA:PUMA:06512"",""MA:PUMA:00507"",""CA:PUMA:03718"",""KY:PUMA:00500"",""PA:PUMA:03207"",""WV:PUMA:01200"",""PA:PUMA:04002"",""NC:PUMA:02400"",""MA:PUMA:01300"",""IL:PUMA:03523"",""CA:PUMA:00106"",""PA:PUMA:03208"",""TX:PUMA:02301"",""PA:PUMA:03503"",""NH:PUMA:00800"",""TX:PUMA:02503"",""IL:PUMA:03307"",""FL:PUMA:08302"",""CA:PUMA:04102"",""NH:PUMA:00900"",""NH:PUMA:00400"",""MO:PUMA:02100"",""FL:PUMA:07104"",""CA:PUMA:06506"",""FL:PUMA:10104"",""KY:PUMA:01901"",""AL:PUMA:01400"",""TX:PUMA:02006"",""FL:PUMA:01113""]",0.009371460676432661,1.0217122920357453,0.08686512349570315,1.1035439593446705,-0.09076750787174051,1.0128973256852478,-0.19044857086576827,0.7165035846252651,0.11539119570526157,0.8695359175555674,0.012155839181937422,0.9327909042677077,0.2282513959215045,1.2553535266615847,0.02860077976876523,1.010626477793013,-0.030455124422714936,1.0397470437413432,-0.16545432760731774,0.8802060995372715,0.194138600043719,1.192915153302429,-0.0006646589920927624,1.001496806379668,0.05340274682142282,0.8246341365953915,0.02009431803217917,1.0126957805105237,-0.007533334162775011,1.0001243065762866,-0.14736881273509816,0.8523122080684242
1,5f9644338fd1ffb661753079b4934480b3eeda0e0c9d645343ee506a34070007,c52014b8f05c192c,ACSEmployment,2018,b505147ac2879d972461,100000,100,16,PUMA,8,FL:PUMA:03107,8,1759,1325,610,715,0.46037735849056605,0.539622641509434,48925,51075,0.012468063362289217,0.013999021047479198,1.1227903356523274,1.3747296526482156,False,,False,0.95,False,True,False,True,0,0,132766,30181213ed668ac6a29e6c307660c811870ee7d9811983a9bde5b673b032434d,4f098505a266b8abffdec33b9d9eb61602b1fa0d94863d95369e873a476977bc,"[""IL:PUMA:03501"",""IL:PUMA:03504"",""OH:PUMA:05100"",""ME:PUMA:00700"",""TX:PUMA:05306"",""TN:PUMA:01604"",""ME:PUMA:00200"",""TX:PUMA:02311"",""FL:PUMA:03107"",""TX:PUMA:04619"",""TX:PUMA:02800"",""TX:PUMA:01100"",""GA:PUMA:02300"",""NY:PUMA:04013"",""AL:PUMA:01200"",""AZ:PUMA:00126"",""PA:PUMA:00900"",""OH:PUMA:04102"",""AZ:PUMA:00114"",""FL:PUMA:03102"",""MD:PUMA:00503"",""CA:PUMA:09501"",""OR:PUMA:01317"",""WI:PUMA:41003"",""OH:PUMA:05507"",""IN:PUMA:02100"",""CA:PUMA:00702"",""TX:PUMA:02700"",""OH:PUMA:04602"",""ID:PUMA:00200"",""PA:PUMA:01807"",""FL:PUMA:01500"",""GA:PUMA:03101"",""IN:PUMA:00104"",""GA:PUMA:02002"",""PA:PUMA:00600"",""AL:PUMA:00700"",""FL:PUMA:05703"",""MA:PUMA:03900"",""WV:PUMA:00200"",""NY:PUMA:00902"",""OH:PUMA:01803"",""OH:PUMA:01900"",""IL:PUMA:03419"",""NC:PUMA:01205"",""MA:PUMA:03305"",""MT:PUMA:00600"",""NC:PUMA:01203"",""NY:PUMA:02002"",""CA:PUMA:06505"",""TX:PUMA:04608"",""WV:PUMA:00600"",""WA:PUMA:11603"",""MA:PUMA:00504"",""TX:PUMA:03802"",""IN:PUMA:03500"",""NY:PUMA:02500"",""TX:PUMA:06603"",""CO:PUMA:00813"",""CO:PUMA:00814"",""MA:PUMA:00300"",""CT:PUMA:00904"",""IL:PUMA:02000"",""TX:PUMA:05308"",""AZ:PUMA:00102"",""MA:PUMA:03603"",""NY:PUMA:00300"",""WI:PUMA:10000"",""TX:PUMA:06302"",""NE:PUMA:00500"",""CA:PUMA:07504"",""CA:PUMA:06512"",""MA:PUMA:00507"",""CA:PUMA:03718"",""KY:PUMA:00500"",""PA:PUMA:03207"",""WV:PUMA:01200"",""PA:PUMA:04002"",""NC:PUMA:02400"",""MA:PUMA:01300"",""IL:PUMA:03523"",""CA:PUMA:00106"",""PA:PUMA:03208"",""TX:PUMA:02301"",""PA:PUMA:03503"",""NH:PUMA:00800"",""TX:PUMA:02503"",""IL:PUMA:03307"",""FL:PUMA:08302"",""CA:PUMA:04102"",""NH:PUMA:00900"",""NH:PUMA:00400"",""MO:PUMA:02100"",""FL:PUMA:07104"",""CA:PUMA:06506"",""FL:PUMA:10104"",""KY:PUMA:01901"",""AL:PUMA:01400"",""TX:PUMA:02006"",""FL:PUMA:01113""]",-0.08634743878383974,0.957675822841566,-0.05588233987290654,0.9967489267270428,0.08224853031164643,0.9875873174541491,0.025840496025479092,0.9941760577371328,-0.05070944629157834,1.0482193693361033,0.09674751527478874,1.173895259077834,-0.14267625522618682,0.7857418053880183,0.02516229443744803,1.0476058910320867,-0.0727110718881333,1.0157967480929517,0.11559894297754376,1.051486572735596,-0.16139289317107183,0.7687191980669391,-0.011455412731326713,1.0254316088213564,-0.03002231512410334,1.0850728422890838,-0.016378857963687397,1.0262705386463522,0.05899299456058787,0.9970598878561228,-0.029216596590818874,0.8867601526731462
1,5f9644338fd1ffb661753079b4934480b3eeda0e0c9d645343ee506a34070007,c52014b8f05c192c,ACSEmployment,2018,b505147ac2879d972461,100000,100,16,PUMA,9,TX:PUMA:04619,9,770,580,255,325,0.4396551724137931,0.5603448275862069,48925,51075,0.005212059274399591,0.006363191385217817,1.220859366752085,1.3747296526482156,False,,False,0.95,False,True,False,True,0,0,132766,30181213ed668ac6a29e6c307660c811870ee7d9811983a9bde5b673b032434d,4f098505a266b8abffdec33b9d9eb61602b1fa0d94863d95369e873a476977bc,"[""IL:PUMA:03501"",""IL:PUMA:03504"",""OH:PUMA:05100"",""ME:PUMA:00700"",""TX:PUMA:05306"",""TN:PUMA:01604"",""ME:PUMA:00200"",""TX:PUMA:02311"",""FL:PUMA:03107"",""TX:PUMA:04619"",""TX:PUMA:02800"",""TX:PUMA:01100"",""GA:PUMA:02300"",""NY:PUMA:04013"",""AL:PUMA:01200"",""AZ:PUMA:00126"",""PA:PUMA:00900"",""OH:PUMA:04102"",""AZ:PUMA:00114"",""FL:PUMA:03102"",""MD:PUMA:00503"",""CA:PUMA:09501"",""OR:PUMA:01317"",""WI:PUMA:41003"",""OH:PUMA:05507"",""IN:PUMA:02100"",""CA:PUMA:00702"",""TX:PUMA:02700"",""OH:PUMA:04602"",""ID:PUMA:00200"",""PA:PUMA:01807"",""FL:PUMA:01500"",""GA:PUMA:03101"",""IN:PUMA:00104"",""GA:PUMA:02002"",""PA:PUMA:00600"",""AL:PUMA:00700"",""FL:PUMA:05703"",""MA:PUMA:03900"",""WV:PUMA:00200"",""NY:PUMA:00902"",""OH:PUMA:01803"",""OH:PUMA:01900"",""IL:PUMA:03419"",""NC:PUMA:01205"",""MA:PUMA:03305"",""MT:PUMA:00600"",""NC:PUMA:01203"",""NY:PUMA:02002"",""CA:PUMA:06505"",""TX:PUMA:04608"",""WV:PUMA:00600"",""WA:PUMA:11603"",""MA:PUMA:00504"",""TX:PUMA:03802"",""IN:PUMA:03500"",""NY:PUMA:02500"",""TX:PUMA:06603"",""CO:PUMA:00813"",""CO:PUMA:00814"",""MA:PUMA:00300"",""CT:PUMA:00904"",""IL:PUMA:02000"",""TX:PUMA:05308"",""AZ:PUMA:00102"",""MA:PUMA:03603"",""NY:PUMA:00300"",""WI:PUMA:10000"",""TX:PUMA:06302"",""NE:PUMA:00500"",""CA:PUMA:07504"",""CA:PUMA:06512"",""MA:PUMA:00507"",""CA:PUMA:03718"",""KY:PUMA:00500"",""PA:PUMA:03207"",""WV:PUMA:01200"",""PA:PUMA:04002"",""NC:PUMA:02400"",""MA:PUMA:01300"",""IL:PUMA:03523"",""CA:PUMA:00106"",""PA:PUMA:03208"",""TX:PUMA:02301"",""PA:PUMA:03503"",""NH:PUMA:00800"",""TX:PUMA:02503"",""IL:PUMA:03307"",""FL:PUMA:08302"",""CA:PUMA:04102"",""NH:PUMA:00900"",""NH:PUMA:00400"",""MO:PUMA:02100"",""FL:PUMA:07104"",""CA:PUMA:06506"",""FL:PUMA:10104"",""KY:PUMA:01901"",""AL:PUMA:01400"",""TX:PUMA:02006"",""FL:PUMA:01113""]",-0.2054729893176017,0.9212018285342253,-0.3359214150129616,0.9869812991327898,0.15201421764240328,1.011568513486879,-0.0851335745751453,0.7184875188827742,0.07810846716894826,0.9153201084489071,0.07132054039755793,1.103340882951911,0.7005771917747835,1.5101630839577838,0.06024255829746245,0.998878870625469,-0.007565256467211692,1.0381422321848512,-0.3160119750244121,0.8554025337257867,0.6675692326651244,1.4624121964091694,0.06731793809243168,0.8318640483179071,0.0018180103381283067,0.994585656696164,0.028863661109502153,0.9838607095514426,0.1004458788185032,0.9928941725597485,0.11859475578965258,1.1302551805085694
1,5f9644338fd1ffb661753079b4934480b3eeda0e0c9d645343ee506a34070007,c52014b8f05c192c,ACSEmployment,2018,b505147ac2879d972461,100000,100,16,PUMA,10,TX:PUMA:02800,10,1495,1126,588,538,0.522202486678508,0.477797513321492,48925,51075,0.01201839550332141,0.010533529123837494,1.1409657069370651,1.3747296526482156,False,,False,0.95,False,True,False,True,0,0,132766,30181213ed668ac6a29e6c307660c811870ee7d9811983a9bde5b673b032434d,4f098505a266b8abffdec33b9d9eb61602b1fa0d94863d95369e873a476977bc,"[""IL:PUMA:03501"",""IL:PUMA:03504"",""OH:PUMA:05100"",""ME:PUMA:00700"",""TX:PUMA:05306"",""TN:PUMA:01604"",""ME:PUMA:00200"",""TX:PUMA:02311"",""FL:PUMA:03107"",""TX:PUMA:04619"",""TX:PUMA:02800"",""TX:PUMA:01100"",""GA:PUMA:02300"",""NY:PUMA:04013"",""AL:PUMA:01200"",""AZ:PUMA:00126"",""PA:PUMA:00900"",""OH:PUMA:04102"",""AZ:PUMA:00114"",""FL:PUMA:03102"",""MD:PUMA:00503"",""CA:PUMA:09501"",""OR:PUMA:01317"",""WI:PUMA:41003"",""OH:PUMA:05507"",""IN:PUMA:02100"",""CA:PUMA:00702"",""TX:PUMA:02700"",""OH:PUMA:04602"",""ID:PUMA:00200"",""PA:PUMA:01807"",""FL:PUMA:01500"",""GA:PUMA:03101"",""IN:PUMA:00104"",""GA:PUMA:02002"",""PA:PUMA:00600"",""AL:PUMA:00700"",""FL:PUMA:05703"",""MA:PUMA:03900"",""WV:PUMA:00200"",""NY:PUMA:00902"",""OH:PUMA:01803"",""OH:PUMA:01900"",""IL:PUMA:03419"",""NC:PUMA:01205"",""MA:PUMA:03305"",""MT:PUMA:00600"",""NC:PUMA:01203"",""NY:PUMA:02002"",""CA:PUMA:06505"",""TX:PUMA:04608"",""WV:PUMA:00600"",""WA:PUMA:11603"",""MA:PUMA:00504"",""TX:PUMA:03802"",""IN:PUMA:03500"",""NY:PUMA:02500"",""TX:PUMA:06603"",""CO:PUMA:00813"",""CO:PUMA:00814"",""MA:PUMA:00300"",""CT:PUMA:00904"",""IL:PUMA:02000"",""TX:PUMA:05308"",""AZ:PUMA:00102"",""MA:PUMA:03603"",""NY:PUMA:00300"",""WI:PUMA:10000"",""TX:PUMA:06302"",""NE:PUMA:00500"",""CA:PUMA:07504"",""CA:PUMA:06512"",""MA:PUMA:00507"",""CA:PUMA:03718"",""KY:PUMA:00500"",""PA:PUMA:03207"",""WV:PUMA:01200"",""PA:PUMA:04002"",""NC:PUMA:02400"",""MA:PUMA:01300"",""IL:PUMA:03523"",""CA:PUMA:00106"",""PA:PUMA:03208"",""TX:PUMA:02301"",""PA:PUMA:03503"",""NH:PUMA:00800"",""TX:PUMA:02503"",""IL:PUMA:03307"",""FL:PUMA:08302"",""CA:PUMA:04102"",""NH:PUMA:00900"",""NH:PUMA:00400"",""MO:PUMA:02100"",""FL:PUMA:07104"",""CA:PUMA:06506"",""FL:PUMA:10104"",""KY:PUMA:01901"",""AL:PUMA:01400"",""TX:PUMA:02006"",""FL:PUMA:01113""]",0.0665503957558049,1.0335330756109038,-0.16861231266910978,0.9884761433434875,-0.10381235884176475,0.978712277044721,0.10472568654161844,1.155851614589218,-0.10027724872754952,1.0910241317657643,-0.022353748553385972,0.9518813316246779,-0.12284835038776744,0.8834466372744418,-0.01609286331528309,0.9699748120571174,-0.013847948476314697,1.0044246363389304,-0.12887643946810926,0.9781556335341416,-0.13364691110476434,0.815452688550679,-0.1122424888501321,1.2220445259301935,-0.06985481912716644,1.187411437115458,-0.02748945457388781,1.045273031745085,-0.06468265787833093,0.9992187963547771,0.017815798297651474,1.1058028260932962
1,5f9644338fd1ffb661753079b4934480b3eeda0e0c9d645343ee506a34070007,c52014b8f05c192c,ACSEmployment,2018,b505147ac2879d972461,100000,100,16,PUMA,11,TX:PUMA:01100,11,1462,1101,527,574,0.4786557674841054,0.5213442325158947,48925,51075,0.010771589167092489,0.011238374938815467,1.0433349030010375,1.3747296526482156,False,,False,0.95,False,True,False,True,0,0,132766,30181213ed668ac6a29e6c307660c811870ee7d9811983a9bde5b673b032434d,4f098505a266b8abffdec33b9d9eb61602b1fa0d94863d95369e873a476977bc,"[""IL:PUMA:03501"",""IL:PUMA:03504"",""OH:PUMA:05100"",""ME:PUMA:00700"",""TX:PUMA:05306"",""TN:PUMA:01604"",""ME:PUMA:00200"",""TX:PUMA:02311"",""FL:PUMA:03107"",""TX:PUMA:04619"",""TX:PUMA:02800"",""TX:PUMA:01100"",""GA:PUMA:02300"",""NY:PUMA:04013"",""AL:PUMA:01200"",""AZ:PUMA:00126"",""PA:PUMA:00900"",""OH:PUMA:04102"",""AZ:PUMA:00114"",""FL:PUMA:03102"",""MD:PUMA:00503"",""CA:PUMA:09501"",""OR:PUMA:01317"",""WI:PUMA:41003"",""OH:PUMA:05507"",""IN:PUMA:02100"",""CA:PUMA:00702"",""TX:PUMA:02700"",""OH:PUMA:04602"",""ID:PUMA:00200"",""PA:PUMA:01807"",""FL:PUMA:01500"",""GA:PUMA:03101"",""IN:PUMA:00104"",""GA:PUMA:02002"",""PA:PUMA:00600"",""AL:PUMA:00700"",""FL:PUMA:05703"",""MA:PUMA:03900"",""WV:PUMA:00200"",""NY:PUMA:00902"",""OH:PUMA:01803"",""OH:PUMA:01900"",""IL:PUMA:03419"",""NC:PUMA:01205"",""MA:PUMA:03305"",""MT:PUMA:00600"",""NC:PUMA:01203"",""NY:PUMA:02002"",""CA:PUMA:06505"",""TX:PUMA:04608"",""WV:PUMA:00600"",""WA:PUMA:11603"",""MA:PUMA:00504"",""TX:PUMA:03802"",""IN:PUMA:03500"",""NY:PUMA:02500"",""TX:PUMA:06603"",""CO:PUMA:00813"",""CO:PUMA:00814"",""MA:PUMA:00300"",""CT:PUMA:00904"",""IL:PUMA:02000"",""TX:PUMA:05308"",""AZ:PUMA:00102"",""MA:PUMA:03603"",""NY:PUMA:00300"",""WI:PUMA:10000"",""TX:PUMA:06302"",""NE:PUMA:00500"",""CA:PUMA:07504"",""CA:PUMA:06512"",""MA:PUMA:00507"",""CA:PUMA:03718"",""KY:PUMA:00500"",""PA:PUMA:03207"",""WV:PUMA:01200"",""PA:PUMA:04002"",""NC:PUMA:02400"",""MA:PUMA:01300"",""IL:PUMA:03523"",""CA:PUMA:00106"",""PA:PUMA:03208"",""TX:PUMA:02301"",""PA:PUMA:03503"",""NH:PUMA:00800"",""TX:PUMA:02503"",""IL:PUMA:03307"",""FL:PUMA:08302"",""CA:PUMA:04102"",""NH:PUMA:00900"",""NH:PUMA:00400"",""MO:PUMA:02100"",""FL:PUMA:07104"",""CA:PUMA:06506"",""FL:PUMA:10104"",""KY:PUMA:01901"",""AL:PUMA:01400"",""TX:PUMA:02006"",""FL:PUMA:01113""]",0.10112746860707512,1.048975438030734,-0.08986248925278885,0.9473042603640988,-0.053569358986365744,0.9736580860888253,0.05188343429835144,1.0593801838791717,-0.1735947677763403,1.14750521035892,0.04837125639988012,1.123847220764518,-0.2716202547798368,0.55729291374256,-0.04230068057755192,0.9525911661836522,-0.03893636863787028,1.0093549282508658,-0.11685644227674553,1.00345953050896,-0.26651471828150647,0.5444888145850476,-0.07480854326983705,1.1539679232291356,-0.10930992103008755,1.2795221759910216,-0.027040016986472397,0.9842158060607757,0.02242866830558541,0.9992936310295271,-0.13324914386249975,0.7642072823555449
1,5f9644338fd1ffb661753079b4934480b3eeda0e0c9d645343ee506a34070007,c52014b8f05c192c,ACSEmployment,2018,b505147ac2879d972461,100000,100,16,PUMA,12,GA:PUMA:02300,12,1058,797,387,410,0.48557089084065247,0.5144291091593476,48925,51075,0.007910066428206438,0.008027410670582477,1.0148347986001234,1.3747296526482156,False,,False,0.95,False,True,False,True,0,0,132766,30181213ed668ac6a29e6c307660c811870ee7d9811983a9bde5b673b032434d,4f098505a266b8abffdec33b9d9eb61602b1fa0d94863d95369e873a476977bc,"[""IL:PUMA:03501"",""IL:PUMA:03504"",""OH:PUMA:05100"",""ME:PUMA:00700"",""TX:PUMA:05306"",""TN:PUMA:01604"",""ME:PUMA:00200"",""TX:PUMA:02311"",""FL:PUMA:03107"",""TX:PUMA:04619"",""TX:PUMA:02800"",""TX:PUMA:01100"",""GA:PUMA:02300"",""NY:PUMA:04013"",""AL:PUMA:01200"",""AZ:PUMA:00126"",""PA:PUMA:00900"",""OH:PUMA:04102"",""AZ:PUMA:00114"",""FL:PUMA:03102"",""MD:PUMA:00503"",""CA:PUMA:09501"",""OR:PUMA:01317"",""WI:PUMA:41003"",""OH:PUMA:05507"",""IN:PUMA:02100"",""CA:PUMA:00702"",""TX:PUMA:02700"",""OH:PUMA:04602"",""ID:PUMA:00200"",""PA:PUMA:01807"",""FL:PUMA:01500"",""GA:PUMA:03101"",""IN:PUMA:00104"",""GA:PUMA:02002"",""PA:PUMA:00600"",""AL:PUMA:00700"",""FL:PUMA:05703"",""MA:PUMA:03900"",""WV:PUMA:00200"",""NY:PUMA:00902"",""OH:PUMA:01803"",""OH:PUMA:01900"",""IL:PUMA:03419"",""NC:PUMA:01205"",""MA:PUMA:03305"",""MT:PUMA:00600"",""NC:PUMA:01203"",""NY:PUMA:02002"",""CA:PUMA:06505"",""TX:PUMA:04608"",""WV:PUMA:00600"",""WA:PUMA:11603"",""MA:PUMA:00504"",""TX:PUMA:03802"",""IN:PUMA:03500"",""NY:PUMA:02500"",""TX:PUMA:06603"",""CO:PUMA:00813"",""CO:PUMA:00814"",""MA:PUMA:00300"",""CT:PUMA:00904"",""IL:PUMA:02000"",""TX:PUMA:05308"",""AZ:PUMA:00102"",""MA:PUMA:03603"",""NY:PUMA:00300"",""WI:PUMA:10000"",""TX:PUMA:06302"",""NE:PUMA:00500"",""CA:PUMA:07504"",""CA:PUMA:06512"",""MA:PUMA:00507"",""CA:PUMA:03718"",""KY:PUMA:00500"",""PA:PUMA:03207"",""WV:PUMA:01200"",""PA:PUMA:04002"",""NC:PUMA:02400"",""MA:PUMA:01300"",""IL:PUMA:03523"",""CA:PUMA:00106"",""PA:PUMA:03208"",""TX:PUMA:02301"",""PA:PUMA:03503"",""NH:PUMA:00800"",""TX:PUMA:02503"",""IL:PUMA:03307"",""FL:PUMA:08302"",""CA:PUMA:04102"",""NH:PUMA:00900"",""NH:PUMA:00400"",""MO:PUMA:02100"",""FL:PUMA:07104"",""CA:PUMA:06506"",""FL:PUMA:10104"",""KY:PUMA:01901"",""AL:PUMA:01400"",""TX:PUMA:02006"",""FL:PUMA:01113""]",-0.0949210619752114,1.020657659455931,-0.1184547494634248,0.9597489840291965,0.01969817513309023,0.9974559117058535,0.039721262718952426,1.0089577733502466,0.010053821899523405,0.9898524392192423,0.03613357829664065,1.003225245738445,-0.30702873461467933,0.4566413668560146,0.15068534870325087,1.1188352140404125,-0.07624195442231255,1.061996412247292,-0.030342992352731406,1.0537298803089679,-0.30676419871920274,0.42174927199307954,0.04479611156317562,0.8922172467402119,-0.04840494088091747,1.1336245831465255,0.0321316767843953,0.9586983732824914,0.008595581049919273,0.9997888156020406,-0.15980525735765733,0.7865281179791812
1,5f9644338fd1ffb661753079b4934480b3eeda0e0c9d645343ee506a34070007,c52014b8f05c192c,ACSEmployment,2018,b505147ac2879d972461,100000,100,16,PUMA,13,NY:PUMA:04013,13,1590,1198,571,627,0.4766277128547579,0.5233722871452421,48925,51075,0.011670924885028104,0.012276064610866373,1.051850194547526,1.3747296526482156,False,,False,0.95,False,True,False,True,0,0,132766,30181213ed668ac6a29e6c307660c811870ee7d9811983a9bde5b673b032434d,4f098505a266b8abffdec33b9d9eb61602b1fa0d94863d95369e873a476977bc,"[""IL:PUMA:03501"",""IL:PUMA:03504"",""OH:PUMA:05100"",""ME:PUMA:00700"",""TX:PUMA:05306"",""TN:PUMA:01604"",""ME:PUMA:00200"",""TX:PUMA:02311"",""FL:PUMA:03107"",""TX:PUMA:04619"",""TX:PUMA:02800"",""TX:PUMA:01100"",""GA:PUMA:02300"",""NY:PUMA:04013"",""AL:PUMA:01200"",""AZ:PUMA:00126"",""PA:PUMA:00900"",""OH:PUMA:04102"",""AZ:PUMA:00114"",""FL:PUMA:03102"",""MD:PUMA:00503"",""CA:PUMA:09501"",""OR:PUMA:01317"",""WI:PUMA:41003"",""OH:PUMA:05507"",""IN:PUMA:02100"",""CA:PUMA:00702"",""TX:PUMA:02700"",""OH:PUMA:04602"",""ID:PUMA:00200"",""PA:PUMA:01807"",""FL:PUMA:01500"",""GA:PUMA:03101"",""IN:PUMA:00104"",""GA:PUMA:02002"",""PA:PUMA:00600"",""AL:PUMA:00700"",""FL:PUMA:05703"",""MA:PUMA:03900"",""WV:PUMA:00200"",""NY:PUMA:00902"",""OH:PUMA:01803"",""OH:PUMA:01900"",""IL:PUMA:03419"",""NC:PUMA:01205"",""MA:PUMA:03305"",""MT:PUMA:00600"",""NC:PUMA:01203"",""NY:PUMA:02002"",""CA:PUMA:06505"",""TX:PUMA:04608"",""WV:PUMA:00600"",""WA:PUMA:11603"",""MA:PUMA:00504"",""TX:PUMA:03802"",""IN:PUMA:03500"",""NY:PUMA:02500"",""TX:PUMA:06603"",""CO:PUMA:00813"",""CO:PUMA:00814"",""MA:PUMA:00300"",""CT:PUMA:00904"",""IL:PUMA:02000"",""TX:PUMA:05308"",""AZ:PUMA:00102"",""MA:PUMA:03603"",""NY:PUMA:00300"",""WI:PUMA:10000"",""TX:PUMA:06302"",""NE:PUMA:00500"",""CA:PUMA:07504"",""CA:PUMA:06512"",""MA:PUMA:00507"",""CA:PUMA:03718"",""KY:PUMA:00500"",""PA:PUMA:03207"",""WV:PUMA:01200"",""PA:PUMA:04002"",""NC:PUMA:02400"",""MA:PUMA:01300"",""IL:PUMA:03523"",""CA:PUMA:00106"",""PA:PUMA:03208"",""TX:PUMA:02301"",""PA:PUMA:03503"",""NH:PUMA:00800"",""TX:PUMA:02503"",""IL:PUMA:03307"",""FL:PUMA:08302"",""CA:PUMA:04102"",""NH:PUMA:00900"",""NH:PUMA:00400"",""MO:PUMA:02100"",""FL:PUMA:07104"",""CA:PUMA:06506"",""FL:PUMA:10104"",""KY:PUMA:01901"",""AL:PUMA:01400"",""TX:PUMA:02006"",""FL:PUMA:01113""]",0.003952370278266925,1.0051541563226967,-0.007360619779369979,1.115076965946567,0.0325730487852223,1.0168980712340518,-0.05625267584788292,0.8658837445820429,0.07461731742040122,0.9194132006785222,-0.0665528364517959,0.8555072490299709,0.7502523556137698,1.4199041908248116,-0.1770835252817025,0.7614905736489247,0.08326348018403743,0.9672797528335744,-0.1481527832190282,0.944975938519451,0.7928400107756459,1.5009995738865098,0.02661979750162752,0.937704031524715,0.048802362565619005,0.8413147734341762,0.020491258747453937,1.0096877043238126,0.026485610633369426,0.9991120366676758,0.49131650819563527,1.2818596433668323
1,5f9644338fd1ffb661753079b4934480b3eeda0e0c9d645343ee506a34070007,c52014b8f05c192c,ACSEmployment,2018,b505147ac2879d972461,100000,100,16,PUMA,14,AL:PUMA:01200,14,1995,1503,724,779,0.48170326014637393,0.5182967398536261,48925,51075,0.01479816044966786,0.015252080274106706,1.0306740710092135,1.3747296526482156,False,,False,0.95,False,True,False,True,0,0,132766,30181213ed668ac6a29e6c307660c811870ee7d9811983a9bde5b673b032434d,4f098505a266b8abffdec33b9d9eb61602b1fa0d94863d95369e873a476977bc,"[""IL:PUMA:03501"",""IL:PUMA:03504"",""OH:PUMA:05100"",""ME:PUMA:00700"",""TX:PUMA:05306"",""TN:PUMA:01604"",""ME:PUMA:00200"",""TX:PUMA:02311"",""FL:PUMA:03107"",""TX:PUMA:04619"",""TX:PUMA:02800"",""TX:PUMA:01100"",""GA:PUMA:02300"",""NY:PUMA:04013"",""AL:PUMA:01200"",""AZ:PUMA:00126"",""PA:PUMA:00900"",""OH:PUMA:04102"",""AZ:PUMA:00114"",""FL:PUMA:03102"",""MD:PUMA:00503"",""CA:PUMA:09501"",""OR:PUMA:01317"",""WI:PUMA:41003"",""OH:PUMA:05507"",""IN:PUMA:02100"",""CA:PUMA:00702"",""TX:PUMA:02700"",""OH:PUMA:04602"",""ID:PUMA:00200"",""PA:PUMA:01807"",""FL:PUMA:01500"",""GA:PUMA:03101"",""IN:PUMA:00104"",""GA:PUMA:02002"",""PA:PUMA:00600"",""AL:PUMA:00700"",""FL:PUMA:05703"",""MA:PUMA:03900"",""WV:PUMA:00200"",""NY:PUMA:00902"",""OH:PUMA:01803"",""OH:PUMA:01900"",""IL:PUMA:03419"",""NC:PUMA:01205"",""MA:PUMA:03305"",""MT:PUMA:00600"",""NC:PUMA:01203"",""NY:PUMA:02002"",""CA:PUMA:06505"",""TX:PUMA:04608"",""WV:PUMA:00600"",""WA:PUMA:11603"",""MA:PUMA:00504"",""TX:PUMA:03802"",""IN:PUMA:03500"",""NY:PUMA:02500"",""TX:PUMA:06603"",""CO:PUMA:00813"",""CO:PUMA:00814"",""MA:PUMA:00300"",""CT:PUMA:00904"",""IL:PUMA:02000"",""TX:PUMA:05308"",""AZ:PUMA:00102"",""MA:PUMA:03603"",""NY:PUMA:00300"",""WI:PUMA:10000"",""TX:PUMA:06302"",""NE:PUMA:00500"",""CA:PUMA:07504"",""CA:PUMA:06512"",""MA:PUMA:00507"",""CA:PUMA:03718"",""KY:PUMA:00500"",""PA:PUMA:03207"",""WV:PUMA:01200"",""PA:PUMA:04002"",""NC:PUMA:02400"",""MA:PUMA:01300"",""IL:PUMA:03523"",""CA:PUMA:00106"",""PA:PUMA:03208"",""TX:PUMA:02301"",""PA:PUMA:03503"",""NH:PUMA:00800"",""TX:PUMA:02503"",""IL:PUMA:03307"",""FL:PUMA:08302"",""CA:PUMA:04102"",""NH:PUMA:00900"",""NH:PUMA:00400"",""MO:PUMA:02100"",""FL:PUMA:07104"",""CA:PUMA:06506"",""FL:PUMA:10104"",""KY:PUMA:01901"",""AL:PUMA:01400"",""TX:PUMA:02006"",""FL:PUMA:01113""]",0.0055438496775129294,0.9815250888953965,0.09982138951380794,0.9900159783343511,-0.13788981749785087,0.995047222249704,-0.180850267606283,0.7714486782326155,0.05893119171296839,0.9374230015882468,-0.05740702998142112,0.8357604118675935,-0.24576061071095628,0.6157318466203946,0.005327371064202532,1.0010473280133472,-0.01298473992324342,0.9936655395633502,0.04619828924323094,1.0335414618467023,-0.24540970274244597,0.597795438311552,0.008430355670854534,0.9807776154916007,0.03880072075454461,0.8764019841742118,0.03904153686902594,0.9518837282421623,0.016332431154841145,0.9995354830223315,-0.2763236551625748,0.5781842316139642
1,5f9644338fd1ffb661753079b4934480b3eeda0e0c9d645343ee506a34070007,c52014b8f05c192c,ACSEmployment,2018,b505147ac2879d972461,100000,100,16,PUMA,15,AZ:PUMA:00126,15,1371,1033,513,520,0.49661181026137463,0.5033881897386253,48925,51075,0.010485436893203883,0.010181106216348507,1.029891710231516,1.3747296526482156,False,,False,0.95,False,True,False,True,0,0,132766,30181213ed668ac6a29e6c307660c811870ee7d9811983a9bde5b673b032434d,4f098505a266b8abffdec33b9d9eb61602b1fa0d94863d95369e873a476977bc,"[""IL:PUMA:03501"",""IL:PUMA:03504"",""OH:PUMA:05100"",""ME:PUMA:00700"",""TX:PUMA:05306"",""TN:PUMA:01604"",""ME:PUMA:00200"",""TX:PUMA:02311"",""FL:PUMA:03107"",""TX:PUMA:04619"",""TX:PUMA:02800"",""TX:PUMA:01100"",""GA:PUMA:02300"",""NY:PUMA:04013"",""AL:PUMA:01200"",""AZ:PUMA:00126"",""PA:PUMA:00900"",""OH:PUMA:04102"",""AZ:PUMA:00114"",""FL:PUMA:03102"",""MD:PUMA:00503"",""CA:PUMA:09501"",""OR:PUMA:01317"",""WI:PUMA:41003"",""OH:PUMA:05507"",""IN:PUMA:02100"",""CA:PUMA:00702"",""TX:PUMA:02700"",""OH:PUMA:04602"",""ID:PUMA:00200"",""PA:PUMA:01807"",""FL:PUMA:01500"",""GA:PUMA:03101"",""IN:PUMA:00104"",""GA:PUMA:02002"",""PA:PUMA:00600"",""AL:PUMA:00700"",""FL:PUMA:05703"",""MA:PUMA:03900"",""WV:PUMA:00200"",""NY:PUMA:00902"",""OH:PUMA:01803"",""OH:PUMA:01900"",""IL:PUMA:03419"",""NC:PUMA:01205"",""MA:PUMA:03305"",""MT:PUMA:00600"",""NC:PUMA:01203"",""NY:PUMA:02002"",""CA:PUMA:06505"",""TX:PUMA:04608"",""WV:PUMA:00600"",""WA:PUMA:11603"",""MA:PUMA:00504"",""TX:PUMA:03802"",""IN:PUMA:03500"",""NY:PUMA:02500"",""TX:PUMA:06603"",""CO:PUMA:00813"",""CO:PUMA:00814"",""MA:PUMA:00300"",""CT:PUMA:00904"",""IL:PUMA:02000"",""TX:PUMA:05308"",""AZ:PUMA:00102"",""MA:PUMA:03603"",""NY:PUMA:00300"",""WI:PUMA:10000"",""TX:PUMA:06302"",""NE:PUMA:00500"",""CA:PUMA:07504"",""CA:PUMA:06512"",""MA:PUMA:00507"",""CA:PUMA:03718"",""KY:PUMA:00500"",""PA:PUMA:03207"",""WV:PUMA:01200"",""PA:PUMA:04002"",""NC:PUMA:02400"",""MA:PUMA:01300"",""IL:PUMA:03523"",""CA:PUMA:00106"",""PA:PUMA:03208"",""TX:PUMA:02301"",""PA:PUMA:03503"",""NH:PUMA:00800"",""TX:PUMA:02503"",""IL:PUMA:03307"",""FL:PUMA:08302"",""CA:PUMA:04102"",""NH:PUMA:00900"",""NH:PUMA:00400"",""MO:PUMA:02100"",""FL:PUMA:07104"",""CA:PUMA:06506"",""FL:PUMA:10104"",""KY:PUMA:01901"",""AL:PUMA:01400"",""TX:PUMA:02006"",""FL:PUMA:01113""]",0.02683400894649178,0.9885086890488273,0.06708996094869668,0.9425357980784386,0.012594026750263988,0.9848897066686844,0.0486346541600516,1.0414410000393526,-0.017981810352296027,1.0176495619089103,-0.002648302732261744,1.0245887538667375,-0.06137545304379382,0.9067170279924089,-0.003265653700037604,0.9857394590715495,0.039615252934162314,0.9645191016097818,0.027805795877036323,0.9411528087475134,-0.04670496804517689,0.9417944680181259,-0.07458305840619202,1.1535420076803404,-0.06056731795902944,1.1644759988367956,0.026220216188038988,0.9553143211556925,-0.013490793097698352,1.000182421615914,-0.07311484694046354,0.9645753584027138
1,5f9644338fd1ffb661753079b4934480b3eeda0e0c9d645343ee506a34070007,c52014b8f05c192c,ACSEmployment,2018,b505147ac2879d972461,100000,100,16,PUMA,16,PA:PUMA:00900,16,2521,1899,946,953,0.49815692469720907,0.5018430753027909,48925,51075,0.01933571793561574,0.018658835046500243,1.0362768033174963,1.3747296526482156,False,,False,0.95,False,True,False,True,0,0,132766,30181213ed668ac6a29e6c307660c811870ee7d9811983a9bde5b673b032434d,4f098505a266b8abffdec33b9d9eb61602b1fa0d94863d95369e873a476977bc,"[""IL:PUMA:03501"",""IL:PUMA:03504"",""OH:PUMA:05100"",""ME:PUMA:00700"",""TX:PUMA:05306"",""TN:PUMA:01604"",""ME:PUMA:00200"",""TX:PUMA:02311"",""FL:PUMA:03107"",""TX:PUMA:04619"",""TX:PUMA:02800"",""TX:PUMA:01100"",""GA:PUMA:02300"",""NY:PUMA:04013"",""AL:PUMA:01200"",""AZ:PUMA:00126"",""PA:PUMA:00900"",""OH:PUMA:04102"",""AZ:PUMA:00114"",""FL:PUMA:03102"",""MD:PUMA:00503"",""CA:PUMA:09501"",""OR:PUMA:01317"",""WI:PUMA:41003"",""OH:PUMA:05507"",""IN:PUMA:02100"",""CA:PUMA:00702"",""TX:PUMA:02700"",""OH:PUMA:04602"",""ID:PUMA:00200"",""PA:PUMA:01807"",""FL:PUMA:01500"",""GA:PUMA:03101"",""IN:PUMA:00104"",""GA:PUMA:02002"",""PA:PUMA:00600"",""AL:PUMA:00700"",""FL:PUMA:05703"",""MA:PUMA:03900"",""WV:PUMA:00200"",""NY:PUMA:00902"",""OH:PUMA:01803"",""OH:PUMA:01900"",""IL:PUMA:03419"",""NC:PUMA:01205"",""MA:PUMA:03305"",""MT:PUMA:00600"",""NC:PUMA:01203"",""NY:PUMA:02002"",""CA:PUMA:06505"",""TX:PUMA:04608"",""WV:PUMA:00600"",""WA:PUMA:11603"",""MA:PUMA:00504"",""TX:PUMA:03802"",""IN:PUMA:03500"",""NY:PUMA:02500"",""TX:PUMA:06603"",""CO:PUMA:00813"",""CO:PUMA:00814"",""MA:PUMA:00300"",""CT:PUMA:00904"",""IL:PUMA:02000"",""TX:PUMA:05308"",""AZ:PUMA:00102"",""MA:PUMA:03603"",""NY:PUMA:00300"",""WI:PUMA:10000"",""TX:PUMA:06302"",""NE:PUMA:00500"",""CA:PUMA:07504"",""CA:PUMA:06512"",""MA:PUMA:00507"",""CA:PUMA:03718"",""KY:PUMA:00500"",""PA:PUMA:03207"",""WV:PUMA:01200"",""PA:PUMA:04002"",""NC:PUMA:02400"",""MA:PUMA:01300"",""IL:PUMA:03523"",""CA:PUMA:00106"",""PA:PUMA:03208"",""TX:PUMA:02301"",""PA:PUMA:03503"",""NH:PUMA:00800"",""TX:PUMA:02503"",""IL:PUMA:03307"",""FL:PUMA:08302"",""CA:PUMA:04102"",""NH:PUMA:00900"",""NH:PUMA:00400"",""MO:PUMA:02100"",""FL:PUMA:07104"",""CA:PUMA:06506"",""FL:PUMA:10104"",""KY:PUMA:01901"",""AL:PUMA:01400"",""TX:PUMA:02006"",""FL:PUMA:01113""]",0.12224852650397405,0.9907871297134495,0.012635456480549007,0.8435088049594639,-0.12508683300806298,0.9976348035862987,0.026495636293171133,1.1053553654368644,-0.09323115580147785,1.0851804294553766,-0.10755102748757929,0.8166553419219318,-0.3130074750616078,0.42611786004044333,-0.10837563213300412,0.834515022333723,0.05692510526875788,0.9384373776977294,0.20662164945891712,1.0502613922902408,-0.31124270311513,0.40555660781860653,-0.05302746993642502,1.1118619046906555,0.03848458116964777,0.8774863150086243,0.04725436260726355,0.8651471438681626,-0.016581656659901287,1.0001985909829432,-0.31096870587886993,0.5849447869589086
1,5f9644338fd1ffb661753079b4934480b3eeda0e0c9d645343ee506a34070007,c52014b8f05c192c,ACSEmployment,2018,b505147ac2879d972461,100000,100,16,PUMA,17,OH:PUMA:04102,17,1060,798,364,434,0.45614035087719296,0.543859649122807,48925,51075,0.00743995912110373,0.008497307880567793,1.1421175496065366,1.3747296526482156,False,,False,0.95,False,True,False,True,0,0,132766,30181213ed668ac6a29e6c307660c811870ee7d9811983a9bde5b673b032434d,4f098505a266b8abffdec33b9d9eb61602b1fa0d94863d95369e873a476977bc,"[""IL:PUMA:03501"",""IL:PUMA:03504"",""OH:PUMA:05100"",""ME:PUMA:00700"",""TX:PUMA:05306"",""TN:PUMA:01604"",""ME:PUMA:00200"",""TX:PUMA:02311"",""FL:PUMA:03107"",""TX:PUMA:04619"",""TX:PUMA:02800"",""TX:PUMA:01100"",""GA:PUMA:02300"",""NY:PUMA:04013"",""AL:PUMA:01200"",""AZ:PUMA:00126"",""PA:PUMA:00900"",""OH:PUMA:04102"",""AZ:PUMA:00114"",""FL:PUMA:03102"",""MD:PUMA:00503"",""CA:PUMA:09501"",""OR:PUMA:01317"",""WI:PUMA:41003"",""OH:PUMA:05507"",""IN:PUMA:02100"",""CA:PUMA:00702"",""TX:PUMA:02700"",""OH:PUMA:04602"",""ID:PUMA:00200"",""PA:PUMA:01807"",""FL:PUMA:01500"",""GA:PUMA:03101"",""IN:PUMA:00104"",""GA:PUMA:02002"",""PA:PUMA:00600"",""AL:PUMA:00700"",""FL:PUMA:05703"",""MA:PUMA:03900"",""WV:PUMA:00200"",""NY:PUMA:00902"",""OH:PUMA:01803"",""OH:PUMA:01900"",""IL:PUMA:03419"",""NC:PUMA:01205"",""MA:PUMA:03305"",""MT:PUMA:00600"",""NC:PUMA:01203"",""NY:PUMA:02002"",""CA:PUMA:06505"",""TX:PUMA:04608"",""WV:PUMA:00600"",""WA:PUMA:11603"",""MA:PUMA:00504"",""TX:PUMA:03802"",""IN:PUMA:03500"",""NY:PUMA:02500"",""TX:PUMA:06603"",""CO:PUMA:00813"",""CO:PUMA:00814"",""MA:PUMA:00300"",""CT:PUMA:00904"",""IL:PUMA:02000"",""TX:PUMA:05308"",""AZ:PUMA:00102"",""MA:PUMA:03603"",""NY:PUMA:00300"",""WI:PUMA:10000"",""TX:PUMA:06302"",""NE:PUMA:00500"",""CA:PUMA:07504"",""CA:PUMA:06512"",""MA:PUMA:00507"",""CA:PUMA:03718"",""KY:PUMA:00500"",""PA:PUMA:03207"",""WV:PUMA:01200"",""PA:PUMA:04002"",""NC:PUMA:02400"",""MA:PUMA:01300"",""IL:PUMA:03523"",""CA:PUMA:00106"",""PA:PUMA:03208"",""TX:PUMA:02301"",""PA:PUMA:03503"",""NH:PUMA:00800"",""TX:PUMA:02503"",""IL:PUMA:03307"",""FL:PUMA:08302"",""CA:PUMA:04102"",""NH:PUMA:00900"",""NH:PUMA:00400"",""MO:PUMA:02100"",""FL:PUMA:07104"",""CA:PUMA:06506"",""FL:PUMA:10104"",""KY:PUMA:01901"",""AL:PUMA:01400"",""TX:PUMA:02006"",""FL:PUMA:01113""]",-0.12089637238875582,0.982314452102651,0.09525913378258723,1.0580274419391429,0.024453700551102835,1.0108987828114764,-0.07930310816235242,0.9290322074847442,0.09559101584140672,0.8943365782827686,0.03949151421098812,1.0193881572142371,-0.1291982417805642,0.8164475917289473,0.035910315457649375,1.0444735997389312,-0.03964872030456026,1.045121193968028,0.10752858648354038,0.937083558107948,-0.13571240330375567,0.8120990278538283,0.09444665196840703,0.751872721662581,0.053941103045630434,0.822658311369506,-0.013342969028305883,1.0269239460182003,0.06746875023358323,0.9963498272806929,-0.08797509268962546,0.9415568382651422
1,5f9644338fd1ffb661753079b4934480b3eeda0e0c9d645343ee506a34070007,c52014b8f05c192c,ACSEmployment,2018,b505147ac2879d972461,100000,100,16,PUMA,18,AZ:PUMA:00114,18,987,743,350,393,0.47106325706594887,0.5289367429340511,48925,51075,0.007153806847215125,0.007694566813509544,1.0755905181455843,1.3747296526482156,False,,False,0.95,False,True,False,True,0,0,132766,30181213ed668ac6a29e6c307660c811870ee7d9811983a9bde5b673b032434d,4f098505a266b8abffdec33b9d9eb61602b1fa0d94863d95369e873a476977bc,"[""IL:PUMA:03501"",""IL:PUMA:03504"",""OH:PUMA:05100"",""ME:PUMA:00700"",""TX:PUMA:05306"",""TN:PUMA:01604"",""ME:PUMA:00200"",""TX:PUMA:02311"",""FL:PUMA:03107"",""TX:PUMA:04619"",""TX:PUMA:02800"",""TX:PUMA:01100"",""GA:PUMA:02300"",""NY:PUMA:04013"",""AL:PUMA:01200"",""AZ:PUMA:00126"",""PA:PUMA:00900"",""OH:PUMA:04102"",""AZ:PUMA:00114"",""FL:PUMA:03102"",""MD:PUMA:00503"",""CA:PUMA:09501"",""OR:PUMA:01317"",""WI:PUMA:41003"",""OH:PUMA:05507"",""IN:PUMA:02100"",""CA:PUMA:00702"",""TX:PUMA:02700"",""OH:PUMA:04602"",""ID:PUMA:00200"",""PA:PUMA:01807"",""FL:PUMA:01500"",""GA:PUMA:03101"",""IN:PUMA:00104"",""GA:PUMA:02002"",""PA:PUMA:00600"",""AL:PUMA:00700"",""FL:PUMA:05703"",""MA:PUMA:03900"",""WV:PUMA:00200"",""NY:PUMA:00902"",""OH:PUMA:01803"",""OH:PUMA:01900"",""IL:PUMA:03419"",""NC:PUMA:01205"",""MA:PUMA:03305"",""MT:PUMA:00600"",""NC:PUMA:01203"",""NY:PUMA:02002"",""CA:PUMA:06505"",""TX:PUMA:04608"",""WV:PUMA:00600"",""WA:PUMA:11603"",""MA:PUMA:00504"",""TX:PUMA:03802"",""IN:PUMA:03500"",""NY:PUMA:02500"",""TX:PUMA:06603"",""CO:PUMA:00813"",""CO:PUMA:00814"",""MA:PUMA:00300"",""CT:PUMA:00904"",""IL:PUMA:02000"",""TX:PUMA:05308"",""AZ:PUMA:00102"",""MA:PUMA:03603"",""NY:PUMA:00300"",""WI:PUMA:10000"",""TX:PUMA:06302"",""NE:PUMA:00500"",""CA:PUMA:07504"",""CA:PUMA:06512"",""MA:PUMA:00507"",""CA:PUMA:03718"",""KY:PUMA:00500"",""PA:PUMA:03207"",""WV:PUMA:01200"",""PA:PUMA:04002"",""NC:PUMA:02400"",""MA:PUMA:01300"",""IL:PUMA:03523"",""CA:PUMA:00106"",""PA:PUMA:03208"",""TX:PUMA:02301"",""PA:PUMA:03503"",""NH:PUMA:00800"",""TX:PUMA:02503"",""IL:PUMA:03307"",""FL:PUMA:08302"",""CA:PUMA:04102"",""NH:PUMA:00900"",""NH:PUMA:00400"",""MO:PUMA:02100"",""FL:PUMA:07104"",""CA:PUMA:06506"",""FL:PUMA:10104"",""KY:PUMA:01901"",""AL:PUMA:01400"",""TX:PUMA:02006"",""FL:PUMA:01113""]",0.07716793514165932,0.9458681373133521,0.1589815432833418,0.9375808906024032,-0.014220000258887018,0.9642065172539915,-0.06384266843625158,0.9448676434740125,0.018714584793615065,0.9809441611166645,-0.07970478839113768,0.9113932973845557,0.0056057463150366365,1.0183167644559359,0.060070801756657494,1.042620027833004,0.09853475798011907,0.9189264966661342,0.0007111541728452786,0.9317496329845969,-0.010121985319900889,0.9878642133514872,-0.0138098919230844,1.0305651523034285,-0.038532265883623115,1.1078515871624968,0.018299562711461614,0.9697325746882599,0.03761680793645332,0.9985289672152065,-0.09500927414403722,0.9678690557825158
1,5f9644338fd1ffb661753079b4934480b3eeda0e0c9d645343ee506a34070007,c52014b8f05c192c,ACSEmployment,2018,b505147ac2879d972461,100000,100,16,PUMA,19,FL:PUMA:03102,19,1296,976,459,517,0.4702868852459016,0.5297131147540983,48925,51075,0.009381706693919264,0.010122369065100343,1.0789475087364582,1.3747296526482156,False,,False,0.95,False,True,False,True,0,0,132766,30181213ed668ac6a29e6c307660c811870ee7d9811983a9bde5b673b032434d,4f098505a266b8abffdec33b9d9eb61602b1fa0d94863d95369e873a476977bc,"[""IL:PUMA:03501"",""IL:PUMA:03504"",""OH:PUMA:05100"",""ME:PUMA:00700"",""TX:PUMA:05306"",""TN:PUMA:01604"",""ME:PUMA:00200"",""TX:PUMA:02311"",""FL:PUMA:03107"",""TX:PUMA:04619"",""TX:PUMA:02800"",""TX:PUMA:01100"",""GA:PUMA:02300"",""NY:PUMA:04013"",""AL:PUMA:01200"",""AZ:PUMA:00126"",""PA:PUMA:00900"",""OH:PUMA:04102"",""AZ:PUMA:00114"",""FL:PUMA:03102"",""MD:PUMA:00503"",""CA:PUMA:09501"",""OR:PUMA:01317"",""WI:PUMA:41003"",""OH:PUMA:05507"",""IN:PUMA:02100"",""CA:PUMA:00702"",""TX:PUMA:02700"",""OH:PUMA:04602"",""ID:PUMA:00200"",""PA:PUMA:01807"",""FL:PUMA:01500"",""GA:PUMA:03101"",""IN:PUMA:00104"",""GA:PUMA:02002"",""PA:PUMA:00600"",""AL:PUMA:00700"",""FL:PUMA:05703"",""MA:PUMA:03900"",""WV:PUMA:00200"",""NY:PUMA:00902"",""OH:PUMA:01803"",""OH:PUMA:01900"",""IL:PUMA:03419"",""NC:PUMA:01205"",""MA:PUMA:03305"",""MT:PUMA:00600"",""NC:PUMA:01203"",""NY:PUMA:02002"",""CA:PUMA:06505"",""TX:PUMA:04608"",""WV:PUMA:00600"",""WA:PUMA:11603"",""MA:PUMA:00504"",""TX:PUMA:03802"",""IN:PUMA:03500"",""NY:PUMA:02500"",""TX:PUMA:06603"",""CO:PUMA:00813"",""CO:PUMA:00814"",""MA:PUMA:00300"",""CT:PUMA:00904"",""IL:PUMA:02000"",""TX:PUMA:05308"",""AZ:PUMA:00102"",""MA:PUMA:03603"",""NY:PUMA:00300"",""WI:PUMA:10000"",""TX:PUMA:06302"",""NE:PUMA:00500"",""CA:PUMA:07504"",""CA:PUMA:06512"",""MA:PUMA:00507"",""CA:PUMA:03718"",""KY:PUMA:00500"",""PA:PUMA:03207"",""WV:PUMA:01200"",""PA:PUMA:04002"",""NC:PUMA:02400"",""MA:PUMA:01300"",""IL:PUMA:03523"",""CA:PUMA:00106"",""PA:PUMA:03208"",""TX:PUMA:02301"",""PA:PUMA:03503"",""NH:PUMA:00800"",""TX:PUMA:02503"",""IL:PUMA:03307"",""FL:PUMA:08302"",""CA:PUMA:04102"",""NH:PUMA:00900"",""NH:PUMA:00400"",""MO:PUMA:02100"",""FL:PUMA:07104"",""CA:PUMA:06506"",""FL:PUMA:10104"",""KY:PUMA:01901"",""AL:PUMA:01400"",""TX:PUMA:02006"",""FL:PUMA:01113""]",0.006902451751879839,1.0198499567499026,-0.18865238121188058,0.9428347660244575,0.29210578530416126,0.9081368168763548,0.15513616352767043,1.1413072401779343,-0.20835355039396103,1.1717305201837913,0.19797283287977968,1.4081864314452692,-0.26690963496869147,0.55905894024617,0.1886220713584927,1.1918125163618354,-0.005442317213983568,0.9978750233621547,0.1262413967633636,1.16499275919205,-0.2697783786953244,0.5356980121766485,-0.00035781486144458057,1.0008061290562418,-0.137877315698443,1.3415513487703383,-0.08138568430588802,1.0605769975034163,0.0391698704887484,0.9984377232239018,0.07132220029965268,0.6747142690919614
1,5f9644338fd1ffb661753079b4934480b3eeda0e0c9d645343ee506a34070007,c52014b8f05c192c,ACSEmployment,2018,b505147ac2879d972461,100000,100,16,PUMA,20,MD:PUMA:00503,20,1184,892,428,464,0.4798206278026906,0.5201793721973094,48925,51075,0.008748083801737354,0.009084679393049437,1.0384764937031394,1.3747296526482156,False,,False,0.95,False,True,False,True,0,0,132766,30181213ed668ac6a29e6c307660c811870ee7d9811983a9bde5b673b032434d,4f098505a266b8abffdec33b9d9eb61602b1fa0d94863d95369e873a476977bc,"[""IL:PUMA:03501"",""IL:PUMA:03504"",""OH:PUMA:05100"",""ME:PUMA:00700"",""TX:PUMA:05306"",""TN:PUMA:01604"",""ME:PUMA:00200"",""TX:PUMA:02311"",""FL:PUMA:03107"",""TX:PUMA:04619"",""TX:PUMA:02800"",""TX:PUMA:01100"",""GA:PUMA:02300"",""NY:PUMA:04013"",""AL:PUMA:01200"",""AZ:PUMA:00126"",""PA:PUMA:00900"",""OH:PUMA:04102"",""AZ:PUMA:00114"",""FL:PUMA:03102"",""MD:PUMA:00503"",""CA:PUMA:09501"",""OR:PUMA:01317"",""WI:PUMA:41003"",""OH:PUMA:05507"",""IN:PUMA:02100"",""CA:PUMA:00702"",""TX:PUMA:02700"",""OH:PUMA:04602"",""ID:PUMA:00200"",""PA:PUMA:01807"",""FL:PUMA:01500"",""GA:PUMA:03101"",""IN:PUMA:00104"",""GA:PUMA:02002"",""PA:PUMA:00600"",""AL:PUMA:00700"",""FL:PUMA:05703"",""MA:PUMA:03900"",""WV:PUMA:00200"",""NY:PUMA:00902"",""OH:PUMA:01803"",""OH:PUMA:01900"",""IL:PUMA:03419"",""NC:PUMA:01205"",""MA:PUMA:03305"",""MT:PUMA:00600"",""NC:PUMA:01203"",""NY:PUMA:02002"",""CA:PUMA:06505"",""TX:PUMA:04608"",""WV:PUMA:00600"",""WA:PUMA:11603"",""MA:PUMA:00504"",""TX:PUMA:03802"",""IN:PUMA:03500"",""NY:PUMA:02500"",""TX:PUMA:06603"",""CO:PUMA:00813"",""CO:PUMA:00814"",""MA:PUMA:00300"",""CT:PUMA:00904"",""IL:PUMA:02000"",""TX:PUMA:05308"",""AZ:PUMA:00102"",""MA:PUMA:03603"",""NY:PUMA:00300"",""WI:PUMA:10000"",""TX:PUMA:06302"",""NE:PUMA:00500"",""CA:PUMA:07504"",""CA:PUMA:06512"",""MA:PUMA:00507"",""CA:PUMA:03718"",""KY:PUMA:00500"",""PA:PUMA:03207"",""WV:PUMA:01200"",""PA:PUMA:04002"",""NC:PUMA:02400"",""MA:PUMA:01300"",""IL:PUMA:03523"",""CA:PUMA:00106"",""PA:PUMA:03208"",""TX:PUMA:02301"",""PA:PUMA:03503"",""NH:PUMA:00800"",""TX:PUMA:02503"",""IL:PUMA:03307"",""FL:PUMA:08302"",""CA:PUMA:04102"",""NH:PUMA:00900"",""NH:PUMA:00400"",""MO:PUMA:02100"",""FL:PUMA:07104"",""CA:PUMA:06506"",""FL:PUMA:10104"",""KY:PUMA:01901"",""AL:PUMA:01400"",""TX:PUMA:02006"",""FL:PUMA:01113""]",0.15149922244370354,1.0300681038565331,0.2038477099256087,1.032454817439578,-0.04323996467364115,0.9915076197277932,-0.06641753861215952,0.9303674618874226,0.04044516259127436,0.9578833648623178,-0.07344865914007943,0.9062646376701189,0.0056310278379368755,1.0010331544157138,-0.0007476916690747584,0.998177873900196,0.08078613925541522,0.9502714535600397,-0.0636523590920502,0.9480367132481269,0.014074286257002497,1.0164661782482893,0.0238876652057834,0.9443216328868326,-0.01174716796781136,1.034224997636773,0.024985450520547226,0.9514899506573287,0.02009846917581954,0.9993904728868133,-0.05495236525052961,0.8300218601325019
1,5f9644338fd1ffb661753079b4934480b3eeda0e0c9d645343ee506a34070007,c52014b8f05c192c,ACSEmployment,2018,b505147ac2879d972461,100000,100,16,PUMA,21,CA:PUMA:09501,21,1561,1176,552,624,0.46938775510204084,0.5306122448979592,48925,51075,0.011282575370464997,0.012217327459618208,1.0828491774670668,1.3747296526482156,False,,False,0.95,False,True,False,True,0,0,132766,30181213ed668ac6a29e6c307660c811870ee7d9811983a9bde5b673b032434d,4f098505a266b8abffdec33b9d9eb61602b1fa0d94863d95369e873a476977bc,"[""IL:PUMA:03501"",""IL:PUMA:03504"",""OH:PUMA:05100"",""ME:PUMA:00700"",""TX:PUMA:05306"",""TN:PUMA:01604"",""ME:PUMA:00200"",""TX:PUMA:02311"",""FL:PUMA:03107"",""TX:PUMA:04619"",""TX:PUMA:02800"",""TX:PUMA:01100"",""GA:PUMA:02300"",""NY:PUMA:04013"",""AL:PUMA:01200"",""AZ:PUMA:00126"",""PA:PUMA:00900"",""OH:PUMA:04102"",""AZ:PUMA:00114"",""FL:PUMA:03102"",""MD:PUMA:00503"",""CA:PUMA:09501"",""OR:PUMA:01317"",""WI:PUMA:41003"",""OH:PUMA:05507"",""IN:PUMA:02100"",""CA:PUMA:00702"",""TX:PUMA:02700"",""OH:PUMA:04602"",""ID:PUMA:00200"",""PA:PUMA:01807"",""FL:PUMA:01500"",""GA:PUMA:03101"",""IN:PUMA:00104"",""GA:PUMA:02002"",""PA:PUMA:00600"",""AL:PUMA:00700"",""FL:PUMA:05703"",""MA:PUMA:03900"",""WV:PUMA:00200"",""NY:PUMA:00902"",""OH:PUMA:01803"",""OH:PUMA:01900"",""IL:PUMA:03419"",""NC:PUMA:01205"",""MA:PUMA:03305"",""MT:PUMA:00600"",""NC:PUMA:01203"",""NY:PUMA:02002"",""CA:PUMA:06505"",""TX:PUMA:04608"",""WV:PUMA:00600"",""WA:PUMA:11603"",""MA:PUMA:00504"",""TX:PUMA:03802"",""IN:PUMA:03500"",""NY:PUMA:02500"",""TX:PUMA:06603"",""CO:PUMA:00813"",""CO:PUMA:00814"",""MA:PUMA:00300"",""CT:PUMA:00904"",""IL:PUMA:02000"",""TX:PUMA:05308"",""AZ:PUMA:00102"",""MA:PUMA:03603"",""NY:PUMA:00300"",""WI:PUMA:10000"",""TX:PUMA:06302"",""NE:PUMA:00500"",""CA:PUMA:07504"",""CA:PUMA:06512"",""MA:PUMA:00507"",""CA:PUMA:03718"",""KY:PUMA:00500"",""PA:PUMA:03207"",""WV:PUMA:01200"",""PA:PUMA:04002"",""NC:PUMA:02400"",""MA:PUMA:01300"",""IL:PUMA:03523"",""CA:PUMA:00106"",""PA:PUMA:03208"",""TX:PUMA:02301"",""PA:PUMA:03503"",""NH:PUMA:00800"",""TX:PUMA:02503"",""IL:PUMA:03307"",""FL:PUMA:08302"",""CA:PUMA:04102"",""NH:PUMA:00900"",""NH:PUMA:00400"",""MO:PUMA:02100"",""FL:PUMA:07104"",""CA:PUMA:06506"",""FL:PUMA:10104"",""KY:PUMA:01901"",""AL:PUMA:01400"",""TX:PUMA:02006"",""FL:PUMA:01113""]",0.08000270979743634,0.9964265145456364,0.030461078685290417,1.0159170089132155,0.017352234730147235,0.9891996764184923,0.03722781409028351,0.9917591646767818,0.010560590432387076,0.9893354856034311,-0.02727138324265029,0.9862084202263709,0.453424693358326,1.3263697595564847,-0.04569434376308383,0.9280897866304996,0.05308102965402286,0.9657954518572901,-0.2102444769398076,0.8710103679476222,0.47142017961704286,1.3771541279416135,0.014766900658909413,0.9660292332509235,0.046649672266138316,0.8489991491817533,0.025141591166222246,0.958639758269098,0.04096850011441471,0.9983290222308383,0.8465044241555263,1.4033154200850646
1,5f9644338fd1ffb661753079b4934480b3eeda0e0c9d645343ee506a34070007,c52014b8f05c192c,ACSEmployment,2018,b505147ac2879d972461,100000,100,16,PUMA,22,OR:PUMA:01317,22,1011,761,391,370,0.5137976346911958,0.48620236530880423,48925,51075,0.00799182422074604,0.007244248653940284,1.1031957353367674,1.3747296526482156,False,,False,0.95,False,True,False,True,0,0,132766,30181213ed668ac6a29e6c307660c811870ee7d9811983a9bde5b673b032434d,4f098505a266b8abffdec33b9d9eb61602b1fa0d94863d95369e873a476977bc,"[""IL:PUMA:03501"",""IL:PUMA:03504"",""OH:PUMA:05100"",""ME:PUMA:00700"",""TX:PUMA:05306"",""TN:PUMA:01604"",""ME:PUMA:00200"",""TX:PUMA:02311"",""FL:PUMA:03107"",""TX:PUMA:04619"",""TX:PUMA:02800"",""TX:PUMA:01100"",""GA:PUMA:02300"",""NY:PUMA:04013"",""AL:PUMA:01200"",""AZ:PUMA:00126"",""PA:PUMA:00900"",""OH:PUMA:04102"",""AZ:PUMA:00114"",""FL:PUMA:03102"",""MD:PUMA:00503"",""CA:PUMA:09501"",""OR:PUMA:01317"",""WI:PUMA:41003"",""OH:PUMA:05507"",""IN:PUMA:02100"",""CA:PUMA:00702"",""TX:PUMA:02700"",""OH:PUMA:04602"",""ID:PUMA:00200"",""PA:PUMA:01807"",""FL:PUMA:01500"",""GA:PUMA:03101"",""IN:PUMA:00104"",""GA:PUMA:02002"",""PA:PUMA:00600"",""AL:PUMA:00700"",""FL:PUMA:05703"",""MA:PUMA:03900"",""WV:PUMA:00200"",""NY:PUMA:00902"",""OH:PUMA:01803"",""OH:PUMA:01900"",""IL:PUMA:03419"",""NC:PUMA:01205"",""MA:PUMA:03305"",""MT:PUMA:00600"",""NC:PUMA:01203"",""NY:PUMA:02002"",""CA:PUMA:06505"",""TX:PUMA:04608"",""WV:PUMA:00600"",""WA:PUMA:11603"",""MA:PUMA:00504"",""TX:PUMA:03802"",""IN:PUMA:03500"",""NY:PUMA:02500"",""TX:PUMA:06603"",""CO:PUMA:00813"",""CO:PUMA:00814"",""MA:PUMA:00300"",""CT:PUMA:00904"",""IL:PUMA:02000"",""TX:PUMA:05308"",""AZ:PUMA:00102"",""MA:PUMA:03603"",""NY:PUMA:00300"",""WI:PUMA:10000"",""TX:PUMA:06302"",""NE:PUMA:00500"",""CA:PUMA:07504"",""CA:PUMA:06512"",""MA:PUMA:00507"",""CA:PUMA:03718"",""KY:PUMA:00500"",""PA:PUMA:03207"",""WV:PUMA:01200"",""PA:PUMA:04002"",""NC:PUMA:02400"",""MA:PUMA:01300"",""IL:PUMA:03523"",""CA:PUMA:00106"",""PA:PUMA:03208"",""TX:PUMA:02301"",""PA:PUMA:03503"",""NH:PUMA:00800"",""TX:PUMA:02503"",""IL:PUMA:03307"",""FL:PUMA:08302"",""CA:PUMA:04102"",""NH:PUMA:00900"",""NH:PUMA:00400"",""MO:PUMA:02100"",""FL:PUMA:07104"",""CA:PUMA:06506"",""FL:PUMA:10104"",""KY:PUMA:01901"",""AL:PUMA:01400"",""TX:PUMA:02006"",""FL:PUMA:01113""]",0.09149796065128833,0.98316447332352,0.04788997778305119,0.9299800166952703,-0.16549817891133067,0.974357530416743,-0.1007082561260178,0.8082934969070349,0.07265738270710813,0.9216973042716211,-0.07972038871811014,0.783377488002819,-0.2711792479192421,0.5383821396495007,-0.1664151890606705,0.759017819195237,0.02500797831484548,0.963653362962487,0.07135534461068592,0.9713072320356043,-0.26321800112795246,0.5532073119028322,-0.0019912516152578957,1.004476298261146,0.08976662284038318,0.67740102613461,0.06156237136658751,0.9045388518871091,-0.04786950142156275,0.9998244860801383,-0.2455983805880391,0.7495864569821742
1,5f9644338fd1ffb661753079b4934480b3eeda0e0c9d645343ee506a34070007,c52014b8f05c192c,ACSEmployment,2018,b505147ac2879d972461,100000,100,16,PUMA,23,WI:PUMA:41003,23,681,513,276,237,0.5380116959064327,0.4619883040935672,48925,51075,0.005641287685232498,0.004640234948604992,1.2157332005200416,1.3747296526482156,False,,False,0.95,False,True,False,True,0,0,132766,30181213ed668ac6a29e6c307660c811870ee7d9811983a9bde5b673b032434d,4f098505a266b8abffdec33b9d9eb61602b1fa0d94863d95369e873a476977bc,"[""IL:PUMA:03501"",""IL:PUMA:03504"",""OH:PUMA:05100"",""ME:PUMA:00700"",""TX:PUMA:05306"",""TN:PUMA:01604"",""ME:PUMA:00200"",""TX:PUMA:02311"",""FL:PUMA:03107"",""TX:PUMA:04619"",""TX:PUMA:02800"",""TX:PUMA:01100"",""GA:PUMA:02300"",""NY:PUMA:04013"",""AL:PUMA:01200"",""AZ:PUMA:00126"",""PA:PUMA:00900"",""OH:PUMA:04102"",""AZ:PUMA:00114"",""FL:PUMA:03102"",""MD:PUMA:00503"",""CA:PUMA:09501"",""OR:PUMA:01317"",""WI:PUMA:41003"",""OH:PUMA:05507"",""IN:PUMA:02100"",""CA:PUMA:00702"",""TX:PUMA:02700"",""OH:PUMA:04602"",""ID:PUMA:00200"",""PA:PUMA:01807"",""FL:PUMA:01500"",""GA:PUMA:03101"",""IN:PUMA:00104"",""GA:PUMA:02002"",""PA:PUMA:00600"",""AL:PUMA:00700"",""FL:PUMA:05703"",""MA:PUMA:03900"",""WV:PUMA:00200"",""NY:PUMA:00902"",""OH:PUMA:01803"",""OH:PUMA:01900"",""IL:PUMA:03419"",""NC:PUMA:01205"",""MA:PUMA:03305"",""MT:PUMA:00600"",""NC:PUMA:01203"",""NY:PUMA:02002"",""CA:PUMA:06505"",""TX:PUMA:04608"",""WV:PUMA:00600"",""WA:PUMA:11603"",""MA:PUMA:00504"",""TX:PUMA:03802"",""IN:PUMA:03500"",""NY:PUMA:02500"",""TX:PUMA:06603"",""CO:PUMA:00813"",""CO:PUMA:00814"",""MA:PUMA:00300"",""CT:PUMA:00904"",""IL:PUMA:02000"",""TX:PUMA:05308"",""AZ:PUMA:00102"",""MA:PUMA:03603"",""NY:PUMA:00300"",""WI:PUMA:10000"",""TX:PUMA:06302"",""NE:PUMA:00500"",""CA:PUMA:07504"",""CA:PUMA:06512"",""MA:PUMA:00507"",""CA:PUMA:03718"",""KY:PUMA:00500"",""PA:PUMA:03207"",""WV:PUMA:01200"",""PA:PUMA:04002"",""NC:PUMA:02400"",""MA:PUMA:01300"",""IL:PUMA:03523"",""CA:PUMA:00106"",""PA:PUMA:03208"",""TX:PUMA:02301"",""PA:PUMA:03503"",""NH:PUMA:00800"",""TX:PUMA:02503"",""IL:PUMA:03307"",""FL:PUMA:08302"",""CA:PUMA:04102"",""NH:PUMA:00900"",""NH:PUMA:00400"",""MO:PUMA:02100"",""FL:PUMA:07104"",""CA:PUMA:06506"",""FL:PUMA:10104"",""KY:PUMA:01901"",""AL:PUMA:01400"",""TX:PUMA:02006"",""FL:PUMA:01113""]",-0.2217017794499216,0.9025865944867086,-0.04892446159697646,0.9619208107351046,0.6131614597190341,0.8263531613206333,0.4657079097877645,1.4544780515304836,-0.13666801652582158,1.1200145439080964,0.21447094044155637,1.42981953457068,-0.2207985057404387,0.667036178696602,0.45131618243192323,1.330991378144612,0.07334774835223049,0.9821619504261359,-0.3252217537399629,0.7942353058323507,-0.23207824503225571,0.6287795061852048,0.06766601533252826,0.830892093749572,-0.055991237937466166,1.1529801192312925,-0.032687060131375525,0.9767742591017858,-0.09630757032271861,0.9973108263040805,0.16978538514261626,0.8944329552566641
1,5f9644338fd1ffb661753079b4934480b3eeda0e0c9d645343ee506a34070007,c52014b8f05c192c,ACSEmployment,2018,b505147ac2879d972461,100000,100,16,PUMA,24,OH:PUMA:05507,24,1031,777,370,407,0.47619047619047616,0.5238095238095238,48925,51075,0.007562595809913132,0.007968673519334312,1.0536955457660304,1.3747296526482156,False,,False,0.95,False,True,False,True,0,0,132766,30181213ed668ac6a29e6c307660c811870ee7d9811983a9bde5b673b032434d,4f098505a266b8abffdec33b9d9eb61602b1fa0d94863d95369e873a476977bc,"[""IL:PUMA:03501"",""IL:PUMA:03504"",""OH:PUMA:05100"",""ME:PUMA:00700"",""TX:PUMA:05306"",""TN:PUMA:01604"",""ME:PUMA:00200"",""TX:PUMA:02311"",""FL:PUMA:03107"",""TX:PUMA:04619"",""TX:PUMA:02800"",""TX:PUMA:01100"",""GA:PUMA:02300"",""NY:PUMA:04013"",""AL:PUMA:01200"",""AZ:PUMA:00126"",""PA:PUMA:00900"",""OH:PUMA:04102"",""AZ:PUMA:00114"",""FL:PUMA:03102"",""MD:PUMA:00503"",""CA:PUMA:09501"",""OR:PUMA:01317"",""WI:PUMA:41003"",""OH:PUMA:05507"",""IN:PUMA:02100"",""CA:PUMA:00702"",""TX:PUMA:02700"",""OH:PUMA:04602"",""ID:PUMA:00200"",""PA:PUMA:01807"",""FL:PUMA:01500"",""GA:PUMA:03101"",""IN:PUMA:00104"",""GA:PUMA:02002"",""PA:PUMA:00600"",""AL:PUMA:00700"",""FL:PUMA:05703"",""MA:PUMA:03900"",""WV:PUMA:00200"",""NY:PUMA:00902"",""OH:PUMA:01803"",""OH:PUMA:01900"",""IL:PUMA:03419"",""NC:PUMA:01205"",""MA:PUMA:03305"",""MT:PUMA:00600"",""NC:PUMA:01203"",""NY:PUMA:02002"",""CA:PUMA:06505"",""TX:PUMA:04608"",""WV:PUMA:00600"",""WA:PUMA:11603"",""MA:PUMA:00504"",""TX:PUMA:03802"",""IN:PUMA:03500"",""NY:PUMA:02500"",""TX:PUMA:06603"",""CO:PUMA:00813"",""CO:PUMA:00814"",""MA:PUMA:00300"",""CT:PUMA:00904"",""IL:PUMA:02000"",""TX:PUMA:05308"",""AZ:PUMA:00102"",""MA:PUMA:03603"",""NY:PUMA:00300"",""WI:PUMA:10000"",""TX:PUMA:06302"",""NE:PUMA:00500"",""CA:PUMA:07504"",""CA:PUMA:06512"",""MA:PUMA:00507"",""CA:PUMA:03718"",""KY:PUMA:00500"",""PA:PUMA:03207"",""WV:PUMA:01200"",""PA:PUMA:04002"",""NC:PUMA:02400"",""MA:PUMA:01300"",""IL:PUMA:03523"",""CA:PUMA:00106"",""PA:PUMA:03208"",""TX:PUMA:02301"",""PA:PUMA:03503"",""NH:PUMA:00800"",""TX:PUMA:02503"",""IL:PUMA:03307"",""FL:PUMA:08302"",""CA:PUMA:04102"",""NH:PUMA:00900"",""NH:PUMA:00400"",""MO:PUMA:02100"",""FL:PUMA:07104"",""CA:PUMA:06506"",""FL:PUMA:10104"",""KY:PUMA:01901"",""AL:PUMA:01400"",""TX:PUMA:02006"",""FL:PUMA:01113""]",-0.025874214633612266,1.0325524534571644,0.12856286345812526,1.105320299501715,-0.15577912568989252,1.0109598259073775,-0.24737803096312216,0.6136737693247145,0.22524326359344768,0.7065056801126315,0.03594170506412316,0.8815643706587633,-0.19962577608084967,0.6857759468618608,-0.09492710597201835,0.909951969316679,-0.13333480326669647,1.09750317245504,0.07980604693121043,0.9689733809605495,-0.18942546912721828,0.7173332531030572,0.10396741883895833,0.7214594539465378,0.13967984002858408,0.3886068224118539,0.017613080034216834,1.0469977599994056,0.027360263566734214,0.9990707229440225,-0.27223318761706766,0.6013920672648786
1,5f9644338fd1ffb661753079b4934480b3eeda0e0c9d645343ee506a34070007,c52014b8f05c192c,ACSEmployment,2018,b505147ac2879d972461,100000,100,16,PUMA,25,IN:PUMA:02100,25,1342,1011,498,513,0.49258160237388726,0.5074183976261127,48925,51075,0.010178845171180378,0.010044052863436124,1.0134201113412042,1.3747296526482156,False,,False,0.95,False,True,False,True,0,0,132766,30181213ed668ac6a29e6c307660c811870ee7d9811983a9bde5b673b032434d,4f098505a266b8abffdec33b9d9eb61602b1fa0d94863d95369e873a476977bc,"[""IL:PUMA:03501"",""IL:PUMA:03504"",""OH:PUMA:05100"",""ME:PUMA:00700"",""TX:PUMA:05306"",""TN:PUMA:01604"",""ME:PUMA:00200"",""TX:PUMA:02311"",""FL:PUMA:03107"",""TX:PUMA:04619"",""TX:PUMA:02800"",""TX:PUMA:01100"",""GA:PUMA:02300"",""NY:PUMA:04013"",""AL:PUMA:01200"",""AZ:PUMA:00126"",""PA:PUMA:00900"",""OH:PUMA:04102"",""AZ:PUMA:00114"",""FL:PUMA:03102"",""MD:PUMA:00503"",""CA:PUMA:09501"",""OR:PUMA:01317"",""WI:PUMA:41003"",""OH:PUMA:05507"",""IN:PUMA:02100"",""CA:PUMA:00702"",""TX:PUMA:02700"",""OH:PUMA:04602"",""ID:PUMA:00200"",""PA:PUMA:01807"",""FL:PUMA:01500"",""GA:PUMA:03101"",""IN:PUMA:00104"",""GA:PUMA:02002"",""PA:PUMA:00600"",""AL:PUMA:00700"",""FL:PUMA:05703"",""MA:PUMA:03900"",""WV:PUMA:00200"",""NY:PUMA:00902"",""OH:PUMA:01803"",""OH:PUMA:01900"",""IL:PUMA:03419"",""NC:PUMA:01205"",""MA:PUMA:03305"",""MT:PUMA:00600"",""NC:PUMA:01203"",""NY:PUMA:02002"",""CA:PUMA:06505"",""TX:PUMA:04608"",""WV:PUMA:00600"",""WA:PUMA:11603"",""MA:PUMA:00504"",""TX:PUMA:03802"",""IN:PUMA:03500"",""NY:PUMA:02500"",""TX:PUMA:06603"",""CO:PUMA:00813"",""CO:PUMA:00814"",""MA:PUMA:00300"",""CT:PUMA:00904"",""IL:PUMA:02000"",""TX:PUMA:05308"",""AZ:PUMA:00102"",""MA:PUMA:03603"",""NY:PUMA:00300"",""WI:PUMA:10000"",""TX:PUMA:06302"",""NE:PUMA:00500"",""CA:PUMA:07504"",""CA:PUMA:06512"",""MA:PUMA:00507"",""CA:PUMA:03718"",""KY:PUMA:00500"",""PA:PUMA:03207"",""WV:PUMA:01200"",""PA:PUMA:04002"",""NC:PUMA:02400"",""MA:PUMA:01300"",""IL:PUMA:03523"",""CA:PUMA:00106"",""PA:PUMA:03208"",""TX:PUMA:02301"",""PA:PUMA:03503"",""NH:PUMA:00800"",""TX:PUMA:02503"",""IL:PUMA:03307"",""FL:PUMA:08302"",""CA:PUMA:04102"",""NH:PUMA:00900"",""NH:PUMA:00400"",""MO:PUMA:02100"",""FL:PUMA:07104"",""CA:PUMA:06506"",""FL:PUMA:10104"",""KY:PUMA:01901"",""AL:PUMA:01400"",""TX:PUMA:02006"",""FL:PUMA:01113""]",0.007395358041633688,0.9946440387290144,-0.06975222543713665,0.9012902550335182,-0.08295233245890812,0.9982095922658151,0.11635616458304822,1.1612363610690464,-0.06094991323133111,1.0573951266904775,-0.051025020937425655,0.8929613732426435,-0.34493154337931264,0.3204506180017273,0.06605869242064903,1.0294448081724294,-0.012587962061442016,0.9994632447141261,0.406160726652983,1.1519819351388145,-0.3375471074847731,0.29151950430914775,-0.027157366428659006,1.0590979103616844,-0.05925332520699532,1.1611885227218186,0.028861167140936797,0.9270733538643827,-0.005428721824117368,1.0000952923428983,-0.3247475492836762,0.5503000611651276
1,5f9644338fd1ffb661753079b4934480b3eeda0e0c9d645343ee506a34070007,c52014b8f05c192c,ACSEmployment,2018,b505147ac2879d972461,100000,100,16,PUMA,26,CA:PUMA:00702,26,1093,823,407,416,0.4945321992709599,0.5054678007290401,48925,51075,0.008318855390904446,0.008144884973078805,1.021359468967415,1.3747296526482156,False,,False,0.95,False,True,False,True,0,0,132766,30181213ed668ac6a29e6c307660c811870ee7d9811983a9bde5b673b032434d,4f098505a266b8abffdec33b9d9eb61602b1fa0d94863d95369e873a476977bc,"[""IL:PUMA:03501"",""IL:PUMA:03504"",""OH:PUMA:05100"",""ME:PUMA:00700"",""TX:PUMA:05306"",""TN:PUMA:01604"",""ME:PUMA:00200"",""TX:PUMA:02311"",""FL:PUMA:03107"",""TX:PUMA:04619"",""TX:PUMA:02800"",""TX:PUMA:01100"",""GA:PUMA:02300"",""NY:PUMA:04013"",""AL:PUMA:01200"",""AZ:PUMA:00126"",""PA:PUMA:00900"",""OH:PUMA:04102"",""AZ:PUMA:00114"",""FL:PUMA:03102"",""MD:PUMA:00503"",""CA:PUMA:09501"",""OR:PUMA:01317"",""WI:PUMA:41003"",""OH:PUMA:05507"",""IN:PUMA:02100"",""CA:PUMA:00702"",""TX:PUMA:02700"",""OH:PUMA:04602"",""ID:PUMA:00200"",""PA:PUMA:01807"",""FL:PUMA:01500"",""GA:PUMA:03101"",""IN:PUMA:00104"",""GA:PUMA:02002"",""PA:PUMA:00600"",""AL:PUMA:00700"",""FL:PUMA:05703"",""MA:PUMA:03900"",""WV:PUMA:00200"",""NY:PUMA:00902"",""OH:PUMA:01803"",""OH:PUMA:01900"",""IL:PUMA:03419"",""NC:PUMA:01205"",""MA:PUMA:03305"",""MT:PUMA:00600"",""NC:PUMA:01203"",""NY:PUMA:02002"",""CA:PUMA:06505"",""TX:PUMA:04608"",""WV:PUMA:00600"",""WA:PUMA:11603"",""MA:PUMA:00504"",""TX:PUMA:03802"",""IN:PUMA:03500"",""NY:PUMA:02500"",""TX:PUMA:06603"",""CO:PUMA:00813"",""CO:PUMA:00814"",""MA:PUMA:00300"",""CT:PUMA:00904"",""IL:PUMA:02000"",""TX:PUMA:05308"",""AZ:PUMA:00102"",""MA:PUMA:03603"",""NY:PUMA:00300"",""WI:PUMA:10000"",""TX:PUMA:06302"",""NE:PUMA:00500"",""CA:PUMA:07504"",""CA:PUMA:06512"",""MA:PUMA:00507"",""CA:PUMA:03718"",""KY:PUMA:00500"",""PA:PUMA:03207"",""WV:PUMA:01200"",""PA:PUMA:04002"",""NC:PUMA:02400"",""MA:PUMA:01300"",""IL:PUMA:03523"",""CA:PUMA:00106"",""PA:PUMA:03208"",""TX:PUMA:02301"",""PA:PUMA:03503"",""NH:PUMA:00800"",""TX:PUMA:02503"",""IL:PUMA:03307"",""FL:PUMA:08302"",""CA:PUMA:04102"",""NH:PUMA:00900"",""NH:PUMA:00400"",""MO:PUMA:02100"",""FL:PUMA:07104"",""CA:PUMA:06506"",""FL:PUMA:10104"",""KY:PUMA:01901"",""AL:PUMA:01400"",""TX:PUMA:02006"",""FL:PUMA:01113""]",0.22828380098105153,1.017073672437806,-0.05040434825745043,0.915432516480776,-0.06633066931207506,0.9686583361345189,-0.003572340658172469,0.9960452155960682,-0.2623013214816126,1.2063864371502293,-0.04250163351321906,0.9679085734108971,-0.116425844650668,0.836254549871705,0.03825969565658222,1.0279027202919244,0.054197273020910715,0.934772134349284,0.031699754207029675,0.9775075301104014,-0.12759847388535056,0.8251651782811227,-0.1656526781999102,1.3112301490004583,-0.07976761302251227,1.2113334989628237,-0.014373944632660599,0.9455671498410947,-0.009330716869844054,1.00014557849601,0.10538483106267202,1.1713626127881978
1,5f9644338fd1ffb661753079b4934480b3eeda0e0c9d645343ee506a34070007,c52014b8f05c192c,ACSEmployment,2018,b505147ac2879d972461,100000,100,16,PUMA,27,TX:PUMA:02700,27,1637,1233,614,619,0.49797242497972427,0.5020275750202757,48925,51075,0.012549821154828819,0.012119432207537934,1.0355123028802615,1.3747296526482156,False,,False,0.95,False,True,False,True,0,0,132766,30181213ed668ac6a29e6c307660c811870ee7d9811983a9bde5b673b032434d,4f098505a266b8abffdec33b9d9eb61602b1fa0d94863d95369e873a476977bc,"[""IL:PUMA:03501"",""IL:PUMA:03504"",""OH:PUMA:05100"",""ME:PUMA:00700"",""TX:PUMA:05306"",""TN:PUMA:01604"",""ME:PUMA:00200"",""TX:PUMA:02311"",""FL:PUMA:03107"",""TX:PUMA:04619"",""TX:PUMA:02800"",""TX:PUMA:01100"",""GA:PUMA:02300"",""NY:PUMA:04013"",""AL:PUMA:01200"",""AZ:PUMA:00126"",""PA:PUMA:00900"",""OH:PUMA:04102"",""AZ:PUMA:00114"",""FL:PUMA:03102"",""MD:PUMA:00503"",""CA:PUMA:09501"",""OR:PUMA:01317"",""WI:PUMA:41003"",""OH:PUMA:05507"",""IN:PUMA:02100"",""CA:PUMA:00702"",""TX:PUMA:02700"",""OH:PUMA:04602"",""ID:PUMA:00200"",""PA:PUMA:01807"",""FL:PUMA:01500"",""GA:PUMA:03101"",""IN:PUMA:00104"",""GA:PUMA:02002"",""PA:PUMA:00600"",""AL:PUMA:00700"",""FL:PUMA:05703"",""MA:PUMA:03900"",""WV:PUMA:00200"",""NY:PUMA:00902"",""OH:PUMA:01803"",""OH:PUMA:01900"",""IL:PUMA:03419"",""NC:PUMA:01205"",""MA:PUMA:03305"",""MT:PUMA:00600"",""NC:PUMA:01203"",""NY:PUMA:02002"",""CA:PUMA:06505"",""TX:PUMA:04608"",""WV:PUMA:00600"",""WA:PUMA:11603"",""MA:PUMA:00504"",""TX:PUMA:03802"",""IN:PUMA:03500"",""NY:PUMA:02500"",""TX:PUMA:06603"",""CO:PUMA:00813"",""CO:PUMA:00814"",""MA:PUMA:00300"",""CT:PUMA:00904"",""IL:PUMA:02000"",""TX:PUMA:05308"",""AZ:PUMA:00102"",""MA:PUMA:03603"",""NY:PUMA:00300"",""WI:PUMA:10000"",""TX:PUMA:06302"",""NE:PUMA:00500"",""CA:PUMA:07504"",""CA:PUMA:06512"",""MA:PUMA:00507"",""CA:PUMA:03718"",""KY:PUMA:00500"",""PA:PUMA:03207"",""WV:PUMA:01200"",""PA:PUMA:04002"",""NC:PUMA:02400"",""MA:PUMA:01300"",""IL:PUMA:03523"",""CA:PUMA:00106"",""PA:PUMA:03208"",""TX:PUMA:02301"",""PA:PUMA:03503"",""NH:PUMA:00800"",""TX:PUMA:02503"",""IL:PUMA:03307"",""FL:PUMA:08302"",""CA:PUMA:04102"",""NH:PUMA:00900"",""NH:PUMA:00400"",""MO:PUMA:02100"",""FL:PUMA:07104"",""CA:PUMA:06506"",""FL:PUMA:10104"",""KY:PUMA:01901"",""AL:PUMA:01400"",""TX:PUMA:02006"",""FL:PUMA:01113""]",-0.12210831067061083,1.015507825161594,-0.11293015070470203,1.011953905232176,0.06332869268509918,0.988483406765754,0.0963805173580069,1.1314364535225456,-0.07853860634656677,1.0727438758125536,0.11089782662405231,1.1816252792881408,-0.17368175776710681,0.7526748134462238,0.2407460064100203,1.2134997787223005,-0.1439566222760826,1.0544262334329413,0.1642438345660077,1.0900463781939997,-0.1889784165036293,0.7181901719033422,-0.01211953098413433,1.0268827513846188,-0.029243709717735458,1.0829614721971075,-0.028400593843150242,1.0102539217605697,-0.01621258143751924,1.0001971624111035,0.020595905737593487,1.08875317797649
1,5f9644338fd1ffb661753079b4934480b3eeda0e0c9d645343ee506a34070007,c52014b8f05c192c,ACSEmployment,2018,b505147ac2879d972461,100000,100,16,PUMA,28,OH:PUMA:04602,28,1122,845,407,438,0.4816568047337278,0.5183431952662721,48925,51075,0.008318855390904446,0.008575624082232012,1.0308658678702731,1.3747296526482156,False,,False,0.95,False,True,False,True,0,0,132766,30181213ed668ac6a29e6c307660c811870ee7d9811983a9bde5b673b032434d,4f098505a266b8abffdec33b9d9eb61602b1fa0d94863d95369e873a476977bc,"[""IL:PUMA:03501"",""IL:PUMA:03504"",""OH:PUMA:05100"",""ME:PUMA:00700"",""TX:PUMA:05306"",""TN:PUMA:01604"",""ME:PUMA:00200"",""TX:PUMA:02311"",""FL:PUMA:03107"",""TX:PUMA:04619"",""TX:PUMA:02800"",""TX:PUMA:01100"",""GA:PUMA:02300"",""NY:PUMA:04013"",""AL:PUMA:01200"",""AZ:PUMA:00126"",""PA:PUMA:00900"",""OH:PUMA:04102"",""AZ:PUMA:00114"",""FL:PUMA:03102"",""MD:PUMA:00503"",""CA:PUMA:09501"",""OR:PUMA:01317"",""WI:PUMA:41003"",""OH:PUMA:05507"",""IN:PUMA:02100"",""CA:PUMA:00702"",""TX:PUMA:02700"",""OH:PUMA:04602"",""ID:PUMA:00200"",""PA:PUMA:01807"",""FL:PUMA:01500"",""GA:PUMA:03101"",""IN:PUMA:00104"",""GA:PUMA:02002"",""PA:PUMA:00600"",""AL:PUMA:00700"",""FL:PUMA:05703"",""MA:PUMA:03900"",""WV:PUMA:00200"",""NY:PUMA:00902"",""OH:PUMA:01803"",""OH:PUMA:01900"",""IL:PUMA:03419"",""NC:PUMA:01205"",""MA:PUMA:03305"",""MT:PUMA:00600"",""NC:PUMA:01203"",""NY:PUMA:02002"",""CA:PUMA:06505"",""TX:PUMA:04608"",""WV:PUMA:00600"",""WA:PUMA:11603"",""MA:PUMA:00504"",""TX:PUMA:03802"",""IN:PUMA:03500"",""NY:PUMA:02500"",""TX:PUMA:06603"",""CO:PUMA:00813"",""CO:PUMA:00814"",""MA:PUMA:00300"",""CT:PUMA:00904"",""IL:PUMA:02000"",""TX:PUMA:05308"",""AZ:PUMA:00102"",""MA:PUMA:03603"",""NY:PUMA:00300"",""WI:PUMA:10000"",""TX:PUMA:06302"",""NE:PUMA:00500"",""CA:PUMA:07504"",""CA:PUMA:06512"",""MA:PUMA:00507"",""CA:PUMA:03718"",""KY:PUMA:00500"",""PA:PUMA:03207"",""WV:PUMA:01200"",""PA:PUMA:04002"",""NC:PUMA:02400"",""MA:PUMA:01300"",""IL:PUMA:03523"",""CA:PUMA:00106"",""PA:PUMA:03208"",""TX:PUMA:02301"",""PA:PUMA:03503"",""NH:PUMA:00800"",""TX:PUMA:02503"",""IL:PUMA:03307"",""FL:PUMA:08302"",""CA:PUMA:04102"",""NH:PUMA:00900"",""NH:PUMA:00400"",""MO:PUMA:02100"",""FL:PUMA:07104"",""CA:PUMA:06506"",""FL:PUMA:10104"",""KY:PUMA:01901"",""AL:PUMA:01400"",""TX:PUMA:02006"",""FL:PUMA:01113""]",0.08974549369125513,1.0275057119517967,-0.0005400035205904947,0.9488503679910091,0.03854377711487979,0.989967313232412,-0.01640365507218932,1.0031162161918172,-0.06735042361841717,1.06303985595438,0.07168049892345844,1.171192687454889,-0.25475818797143196,0.5884482105141569,-0.013759103017181125,1.0364238563396864,-0.04187949271491579,1.0017831188772115,0.04994469248806337,1.032321199547505,-0.23662459965303864,0.6184199333204673,-0.004077323303855072,1.0091402398786198,0.008146802423086547,0.9754766456494126,-0.009554153775567635,0.9912565822696678,0.016425361062739556,0.9995320757886723,-0.13398690369514732,0.7787587061056576
1,5f9644338fd1ffb661753079b4934480b3eeda0e0c9d645343ee506a34070007,c52014b8f05c192c,ACSEmployment,2018,b505147ac2879d972461,100000,100,16,PUMA,29,ID:PUMA:00200,29,1311,987,482,505,0.48834853090172237,0.5116514690982776,48925,51075,0.009851814001021973,0.009887420460107686,1.0036142033418434,1.3747296526482156,False,,False,0.95,False,True,False,True,0,0,132766,30181213ed668ac6a29e6c307660c811870ee7d9811983a9bde5b673b032434d,4f098505a266b8abffdec33b9d9eb61602b1fa0d94863d95369e873a476977bc,"[""IL:PUMA:03501"",""IL:PUMA:03504"",""OH:PUMA:05100"",""ME:PUMA:00700"",""TX:PUMA:05306"",""TN:PUMA:01604"",""ME:PUMA:00200"",""TX:PUMA:02311"",""FL:PUMA:03107"",""TX:PUMA:04619"",""TX:PUMA:02800"",""TX:PUMA:01100"",""GA:PUMA:02300"",""NY:PUMA:04013"",""AL:PUMA:01200"",""AZ:PUMA:00126"",""PA:PUMA:00900"",""OH:PUMA:04102"",""AZ:PUMA:00114"",""FL:PUMA:03102"",""MD:PUMA:00503"",""CA:PUMA:09501"",""OR:PUMA:01317"",""WI:PUMA:41003"",""OH:PUMA:05507"",""IN:PUMA:02100"",""CA:PUMA:00702"",""TX:PUMA:02700"",""OH:PUMA:04602"",""ID:PUMA:00200"",""PA:PUMA:01807"",""FL:PUMA:01500"",""GA:PUMA:03101"",""IN:PUMA:00104"",""GA:PUMA:02002"",""PA:PUMA:00600"",""AL:PUMA:00700"",""FL:PUMA:05703"",""MA:PUMA:03900"",""WV:PUMA:00200"",""NY:PUMA:00902"",""OH:PUMA:01803"",""OH:PUMA:01900"",""IL:PUMA:03419"",""NC:PUMA:01205"",""MA:PUMA:03305"",""MT:PUMA:00600"",""NC:PUMA:01203"",""NY:PUMA:02002"",""CA:PUMA:06505"",""TX:PUMA:04608"",""WV:PUMA:00600"",""WA:PUMA:11603"",""MA:PUMA:00504"",""TX:PUMA:03802"",""IN:PUMA:03500"",""NY:PUMA:02500"",""TX:PUMA:06603"",""CO:PUMA:00813"",""CO:PUMA:00814"",""MA:PUMA:00300"",""CT:PUMA:00904"",""IL:PUMA:02000"",""TX:PUMA:05308"",""AZ:PUMA:00102"",""MA:PUMA:03603"",""NY:PUMA:00300"",""WI:PUMA:10000"",""TX:PUMA:06302"",""NE:PUMA:00500"",""CA:PUMA:07504"",""CA:PUMA:06512"",""MA:PUMA:00507"",""CA:PUMA:03718"",""KY:PUMA:00500"",""PA:PUMA:03207"",""WV:PUMA:01200"",""PA:PUMA:04002"",""NC:PUMA:02400"",""MA:PUMA:01300"",""IL:PUMA:03523"",""CA:PUMA:00106"",""PA:PUMA:03208"",""TX:PUMA:02301"",""PA:PUMA:03503"",""NH:PUMA:00800"",""TX:PUMA:02503"",""IL:PUMA:03307"",""FL:PUMA:08302"",""CA:PUMA:04102"",""NH:PUMA:00900"",""NH:PUMA:00400"",""MO:PUMA:02100"",""FL:PUMA:07104"",""CA:PUMA:06506"",""FL:PUMA:10104"",""KY:PUMA:01901"",""AL:PUMA:01400"",""TX:PUMA:02006"",""FL:PUMA:01113""]",0.06122907787439226,1.0298318661586559,0.006282454136497286,0.9808802421042894,-0.13015247732195,0.9797794876276492,-0.03423884077124629,0.9566726790853506,0.007696090285628963,0.9922506121349222,-0.016841795806211316,0.9341171822451239,-0.30657806956618844,0.44767495518206996,0.05002817767372331,1.022220965988631,-0.05959994027427893,1.011996234060954,0.1303677890340751,0.9596259192073872,-0.30228619918155947,0.43729522903267065,-0.0779399992409408,1.159862191595637,0.03689991948897885,0.8828997912623581,-0.004491910098054717,1.0157593110685856,0.003039159949602044,0.9999337801477625,-0.3085024843557995,0.6080390207640886
1,5f9644338fd1ffb661753079b4934480b3eeda0e0c9d645343ee506a34070007,c52014b8f05c192c,ACSEmployment,2018,b505147ac2879d972461,100000,100,16,PUMA,30,PA:PUMA:01807,30,1029,775,395,380,0.5096774193548387,0.49032258064516127,48925,51075,0.008073582013285641,0.007440039158100832,1.0851531613909582,1.3747296526482156,False,,False,0.95,False,True,False,True,0,0,132766,30181213ed668ac6a29e6c307660c811870ee7d9811983a9bde5b673b032434d,4f098505a266b8abffdec33b9d9eb61602b1fa0d94863d95369e873a476977bc,"[""IL:PUMA:03501"",""IL:PUMA:03504"",""OH:PUMA:05100"",""ME:PUMA:00700"",""TX:PUMA:05306"",""TN:PUMA:01604"",""ME:PUMA:00200"",""TX:PUMA:02311"",""FL:PUMA:03107"",""TX:PUMA:04619"",""TX:PUMA:02800"",""TX:PUMA:01100"",""GA:PUMA:02300"",""NY:PUMA:04013"",""AL:PUMA:01200"",""AZ:PUMA:00126"",""PA:PUMA:00900"",""OH:PUMA:04102"",""AZ:PUMA:00114"",""FL:PUMA:03102"",""MD:PUMA:00503"",""CA:PUMA:09501"",""OR:PUMA:01317"",""WI:PUMA:41003"",""OH:PUMA:05507"",""IN:PUMA:02100"",""CA:PUMA:00702"",""TX:PUMA:02700"",""OH:PUMA:04602"",""ID:PUMA:00200"",""PA:PUMA:01807"",""FL:PUMA:01500"",""GA:PUMA:03101"",""IN:PUMA:00104"",""GA:PUMA:02002"",""PA:PUMA:00600"",""AL:PUMA:00700"",""FL:PUMA:05703"",""MA:PUMA:03900"",""WV:PUMA:00200"",""NY:PUMA:00902"",""OH:PUMA:01803"",""OH:PUMA:01900"",""IL:PUMA:03419"",""NC:PUMA:01205"",""MA:PUMA:03305"",""MT:PUMA:00600"",""NC:PUMA:01203"",""NY:PUMA:02002"",""CA:PUMA:06505"",""TX:PUMA:04608"",""WV:PUMA:00600"",""WA:PUMA:11603"",""MA:PUMA:00504"",""TX:PUMA:03802"",""IN:PUMA:03500"",""NY:PUMA:02500"",""TX:PUMA:06603"",""CO:PUMA:00813"",""CO:PUMA:00814"",""MA:PUMA:00300"",""CT:PUMA:00904"",""IL:PUMA:02000"",""TX:PUMA:05308"",""AZ:PUMA:00102"",""MA:PUMA:03603"",""NY:PUMA:00300"",""WI:PUMA:10000"",""TX:PUMA:06302"",""NE:PUMA:00500"",""CA:PUMA:07504"",""CA:PUMA:06512"",""MA:PUMA:00507"",""CA:PUMA:03718"",""KY:PUMA:00500"",""PA:PUMA:03207"",""WV:PUMA:01200"",""PA:PUMA:04002"",""NC:PUMA:02400"",""MA:PUMA:01300"",""IL:PUMA:03523"",""CA:PUMA:00106"",""PA:PUMA:03208"",""TX:PUMA:02301"",""PA:PUMA:03503"",""NH:PUMA:00800"",""TX:PUMA:02503"",""IL:PUMA:03307"",""FL:PUMA:08302"",""CA:PUMA:04102"",""NH:PUMA:00900"",""NH:PUMA:00400"",""MO:PUMA:02100"",""FL:PUMA:07104"",""CA:PUMA:06506"",""FL:PUMA:10104"",""KY:PUMA:01901"",""AL:PUMA:01400"",""TX:PUMA:02006"",""FL:PUMA:01113""]",0.09637751859614847,1.0264213036895404,0.1492137474924824,1.0113019500452582,-0.10404552356840444,1.0083758728420846,-0.2072799158076078,0.7300539023460968,0.0788317932849833,0.9144681088856523,-0.04060292820703274,0.8723131913967317,-0.21623140514559924,0.6872028592780731,-0.14020499632999073,0.7927412797065052,-0.011389453825544717,1.005012292099856,0.11547255080788206,0.8718462876826667,-0.20899505037942104,0.6784739305187886,-0.01721863482431359,1.0379428888087334,0.04259324849253679,0.8632787587743761,0.014987815345926811,1.0169885747739702,-0.03962737827765688,1.0000180253455153,-0.270625310416272,0.6311665650939865
1,5f9644338fd1ffb661753079b4934480b3eeda0e0c9d645343ee506a34070007,c52014b8f05c192c,ACSEmployment,2018,b505147ac2879d972461,100000,100,16,PUMA,31,FL:PUMA:01500,31,1861,1402,672,730,0.4793152639087018,0.5206847360912982,48925,51075,0.01373530914665304,0.01429270680372002,1.0405813696011934,1.3747296526482156,False,,False,0.95,False,True,False,True,0,0,132766,30181213ed668ac6a29e6c307660c811870ee7d9811983a9bde5b673b032434d,4f098505a266b8abffdec33b9d9eb61602b1fa0d94863d95369e873a476977bc,"[""IL:PUMA:03501"",""IL:PUMA:03504"",""OH:PUMA:05100"",""ME:PUMA:00700"",""TX:PUMA:05306"",""TN:PUMA:01604"",""ME:PUMA:00200"",""TX:PUMA:02311"",""FL:PUMA:03107"",""TX:PUMA:04619"",""TX:PUMA:02800"",""TX:PUMA:01100"",""GA:PUMA:02300"",""NY:PUMA:04013"",""AL:PUMA:01200"",""AZ:PUMA:00126"",""PA:PUMA:00900"",""OH:PUMA:04102"",""AZ:PUMA:00114"",""FL:PUMA:03102"",""MD:PUMA:00503"",""CA:PUMA:09501"",""OR:PUMA:01317"",""WI:PUMA:41003"",""OH:PUMA:05507"",""IN:PUMA:02100"",""CA:PUMA:00702"",""TX:PUMA:02700"",""OH:PUMA:04602"",""ID:PUMA:00200"",""PA:PUMA:01807"",""FL:PUMA:01500"",""GA:PUMA:03101"",""IN:PUMA:00104"",""GA:PUMA:02002"",""PA:PUMA:00600"",""AL:PUMA:00700"",""FL:PUMA:05703"",""MA:PUMA:03900"",""WV:PUMA:00200"",""NY:PUMA:00902"",""OH:PUMA:01803"",""OH:PUMA:01900"",""IL:PUMA:03419"",""NC:PUMA:01205"",""MA:PUMA:03305"",""MT:PUMA:00600"",""NC:PUMA:01203"",""NY:PUMA:02002"",""CA:PUMA:06505"",""TX:PUMA:04608"",""WV:PUMA:00600"",""WA:PUMA:11603"",""MA:PUMA:00504"",""TX:PUMA:03802"",""IN:PUMA:03500"",""NY:PUMA:02500"",""TX:PUMA:06603"",""CO:PUMA:00813"",""CO:PUMA:00814"",""MA:PUMA:00300"",""CT:PUMA:00904"",""IL:PUMA:02000"",""TX:PUMA:05308"",""AZ:PUMA:00102"",""MA:PUMA:03603"",""NY:PUMA:00300"",""WI:PUMA:10000"",""TX:PUMA:06302"",""NE:PUMA:00500"",""CA:PUMA:07504"",""CA:PUMA:06512"",""MA:PUMA:00507"",""CA:PUMA:03718"",""KY:PUMA:00500"",""PA:PUMA:03207"",""WV:PUMA:01200"",""PA:PUMA:04002"",""NC:PUMA:02400"",""MA:PUMA:01300"",""IL:PUMA:03523"",""CA:PUMA:00106"",""PA:PUMA:03208"",""TX:PUMA:02301"",""PA:PUMA:03503"",""NH:PUMA:00800"",""TX:PUMA:02503"",""IL:PUMA:03307"",""FL:PUMA:08302"",""CA:PUMA:04102"",""NH:PUMA:00900"",""NH:PUMA:00400"",""MO:PUMA:02100"",""FL:PUMA:07104"",""CA:PUMA:06506"",""FL:PUMA:10104"",""KY:PUMA:01901"",""AL:PUMA:01400"",""TX:PUMA:02006"",""FL:PUMA:01113""]",0.536773647197618,0.9925965752640287,0.14194679226404147,0.8172593541013179,-0.32407819544662014,0.8984014825392541,-0.09853247404967862,0.9512546596849503,-0.255053352562482,1.2019292896577531,-0.15393049219884097,0.8416843166417077,-0.1065902584150981,0.8567489460279228,0.04661002132742713,1.0146261329124941,0.15271328678644475,0.8108341517415453,-0.057270416149890015,0.92022575863189,-0.09510600270692807,0.8747834206499674,-0.22432021256911328,1.4003285604779654,-0.1355784890771568,1.336688933446757,0.07004416612045014,0.802529406359003,0.02110940455339182,0.9993491273734242,-0.276482518657117,0.6521225054795904
1,5f9644338fd1ffb661753079b4934480b3eeda0e0c9d645343ee506a34070007,c52014b8f05c192c,ACSEmployment,2018,b505147ac2879d972461,100000,100,16,PUMA,32,GA:PUMA:03101,32,837,630,311,319,0.4936507936507937,0.5063492063492063,48925,51075,0.006356668369954011,0.006245717082721488,1.0177643792959283,1.3747296526482156,False,,False,0.95,False,True,False,True,0,0,132766,30181213ed668ac6a29e6c307660c811870ee7d9811983a9bde5b673b032434d,4f098505a266b8abffdec33b9d9eb61602b1fa0d94863d95369e873a476977bc,"[""IL:PUMA:03501"",""IL:PUMA:03504"",""OH:PUMA:05100"",""ME:PUMA:00700"",""TX:PUMA:05306"",""TN:PUMA:01604"",""ME:PUMA:00200"",""TX:PUMA:02311"",""FL:PUMA:03107"",""TX:PUMA:04619"",""TX:PUMA:02800"",""TX:PUMA:01100"",""GA:PUMA:02300"",""NY:PUMA:04013"",""AL:PUMA:01200"",""AZ:PUMA:00126"",""PA:PUMA:00900"",""OH:PUMA:04102"",""AZ:PUMA:00114"",""FL:PUMA:03102"",""MD:PUMA:00503"",""CA:PUMA:09501"",""OR:PUMA:01317"",""WI:PUMA:41003"",""OH:PUMA:05507"",""IN:PUMA:02100"",""CA:PUMA:00702"",""TX:PUMA:02700"",""OH:PUMA:04602"",""ID:PUMA:00200"",""PA:PUMA:01807"",""FL:PUMA:01500"",""GA:PUMA:03101"",""IN:PUMA:00104"",""GA:PUMA:02002"",""PA:PUMA:00600"",""AL:PUMA:00700"",""FL:PUMA:05703"",""MA:PUMA:03900"",""WV:PUMA:00200"",""NY:PUMA:00902"",""OH:PUMA:01803"",""OH:PUMA:01900"",""IL:PUMA:03419"",""NC:PUMA:01205"",""MA:PUMA:03305"",""MT:PUMA:00600"",""NC:PUMA:01203"",""NY:PUMA:02002"",""CA:PUMA:06505"",""TX:PUMA:04608"",""WV:PUMA:00600"",""WA:PUMA:11603"",""MA:PUMA:00504"",""TX:PUMA:03802"",""IN:PUMA:03500"",""NY:PUMA:02500"",""TX:PUMA:06603"",""CO:PUMA:00813"",""CO:PUMA:00814"",""MA:PUMA:00300"",""CT:PUMA:00904"",""IL:PUMA:02000"",""TX:PUMA:05308"",""AZ:PUMA:00102"",""MA:PUMA:03603"",""NY:PUMA:00300"",""WI:PUMA:10000"",""TX:PUMA:06302"",""NE:PUMA:00500"",""CA:PUMA:07504"",""CA:PUMA:06512"",""MA:PUMA:00507"",""CA:PUMA:03718"",""KY:PUMA:00500"",""PA:PUMA:03207"",""WV:PUMA:01200"",""PA:PUMA:04002"",""NC:PUMA:02400"",""MA:PUMA:01300"",""IL:PUMA:03523"",""CA:PUMA:00106"",""PA:PUMA:03208"",""TX:PUMA:02301"",""PA:PUMA:03503"",""NH:PUMA:00800"",""TX:PUMA:02503"",""IL:PUMA:03307"",""FL:PUMA:08302"",""CA:PUMA:04102"",""NH:PUMA:00900"",""NH:PUMA:00400"",""MO:PUMA:02100"",""FL:PUMA:07104"",""CA:PUMA:06506"",""FL:PUMA:10104"",""KY:PUMA:01901"",""AL:PUMA:01400"",""TX:PUMA:02006"",""FL:PUMA:01113""]",-0.06215400810619814,0.9860559732805658,-0.01356414270537484,1.020139141171493,-0.030193769766348993,1.0068054449000876,-0.04701551604552635,0.938901930587645,0.0778763438811942,0.9155932353072489,0.053059283098726186,1.0805217057603729,-0.029002778789602078,0.9716394973663804,0.10285883733928546,1.0690898728750484,-0.030486844467523498,1.0218079085500484,0.026279469154273642,0.9719990715736869,-0.02525899906248051,0.9692349887181951,-0.0073197672479340765,1.0163385588084841,0.03457207153908534,0.8907873492415447,0.004249972774906691,1.0101456961830662,-0.0075675435723138625,1.000124741601677,-0.08895293972237145,0.9252448315531288
1,5f9644338fd1ffb661753079b4934480b3eeda0e0c9d645343ee506a34070007,c52014b8f05c192c,ACSEmployment,2018,b505147ac2879d972461,100000,100,16,PUMA,33,IN:PUMA:00104,33,1114,839,414,425,0.4934445768772348,0.5065554231227652,48925,51075,0.008461931527848748,0.008321096426823299,1.016925065376176,1.3747296526482156,False,,False,0.95,False,True,False,True,0,0,132766,30181213ed668ac6a29e6c307660c811870ee7d9811983a9bde5b673b032434d,4f098505a266b8abffdec33b9d9eb61602b1fa0d94863d95369e873a476977bc,"[""IL:PUMA:03501"",""IL:PUMA:03504"",""OH:PUMA:05100"",""ME:PUMA:00700"",""TX:PUMA:05306"",""TN:PUMA:01604"",""ME:PUMA:00200"",""TX:PUMA:02311"",""FL:PUMA:03107"",""TX:PUMA:04619"",""TX:PUMA:02800"",""TX:PUMA:01100"",""GA:PUMA:02300"",""NY:PUMA:04013"",""AL:PUMA:01200"",""AZ:PUMA:00126"",""PA:PUMA:00900"",""OH:PUMA:04102"",""AZ:PUMA:00114"",""FL:PUMA:03102"",""MD:PUMA:00503"",""CA:PUMA:09501"",""OR:PUMA:01317"",""WI:PUMA:41003"",""OH:PUMA:05507"",""IN:PUMA:02100"",""CA:PUMA:00702"",""TX:PUMA:02700"",""OH:PUMA:04602"",""ID:PUMA:00200"",""PA:PUMA:01807"",""FL:PUMA:01500"",""GA:PUMA:03101"",""IN:PUMA:00104"",""GA:PUMA:02002"",""PA:PUMA:00600"",""AL:PUMA:00700"",""FL:PUMA:05703"",""MA:PUMA:03900"",""WV:PUMA:00200"",""NY:PUMA:00902"",""OH:PUMA:01803"",""OH:PUMA:01900"",""IL:PUMA:03419"",""NC:PUMA:01205"",""MA:PUMA:03305"",""MT:PUMA:00600"",""NC:PUMA:01203"",""NY:PUMA:02002"",""CA:PUMA:06505"",""TX:PUMA:04608"",""WV:PUMA:00600"",""WA:PUMA:11603"",""MA:PUMA:00504"",""TX:PUMA:03802"",""IN:PUMA:03500"",""NY:PUMA:02500"",""TX:PUMA:06603"",""CO:PUMA:00813"",""CO:PUMA:00814"",""MA:PUMA:00300"",""CT:PUMA:00904"",""IL:PUMA:02000"",""TX:PUMA:05308"",""AZ:PUMA:00102"",""MA:PUMA:03603"",""NY:PUMA:00300"",""WI:PUMA:10000"",""TX:PUMA:06302"",""NE:PUMA:00500"",""CA:PUMA:07504"",""CA:PUMA:06512"",""MA:PUMA:00507"",""CA:PUMA:03718"",""KY:PUMA:00500"",""PA:PUMA:03207"",""WV:PUMA:01200"",""PA:PUMA:04002"",""NC:PUMA:02400"",""MA:PUMA:01300"",""IL:PUMA:03523"",""CA:PUMA:00106"",""PA:PUMA:03208"",""TX:PUMA:02301"",""PA:PUMA:03503"",""NH:PUMA:00800"",""TX:PUMA:02503"",""IL:PUMA:03307"",""FL:PUMA:08302"",""CA:PUMA:04102"",""NH:PUMA:00900"",""NH:PUMA:00400"",""MO:PUMA:02100"",""FL:PUMA:07104"",""CA:PUMA:06506"",""FL:PUMA:10104"",""KY:PUMA:01901"",""AL:PUMA:01400"",""TX:PUMA:02006"",""FL:PUMA:01113""]",-0.021135831003887665,0.9767291258958908,-0.033173415466835283,0.9814975111012768,-0.1048938223161385,1.0013886993942518,-0.1088160996639935,0.8565991868233614,0.057256381263382713,0.9393100318385692,-0.08266629986281143,0.7629923170403681,-0.21918396060659076,0.6631675145696657,-0.0877544641733611,0.9287327689417229,-0.004238223836202655,1.0141192030381385,0.048532606381808556,0.9127629820117428,-0.20611210156175702,0.6843723545743977,0.017890910731579474,0.9586591476763643,0.007033143484309676,0.9788692149043822,-0.032710844347272616,1.0549516383361013,-0.007155025317014661,1.0001194177630206,-0.16314087709198263,0.866287191415048
1,5f9644338fd1ffb661753079b4934480b3eeda0e0c9d645343ee506a34070007,c52014b8f05c192c,ACSEmployment,2018,b505147ac2879d972461,100000,100,16,PUMA,34,GA:PUMA:02002,34,1575,1186,504,682,0.42495784148397975,0.5750421585160203,48925,51075,0.01030148185998978,0.013352912383749388,1.29621277455345,1.3747296526482156,False,,False,0.95,False,True,False,True,0,0,132766,30181213ed668ac6a29e6c307660c811870ee7d9811983a9bde5b673b032434d,4f098505a266b8abffdec33b9d9eb61602b1fa0d94863d95369e873a476977bc,"[""IL:PUMA:03501"",""IL:PUMA:03504"",""OH:PUMA:05100"",""ME:PUMA:00700"",""TX:PUMA:05306"",""TN:PUMA:01604"",""ME:PUMA:00200"",""TX:PUMA:02311"",""FL:PUMA:03107"",""TX:PUMA:04619"",""TX:PUMA:02800"",""TX:PUMA:01100"",""GA:PUMA:02300"",""NY:PUMA:04013"",""AL:PUMA:01200"",""AZ:PUMA:00126"",""PA:PUMA:00900"",""OH:PUMA:04102"",""AZ:PUMA:00114"",""FL:PUMA:03102"",""MD:PUMA:00503"",""CA:PUMA:09501"",""OR:PUMA:01317"",""WI:PUMA:41003"",""OH:PUMA:05507"",""IN:PUMA:02100"",""CA:PUMA:00702"",""TX:PUMA:02700"",""OH:PUMA:04602"",""ID:PUMA:00200"",""PA:PUMA:01807"",""FL:PUMA:01500"",""GA:PUMA:03101"",""IN:PUMA:00104"",""GA:PUMA:02002"",""PA:PUMA:00600"",""AL:PUMA:00700"",""FL:PUMA:05703"",""MA:PUMA:03900"",""WV:PUMA:00200"",""NY:PUMA:00902"",""OH:PUMA:01803"",""OH:PUMA:01900"",""IL:PUMA:03419"",""NC:PUMA:01205"",""MA:PUMA:03305"",""MT:PUMA:00600"",""NC:PUMA:01203"",""NY:PUMA:02002"",""CA:PUMA:06505"",""TX:PUMA:04608"",""WV:PUMA:00600"",""WA:PUMA:11603"",""MA:PUMA:00504"",""TX:PUMA:03802"",""IN:PUMA:03500"",""NY:PUMA:02500"",""TX:PUMA:06603"",""CO:PUMA:00813"",""CO:PUMA:00814"",""MA:PUMA:00300"",""CT:PUMA:00904"",""IL:PUMA:02000"",""TX:PUMA:05308"",""AZ:PUMA:00102"",""MA:PUMA:03603"",""NY:PUMA:00300"",""WI:PUMA:10000"",""TX:PUMA:06302"",""NE:PUMA:00500"",""CA:PUMA:07504"",""CA:PUMA:06512"",""MA:PUMA:00507"",""CA:PUMA:03718"",""KY:PUMA:00500"",""PA:PUMA:03207"",""WV:PUMA:01200"",""PA:PUMA:04002"",""NC:PUMA:02400"",""MA:PUMA:01300"",""IL:PUMA:03523"",""CA:PUMA:00106"",""PA:PUMA:03208"",""TX:PUMA:02301"",""PA:PUMA:03503"",""NH:PUMA:00800"",""TX:PUMA:02503"",""IL:PUMA:03307"",""FL:PUMA:08302"",""CA:PUMA:04102"",""NH:PUMA:00900"",""NH:PUMA:00400"",""MO:PUMA:02100"",""FL:PUMA:07104"",""CA:PUMA:06506"",""FL:PUMA:10104"",""KY:PUMA:01901"",""AL:PUMA:01400"",""TX:PUMA:02006"",""FL:PUMA:01113""]",-0.16176208255066618,0.9298712234779646,0.15202322516616817,1.056565960856993,0.2191101650271387,0.9858825431492396,0.11895954409944683,1.162549696881191,0.09263359168616209,0.8979446241407865,0.04616907665620852,1.0834416113247543,-0.05773033174491372,0.9445680217056814,0.1510332016749983,1.098657323146669,0.01349116559960379,1.0214283117211143,-0.1966582584394574,0.8485262373879005,-0.07732186949618283,0.9002879683078308,0.0621702354443499,0.8460911886474801,-0.010479619537212874,1.030593185520714,0.020091902628692263,0.9862380576882418,0.12984657793763238,0.9888762605849862,0.038732116176319734,0.873687554508786
1,5f9644338fd1ffb661753079b4934480b3eeda0e0c9d645343ee506a34070007,c52014b8f05c192c,ACSEmployment,2018,b505147ac2879d972461,100000,100,16,PUMA,35,PA:PUMA:00600,35,980,738,371,367,0.502710027100271,0.497289972899729,48925,51075,0.007583035258048033,0.007185511502692119,1.0553229585961943,1.3747296526482156,False,,False,0.95,False,True,False,True,0,0,132766,30181213ed668ac6a29e6c307660c811870ee7d9811983a9bde5b673b032434d,4f098505a266b8abffdec33b9d9eb61602b1fa0d94863d95369e873a476977bc,"[""IL:PUMA:03501"",""IL:PUMA:03504"",""OH:PUMA:05100"",""ME:PUMA:00700"",""TX:PUMA:05306"",""TN:PUMA:01604"",""ME:PUMA:00200"",""TX:PUMA:02311"",""FL:PUMA:03107"",""TX:PUMA:04619"",""TX:PUMA:02800"",""TX:PUMA:01100"",""GA:PUMA:02300"",""NY:PUMA:04013"",""AL:PUMA:01200"",""AZ:PUMA:00126"",""PA:PUMA:00900"",""OH:PUMA:04102"",""AZ:PUMA:00114"",""FL:PUMA:03102"",""MD:PUMA:00503"",""CA:PUMA:09501"",""OR:PUMA:01317"",""WI:PUMA:41003"",""OH:PUMA:05507"",""IN:PUMA:02100"",""CA:PUMA:00702"",""TX:PUMA:02700"",""OH:PUMA:04602"",""ID:PUMA:00200"",""PA:PUMA:01807"",""FL:PUMA:01500"",""GA:PUMA:03101"",""IN:PUMA:00104"",""GA:PUMA:02002"",""PA:PUMA:00600"",""AL:PUMA:00700"",""FL:PUMA:05703"",""MA:PUMA:03900"",""WV:PUMA:00200"",""NY:PUMA:00902"",""OH:PUMA:01803"",""OH:PUMA:01900"",""IL:PUMA:03419"",""NC:PUMA:01205"",""MA:PUMA:03305"",""MT:PUMA:00600"",""NC:PUMA:01203"",""NY:PUMA:02002"",""CA:PUMA:06505"",""TX:PUMA:04608"",""WV:PUMA:00600"",""WA:PUMA:11603"",""MA:PUMA:00504"",""TX:PUMA:03802"",""IN:PUMA:03500"",""NY:PUMA:02500"",""TX:PUMA:06603"",""CO:PUMA:00813"",""CO:PUMA:00814"",""MA:PUMA:00300"",""CT:PUMA:00904"",""IL:PUMA:02000"",""TX:PUMA:05308"",""AZ:PUMA:00102"",""MA:PUMA:03603"",""NY:PUMA:00300"",""WI:PUMA:10000"",""TX:PUMA:06302"",""NE:PUMA:00500"",""CA:PUMA:07504"",""CA:PUMA:06512"",""MA:PUMA:00507"",""CA:PUMA:03718"",""KY:PUMA:00500"",""PA:PUMA:03207"",""WV:PUMA:01200"",""PA:PUMA:04002"",""NC:PUMA:02400"",""MA:PUMA:01300"",""IL:PUMA:03523"",""CA:PUMA:00106"",""PA:PUMA:03208"",""TX:PUMA:02301"",""PA:PUMA:03503"",""NH:PUMA:00800"",""TX:PUMA:02503"",""IL:PUMA:03307"",""FL:PUMA:08302"",""CA:PUMA:04102"",""NH:PUMA:00900"",""NH:PUMA:00400"",""MO:PUMA:02100"",""FL:PUMA:07104"",""CA:PUMA:06506"",""FL:PUMA:10104"",""KY:PUMA:01901"",""AL:PUMA:01400"",""TX:PUMA:02006"",""FL:PUMA:01113""]",0.027117532056266623,0.9757495250782559,0.009558784737627767,0.9015901650266452,-0.005788701319015692,1.000763487346807,-0.06059068681787924,0.8936628588336614,-0.07591005220917037,1.0704824262237664,0.029315423231133512,1.0460979595049211,-0.13518193783077775,0.781525154654824,-0.09343029595817887,0.9021425939556753,0.03181702927623113,0.9745669742927431,-0.04922558029332783,0.9082185391850504,-0.13387846953357585,0.8150776632521152,-0.015338884709634851,1.033882339734637,0.019531386559051952,0.9400177691953627,-0.005431508918629767,0.9554633508593241,-0.02568973175532319,1.0001906946360744,-0.08324326704823122,0.9083616009113814
1,5f9644338fd1ffb661753079b4934480b3eeda0e0c9d645343ee506a34070007,c52014b8f05c192c,ACSEmployment,2018,b505147ac2879d972461,100000,100,16,PUMA,36,AL:PUMA:00700,36,1119,843,417,426,0.49466192170818507,0.505338078291815,48925,51075,0.008523249872253448,0.008340675477239354,1.021889641374049,1.3747296526482156,False,,False,0.95,False,True,False,True,0,0,132766,30181213ed668ac6a29e6c307660c811870ee7d9811983a9bde5b673b032434d,4f098505a266b8abffdec33b9d9eb61602b1fa0d94863d95369e873a476977bc,"[""IL:PUMA:03501"",""IL:PUMA:03504"",""OH:PUMA:05100"",""ME:PUMA:00700"",""TX:PUMA:05306"",""TN:PUMA:01604"",""ME:PUMA:00200"",""TX:PUMA:02311"",""FL:PUMA:03107"",""TX:PUMA:04619"",""TX:PUMA:02800"",""TX:PUMA:01100"",""GA:PUMA:02300"",""NY:PUMA:04013"",""AL:PUMA:01200"",""AZ:PUMA:00126"",""PA:PUMA:00900"",""OH:PUMA:04102"",""AZ:PUMA:00114"",""FL:PUMA:03102"",""MD:PUMA:00503"",""CA:PUMA:09501"",""OR:PUMA:01317"",""WI:PUMA:41003"",""OH:PUMA:05507"",""IN:PUMA:02100"",""CA:PUMA:00702"",""TX:PUMA:02700"",""OH:PUMA:04602"",""ID:PUMA:00200"",""PA:PUMA:01807"",""FL:PUMA:01500"",""GA:PUMA:03101"",""IN:PUMA:00104"",""GA:PUMA:02002"",""PA:PUMA:00600"",""AL:PUMA:00700"",""FL:PUMA:05703"",""MA:PUMA:03900"",""WV:PUMA:00200"",""NY:PUMA:00902"",""OH:PUMA:01803"",""OH:PUMA:01900"",""IL:PUMA:03419"",""NC:PUMA:01205"",""MA:PUMA:03305"",""MT:PUMA:00600"",""NC:PUMA:01203"",""NY:PUMA:02002"",""CA:PUMA:06505"",""TX:PUMA:04608"",""WV:PUMA:00600"",""WA:PUMA:11603"",""MA:PUMA:00504"",""TX:PUMA:03802"",""IN:PUMA:03500"",""NY:PUMA:02500"",""TX:PUMA:06603"",""CO:PUMA:00813"",""CO:PUMA:00814"",""MA:PUMA:00300"",""CT:PUMA:00904"",""IL:PUMA:02000"",""TX:PUMA:05308"",""AZ:PUMA:00102"",""MA:PUMA:03603"",""NY:PUMA:00300"",""WI:PUMA:10000"",""TX:PUMA:06302"",""NE:PUMA:00500"",""CA:PUMA:07504"",""CA:PUMA:06512"",""MA:PUMA:00507"",""CA:PUMA:03718"",""KY:PUMA:00500"",""PA:PUMA:03207"",""WV:PUMA:01200"",""PA:PUMA:04002"",""NC:PUMA:02400"",""MA:PUMA:01300"",""IL:PUMA:03523"",""CA:PUMA:00106"",""PA:PUMA:03208"",""TX:PUMA:02301"",""PA:PUMA:03503"",""NH:PUMA:00800"",""TX:PUMA:02503"",""IL:PUMA:03307"",""FL:PUMA:08302"",""CA:PUMA:04102"",""NH:PUMA:00900"",""NH:PUMA:00400"",""MO:PUMA:02100"",""FL:PUMA:07104"",""CA:PUMA:06506"",""FL:PUMA:10104"",""KY:PUMA:01901"",""AL:PUMA:01400"",""TX:PUMA:02006"",""FL:PUMA:01113""]",0.0459382909790738,1.0066762994202934,-0.14445522686607445,0.9201168485134812,-0.10870389818760957,0.9744201002865306,-0.0422187427993581,0.9440278622883279,-0.21941493736425083,1.179120535628734,-0.009683992776073635,1.0085827933641618,-0.31513769738342795,0.43866409805951095,0.046117443943107905,1.0038028435002444,-0.02031574437002966,1.0096362057896164,0.153485308190693,1.0737308960036327,-0.31363312300723506,0.3966225162244787,-0.06894235671044414,1.1428212287019741,-0.1111530175766726,1.28363378832976,-0.0241755151193262,0.9748897148551706,-0.009590215030705784,1.0001483827654938,-0.31101608505877004,0.5971165714573955
1,5f9644338fd1ffb661753079b4934480b3eeda0e0c9d645343ee506a34070007,c52014b8f05c192c,ACSEmployment,2018,b505147ac2879d972461,100000,100,16,PUMA,37,FL:PUMA:05703,37,1581,1191,600,591,0.5037783375314862,0.49622166246851385,48925,51075,0.012263668880940215,0.0115712187958884,1.0598424502436912,1.3747296526482156,False,,False,0.95,False,True,False,True,0,0,132766,30181213ed668ac6a29e6c307660c811870ee7d9811983a9bde5b673b032434d,4f098505a266b8abffdec33b9d9eb61602b1fa0d94863d95369e873a476977bc,"[""IL:PUMA:03501"",""IL:PUMA:03504"",""OH:PUMA:05100"",""ME:PUMA:00700"",""TX:PUMA:05306"",""TN:PUMA:01604"",""ME:PUMA:00200"",""TX:PUMA:02311"",""FL:PUMA:03107"",""TX:PUMA:04619"",""TX:PUMA:02800"",""TX:PUMA:01100"",""GA:PUMA:02300"",""NY:PUMA:04013"",""AL:PUMA:01200"",""AZ:PUMA:00126"",""PA:PUMA:00900"",""OH:PUMA:04102"",""AZ:PUMA:00114"",""FL:PUMA:03102"",""MD:PUMA:00503"",""CA:PUMA:09501"",""OR:PUMA:01317"",""WI:PUMA:41003"",""OH:PUMA:05507"",""IN:PUMA:02100"",""CA:PUMA:00702"",""TX:PUMA:02700"",""OH:PUMA:04602"",""ID:PUMA:00200"",""PA:PUMA:01807"",""FL:PUMA:01500"",""GA:PUMA:03101"",""IN:PUMA:00104"",""GA:PUMA:02002"",""PA:PUMA:00600"",""AL:PUMA:00700"",""FL:PUMA:05703"",""MA:PUMA:03900"",""WV:PUMA:00200"",""NY:PUMA:00902"",""OH:PUMA:01803"",""OH:PUMA:01900"",""IL:PUMA:03419"",""NC:PUMA:01205"",""MA:PUMA:03305"",""MT:PUMA:00600"",""NC:PUMA:01203"",""NY:PUMA:02002"",""CA:PUMA:06505"",""TX:PUMA:04608"",""WV:PUMA:00600"",""WA:PUMA:11603"",""MA:PUMA:00504"",""TX:PUMA:03802"",""IN:PUMA:03500"",""NY:PUMA:02500"",""TX:PUMA:06603"",""CO:PUMA:00813"",""CO:PUMA:00814"",""MA:PUMA:00300"",""CT:PUMA:00904"",""IL:PUMA:02000"",""TX:PUMA:05308"",""AZ:PUMA:00102"",""MA:PUMA:03603"",""NY:PUMA:00300"",""WI:PUMA:10000"",""TX:PUMA:06302"",""NE:PUMA:00500"",""CA:PUMA:07504"",""CA:PUMA:06512"",""MA:PUMA:00507"",""CA:PUMA:03718"",""KY:PUMA:00500"",""PA:PUMA:03207"",""WV:PUMA:01200"",""PA:PUMA:04002"",""NC:PUMA:02400"",""MA:PUMA:01300"",""IL:PUMA:03523"",""CA:PUMA:00106"",""PA:PUMA:03208"",""TX:PUMA:02301"",""PA:PUMA:03503"",""NH:PUMA:00800"",""TX:PUMA:02503"",""IL:PUMA:03307"",""FL:PUMA:08302"",""CA:PUMA:04102"",""NH:PUMA:00900"",""NH:PUMA:00400"",""MO:PUMA:02100"",""FL:PUMA:07104"",""CA:PUMA:06506"",""FL:PUMA:10104"",""KY:PUMA:01901"",""AL:PUMA:01400"",""TX:PUMA:02006"",""FL:PUMA:01113""]",-0.05232162876435181,0.9410031385608315,0.06045136725816311,1.0230817373212513,-0.06034821036062738,0.9966703134373852,-0.11044149934288966,0.8054880714107815,0.14146175331016722,0.8350438769538694,0.008147010186372015,0.9819155905090536,0.46959732494704287,1.3582499043055658,0.08323025714669727,1.0736281920538597,-0.03432097492149755,1.0226327476012587,0.010926133927800343,0.9811673740879236,0.4374309265234587,1.3589629154560983,0.07108040380499615,0.8212891155896391,0.10599974310815276,0.5994126674373332,0.03724504766496766,0.9769011310870349,-0.02782679145031006,1.0001768283137433,0.05879063348995308,1.0989150533435674
1,5f9644338fd1ffb661753079b4934480b3eeda0e0c9d645343ee506a34070007,c52014b8f05c192c,ACSEmployment,2018,b505147ac2879d972461,100000,100,16,PUMA,38,MA:PUMA:03900,38,1316,991,476,515,0.4803229061553986,0.5196770938446014,48925,51075,0.00972917731221257,0.010083210964268233,1.0363888580395448,1.3747296526482156,False,,False,0.95,False,True,False,True,0,0,132766,30181213ed668ac6a29e6c307660c811870ee7d9811983a9bde5b673b032434d,4f098505a266b8abffdec33b9d9eb61602b1fa0d94863d95369e873a476977bc,"[""IL:PUMA:03501"",""IL:PUMA:03504"",""OH:PUMA:05100"",""ME:PUMA:00700"",""TX:PUMA:05306"",""TN:PUMA:01604"",""ME:PUMA:00200"",""TX:PUMA:02311"",""FL:PUMA:03107"",""TX:PUMA:04619"",""TX:PUMA:02800"",""TX:PUMA:01100"",""GA:PUMA:02300"",""NY:PUMA:04013"",""AL:PUMA:01200"",""AZ:PUMA:00126"",""PA:PUMA:00900"",""OH:PUMA:04102"",""AZ:PUMA:00114"",""FL:PUMA:03102"",""MD:PUMA:00503"",""CA:PUMA:09501"",""OR:PUMA:01317"",""WI:PUMA:41003"",""OH:PUMA:05507"",""IN:PUMA:02100"",""CA:PUMA:00702"",""TX:PUMA:02700"",""OH:PUMA:04602"",""ID:PUMA:00200"",""PA:PUMA:01807"",""FL:PUMA:01500"",""GA:PUMA:03101"",""IN:PUMA:00104"",""GA:PUMA:02002"",""PA:PUMA:00600"",""AL:PUMA:00700"",""FL:PUMA:05703"",""MA:PUMA:03900"",""WV:PUMA:00200"",""NY:PUMA:00902"",""OH:PUMA:01803"",""OH:PUMA:01900"",""IL:PUMA:03419"",""NC:PUMA:01205"",""MA:PUMA:03305"",""MT:PUMA:00600"",""NC:PUMA:01203"",""NY:PUMA:02002"",""CA:PUMA:06505"",""TX:PUMA:04608"",""WV:PUMA:00600"",""WA:PUMA:11603"",""MA:PUMA:00504"",""TX:PUMA:03802"",""IN:PUMA:03500"",""NY:PUMA:02500"",""TX:PUMA:06603"",""CO:PUMA:00813"",""CO:PUMA:00814"",""MA:PUMA:00300"",""CT:PUMA:00904"",""IL:PUMA:02000"",""TX:PUMA:05308"",""AZ:PUMA:00102"",""MA:PUMA:03603"",""NY:PUMA:00300"",""WI:PUMA:10000"",""TX:PUMA:06302"",""NE:PUMA:00500"",""CA:PUMA:07504"",""CA:PUMA:06512"",""MA:PUMA:00507"",""CA:PUMA:03718"",""KY:PUMA:00500"",""PA:PUMA:03207"",""WV:PUMA:01200"",""PA:PUMA:04002"",""NC:PUMA:02400"",""MA:PUMA:01300"",""IL:PUMA:03523"",""CA:PUMA:00106"",""PA:PUMA:03208"",""TX:PUMA:02301"",""PA:PUMA:03503"",""NH:PUMA:00800"",""TX:PUMA:02503"",""IL:PUMA:03307"",""FL:PUMA:08302"",""CA:PUMA:04102"",""NH:PUMA:00900"",""NH:PUMA:00400"",""MO:PUMA:02100"",""FL:PUMA:07104"",""CA:PUMA:06506"",""FL:PUMA:10104"",""KY:PUMA:01901"",""AL:PUMA:01400"",""TX:PUMA:02006"",""FL:PUMA:01113""]",0.09169043035925174,1.0368238792324769,0.058335917800092695,1.077968593866344,-0.06412574799375516,0.997695490301558,-0.09300942298220305,0.8744617739466988,0.0464260978198439,0.9513511228120369,-0.09063235767553043,0.7160827627596373,0.04463095438890024,1.035878708745973,-0.11385999313955529,0.8306536784976508,-0.03650818759502115,1.026345183836156,-0.0007095718109732585,0.9380341272831096,0.03569123046486986,1.040879331973722,0.00783105104415128,0.9821589244320066,0.0563815788293102,0.8136368627726952,-0.02833476805271768,1.0551700955726189,0.019093706148264212,0.9994305510408651,-0.12661731821581823,0.8349676738074303
1,5f9644338fd1ffb661753079b4934480b3eeda0e0c9d645343ee506a34070007,c52014b8f05c192c,ACSEmployment,2018,b505147ac2879d972461,100000,100,16,PUMA,39,WV:PUMA:00200,39,1729,1302,630,672,0.4838709677419355,0.5161290322580645,48925,51075,0.012876852324987226,0.01315712187958884,1.0217653777125142,1.3747296526482156,False,,False,0.95,False,True,False,True,0,0,132766,30181213ed668ac6a29e6c307660c811870ee7d9811983a9bde5b673b032434d,4f098505a266b8abffdec33b9d9eb61602b1fa0d94863d95369e873a476977bc,"[""IL:PUMA:03501"",""IL:PUMA:03504"",""OH:PUMA:05100"",""ME:PUMA:00700"",""TX:PUMA:05306"",""TN:PUMA:01604"",""ME:PUMA:00200"",""TX:PUMA:02311"",""FL:PUMA:03107"",""TX:PUMA:04619"",""TX:PUMA:02800"",""TX:PUMA:01100"",""GA:PUMA:02300"",""NY:PUMA:04013"",""AL:PUMA:01200"",""AZ:PUMA:00126"",""PA:PUMA:00900"",""OH:PUMA:04102"",""AZ:PUMA:00114"",""FL:PUMA:03102"",""MD:PUMA:00503"",""CA:PUMA:09501"",""OR:PUMA:01317"",""WI:PUMA:41003"",""OH:PUMA:05507"",""IN:PUMA:02100"",""CA:PUMA:00702"",""TX:PUMA:02700"",""OH:PUMA:04602"",""ID:PUMA:00200"",""PA:PUMA:01807"",""FL:PUMA:01500"",""GA:PUMA:03101"",""IN:PUMA:00104"",""GA:PUMA:02002"",""PA:PUMA:00600"",""AL:PUMA:00700"",""FL:PUMA:05703"",""MA:PUMA:03900"",""WV:PUMA:00200"",""NY:PUMA:00902"",""OH:PUMA:01803"",""OH:PUMA:01900"",""IL:PUMA:03419"",""NC:PUMA:01205"",""MA:PUMA:03305"",""MT:PUMA:00600"",""NC:PUMA:01203"",""NY:PUMA:02002"",""CA:PUMA:06505"",""TX:PUMA:04608"",""WV:PUMA:00600"",""WA:PUMA:11603"",""MA:PUMA:00504"",""TX:PUMA:03802"",""IN:PUMA:03500"",""NY:PUMA:02500"",""TX:PUMA:06603"",""CO:PUMA:00813"",""CO:PUMA:00814"",""MA:PUMA:00300"",""CT:PUMA:00904"",""IL:PUMA:02000"",""TX:PUMA:05308"",""AZ:PUMA:00102"",""MA:PUMA:03603"",""NY:PUMA:00300"",""WI:PUMA:10000"",""TX:PUMA:06302"",""NE:PUMA:00500"",""CA:PUMA:07504"",""CA:PUMA:06512"",""MA:PUMA:00507"",""CA:PUMA:03718"",""KY:PUMA:00500"",""PA:PUMA:03207"",""WV:PUMA:01200"",""PA:PUMA:04002"",""NC:PUMA:02400"",""MA:PUMA:01300"",""IL:PUMA:03523"",""CA:PUMA:00106"",""PA:PUMA:03208"",""TX:PUMA:02301"",""PA:PUMA:03503"",""NH:PUMA:00800"",""TX:PUMA:02503"",""IL:PUMA:03307"",""FL:PUMA:08302"",""CA:PUMA:04102"",""NH:PUMA:00900"",""NH:PUMA:00400"",""MO:PUMA:02100"",""FL:PUMA:07104"",""CA:PUMA:06506"",""FL:PUMA:10104"",""KY:PUMA:01901"",""AL:PUMA:01400"",""TX:PUMA:02006"",""FL:PUMA:01113""]",0.10427497946999809,1.0239958188806386,-0.03578319025524951,0.8907417607008026,-0.10969964302204176,0.9777717741585781,-0.0542274140348203,0.9519798100580439,-0.1805292903255188,1.1524626412756154,-0.04197382799241221,0.9432632776749575,-0.3579533245650653,0.23219349753546456,-0.042687932027294456,0.9552020709858761,0.05361271497882757,0.957511455195468,0.20420486947261907,1.0436628361322469,-0.3461058141540693,0.24252963008607348,-0.15555025876155995,1.2950009800042794,-0.09119998309104102,1.238250470555642,0.0015542800792532321,0.9705150185240278,0.011996125529030118,0.9996848525808718,-0.34654308291020025,0.47665039854932434
1,5f9644338fd1ffb661753079b4934480b3eeda0e0c9d645343ee506a34070007,c52014b8f05c192c,ACSEmployment,2018,b505147ac2879d972461,100000,100,16,PUMA,40,NY:PUMA:00902,40,1137,856,409,447,0.477803738317757,0.522196261682243,48925,51075,0.008359734287174247,0.008751835535976506,1.0469035540284855,1.3747296526482156,False,,False,0.95,False,True,False,True,0,0,132766,30181213ed668ac6a29e6c307660c811870ee7d9811983a9bde5b673b032434d,4f098505a266b8abffdec33b9d9eb61602b1fa0d94863d95369e873a476977bc,"[""IL:PUMA:03501"",""IL:PUMA:03504"",""OH:PUMA:05100"",""ME:PUMA:00700"",""TX:PUMA:05306"",""TN:PUMA:01604"",""ME:PUMA:00200"",""TX:PUMA:02311"",""FL:PUMA:03107"",""TX:PUMA:04619"",""TX:PUMA:02800"",""TX:PUMA:01100"",""GA:PUMA:02300"",""NY:PUMA:04013"",""AL:PUMA:01200"",""AZ:PUMA:00126"",""PA:PUMA:00900"",""OH:PUMA:04102"",""AZ:PUMA:00114"",""FL:PUMA:03102"",""MD:PUMA:00503"",""CA:PUMA:09501"",""OR:PUMA:01317"",""WI:PUMA:41003"",""OH:PUMA:05507"",""IN:PUMA:02100"",""CA:PUMA:00702"",""TX:PUMA:02700"",""OH:PUMA:04602"",""ID:PUMA:00200"",""PA:PUMA:01807"",""FL:PUMA:01500"",""GA:PUMA:03101"",""IN:PUMA:00104"",""GA:PUMA:02002"",""PA:PUMA:00600"",""AL:PUMA:00700"",""FL:PUMA:05703"",""MA:PUMA:03900"",""WV:PUMA:00200"",""NY:PUMA:00902"",""OH:PUMA:01803"",""OH:PUMA:01900"",""IL:PUMA:03419"",""NC:PUMA:01205"",""MA:PUMA:03305"",""MT:PUMA:00600"",""NC:PUMA:01203"",""NY:PUMA:02002"",""CA:PUMA:06505"",""TX:PUMA:04608"",""WV:PUMA:00600"",""WA:PUMA:11603"",""MA:PUMA:00504"",""TX:PUMA:03802"",""IN:PUMA:03500"",""NY:PUMA:02500"",""TX:PUMA:06603"",""CO:PUMA:00813"",""CO:PUMA:00814"",""MA:PUMA:00300"",""CT:PUMA:00904"",""IL:PUMA:02000"",""TX:PUMA:05308"",""AZ:PUMA:00102"",""MA:PUMA:03603"",""NY:PUMA:00300"",""WI:PUMA:10000"",""TX:PUMA:06302"",""NE:PUMA:00500"",""CA:PUMA:07504"",""CA:PUMA:06512"",""MA:PUMA:00507"",""CA:PUMA:03718"",""KY:PUMA:00500"",""PA:PUMA:03207"",""WV:PUMA:01200"",""PA:PUMA:04002"",""NC:PUMA:02400"",""MA:PUMA:01300"",""IL:PUMA:03523"",""CA:PUMA:00106"",""PA:PUMA:03208"",""TX:PUMA:02301"",""PA:PUMA:03503"",""NH:PUMA:00800"",""TX:PUMA:02503"",""IL:PUMA:03307"",""FL:PUMA:08302"",""CA:PUMA:04102"",""NH:PUMA:00900"",""NH:PUMA:00400"",""MO:PUMA:02100"",""FL:PUMA:07104"",""CA:PUMA:06506"",""FL:PUMA:10104"",""KY:PUMA:01901"",""AL:PUMA:01400"",""TX:PUMA:02006"",""FL:PUMA:01113""]",-0.1147359980438635,0.9354208645159493,-0.03727048795136664,1.0271787586729713,0.47230588851608046,0.884530113899398,0.13733364042887056,1.1559479989693555,-0.25272579104729626,1.200485159702104,0.19658165492800328,1.4311323876817967,-0.07709601577138937,0.8001499081000647,0.11172208992699958,1.0812448906084982,0.05882103433125923,0.9781484631989424,-0.06056098019661132,0.9670918924076822,-0.154885817393947,0.780019275135067,0.06783447728117076,0.8304212275841667,-0.07769516974371009,1.2063781282759853,-0.07728265943606051,1.035175502538915,0.024133076628440827,0.9992193497781257,0.13025431956126876,1.0286468774305204
1,5f9644338fd1ffb661753079b4934480b3eeda0e0c9d645343ee506a34070007,c52014b8f05c192c,ACSEmployment,2018,b505147ac2879d972461,100000,100,16,PUMA,41,OH:PUMA:01803,41,889,670,352,318,0.5253731343283582,0.4746268656716418,48925,51075,0.007194685743484926,0.0062261380323054335,1.155561554555008,1.3747296526482156,False,,False,0.95,False,True,False,True,0,0,132766,30181213ed668ac6a29e6c307660c811870ee7d9811983a9bde5b673b032434d,4f098505a266b8abffdec33b9d9eb61602b1fa0d94863d95369e873a476977bc,"[""IL:PUMA:03501"",""IL:PUMA:03504"",""OH:PUMA:05100"",""ME:PUMA:00700"",""TX:PUMA:05306"",""TN:PUMA:01604"",""ME:PUMA:00200"",""TX:PUMA:02311"",""FL:PUMA:03107"",""TX:PUMA:04619"",""TX:PUMA:02800"",""TX:PUMA:01100"",""GA:PUMA:02300"",""NY:PUMA:04013"",""AL:PUMA:01200"",""AZ:PUMA:00126"",""PA:PUMA:00900"",""OH:PUMA:04102"",""AZ:PUMA:00114"",""FL:PUMA:03102"",""MD:PUMA:00503"",""CA:PUMA:09501"",""OR:PUMA:01317"",""WI:PUMA:41003"",""OH:PUMA:05507"",""IN:PUMA:02100"",""CA:PUMA:00702"",""TX:PUMA:02700"",""OH:PUMA:04602"",""ID:PUMA:00200"",""PA:PUMA:01807"",""FL:PUMA:01500"",""GA:PUMA:03101"",""IN:PUMA:00104"",""GA:PUMA:02002"",""PA:PUMA:00600"",""AL:PUMA:00700"",""FL:PUMA:05703"",""MA:PUMA:03900"",""WV:PUMA:00200"",""NY:PUMA:00902"",""OH:PUMA:01803"",""OH:PUMA:01900"",""IL:PUMA:03419"",""NC:PUMA:01205"",""MA:PUMA:03305"",""MT:PUMA:00600"",""NC:PUMA:01203"",""NY:PUMA:02002"",""CA:PUMA:06505"",""TX:PUMA:04608"",""WV:PUMA:00600"",""WA:PUMA:11603"",""MA:PUMA:00504"",""TX:PUMA:03802"",""IN:PUMA:03500"",""NY:PUMA:02500"",""TX:PUMA:06603"",""CO:PUMA:00813"",""CO:PUMA:00814"",""MA:PUMA:00300"",""CT:PUMA:00904"",""IL:PUMA:02000"",""TX:PUMA:05308"",""AZ:PUMA:00102"",""MA:PUMA:03603"",""NY:PUMA:00300"",""WI:PUMA:10000"",""TX:PUMA:06302"",""NE:PUMA:00500"",""CA:PUMA:07504"",""CA:PUMA:06512"",""MA:PUMA:00507"",""CA:PUMA:03718"",""KY:PUMA:00500"",""PA:PUMA:03207"",""WV:PUMA:01200"",""PA:PUMA:04002"",""NC:PUMA:02400"",""MA:PUMA:01300"",""IL:PUMA:03523"",""CA:PUMA:00106"",""PA:PUMA:03208"",""TX:PUMA:02301"",""PA:PUMA:03503"",""NH:PUMA:00800"",""TX:PUMA:02503"",""IL:PUMA:03307"",""FL:PUMA:08302"",""CA:PUMA:04102"",""NH:PUMA:00900"",""NH:PUMA:00400"",""MO:PUMA:02100"",""FL:PUMA:07104"",""CA:PUMA:06506"",""FL:PUMA:10104"",""KY:PUMA:01901"",""AL:PUMA:01400"",""TX:PUMA:02006"",""FL:PUMA:01113""]",-0.1489581601249839,0.9557013075781968,-0.06554303280495002,0.9464167754526258,0.3225941312859102,0.9410427743735129,0.14268511714203438,1.148158508521284,-0.12989825034586847,1.1147684952434984,0.10283192285374847,1.2274016282898645,-0.16045764281115052,0.798180830951146,0.127273456967709,1.1054405117549841,0.012412740760394505,0.9916480923638095,0.010208310024609145,0.9643602512679023,-0.15209349993865687,0.7848019345553069,0.035209482573820144,0.916534395834946,-0.06058542532183434,1.1645212264321634,-0.03680569520802594,1.0258348544514189,-0.0710252555929178,0.9989166997236133,0.0005705615461638265,0.9624008425573273
1,5f9644338fd1ffb661753079b4934480b3eeda0e0c9d645343ee506a34070007,c52014b8f05c192c,ACSEmployment,2018,b505147ac2879d972461,100000,100,16,PUMA,42,OH:PUMA:01900,42,1760,1326,679,647,0.5120663650075414,0.4879336349924585,48925,51075,0.013878385283597344,0.012667645619187469,1.0955773235853699,1.3747296526482156,False,,False,0.95,False,True,False,True,0,0,132766,30181213ed668ac6a29e6c307660c811870ee7d9811983a9bde5b673b032434d,4f098505a266b8abffdec33b9d9eb61602b1fa0d94863d95369e873a476977bc,"[""IL:PUMA:03501"",""IL:PUMA:03504"",""OH:PUMA:05100"",""ME:PUMA:00700"",""TX:PUMA:05306"",""TN:PUMA:01604"",""ME:PUMA:00200"",""TX:PUMA:02311"",""FL:PUMA:03107"",""TX:PUMA:04619"",""TX:PUMA:02800"",""TX:PUMA:01100"",""GA:PUMA:02300"",""NY:PUMA:04013"",""AL:PUMA:01200"",""AZ:PUMA:00126"",""PA:PUMA:00900"",""OH:PUMA:04102"",""AZ:PUMA:00114"",""FL:PUMA:03102"",""MD:PUMA:00503"",""CA:PUMA:09501"",""OR:PUMA:01317"",""WI:PUMA:41003"",""OH:PUMA:05507"",""IN:PUMA:02100"",""CA:PUMA:00702"",""TX:PUMA:02700"",""OH:PUMA:04602"",""ID:PUMA:00200"",""PA:PUMA:01807"",""FL:PUMA:01500"",""GA:PUMA:03101"",""IN:PUMA:00104"",""GA:PUMA:02002"",""PA:PUMA:00600"",""AL:PUMA:00700"",""FL:PUMA:05703"",""MA:PUMA:03900"",""WV:PUMA:00200"",""NY:PUMA:00902"",""OH:PUMA:01803"",""OH:PUMA:01900"",""IL:PUMA:03419"",""NC:PUMA:01205"",""MA:PUMA:03305"",""MT:PUMA:00600"",""NC:PUMA:01203"",""NY:PUMA:02002"",""CA:PUMA:06505"",""TX:PUMA:04608"",""WV:PUMA:00600"",""WA:PUMA:11603"",""MA:PUMA:00504"",""TX:PUMA:03802"",""IN:PUMA:03500"",""NY:PUMA:02500"",""TX:PUMA:06603"",""CO:PUMA:00813"",""CO:PUMA:00814"",""MA:PUMA:00300"",""CT:PUMA:00904"",""IL:PUMA:02000"",""TX:PUMA:05308"",""AZ:PUMA:00102"",""MA:PUMA:03603"",""NY:PUMA:00300"",""WI:PUMA:10000"",""TX:PUMA:06302"",""NE:PUMA:00500"",""CA:PUMA:07504"",""CA:PUMA:06512"",""MA:PUMA:00507"",""CA:PUMA:03718"",""KY:PUMA:00500"",""PA:PUMA:03207"",""WV:PUMA:01200"",""PA:PUMA:04002"",""NC:PUMA:02400"",""MA:PUMA:01300"",""IL:PUMA:03523"",""CA:PUMA:00106"",""PA:PUMA:03208"",""TX:PUMA:02301"",""PA:PUMA:03503"",""NH:PUMA:00800"",""TX:PUMA:02503"",""IL:PUMA:03307"",""FL:PUMA:08302"",""CA:PUMA:04102"",""NH:PUMA:00900"",""NH:PUMA:00400"",""MO:PUMA:02100"",""FL:PUMA:07104"",""CA:PUMA:06506"",""FL:PUMA:10104"",""KY:PUMA:01901"",""AL:PUMA:01400"",""TX:PUMA:02006"",""FL:PUMA:01113""]",0.0781976970584497,0.993594487787094,0.06326651234905808,0.9685161355842888,-0.19252584186285868,0.9835839681609473,-0.2139187653086737,0.7170654147100425,0.10528999913184052,0.8823307750445578,-0.0558425934472099,0.8732996276130719,-0.3051286870033566,0.4528813224654883,-0.07172559042150889,0.9151415911776123,0.0050866475492076435,1.001088531031079,0.0646919548229089,0.8757588577765293,-0.29261804223932397,0.46896006792162515,-0.003848444907801707,1.0086297882620523,0.05045908319548548,0.8353489303544187,0.03900631528715514,0.9525399649152684,-0.044406250896262225,0.9999140897001199,-0.31198613148573784,0.5858028967600823
1,5f9644338fd1ffb661753079b4934480b3eeda0e0c9d645343ee506a34070007,c52014b8f05c192c,ACSEmployment,2018,b505147ac2879d972461,100000,100,16,PUMA,43,IL:PUMA:03419,43,872,657,294,363,0.4474885844748858,0.5525114155251142,48925,51075,0.006009197751660705,0.0071071953010279,1.1827194901455442,1.3747296526482156,False,,False,0.95,False,True,False,True,0,0,132766,30181213ed668ac6a29e6c307660c811870ee7d9811983a9bde5b673b032434d,4f098505a266b8abffdec33b9d9eb61602b1fa0d94863d95369e873a476977bc,"[""IL:PUMA:03501"",""IL:PUMA:03504"",""OH:PUMA:05100"",""ME:PUMA:00700"",""TX:PUMA:05306"",""TN:PUMA:01604"",""ME:PUMA:00200"",""TX:PUMA:02311"",""FL:PUMA:03107"",""TX:PUMA:04619"",""TX:PUMA:02800"",""TX:PUMA:01100"",""GA:PUMA:02300"",""NY:PUMA:04013"",""AL:PUMA:01200"",""AZ:PUMA:00126"",""PA:PUMA:00900"",""OH:PUMA:04102"",""AZ:PUMA:00114"",""FL:PUMA:03102"",""MD:PUMA:00503"",""CA:PUMA:09501"",""OR:PUMA:01317"",""WI:PUMA:41003"",""OH:PUMA:05507"",""IN:PUMA:02100"",""CA:PUMA:00702"",""TX:PUMA:02700"",""OH:PUMA:04602"",""ID:PUMA:00200"",""PA:PUMA:01807"",""FL:PUMA:01500"",""GA:PUMA:03101"",""IN:PUMA:00104"",""GA:PUMA:02002"",""PA:PUMA:00600"",""AL:PUMA:00700"",""FL:PUMA:05703"",""MA:PUMA:03900"",""WV:PUMA:00200"",""NY:PUMA:00902"",""OH:PUMA:01803"",""OH:PUMA:01900"",""IL:PUMA:03419"",""NC:PUMA:01205"",""MA:PUMA:03305"",""MT:PUMA:00600"",""NC:PUMA:01203"",""NY:PUMA:02002"",""CA:PUMA:06505"",""TX:PUMA:04608"",""WV:PUMA:00600"",""WA:PUMA:11603"",""MA:PUMA:00504"",""TX:PUMA:03802"",""IN:PUMA:03500"",""NY:PUMA:02500"",""TX:PUMA:06603"",""CO:PUMA:00813"",""CO:PUMA:00814"",""MA:PUMA:00300"",""CT:PUMA:00904"",""IL:PUMA:02000"",""TX:PUMA:05308"",""AZ:PUMA:00102"",""MA:PUMA:03603"",""NY:PUMA:00300"",""WI:PUMA:10000"",""TX:PUMA:06302"",""NE:PUMA:00500"",""CA:PUMA:07504"",""CA:PUMA:06512"",""MA:PUMA:00507"",""CA:PUMA:03718"",""KY:PUMA:00500"",""PA:PUMA:03207"",""WV:PUMA:01200"",""PA:PUMA:04002"",""NC:PUMA:02400"",""MA:PUMA:01300"",""IL:PUMA:03523"",""CA:PUMA:00106"",""PA:PUMA:03208"",""TX:PUMA:02301"",""PA:PUMA:03503"",""NH:PUMA:00800"",""TX:PUMA:02503"",""IL:PUMA:03307"",""FL:PUMA:08302"",""CA:PUMA:04102"",""NH:PUMA:00900"",""NH:PUMA:00400"",""MO:PUMA:02100"",""FL:PUMA:07104"",""CA:PUMA:06506"",""FL:PUMA:10104"",""KY:PUMA:01901"",""AL:PUMA:01400"",""TX:PUMA:02006"",""FL:PUMA:01113""]",0.07206435092932596,1.0026379810058779,0.13270329810075837,1.0219291470757474,-0.13588285195700509,1.0020772253021606,-0.22775252358662515,0.6623205047477311,0.1175280890633685,0.8667898963211778,-0.06022556002936445,0.9029124191143163,0.292181811227253,1.2601235234146768,-0.05408958317639034,0.9359688923791579,0.04814942784896469,0.9823900419184741,-0.13123204300060465,0.8029445976076234,0.315062366754816,1.2839207448143215,0.04672688742544414,0.8872265392571903,0.04942333560796743,0.8390840055184439,0.021007785396251002,1.0085050432407603,0.08477583694599067,0.9946740614135645,-0.05581598096058061,0.9554068378816265
1,5f9644338fd1ffb661753079b4934480b3eeda0e0c9d645343ee506a34070007,c52014b8f05c192c,ACSEmployment,2018,b505147ac2879d972461,100000,100,16,PUMA,44,NC:PUMA:01205,44,1078,812,367,445,0.45197044334975367,0.5480295566502463,48925,51075,0.007501277465508431,0.008712677435144395,1.1614924891401621,1.3747296526482156,False,,False,0.95,False,True,False,True,0,0,132766,30181213ed668ac6a29e6c307660c811870ee7d9811983a9bde5b673b032434d,4f098505a266b8abffdec33b9d9eb61602b1fa0d94863d95369e873a476977bc,"[""IL:PUMA:03501"",""IL:PUMA:03504"",""OH:PUMA:05100"",""ME:PUMA:00700"",""TX:PUMA:05306"",""TN:PUMA:01604"",""ME:PUMA:00200"",""TX:PUMA:02311"",""FL:PUMA:03107"",""TX:PUMA:04619"",""TX:PUMA:02800"",""TX:PUMA:01100"",""GA:PUMA:02300"",""NY:PUMA:04013"",""AL:PUMA:01200"",""AZ:PUMA:00126"",""PA:PUMA:00900"",""OH:PUMA:04102"",""AZ:PUMA:00114"",""FL:PUMA:03102"",""MD:PUMA:00503"",""CA:PUMA:09501"",""OR:PUMA:01317"",""WI:PUMA:41003"",""OH:PUMA:05507"",""IN:PUMA:02100"",""CA:PUMA:00702"",""TX:PUMA:02700"",""OH:PUMA:04602"",""ID:PUMA:00200"",""PA:PUMA:01807"",""FL:PUMA:01500"",""GA:PUMA:03101"",""IN:PUMA:00104"",""GA:PUMA:02002"",""PA:PUMA:00600"",""AL:PUMA:00700"",""FL:PUMA:05703"",""MA:PUMA:03900"",""WV:PUMA:00200"",""NY:PUMA:00902"",""OH:PUMA:01803"",""OH:PUMA:01900"",""IL:PUMA:03419"",""NC:PUMA:01205"",""MA:PUMA:03305"",""MT:PUMA:00600"",""NC:PUMA:01203"",""NY:PUMA:02002"",""CA:PUMA:06505"",""TX:PUMA:04608"",""WV:PUMA:00600"",""WA:PUMA:11603"",""MA:PUMA:00504"",""TX:PUMA:03802"",""IN:PUMA:03500"",""NY:PUMA:02500"",""TX:PUMA:06603"",""CO:PUMA:00813"",""CO:PUMA:00814"",""MA:PUMA:00300"",""CT:PUMA:00904"",""IL:PUMA:02000"",""TX:PUMA:05308"",""AZ:PUMA:00102"",""MA:PUMA:03603"",""NY:PUMA:00300"",""WI:PUMA:10000"",""TX:PUMA:06302"",""NE:PUMA:00500"",""CA:PUMA:07504"",""CA:PUMA:06512"",""MA:PUMA:00507"",""CA:PUMA:03718"",""KY:PUMA:00500"",""PA:PUMA:03207"",""WV:PUMA:01200"",""PA:PUMA:04002"",""NC:PUMA:02400"",""MA:PUMA:01300"",""IL:PUMA:03523"",""CA:PUMA:00106"",""PA:PUMA:03208"",""TX:PUMA:02301"",""PA:PUMA:03503"",""NH:PUMA:00800"",""TX:PUMA:02503"",""IL:PUMA:03307"",""FL:PUMA:08302"",""CA:PUMA:04102"",""NH:PUMA:00900"",""NH:PUMA:00400"",""MO:PUMA:02100"",""FL:PUMA:07104"",""CA:PUMA:06506"",""FL:PUMA:10104"",""KY:PUMA:01901"",""AL:PUMA:01400"",""TX:PUMA:02006"",""FL:PUMA:01113""]",-0.10244706715089197,0.9672516334600588,0.0038111864051536353,1.0755574323598731,-0.08766550120339939,1.0128884982628,-0.1716114758020867,0.6876742206047326,0.11501606992191574,0.8700165382152253,0.03579202891880423,0.9548554597931211,-0.15739726914363902,0.7685629228677295,-0.04423354809208901,0.9134559858524105,-0.09023373645371943,1.0683699097932844,0.011550636343539283,0.977766513824247,-0.15877940856055495,0.7732841533586832,0.12076555348987487,0.6640800777542124,0.017251861165804402,0.9472349130371889,-0.0024737664774708676,1.024369425453977,0.07581027817183988,0.9955800674542683,-0.039045650302730425,0.9854388585568445
1,5f9644338fd1ffb661753079b4934480b3eeda0e0c9d645343ee506a34070007,c52014b8f05c192c,ACSEmployment,2018,b505147ac2879d972461,100000,100,16,PUMA,45,MA:PUMA:03305,45,1440,1085,498,587,0.4589861751152074,0.5410138248847927,48925,51075,0.010178845171180378,0.01149290259422418,1.1290969064707188,1.3747296526482156,False,,False,0.95,False,True,False,True,0,0,132766,30181213ed668ac6a29e6c307660c811870ee7d9811983a9bde5b673b032434d,4f098505a266b8abffdec33b9d9eb61602b1fa0d94863d95369e873a476977bc,"[""IL:PUMA:03501"",""IL:PUMA:03504"",""OH:PUMA:05100"",""ME:PUMA:00700"",""TX:PUMA:05306"",""TN:PUMA:01604"",""ME:PUMA:00200"",""TX:PUMA:02311"",""FL:PUMA:03107"",""TX:PUMA:04619"",""TX:PUMA:02800"",""TX:PUMA:01100"",""GA:PUMA:02300"",""NY:PUMA:04013"",""AL:PUMA:01200"",""AZ:PUMA:00126"",""PA:PUMA:00900"",""OH:PUMA:04102"",""AZ:PUMA:00114"",""FL:PUMA:03102"",""MD:PUMA:00503"",""CA:PUMA:09501"",""OR:PUMA:01317"",""WI:PUMA:41003"",""OH:PUMA:05507"",""IN:PUMA:02100"",""CA:PUMA:00702"",""TX:PUMA:02700"",""OH:PUMA:04602"",""ID:PUMA:00200"",""PA:PUMA:01807"",""FL:PUMA:01500"",""GA:PUMA:03101"",""IN:PUMA:00104"",""GA:PUMA:02002"",""PA:PUMA:00600"",""AL:PUMA:00700"",""FL:PUMA:05703"",""MA:PUMA:03900"",""WV:PUMA:00200"",""NY:PUMA:00902"",""OH:PUMA:01803"",""OH:PUMA:01900"",""IL:PUMA:03419"",""NC:PUMA:01205"",""MA:PUMA:03305"",""MT:PUMA:00600"",""NC:PUMA:01203"",""NY:PUMA:02002"",""CA:PUMA:06505"",""TX:PUMA:04608"",""WV:PUMA:00600"",""WA:PUMA:11603"",""MA:PUMA:00504"",""TX:PUMA:03802"",""IN:PUMA:03500"",""NY:PUMA:02500"",""TX:PUMA:06603"",""CO:PUMA:00813"",""CO:PUMA:00814"",""MA:PUMA:00300"",""CT:PUMA:00904"",""IL:PUMA:02000"",""TX:PUMA:05308"",""AZ:PUMA:00102"",""MA:PUMA:03603"",""NY:PUMA:00300"",""WI:PUMA:10000"",""TX:PUMA:06302"",""NE:PUMA:00500"",""CA:PUMA:07504"",""CA:PUMA:06512"",""MA:PUMA:00507"",""CA:PUMA:03718"",""KY:PUMA:00500"",""PA:PUMA:03207"",""WV:PUMA:01200"",""PA:PUMA:04002"",""NC:PUMA:02400"",""MA:PUMA:01300"",""IL:PUMA:03523"",""CA:PUMA:00106"",""PA:PUMA:03208"",""TX:PUMA:02301"",""PA:PUMA:03503"",""NH:PUMA:00800"",""TX:PUMA:02503"",""IL:PUMA:03307"",""FL:PUMA:08302"",""CA:PUMA:04102"",""NH:PUMA:00900"",""NH:PUMA:00400"",""MO:PUMA:02100"",""FL:PUMA:07104"",""CA:PUMA:06506"",""FL:PUMA:10104"",""KY:PUMA:01901"",""AL:PUMA:01400"",""TX:PUMA:02006"",""FL:PUMA:01113""]",-0.020303772384802982,0.9639304096724101,0.1912446424591529,1.0717113731596943,0.13412389529390412,1.012242762471446,0.1409815928927666,1.14060630744595,0.034012530343586,0.9648182002013997,-0.08565133278241412,0.87905604932578,0.2964708703455554,1.2287770854655509,-0.030006340705419205,0.9775957004413862,0.10454257240751832,0.9405208526990936,-0.030784254852208384,0.9412650892875751,0.3013087102060795,1.2744760442647645,0.08459828881843888,0.7819670651610264,0.025267506273081313,0.9215818363455878,-0.05617847181932844,1.0795870630929096,0.061775932771191595,0.996834748182833,0.09590304856253537,1.0953053583158274
1,5f9644338fd1ffb661753079b4934480b3eeda0e0c9d645343ee506a34070007,c52014b8f05c192c,ACSEmployment,2018,b505147ac2879d972461,100000,100,16,PUMA,46,MT:PUMA:00600,46,1923,1448,720,728,0.4972375690607735,0.5027624309392266,48925,51075,0.014716402657128258,0.01425354870288791,1.0324728924626727,1.3747296526482156,False,,False,0.95,False,True,False,True,0,0,132766,30181213ed668ac6a29e6c307660c811870ee7d9811983a9bde5b673b032434d,4f098505a266b8abffdec33b9d9eb61602b1fa0d94863d95369e873a476977bc,"[""IL:PUMA:03501"",""IL:PUMA:03504"",""OH:PUMA:05100"",""ME:PUMA:00700"",""TX:PUMA:05306"",""TN:PUMA:01604"",""ME:PUMA:00200"",""TX:PUMA:02311"",""FL:PUMA:03107"",""TX:PUMA:04619"",""TX:PUMA:02800"",""TX:PUMA:01100"",""GA:PUMA:02300"",""NY:PUMA:04013"",""AL:PUMA:01200"",""AZ:PUMA:00126"",""PA:PUMA:00900"",""OH:PUMA:04102"",""AZ:PUMA:00114"",""FL:PUMA:03102"",""MD:PUMA:00503"",""CA:PUMA:09501"",""OR:PUMA:01317"",""WI:PUMA:41003"",""OH:PUMA:05507"",""IN:PUMA:02100"",""CA:PUMA:00702"",""TX:PUMA:02700"",""OH:PUMA:04602"",""ID:PUMA:00200"",""PA:PUMA:01807"",""FL:PUMA:01500"",""GA:PUMA:03101"",""IN:PUMA:00104"",""GA:PUMA:02002"",""PA:PUMA:00600"",""AL:PUMA:00700"",""FL:PUMA:05703"",""MA:PUMA:03900"",""WV:PUMA:00200"",""NY:PUMA:00902"",""OH:PUMA:01803"",""OH:PUMA:01900"",""IL:PUMA:03419"",""NC:PUMA:01205"",""MA:PUMA:03305"",""MT:PUMA:00600"",""NC:PUMA:01203"",""NY:PUMA:02002"",""CA:PUMA:06505"",""TX:PUMA:04608"",""WV:PUMA:00600"",""WA:PUMA:11603"",""MA:PUMA:00504"",""TX:PUMA:03802"",""IN:PUMA:03500"",""NY:PUMA:02500"",""TX:PUMA:06603"",""CO:PUMA:00813"",""CO:PUMA:00814"",""MA:PUMA:00300"",""CT:PUMA:00904"",""IL:PUMA:02000"",""TX:PUMA:05308"",""AZ:PUMA:00102"",""MA:PUMA:03603"",""NY:PUMA:00300"",""WI:PUMA:10000"",""TX:PUMA:06302"",""NE:PUMA:00500"",""CA:PUMA:07504"",""CA:PUMA:06512"",""MA:PUMA:00507"",""CA:PUMA:03718"",""KY:PUMA:00500"",""PA:PUMA:03207"",""WV:PUMA:01200"",""PA:PUMA:04002"",""NC:PUMA:02400"",""MA:PUMA:01300"",""IL:PUMA:03523"",""CA:PUMA:00106"",""PA:PUMA:03208"",""TX:PUMA:02301"",""PA:PUMA:03503"",""NH:PUMA:00800"",""TX:PUMA:02503"",""IL:PUMA:03307"",""FL:PUMA:08302"",""CA:PUMA:04102"",""NH:PUMA:00900"",""NH:PUMA:00400"",""MO:PUMA:02100"",""FL:PUMA:07104"",""CA:PUMA:06506"",""FL:PUMA:10104"",""KY:PUMA:01901"",""AL:PUMA:01400"",""TX:PUMA:02006"",""FL:PUMA:01113""]",0.07285352588947105,1.0320719174180375,-0.04114503993144215,0.9839627105376889,-0.09830020863970834,0.993388098480074,-0.10393853969126411,0.8520218329877769,-0.06781949265786402,1.0634508432960161,-0.03947428735680859,0.9201521559865842,-0.3393635778997828,0.3438044229447994,-0.11614343443774705,0.8525529999542688,-0.06682622485533042,1.0273969656020343,0.009375300432289792,0.9258731462599639,-0.3308817034989716,0.32443417504547867,-0.12190970677776339,1.238833814070718,-0.043844017939336316,1.1218025079553466,0.021919357206235744,0.9762190843044404,-0.014742567741008326,1.0001901209540522,-0.16842218990087174,0.693178366368241
1,5f9644338fd1ffb661753079b4934480b3eeda0e0c9d645343ee506a34070007,c52014b8f05c192c,ACSEmployment,2018,b505147ac2879d972461,100000,100,16,PUMA,47,NC:PUMA:01203,47,896,675,315,360,0.4666666666666667,0.5333333333333333,48925,51075,0.006438426162493613,0.007048458149779736,1.0947486189776938,1.3747296526482156,False,,False,0.95,False,True,False,True,0,0,132766,30181213ed668ac6a29e6c307660c811870ee7d9811983a9bde5b673b032434d,4f098505a266b8abffdec33b9d9eb61602b1fa0d94863d95369e873a476977bc,"[""IL:PUMA:03501"",""IL:PUMA:03504"",""OH:PUMA:05100"",""ME:PUMA:00700"",""TX:PUMA:05306"",""TN:PUMA:01604"",""ME:PUMA:00200"",""TX:PUMA:02311"",""FL:PUMA:03107"",""TX:PUMA:04619"",""TX:PUMA:02800"",""TX:PUMA:01100"",""GA:PUMA:02300"",""NY:PUMA:04013"",""AL:PUMA:01200"",""AZ:PUMA:00126"",""PA:PUMA:00900"",""OH:PUMA:04102"",""AZ:PUMA:00114"",""FL:PUMA:03102"",""MD:PUMA:00503"",""CA:PUMA:09501"",""OR:PUMA:01317"",""WI:PUMA:41003"",""OH:PUMA:05507"",""IN:PUMA:02100"",""CA:PUMA:00702"",""TX:PUMA:02700"",""OH:PUMA:04602"",""ID:PUMA:00200"",""PA:PUMA:01807"",""FL:PUMA:01500"",""GA:PUMA:03101"",""IN:PUMA:00104"",""GA:PUMA:02002"",""PA:PUMA:00600"",""AL:PUMA:00700"",""FL:PUMA:05703"",""MA:PUMA:03900"",""WV:PUMA:00200"",""NY:PUMA:00902"",""OH:PUMA:01803"",""OH:PUMA:01900"",""IL:PUMA:03419"",""NC:PUMA:01205"",""MA:PUMA:03305"",""MT:PUMA:00600"",""NC:PUMA:01203"",""NY:PUMA:02002"",""CA:PUMA:06505"",""TX:PUMA:04608"",""WV:PUMA:00600"",""WA:PUMA:11603"",""MA:PUMA:00504"",""TX:PUMA:03802"",""IN:PUMA:03500"",""NY:PUMA:02500"",""TX:PUMA:06603"",""CO:PUMA:00813"",""CO:PUMA:00814"",""MA:PUMA:00300"",""CT:PUMA:00904"",""IL:PUMA:02000"",""TX:PUMA:05308"",""AZ:PUMA:00102"",""MA:PUMA:03603"",""NY:PUMA:00300"",""WI:PUMA:10000"",""TX:PUMA:06302"",""NE:PUMA:00500"",""CA:PUMA:07504"",""CA:PUMA:06512"",""MA:PUMA:00507"",""CA:PUMA:03718"",""KY:PUMA:00500"",""PA:PUMA:03207"",""WV:PUMA:01200"",""PA:PUMA:04002"",""NC:PUMA:02400"",""MA:PUMA:01300"",""IL:PUMA:03523"",""CA:PUMA:00106"",""PA:PUMA:03208"",""TX:PUMA:02301"",""PA:PUMA:03503"",""NH:PUMA:00800"",""TX:PUMA:02503"",""IL:PUMA:03307"",""FL:PUMA:08302"",""CA:PUMA:04102"",""NH:PUMA:00900"",""NH:PUMA:00400"",""MO:PUMA:02100"",""FL:PUMA:07104"",""CA:PUMA:06506"",""FL:PUMA:10104"",""KY:PUMA:01901"",""AL:PUMA:01400"",""TX:PUMA:02006"",""FL:PUMA:01113""]",-0.16911545800654942,0.9567496561298069,0.0389974329524617,1.093203355562387,-0.05852147935224875,1.0198119510098682,-0.16750027880385837,0.7188053755840681,0.11706907144472238,0.8673809354059251,0.11450003588300511,1.0413611794314113,-0.06931671801655316,0.8914742633884291,0.003597446873925289,0.9954814975483693,-0.17924729914368281,1.1101085840355596,-0.045505041624895784,0.8961556296813304,-0.08470332726056444,0.889833982243754,0.05113068891734882,0.8757211706226263,0.052475338499189506,0.8280259475615761,-0.02345076568468895,1.072762436139351,0.046411794733487464,0.9979802324721119,0.0300028037093836,1.0250663636277746
1,5f9644338fd1ffb661753079b4934480b3eeda0e0c9d645343ee506a34070007,c52014b8f05c192c,ACSEmployment,2018,b505147ac2879d972461,100000,100,16,PUMA,48,NY:PUMA:02002,48,2108,1588,762,826,0.47984886649874053,0.5201511335012594,48925,51075,0.015574859478794072,0.016172295643661284,1.0383590083544991,1.3747296526482156,False,,False,0.95,False,True,False,True,0,0,132766,30181213ed668ac6a29e6c307660c811870ee7d9811983a9bde5b673b032434d,4f098505a266b8abffdec33b9d9eb61602b1fa0d94863d95369e873a476977bc,"[""IL:PUMA:03501"",""IL:PUMA:03504"",""OH:PUMA:05100"",""ME:PUMA:00700"",""TX:PUMA:05306"",""TN:PUMA:01604"",""ME:PUMA:00200"",""TX:PUMA:02311"",""FL:PUMA:03107"",""TX:PUMA:04619"",""TX:PUMA:02800"",""TX:PUMA:01100"",""GA:PUMA:02300"",""NY:PUMA:04013"",""AL:PUMA:01200"",""AZ:PUMA:00126"",""PA:PUMA:00900"",""OH:PUMA:04102"",""AZ:PUMA:00114"",""FL:PUMA:03102"",""MD:PUMA:00503"",""CA:PUMA:09501"",""OR:PUMA:01317"",""WI:PUMA:41003"",""OH:PUMA:05507"",""IN:PUMA:02100"",""CA:PUMA:00702"",""TX:PUMA:02700"",""OH:PUMA:04602"",""ID:PUMA:00200"",""PA:PUMA:01807"",""FL:PUMA:01500"",""GA:PUMA:03101"",""IN:PUMA:00104"",""GA:PUMA:02002"",""PA:PUMA:00600"",""AL:PUMA:00700"",""FL:PUMA:05703"",""MA:PUMA:03900"",""WV:PUMA:00200"",""NY:PUMA:00902"",""OH:PUMA:01803"",""OH:PUMA:01900"",""IL:PUMA:03419"",""NC:PUMA:01205"",""MA:PUMA:03305"",""MT:PUMA:00600"",""NC:PUMA:01203"",""NY:PUMA:02002"",""CA:PUMA:06505"",""TX:PUMA:04608"",""WV:PUMA:00600"",""WA:PUMA:11603"",""MA:PUMA:00504"",""TX:PUMA:03802"",""IN:PUMA:03500"",""NY:PUMA:02500"",""TX:PUMA:06603"",""CO:PUMA:00813"",""CO:PUMA:00814"",""MA:PUMA:00300"",""CT:PUMA:00904"",""IL:PUMA:02000"",""TX:PUMA:05308"",""AZ:PUMA:00102"",""MA:PUMA:03603"",""NY:PUMA:00300"",""WI:PUMA:10000"",""TX:PUMA:06302"",""NE:PUMA:00500"",""CA:PUMA:07504"",""CA:PUMA:06512"",""MA:PUMA:00507"",""CA:PUMA:03718"",""KY:PUMA:00500"",""PA:PUMA:03207"",""WV:PUMA:01200"",""PA:PUMA:04002"",""NC:PUMA:02400"",""MA:PUMA:01300"",""IL:PUMA:03523"",""CA:PUMA:00106"",""PA:PUMA:03208"",""TX:PUMA:02301"",""PA:PUMA:03503"",""NH:PUMA:00800"",""TX:PUMA:02503"",""IL:PUMA:03307"",""FL:PUMA:08302"",""CA:PUMA:04102"",""NH:PUMA:00900"",""NH:PUMA:00400"",""MO:PUMA:02100"",""FL:PUMA:07104"",""CA:PUMA:06506"",""FL:PUMA:10104"",""KY:PUMA:01901"",""AL:PUMA:01400"",""TX:PUMA:02006"",""FL:PUMA:01113""]",0.027253805043352827,1.0133408823860743,0.13157309549836194,1.0102828868782168,0.01793486668667036,1.0043427735530976,-0.04345572797207143,0.9958365300904994,0.11178856224331277,0.8741341344558183,-0.04587468072950183,0.9152442229048927,-0.10295009988158176,0.872783372506301,-0.07064267325547507,0.930884476334421,0.023496896551995387,0.98698625576689,0.12607614812634713,0.9295855071070873,-0.08765084999835791,0.8856078909012169,0.10006638253935561,0.7340882986300478,0.08100882680154198,0.7158037667751961,0.017291885683339114,0.9875109515909094,0.02004198018403934,0.9993927529715085,-0.1558470365071954,0.8236860054187929
1,5f9644338fd1ffb661753079b4934480b3eeda0e0c9d645343ee506a34070007,c52014b8f05c192c,ACSEmployment,2018,b505147ac2879d972461,100000,100,16,PUMA,49,CA:PUMA:06505,49,1862,1402,679,723,0.4843081312410842,0.5156918687589158,48925,51075,0.013878385283597344,0.014155653450807637,1.019978416908341,1.3747296526482156,False,,False,0.95,False,True,False,True,0,0,132766,30181213ed668ac6a29e6c307660c811870ee7d9811983a9bde5b673b032434d,4f098505a266b8abffdec33b9d9eb61602b1fa0d94863d95369e873a476977bc,"[""IL:PUMA:03501"",""IL:PUMA:03504"",""OH:PUMA:05100"",""ME:PUMA:00700"",""TX:PUMA:05306"",""TN:PUMA:01604"",""ME:PUMA:00200"",""TX:PUMA:02311"",""FL:PUMA:03107"",""TX:PUMA:04619"",""TX:PUMA:02800"",""TX:PUMA:01100"",""GA:PUMA:02300"",""NY:PUMA:04013"",""AL:PUMA:01200"",""AZ:PUMA:00126"",""PA:PUMA:00900"",""OH:PUMA:04102"",""AZ:PUMA:00114"",""FL:PUMA:03102"",""MD:PUMA:00503"",""CA:PUMA:09501"",""OR:PUMA:01317"",""WI:PUMA:41003"",""OH:PUMA:05507"",""IN:PUMA:02100"",""CA:PUMA:00702"",""TX:PUMA:02700"",""OH:PUMA:04602"",""ID:PUMA:00200"",""PA:PUMA:01807"",""FL:PUMA:01500"",""GA:PUMA:03101"",""IN:PUMA:00104"",""GA:PUMA:02002"",""PA:PUMA:00600"",""AL:PUMA:00700"",""FL:PUMA:05703"",""MA:PUMA:03900"",""WV:PUMA:00200"",""NY:PUMA:00902"",""OH:PUMA:01803"",""OH:PUMA:01900"",""IL:PUMA:03419"",""NC:PUMA:01205"",""MA:PUMA:03305"",""MT:PUMA:00600"",""NC:PUMA:01203"",""NY:PUMA:02002"",""CA:PUMA:06505"",""TX:PUMA:04608"",""WV:PUMA:00600"",""WA:PUMA:11603"",""MA:PUMA:00504"",""TX:PUMA:03802"",""IN:PUMA:03500"",""NY:PUMA:02500"",""TX:PUMA:06603"",""CO:PUMA:00813"",""CO:PUMA:00814"",""MA:PUMA:00300"",""CT:PUMA:00904"",""IL:PUMA:02000"",""TX:PUMA:05308"",""AZ:PUMA:00102"",""MA:PUMA:03603"",""NY:PUMA:00300"",""WI:PUMA:10000"",""TX:PUMA:06302"",""NE:PUMA:00500"",""CA:PUMA:07504"",""CA:PUMA:06512"",""MA:PUMA:00507"",""CA:PUMA:03718"",""KY:PUMA:00500"",""PA:PUMA:03207"",""WV:PUMA:01200"",""PA:PUMA:04002"",""NC:PUMA:02400"",""MA:PUMA:01300"",""IL:PUMA:03523"",""CA:PUMA:00106"",""PA:PUMA:03208"",""TX:PUMA:02301"",""PA:PUMA:03503"",""NH:PUMA:00800"",""TX:PUMA:02503"",""IL:PUMA:03307"",""FL:PUMA:08302"",""CA:PUMA:04102"",""NH:PUMA:00900"",""NH:PUMA:00400"",""MO:PUMA:02100"",""FL:PUMA:07104"",""CA:PUMA:06506"",""FL:PUMA:10104"",""KY:PUMA:01901"",""AL:PUMA:01400"",""TX:PUMA:02006"",""FL:PUMA:01113""]",-0.04512116069358328,1.0311790226206345,-0.13889963657984106,1.0138046608305409,-0.028045336359636703,1.006293116397991,-0.09303211396728808,0.7599963932783481,-0.013062341591017245,1.0128832727375756,0.030745645038982954,0.9989105370120537,0.14375441590348026,1.129136442650418,-0.017351573547390704,0.9788066031854925,-0.07031120235067918,1.0383195022159097,-0.0683793142287422,0.9619582282995646,0.16610871964583096,1.1690264250104714,-0.03788431123949818,1.0813639300975562,-0.005964965792518624,1.0175395576770851,-0.03948036681547327,1.0779913099117537,0.011121618955985136,0.9997126942700246,0.37137392143006503,1.372678100842009
1,5f9644338fd1ffb661753079b4934480b3eeda0e0c9d645343ee506a34070007,c52014b8f05c192c,ACSEmployment,2018,b505147ac2879d972461,100000,100,16,PUMA,50,TX:PUMA:04608,50,951,716,354,362,0.49441340782122906,0.505586592178771,48925,51075,0.0072355646397547265,0.007087616250611845,1.0208742098769963,1.3747296526482156,False,,False,0.95,False,True,False,True,0,0,132766,30181213ed668ac6a29e6c307660c811870ee7d9811983a9bde5b673b032434d,4f098505a266b8abffdec33b9d9eb61602b1fa0d94863d95369e873a476977bc,"[""IL:PUMA:03501"",""IL:PUMA:03504"",""OH:PUMA:05100"",""ME:PUMA:00700"",""TX:PUMA:05306"",""TN:PUMA:01604"",""ME:PUMA:00200"",""TX:PUMA:02311"",""FL:PUMA:03107"",""TX:PUMA:04619"",""TX:PUMA:02800"",""TX:PUMA:01100"",""GA:PUMA:02300"",""NY:PUMA:04013"",""AL:PUMA:01200"",""AZ:PUMA:00126"",""PA:PUMA:00900"",""OH:PUMA:04102"",""AZ:PUMA:00114"",""FL:PUMA:03102"",""MD:PUMA:00503"",""CA:PUMA:09501"",""OR:PUMA:01317"",""WI:PUMA:41003"",""OH:PUMA:05507"",""IN:PUMA:02100"",""CA:PUMA:00702"",""TX:PUMA:02700"",""OH:PUMA:04602"",""ID:PUMA:00200"",""PA:PUMA:01807"",""FL:PUMA:01500"",""GA:PUMA:03101"",""IN:PUMA:00104"",""GA:PUMA:02002"",""PA:PUMA:00600"",""AL:PUMA:00700"",""FL:PUMA:05703"",""MA:PUMA:03900"",""WV:PUMA:00200"",""NY:PUMA:00902"",""OH:PUMA:01803"",""OH:PUMA:01900"",""IL:PUMA:03419"",""NC:PUMA:01205"",""MA:PUMA:03305"",""MT:PUMA:00600"",""NC:PUMA:01203"",""NY:PUMA:02002"",""CA:PUMA:06505"",""TX:PUMA:04608"",""WV:PUMA:00600"",""WA:PUMA:11603"",""MA:PUMA:00504"",""TX:PUMA:03802"",""IN:PUMA:03500"",""NY:PUMA:02500"",""TX:PUMA:06603"",""CO:PUMA:00813"",""CO:PUMA:00814"",""MA:PUMA:00300"",""CT:PUMA:00904"",""IL:PUMA:02000"",""TX:PUMA:05308"",""AZ:PUMA:00102"",""MA:PUMA:03603"",""NY:PUMA:00300"",""WI:PUMA:10000"",""TX:PUMA:06302"",""NE:PUMA:00500"",""CA:PUMA:07504"",""CA:PUMA:06512"",""MA:PUMA:00507"",""CA:PUMA:03718"",""KY:PUMA:00500"",""PA:PUMA:03207"",""WV:PUMA:01200"",""PA:PUMA:04002"",""NC:PUMA:02400"",""MA:PUMA:01300"",""IL:PUMA:03523"",""CA:PUMA:00106"",""PA:PUMA:03208"",""TX:PUMA:02301"",""PA:PUMA:03503"",""NH:PUMA:00800"",""TX:PUMA:02503"",""IL:PUMA:03307"",""FL:PUMA:08302"",""CA:PUMA:04102"",""NH:PUMA:00900"",""NH:PUMA:00400"",""MO:PUMA:02100"",""FL:PUMA:07104"",""CA:PUMA:06506"",""FL:PUMA:10104"",""KY:PUMA:01901"",""AL:PUMA:01400"",""TX:PUMA:02006"",""FL:PUMA:01113""]",-0.27085723559517927,0.963364395619531,-0.5913343830021255,0.9830159444001323,0.286884884408684,0.9715257223938525,0.056701768252529545,0.9073311440783393,0.09855995527607951,0.8906899058803885,0.3163567472429867,1.372243473391973,0.8982796018520592,1.6209612013421282,-0.1911487882458191,0.7446016393698414,-0.15469412260746815,1.1338930567176444,-0.42732394698608794,0.7946020723506403,0.8225093359850848,1.5084712963943296,0.06722293217374624,0.8321291158755527,0.0063446984300444785,0.9809599428775703,-0.09867139864823088,1.16552781130071,-0.009093085174120899,1.0001429514613402,-0.13349086750609934,0.8287532340437045
1,5f9644338fd1ffb661753079b4934480b3eeda0e0c9d645343ee506a34070007,c52014b8f05c192c,ACSEmployment,2018,b505147ac2879d972461,100000,100,16,PUMA,51,WV:PUMA:00600,51,1107,834,407,427,0.4880095923261391,0.511990407673861,48925,51075,0.008318855390904446,0.008360254527655408,1.0049765424214763,1.3747296526482156,False,,False,0.95,False,True,False,True,0,0,132766,30181213ed668ac6a29e6c307660c811870ee7d9811983a9bde5b673b032434d,4f098505a266b8abffdec33b9d9eb61602b1fa0d94863d95369e873a476977bc,"[""IL:PUMA:03501"",""IL:PUMA:03504"",""OH:PUMA:05100"",""ME:PUMA:00700"",""TX:PUMA:05306"",""TN:PUMA:01604"",""ME:PUMA:00200"",""TX:PUMA:02311"",""FL:PUMA:03107"",""TX:PUMA:04619"",""TX:PUMA:02800"",""TX:PUMA:01100"",""GA:PUMA:02300"",""NY:PUMA:04013"",""AL:PUMA:01200"",""AZ:PUMA:00126"",""PA:PUMA:00900"",""OH:PUMA:04102"",""AZ:PUMA:00114"",""FL:PUMA:03102"",""MD:PUMA:00503"",""CA:PUMA:09501"",""OR:PUMA:01317"",""WI:PUMA:41003"",""OH:PUMA:05507"",""IN:PUMA:02100"",""CA:PUMA:00702"",""TX:PUMA:02700"",""OH:PUMA:04602"",""ID:PUMA:00200"",""PA:PUMA:01807"",""FL:PUMA:01500"",""GA:PUMA:03101"",""IN:PUMA:00104"",""GA:PUMA:02002"",""PA:PUMA:00600"",""AL:PUMA:00700"",""FL:PUMA:05703"",""MA:PUMA:03900"",""WV:PUMA:00200"",""NY:PUMA:00902"",""OH:PUMA:01803"",""OH:PUMA:01900"",""IL:PUMA:03419"",""NC:PUMA:01205"",""MA:PUMA:03305"",""MT:PUMA:00600"",""NC:PUMA:01203"",""NY:PUMA:02002"",""CA:PUMA:06505"",""TX:PUMA:04608"",""WV:PUMA:00600"",""WA:PUMA:11603"",""MA:PUMA:00504"",""TX:PUMA:03802"",""IN:PUMA:03500"",""NY:PUMA:02500"",""TX:PUMA:06603"",""CO:PUMA:00813"",""CO:PUMA:00814"",""MA:PUMA:00300"",""CT:PUMA:00904"",""IL:PUMA:02000"",""TX:PUMA:05308"",""AZ:PUMA:00102"",""MA:PUMA:03603"",""NY:PUMA:00300"",""WI:PUMA:10000"",""TX:PUMA:06302"",""NE:PUMA:00500"",""CA:PUMA:07504"",""CA:PUMA:06512"",""MA:PUMA:00507"",""CA:PUMA:03718"",""KY:PUMA:00500"",""PA:PUMA:03207"",""WV:PUMA:01200"",""PA:PUMA:04002"",""NC:PUMA:02400"",""MA:PUMA:01300"",""IL:PUMA:03523"",""CA:PUMA:00106"",""PA:PUMA:03208"",""TX:PUMA:02301"",""PA:PUMA:03503"",""NH:PUMA:00800"",""TX:PUMA:02503"",""IL:PUMA:03307"",""FL:PUMA:08302"",""CA:PUMA:04102"",""NH:PUMA:00900"",""NH:PUMA:00400"",""MO:PUMA:02100"",""FL:PUMA:07104"",""CA:PUMA:06506"",""FL:PUMA:10104"",""KY:PUMA:01901"",""AL:PUMA:01400"",""TX:PUMA:02006"",""FL:PUMA:01113""]",0.17443803250151924,0.9978422892173968,-0.046166904000450946,0.8692794205520166,-0.1012123205231216,0.9665137718187551,-0.04556250896792018,0.9575019420865887,-0.3110053109345789,1.2348172343189483,-0.08637841197258408,0.9325955720843215,-0.3588596631268306,0.22557236562989255,-0.1357234962461378,0.847192165345022,0.11286271292381612,0.9101904593977926,0.5596833878936261,1.1688307563488831,-0.35029016121396866,0.21442066972090182,-0.12519310173592502,1.2444675518061346,-0.19676790480790815,1.4593725495175427,-0.03998815441821352,0.984457967395291,0.003717176327417779,0.9999177460855393,-0.38779565569733654,0.34926846822457325
1,5f9644338fd1ffb661753079b4934480b3eeda0e0c9d645343ee506a34070007,c52014b8f05c192c,ACSEmployment,2018,b505147ac2879d972461,100000,100,16,PUMA,52,WA:PUMA:11603,52,1058,797,453,344,0.5683814303638645,0.4316185696361355,48925,51075,0.009259070005109862,0.006735193343122859,1.3747296526482156,1.3747296526482156,False,,False,0.95,False,True,False,True,0,0,132766,30181213ed668ac6a29e6c307660c811870ee7d9811983a9bde5b673b032434d,4f098505a266b8abffdec33b9d9eb61602b1fa0d94863d95369e873a476977bc,"[""IL:PUMA:03501"",""IL:PUMA:03504"",""OH:PUMA:05100"",""ME:PUMA:00700"",""TX:PUMA:05306"",""TN:PUMA:01604"",""ME:PUMA:00200"",""TX:PUMA:02311"",""FL:PUMA:03107"",""TX:PUMA:04619"",""TX:PUMA:02800"",""TX:PUMA:01100"",""GA:PUMA:02300"",""NY:PUMA:04013"",""AL:PUMA:01200"",""AZ:PUMA:00126"",""PA:PUMA:00900"",""OH:PUMA:04102"",""AZ:PUMA:00114"",""FL:PUMA:03102"",""MD:PUMA:00503"",""CA:PUMA:09501"",""OR:PUMA:01317"",""WI:PUMA:41003"",""OH:PUMA:05507"",""IN:PUMA:02100"",""CA:PUMA:00702"",""TX:PUMA:02700"",""OH:PUMA:04602"",""ID:PUMA:00200"",""PA:PUMA:01807"",""FL:PUMA:01500"",""GA:PUMA:03101"",""IN:PUMA:00104"",""GA:PUMA:02002"",""PA:PUMA:00600"",""AL:PUMA:00700"",""FL:PUMA:05703"",""MA:PUMA:03900"",""WV:PUMA:00200"",""NY:PUMA:00902"",""OH:PUMA:01803"",""OH:PUMA:01900"",""IL:PUMA:03419"",""NC:PUMA:01205"",""MA:PUMA:03305"",""MT:PUMA:00600"",""NC:PUMA:01203"",""NY:PUMA:02002"",""CA:PUMA:06505"",""TX:PUMA:04608"",""WV:PUMA:00600"",""WA:PUMA:11603"",""MA:PUMA:00504"",""TX:PUMA:03802"",""IN:PUMA:03500"",""NY:PUMA:02500"",""TX:PUMA:06603"",""CO:PUMA:00813"",""CO:PUMA:00814"",""MA:PUMA:00300"",""CT:PUMA:00904"",""IL:PUMA:02000"",""TX:PUMA:05308"",""AZ:PUMA:00102"",""MA:PUMA:03603"",""NY:PUMA:00300"",""WI:PUMA:10000"",""TX:PUMA:06302"",""NE:PUMA:00500"",""CA:PUMA:07504"",""CA:PUMA:06512"",""MA:PUMA:00507"",""CA:PUMA:03718"",""KY:PUMA:00500"",""PA:PUMA:03207"",""WV:PUMA:01200"",""PA:PUMA:04002"",""NC:PUMA:02400"",""MA:PUMA:01300"",""IL:PUMA:03523"",""CA:PUMA:00106"",""PA:PUMA:03208"",""TX:PUMA:02301"",""PA:PUMA:03503"",""NH:PUMA:00800"",""TX:PUMA:02503"",""IL:PUMA:03307"",""FL:PUMA:08302"",""CA:PUMA:04102"",""NH:PUMA:00900"",""NH:PUMA:00400"",""MO:PUMA:02100"",""FL:PUMA:07104"",""CA:PUMA:06506"",""FL:PUMA:10104"",""KY:PUMA:01901"",""AL:PUMA:01400"",""TX:PUMA:02006"",""FL:PUMA:01113""]",-0.06443508003529998,0.8491366953323287,0.49713138667472434,0.852566287870867,0.23978124386284524,0.9928395480332438,0.1896940669226817,1.338756921113737,0.04552761920002431,0.9523376782174474,-0.26919873734363264,0.547785362713309,0.29157888714059804,1.28992734964317,0.5650249196212249,1.345551523124474,0.29879959737851514,0.702359096112822,-0.09982432560376345,0.8321232746141625,0.2656661756568544,1.2489633815808099,0.06954771627557511,0.8256153667796837,0.053803170371875056,0.823165024545328,0.08717860102750902,0.7796565522341048,-0.1570595142896079,0.9908072722317232,0.30486323572902907,1.245923383510086
1,5f9644338fd1ffb661753079b4934480b3eeda0e0c9d645343ee506a34070007,c52014b8f05c192c,ACSEmployment,2018,b505147ac2879d972461,100000,100,16,PUMA,53,MA:PUMA:00504,53,1270,957,470,487,0.49111807732497387,0.5088819226750261,48925,51075,0.009606540623403168,0.009534997552618697,1.0075032080909996,1.3747296526482156,False,,False,0.95,False,True,False,True,0,0,132766,30181213ed668ac6a29e6c307660c811870ee7d9811983a9bde5b673b032434d,4f098505a266b8abffdec33b9d9eb61602b1fa0d94863d95369e873a476977bc,"[""IL:PUMA:03501"",""IL:PUMA:03504"",""OH:PUMA:05100"",""ME:PUMA:00700"",""TX:PUMA:05306"",""TN:PUMA:01604"",""ME:PUMA:00200"",""TX:PUMA:02311"",""FL:PUMA:03107"",""TX:PUMA:04619"",""TX:PUMA:02800"",""TX:PUMA:01100"",""GA:PUMA:02300"",""NY:PUMA:04013"",""AL:PUMA:01200"",""AZ:PUMA:00126"",""PA:PUMA:00900"",""OH:PUMA:04102"",""AZ:PUMA:00114"",""FL:PUMA:03102"",""MD:PUMA:00503"",""CA:PUMA:09501"",""OR:PUMA:01317"",""WI:PUMA:41003"",""OH:PUMA:05507"",""IN:PUMA:02100"",""CA:PUMA:00702"",""TX:PUMA:02700"",""OH:PUMA:04602"",""ID:PUMA:00200"",""PA:PUMA:01807"",""FL:PUMA:01500"",""GA:PUMA:03101"",""IN:PUMA:00104"",""GA:PUMA:02002"",""PA:PUMA:00600"",""AL:PUMA:00700"",""FL:PUMA:05703"",""MA:PUMA:03900"",""WV:PUMA:00200"",""NY:PUMA:00902"",""OH:PUMA:01803"",""OH:PUMA:01900"",""IL:PUMA:03419"",""NC:PUMA:01205"",""MA:PUMA:03305"",""MT:PUMA:00600"",""NC:PUMA:01203"",""NY:PUMA:02002"",""CA:PUMA:06505"",""TX:PUMA:04608"",""WV:PUMA:00600"",""WA:PUMA:11603"",""MA:PUMA:00504"",""TX:PUMA:03802"",""IN:PUMA:03500"",""NY:PUMA:02500"",""TX:PUMA:06603"",""CO:PUMA:00813"",""CO:PUMA:00814"",""MA:PUMA:00300"",""CT:PUMA:00904"",""IL:PUMA:02000"",""TX:PUMA:05308"",""AZ:PUMA:00102"",""MA:PUMA:03603"",""NY:PUMA:00300"",""WI:PUMA:10000"",""TX:PUMA:06302"",""NE:PUMA:00500"",""CA:PUMA:07504"",""CA:PUMA:06512"",""MA:PUMA:00507"",""CA:PUMA:03718"",""KY:PUMA:00500"",""PA:PUMA:03207"",""WV:PUMA:01200"",""PA:PUMA:04002"",""NC:PUMA:02400"",""MA:PUMA:01300"",""IL:PUMA:03523"",""CA:PUMA:00106"",""PA:PUMA:03208"",""TX:PUMA:02301"",""PA:PUMA:03503"",""NH:PUMA:00800"",""TX:PUMA:02503"",""IL:PUMA:03307"",""FL:PUMA:08302"",""CA:PUMA:04102"",""NH:PUMA:00900"",""NH:PUMA:00400"",""MO:PUMA:02100"",""FL:PUMA:07104"",""CA:PUMA:06506"",""FL:PUMA:10104"",""KY:PUMA:01901"",""AL:PUMA:01400"",""TX:PUMA:02006"",""FL:PUMA:01113""]",0.0590161902548452,0.9852637386364259,0.1883824773269317,1.0082770310291995,-0.06150170393111785,1.0071213852378385,0.001643962320833448,1.037135131515054,0.015625098528850027,0.9841399384646008,-0.10087694536560701,0.8107201109766855,0.3296768398549321,1.285987608364962,-0.023941768225906056,0.9934177049680718,0.09045365694038733,0.9530820871276049,-0.019771274997611603,0.9405004775637208,0.33207719748805997,1.2953075644340837,0.000582038150584758,0.9986870493768205,-0.03910507897768281,1.1093657011063087,0.005712604365521616,0.9610129374844746,-0.0025010705504340393,1.0000475642971656,0.0993190917607985,1.1119715856493362
1,5f9644338fd1ffb661753079b4934480b3eeda0e0c9d645343ee506a34070007,c52014b8f05c192c,ACSEmployment,2018,b505147ac2879d972461,100000,100,16,PUMA,54,TX:PUMA:03802,54,1906,1436,705,731,0.4909470752089137,0.5090529247910863,48925,51075,0.014409810935104753,0.014312285854136074,1.0068140814096789,1.3747296526482156,False,,False,0.95,False,True,False,True,0,0,132766,30181213ed668ac6a29e6c307660c811870ee7d9811983a9bde5b673b032434d,4f098505a266b8abffdec33b9d9eb61602b1fa0d94863d95369e873a476977bc,"[""IL:PUMA:03501"",""IL:PUMA:03504"",""OH:PUMA:05100"",""ME:PUMA:00700"",""TX:PUMA:05306"",""TN:PUMA:01604"",""ME:PUMA:00200"",""TX:PUMA:02311"",""FL:PUMA:03107"",""TX:PUMA:04619"",""TX:PUMA:02800"",""TX:PUMA:01100"",""GA:PUMA:02300"",""NY:PUMA:04013"",""AL:PUMA:01200"",""AZ:PUMA:00126"",""PA:PUMA:00900"",""OH:PUMA:04102"",""AZ:PUMA:00114"",""FL:PUMA:03102"",""MD:PUMA:00503"",""CA:PUMA:09501"",""OR:PUMA:01317"",""WI:PUMA:41003"",""OH:PUMA:05507"",""IN:PUMA:02100"",""CA:PUMA:00702"",""TX:PUMA:02700"",""OH:PUMA:04602"",""ID:PUMA:00200"",""PA:PUMA:01807"",""FL:PUMA:01500"",""GA:PUMA:03101"",""IN:PUMA:00104"",""GA:PUMA:02002"",""PA:PUMA:00600"",""AL:PUMA:00700"",""FL:PUMA:05703"",""MA:PUMA:03900"",""WV:PUMA:00200"",""NY:PUMA:00902"",""OH:PUMA:01803"",""OH:PUMA:01900"",""IL:PUMA:03419"",""NC:PUMA:01205"",""MA:PUMA:03305"",""MT:PUMA:00600"",""NC:PUMA:01203"",""NY:PUMA:02002"",""CA:PUMA:06505"",""TX:PUMA:04608"",""WV:PUMA:00600"",""WA:PUMA:11603"",""MA:PUMA:00504"",""TX:PUMA:03802"",""IN:PUMA:03500"",""NY:PUMA:02500"",""TX:PUMA:06603"",""CO:PUMA:00813"",""CO:PUMA:00814"",""MA:PUMA:00300"",""CT:PUMA:00904"",""IL:PUMA:02000"",""TX:PUMA:05308"",""AZ:PUMA:00102"",""MA:PUMA:03603"",""NY:PUMA:00300"",""WI:PUMA:10000"",""TX:PUMA:06302"",""NE:PUMA:00500"",""CA:PUMA:07504"",""CA:PUMA:06512"",""MA:PUMA:00507"",""CA:PUMA:03718"",""KY:PUMA:00500"",""PA:PUMA:03207"",""WV:PUMA:01200"",""PA:PUMA:04002"",""NC:PUMA:02400"",""MA:PUMA:01300"",""IL:PUMA:03523"",""CA:PUMA:00106"",""PA:PUMA:03208"",""TX:PUMA:02301"",""PA:PUMA:03503"",""NH:PUMA:00800"",""TX:PUMA:02503"",""IL:PUMA:03307"",""FL:PUMA:08302"",""CA:PUMA:04102"",""NH:PUMA:00900"",""NH:PUMA:00400"",""MO:PUMA:02100"",""FL:PUMA:07104"",""CA:PUMA:06506"",""FL:PUMA:10104"",""KY:PUMA:01901"",""AL:PUMA:01400"",""TX:PUMA:02006"",""FL:PUMA:01113""]",-0.03376613856473119,1.019611107918227,-0.03902855427837245,0.997364793358108,-0.05470235162191691,0.9936976991020815,-0.022174534082405942,0.9551506870283898,-0.06594310708046147,1.061804599976831,0.01446466952027446,0.9946585132989272,-0.22849228626589518,0.6644436066028784,0.06317521750637402,1.0798746243574762,-0.09089516268486897,1.044359363494635,-0.01731826645126079,0.9805433202769958,-0.2333379331715684,0.6259295912684709,-0.04570840685161307,1.0972534249233399,-0.03685259918692707,1.103398039563404,-0.02626304090154485,1.0216919819487047,-0.00215899607534487,1.0000414282566046,-0.22201340660828786,0.7060275092782611
1,5f9644338fd1ffb661753079b4934480b3eeda0e0c9d645343ee506a34070007,c52014b8f05c192c,ACSEmployment,2018,b505147ac2879d972461,100000,100,16,PUMA,55,IN:PUMA:03500,55,1642,1237,622,615,0.5028294260307195,0.4971705739692805,48925,51075,0.012713336739908022,0.012041116005873716,1.0558271121801661,1.3747296526482156,False,,False,0.95,False,True,False,True,0,0,132766,30181213ed668ac6a29e6c307660c811870ee7d9811983a9bde5b673b032434d,4f098505a266b8abffdec33b9d9eb61602b1fa0d94863d95369e873a476977bc,"[""IL:PUMA:03501"",""IL:PUMA:03504"",""OH:PUMA:05100"",""ME:PUMA:00700"",""TX:PUMA:05306"",""TN:PUMA:01604"",""ME:PUMA:00200"",""TX:PUMA:02311"",""FL:PUMA:03107"",""TX:PUMA:04619"",""TX:PUMA:02800"",""TX:PUMA:01100"",""GA:PUMA:02300"",""NY:PUMA:04013"",""AL:PUMA:01200"",""AZ:PUMA:00126"",""PA:PUMA:00900"",""OH:PUMA:04102"",""AZ:PUMA:00114"",""FL:PUMA:03102"",""MD:PUMA:00503"",""CA:PUMA:09501"",""OR:PUMA:01317"",""WI:PUMA:41003"",""OH:PUMA:05507"",""IN:PUMA:02100"",""CA:PUMA:00702"",""TX:PUMA:02700"",""OH:PUMA:04602"",""ID:PUMA:00200"",""PA:PUMA:01807"",""FL:PUMA:01500"",""GA:PUMA:03101"",""IN:PUMA:00104"",""GA:PUMA:02002"",""PA:PUMA:00600"",""AL:PUMA:00700"",""FL:PUMA:05703"",""MA:PUMA:03900"",""WV:PUMA:00200"",""NY:PUMA:00902"",""OH:PUMA:01803"",""OH:PUMA:01900"",""IL:PUMA:03419"",""NC:PUMA:01205"",""MA:PUMA:03305"",""MT:PUMA:00600"",""NC:PUMA:01203"",""NY:PUMA:02002"",""CA:PUMA:06505"",""TX:PUMA:04608"",""WV:PUMA:00600"",""WA:PUMA:11603"",""MA:PUMA:00504"",""TX:PUMA:03802"",""IN:PUMA:03500"",""NY:PUMA:02500"",""TX:PUMA:06603"",""CO:PUMA:00813"",""CO:PUMA:00814"",""MA:PUMA:00300"",""CT:PUMA:00904"",""IL:PUMA:02000"",""TX:PUMA:05308"",""AZ:PUMA:00102"",""MA:PUMA:03603"",""NY:PUMA:00300"",""WI:PUMA:10000"",""TX:PUMA:06302"",""NE:PUMA:00500"",""CA:PUMA:07504"",""CA:PUMA:06512"",""MA:PUMA:00507"",""CA:PUMA:03718"",""KY:PUMA:00500"",""PA:PUMA:03207"",""WV:PUMA:01200"",""PA:PUMA:04002"",""NC:PUMA:02400"",""MA:PUMA:01300"",""IL:PUMA:03523"",""CA:PUMA:00106"",""PA:PUMA:03208"",""TX:PUMA:02301"",""PA:PUMA:03503"",""NH:PUMA:00800"",""TX:PUMA:02503"",""IL:PUMA:03307"",""FL:PUMA:08302"",""CA:PUMA:04102"",""NH:PUMA:00900"",""NH:PUMA:00400"",""MO:PUMA:02100"",""FL:PUMA:07104"",""CA:PUMA:06506"",""FL:PUMA:10104"",""KY:PUMA:01901"",""AL:PUMA:01400"",""TX:PUMA:02006"",""FL:PUMA:01113""]",0.04563461868690065,1.0115567040711997,-0.048837154926794454,0.9563519376541861,-0.11738862727728133,0.9761215778739807,-0.08130621674566442,0.912382009882241,-0.06094539180830044,1.0573911148183897,-0.019100154635559412,0.946281035697466,-0.31407552339048994,0.42426123645773783,-0.018892935459529678,1.0021469428488143,-0.021271055992314283,1.0045321716835787,0.20461639291193578,1.0627175115249954,-0.30496039093034155,0.4280849685325137,-0.10708009512097556,1.212952137232013,0.011905535313209727,0.9639286635465184,-0.03914897257099757,1.0633554059974972,-0.025928578662018496,1.0001893715345194,-0.3279278456422312,0.5234994800620233
1,5f9644338fd1ffb661753079b4934480b3eeda0e0c9d645343ee506a34070007,c52014b8f05c192c,ACSEmployment,2018,b505147ac2879d972461,100000,100,16,PUMA,56,NY:PUMA:02500,56,2992,2254,1112,1142,0.4933451641526176,0.5066548358473825,48925,51075,0.022728666326009197,0.022359275575134605,1.0165206940463396,1.3747296526482156,False,,False,0.95,False,True,False,True,0,0,132766,30181213ed668ac6a29e6c307660c811870ee7d9811983a9bde5b673b032434d,4f098505a266b8abffdec33b9d9eb61602b1fa0d94863d95369e873a476977bc,"[""IL:PUMA:03501"",""IL:PUMA:03504"",""OH:PUMA:05100"",""ME:PUMA:00700"",""TX:PUMA:05306"",""TN:PUMA:01604"",""ME:PUMA:00200"",""TX:PUMA:02311"",""FL:PUMA:03107"",""TX:PUMA:04619"",""TX:PUMA:02800"",""TX:PUMA:01100"",""GA:PUMA:02300"",""NY:PUMA:04013"",""AL:PUMA:01200"",""AZ:PUMA:00126"",""PA:PUMA:00900"",""OH:PUMA:04102"",""AZ:PUMA:00114"",""FL:PUMA:03102"",""MD:PUMA:00503"",""CA:PUMA:09501"",""OR:PUMA:01317"",""WI:PUMA:41003"",""OH:PUMA:05507"",""IN:PUMA:02100"",""CA:PUMA:00702"",""TX:PUMA:02700"",""OH:PUMA:04602"",""ID:PUMA:00200"",""PA:PUMA:01807"",""FL:PUMA:01500"",""GA:PUMA:03101"",""IN:PUMA:00104"",""GA:PUMA:02002"",""PA:PUMA:00600"",""AL:PUMA:00700"",""FL:PUMA:05703"",""MA:PUMA:03900"",""WV:PUMA:00200"",""NY:PUMA:00902"",""OH:PUMA:01803"",""OH:PUMA:01900"",""IL:PUMA:03419"",""NC:PUMA:01205"",""MA:PUMA:03305"",""MT:PUMA:00600"",""NC:PUMA:01203"",""NY:PUMA:02002"",""CA:PUMA:06505"",""TX:PUMA:04608"",""WV:PUMA:00600"",""WA:PUMA:11603"",""MA:PUMA:00504"",""TX:PUMA:03802"",""IN:PUMA:03500"",""NY:PUMA:02500"",""TX:PUMA:06603"",""CO:PUMA:00813"",""CO:PUMA:00814"",""MA:PUMA:00300"",""CT:PUMA:00904"",""IL:PUMA:02000"",""TX:PUMA:05308"",""AZ:PUMA:00102"",""MA:PUMA:03603"",""NY:PUMA:00300"",""WI:PUMA:10000"",""TX:PUMA:06302"",""NE:PUMA:00500"",""CA:PUMA:07504"",""CA:PUMA:06512"",""MA:PUMA:00507"",""CA:PUMA:03718"",""KY:PUMA:00500"",""PA:PUMA:03207"",""WV:PUMA:01200"",""PA:PUMA:04002"",""NC:PUMA:02400"",""MA:PUMA:01300"",""IL:PUMA:03523"",""CA:PUMA:00106"",""PA:PUMA:03208"",""TX:PUMA:02301"",""PA:PUMA:03503"",""NH:PUMA:00800"",""TX:PUMA:02503"",""IL:PUMA:03307"",""FL:PUMA:08302"",""CA:PUMA:04102"",""NH:PUMA:00900"",""NH:PUMA:00400"",""MO:PUMA:02100"",""FL:PUMA:07104"",""CA:PUMA:06506"",""FL:PUMA:10104"",""KY:PUMA:01901"",""AL:PUMA:01400"",""TX:PUMA:02006"",""FL:PUMA:01113""]",0.061376937020043314,1.0184600865724145,-0.043598381592238854,0.9385695537700912,-0.018684396174953172,0.9977546918422591,-0.010401397883304148,1.0293899487627998,-0.05968193490549681,1.0562686903559941,-0.0008176263249524271,1.0103232793141366,-0.30226604438290516,0.4628677673904888,-0.107318145242977,0.85465251870495,0.0013712859708695374,0.9931080879708889,0.22372895813750898,1.0425412770581524,-0.2990831435897708,0.44805684655393013,-0.04850283321842467,1.1028595275365711,0.005412851369419322,0.9837820099679871,-0.0012432684998280538,0.9924099337381969,-0.006956159031765725,1.0001167904586457,-0.30890171266595523,0.5635257262322225
1,5f9644338fd1ffb661753079b4934480b3eeda0e0c9d645343ee506a34070007,c52014b8f05c192c,ACSEmployment,2018,b505147ac2879d972461,100000,100,16,PUMA,57,TX:PUMA:06603,57,1159,873,409,464,0.46849942726231386,0.5315005727376861,48925,51075,0.008359734287174247,0.009084679393049437,1.0867186780071971,1.3747296526482156,False,,False,0.95,False,True,False,True,0,0,132766,30181213ed668ac6a29e6c307660c811870ee7d9811983a9bde5b673b032434d,4f098505a266b8abffdec33b9d9eb61602b1fa0d94863d95369e873a476977bc,"[""IL:PUMA:03501"",""IL:PUMA:03504"",""OH:PUMA:05100"",""ME:PUMA:00700"",""TX:PUMA:05306"",""TN:PUMA:01604"",""ME:PUMA:00200"",""TX:PUMA:02311"",""FL:PUMA:03107"",""TX:PUMA:04619"",""TX:PUMA:02800"",""TX:PUMA:01100"",""GA:PUMA:02300"",""NY:PUMA:04013"",""AL:PUMA:01200"",""AZ:PUMA:00126"",""PA:PUMA:00900"",""OH:PUMA:04102"",""AZ:PUMA:00114"",""FL:PUMA:03102"",""MD:PUMA:00503"",""CA:PUMA:09501"",""OR:PUMA:01317"",""WI:PUMA:41003"",""OH:PUMA:05507"",""IN:PUMA:02100"",""CA:PUMA:00702"",""TX:PUMA:02700"",""OH:PUMA:04602"",""ID:PUMA:00200"",""PA:PUMA:01807"",""FL:PUMA:01500"",""GA:PUMA:03101"",""IN:PUMA:00104"",""GA:PUMA:02002"",""PA:PUMA:00600"",""AL:PUMA:00700"",""FL:PUMA:05703"",""MA:PUMA:03900"",""WV:PUMA:00200"",""NY:PUMA:00902"",""OH:PUMA:01803"",""OH:PUMA:01900"",""IL:PUMA:03419"",""NC:PUMA:01205"",""MA:PUMA:03305"",""MT:PUMA:00600"",""NC:PUMA:01203"",""NY:PUMA:02002"",""CA:PUMA:06505"",""TX:PUMA:04608"",""WV:PUMA:00600"",""WA:PUMA:11603"",""MA:PUMA:00504"",""TX:PUMA:03802"",""IN:PUMA:03500"",""NY:PUMA:02500"",""TX:PUMA:06603"",""CO:PUMA:00813"",""CO:PUMA:00814"",""MA:PUMA:00300"",""CT:PUMA:00904"",""IL:PUMA:02000"",""TX:PUMA:05308"",""AZ:PUMA:00102"",""MA:PUMA:03603"",""NY:PUMA:00300"",""WI:PUMA:10000"",""TX:PUMA:06302"",""NE:PUMA:00500"",""CA:PUMA:07504"",""CA:PUMA:06512"",""MA:PUMA:00507"",""CA:PUMA:03718"",""KY:PUMA:00500"",""PA:PUMA:03207"",""WV:PUMA:01200"",""PA:PUMA:04002"",""NC:PUMA:02400"",""MA:PUMA:01300"",""IL:PUMA:03523"",""CA:PUMA:00106"",""PA:PUMA:03208"",""TX:PUMA:02301"",""PA:PUMA:03503"",""NH:PUMA:00800"",""TX:PUMA:02503"",""IL:PUMA:03307"",""FL:PUMA:08302"",""CA:PUMA:04102"",""NH:PUMA:00900"",""NH:PUMA:00400"",""MO:PUMA:02100"",""FL:PUMA:07104"",""CA:PUMA:06506"",""FL:PUMA:10104"",""KY:PUMA:01901"",""AL:PUMA:01400"",""TX:PUMA:02006"",""FL:PUMA:01113""]",-0.10708555369500622,1.0027338129139758,0.008315114943977001,1.0488531571450983,0.018080858371079613,1.0165363328615327,-0.0734858407670246,0.8709011138589206,0.08088357685313413,0.9120438784316207,0.01740663102426845,1.0326629306578108,-0.10115687963967435,0.8764837304484431,0.08005556591923589,1.0987231008038785,-0.07631159961311684,1.0220702397070967,-0.2149624756678404,0.9068629714607539,-0.11276476099671882,0.8483318483537403,0.07063928189003953,0.8225368762148871,0.06338546223661783,0.7871304040770746,-0.05311223717238128,1.129782268023729,0.042745520694524836,0.9982184328986327,-0.15411384333343714,0.8379233970839831
1,5f9644338fd1ffb661753079b4934480b3eeda0e0c9d645343ee506a34070007,c52014b8f05c192c,ACSEmployment,2018,b505147ac2879d972461,100000,100,16,PUMA,58,CO:PUMA:00813,58,963,725,372,353,0.5131034482758621,0.4868965517241379,48925,51075,0.007603474706182933,0.006911404796867352,1.100134477672219,1.3747296526482156,False,,False,0.95,False,True,False,True,0,0,132766,30181213ed668ac6a29e6c307660c811870ee7d9811983a9bde5b673b032434d,4f098505a266b8abffdec33b9d9eb61602b1fa0d94863d95369e873a476977bc,"[""IL:PUMA:03501"",""IL:PUMA:03504"",""OH:PUMA:05100"",""ME:PUMA:00700"",""TX:PUMA:05306"",""TN:PUMA:01604"",""ME:PUMA:00200"",""TX:PUMA:02311"",""FL:PUMA:03107"",""TX:PUMA:04619"",""TX:PUMA:02800"",""TX:PUMA:01100"",""GA:PUMA:02300"",""NY:PUMA:04013"",""AL:PUMA:01200"",""AZ:PUMA:00126"",""PA:PUMA:00900"",""OH:PUMA:04102"",""AZ:PUMA:00114"",""FL:PUMA:03102"",""MD:PUMA:00503"",""CA:PUMA:09501"",""OR:PUMA:01317"",""WI:PUMA:41003"",""OH:PUMA:05507"",""IN:PUMA:02100"",""CA:PUMA:00702"",""TX:PUMA:02700"",""OH:PUMA:04602"",""ID:PUMA:00200"",""PA:PUMA:01807"",""FL:PUMA:01500"",""GA:PUMA:03101"",""IN:PUMA:00104"",""GA:PUMA:02002"",""PA:PUMA:00600"",""AL:PUMA:00700"",""FL:PUMA:05703"",""MA:PUMA:03900"",""WV:PUMA:00200"",""NY:PUMA:00902"",""OH:PUMA:01803"",""OH:PUMA:01900"",""IL:PUMA:03419"",""NC:PUMA:01205"",""MA:PUMA:03305"",""MT:PUMA:00600"",""NC:PUMA:01203"",""NY:PUMA:02002"",""CA:PUMA:06505"",""TX:PUMA:04608"",""WV:PUMA:00600"",""WA:PUMA:11603"",""MA:PUMA:00504"",""TX:PUMA:03802"",""IN:PUMA:03500"",""NY:PUMA:02500"",""TX:PUMA:06603"",""CO:PUMA:00813"",""CO:PUMA:00814"",""MA:PUMA:00300"",""CT:PUMA:00904"",""IL:PUMA:02000"",""TX:PUMA:05308"",""AZ:PUMA:00102"",""MA:PUMA:03603"",""NY:PUMA:00300"",""WI:PUMA:10000"",""TX:PUMA:06302"",""NE:PUMA:00500"",""CA:PUMA:07504"",""CA:PUMA:06512"",""MA:PUMA:00507"",""CA:PUMA:03718"",""KY:PUMA:00500"",""PA:PUMA:03207"",""WV:PUMA:01200"",""PA:PUMA:04002"",""NC:PUMA:02400"",""MA:PUMA:01300"",""IL:PUMA:03523"",""CA:PUMA:00106"",""PA:PUMA:03208"",""TX:PUMA:02301"",""PA:PUMA:03503"",""NH:PUMA:00800"",""TX:PUMA:02503"",""IL:PUMA:03307"",""FL:PUMA:08302"",""CA:PUMA:04102"",""NH:PUMA:00900"",""NH:PUMA:00400"",""MO:PUMA:02100"",""FL:PUMA:07104"",""CA:PUMA:06506"",""FL:PUMA:10104"",""KY:PUMA:01901"",""AL:PUMA:01400"",""TX:PUMA:02006"",""FL:PUMA:01113""]",-0.16211191796115315,0.8157605446169537,0.38314902097210396,0.9056841655441517,0.20486871360085712,0.9904337526072969,0.09623538803686722,1.1666935607895321,0.14537779596020692,0.8296682295525332,-0.14839390900630023,0.8516005258801252,-0.20136031493854853,0.7104927000873876,0.3724087500063776,1.294078559934466,0.2165190914111086,0.8198994692997116,-0.02689587965566434,0.9024212056361367,-0.19822398754968237,0.7001966227937678,0.08942581537046432,0.7673785289676696,0.06880092293024045,0.765962968922577,0.10803569080624469,0.8201429614041917,-0.046480843438199734,0.9998618560169357,-0.04414272853922206,1.0233941431788558
1,5f9644338fd1ffb661753079b4934480b3eeda0e0c9d645343ee506a34070007,c52014b8f05c192c,ACSEmployment,2018,b505147ac2879d972461,100000,100,16,PUMA,59,CO:PUMA:00814,59,1074,809,402,407,0.4969097651421508,0.5030902348578492,48925,51075,0.008216658150229943,0.007968673519334312,1.0311199386314358,1.3747296526482156,False,,False,0.95,False,True,False,True,0,0,132766,30181213ed668ac6a29e6c307660c811870ee7d9811983a9bde5b673b032434d,4f098505a266b8abffdec33b9d9eb61602b1fa0d94863d95369e873a476977bc,"[""IL:PUMA:03501"",""IL:PUMA:03504"",""OH:PUMA:05100"",""ME:PUMA:00700"",""TX:PUMA:05306"",""TN:PUMA:01604"",""ME:PUMA:00200"",""TX:PUMA:02311"",""FL:PUMA:03107"",""TX:PUMA:04619"",""TX:PUMA:02800"",""TX:PUMA:01100"",""GA:PUMA:02300"",""NY:PUMA:04013"",""AL:PUMA:01200"",""AZ:PUMA:00126"",""PA:PUMA:00900"",""OH:PUMA:04102"",""AZ:PUMA:00114"",""FL:PUMA:03102"",""MD:PUMA:00503"",""CA:PUMA:09501"",""OR:PUMA:01317"",""WI:PUMA:41003"",""OH:PUMA:05507"",""IN:PUMA:02100"",""CA:PUMA:00702"",""TX:PUMA:02700"",""OH:PUMA:04602"",""ID:PUMA:00200"",""PA:PUMA:01807"",""FL:PUMA:01500"",""GA:PUMA:03101"",""IN:PUMA:00104"",""GA:PUMA:02002"",""PA:PUMA:00600"",""AL:PUMA:00700"",""FL:PUMA:05703"",""MA:PUMA:03900"",""WV:PUMA:00200"",""NY:PUMA:00902"",""OH:PUMA:01803"",""OH:PUMA:01900"",""IL:PUMA:03419"",""NC:PUMA:01205"",""MA:PUMA:03305"",""MT:PUMA:00600"",""NC:PUMA:01203"",""NY:PUMA:02002"",""CA:PUMA:06505"",""TX:PUMA:04608"",""WV:PUMA:00600"",""WA:PUMA:11603"",""MA:PUMA:00504"",""TX:PUMA:03802"",""IN:PUMA:03500"",""NY:PUMA:02500"",""TX:PUMA:06603"",""CO:PUMA:00813"",""CO:PUMA:00814"",""MA:PUMA:00300"",""CT:PUMA:00904"",""IL:PUMA:02000"",""TX:PUMA:05308"",""AZ:PUMA:00102"",""MA:PUMA:03603"",""NY:PUMA:00300"",""WI:PUMA:10000"",""TX:PUMA:06302"",""NE:PUMA:00500"",""CA:PUMA:07504"",""CA:PUMA:06512"",""MA:PUMA:00507"",""CA:PUMA:03718"",""KY:PUMA:00500"",""PA:PUMA:03207"",""WV:PUMA:01200"",""PA:PUMA:04002"",""NC:PUMA:02400"",""MA:PUMA:01300"",""IL:PUMA:03523"",""CA:PUMA:00106"",""PA:PUMA:03208"",""TX:PUMA:02301"",""PA:PUMA:03503"",""NH:PUMA:00800"",""TX:PUMA:02503"",""IL:PUMA:03307"",""FL:PUMA:08302"",""CA:PUMA:04102"",""NH:PUMA:00900"",""NH:PUMA:00400"",""MO:PUMA:02100"",""FL:PUMA:07104"",""CA:PUMA:06506"",""FL:PUMA:10104"",""KY:PUMA:01901"",""AL:PUMA:01400"",""TX:PUMA:02006"",""FL:PUMA:01113""]",-0.15200076129330461,0.8870668057472215,0.3884049284992499,0.9790035224155662,0.17272297704881825,1.0162936321619827,0.021701365966934533,1.121612234025073,0.22923277839711487,0.699546056061064,-0.14859914791975176,0.7041489127778178,-0.17837710809973997,0.7493617593384586,0.1715250696735092,1.1678675013165307,0.1488380374546073,0.9045184322862124,-0.019805920568755225,0.8510533040490731,-0.16952300202713594,0.754283879648927,0.10213936883414772,0.7274073138025565,0.0941635664955633,0.6572310282584453,0.09942863966933173,0.8834175894028707,-0.014086825250924613,1.0001862830464814,-0.1793956918891917,0.8318106241795395
1,5f9644338fd1ffb661753079b4934480b3eeda0e0c9d645343ee506a34070007,c52014b8f05c192c,ACSEmployment,2018,b505147ac2879d972461,100000,100,16,PUMA,60,MA:PUMA:00300,60,1803,1358,672,686,0.4948453608247423,0.5051546391752577,48925,51075,0.01373530914665304,0.013431228585413608,1.0226398172963616,1.3747296526482156,False,,False,0.95,False,True,False,True,0,0,132766,30181213ed668ac6a29e6c307660c811870ee7d9811983a9bde5b673b032434d,4f098505a266b8abffdec33b9d9eb61602b1fa0d94863d95369e873a476977bc,"[""IL:PUMA:03501"",""IL:PUMA:03504"",""OH:PUMA:05100"",""ME:PUMA:00700"",""TX:PUMA:05306"",""TN:PUMA:01604"",""ME:PUMA:00200"",""TX:PUMA:02311"",""FL:PUMA:03107"",""TX:PUMA:04619"",""TX:PUMA:02800"",""TX:PUMA:01100"",""GA:PUMA:02300"",""NY:PUMA:04013"",""AL:PUMA:01200"",""AZ:PUMA:00126"",""PA:PUMA:00900"",""OH:PUMA:04102"",""AZ:PUMA:00114"",""FL:PUMA:03102"",""MD:PUMA:00503"",""CA:PUMA:09501"",""OR:PUMA:01317"",""WI:PUMA:41003"",""OH:PUMA:05507"",""IN:PUMA:02100"",""CA:PUMA:00702"",""TX:PUMA:02700"",""OH:PUMA:04602"",""ID:PUMA:00200"",""PA:PUMA:01807"",""FL:PUMA:01500"",""GA:PUMA:03101"",""IN:PUMA:00104"",""GA:PUMA:02002"",""PA:PUMA:00600"",""AL:PUMA:00700"",""FL:PUMA:05703"",""MA:PUMA:03900"",""WV:PUMA:00200"",""NY:PUMA:00902"",""OH:PUMA:01803"",""OH:PUMA:01900"",""IL:PUMA:03419"",""NC:PUMA:01205"",""MA:PUMA:03305"",""MT:PUMA:00600"",""NC:PUMA:01203"",""NY:PUMA:02002"",""CA:PUMA:06505"",""TX:PUMA:04608"",""WV:PUMA:00600"",""WA:PUMA:11603"",""MA:PUMA:00504"",""TX:PUMA:03802"",""IN:PUMA:03500"",""NY:PUMA:02500"",""TX:PUMA:06603"",""CO:PUMA:00813"",""CO:PUMA:00814"",""MA:PUMA:00300"",""CT:PUMA:00904"",""IL:PUMA:02000"",""TX:PUMA:05308"",""AZ:PUMA:00102"",""MA:PUMA:03603"",""NY:PUMA:00300"",""WI:PUMA:10000"",""TX:PUMA:06302"",""NE:PUMA:00500"",""CA:PUMA:07504"",""CA:PUMA:06512"",""MA:PUMA:00507"",""CA:PUMA:03718"",""KY:PUMA:00500"",""PA:PUMA:03207"",""WV:PUMA:01200"",""PA:PUMA:04002"",""NC:PUMA:02400"",""MA:PUMA:01300"",""IL:PUMA:03523"",""CA:PUMA:00106"",""PA:PUMA:03208"",""TX:PUMA:02301"",""PA:PUMA:03503"",""NH:PUMA:00800"",""TX:PUMA:02503"",""IL:PUMA:03307"",""FL:PUMA:08302"",""CA:PUMA:04102"",""NH:PUMA:00900"",""NH:PUMA:00400"",""MO:PUMA:02100"",""FL:PUMA:07104"",""CA:PUMA:06506"",""FL:PUMA:10104"",""KY:PUMA:01901"",""AL:PUMA:01400"",""TX:PUMA:02006"",""FL:PUMA:01113""]",-0.1018359930085489,0.9608805084944402,0.09072261830590585,0.9092007104774842,0.31363710253848803,0.9571715566739515,0.44580685180286417,1.423491798928076,-0.0768804913670894,1.0713186404610306,-0.016513908398799463,1.082347284720002,0.328881561426755,1.2506133086834568,0.044534637507003726,1.0282969525645824,0.16466484502318635,0.8891029041874411,-0.16314034172906028,0.866958398261613,0.3067347129306314,1.2782281162596492,0.019392909009487688,0.9550917889861352,0.030060366234132767,0.9058620200061228,0.01939819092118687,0.8826353222108264,-0.009957168615566394,1.000152233317818,0.1004005855859716,1.1084872512724542
1,5f9644338fd1ffb661753079b4934480b3eeda0e0c9d645343ee506a34070007,c52014b8f05c192c,ACSEmployment,2018,b505147ac2879d972461,100000,100,16,PUMA,61,CT:PUMA:00904,61,1173,884,442,442,0.5,0.5,48925,51075,0.009034236075625958,0.008653940283896232,1.0439448134900358,1.3747296526482156,False,,False,0.95,False,True,False,True,0,0,132766,30181213ed668ac6a29e6c307660c811870ee7d9811983a9bde5b673b032434d,4f098505a266b8abffdec33b9d9eb61602b1fa0d94863d95369e873a476977bc,"[""IL:PUMA:03501"",""IL:PUMA:03504"",""OH:PUMA:05100"",""ME:PUMA:00700"",""TX:PUMA:05306"",""TN:PUMA:01604"",""ME:PUMA:00200"",""TX:PUMA:02311"",""FL:PUMA:03107"",""TX:PUMA:04619"",""TX:PUMA:02800"",""TX:PUMA:01100"",""GA:PUMA:02300"",""NY:PUMA:04013"",""AL:PUMA:01200"",""AZ:PUMA:00126"",""PA:PUMA:00900"",""OH:PUMA:04102"",""AZ:PUMA:00114"",""FL:PUMA:03102"",""MD:PUMA:00503"",""CA:PUMA:09501"",""OR:PUMA:01317"",""WI:PUMA:41003"",""OH:PUMA:05507"",""IN:PUMA:02100"",""CA:PUMA:00702"",""TX:PUMA:02700"",""OH:PUMA:04602"",""ID:PUMA:00200"",""PA:PUMA:01807"",""FL:PUMA:01500"",""GA:PUMA:03101"",""IN:PUMA:00104"",""GA:PUMA:02002"",""PA:PUMA:00600"",""AL:PUMA:00700"",""FL:PUMA:05703"",""MA:PUMA:03900"",""WV:PUMA:00200"",""NY:PUMA:00902"",""OH:PUMA:01803"",""OH:PUMA:01900"",""IL:PUMA:03419"",""NC:PUMA:01205"",""MA:PUMA:03305"",""MT:PUMA:00600"",""NC:PUMA:01203"",""NY:PUMA:02002"",""CA:PUMA:06505"",""TX:PUMA:04608"",""WV:PUMA:00600"",""WA:PUMA:11603"",""MA:PUMA:00504"",""TX:PUMA:03802"",""IN:PUMA:03500"",""NY:PUMA:02500"",""TX:PUMA:06603"",""CO:PUMA:00813"",""CO:PUMA:00814"",""MA:PUMA:00300"",""CT:PUMA:00904"",""IL:PUMA:02000"",""TX:PUMA:05308"",""AZ:PUMA:00102"",""MA:PUMA:03603"",""NY:PUMA:00300"",""WI:PUMA:10000"",""TX:PUMA:06302"",""NE:PUMA:00500"",""CA:PUMA:07504"",""CA:PUMA:06512"",""MA:PUMA:00507"",""CA:PUMA:03718"",""KY:PUMA:00500"",""PA:PUMA:03207"",""WV:PUMA:01200"",""PA:PUMA:04002"",""NC:PUMA:02400"",""MA:PUMA:01300"",""IL:PUMA:03523"",""CA:PUMA:00106"",""PA:PUMA:03208"",""TX:PUMA:02301"",""PA:PUMA:03503"",""NH:PUMA:00800"",""TX:PUMA:02503"",""IL:PUMA:03307"",""FL:PUMA:08302"",""CA:PUMA:04102"",""NH:PUMA:00900"",""NH:PUMA:00400"",""MO:PUMA:02100"",""FL:PUMA:07104"",""CA:PUMA:06506"",""FL:PUMA:10104"",""KY:PUMA:01901"",""AL:PUMA:01400"",""TX:PUMA:02006"",""FL:PUMA:01113""]",0.10076839047711507,0.982138891764164,0.18873377248173467,0.9499445261481546,-0.018930884758435105,1.0004676855527355,-0.02140482039773128,1.0297786937267281,0.04985349629164583,0.9475704848348115,-0.08577737968207598,0.8791871136149911,0.03006073982705956,1.0502640700924295,-0.023420184251235723,0.9204430049036514,0.11221927785809044,0.9232448332357792,-0.05243785000472673,0.9018759212125511,0.028038939259667016,1.0323549712159314,0.03892320535454837,0.9072036486071121,-0.027513289877365663,1.0782522174773792,0.04562356998123711,0.9208094774363285,-0.020268564350149124,1.0002053862545472,-0.0897179612244637,0.8921758285574957
1,5f9644338fd1ffb661753079b4934480b3eeda0e0c9d645343ee506a34070007,c52014b8f05c192c,ACSEmployment,2018,b505147ac2879d972461,100000,100,16,PUMA,62,IL:PUMA:02000,62,2066,1556,760,796,0.4884318766066838,0.5115681233933161,48925,51075,0.015533980582524271,0.015584924131179638,1.0032794909446892,1.3747296526482156,False,,False,0.95,False,True,False,True,0,0,132766,30181213ed668ac6a29e6c307660c811870ee7d9811983a9bde5b673b032434d,4f098505a266b8abffdec33b9d9eb61602b1fa0d94863d95369e873a476977bc,"[""IL:PUMA:03501"",""IL:PUMA:03504"",""OH:PUMA:05100"",""ME:PUMA:00700"",""TX:PUMA:05306"",""TN:PUMA:01604"",""ME:PUMA:00200"",""TX:PUMA:02311"",""FL:PUMA:03107"",""TX:PUMA:04619"",""TX:PUMA:02800"",""TX:PUMA:01100"",""GA:PUMA:02300"",""NY:PUMA:04013"",""AL:PUMA:01200"",""AZ:PUMA:00126"",""PA:PUMA:00900"",""OH:PUMA:04102"",""AZ:PUMA:00114"",""FL:PUMA:03102"",""MD:PUMA:00503"",""CA:PUMA:09501"",""OR:PUMA:01317"",""WI:PUMA:41003"",""OH:PUMA:05507"",""IN:PUMA:02100"",""CA:PUMA:00702"",""TX:PUMA:02700"",""OH:PUMA:04602"",""ID:PUMA:00200"",""PA:PUMA:01807"",""FL:PUMA:01500"",""GA:PUMA:03101"",""IN:PUMA:00104"",""GA:PUMA:02002"",""PA:PUMA:00600"",""AL:PUMA:00700"",""FL:PUMA:05703"",""MA:PUMA:03900"",""WV:PUMA:00200"",""NY:PUMA:00902"",""OH:PUMA:01803"",""OH:PUMA:01900"",""IL:PUMA:03419"",""NC:PUMA:01205"",""MA:PUMA:03305"",""MT:PUMA:00600"",""NC:PUMA:01203"",""NY:PUMA:02002"",""CA:PUMA:06505"",""TX:PUMA:04608"",""WV:PUMA:00600"",""WA:PUMA:11603"",""MA:PUMA:00504"",""TX:PUMA:03802"",""IN:PUMA:03500"",""NY:PUMA:02500"",""TX:PUMA:06603"",""CO:PUMA:00813"",""CO:PUMA:00814"",""MA:PUMA:00300"",""CT:PUMA:00904"",""IL:PUMA:02000"",""TX:PUMA:05308"",""AZ:PUMA:00102"",""MA:PUMA:03603"",""NY:PUMA:00300"",""WI:PUMA:10000"",""TX:PUMA:06302"",""NE:PUMA:00500"",""CA:PUMA:07504"",""CA:PUMA:06512"",""MA:PUMA:00507"",""CA:PUMA:03718"",""KY:PUMA:00500"",""PA:PUMA:03207"",""WV:PUMA:01200"",""PA:PUMA:04002"",""NC:PUMA:02400"",""MA:PUMA:01300"",""IL:PUMA:03523"",""CA:PUMA:00106"",""PA:PUMA:03208"",""TX:PUMA:02301"",""PA:PUMA:03503"",""NH:PUMA:00800"",""TX:PUMA:02503"",""IL:PUMA:03307"",""FL:PUMA:08302"",""CA:PUMA:04102"",""NH:PUMA:00900"",""NH:PUMA:00400"",""MO:PUMA:02100"",""FL:PUMA:07104"",""CA:PUMA:06506"",""FL:PUMA:10104"",""KY:PUMA:01901"",""AL:PUMA:01400"",""TX:PUMA:02006"",""FL:PUMA:01113""]",-0.08814697757375109,0.9729451894534477,0.09995962709829147,0.9757283022688079,0.02310017107586356,1.0085966306407634,0.0687822748045787,1.1185278813751167,0.08012597060313516,0.9129402946258357,-0.059985993971479454,0.8591207252404902,-0.2242266423205711,0.6703521841026551,-0.006511222451272897,1.0285308419960966,0.03244867525299697,0.9820020106870738,0.053144288477041036,0.9855705871554913,-0.21757565631143005,0.6605322490808339,0.059732973275865985,0.8527336232202835,0.043060909914911405,0.8616455183131895,-0.0008162894399536091,1.0304438395208877,0.002872434303554901,0.9999376524933588,-0.2218818172784481,0.7199290752522892
1,5f9644338fd1ffb661753079b4934480b3eeda0e0c9d645343ee506a34070007,c52014b8f05c192c,ACSEmployment,2018,b505147ac2879d972461,100000,100,16,PUMA,63,TX:PUMA:05308,63,1259,948,456,492,0.4810126582278481,0.5189873417721519,48925,51075,0.009320388349514564,0.009632892804698973,1.033529123837494,1.3747296526482156,False,,False,0.95,False,True,False,True,0,0,132766,30181213ed668ac6a29e6c307660c811870ee7d9811983a9bde5b673b032434d,4f098505a266b8abffdec33b9d9eb61602b1fa0d94863d95369e873a476977bc,"[""IL:PUMA:03501"",""IL:PUMA:03504"",""OH:PUMA:05100"",""ME:PUMA:00700"",""TX:PUMA:05306"",""TN:PUMA:01604"",""ME:PUMA:00200"",""TX:PUMA:02311"",""FL:PUMA:03107"",""TX:PUMA:04619"",""TX:PUMA:02800"",""TX:PUMA:01100"",""GA:PUMA:02300"",""NY:PUMA:04013"",""AL:PUMA:01200"",""AZ:PUMA:00126"",""PA:PUMA:00900"",""OH:PUMA:04102"",""AZ:PUMA:00114"",""FL:PUMA:03102"",""MD:PUMA:00503"",""CA:PUMA:09501"",""OR:PUMA:01317"",""WI:PUMA:41003"",""OH:PUMA:05507"",""IN:PUMA:02100"",""CA:PUMA:00702"",""TX:PUMA:02700"",""OH:PUMA:04602"",""ID:PUMA:00200"",""PA:PUMA:01807"",""FL:PUMA:01500"",""GA:PUMA:03101"",""IN:PUMA:00104"",""GA:PUMA:02002"",""PA:PUMA:00600"",""AL:PUMA:00700"",""FL:PUMA:05703"",""MA:PUMA:03900"",""WV:PUMA:00200"",""NY:PUMA:00902"",""OH:PUMA:01803"",""OH:PUMA:01900"",""IL:PUMA:03419"",""NC:PUMA:01205"",""MA:PUMA:03305"",""MT:PUMA:00600"",""NC:PUMA:01203"",""NY:PUMA:02002"",""CA:PUMA:06505"",""TX:PUMA:04608"",""WV:PUMA:00600"",""WA:PUMA:11603"",""MA:PUMA:00504"",""TX:PUMA:03802"",""IN:PUMA:03500"",""NY:PUMA:02500"",""TX:PUMA:06603"",""CO:PUMA:00813"",""CO:PUMA:00814"",""MA:PUMA:00300"",""CT:PUMA:00904"",""IL:PUMA:02000"",""TX:PUMA:05308"",""AZ:PUMA:00102"",""MA:PUMA:03603"",""NY:PUMA:00300"",""WI:PUMA:10000"",""TX:PUMA:06302"",""NE:PUMA:00500"",""CA:PUMA:07504"",""CA:PUMA:06512"",""MA:PUMA:00507"",""CA:PUMA:03718"",""KY:PUMA:00500"",""PA:PUMA:03207"",""WV:PUMA:01200"",""PA:PUMA:04002"",""NC:PUMA:02400"",""MA:PUMA:01300"",""IL:PUMA:03523"",""CA:PUMA:00106"",""PA:PUMA:03208"",""TX:PUMA:02301"",""PA:PUMA:03503"",""NH:PUMA:00800"",""TX:PUMA:02503"",""IL:PUMA:03307"",""FL:PUMA:08302"",""CA:PUMA:04102"",""NH:PUMA:00900"",""NH:PUMA:00400"",""MO:PUMA:02100"",""FL:PUMA:07104"",""CA:PUMA:06506"",""FL:PUMA:10104"",""KY:PUMA:01901"",""AL:PUMA:01400"",""TX:PUMA:02006"",""FL:PUMA:01113""]",-0.0421529586428063,0.969855339603233,0.21923120843569546,1.0599729034052106,-0.07894347057921211,1.0108527533066554,-0.2190772543487098,0.6717796034771302,0.1609559130110514,0.8077417386664429,-8.914695765149008e-05,0.8968125487066103,-0.03662188650214977,0.9624418582254947,-0.007406704315464568,0.9769095242916069,-0.03883960557064522,1.0421140328252887,-0.011811430270251276,0.9609407245180505,-0.03779306784471879,0.9533519203902088,0.06100345188513911,0.8492784574202837,0.05811574890574714,0.8071605769779999,0.06304621525173089,0.935978626676138,0.017713918672176025,0.9994839396789156,-0.07150270242151842,0.9402262910904972
1,5f9644338fd1ffb661753079b4934480b3eeda0e0c9d645343ee506a34070007,c52014b8f05c192c,ACSEmployment,2018,b505147ac2879d972461,100000,100,16,PUMA,64,AZ:PUMA:00102,64,1669,1257,623,634,0.49562450278440734,0.5043754972155927,48925,51075,0.012733776188042922,0.012413117963778756,1.0258322063159184,1.3747296526482156,False,,False,0.95,False,True,False,True,0,0,132766,30181213ed668ac6a29e6c307660c811870ee7d9811983a9bde5b673b032434d,4f098505a266b8abffdec33b9d9eb61602b1fa0d94863d95369e873a476977bc,"[""IL:PUMA:03501"",""IL:PUMA:03504"",""OH:PUMA:05100"",""ME:PUMA:00700"",""TX:PUMA:05306"",""TN:PUMA:01604"",""ME:PUMA:00200"",""TX:PUMA:02311"",""FL:PUMA:03107"",""TX:PUMA:04619"",""TX:PUMA:02800"",""TX:PUMA:01100"",""GA:PUMA:02300"",""NY:PUMA:04013"",""AL:PUMA:01200"",""AZ:PUMA:00126"",""PA:PUMA:00900"",""OH:PUMA:04102"",""AZ:PUMA:00114"",""FL:PUMA:03102"",""MD:PUMA:00503"",""CA:PUMA:09501"",""OR:PUMA:01317"",""WI:PUMA:41003"",""OH:PUMA:05507"",""IN:PUMA:02100"",""CA:PUMA:00702"",""TX:PUMA:02700"",""OH:PUMA:04602"",""ID:PUMA:00200"",""PA:PUMA:01807"",""FL:PUMA:01500"",""GA:PUMA:03101"",""IN:PUMA:00104"",""GA:PUMA:02002"",""PA:PUMA:00600"",""AL:PUMA:00700"",""FL:PUMA:05703"",""MA:PUMA:03900"",""WV:PUMA:00200"",""NY:PUMA:00902"",""OH:PUMA:01803"",""OH:PUMA:01900"",""IL:PUMA:03419"",""NC:PUMA:01205"",""MA:PUMA:03305"",""MT:PUMA:00600"",""NC:PUMA:01203"",""NY:PUMA:02002"",""CA:PUMA:06505"",""TX:PUMA:04608"",""WV:PUMA:00600"",""WA:PUMA:11603"",""MA:PUMA:00504"",""TX:PUMA:03802"",""IN:PUMA:03500"",""NY:PUMA:02500"",""TX:PUMA:06603"",""CO:PUMA:00813"",""CO:PUMA:00814"",""MA:PUMA:00300"",""CT:PUMA:00904"",""IL:PUMA:02000"",""TX:PUMA:05308"",""AZ:PUMA:00102"",""MA:PUMA:03603"",""NY:PUMA:00300"",""WI:PUMA:10000"",""TX:PUMA:06302"",""NE:PUMA:00500"",""CA:PUMA:07504"",""CA:PUMA:06512"",""MA:PUMA:00507"",""CA:PUMA:03718"",""KY:PUMA:00500"",""PA:PUMA:03207"",""WV:PUMA:01200"",""PA:PUMA:04002"",""NC:PUMA:02400"",""MA:PUMA:01300"",""IL:PUMA:03523"",""CA:PUMA:00106"",""PA:PUMA:03208"",""TX:PUMA:02301"",""PA:PUMA:03503"",""NH:PUMA:00800"",""TX:PUMA:02503"",""IL:PUMA:03307"",""FL:PUMA:08302"",""CA:PUMA:04102"",""NH:PUMA:00900"",""NH:PUMA:00400"",""MO:PUMA:02100"",""FL:PUMA:07104"",""CA:PUMA:06506"",""FL:PUMA:10104"",""KY:PUMA:01901"",""AL:PUMA:01400"",""TX:PUMA:02006"",""FL:PUMA:01113""]",-0.04599549723388618,1.0305424185018721,-0.011683676589827377,1.0437625514885445,-0.04280482378747962,1.0028302712839983,-0.11771578099151747,0.8109923749446167,0.07032541211008747,0.9244022117752703,0.0632157378785973,1.022895019641685,-0.129192966854464,0.8439301219153852,0.08806782212965862,1.1163066021597423,-0.08870851356258568,1.0508873069485556,-0.012451859965410511,0.9674810677788002,-0.13308556598147295,0.8163608391309043,-0.007842891855618515,1.017494171724224,-0.01060151242416099,1.0309430598732197,-0.054635471903239724,1.1056695990989736,-0.011515772584993878,1.000167087705316,-0.001733185176136788,1.0571458399579678
1,5f9644338fd1ffb661753079b4934480b3eeda0e0c9d645343ee506a34070007,c52014b8f05c192c,ACSEmployment,2018,b505147ac2879d972461,100000,100,16,PUMA,65,MA:PUMA:03603,65,1160,874,404,470,0.4622425629290618,0.5377574370709383,48925,51075,0.008257537046499744,0.009202153695545766,1.1143944790954867,1.3747296526482156,False,,False,0.95,False,True,False,True,0,0,132766,30181213ed668ac6a29e6c307660c811870ee7d9811983a9bde5b673b032434d,4f098505a266b8abffdec33b9d9eb61602b1fa0d94863d95369e873a476977bc,"[""IL:PUMA:03501"",""IL:PUMA:03504"",""OH:PUMA:05100"",""ME:PUMA:00700"",""TX:PUMA:05306"",""TN:PUMA:01604"",""ME:PUMA:00200"",""TX:PUMA:02311"",""FL:PUMA:03107"",""TX:PUMA:04619"",""TX:PUMA:02800"",""TX:PUMA:01100"",""GA:PUMA:02300"",""NY:PUMA:04013"",""AL:PUMA:01200"",""AZ:PUMA:00126"",""PA:PUMA:00900"",""OH:PUMA:04102"",""AZ:PUMA:00114"",""FL:PUMA:03102"",""MD:PUMA:00503"",""CA:PUMA:09501"",""OR:PUMA:01317"",""WI:PUMA:41003"",""OH:PUMA:05507"",""IN:PUMA:02100"",""CA:PUMA:00702"",""TX:PUMA:02700"",""OH:PUMA:04602"",""ID:PUMA:00200"",""PA:PUMA:01807"",""FL:PUMA:01500"",""GA:PUMA:03101"",""IN:PUMA:00104"",""GA:PUMA:02002"",""PA:PUMA:00600"",""AL:PUMA:00700"",""FL:PUMA:05703"",""MA:PUMA:03900"",""WV:PUMA:00200"",""NY:PUMA:00902"",""OH:PUMA:01803"",""OH:PUMA:01900"",""IL:PUMA:03419"",""NC:PUMA:01205"",""MA:PUMA:03305"",""MT:PUMA:00600"",""NC:PUMA:01203"",""NY:PUMA:02002"",""CA:PUMA:06505"",""TX:PUMA:04608"",""WV:PUMA:00600"",""WA:PUMA:11603"",""MA:PUMA:00504"",""TX:PUMA:03802"",""IN:PUMA:03500"",""NY:PUMA:02500"",""TX:PUMA:06603"",""CO:PUMA:00813"",""CO:PUMA:00814"",""MA:PUMA:00300"",""CT:PUMA:00904"",""IL:PUMA:02000"",""TX:PUMA:05308"",""AZ:PUMA:00102"",""MA:PUMA:03603"",""NY:PUMA:00300"",""WI:PUMA:10000"",""TX:PUMA:06302"",""NE:PUMA:00500"",""CA:PUMA:07504"",""CA:PUMA:06512"",""MA:PUMA:00507"",""CA:PUMA:03718"",""KY:PUMA:00500"",""PA:PUMA:03207"",""WV:PUMA:01200"",""PA:PUMA:04002"",""NC:PUMA:02400"",""MA:PUMA:01300"",""IL:PUMA:03523"",""CA:PUMA:00106"",""PA:PUMA:03208"",""TX:PUMA:02301"",""PA:PUMA:03503"",""NH:PUMA:00800"",""TX:PUMA:02503"",""IL:PUMA:03307"",""FL:PUMA:08302"",""CA:PUMA:04102"",""NH:PUMA:00900"",""NH:PUMA:00400"",""MO:PUMA:02100"",""FL:PUMA:07104"",""CA:PUMA:06506"",""FL:PUMA:10104"",""KY:PUMA:01901"",""AL:PUMA:01400"",""TX:PUMA:02006"",""FL:PUMA:01113""]",-0.030640127873149146,0.9920827256196824,0.1252530749839666,1.0474998594954361,0.10084959373058018,1.0137634657532706,0.09538205800553613,1.1203039212107109,0.10067435649086025,0.8880776601688134,-0.09230374600841743,0.813753937832513,0.38183705763050285,1.315727286622505,-0.07514492046925962,0.9125470018657558,0.0627345473910246,0.9733482893042489,-0.11658848595766592,0.9047557272625898,0.4124963176855557,1.34491529223797,0.04822990111852847,0.8833190801159161,0.03482243504856988,0.8899426778821682,-0.0058532202533873486,1.0231883547586629,0.05526181950888958,0.9973494752626678,0.23341346641261343,1.098985077582014
1,5f9644338fd1ffb661753079b4934480b3eeda0e0c9d645343ee506a34070007,c52014b8f05c192c,ACSEmployment,2018,b505147ac2879d972461,100000,100,16,PUMA,66,NY:PUMA:00300,66,1707,1286,643,643,0.5,0.5,48925,51075,0.01314256515074093,0.01258932941752325,1.0439448134900358,1.3747296526482156,False,,False,0.95,False,True,False,True,0,0,132766,30181213ed668ac6a29e6c307660c811870ee7d9811983a9bde5b673b032434d,4f098505a266b8abffdec33b9d9eb61602b1fa0d94863d95369e873a476977bc,"[""IL:PUMA:03501"",""IL:PUMA:03504"",""OH:PUMA:05100"",""ME:PUMA:00700"",""TX:PUMA:05306"",""TN:PUMA:01604"",""ME:PUMA:00200"",""TX:PUMA:02311"",""FL:PUMA:03107"",""TX:PUMA:04619"",""TX:PUMA:02800"",""TX:PUMA:01100"",""GA:PUMA:02300"",""NY:PUMA:04013"",""AL:PUMA:01200"",""AZ:PUMA:00126"",""PA:PUMA:00900"",""OH:PUMA:04102"",""AZ:PUMA:00114"",""FL:PUMA:03102"",""MD:PUMA:00503"",""CA:PUMA:09501"",""OR:PUMA:01317"",""WI:PUMA:41003"",""OH:PUMA:05507"",""IN:PUMA:02100"",""CA:PUMA:00702"",""TX:PUMA:02700"",""OH:PUMA:04602"",""ID:PUMA:00200"",""PA:PUMA:01807"",""FL:PUMA:01500"",""GA:PUMA:03101"",""IN:PUMA:00104"",""GA:PUMA:02002"",""PA:PUMA:00600"",""AL:PUMA:00700"",""FL:PUMA:05703"",""MA:PUMA:03900"",""WV:PUMA:00200"",""NY:PUMA:00902"",""OH:PUMA:01803"",""OH:PUMA:01900"",""IL:PUMA:03419"",""NC:PUMA:01205"",""MA:PUMA:03305"",""MT:PUMA:00600"",""NC:PUMA:01203"",""NY:PUMA:02002"",""CA:PUMA:06505"",""TX:PUMA:04608"",""WV:PUMA:00600"",""WA:PUMA:11603"",""MA:PUMA:00504"",""TX:PUMA:03802"",""IN:PUMA:03500"",""NY:PUMA:02500"",""TX:PUMA:06603"",""CO:PUMA:00813"",""CO:PUMA:00814"",""MA:PUMA:00300"",""CT:PUMA:00904"",""IL:PUMA:02000"",""TX:PUMA:05308"",""AZ:PUMA:00102"",""MA:PUMA:03603"",""NY:PUMA:00300"",""WI:PUMA:10000"",""TX:PUMA:06302"",""NE:PUMA:00500"",""CA:PUMA:07504"",""CA:PUMA:06512"",""MA:PUMA:00507"",""CA:PUMA:03718"",""KY:PUMA:00500"",""PA:PUMA:03207"",""WV:PUMA:01200"",""PA:PUMA:04002"",""NC:PUMA:02400"",""MA:PUMA:01300"",""IL:PUMA:03523"",""CA:PUMA:00106"",""PA:PUMA:03208"",""TX:PUMA:02301"",""PA:PUMA:03503"",""NH:PUMA:00800"",""TX:PUMA:02503"",""IL:PUMA:03307"",""FL:PUMA:08302"",""CA:PUMA:04102"",""NH:PUMA:00900"",""NH:PUMA:00400"",""MO:PUMA:02100"",""FL:PUMA:07104"",""CA:PUMA:06506"",""FL:PUMA:10104"",""KY:PUMA:01901"",""AL:PUMA:01400"",""TX:PUMA:02006"",""FL:PUMA:01113""]",0.16357433063957538,0.9888064130472869,0.05924282039686954,0.9216625150950476,-0.07836530069752243,0.9781006672517202,-0.04563144889172298,0.983195376591783,0.0231234060060365,0.9763486144127544,-0.06942566358946083,0.9152158201491453,-0.26717381522496075,0.5423163851334186,-0.02235841689943713,0.9393362488058464,0.06674090780112664,0.9402537266257638,0.07156842226540804,0.9521594369711132,-0.26140084328216406,0.5579464009029274,0.031626371653018424,0.9254336868823397,0.042058836018685805,0.8651410333990956,0.06147719495204908,0.8628857460026361,-0.020268564350149256,1.0002053862545575,-0.3051292178621413,0.5971146587421133
1,5f9644338fd1ffb661753079b4934480b3eeda0e0c9d645343ee506a34070007,c52014b8f05c192c,ACSEmployment,2018,b505147ac2879d972461,100000,100,16,PUMA,67,WI:PUMA:10000,67,1005,757,370,387,0.48877146631439894,0.5112285336856011,48925,51075,0.007562595809913132,0.007577092511013216,1.0019168948684367,1.3747296526482156,False,,False,0.95,False,True,False,True,0,0,132766,30181213ed668ac6a29e6c307660c811870ee7d9811983a9bde5b673b032434d,4f098505a266b8abffdec33b9d9eb61602b1fa0d94863d95369e873a476977bc,"[""IL:PUMA:03501"",""IL:PUMA:03504"",""OH:PUMA:05100"",""ME:PUMA:00700"",""TX:PUMA:05306"",""TN:PUMA:01604"",""ME:PUMA:00200"",""TX:PUMA:02311"",""FL:PUMA:03107"",""TX:PUMA:04619"",""TX:PUMA:02800"",""TX:PUMA:01100"",""GA:PUMA:02300"",""NY:PUMA:04013"",""AL:PUMA:01200"",""AZ:PUMA:00126"",""PA:PUMA:00900"",""OH:PUMA:04102"",""AZ:PUMA:00114"",""FL:PUMA:03102"",""MD:PUMA:00503"",""CA:PUMA:09501"",""OR:PUMA:01317"",""WI:PUMA:41003"",""OH:PUMA:05507"",""IN:PUMA:02100"",""CA:PUMA:00702"",""TX:PUMA:02700"",""OH:PUMA:04602"",""ID:PUMA:00200"",""PA:PUMA:01807"",""FL:PUMA:01500"",""GA:PUMA:03101"",""IN:PUMA:00104"",""GA:PUMA:02002"",""PA:PUMA:00600"",""AL:PUMA:00700"",""FL:PUMA:05703"",""MA:PUMA:03900"",""WV:PUMA:00200"",""NY:PUMA:00902"",""OH:PUMA:01803"",""OH:PUMA:01900"",""IL:PUMA:03419"",""NC:PUMA:01205"",""MA:PUMA:03305"",""MT:PUMA:00600"",""NC:PUMA:01203"",""NY:PUMA:02002"",""CA:PUMA:06505"",""TX:PUMA:04608"",""WV:PUMA:00600"",""WA:PUMA:11603"",""MA:PUMA:00504"",""TX:PUMA:03802"",""IN:PUMA:03500"",""NY:PUMA:02500"",""TX:PUMA:06603"",""CO:PUMA:00813"",""CO:PUMA:00814"",""MA:PUMA:00300"",""CT:PUMA:00904"",""IL:PUMA:02000"",""TX:PUMA:05308"",""AZ:PUMA:00102"",""MA:PUMA:03603"",""NY:PUMA:00300"",""WI:PUMA:10000"",""TX:PUMA:06302"",""NE:PUMA:00500"",""CA:PUMA:07504"",""CA:PUMA:06512"",""MA:PUMA:00507"",""CA:PUMA:03718"",""KY:PUMA:00500"",""PA:PUMA:03207"",""WV:PUMA:01200"",""PA:PUMA:04002"",""NC:PUMA:02400"",""MA:PUMA:01300"",""IL:PUMA:03523"",""CA:PUMA:00106"",""PA:PUMA:03208"",""TX:PUMA:02301"",""PA:PUMA:03503"",""NH:PUMA:00800"",""TX:PUMA:02503"",""IL:PUMA:03307"",""FL:PUMA:08302"",""CA:PUMA:04102"",""NH:PUMA:00900"",""NH:PUMA:00400"",""MO:PUMA:02100"",""FL:PUMA:07104"",""CA:PUMA:06506"",""FL:PUMA:10104"",""KY:PUMA:01901"",""AL:PUMA:01400"",""TX:PUMA:02006"",""FL:PUMA:01113""]",-0.0515870206881832,0.988296643627144,0.008733319788058021,0.955984188588407,0.04161836826856041,1.0000262157777364,0.11310188340271483,1.1530890904359627,0.037237903556088796,0.9613526517627986,-0.03074690377234095,0.9491152655102354,-0.2170220682269127,0.6642403514121116,0.12784316468724033,1.144530365672742,0.0396974420742191,0.979192170255381,0.028895695544956138,0.9002258962402202,-0.2052813814249144,0.6860603223982177,0.07505715536941773,0.8099428310593149,0.07281984059886928,0.7498427706939026,-0.0034682429143549584,1.0246185134281427,0.0021931153940085474,0.9999531427200419,-0.28484088930789897,0.5977996056717437
1,5f9644338fd1ffb661753079b4934480b3eeda0e0c9d645343ee506a34070007,c52014b8f05c192c,ACSEmployment,2018,b505147ac2879d972461,100000,100,16,PUMA,68,TX:PUMA:06302,68,1204,907,455,452,0.5016538037486218,0.49834619625137816,48925,51075,0.009299948901379662,0.00884973078805678,1.050873650747713,1.3747296526482156,False,,False,0.95,False,True,False,True,0,0,132766,30181213ed668ac6a29e6c307660c811870ee7d9811983a9bde5b673b032434d,4f098505a266b8abffdec33b9d9eb61602b1fa0d94863d95369e873a476977bc,"[""IL:PUMA:03501"",""IL:PUMA:03504"",""OH:PUMA:05100"",""ME:PUMA:00700"",""TX:PUMA:05306"",""TN:PUMA:01604"",""ME:PUMA:00200"",""TX:PUMA:02311"",""FL:PUMA:03107"",""TX:PUMA:04619"",""TX:PUMA:02800"",""TX:PUMA:01100"",""GA:PUMA:02300"",""NY:PUMA:04013"",""AL:PUMA:01200"",""AZ:PUMA:00126"",""PA:PUMA:00900"",""OH:PUMA:04102"",""AZ:PUMA:00114"",""FL:PUMA:03102"",""MD:PUMA:00503"",""CA:PUMA:09501"",""OR:PUMA:01317"",""WI:PUMA:41003"",""OH:PUMA:05507"",""IN:PUMA:02100"",""CA:PUMA:00702"",""TX:PUMA:02700"",""OH:PUMA:04602"",""ID:PUMA:00200"",""PA:PUMA:01807"",""FL:PUMA:01500"",""GA:PUMA:03101"",""IN:PUMA:00104"",""GA:PUMA:02002"",""PA:PUMA:00600"",""AL:PUMA:00700"",""FL:PUMA:05703"",""MA:PUMA:03900"",""WV:PUMA:00200"",""NY:PUMA:00902"",""OH:PUMA:01803"",""OH:PUMA:01900"",""IL:PUMA:03419"",""NC:PUMA:01205"",""MA:PUMA:03305"",""MT:PUMA:00600"",""NC:PUMA:01203"",""NY:PUMA:02002"",""CA:PUMA:06505"",""TX:PUMA:04608"",""WV:PUMA:00600"",""WA:PUMA:11603"",""MA:PUMA:00504"",""TX:PUMA:03802"",""IN:PUMA:03500"",""NY:PUMA:02500"",""TX:PUMA:06603"",""CO:PUMA:00813"",""CO:PUMA:00814"",""MA:PUMA:00300"",""CT:PUMA:00904"",""IL:PUMA:02000"",""TX:PUMA:05308"",""AZ:PUMA:00102"",""MA:PUMA:03603"",""NY:PUMA:00300"",""WI:PUMA:10000"",""TX:PUMA:06302"",""NE:PUMA:00500"",""CA:PUMA:07504"",""CA:PUMA:06512"",""MA:PUMA:00507"",""CA:PUMA:03718"",""KY:PUMA:00500"",""PA:PUMA:03207"",""WV:PUMA:01200"",""PA:PUMA:04002"",""NC:PUMA:02400"",""MA:PUMA:01300"",""IL:PUMA:03523"",""CA:PUMA:00106"",""PA:PUMA:03208"",""TX:PUMA:02301"",""PA:PUMA:03503"",""NH:PUMA:00800"",""TX:PUMA:02503"",""IL:PUMA:03307"",""FL:PUMA:08302"",""CA:PUMA:04102"",""NH:PUMA:00900"",""NH:PUMA:00400"",""MO:PUMA:02100"",""FL:PUMA:07104"",""CA:PUMA:06506"",""FL:PUMA:10104"",""KY:PUMA:01901"",""AL:PUMA:01400"",""TX:PUMA:02006"",""FL:PUMA:01113""]",-0.4670353505134252,0.8509810315596076,-0.4416254651092886,1.0878300769013098,0.21216773424713792,1.0117017758675553,0.09923202917200588,0.9246014408138169,0.19313694488008737,0.7594357326484547,0.31535082671527914,1.3007783222710647,0.4786099919111512,1.4334126667597555,-0.14606727321409813,0.8073197262303506,-0.2408362407524853,1.175647706193973,-0.3938320592687345,0.853119387405279,0.41841989232709287,1.348307523839318,0.10855810099043427,0.7062812663452401,0.039517785981696155,0.8739371034102399,-0.08165826617416631,1.191441381962406,-0.02357685118450802,1.0001999149824217,-0.2624247283099998,0.7145804217667596
1,5f9644338fd1ffb661753079b4934480b3eeda0e0c9d645343ee506a34070007,c52014b8f05c192c,ACSEmployment,2018,b505147ac2879d972461,100000,100,16,PUMA,69,NE:PUMA:00500,69,1519,1144,567,577,0.4956293706293706,0.5043706293706294,48925,51075,0.011589167092488502,0.011297112090063632,1.0258521824070195,1.3747296526482156,False,,False,0.95,False,True,False,True,0,0,132766,30181213ed668ac6a29e6c307660c811870ee7d9811983a9bde5b673b032434d,4f098505a266b8abffdec33b9d9eb61602b1fa0d94863d95369e873a476977bc,"[""IL:PUMA:03501"",""IL:PUMA:03504"",""OH:PUMA:05100"",""ME:PUMA:00700"",""TX:PUMA:05306"",""TN:PUMA:01604"",""ME:PUMA:00200"",""TX:PUMA:02311"",""FL:PUMA:03107"",""TX:PUMA:04619"",""TX:PUMA:02800"",""TX:PUMA:01100"",""GA:PUMA:02300"",""NY:PUMA:04013"",""AL:PUMA:01200"",""AZ:PUMA:00126"",""PA:PUMA:00900"",""OH:PUMA:04102"",""AZ:PUMA:00114"",""FL:PUMA:03102"",""MD:PUMA:00503"",""CA:PUMA:09501"",""OR:PUMA:01317"",""WI:PUMA:41003"",""OH:PUMA:05507"",""IN:PUMA:02100"",""CA:PUMA:00702"",""TX:PUMA:02700"",""OH:PUMA:04602"",""ID:PUMA:00200"",""PA:PUMA:01807"",""FL:PUMA:01500"",""GA:PUMA:03101"",""IN:PUMA:00104"",""GA:PUMA:02002"",""PA:PUMA:00600"",""AL:PUMA:00700"",""FL:PUMA:05703"",""MA:PUMA:03900"",""WV:PUMA:00200"",""NY:PUMA:00902"",""OH:PUMA:01803"",""OH:PUMA:01900"",""IL:PUMA:03419"",""NC:PUMA:01205"",""MA:PUMA:03305"",""MT:PUMA:00600"",""NC:PUMA:01203"",""NY:PUMA:02002"",""CA:PUMA:06505"",""TX:PUMA:04608"",""WV:PUMA:00600"",""WA:PUMA:11603"",""MA:PUMA:00504"",""TX:PUMA:03802"",""IN:PUMA:03500"",""NY:PUMA:02500"",""TX:PUMA:06603"",""CO:PUMA:00813"",""CO:PUMA:00814"",""MA:PUMA:00300"",""CT:PUMA:00904"",""IL:PUMA:02000"",""TX:PUMA:05308"",""AZ:PUMA:00102"",""MA:PUMA:03603"",""NY:PUMA:00300"",""WI:PUMA:10000"",""TX:PUMA:06302"",""NE:PUMA:00500"",""CA:PUMA:07504"",""CA:PUMA:06512"",""MA:PUMA:00507"",""CA:PUMA:03718"",""KY:PUMA:00500"",""PA:PUMA:03207"",""WV:PUMA:01200"",""PA:PUMA:04002"",""NC:PUMA:02400"",""MA:PUMA:01300"",""IL:PUMA:03523"",""CA:PUMA:00106"",""PA:PUMA:03208"",""TX:PUMA:02301"",""PA:PUMA:03503"",""NH:PUMA:00800"",""TX:PUMA:02503"",""IL:PUMA:03307"",""FL:PUMA:08302"",""CA:PUMA:04102"",""NH:PUMA:00900"",""NH:PUMA:00400"",""MO:PUMA:02100"",""FL:PUMA:07104"",""CA:PUMA:06506"",""FL:PUMA:10104"",""KY:PUMA:01901"",""AL:PUMA:01400"",""TX:PUMA:02006"",""FL:PUMA:01113""]",-0.044067094150156194,1.0436456201783564,-0.07345317071090719,1.0162961136543365,-0.057727498319980586,1.0030071241022502,-0.051715212313862426,0.9978412419962259,0.009148371828566381,0.9907747703153013,0.006668283690302719,0.9579096160921999,-0.2795088241571503,0.549671899284508,0.017346650956100707,1.027386843101215,-0.07392082593711385,1.0538250978824943,0.11604932556462887,1.0041513978485488,-0.2756489684008774,0.5194594267162743,-0.05110012968379528,1.108038401494594,-0.00044849922397796973,1.0013306971602136,-0.08875181795426501,1.1622791610592396,-0.011525510274497278,1.000167172875638,-0.2507014894074094,0.748338931357805
1,5f9644338fd1ffb661753079b4934480b3eeda0e0c9d645343ee506a34070007,c52014b8f05c192c,ACSEmployment,2018,b505147ac2879d972461,100000,100,16,PUMA,70,CA:PUMA:07504,70,1058,797,429,368,0.5382685069008782,0.4617314930991217,48925,51075,0.008768523249872253,0.007205090553108175,1.2169900135522427,1.3747296526482156,False,,False,0.95,False,True,False,True,0,0,132766,30181213ed668ac6a29e6c307660c811870ee7d9811983a9bde5b673b032434d,4f098505a266b8abffdec33b9d9eb61602b1fa0d94863d95369e873a476977bc,"[""IL:PUMA:03501"",""IL:PUMA:03504"",""OH:PUMA:05100"",""ME:PUMA:00700"",""TX:PUMA:05306"",""TN:PUMA:01604"",""ME:PUMA:00200"",""TX:PUMA:02311"",""FL:PUMA:03107"",""TX:PUMA:04619"",""TX:PUMA:02800"",""TX:PUMA:01100"",""GA:PUMA:02300"",""NY:PUMA:04013"",""AL:PUMA:01200"",""AZ:PUMA:00126"",""PA:PUMA:00900"",""OH:PUMA:04102"",""AZ:PUMA:00114"",""FL:PUMA:03102"",""MD:PUMA:00503"",""CA:PUMA:09501"",""OR:PUMA:01317"",""WI:PUMA:41003"",""OH:PUMA:05507"",""IN:PUMA:02100"",""CA:PUMA:00702"",""TX:PUMA:02700"",""OH:PUMA:04602"",""ID:PUMA:00200"",""PA:PUMA:01807"",""FL:PUMA:01500"",""GA:PUMA:03101"",""IN:PUMA:00104"",""GA:PUMA:02002"",""PA:PUMA:00600"",""AL:PUMA:00700"",""FL:PUMA:05703"",""MA:PUMA:03900"",""WV:PUMA:00200"",""NY:PUMA:00902"",""OH:PUMA:01803"",""OH:PUMA:01900"",""IL:PUMA:03419"",""NC:PUMA:01205"",""MA:PUMA:03305"",""MT:PUMA:00600"",""NC:PUMA:01203"",""NY:PUMA:02002"",""CA:PUMA:06505"",""TX:PUMA:04608"",""WV:PUMA:00600"",""WA:PUMA:11603"",""MA:PUMA:00504"",""TX:PUMA:03802"",""IN:PUMA:03500"",""NY:PUMA:02500"",""TX:PUMA:06603"",""CO:PUMA:00813"",""CO:PUMA:00814"",""MA:PUMA:00300"",""CT:PUMA:00904"",""IL:PUMA:02000"",""TX:PUMA:05308"",""AZ:PUMA:00102"",""MA:PUMA:03603"",""NY:PUMA:00300"",""WI:PUMA:10000"",""TX:PUMA:06302"",""NE:PUMA:00500"",""CA:PUMA:07504"",""CA:PUMA:06512"",""MA:PUMA:00507"",""CA:PUMA:03718"",""KY:PUMA:00500"",""PA:PUMA:03207"",""WV:PUMA:01200"",""PA:PUMA:04002"",""NC:PUMA:02400"",""MA:PUMA:01300"",""IL:PUMA:03523"",""CA:PUMA:00106"",""PA:PUMA:03208"",""TX:PUMA:02301"",""PA:PUMA:03503"",""NH:PUMA:00800"",""TX:PUMA:02503"",""IL:PUMA:03307"",""FL:PUMA:08302"",""CA:PUMA:04102"",""NH:PUMA:00900"",""NH:PUMA:00400"",""MO:PUMA:02100"",""FL:PUMA:07104"",""CA:PUMA:06506"",""FL:PUMA:10104"",""KY:PUMA:01901"",""AL:PUMA:01400"",""TX:PUMA:02006"",""FL:PUMA:01113""]",-0.036277888382465096,0.8371432208995219,0.4557440681223556,0.9955611344310165,0.17612644859946933,1.0167873291616598,0.11940320802644334,1.1403931532111233,0.1838754286719772,0.7737842737620737,-0.19302841553145356,0.6652930453644544,0.28825943637300866,1.2699346954625117,0.013167473872714299,1.0175632532580725,0.2162392557704808,0.8491655852648102,-0.034685575680920164,0.8748486827903079,0.28124251237456926,1.260300356726433,0.08192351863177515,0.7899213958691897,0.06166533277593533,0.7937280311482727,0.055985343956411554,0.9210344594902007,-0.0968212978025061,0.997271524557672,0.31367490121107783,1.2912166129109224
1,5f9644338fd1ffb661753079b4934480b3eeda0e0c9d645343ee506a34070007,c52014b8f05c192c,ACSEmployment,2018,b505147ac2879d972461,100000,100,16,PUMA,71,CA:PUMA:06512,71,943,710,360,350,0.5070422535211268,0.49295774647887325,48925,51075,0.007358201328564129,0.006852667645619187,1.0737718081611798,1.3747296526482156,False,,False,0.95,False,True,False,True,0,0,132766,30181213ed668ac6a29e6c307660c811870ee7d9811983a9bde5b673b032434d,4f098505a266b8abffdec33b9d9eb61602b1fa0d94863d95369e873a476977bc,"[""IL:PUMA:03501"",""IL:PUMA:03504"",""OH:PUMA:05100"",""ME:PUMA:00700"",""TX:PUMA:05306"",""TN:PUMA:01604"",""ME:PUMA:00200"",""TX:PUMA:02311"",""FL:PUMA:03107"",""TX:PUMA:04619"",""TX:PUMA:02800"",""TX:PUMA:01100"",""GA:PUMA:02300"",""NY:PUMA:04013"",""AL:PUMA:01200"",""AZ:PUMA:00126"",""PA:PUMA:00900"",""OH:PUMA:04102"",""AZ:PUMA:00114"",""FL:PUMA:03102"",""MD:PUMA:00503"",""CA:PUMA:09501"",""OR:PUMA:01317"",""WI:PUMA:41003"",""OH:PUMA:05507"",""IN:PUMA:02100"",""CA:PUMA:00702"",""TX:PUMA:02700"",""OH:PUMA:04602"",""ID:PUMA:00200"",""PA:PUMA:01807"",""FL:PUMA:01500"",""GA:PUMA:03101"",""IN:PUMA:00104"",""GA:PUMA:02002"",""PA:PUMA:00600"",""AL:PUMA:00700"",""FL:PUMA:05703"",""MA:PUMA:03900"",""WV:PUMA:00200"",""NY:PUMA:00902"",""OH:PUMA:01803"",""OH:PUMA:01900"",""IL:PUMA:03419"",""NC:PUMA:01205"",""MA:PUMA:03305"",""MT:PUMA:00600"",""NC:PUMA:01203"",""NY:PUMA:02002"",""CA:PUMA:06505"",""TX:PUMA:04608"",""WV:PUMA:00600"",""WA:PUMA:11603"",""MA:PUMA:00504"",""TX:PUMA:03802"",""IN:PUMA:03500"",""NY:PUMA:02500"",""TX:PUMA:06603"",""CO:PUMA:00813"",""CO:PUMA:00814"",""MA:PUMA:00300"",""CT:PUMA:00904"",""IL:PUMA:02000"",""TX:PUMA:05308"",""AZ:PUMA:00102"",""MA:PUMA:03603"",""NY:PUMA:00300"",""WI:PUMA:10000"",""TX:PUMA:06302"",""NE:PUMA:00500"",""CA:PUMA:07504"",""CA:PUMA:06512"",""MA:PUMA:00507"",""CA:PUMA:03718"",""KY:PUMA:00500"",""PA:PUMA:03207"",""WV:PUMA:01200"",""PA:PUMA:04002"",""NC:PUMA:02400"",""MA:PUMA:01300"",""IL:PUMA:03523"",""CA:PUMA:00106"",""PA:PUMA:03208"",""TX:PUMA:02301"",""PA:PUMA:03503"",""NH:PUMA:00800"",""TX:PUMA:02503"",""IL:PUMA:03307"",""FL:PUMA:08302"",""CA:PUMA:04102"",""NH:PUMA:00900"",""NH:PUMA:00400"",""MO:PUMA:02100"",""FL:PUMA:07104"",""CA:PUMA:06506"",""FL:PUMA:10104"",""KY:PUMA:01901"",""AL:PUMA:01400"",""TX:PUMA:02006"",""FL:PUMA:01113""]",-0.14280409135548078,0.9107505153091283,-0.004088396201554414,0.9729297902413047,0.01382293481510436,1.0217707786888728,-0.0892588760648715,0.7681279880587977,0.10783659471193156,0.8791335828237977,0.024221592613939975,0.9856572489662623,0.3364803028757084,1.276965477572155,-0.0515416413644464,0.930456961904482,-0.040043044079531825,1.0424856657681523,-0.11495150055650256,0.9365813933816695,0.369193968573616,1.3190449402857591,0.059054430334121194,0.8545724770660477,0.07561790267609868,0.7383988356986744,0.04622937498844165,0.933006307931025,-0.03435596415655113,1.0001061742931634,0.35828509537028735,1.3048907065969175
1,5f9644338fd1ffb661753079b4934480b3eeda0e0c9d645343ee506a34070007,c52014b8f05c192c,ACSEmployment,2018,b505147ac2879d972461,100000,100,16,PUMA,72,MA:PUMA:00507,72,1174,884,455,429,0.5147058823529411,0.4852941176470588,48925,51075,0.009299948901379662,0.00839941262848752,1.1072141961257953,1.3747296526482156,False,,False,0.95,False,True,False,True,0,0,132766,30181213ed668ac6a29e6c307660c811870ee7d9811983a9bde5b673b032434d,4f098505a266b8abffdec33b9d9eb61602b1fa0d94863d95369e873a476977bc,"[""IL:PUMA:03501"",""IL:PUMA:03504"",""OH:PUMA:05100"",""ME:PUMA:00700"",""TX:PUMA:05306"",""TN:PUMA:01604"",""ME:PUMA:00200"",""TX:PUMA:02311"",""FL:PUMA:03107"",""TX:PUMA:04619"",""TX:PUMA:02800"",""TX:PUMA:01100"",""GA:PUMA:02300"",""NY:PUMA:04013"",""AL:PUMA:01200"",""AZ:PUMA:00126"",""PA:PUMA:00900"",""OH:PUMA:04102"",""AZ:PUMA:00114"",""FL:PUMA:03102"",""MD:PUMA:00503"",""CA:PUMA:09501"",""OR:PUMA:01317"",""WI:PUMA:41003"",""OH:PUMA:05507"",""IN:PUMA:02100"",""CA:PUMA:00702"",""TX:PUMA:02700"",""OH:PUMA:04602"",""ID:PUMA:00200"",""PA:PUMA:01807"",""FL:PUMA:01500"",""GA:PUMA:03101"",""IN:PUMA:00104"",""GA:PUMA:02002"",""PA:PUMA:00600"",""AL:PUMA:00700"",""FL:PUMA:05703"",""MA:PUMA:03900"",""WV:PUMA:00200"",""NY:PUMA:00902"",""OH:PUMA:01803"",""OH:PUMA:01900"",""IL:PUMA:03419"",""NC:PUMA:01205"",""MA:PUMA:03305"",""MT:PUMA:00600"",""NC:PUMA:01203"",""NY:PUMA:02002"",""CA:PUMA:06505"",""TX:PUMA:04608"",""WV:PUMA:00600"",""WA:PUMA:11603"",""MA:PUMA:00504"",""TX:PUMA:03802"",""IN:PUMA:03500"",""NY:PUMA:02500"",""TX:PUMA:06603"",""CO:PUMA:00813"",""CO:PUMA:00814"",""MA:PUMA:00300"",""CT:PUMA:00904"",""IL:PUMA:02000"",""TX:PUMA:05308"",""AZ:PUMA:00102"",""MA:PUMA:03603"",""NY:PUMA:00300"",""WI:PUMA:10000"",""TX:PUMA:06302"",""NE:PUMA:00500"",""CA:PUMA:07504"",""CA:PUMA:06512"",""MA:PUMA:00507"",""CA:PUMA:03718"",""KY:PUMA:00500"",""PA:PUMA:03207"",""WV:PUMA:01200"",""PA:PUMA:04002"",""NC:PUMA:02400"",""MA:PUMA:01300"",""IL:PUMA:03523"",""CA:PUMA:00106"",""PA:PUMA:03208"",""TX:PUMA:02301"",""PA:PUMA:03503"",""NH:PUMA:00800"",""TX:PUMA:02503"",""IL:PUMA:03307"",""FL:PUMA:08302"",""CA:PUMA:04102"",""NH:PUMA:00900"",""NH:PUMA:00400"",""MO:PUMA:02100"",""FL:PUMA:07104"",""CA:PUMA:06506"",""FL:PUMA:10104"",""KY:PUMA:01901"",""AL:PUMA:01400"",""TX:PUMA:02006"",""FL:PUMA:01113""]",-0.14684118277754657,0.8646278102968666,0.2687961338560989,1.0013016280264526,0.3180834751066645,0.9853611522862926,0.32163091173810204,1.2814772020025387,0.09782739298027697,0.8915919982312012,-0.19612521913608882,0.7304464325297974,0.36425257907763453,1.3208522930056124,0.13920801652201625,1.0978394739576265,0.26108939609701115,0.7992325139534991,-0.008391823119682068,0.9727584091937039,0.3545473255305406,1.309854961881182,0.04450211625833218,0.8929743584617025,0.07881267340379584,0.7250983759575725,0.05554945202235938,0.923533850806541,-0.049686369828224296,0.9997726778690569,0.13219712218968943,1.1329701407095332
1,5f9644338fd1ffb661753079b4934480b3eeda0e0c9d645343ee506a34070007,c52014b8f05c192c,ACSEmployment,2018,b505147ac2879d972461,100000,100,16,PUMA,73,CA:PUMA:03718,73,1523,1147,521,626,0.45422842197035745,0.5457715780296426,48925,51075,0.010648952478283086,0.012256485560450317,1.1509569213916158,1.3747296526482156,False,,False,0.95,False,True,False,True,0,0,132766,30181213ed668ac6a29e6c307660c811870ee7d9811983a9bde5b673b032434d,4f098505a266b8abffdec33b9d9eb61602b1fa0d94863d95369e873a476977bc,"[""IL:PUMA:03501"",""IL:PUMA:03504"",""OH:PUMA:05100"",""ME:PUMA:00700"",""TX:PUMA:05306"",""TN:PUMA:01604"",""ME:PUMA:00200"",""TX:PUMA:02311"",""FL:PUMA:03107"",""TX:PUMA:04619"",""TX:PUMA:02800"",""TX:PUMA:01100"",""GA:PUMA:02300"",""NY:PUMA:04013"",""AL:PUMA:01200"",""AZ:PUMA:00126"",""PA:PUMA:00900"",""OH:PUMA:04102"",""AZ:PUMA:00114"",""FL:PUMA:03102"",""MD:PUMA:00503"",""CA:PUMA:09501"",""OR:PUMA:01317"",""WI:PUMA:41003"",""OH:PUMA:05507"",""IN:PUMA:02100"",""CA:PUMA:00702"",""TX:PUMA:02700"",""OH:PUMA:04602"",""ID:PUMA:00200"",""PA:PUMA:01807"",""FL:PUMA:01500"",""GA:PUMA:03101"",""IN:PUMA:00104"",""GA:PUMA:02002"",""PA:PUMA:00600"",""AL:PUMA:00700"",""FL:PUMA:05703"",""MA:PUMA:03900"",""WV:PUMA:00200"",""NY:PUMA:00902"",""OH:PUMA:01803"",""OH:PUMA:01900"",""IL:PUMA:03419"",""NC:PUMA:01205"",""MA:PUMA:03305"",""MT:PUMA:00600"",""NC:PUMA:01203"",""NY:PUMA:02002"",""CA:PUMA:06505"",""TX:PUMA:04608"",""WV:PUMA:00600"",""WA:PUMA:11603"",""MA:PUMA:00504"",""TX:PUMA:03802"",""IN:PUMA:03500"",""NY:PUMA:02500"",""TX:PUMA:06603"",""CO:PUMA:00813"",""CO:PUMA:00814"",""MA:PUMA:00300"",""CT:PUMA:00904"",""IL:PUMA:02000"",""TX:PUMA:05308"",""AZ:PUMA:00102"",""MA:PUMA:03603"",""NY:PUMA:00300"",""WI:PUMA:10000"",""TX:PUMA:06302"",""NE:PUMA:00500"",""CA:PUMA:07504"",""CA:PUMA:06512"",""MA:PUMA:00507"",""CA:PUMA:03718"",""KY:PUMA:00500"",""PA:PUMA:03207"",""WV:PUMA:01200"",""PA:PUMA:04002"",""NC:PUMA:02400"",""MA:PUMA:01300"",""IL:PUMA:03523"",""CA:PUMA:00106"",""PA:PUMA:03208"",""TX:PUMA:02301"",""PA:PUMA:03503"",""NH:PUMA:00800"",""TX:PUMA:02503"",""IL:PUMA:03307"",""FL:PUMA:08302"",""CA:PUMA:04102"",""NH:PUMA:00900"",""NH:PUMA:00400"",""MO:PUMA:02100"",""FL:PUMA:07104"",""CA:PUMA:06506"",""FL:PUMA:10104"",""KY:PUMA:01901"",""AL:PUMA:01400"",""TX:PUMA:02006"",""FL:PUMA:01113""]",0.03188444853539582,0.9697289453732628,0.197845873400718,1.0323080103185283,0.08415236004185406,1.0116682925843081,0.07125810438053241,1.0876779310967852,0.03732256390462497,0.9612613732009836,-0.07264889547168091,0.9004757399105351,0.4983041711396043,1.376853508166632,0.0337798180682629,0.9883046290891089,0.13586284647697378,0.9222866866337365,-0.26946618857849525,0.7887980988672686,0.4952779465575858,1.389284096644883,0.06567960368211602,0.8364217422579164,0.049148934737735454,0.840070543355856,0.01809879042982977,0.9638602361677184,0.0712933934150866,0.9960056338107921,0.6864480432885761,1.3978133475227288
1,5f9644338fd1ffb661753079b4934480b3eeda0e0c9d645343ee506a34070007,c52014b8f05c192c,ACSEmployment,2018,b505147ac2879d972461,100000,100,16,PUMA,74,KY:PUMA:00500,74,1013,763,363,400,0.47575360419397117,0.5242463958060288,48925,51075,0.00741951967296883,0.00783162016642193,1.0555427455707793,1.3747296526482156,False,,False,0.95,False,True,False,True,0,0,132766,30181213ed668ac6a29e6c307660c811870ee7d9811983a9bde5b673b032434d,4f098505a266b8abffdec33b9d9eb61602b1fa0d94863d95369e873a476977bc,"[""IL:PUMA:03501"",""IL:PUMA:03504"",""OH:PUMA:05100"",""ME:PUMA:00700"",""TX:PUMA:05306"",""TN:PUMA:01604"",""ME:PUMA:00200"",""TX:PUMA:02311"",""FL:PUMA:03107"",""TX:PUMA:04619"",""TX:PUMA:02800"",""TX:PUMA:01100"",""GA:PUMA:02300"",""NY:PUMA:04013"",""AL:PUMA:01200"",""AZ:PUMA:00126"",""PA:PUMA:00900"",""OH:PUMA:04102"",""AZ:PUMA:00114"",""FL:PUMA:03102"",""MD:PUMA:00503"",""CA:PUMA:09501"",""OR:PUMA:01317"",""WI:PUMA:41003"",""OH:PUMA:05507"",""IN:PUMA:02100"",""CA:PUMA:00702"",""TX:PUMA:02700"",""OH:PUMA:04602"",""ID:PUMA:00200"",""PA:PUMA:01807"",""FL:PUMA:01500"",""GA:PUMA:03101"",""IN:PUMA:00104"",""GA:PUMA:02002"",""PA:PUMA:00600"",""AL:PUMA:00700"",""FL:PUMA:05703"",""MA:PUMA:03900"",""WV:PUMA:00200"",""NY:PUMA:00902"",""OH:PUMA:01803"",""OH:PUMA:01900"",""IL:PUMA:03419"",""NC:PUMA:01205"",""MA:PUMA:03305"",""MT:PUMA:00600"",""NC:PUMA:01203"",""NY:PUMA:02002"",""CA:PUMA:06505"",""TX:PUMA:04608"",""WV:PUMA:00600"",""WA:PUMA:11603"",""MA:PUMA:00504"",""TX:PUMA:03802"",""IN:PUMA:03500"",""NY:PUMA:02500"",""TX:PUMA:06603"",""CO:PUMA:00813"",""CO:PUMA:00814"",""MA:PUMA:00300"",""CT:PUMA:00904"",""IL:PUMA:02000"",""TX:PUMA:05308"",""AZ:PUMA:00102"",""MA:PUMA:03603"",""NY:PUMA:00300"",""WI:PUMA:10000"",""TX:PUMA:06302"",""NE:PUMA:00500"",""CA:PUMA:07504"",""CA:PUMA:06512"",""MA:PUMA:00507"",""CA:PUMA:03718"",""KY:PUMA:00500"",""PA:PUMA:03207"",""WV:PUMA:01200"",""PA:PUMA:04002"",""NC:PUMA:02400"",""MA:PUMA:01300"",""IL:PUMA:03523"",""CA:PUMA:00106"",""PA:PUMA:03208"",""TX:PUMA:02301"",""PA:PUMA:03503"",""NH:PUMA:00800"",""TX:PUMA:02503"",""IL:PUMA:03307"",""FL:PUMA:08302"",""CA:PUMA:04102"",""NH:PUMA:00900"",""NH:PUMA:00400"",""MO:PUMA:02100"",""FL:PUMA:07104"",""CA:PUMA:06506"",""FL:PUMA:10104"",""KY:PUMA:01901"",""AL:PUMA:01400"",""TX:PUMA:02006"",""FL:PUMA:01113""]",-0.22322164660150537,0.980761468164606,-0.0945942011809582,1.0433938318253788,0.1724396855487438,0.9842790002240068,0.19943239116897818,1.2205021545957062,-0.04502122434185706,1.043044254635444,0.05205433682621345,1.0576709327897589,-0.09924909873462791,0.9171333851537828,0.20809545093076415,1.202929775966299,-0.07988317525521892,1.0603471823330257,0.09525328234559408,1.0673044494337556,-0.11705135846004669,0.8417295861328319,-0.059603432166421735,1.124784778062176,-0.0003767115685595814,1.0011178355968742,-0.04321936197967164,1.0773108161602305,0.028234187014750608,0.9990286771673051,-0.09635048709121294,0.9434528927716745
1,5f9644338fd1ffb661753079b4934480b3eeda0e0c9d645343ee506a34070007,c52014b8f05c192c,ACSEmployment,2018,b505147ac2879d972461,100000,100,16,PUMA,75,PA:PUMA:03207,75,509,383,169,214,0.4412532637075718,0.5587467362924282,48925,51075,0.0034542667347981604,0.004189916789035732,1.2129685142223265,1.3747296526482156,False,,False,0.95,False,True,False,True,0,0,132766,30181213ed668ac6a29e6c307660c811870ee7d9811983a9bde5b673b032434d,4f098505a266b8abffdec33b9d9eb61602b1fa0d94863d95369e873a476977bc,"[""IL:PUMA:03501"",""IL:PUMA:03504"",""OH:PUMA:05100"",""ME:PUMA:00700"",""TX:PUMA:05306"",""TN:PUMA:01604"",""ME:PUMA:00200"",""TX:PUMA:02311"",""FL:PUMA:03107"",""TX:PUMA:04619"",""TX:PUMA:02800"",""TX:PUMA:01100"",""GA:PUMA:02300"",""NY:PUMA:04013"",""AL:PUMA:01200"",""AZ:PUMA:00126"",""PA:PUMA:00900"",""OH:PUMA:04102"",""AZ:PUMA:00114"",""FL:PUMA:03102"",""MD:PUMA:00503"",""CA:PUMA:09501"",""OR:PUMA:01317"",""WI:PUMA:41003"",""OH:PUMA:05507"",""IN:PUMA:02100"",""CA:PUMA:00702"",""TX:PUMA:02700"",""OH:PUMA:04602"",""ID:PUMA:00200"",""PA:PUMA:01807"",""FL:PUMA:01500"",""GA:PUMA:03101"",""IN:PUMA:00104"",""GA:PUMA:02002"",""PA:PUMA:00600"",""AL:PUMA:00700"",""FL:PUMA:05703"",""MA:PUMA:03900"",""WV:PUMA:00200"",""NY:PUMA:00902"",""OH:PUMA:01803"",""OH:PUMA:01900"",""IL:PUMA:03419"",""NC:PUMA:01205"",""MA:PUMA:03305"",""MT:PUMA:00600"",""NC:PUMA:01203"",""NY:PUMA:02002"",""CA:PUMA:06505"",""TX:PUMA:04608"",""WV:PUMA:00600"",""WA:PUMA:11603"",""MA:PUMA:00504"",""TX:PUMA:03802"",""IN:PUMA:03500"",""NY:PUMA:02500"",""TX:PUMA:06603"",""CO:PUMA:00813"",""CO:PUMA:00814"",""MA:PUMA:00300"",""CT:PUMA:00904"",""IL:PUMA:02000"",""TX:PUMA:05308"",""AZ:PUMA:00102"",""MA:PUMA:03603"",""NY:PUMA:00300"",""WI:PUMA:10000"",""TX:PUMA:06302"",""NE:PUMA:00500"",""CA:PUMA:07504"",""CA:PUMA:06512"",""MA:PUMA:00507"",""CA:PUMA:03718"",""KY:PUMA:00500"",""PA:PUMA:03207"",""WV:PUMA:01200"",""PA:PUMA:04002"",""NC:PUMA:02400"",""MA:PUMA:01300"",""IL:PUMA:03523"",""CA:PUMA:00106"",""PA:PUMA:03208"",""TX:PUMA:02301"",""PA:PUMA:03503"",""NH:PUMA:00800"",""TX:PUMA:02503"",""IL:PUMA:03307"",""FL:PUMA:08302"",""CA:PUMA:04102"",""NH:PUMA:00900"",""NH:PUMA:00400"",""MO:PUMA:02100"",""FL:PUMA:07104"",""CA:PUMA:06506"",""FL:PUMA:10104"",""KY:PUMA:01901"",""AL:PUMA:01400"",""TX:PUMA:02006"",""FL:PUMA:01113""]",-0.2314847404843806,0.9723843429501118,-0.034859688948512546,0.9011693599794971,0.5960673984855709,0.8326025638173011,0.5590604525595461,1.4635024927456393,-0.24991446599354328,1.198732534134318,0.14715856634609856,1.3802193482670553,-0.19014304392198955,0.707396515829304,0.5571443727268058,1.3550311464661091,0.09975543176148027,0.9424302020329656,-0.0029892527202054213,1.0659135978763086,-0.20310835483074516,0.6904515252271279,0.08310293582760181,0.7864250391805258,-0.08153687330951696,1.2155451555860037,-0.10486282267007327,1.033020859645996,0.09724903977897591,0.993277618499668,0.17679116127279607,0.8581956601675668
1,5f9644338fd1ffb661753079b4934480b3eeda0e0c9d645343ee506a34070007,c52014b8f05c192c,ACSEmployment,2018,b505147ac2879d972461,100000,100,16,PUMA,76,WV:PUMA:01200,76,1594,1201,592,609,0.4929225645295587,0.5070774354704413,48925,51075,0.012100153295861012,0.011923641703377386,1.014803496857309,1.3747296526482156,False,,False,0.95,False,True,False,True,0,0,132766,30181213ed668ac6a29e6c307660c811870ee7d9811983a9bde5b673b032434d,4f098505a266b8abffdec33b9d9eb61602b1fa0d94863d95369e873a476977bc,"[""IL:PUMA:03501"",""IL:PUMA:03504"",""OH:PUMA:05100"",""ME:PUMA:00700"",""TX:PUMA:05306"",""TN:PUMA:01604"",""ME:PUMA:00200"",""TX:PUMA:02311"",""FL:PUMA:03107"",""TX:PUMA:04619"",""TX:PUMA:02800"",""TX:PUMA:01100"",""GA:PUMA:02300"",""NY:PUMA:04013"",""AL:PUMA:01200"",""AZ:PUMA:00126"",""PA:PUMA:00900"",""OH:PUMA:04102"",""AZ:PUMA:00114"",""FL:PUMA:03102"",""MD:PUMA:00503"",""CA:PUMA:09501"",""OR:PUMA:01317"",""WI:PUMA:41003"",""OH:PUMA:05507"",""IN:PUMA:02100"",""CA:PUMA:00702"",""TX:PUMA:02700"",""OH:PUMA:04602"",""ID:PUMA:00200"",""PA:PUMA:01807"",""FL:PUMA:01500"",""GA:PUMA:03101"",""IN:PUMA:00104"",""GA:PUMA:02002"",""PA:PUMA:00600"",""AL:PUMA:00700"",""FL:PUMA:05703"",""MA:PUMA:03900"",""WV:PUMA:00200"",""NY:PUMA:00902"",""OH:PUMA:01803"",""OH:PUMA:01900"",""IL:PUMA:03419"",""NC:PUMA:01205"",""MA:PUMA:03305"",""MT:PUMA:00600"",""NC:PUMA:01203"",""NY:PUMA:02002"",""CA:PUMA:06505"",""TX:PUMA:04608"",""WV:PUMA:00600"",""WA:PUMA:11603"",""MA:PUMA:00504"",""TX:PUMA:03802"",""IN:PUMA:03500"",""NY:PUMA:02500"",""TX:PUMA:06603"",""CO:PUMA:00813"",""CO:PUMA:00814"",""MA:PUMA:00300"",""CT:PUMA:00904"",""IL:PUMA:02000"",""TX:PUMA:05308"",""AZ:PUMA:00102"",""MA:PUMA:03603"",""NY:PUMA:00300"",""WI:PUMA:10000"",""TX:PUMA:06302"",""NE:PUMA:00500"",""CA:PUMA:07504"",""CA:PUMA:06512"",""MA:PUMA:00507"",""CA:PUMA:03718"",""KY:PUMA:00500"",""PA:PUMA:03207"",""WV:PUMA:01200"",""PA:PUMA:04002"",""NC:PUMA:02400"",""MA:PUMA:01300"",""IL:PUMA:03523"",""CA:PUMA:00106"",""PA:PUMA:03208"",""TX:PUMA:02301"",""PA:PUMA:03503"",""NH:PUMA:00800"",""TX:PUMA:02503"",""IL:PUMA:03307"",""FL:PUMA:08302"",""CA:PUMA:04102"",""NH:PUMA:00900"",""NH:PUMA:00400"",""MO:PUMA:02100"",""FL:PUMA:07104"",""CA:PUMA:06506"",""FL:PUMA:10104"",""KY:PUMA:01901"",""AL:PUMA:01400"",""TX:PUMA:02006"",""FL:PUMA:01113""]",0.06818530498891476,1.0061467506938189,-0.09880611972976006,0.9246541555558847,-0.06448398629995189,0.963660663428149,0.05043832797501978,1.0772549150195379,-0.3600403769310762,1.2608957635234157,-0.019855947521133555,0.9994422724828547,-0.3591246721956031,0.21651106657353122,0.05124337582710184,1.0278264818995757,0.0024858317774673552,0.9895904280383606,0.43820041550194133,1.1487659986266454,-0.34708628935647934,0.23625000857201653,-0.21108725572171794,1.3809516259475918,-0.26917393747920537,1.5893416789658283,-0.05307876190034521,0.9910116396643633,-0.006110786193340373,1.0001051804736771,-0.32885374577931986,0.4805295708153149
1,5f9644338fd1ffb661753079b4934480b3eeda0e0c9d645343ee506a34070007,c52014b8f05c192c,ACSEmployment,2018,b505147ac2879d972461,100000,100,16,PUMA,77,PA:PUMA:04002,77,1431,1078,525,553,0.487012987012987,0.512987012987013,48925,51075,0.010730710270822688,0.010827214880078316,1.0089933104911077,1.3747296526482156,False,,False,0.95,False,True,False,True,0,0,132766,30181213ed668ac6a29e6c307660c811870ee7d9811983a9bde5b673b032434d,4f098505a266b8abffdec33b9d9eb61602b1fa0d94863d95369e873a476977bc,"[""IL:PUMA:03501"",""IL:PUMA:03504"",""OH:PUMA:05100"",""ME:PUMA:00700"",""TX:PUMA:05306"",""TN:PUMA:01604"",""ME:PUMA:00200"",""TX:PUMA:02311"",""FL:PUMA:03107"",""TX:PUMA:04619"",""TX:PUMA:02800"",""TX:PUMA:01100"",""GA:PUMA:02300"",""NY:PUMA:04013"",""AL:PUMA:01200"",""AZ:PUMA:00126"",""PA:PUMA:00900"",""OH:PUMA:04102"",""AZ:PUMA:00114"",""FL:PUMA:03102"",""MD:PUMA:00503"",""CA:PUMA:09501"",""OR:PUMA:01317"",""WI:PUMA:41003"",""OH:PUMA:05507"",""IN:PUMA:02100"",""CA:PUMA:00702"",""TX:PUMA:02700"",""OH:PUMA:04602"",""ID:PUMA:00200"",""PA:PUMA:01807"",""FL:PUMA:01500"",""GA:PUMA:03101"",""IN:PUMA:00104"",""GA:PUMA:02002"",""PA:PUMA:00600"",""AL:PUMA:00700"",""FL:PUMA:05703"",""MA:PUMA:03900"",""WV:PUMA:00200"",""NY:PUMA:00902"",""OH:PUMA:01803"",""OH:PUMA:01900"",""IL:PUMA:03419"",""NC:PUMA:01205"",""MA:PUMA:03305"",""MT:PUMA:00600"",""NC:PUMA:01203"",""NY:PUMA:02002"",""CA:PUMA:06505"",""TX:PUMA:04608"",""WV:PUMA:00600"",""WA:PUMA:11603"",""MA:PUMA:00504"",""TX:PUMA:03802"",""IN:PUMA:03500"",""NY:PUMA:02500"",""TX:PUMA:06603"",""CO:PUMA:00813"",""CO:PUMA:00814"",""MA:PUMA:00300"",""CT:PUMA:00904"",""IL:PUMA:02000"",""TX:PUMA:05308"",""AZ:PUMA:00102"",""MA:PUMA:03603"",""NY:PUMA:00300"",""WI:PUMA:10000"",""TX:PUMA:06302"",""NE:PUMA:00500"",""CA:PUMA:07504"",""CA:PUMA:06512"",""MA:PUMA:00507"",""CA:PUMA:03718"",""KY:PUMA:00500"",""PA:PUMA:03207"",""WV:PUMA:01200"",""PA:PUMA:04002"",""NC:PUMA:02400"",""MA:PUMA:01300"",""IL:PUMA:03523"",""CA:PUMA:00106"",""PA:PUMA:03208"",""TX:PUMA:02301"",""PA:PUMA:03503"",""NH:PUMA:00800"",""TX:PUMA:02503"",""IL:PUMA:03307"",""FL:PUMA:08302"",""CA:PUMA:04102"",""NH:PUMA:00900"",""NH:PUMA:00400"",""MO:PUMA:02100"",""FL:PUMA:07104"",""CA:PUMA:06506"",""FL:PUMA:10104"",""KY:PUMA:01901"",""AL:PUMA:01400"",""TX:PUMA:02006"",""FL:PUMA:01113""]",0.1568455596713302,1.000656758046673,-0.006302250517223833,0.886460466815099,-0.10305647795578489,0.985299374320526,-0.03542960350936782,1.0216291621889908,-0.11532861082252228,1.1032526478952642,-0.08651461458625477,0.9331841063845759,-0.34459169698037945,0.31821542199118963,-0.01873602365290622,0.9331619881645621,0.10962538235469708,0.9030109804649609,0.20512835173677949,0.9909863118665209,-0.3335062257881327,0.3119057983375612,-0.039750823921273507,1.085180775620264,-0.10351301057023538,1.2664858314514722,0.026950389295340133,0.9165025905249569,0.005710796331787241,0.9998679350350057,-0.34978411122368247,0.4635245496755431
1,5f9644338fd1ffb661753079b4934480b3eeda0e0c9d645343ee506a34070007,c52014b8f05c192c,ACSEmployment,2018,b505147ac2879d972461,100000,100,16,PUMA,78,NC:PUMA:02400,78,1195,900,427,473,0.47444444444444445,0.5255555555555556,48925,51075,0.008727644353602453,0.009260890846793931,1.0610985589681337,1.3747296526482156,False,,False,0.95,False,True,False,True,0,0,132766,30181213ed668ac6a29e6c307660c811870ee7d9811983a9bde5b673b032434d,4f098505a266b8abffdec33b9d9eb61602b1fa0d94863d95369e873a476977bc,"[""IL:PUMA:03501"",""IL:PUMA:03504"",""OH:PUMA:05100"",""ME:PUMA:00700"",""TX:PUMA:05306"",""TN:PUMA:01604"",""ME:PUMA:00200"",""TX:PUMA:02311"",""FL:PUMA:03107"",""TX:PUMA:04619"",""TX:PUMA:02800"",""TX:PUMA:01100"",""GA:PUMA:02300"",""NY:PUMA:04013"",""AL:PUMA:01200"",""AZ:PUMA:00126"",""PA:PUMA:00900"",""OH:PUMA:04102"",""AZ:PUMA:00114"",""FL:PUMA:03102"",""MD:PUMA:00503"",""CA:PUMA:09501"",""OR:PUMA:01317"",""WI:PUMA:41003"",""OH:PUMA:05507"",""IN:PUMA:02100"",""CA:PUMA:00702"",""TX:PUMA:02700"",""OH:PUMA:04602"",""ID:PUMA:00200"",""PA:PUMA:01807"",""FL:PUMA:01500"",""GA:PUMA:03101"",""IN:PUMA:00104"",""GA:PUMA:02002"",""PA:PUMA:00600"",""AL:PUMA:00700"",""FL:PUMA:05703"",""MA:PUMA:03900"",""WV:PUMA:00200"",""NY:PUMA:00902"",""OH:PUMA:01803"",""OH:PUMA:01900"",""IL:PUMA:03419"",""NC:PUMA:01205"",""MA:PUMA:03305"",""MT:PUMA:00600"",""NC:PUMA:01203"",""NY:PUMA:02002"",""CA:PUMA:06505"",""TX:PUMA:04608"",""WV:PUMA:00600"",""WA:PUMA:11603"",""MA:PUMA:00504"",""TX:PUMA:03802"",""IN:PUMA:03500"",""NY:PUMA:02500"",""TX:PUMA:06603"",""CO:PUMA:00813"",""CO:PUMA:00814"",""MA:PUMA:00300"",""CT:PUMA:00904"",""IL:PUMA:02000"",""TX:PUMA:05308"",""AZ:PUMA:00102"",""MA:PUMA:03603"",""NY:PUMA:00300"",""WI:PUMA:10000"",""TX:PUMA:06302"",""NE:PUMA:00500"",""CA:PUMA:07504"",""CA:PUMA:06512"",""MA:PUMA:00507"",""CA:PUMA:03718"",""KY:PUMA:00500"",""PA:PUMA:03207"",""WV:PUMA:01200"",""PA:PUMA:04002"",""NC:PUMA:02400"",""MA:PUMA:01300"",""IL:PUMA:03523"",""CA:PUMA:00106"",""PA:PUMA:03208"",""TX:PUMA:02301"",""PA:PUMA:03503"",""NH:PUMA:00800"",""TX:PUMA:02503"",""IL:PUMA:03307"",""FL:PUMA:08302"",""CA:PUMA:04102"",""NH:PUMA:00900"",""NH:PUMA:00400"",""MO:PUMA:02100"",""FL:PUMA:07104"",""CA:PUMA:06506"",""FL:PUMA:10104"",""KY:PUMA:01901"",""AL:PUMA:01400"",""TX:PUMA:02006"",""FL:PUMA:01113""]",0.25775946623581575,1.0236700014372118,0.14361225181496307,0.8825235335123268,-0.17206076696670414,0.9583048411183487,0.03780383686043699,1.134247986585497,-0.1447144141895259,1.126165171655832,-0.15934782337668832,0.7691179075694164,-0.23883123330766137,0.6455519087785137,0.07687615167119001,1.0891792409695211,0.1224568232846147,0.8607951758096419,0.05319866069646119,1.0184921566254148,-0.23758362989154747,0.6162081065405257,-0.12787383308882758,1.249041980546671,-0.1076594381995232,1.275826744315804,0.040462111319853424,0.91825891821625,0.03085304428063881,0.9988980908098829,-0.2538609747130364,0.7185388073526173
1,5f9644338fd1ffb661753079b4934480b3eeda0e0c9d645343ee506a34070007,c52014b8f05c192c,ACSEmployment,2018,b505147ac2879d972461,100000,100,16,PUMA,79,MA:PUMA:01300,79,1324,997,494,503,0.4954864593781344,0.5045135406218656,48925,51075,0.010097087378640776,0.009848262359275575,1.0252658804454824,1.3747296526482156,False,,False,0.95,False,True,False,True,0,0,132766,30181213ed668ac6a29e6c307660c811870ee7d9811983a9bde5b673b032434d,4f098505a266b8abffdec33b9d9eb61602b1fa0d94863d95369e873a476977bc,"[""IL:PUMA:03501"",""IL:PUMA:03504"",""OH:PUMA:05100"",""ME:PUMA:00700"",""TX:PUMA:05306"",""TN:PUMA:01604"",""ME:PUMA:00200"",""TX:PUMA:02311"",""FL:PUMA:03107"",""TX:PUMA:04619"",""TX:PUMA:02800"",""TX:PUMA:01100"",""GA:PUMA:02300"",""NY:PUMA:04013"",""AL:PUMA:01200"",""AZ:PUMA:00126"",""PA:PUMA:00900"",""OH:PUMA:04102"",""AZ:PUMA:00114"",""FL:PUMA:03102"",""MD:PUMA:00503"",""CA:PUMA:09501"",""OR:PUMA:01317"",""WI:PUMA:41003"",""OH:PUMA:05507"",""IN:PUMA:02100"",""CA:PUMA:00702"",""TX:PUMA:02700"",""OH:PUMA:04602"",""ID:PUMA:00200"",""PA:PUMA:01807"",""FL:PUMA:01500"",""GA:PUMA:03101"",""IN:PUMA:00104"",""GA:PUMA:02002"",""PA:PUMA:00600"",""AL:PUMA:00700"",""FL:PUMA:05703"",""MA:PUMA:03900"",""WV:PUMA:00200"",""NY:PUMA:00902"",""OH:PUMA:01803"",""OH:PUMA:01900"",""IL:PUMA:03419"",""NC:PUMA:01205"",""MA:PUMA:03305"",""MT:PUMA:00600"",""NC:PUMA:01203"",""NY:PUMA:02002"",""CA:PUMA:06505"",""TX:PUMA:04608"",""WV:PUMA:00600"",""WA:PUMA:11603"",""MA:PUMA:00504"",""TX:PUMA:03802"",""IN:PUMA:03500"",""NY:PUMA:02500"",""TX:PUMA:06603"",""CO:PUMA:00813"",""CO:PUMA:00814"",""MA:PUMA:00300"",""CT:PUMA:00904"",""IL:PUMA:02000"",""TX:PUMA:05308"",""AZ:PUMA:00102"",""MA:PUMA:03603"",""NY:PUMA:00300"",""WI:PUMA:10000"",""TX:PUMA:06302"",""NE:PUMA:00500"",""CA:PUMA:07504"",""CA:PUMA:06512"",""MA:PUMA:00507"",""CA:PUMA:03718"",""KY:PUMA:00500"",""PA:PUMA:03207"",""WV:PUMA:01200"",""PA:PUMA:04002"",""NC:PUMA:02400"",""MA:PUMA:01300"",""IL:PUMA:03523"",""CA:PUMA:00106"",""PA:PUMA:03208"",""TX:PUMA:02301"",""PA:PUMA:03503"",""NH:PUMA:00800"",""TX:PUMA:02503"",""IL:PUMA:03307"",""FL:PUMA:08302"",""CA:PUMA:04102"",""NH:PUMA:00900"",""NH:PUMA:00400"",""MO:PUMA:02100"",""FL:PUMA:07104"",""CA:PUMA:06506"",""FL:PUMA:10104"",""KY:PUMA:01901"",""AL:PUMA:01400"",""TX:PUMA:02006"",""FL:PUMA:01113""]",0.0006020211889009088,0.9612035448541154,0.14759814929330525,0.9954352813527665,-0.0770527938514315,1.0091673940514625,-0.024335702763075662,0.9802555733772284,0.07416283692062905,0.9199437281780248,-0.08571320890111274,0.7930609089233305,0.015546190746477558,0.9986277159593079,-0.11237900680793866,0.8397394075590378,0.028479040564400704,0.9867646936188841,0.05198750922142781,0.9459049294112497,0.023940021413448087,1.0277364215588451,0.014005562170442805,0.967815329986547,0.025603478539455996,0.9204894639783805,0.026468708349220965,0.9391480369171055,-0.011239629068011929,1.0001646329581346,-0.11151992304883895,0.865246176662962
1,5f9644338fd1ffb661753079b4934480b3eeda0e0c9d645343ee506a34070007,c52014b8f05c192c,ACSEmployment,2018,b505147ac2879d972461,100000,100,16,PUMA,80,IL:PUMA:03523,80,1257,947,487,460,0.5142555438225976,0.4857444561774023,48925,51075,0.009954011241696474,0.009006363191385218,1.1052198351514073,1.3747296526482156,False,,False,0.95,False,True,False,True,0,0,132766,30181213ed668ac6a29e6c307660c811870ee7d9811983a9bde5b673b032434d,4f098505a266b8abffdec33b9d9eb61602b1fa0d94863d95369e873a476977bc,"[""IL:PUMA:03501"",""IL:PUMA:03504"",""OH:PUMA:05100"",""ME:PUMA:00700"",""TX:PUMA:05306"",""TN:PUMA:01604"",""ME:PUMA:00200"",""TX:PUMA:02311"",""FL:PUMA:03107"",""TX:PUMA:04619"",""TX:PUMA:02800"",""TX:PUMA:01100"",""GA:PUMA:02300"",""NY:PUMA:04013"",""AL:PUMA:01200"",""AZ:PUMA:00126"",""PA:PUMA:00900"",""OH:PUMA:04102"",""AZ:PUMA:00114"",""FL:PUMA:03102"",""MD:PUMA:00503"",""CA:PUMA:09501"",""OR:PUMA:01317"",""WI:PUMA:41003"",""OH:PUMA:05507"",""IN:PUMA:02100"",""CA:PUMA:00702"",""TX:PUMA:02700"",""OH:PUMA:04602"",""ID:PUMA:00200"",""PA:PUMA:01807"",""FL:PUMA:01500"",""GA:PUMA:03101"",""IN:PUMA:00104"",""GA:PUMA:02002"",""PA:PUMA:00600"",""AL:PUMA:00700"",""FL:PUMA:05703"",""MA:PUMA:03900"",""WV:PUMA:00200"",""NY:PUMA:00902"",""OH:PUMA:01803"",""OH:PUMA:01900"",""IL:PUMA:03419"",""NC:PUMA:01205"",""MA:PUMA:03305"",""MT:PUMA:00600"",""NC:PUMA:01203"",""NY:PUMA:02002"",""CA:PUMA:06505"",""TX:PUMA:04608"",""WV:PUMA:00600"",""WA:PUMA:11603"",""MA:PUMA:00504"",""TX:PUMA:03802"",""IN:PUMA:03500"",""NY:PUMA:02500"",""TX:PUMA:06603"",""CO:PUMA:00813"",""CO:PUMA:00814"",""MA:PUMA:00300"",""CT:PUMA:00904"",""IL:PUMA:02000"",""TX:PUMA:05308"",""AZ:PUMA:00102"",""MA:PUMA:03603"",""NY:PUMA:00300"",""WI:PUMA:10000"",""TX:PUMA:06302"",""NE:PUMA:00500"",""CA:PUMA:07504"",""CA:PUMA:06512"",""MA:PUMA:00507"",""CA:PUMA:03718"",""KY:PUMA:00500"",""PA:PUMA:03207"",""WV:PUMA:01200"",""PA:PUMA:04002"",""NC:PUMA:02400"",""MA:PUMA:01300"",""IL:PUMA:03523"",""CA:PUMA:00106"",""PA:PUMA:03208"",""TX:PUMA:02301"",""PA:PUMA:03503"",""NH:PUMA:00800"",""TX:PUMA:02503"",""IL:PUMA:03307"",""FL:PUMA:08302"",""CA:PUMA:04102"",""NH:PUMA:00900"",""NH:PUMA:00400"",""MO:PUMA:02100"",""FL:PUMA:07104"",""CA:PUMA:06506"",""FL:PUMA:10104"",""KY:PUMA:01901"",""AL:PUMA:01400"",""TX:PUMA:02006"",""FL:PUMA:01113""]",-0.10617814851745914,0.9196241744507865,-0.21632813516646265,0.9189249247167985,0.48401248977074407,0.9028863250605559,0.37240600559397546,1.2954672147741677,-0.1139771076059525,1.1021685597622726,0.15319700765198685,1.354605406535383,0.2077198162178871,1.222168735701489,0.048560141859722745,1.0224354644080553,0.12050040134468261,0.9440953211121857,-0.21020252201473225,1.0078215150581782,0.1821304627686821,1.182821513103213,0.0712596804874678,0.8207814024167506,-0.0809494779705882,1.2141487892927176,0.02109710326927623,0.8834970216623674,-0.0487855077808512,0.9997987790700588,0.3219177319696399,1.1154554622414077
1,5f9644338fd1ffb661753079b4934480b3eeda0e0c9d645343ee506a34070007,c52014b8f05c192c,ACSEmployment,2018,b505147ac2879d972461,100000,100,16,PUMA,81,CA:PUMA:00106,81,1450,1092,514,578,0.4706959706959707,0.5293040293040293,48925,51075,0.010505876341338784,0.011316691140479687,1.077177264684764,1.3747296526482156,False,,False,0.95,False,True,False,True,0,0,132766,30181213ed668ac6a29e6c307660c811870ee7d9811983a9bde5b673b032434d,4f098505a266b8abffdec33b9d9eb61602b1fa0d94863d95369e873a476977bc,"[""IL:PUMA:03501"",""IL:PUMA:03504"",""OH:PUMA:05100"",""ME:PUMA:00700"",""TX:PUMA:05306"",""TN:PUMA:01604"",""ME:PUMA:00200"",""TX:PUMA:02311"",""FL:PUMA:03107"",""TX:PUMA:04619"",""TX:PUMA:02800"",""TX:PUMA:01100"",""GA:PUMA:02300"",""NY:PUMA:04013"",""AL:PUMA:01200"",""AZ:PUMA:00126"",""PA:PUMA:00900"",""OH:PUMA:04102"",""AZ:PUMA:00114"",""FL:PUMA:03102"",""MD:PUMA:00503"",""CA:PUMA:09501"",""OR:PUMA:01317"",""WI:PUMA:41003"",""OH:PUMA:05507"",""IN:PUMA:02100"",""CA:PUMA:00702"",""TX:PUMA:02700"",""OH:PUMA:04602"",""ID:PUMA:00200"",""PA:PUMA:01807"",""FL:PUMA:01500"",""GA:PUMA:03101"",""IN:PUMA:00104"",""GA:PUMA:02002"",""PA:PUMA:00600"",""AL:PUMA:00700"",""FL:PUMA:05703"",""MA:PUMA:03900"",""WV:PUMA:00200"",""NY:PUMA:00902"",""OH:PUMA:01803"",""OH:PUMA:01900"",""IL:PUMA:03419"",""NC:PUMA:01205"",""MA:PUMA:03305"",""MT:PUMA:00600"",""NC:PUMA:01203"",""NY:PUMA:02002"",""CA:PUMA:06505"",""TX:PUMA:04608"",""WV:PUMA:00600"",""WA:PUMA:11603"",""MA:PUMA:00504"",""TX:PUMA:03802"",""IN:PUMA:03500"",""NY:PUMA:02500"",""TX:PUMA:06603"",""CO:PUMA:00813"",""CO:PUMA:00814"",""MA:PUMA:00300"",""CT:PUMA:00904"",""IL:PUMA:02000"",""TX:PUMA:05308"",""AZ:PUMA:00102"",""MA:PUMA:03603"",""NY:PUMA:00300"",""WI:PUMA:10000"",""TX:PUMA:06302"",""NE:PUMA:00500"",""CA:PUMA:07504"",""CA:PUMA:06512"",""MA:PUMA:00507"",""CA:PUMA:03718"",""KY:PUMA:00500"",""PA:PUMA:03207"",""WV:PUMA:01200"",""PA:PUMA:04002"",""NC:PUMA:02400"",""MA:PUMA:01300"",""IL:PUMA:03523"",""CA:PUMA:00106"",""PA:PUMA:03208"",""TX:PUMA:02301"",""PA:PUMA:03503"",""NH:PUMA:00800"",""TX:PUMA:02503"",""IL:PUMA:03307"",""FL:PUMA:08302"",""CA:PUMA:04102"",""NH:PUMA:00900"",""NH:PUMA:00400"",""MO:PUMA:02100"",""FL:PUMA:07104"",""CA:PUMA:06506"",""FL:PUMA:10104"",""KY:PUMA:01901"",""AL:PUMA:01400"",""TX:PUMA:02006"",""FL:PUMA:01113""]",-0.014398271612708798,0.9659181376684809,-0.04968507375278329,1.0490473816741817,0.04700670738908401,1.0076708060168118,0.10078417262468858,1.036556773748103,-0.010151949090319868,1.0100416327533235,-0.016851905494233724,0.9336185739097057,0.5667153536172165,1.3951934293288248,-0.01766954065953659,0.9320550884244636,0.026188945594148482,1.0022003416378034,-0.11867002376520092,0.942696813883692,0.5812474646924938,1.428841393642152,0.06283282351362701,0.8442751416423178,0.037632459053632744,0.8804018020614128,-0.02842666111920118,1.0049581165120103,0.03835153154755338,0.9984861035836016,0.871157452231137,1.401838363031246
1,5f9644338fd1ffb661753079b4934480b3eeda0e0c9d645343ee506a34070007,c52014b8f05c192c,ACSEmployment,2018,b505147ac2879d972461,100000,100,16,PUMA,82,PA:PUMA:03208,82,775,584,255,329,0.4366438356164384,0.5633561643835616,48925,51075,0.005212059274399591,0.006441507586882036,1.2358853281890336,1.3747296526482156,False,,False,0.95,False,True,False,True,0,0,132766,30181213ed668ac6a29e6c307660c811870ee7d9811983a9bde5b673b032434d,4f098505a266b8abffdec33b9d9eb61602b1fa0d94863d95369e873a476977bc,"[""IL:PUMA:03501"",""IL:PUMA:03504"",""OH:PUMA:05100"",""ME:PUMA:00700"",""TX:PUMA:05306"",""TN:PUMA:01604"",""ME:PUMA:00200"",""TX:PUMA:02311"",""FL:PUMA:03107"",""TX:PUMA:04619"",""TX:PUMA:02800"",""TX:PUMA:01100"",""GA:PUMA:02300"",""NY:PUMA:04013"",""AL:PUMA:01200"",""AZ:PUMA:00126"",""PA:PUMA:00900"",""OH:PUMA:04102"",""AZ:PUMA:00114"",""FL:PUMA:03102"",""MD:PUMA:00503"",""CA:PUMA:09501"",""OR:PUMA:01317"",""WI:PUMA:41003"",""OH:PUMA:05507"",""IN:PUMA:02100"",""CA:PUMA:00702"",""TX:PUMA:02700"",""OH:PUMA:04602"",""ID:PUMA:00200"",""PA:PUMA:01807"",""FL:PUMA:01500"",""GA:PUMA:03101"",""IN:PUMA:00104"",""GA:PUMA:02002"",""PA:PUMA:00600"",""AL:PUMA:00700"",""FL:PUMA:05703"",""MA:PUMA:03900"",""WV:PUMA:00200"",""NY:PUMA:00902"",""OH:PUMA:01803"",""OH:PUMA:01900"",""IL:PUMA:03419"",""NC:PUMA:01205"",""MA:PUMA:03305"",""MT:PUMA:00600"",""NC:PUMA:01203"",""NY:PUMA:02002"",""CA:PUMA:06505"",""TX:PUMA:04608"",""WV:PUMA:00600"",""WA:PUMA:11603"",""MA:PUMA:00504"",""TX:PUMA:03802"",""IN:PUMA:03500"",""NY:PUMA:02500"",""TX:PUMA:06603"",""CO:PUMA:00813"",""CO:PUMA:00814"",""MA:PUMA:00300"",""CT:PUMA:00904"",""IL:PUMA:02000"",""TX:PUMA:05308"",""AZ:PUMA:00102"",""MA:PUMA:03603"",""NY:PUMA:00300"",""WI:PUMA:10000"",""TX:PUMA:06302"",""NE:PUMA:00500"",""CA:PUMA:07504"",""CA:PUMA:06512"",""MA:PUMA:00507"",""CA:PUMA:03718"",""KY:PUMA:00500"",""PA:PUMA:03207"",""WV:PUMA:01200"",""PA:PUMA:04002"",""NC:PUMA:02400"",""MA:PUMA:01300"",""IL:PUMA:03523"",""CA:PUMA:00106"",""PA:PUMA:03208"",""TX:PUMA:02301"",""PA:PUMA:03503"",""NH:PUMA:00800"",""TX:PUMA:02503"",""IL:PUMA:03307"",""FL:PUMA:08302"",""CA:PUMA:04102"",""NH:PUMA:00900"",""NH:PUMA:00400"",""MO:PUMA:02100"",""FL:PUMA:07104"",""CA:PUMA:06506"",""FL:PUMA:10104"",""KY:PUMA:01901"",""AL:PUMA:01400"",""TX:PUMA:02006"",""FL:PUMA:01113""]",-0.09366549454692825,1.0351361978260156,-0.03439793939482256,0.9865618813861827,0.4506528273555642,0.8973278827359594,0.4683386915041745,1.4412825943807932,-0.1664890624740597,1.1423594211006185,0.053005692519614116,1.2253228859595648,-0.002948476599428494,1.0012590617720931,0.23541076949537112,1.2394643487134602,0.079301702865739,0.9578028124827523,-0.09830739581104038,1.0329695505593899,-0.00911347323027975,0.9890846973657809,0.034528857724854825,0.9182325597069386,-0.12582839291131845,1.3158214581101642,-0.12200599499178885,1.1199604170147361,0.10646978938758478,0.9921432378363902,0.18701022760028835,0.8135408828609692
1,5f9644338fd1ffb661753079b4934480b3eeda0e0c9d645343ee506a34070007,c52014b8f05c192c,ACSEmployment,2018,b505147ac2879d972461,100000,100,16,PUMA,83,TX:PUMA:02301,83,916,690,332,358,0.4811594202898551,0.518840579710145,48925,51075,0.006785896780786919,0.007009300048947626,1.0329217014902488,1.3747296526482156,False,,False,0.95,False,True,False,True,0,0,132766,30181213ed668ac6a29e6c307660c811870ee7d9811983a9bde5b673b032434d,4f098505a266b8abffdec33b9d9eb61602b1fa0d94863d95369e873a476977bc,"[""IL:PUMA:03501"",""IL:PUMA:03504"",""OH:PUMA:05100"",""ME:PUMA:00700"",""TX:PUMA:05306"",""TN:PUMA:01604"",""ME:PUMA:00200"",""TX:PUMA:02311"",""FL:PUMA:03107"",""TX:PUMA:04619"",""TX:PUMA:02800"",""TX:PUMA:01100"",""GA:PUMA:02300"",""NY:PUMA:04013"",""AL:PUMA:01200"",""AZ:PUMA:00126"",""PA:PUMA:00900"",""OH:PUMA:04102"",""AZ:PUMA:00114"",""FL:PUMA:03102"",""MD:PUMA:00503"",""CA:PUMA:09501"",""OR:PUMA:01317"",""WI:PUMA:41003"",""OH:PUMA:05507"",""IN:PUMA:02100"",""CA:PUMA:00702"",""TX:PUMA:02700"",""OH:PUMA:04602"",""ID:PUMA:00200"",""PA:PUMA:01807"",""FL:PUMA:01500"",""GA:PUMA:03101"",""IN:PUMA:00104"",""GA:PUMA:02002"",""PA:PUMA:00600"",""AL:PUMA:00700"",""FL:PUMA:05703"",""MA:PUMA:03900"",""WV:PUMA:00200"",""NY:PUMA:00902"",""OH:PUMA:01803"",""OH:PUMA:01900"",""IL:PUMA:03419"",""NC:PUMA:01205"",""MA:PUMA:03305"",""MT:PUMA:00600"",""NC:PUMA:01203"",""NY:PUMA:02002"",""CA:PUMA:06505"",""TX:PUMA:04608"",""WV:PUMA:00600"",""WA:PUMA:11603"",""MA:PUMA:00504"",""TX:PUMA:03802"",""IN:PUMA:03500"",""NY:PUMA:02500"",""TX:PUMA:06603"",""CO:PUMA:00813"",""CO:PUMA:00814"",""MA:PUMA:00300"",""CT:PUMA:00904"",""IL:PUMA:02000"",""TX:PUMA:05308"",""AZ:PUMA:00102"",""MA:PUMA:03603"",""NY:PUMA:00300"",""WI:PUMA:10000"",""TX:PUMA:06302"",""NE:PUMA:00500"",""CA:PUMA:07504"",""CA:PUMA:06512"",""MA:PUMA:00507"",""CA:PUMA:03718"",""KY:PUMA:00500"",""PA:PUMA:03207"",""WV:PUMA:01200"",""PA:PUMA:04002"",""NC:PUMA:02400"",""MA:PUMA:01300"",""IL:PUMA:03523"",""CA:PUMA:00106"",""PA:PUMA:03208"",""TX:PUMA:02301"",""PA:PUMA:03503"",""NH:PUMA:00800"",""TX:PUMA:02503"",""IL:PUMA:03307"",""FL:PUMA:08302"",""CA:PUMA:04102"",""NH:PUMA:00900"",""NH:PUMA:00400"",""MO:PUMA:02100"",""FL:PUMA:07104"",""CA:PUMA:06506"",""FL:PUMA:10104"",""KY:PUMA:01901"",""AL:PUMA:01400"",""TX:PUMA:02006"",""FL:PUMA:01113""]",-0.1009802889563391,0.9296563164204975,-0.0428595629957046,1.018137111399863,-0.12763235007409163,1.0061657076222383,-0.07706887796688446,0.7600335320933371,0.1563138305085024,0.814368479793807,-0.011683041784114627,0.929777338381732,0.34188059326511155,1.2849797289104916,-0.0059835661399179185,1.0231243930052225,0.013516098126941899,1.0135592338479888,-0.02471651482316338,1.032717212638558,0.36799029197167216,1.3182982513452883,0.0903623809630673,0.764512503758086,0.05489703644548223,0.8191373167246332,0.02604992240062713,1.0084813633707446,0.01742033426234138,0.9994950533214232,0.2256638161026475,1.1609823354116946
1,5f9644338fd1ffb661753079b4934480b3eeda0e0c9d645343ee506a34070007,c52014b8f05c192c,ACSEmployment,2018,b505147ac2879d972461,100000,100,16,PUMA,84,PA:PUMA:03503,84,1579,1189,595,594,0.5004205214465938,0.49957947855340623,48925,51075,0.012161471640265712,0.011629955947136564,1.045702296341029,1.3747296526482156,False,,False,0.95,False,True,False,True,0,0,132766,30181213ed668ac6a29e6c307660c811870ee7d9811983a9bde5b673b032434d,4f098505a266b8abffdec33b9d9eb61602b1fa0d94863d95369e873a476977bc,"[""IL:PUMA:03501"",""IL:PUMA:03504"",""OH:PUMA:05100"",""ME:PUMA:00700"",""TX:PUMA:05306"",""TN:PUMA:01604"",""ME:PUMA:00200"",""TX:PUMA:02311"",""FL:PUMA:03107"",""TX:PUMA:04619"",""TX:PUMA:02800"",""TX:PUMA:01100"",""GA:PUMA:02300"",""NY:PUMA:04013"",""AL:PUMA:01200"",""AZ:PUMA:00126"",""PA:PUMA:00900"",""OH:PUMA:04102"",""AZ:PUMA:00114"",""FL:PUMA:03102"",""MD:PUMA:00503"",""CA:PUMA:09501"",""OR:PUMA:01317"",""WI:PUMA:41003"",""OH:PUMA:05507"",""IN:PUMA:02100"",""CA:PUMA:00702"",""TX:PUMA:02700"",""OH:PUMA:04602"",""ID:PUMA:00200"",""PA:PUMA:01807"",""FL:PUMA:01500"",""GA:PUMA:03101"",""IN:PUMA:00104"",""GA:PUMA:02002"",""PA:PUMA:00600"",""AL:PUMA:00700"",""FL:PUMA:05703"",""MA:PUMA:03900"",""WV:PUMA:00200"",""NY:PUMA:00902"",""OH:PUMA:01803"",""OH:PUMA:01900"",""IL:PUMA:03419"",""NC:PUMA:01205"",""MA:PUMA:03305"",""MT:PUMA:00600"",""NC:PUMA:01203"",""NY:PUMA:02002"",""CA:PUMA:06505"",""TX:PUMA:04608"",""WV:PUMA:00600"",""WA:PUMA:11603"",""MA:PUMA:00504"",""TX:PUMA:03802"",""IN:PUMA:03500"",""NY:PUMA:02500"",""TX:PUMA:06603"",""CO:PUMA:00813"",""CO:PUMA:00814"",""MA:PUMA:00300"",""CT:PUMA:00904"",""IL:PUMA:02000"",""TX:PUMA:05308"",""AZ:PUMA:00102"",""MA:PUMA:03603"",""NY:PUMA:00300"",""WI:PUMA:10000"",""TX:PUMA:06302"",""NE:PUMA:00500"",""CA:PUMA:07504"",""CA:PUMA:06512"",""MA:PUMA:00507"",""CA:PUMA:03718"",""KY:PUMA:00500"",""PA:PUMA:03207"",""WV:PUMA:01200"",""PA:PUMA:04002"",""NC:PUMA:02400"",""MA:PUMA:01300"",""IL:PUMA:03523"",""CA:PUMA:00106"",""PA:PUMA:03208"",""TX:PUMA:02301"",""PA:PUMA:03503"",""NH:PUMA:00800"",""TX:PUMA:02503"",""IL:PUMA:03307"",""FL:PUMA:08302"",""CA:PUMA:04102"",""NH:PUMA:00900"",""NH:PUMA:00400"",""MO:PUMA:02100"",""FL:PUMA:07104"",""CA:PUMA:06506"",""FL:PUMA:10104"",""KY:PUMA:01901"",""AL:PUMA:01400"",""TX:PUMA:02006"",""FL:PUMA:01113""]",-0.03068729602573828,1.0595339708987397,-0.2724438808938587,1.0029605170393747,-0.142670931586622,1.0058516415209626,-0.15179328280174476,0.7737852460212764,0.048266470833484586,0.9493244846720585,0.0001014291265852647,0.8330721610527982,-0.2892058803671615,0.506798407034886,-0.15787632546294683,0.8560462505354597,-0.08894673365164633,1.0673531168559005,0.19852283639916257,1.0875992317027814,-0.2868680158848575,0.486725553493646,-0.016260622348910427,1.0358758497782747,0.0584715359372789,0.805824988631906,-0.050529760001647786,1.1061409027928344,-0.021109779981986744,1.0002050325052774,-0.364482929495542,0.41756055226877187
1,5f9644338fd1ffb661753079b4934480b3eeda0e0c9d645343ee506a34070007,c52014b8f05c192c,ACSEmployment,2018,b505147ac2879d972461,100000,100,16,PUMA,85,NH:PUMA:00800,85,988,744,357,387,0.4798387096774194,0.5201612903225806,48925,51075,0.007296882984159428,0.007577092511013216,1.038401263589136,1.3747296526482156,False,,False,0.95,False,True,False,True,0,0,132766,30181213ed668ac6a29e6c307660c811870ee7d9811983a9bde5b673b032434d,4f098505a266b8abffdec33b9d9eb61602b1fa0d94863d95369e873a476977bc,"[""IL:PUMA:03501"",""IL:PUMA:03504"",""OH:PUMA:05100"",""ME:PUMA:00700"",""TX:PUMA:05306"",""TN:PUMA:01604"",""ME:PUMA:00200"",""TX:PUMA:02311"",""FL:PUMA:03107"",""TX:PUMA:04619"",""TX:PUMA:02800"",""TX:PUMA:01100"",""GA:PUMA:02300"",""NY:PUMA:04013"",""AL:PUMA:01200"",""AZ:PUMA:00126"",""PA:PUMA:00900"",""OH:PUMA:04102"",""AZ:PUMA:00114"",""FL:PUMA:03102"",""MD:PUMA:00503"",""CA:PUMA:09501"",""OR:PUMA:01317"",""WI:PUMA:41003"",""OH:PUMA:05507"",""IN:PUMA:02100"",""CA:PUMA:00702"",""TX:PUMA:02700"",""OH:PUMA:04602"",""ID:PUMA:00200"",""PA:PUMA:01807"",""FL:PUMA:01500"",""GA:PUMA:03101"",""IN:PUMA:00104"",""GA:PUMA:02002"",""PA:PUMA:00600"",""AL:PUMA:00700"",""FL:PUMA:05703"",""MA:PUMA:03900"",""WV:PUMA:00200"",""NY:PUMA:00902"",""OH:PUMA:01803"",""OH:PUMA:01900"",""IL:PUMA:03419"",""NC:PUMA:01205"",""MA:PUMA:03305"",""MT:PUMA:00600"",""NC:PUMA:01203"",""NY:PUMA:02002"",""CA:PUMA:06505"",""TX:PUMA:04608"",""WV:PUMA:00600"",""WA:PUMA:11603"",""MA:PUMA:00504"",""TX:PUMA:03802"",""IN:PUMA:03500"",""NY:PUMA:02500"",""TX:PUMA:06603"",""CO:PUMA:00813"",""CO:PUMA:00814"",""MA:PUMA:00300"",""CT:PUMA:00904"",""IL:PUMA:02000"",""TX:PUMA:05308"",""AZ:PUMA:00102"",""MA:PUMA:03603"",""NY:PUMA:00300"",""WI:PUMA:10000"",""TX:PUMA:06302"",""NE:PUMA:00500"",""CA:PUMA:07504"",""CA:PUMA:06512"",""MA:PUMA:00507"",""CA:PUMA:03718"",""KY:PUMA:00500"",""PA:PUMA:03207"",""WV:PUMA:01200"",""PA:PUMA:04002"",""NC:PUMA:02400"",""MA:PUMA:01300"",""IL:PUMA:03523"",""CA:PUMA:00106"",""PA:PUMA:03208"",""TX:PUMA:02301"",""PA:PUMA:03503"",""NH:PUMA:00800"",""TX:PUMA:02503"",""IL:PUMA:03307"",""FL:PUMA:08302"",""CA:PUMA:04102"",""NH:PUMA:00900"",""NH:PUMA:00400"",""MO:PUMA:02100"",""FL:PUMA:07104"",""CA:PUMA:06506"",""FL:PUMA:10104"",""KY:PUMA:01901"",""AL:PUMA:01400"",""TX:PUMA:02006"",""FL:PUMA:01113""]",-0.14324153969226053,0.9971882928910004,-0.08242474256128274,1.0522473223625288,0.14689126180211734,0.9926864527734994,0.10220457616773534,1.1111404996660332,-0.003554003032685885,1.003538497586054,0.09979872975432721,1.1979320028488998,0.08213373882054055,1.0808421511682764,0.21641009756619126,1.2119784171520653,-0.00916812850538566,1.0123919606582785,0.024108566610548762,0.9312353954194241,0.09368792570030114,1.101619697996815,0.07929532404537776,0.7976512242641621,0.06280661441523357,0.7893571732336869,-0.08549412988456015,1.1465350103688814,0.020062297998824554,0.9993919332448232,0.02536841861424572,1.0449624274643827
1,5f9644338fd1ffb661753079b4934480b3eeda0e0c9d645343ee506a34070007,c52014b8f05c192c,ACSEmployment,2018,b505147ac2879d972461,100000,100,16,PUMA,86,TX:PUMA:02503,86,1122,845,413,432,0.4887573964497041,0.5112426035502958,48925,51075,0.008441492079713848,0.008458149779735682,1.0019733122846688,1.3747296526482156,False,,False,0.95,False,True,False,True,0,0,132766,30181213ed668ac6a29e6c307660c811870ee7d9811983a9bde5b673b032434d,4f098505a266b8abffdec33b9d9eb61602b1fa0d94863d95369e873a476977bc,"[""IL:PUMA:03501"",""IL:PUMA:03504"",""OH:PUMA:05100"",""ME:PUMA:00700"",""TX:PUMA:05306"",""TN:PUMA:01604"",""ME:PUMA:00200"",""TX:PUMA:02311"",""FL:PUMA:03107"",""TX:PUMA:04619"",""TX:PUMA:02800"",""TX:PUMA:01100"",""GA:PUMA:02300"",""NY:PUMA:04013"",""AL:PUMA:01200"",""AZ:PUMA:00126"",""PA:PUMA:00900"",""OH:PUMA:04102"",""AZ:PUMA:00114"",""FL:PUMA:03102"",""MD:PUMA:00503"",""CA:PUMA:09501"",""OR:PUMA:01317"",""WI:PUMA:41003"",""OH:PUMA:05507"",""IN:PUMA:02100"",""CA:PUMA:00702"",""TX:PUMA:02700"",""OH:PUMA:04602"",""ID:PUMA:00200"",""PA:PUMA:01807"",""FL:PUMA:01500"",""GA:PUMA:03101"",""IN:PUMA:00104"",""GA:PUMA:02002"",""PA:PUMA:00600"",""AL:PUMA:00700"",""FL:PUMA:05703"",""MA:PUMA:03900"",""WV:PUMA:00200"",""NY:PUMA:00902"",""OH:PUMA:01803"",""OH:PUMA:01900"",""IL:PUMA:03419"",""NC:PUMA:01205"",""MA:PUMA:03305"",""MT:PUMA:00600"",""NC:PUMA:01203"",""NY:PUMA:02002"",""CA:PUMA:06505"",""TX:PUMA:04608"",""WV:PUMA:00600"",""WA:PUMA:11603"",""MA:PUMA:00504"",""TX:PUMA:03802"",""IN:PUMA:03500"",""NY:PUMA:02500"",""TX:PUMA:06603"",""CO:PUMA:00813"",""CO:PUMA:00814"",""MA:PUMA:00300"",""CT:PUMA:00904"",""IL:PUMA:02000"",""TX:PUMA:05308"",""AZ:PUMA:00102"",""MA:PUMA:03603"",""NY:PUMA:00300"",""WI:PUMA:10000"",""TX:PUMA:06302"",""NE:PUMA:00500"",""CA:PUMA:07504"",""CA:PUMA:06512"",""MA:PUMA:00507"",""CA:PUMA:03718"",""KY:PUMA:00500"",""PA:PUMA:03207"",""WV:PUMA:01200"",""PA:PUMA:04002"",""NC:PUMA:02400"",""MA:PUMA:01300"",""IL:PUMA:03523"",""CA:PUMA:00106"",""PA:PUMA:03208"",""TX:PUMA:02301"",""PA:PUMA:03503"",""NH:PUMA:00800"",""TX:PUMA:02503"",""IL:PUMA:03307"",""FL:PUMA:08302"",""CA:PUMA:04102"",""NH:PUMA:00900"",""NH:PUMA:00400"",""MO:PUMA:02100"",""FL:PUMA:07104"",""CA:PUMA:06506"",""FL:PUMA:10104"",""KY:PUMA:01901"",""AL:PUMA:01400"",""TX:PUMA:02006"",""FL:PUMA:01113""]",-0.2762719414007771,0.9388927776040445,-0.2950178960076013,1.0343801640595087,0.27933809510545027,0.9745472531215436,0.13256554728448317,1.0578006615543838,0.07986793421991671,0.9132452645229221,0.20185844111404963,1.2705510236760749,0.5457060861021807,1.453973357028481,0.09910214339910776,1.1023042572158739,-0.08654940535523968,1.0722597299506287,-0.2705597985277597,0.8906590186415106,0.519989043834545,1.4013090880386436,0.013431873994177737,0.9691586301100219,0.02297791114743334,0.9289887337019086,-0.03897548618463858,1.090204581868482,0.0022212609029115126,0.9999525100987025,0.4716167922723006,1.3174280307780393
1,5f9644338fd1ffb661753079b4934480b3eeda0e0c9d645343ee506a34070007,c52014b8f05c192c,ACSEmployment,2018,b505147ac2879d972461,100000,100,16,PUMA,87,IL:PUMA:03307,87,1040,783,388,395,0.4955300127713921,0.5044699872286079,48925,51075,0.007930505876341339,0.0077337249143416545,1.0254445256560352,1.3747296526482156,False,,False,0.95,False,True,False,True,0,0,132766,30181213ed668ac6a29e6c307660c811870ee7d9811983a9bde5b673b032434d,4f098505a266b8abffdec33b9d9eb61602b1fa0d94863d95369e873a476977bc,"[""IL:PUMA:03501"",""IL:PUMA:03504"",""OH:PUMA:05100"",""ME:PUMA:00700"",""TX:PUMA:05306"",""TN:PUMA:01604"",""ME:PUMA:00200"",""TX:PUMA:02311"",""FL:PUMA:03107"",""TX:PUMA:04619"",""TX:PUMA:02800"",""TX:PUMA:01100"",""GA:PUMA:02300"",""NY:PUMA:04013"",""AL:PUMA:01200"",""AZ:PUMA:00126"",""PA:PUMA:00900"",""OH:PUMA:04102"",""AZ:PUMA:00114"",""FL:PUMA:03102"",""MD:PUMA:00503"",""CA:PUMA:09501"",""OR:PUMA:01317"",""WI:PUMA:41003"",""OH:PUMA:05507"",""IN:PUMA:02100"",""CA:PUMA:00702"",""TX:PUMA:02700"",""OH:PUMA:04602"",""ID:PUMA:00200"",""PA:PUMA:01807"",""FL:PUMA:01500"",""GA:PUMA:03101"",""IN:PUMA:00104"",""GA:PUMA:02002"",""PA:PUMA:00600"",""AL:PUMA:00700"",""FL:PUMA:05703"",""MA:PUMA:03900"",""WV:PUMA:00200"",""NY:PUMA:00902"",""OH:PUMA:01803"",""OH:PUMA:01900"",""IL:PUMA:03419"",""NC:PUMA:01205"",""MA:PUMA:03305"",""MT:PUMA:00600"",""NC:PUMA:01203"",""NY:PUMA:02002"",""CA:PUMA:06505"",""TX:PUMA:04608"",""WV:PUMA:00600"",""WA:PUMA:11603"",""MA:PUMA:00504"",""TX:PUMA:03802"",""IN:PUMA:03500"",""NY:PUMA:02500"",""TX:PUMA:06603"",""CO:PUMA:00813"",""CO:PUMA:00814"",""MA:PUMA:00300"",""CT:PUMA:00904"",""IL:PUMA:02000"",""TX:PUMA:05308"",""AZ:PUMA:00102"",""MA:PUMA:03603"",""NY:PUMA:00300"",""WI:PUMA:10000"",""TX:PUMA:06302"",""NE:PUMA:00500"",""CA:PUMA:07504"",""CA:PUMA:06512"",""MA:PUMA:00507"",""CA:PUMA:03718"",""KY:PUMA:00500"",""PA:PUMA:03207"",""WV:PUMA:01200"",""PA:PUMA:04002"",""NC:PUMA:02400"",""MA:PUMA:01300"",""IL:PUMA:03523"",""CA:PUMA:00106"",""PA:PUMA:03208"",""TX:PUMA:02301"",""PA:PUMA:03503"",""NH:PUMA:00800"",""TX:PUMA:02503"",""IL:PUMA:03307"",""FL:PUMA:08302"",""CA:PUMA:04102"",""NH:PUMA:00900"",""NH:PUMA:00400"",""MO:PUMA:02100"",""FL:PUMA:07104"",""CA:PUMA:06506"",""FL:PUMA:10104"",""KY:PUMA:01901"",""AL:PUMA:01400"",""TX:PUMA:02006"",""FL:PUMA:01113""]",-0.11186528927238011,0.9768782742810307,-0.2961560863558857,1.0286994064121628,0.15380636278444806,0.9994479711392648,0.10049928072632214,1.045849996732732,-0.047728146270411866,1.045514052086162,0.13268366627159628,1.1580966300532898,0.37114395994534477,1.35535046635554,-0.024107029958382216,0.9809609585833778,-0.08893084472816358,1.0712472113250515,-0.08245815185358024,1.013347625883053,0.32451011436822336,1.2902835645822077,0.060704470530627753,0.8500929949545304,-0.04419773009253579,1.122724457936206,-0.08478620930915316,1.1120299447305821,-0.011326753745063508,1.000165415676697,0.5164692490011181,1.399869327618202
1,5f9644338fd1ffb661753079b4934480b3eeda0e0c9d645343ee506a34070007,c52014b8f05c192c,ACSEmployment,2018,b505147ac2879d972461,100000,100,16,PUMA,88,FL:PUMA:08302,88,930,700,340,360,0.4857142857142857,0.5142857142857142,48925,51075,0.0069494123658661216,0.007048458149779736,1.01425239699404,1.3747296526482156,False,,False,0.95,False,True,False,True,0,0,132766,30181213ed668ac6a29e6c307660c811870ee7d9811983a9bde5b673b032434d,4f098505a266b8abffdec33b9d9eb61602b1fa0d94863d95369e873a476977bc,"[""IL:PUMA:03501"",""IL:PUMA:03504"",""OH:PUMA:05100"",""ME:PUMA:00700"",""TX:PUMA:05306"",""TN:PUMA:01604"",""ME:PUMA:00200"",""TX:PUMA:02311"",""FL:PUMA:03107"",""TX:PUMA:04619"",""TX:PUMA:02800"",""TX:PUMA:01100"",""GA:PUMA:02300"",""NY:PUMA:04013"",""AL:PUMA:01200"",""AZ:PUMA:00126"",""PA:PUMA:00900"",""OH:PUMA:04102"",""AZ:PUMA:00114"",""FL:PUMA:03102"",""MD:PUMA:00503"",""CA:PUMA:09501"",""OR:PUMA:01317"",""WI:PUMA:41003"",""OH:PUMA:05507"",""IN:PUMA:02100"",""CA:PUMA:00702"",""TX:PUMA:02700"",""OH:PUMA:04602"",""ID:PUMA:00200"",""PA:PUMA:01807"",""FL:PUMA:01500"",""GA:PUMA:03101"",""IN:PUMA:00104"",""GA:PUMA:02002"",""PA:PUMA:00600"",""AL:PUMA:00700"",""FL:PUMA:05703"",""MA:PUMA:03900"",""WV:PUMA:00200"",""NY:PUMA:00902"",""OH:PUMA:01803"",""OH:PUMA:01900"",""IL:PUMA:03419"",""NC:PUMA:01205"",""MA:PUMA:03305"",""MT:PUMA:00600"",""NC:PUMA:01203"",""NY:PUMA:02002"",""CA:PUMA:06505"",""TX:PUMA:04608"",""WV:PUMA:00600"",""WA:PUMA:11603"",""MA:PUMA:00504"",""TX:PUMA:03802"",""IN:PUMA:03500"",""NY:PUMA:02500"",""TX:PUMA:06603"",""CO:PUMA:00813"",""CO:PUMA:00814"",""MA:PUMA:00300"",""CT:PUMA:00904"",""IL:PUMA:02000"",""TX:PUMA:05308"",""AZ:PUMA:00102"",""MA:PUMA:03603"",""NY:PUMA:00300"",""WI:PUMA:10000"",""TX:PUMA:06302"",""NE:PUMA:00500"",""CA:PUMA:07504"",""CA:PUMA:06512"",""MA:PUMA:00507"",""CA:PUMA:03718"",""KY:PUMA:00500"",""PA:PUMA:03207"",""WV:PUMA:01200"",""PA:PUMA:04002"",""NC:PUMA:02400"",""MA:PUMA:01300"",""IL:PUMA:03523"",""CA:PUMA:00106"",""PA:PUMA:03208"",""TX:PUMA:02301"",""PA:PUMA:03503"",""NH:PUMA:00800"",""TX:PUMA:02503"",""IL:PUMA:03307"",""FL:PUMA:08302"",""CA:PUMA:04102"",""NH:PUMA:00900"",""NH:PUMA:00400"",""MO:PUMA:02100"",""FL:PUMA:07104"",""CA:PUMA:06506"",""FL:PUMA:10104"",""KY:PUMA:01901"",""AL:PUMA:01400"",""TX:PUMA:02006"",""FL:PUMA:01113""]",0.21005935549234103,1.0306817433423008,-0.004897074378816554,0.9378091845323745,-0.00732028652208875,0.9538350302456218,0.09965428180629818,1.1403466798194457,-0.19946456032789422,1.1656818507299151,0.02505679523457746,1.125199990949843,-0.14840482795831736,0.7461770024922507,0.058349367107852816,1.0780829525990403,0.039548238965828056,0.9394928710579202,0.13532966346293304,1.046026206387593,-0.16122558400173995,0.7690125137755565,-0.048809153543828074,1.1034718965552857,-0.08677229341273564,1.2279083258703731,-0.026391067532355126,0.9610961923348176,0.008308732399980803,0.9997970558083599,-0.17293044289472784,0.7465367422518575
1,5f9644338fd1ffb661753079b4934480b3eeda0e0c9d645343ee506a34070007,c52014b8f05c192c,ACSEmployment,2018,b505147ac2879d972461,100000,100,16,PUMA,89,CA:PUMA:04102,89,1429,1076,525,551,0.4879182156133829,0.5120817843866171,48925,51075,0.010730710270822688,0.010788056779246206,1.005344148427849,1.3747296526482156,False,,False,0.95,False,True,False,True,0,0,132766,30181213ed668ac6a29e6c307660c811870ee7d9811983a9bde5b673b032434d,4f098505a266b8abffdec33b9d9eb61602b1fa0d94863d95369e873a476977bc,"[""IL:PUMA:03501"",""IL:PUMA:03504"",""OH:PUMA:05100"",""ME:PUMA:00700"",""TX:PUMA:05306"",""TN:PUMA:01604"",""ME:PUMA:00200"",""TX:PUMA:02311"",""FL:PUMA:03107"",""TX:PUMA:04619"",""TX:PUMA:02800"",""TX:PUMA:01100"",""GA:PUMA:02300"",""NY:PUMA:04013"",""AL:PUMA:01200"",""AZ:PUMA:00126"",""PA:PUMA:00900"",""OH:PUMA:04102"",""AZ:PUMA:00114"",""FL:PUMA:03102"",""MD:PUMA:00503"",""CA:PUMA:09501"",""OR:PUMA:01317"",""WI:PUMA:41003"",""OH:PUMA:05507"",""IN:PUMA:02100"",""CA:PUMA:00702"",""TX:PUMA:02700"",""OH:PUMA:04602"",""ID:PUMA:00200"",""PA:PUMA:01807"",""FL:PUMA:01500"",""GA:PUMA:03101"",""IN:PUMA:00104"",""GA:PUMA:02002"",""PA:PUMA:00600"",""AL:PUMA:00700"",""FL:PUMA:05703"",""MA:PUMA:03900"",""WV:PUMA:00200"",""NY:PUMA:00902"",""OH:PUMA:01803"",""OH:PUMA:01900"",""IL:PUMA:03419"",""NC:PUMA:01205"",""MA:PUMA:03305"",""MT:PUMA:00600"",""NC:PUMA:01203"",""NY:PUMA:02002"",""CA:PUMA:06505"",""TX:PUMA:04608"",""WV:PUMA:00600"",""WA:PUMA:11603"",""MA:PUMA:00504"",""TX:PUMA:03802"",""IN:PUMA:03500"",""NY:PUMA:02500"",""TX:PUMA:06603"",""CO:PUMA:00813"",""CO:PUMA:00814"",""MA:PUMA:00300"",""CT:PUMA:00904"",""IL:PUMA:02000"",""TX:PUMA:05308"",""AZ:PUMA:00102"",""MA:PUMA:03603"",""NY:PUMA:00300"",""WI:PUMA:10000"",""TX:PUMA:06302"",""NE:PUMA:00500"",""CA:PUMA:07504"",""CA:PUMA:06512"",""MA:PUMA:00507"",""CA:PUMA:03718"",""KY:PUMA:00500"",""PA:PUMA:03207"",""WV:PUMA:01200"",""PA:PUMA:04002"",""NC:PUMA:02400"",""MA:PUMA:01300"",""IL:PUMA:03523"",""CA:PUMA:00106"",""PA:PUMA:03208"",""TX:PUMA:02301"",""PA:PUMA:03503"",""NH:PUMA:00800"",""TX:PUMA:02503"",""IL:PUMA:03307"",""FL:PUMA:08302"",""CA:PUMA:04102"",""NH:PUMA:00900"",""NH:PUMA:00400"",""MO:PUMA:02100"",""FL:PUMA:07104"",""CA:PUMA:06506"",""FL:PUMA:10104"",""KY:PUMA:01901"",""AL:PUMA:01400"",""TX:PUMA:02006"",""FL:PUMA:01113""]",0.11865046346501947,1.0051269398164304,0.2630920155092618,1.0172276316779247,-0.060680919439476406,0.9958071479822687,0.05139082748528567,1.1033994469659683,0.14907088609749833,0.8245494852800157,-0.05218120622495427,0.8449775195790966,0.1209932582582179,1.1272729786246172,-0.016811861027942004,0.9524347766971524,0.02108722152858646,1.0090136790741182,-0.0865867109973863,0.8564651015283861,0.11939916246373411,1.1265460541108843,0.06520008310583211,0.8377504270263003,0.06487303658205318,0.7813767801850149,0.09711023940396069,0.8511955887419568,0.0038999672879719187,0.9999133446309624,0.05502467576031529,1.1319086904483149
1,5f9644338fd1ffb661753079b4934480b3eeda0e0c9d645343ee506a34070007,c52014b8f05c192c,ACSEmployment,2018,b505147ac2879d972461,100000,100,16,PUMA,90,NH:PUMA:00900,90,984,741,361,380,0.48717948717948717,0.5128205128205128,48925,51075,0.007378640776699029,0.007440039158100832,1.0083210964268232,1.3747296526482156,False,,False,0.95,False,True,False,True,0,0,132766,30181213ed668ac6a29e6c307660c811870ee7d9811983a9bde5b673b032434d,4f098505a266b8abffdec33b9d9eb61602b1fa0d94863d95369e873a476977bc,"[""IL:PUMA:03501"",""IL:PUMA:03504"",""OH:PUMA:05100"",""ME:PUMA:00700"",""TX:PUMA:05306"",""TN:PUMA:01604"",""ME:PUMA:00200"",""TX:PUMA:02311"",""FL:PUMA:03107"",""TX:PUMA:04619"",""TX:PUMA:02800"",""TX:PUMA:01100"",""GA:PUMA:02300"",""NY:PUMA:04013"",""AL:PUMA:01200"",""AZ:PUMA:00126"",""PA:PUMA:00900"",""OH:PUMA:04102"",""AZ:PUMA:00114"",""FL:PUMA:03102"",""MD:PUMA:00503"",""CA:PUMA:09501"",""OR:PUMA:01317"",""WI:PUMA:41003"",""OH:PUMA:05507"",""IN:PUMA:02100"",""CA:PUMA:00702"",""TX:PUMA:02700"",""OH:PUMA:04602"",""ID:PUMA:00200"",""PA:PUMA:01807"",""FL:PUMA:01500"",""GA:PUMA:03101"",""IN:PUMA:00104"",""GA:PUMA:02002"",""PA:PUMA:00600"",""AL:PUMA:00700"",""FL:PUMA:05703"",""MA:PUMA:03900"",""WV:PUMA:00200"",""NY:PUMA:00902"",""OH:PUMA:01803"",""OH:PUMA:01900"",""IL:PUMA:03419"",""NC:PUMA:01205"",""MA:PUMA:03305"",""MT:PUMA:00600"",""NC:PUMA:01203"",""NY:PUMA:02002"",""CA:PUMA:06505"",""TX:PUMA:04608"",""WV:PUMA:00600"",""WA:PUMA:11603"",""MA:PUMA:00504"",""TX:PUMA:03802"",""IN:PUMA:03500"",""NY:PUMA:02500"",""TX:PUMA:06603"",""CO:PUMA:00813"",""CO:PUMA:00814"",""MA:PUMA:00300"",""CT:PUMA:00904"",""IL:PUMA:02000"",""TX:PUMA:05308"",""AZ:PUMA:00102"",""MA:PUMA:03603"",""NY:PUMA:00300"",""WI:PUMA:10000"",""TX:PUMA:06302"",""NE:PUMA:00500"",""CA:PUMA:07504"",""CA:PUMA:06512"",""MA:PUMA:00507"",""CA:PUMA:03718"",""KY:PUMA:00500"",""PA:PUMA:03207"",""WV:PUMA:01200"",""PA:PUMA:04002"",""NC:PUMA:02400"",""MA:PUMA:01300"",""IL:PUMA:03523"",""CA:PUMA:00106"",""PA:PUMA:03208"",""TX:PUMA:02301"",""PA:PUMA:03503"",""NH:PUMA:00800"",""TX:PUMA:02503"",""IL:PUMA:03307"",""FL:PUMA:08302"",""CA:PUMA:04102"",""NH:PUMA:00900"",""NH:PUMA:00400"",""MO:PUMA:02100"",""FL:PUMA:07104"",""CA:PUMA:06506"",""FL:PUMA:10104"",""KY:PUMA:01901"",""AL:PUMA:01400"",""TX:PUMA:02006"",""FL:PUMA:01113""]",0.12464170616347993,0.9700936012340046,0.14673551226408002,0.9592969010662468,-0.13235082680685673,0.9836493864344447,-0.16955444907396108,0.8213871118816741,0.07869394412551212,0.9146305855498927,-0.13556571523266753,0.7843457870400621,0.026875460186126507,1.0234718637460714,-0.07522843858824199,0.9130923691300279,0.09866446429070959,0.9105726491763495,-0.06028542672459618,0.8725558006212605,0.02434331519321728,1.0281924870408294,-0.0011079272708548096,1.00249355558678,0.08776643873273529,0.6863709896380663,0.04910633560970118,0.9467199956477285,0.005377727605095516,0.9998765335788052,-0.14339645374565269,0.8239503604637294
1,5f9644338fd1ffb661753079b4934480b3eeda0e0c9d645343ee506a34070007,c52014b8f05c192c,ACSEmployment,2018,b505147ac2879d972461,100000,100,16,PUMA,91,NH:PUMA:00400,91,1315,990,505,485,0.51010101010101,0.4898989898989899,48925,51075,0.01032192130812468,0.009495839451786588,1.0869940841494186,1.3747296526482156,False,,False,0.95,False,True,False,True,0,0,132766,30181213ed668ac6a29e6c307660c811870ee7d9811983a9bde5b673b032434d,4f098505a266b8abffdec33b9d9eb61602b1fa0d94863d95369e873a476977bc,"[""IL:PUMA:03501"",""IL:PUMA:03504"",""OH:PUMA:05100"",""ME:PUMA:00700"",""TX:PUMA:05306"",""TN:PUMA:01604"",""ME:PUMA:00200"",""TX:PUMA:02311"",""FL:PUMA:03107"",""TX:PUMA:04619"",""TX:PUMA:02800"",""TX:PUMA:01100"",""GA:PUMA:02300"",""NY:PUMA:04013"",""AL:PUMA:01200"",""AZ:PUMA:00126"",""PA:PUMA:00900"",""OH:PUMA:04102"",""AZ:PUMA:00114"",""FL:PUMA:03102"",""MD:PUMA:00503"",""CA:PUMA:09501"",""OR:PUMA:01317"",""WI:PUMA:41003"",""OH:PUMA:05507"",""IN:PUMA:02100"",""CA:PUMA:00702"",""TX:PUMA:02700"",""OH:PUMA:04602"",""ID:PUMA:00200"",""PA:PUMA:01807"",""FL:PUMA:01500"",""GA:PUMA:03101"",""IN:PUMA:00104"",""GA:PUMA:02002"",""PA:PUMA:00600"",""AL:PUMA:00700"",""FL:PUMA:05703"",""MA:PUMA:03900"",""WV:PUMA:00200"",""NY:PUMA:00902"",""OH:PUMA:01803"",""OH:PUMA:01900"",""IL:PUMA:03419"",""NC:PUMA:01205"",""MA:PUMA:03305"",""MT:PUMA:00600"",""NC:PUMA:01203"",""NY:PUMA:02002"",""CA:PUMA:06505"",""TX:PUMA:04608"",""WV:PUMA:00600"",""WA:PUMA:11603"",""MA:PUMA:00504"",""TX:PUMA:03802"",""IN:PUMA:03500"",""NY:PUMA:02500"",""TX:PUMA:06603"",""CO:PUMA:00813"",""CO:PUMA:00814"",""MA:PUMA:00300"",""CT:PUMA:00904"",""IL:PUMA:02000"",""TX:PUMA:05308"",""AZ:PUMA:00102"",""MA:PUMA:03603"",""NY:PUMA:00300"",""WI:PUMA:10000"",""TX:PUMA:06302"",""NE:PUMA:00500"",""CA:PUMA:07504"",""CA:PUMA:06512"",""MA:PUMA:00507"",""CA:PUMA:03718"",""KY:PUMA:00500"",""PA:PUMA:03207"",""WV:PUMA:01200"",""PA:PUMA:04002"",""NC:PUMA:02400"",""MA:PUMA:01300"",""IL:PUMA:03523"",""CA:PUMA:00106"",""PA:PUMA:03208"",""TX:PUMA:02301"",""PA:PUMA:03503"",""NH:PUMA:00800"",""TX:PUMA:02503"",""IL:PUMA:03307"",""FL:PUMA:08302"",""CA:PUMA:04102"",""NH:PUMA:00900"",""NH:PUMA:00400"",""MO:PUMA:02100"",""FL:PUMA:07104"",""CA:PUMA:06506"",""FL:PUMA:10104"",""KY:PUMA:01901"",""AL:PUMA:01400"",""TX:PUMA:02006"",""FL:PUMA:01113""]",0.03586483770338066,1.0001061783487801,0.11042276382704512,0.944689827089168,-0.05605007360391909,0.9917443108153802,0.07771305083386204,1.1188565169053553,0.003217053692517212,0.9967752238097829,-0.07617144966470143,0.8417455008029628,-0.2275183886192902,0.6408506763436528,-0.053242673393933584,0.9577246661434161,0.013896923593759464,0.9761822131284716,-0.015672517664721036,0.8675802198535795,-0.22096847738414752,0.6532709938466416,0.03253281650112262,0.9231917904967314,0.05627300118769593,0.8140405108613284,0.024508511821030695,0.9283130219006582,-0.04047473376943312,1.0000012627042172,-0.2568403857266334,0.7059988339031512
1,5f9644338fd1ffb661753079b4934480b3eeda0e0c9d645343ee506a34070007,c52014b8f05c192c,ACSEmployment,2018,b505147ac2879d972461,100000,100,16,PUMA,92,MO:PUMA:02100,92,1313,989,528,461,0.5338725985844287,0.4661274014155713,48925,51075,0.010792028615227389,0.009025942241801272,1.1956678124137503,1.3747296526482156,False,,False,0.95,False,True,False,True,0,0,132766,30181213ed668ac6a29e6c307660c811870ee7d9811983a9bde5b673b032434d,4f098505a266b8abffdec33b9d9eb61602b1fa0d94863d95369e873a476977bc,"[""IL:PUMA:03501"",""IL:PUMA:03504"",""OH:PUMA:05100"",""ME:PUMA:00700"",""TX:PUMA:05306"",""TN:PUMA:01604"",""ME:PUMA:00200"",""TX:PUMA:02311"",""FL:PUMA:03107"",""TX:PUMA:04619"",""TX:PUMA:02800"",""TX:PUMA:01100"",""GA:PUMA:02300"",""NY:PUMA:04013"",""AL:PUMA:01200"",""AZ:PUMA:00126"",""PA:PUMA:00900"",""OH:PUMA:04102"",""AZ:PUMA:00114"",""FL:PUMA:03102"",""MD:PUMA:00503"",""CA:PUMA:09501"",""OR:PUMA:01317"",""WI:PUMA:41003"",""OH:PUMA:05507"",""IN:PUMA:02100"",""CA:PUMA:00702"",""TX:PUMA:02700"",""OH:PUMA:04602"",""ID:PUMA:00200"",""PA:PUMA:01807"",""FL:PUMA:01500"",""GA:PUMA:03101"",""IN:PUMA:00104"",""GA:PUMA:02002"",""PA:PUMA:00600"",""AL:PUMA:00700"",""FL:PUMA:05703"",""MA:PUMA:03900"",""WV:PUMA:00200"",""NY:PUMA:00902"",""OH:PUMA:01803"",""OH:PUMA:01900"",""IL:PUMA:03419"",""NC:PUMA:01205"",""MA:PUMA:03305"",""MT:PUMA:00600"",""NC:PUMA:01203"",""NY:PUMA:02002"",""CA:PUMA:06505"",""TX:PUMA:04608"",""WV:PUMA:00600"",""WA:PUMA:11603"",""MA:PUMA:00504"",""TX:PUMA:03802"",""IN:PUMA:03500"",""NY:PUMA:02500"",""TX:PUMA:06603"",""CO:PUMA:00813"",""CO:PUMA:00814"",""MA:PUMA:00300"",""CT:PUMA:00904"",""IL:PUMA:02000"",""TX:PUMA:05308"",""AZ:PUMA:00102"",""MA:PUMA:03603"",""NY:PUMA:00300"",""WI:PUMA:10000"",""TX:PUMA:06302"",""NE:PUMA:00500"",""CA:PUMA:07504"",""CA:PUMA:06512"",""MA:PUMA:00507"",""CA:PUMA:03718"",""KY:PUMA:00500"",""PA:PUMA:03207"",""WV:PUMA:01200"",""PA:PUMA:04002"",""NC:PUMA:02400"",""MA:PUMA:01300"",""IL:PUMA:03523"",""CA:PUMA:00106"",""PA:PUMA:03208"",""TX:PUMA:02301"",""PA:PUMA:03503"",""NH:PUMA:00800"",""TX:PUMA:02503"",""IL:PUMA:03307"",""FL:PUMA:08302"",""CA:PUMA:04102"",""NH:PUMA:00900"",""NH:PUMA:00400"",""MO:PUMA:02100"",""FL:PUMA:07104"",""CA:PUMA:06506"",""FL:PUMA:10104"",""KY:PUMA:01901"",""AL:PUMA:01400"",""TX:PUMA:02006"",""FL:PUMA:01113""]",0.0030011017773812383,1.0070166330454788,-0.1673488444127903,0.921343617223857,-0.019580926743711213,0.9877033119961777,0.2084184032905681,1.2344077400678326,-0.3145152826429513,1.236766833134418,0.011243755735302384,1.019933588019305,-0.33704140272769983,0.3465924664051727,0.046356462113629336,1.0164088272401184,-0.03462107442291062,1.019064062372937,0.128563064924496,1.0273136091745745,-0.32751821055920843,0.3397858351506482,-0.09231376347917501,1.186435969204932,-0.10223173727919575,1.263582711035965,-0.11033354798069853,1.0467896821924838,-0.08802767545132151,0.9979075696452985,-0.30968910340245304,0.5688206740167161
1,5f9644338fd1ffb661753079b4934480b3eeda0e0c9d645343ee506a34070007,c52014b8f05c192c,ACSEmployment,2018,b505147ac2879d972461,100000,100,16,PUMA,93,FL:PUMA:07104,93,1262,951,474,477,0.49842271293375395,0.501577287066246,48925,51075,0.00968829841594277,0.00933920704845815,1.0373791228391551,1.3747296526482156,False,,False,0.95,False,True,False,True,0,0,132766,30181213ed668ac6a29e6c307660c811870ee7d9811983a9bde5b673b032434d,4f098505a266b8abffdec33b9d9eb61602b1fa0d94863d95369e873a476977bc,"[""IL:PUMA:03501"",""IL:PUMA:03504"",""OH:PUMA:05100"",""ME:PUMA:00700"",""TX:PUMA:05306"",""TN:PUMA:01604"",""ME:PUMA:00200"",""TX:PUMA:02311"",""FL:PUMA:03107"",""TX:PUMA:04619"",""TX:PUMA:02800"",""TX:PUMA:01100"",""GA:PUMA:02300"",""NY:PUMA:04013"",""AL:PUMA:01200"",""AZ:PUMA:00126"",""PA:PUMA:00900"",""OH:PUMA:04102"",""AZ:PUMA:00114"",""FL:PUMA:03102"",""MD:PUMA:00503"",""CA:PUMA:09501"",""OR:PUMA:01317"",""WI:PUMA:41003"",""OH:PUMA:05507"",""IN:PUMA:02100"",""CA:PUMA:00702"",""TX:PUMA:02700"",""OH:PUMA:04602"",""ID:PUMA:00200"",""PA:PUMA:01807"",""FL:PUMA:01500"",""GA:PUMA:03101"",""IN:PUMA:00104"",""GA:PUMA:02002"",""PA:PUMA:00600"",""AL:PUMA:00700"",""FL:PUMA:05703"",""MA:PUMA:03900"",""WV:PUMA:00200"",""NY:PUMA:00902"",""OH:PUMA:01803"",""OH:PUMA:01900"",""IL:PUMA:03419"",""NC:PUMA:01205"",""MA:PUMA:03305"",""MT:PUMA:00600"",""NC:PUMA:01203"",""NY:PUMA:02002"",""CA:PUMA:06505"",""TX:PUMA:04608"",""WV:PUMA:00600"",""WA:PUMA:11603"",""MA:PUMA:00504"",""TX:PUMA:03802"",""IN:PUMA:03500"",""NY:PUMA:02500"",""TX:PUMA:06603"",""CO:PUMA:00813"",""CO:PUMA:00814"",""MA:PUMA:00300"",""CT:PUMA:00904"",""IL:PUMA:02000"",""TX:PUMA:05308"",""AZ:PUMA:00102"",""MA:PUMA:03603"",""NY:PUMA:00300"",""WI:PUMA:10000"",""TX:PUMA:06302"",""NE:PUMA:00500"",""CA:PUMA:07504"",""CA:PUMA:06512"",""MA:PUMA:00507"",""CA:PUMA:03718"",""KY:PUMA:00500"",""PA:PUMA:03207"",""WV:PUMA:01200"",""PA:PUMA:04002"",""NC:PUMA:02400"",""MA:PUMA:01300"",""IL:PUMA:03523"",""CA:PUMA:00106"",""PA:PUMA:03208"",""TX:PUMA:02301"",""PA:PUMA:03503"",""NH:PUMA:00800"",""TX:PUMA:02503"",""IL:PUMA:03307"",""FL:PUMA:08302"",""CA:PUMA:04102"",""NH:PUMA:00900"",""NH:PUMA:00400"",""MO:PUMA:02100"",""FL:PUMA:07104"",""CA:PUMA:06506"",""FL:PUMA:10104"",""KY:PUMA:01901"",""AL:PUMA:01400"",""TX:PUMA:02006"",""FL:PUMA:01113""]",0.20540289237307036,1.0259591068217373,0.06784121056025243,0.9602752588999798,-0.05587809788381842,0.9597155444778024,-0.00011372511090283712,1.0539371187862234,0.02202762729748381,0.9774946768897278,-0.054811870513408786,0.9789630096915973,0.12272204506226983,1.1342540796342349,0.11277295495396601,1.0989044980574816,0.09553314118560248,0.9147655219289272,-0.11880999945526638,0.9123787278884411,0.10476802240083098,1.1125029042637593,0.035550046816508786,0.9156833135570668,0.058449369395094236,0.8059082688205872,0.05304101846061785,0.9035876525059507,-0.017113342311491395,1.0002004095512627,-0.11004050402921298,0.8768816496917894
1,5f9644338fd1ffb661753079b4934480b3eeda0e0c9d645343ee506a34070007,c52014b8f05c192c,ACSEmployment,2018,b505147ac2879d972461,100000,100,16,PUMA,94,CA:PUMA:06506,94,1451,1093,533,560,0.4876486733760293,0.5123513266239708,48925,51075,0.010894225855901891,0.0109642682329907,1.00642931200576,1.3747296526482156,False,,False,0.95,False,True,False,True,0,0,132766,30181213ed668ac6a29e6c307660c811870ee7d9811983a9bde5b673b032434d,4f098505a266b8abffdec33b9d9eb61602b1fa0d94863d95369e873a476977bc,"[""IL:PUMA:03501"",""IL:PUMA:03504"",""OH:PUMA:05100"",""ME:PUMA:00700"",""TX:PUMA:05306"",""TN:PUMA:01604"",""ME:PUMA:00200"",""TX:PUMA:02311"",""FL:PUMA:03107"",""TX:PUMA:04619"",""TX:PUMA:02800"",""TX:PUMA:01100"",""GA:PUMA:02300"",""NY:PUMA:04013"",""AL:PUMA:01200"",""AZ:PUMA:00126"",""PA:PUMA:00900"",""OH:PUMA:04102"",""AZ:PUMA:00114"",""FL:PUMA:03102"",""MD:PUMA:00503"",""CA:PUMA:09501"",""OR:PUMA:01317"",""WI:PUMA:41003"",""OH:PUMA:05507"",""IN:PUMA:02100"",""CA:PUMA:00702"",""TX:PUMA:02700"",""OH:PUMA:04602"",""ID:PUMA:00200"",""PA:PUMA:01807"",""FL:PUMA:01500"",""GA:PUMA:03101"",""IN:PUMA:00104"",""GA:PUMA:02002"",""PA:PUMA:00600"",""AL:PUMA:00700"",""FL:PUMA:05703"",""MA:PUMA:03900"",""WV:PUMA:00200"",""NY:PUMA:00902"",""OH:PUMA:01803"",""OH:PUMA:01900"",""IL:PUMA:03419"",""NC:PUMA:01205"",""MA:PUMA:03305"",""MT:PUMA:00600"",""NC:PUMA:01203"",""NY:PUMA:02002"",""CA:PUMA:06505"",""TX:PUMA:04608"",""WV:PUMA:00600"",""WA:PUMA:11603"",""MA:PUMA:00504"",""TX:PUMA:03802"",""IN:PUMA:03500"",""NY:PUMA:02500"",""TX:PUMA:06603"",""CO:PUMA:00813"",""CO:PUMA:00814"",""MA:PUMA:00300"",""CT:PUMA:00904"",""IL:PUMA:02000"",""TX:PUMA:05308"",""AZ:PUMA:00102"",""MA:PUMA:03603"",""NY:PUMA:00300"",""WI:PUMA:10000"",""TX:PUMA:06302"",""NE:PUMA:00500"",""CA:PUMA:07504"",""CA:PUMA:06512"",""MA:PUMA:00507"",""CA:PUMA:03718"",""KY:PUMA:00500"",""PA:PUMA:03207"",""WV:PUMA:01200"",""PA:PUMA:04002"",""NC:PUMA:02400"",""MA:PUMA:01300"",""IL:PUMA:03523"",""CA:PUMA:00106"",""PA:PUMA:03208"",""TX:PUMA:02301"",""PA:PUMA:03503"",""NH:PUMA:00800"",""TX:PUMA:02503"",""IL:PUMA:03307"",""FL:PUMA:08302"",""CA:PUMA:04102"",""NH:PUMA:00900"",""NH:PUMA:00400"",""MO:PUMA:02100"",""FL:PUMA:07104"",""CA:PUMA:06506"",""FL:PUMA:10104"",""KY:PUMA:01901"",""AL:PUMA:01400"",""TX:PUMA:02006"",""FL:PUMA:01113""]",0.010405853680073731,1.0594749217516306,-0.1840787529232986,1.0038149492235693,0.005518933494835515,0.9834834540121384,-0.03244630334556621,0.8845676892340727,-0.11840481461957932,1.1057100567830214,0.05021020590658533,1.0407510770295425,0.10192172840171793,1.0910439784374852,0.006776955598665348,0.9951856062656356,-0.09652588098560026,1.046451743811225,0.014528051071551331,0.9933368754348624,0.12038085200367095,1.127475233279845,-0.07690682679511941,1.1579217273288656,-0.019581807529523213,1.0563621968973718,-0.050868475137038106,1.0913891001348968,0.004439162483220618,0.99990016648031,0.2167266948687259,1.2476922695438373
1,5f9644338fd1ffb661753079b4934480b3eeda0e0c9d645343ee506a34070007,c52014b8f05c192c,ACSEmployment,2018,b505147ac2879d972461,100000,100,16,PUMA,95,FL:PUMA:10104,95,1630,1228,603,625,0.49104234527687296,0.508957654723127,48925,51075,0.012324987225344915,0.012236906510034264,1.0071979560551865,1.3747296526482156,False,,False,0.95,False,True,False,True,0,0,132766,30181213ed668ac6a29e6c307660c811870ee7d9811983a9bde5b673b032434d,4f098505a266b8abffdec33b9d9eb61602b1fa0d94863d95369e873a476977bc,"[""IL:PUMA:03501"",""IL:PUMA:03504"",""OH:PUMA:05100"",""ME:PUMA:00700"",""TX:PUMA:05306"",""TN:PUMA:01604"",""ME:PUMA:00200"",""TX:PUMA:02311"",""FL:PUMA:03107"",""TX:PUMA:04619"",""TX:PUMA:02800"",""TX:PUMA:01100"",""GA:PUMA:02300"",""NY:PUMA:04013"",""AL:PUMA:01200"",""AZ:PUMA:00126"",""PA:PUMA:00900"",""OH:PUMA:04102"",""AZ:PUMA:00114"",""FL:PUMA:03102"",""MD:PUMA:00503"",""CA:PUMA:09501"",""OR:PUMA:01317"",""WI:PUMA:41003"",""OH:PUMA:05507"",""IN:PUMA:02100"",""CA:PUMA:00702"",""TX:PUMA:02700"",""OH:PUMA:04602"",""ID:PUMA:00200"",""PA:PUMA:01807"",""FL:PUMA:01500"",""GA:PUMA:03101"",""IN:PUMA:00104"",""GA:PUMA:02002"",""PA:PUMA:00600"",""AL:PUMA:00700"",""FL:PUMA:05703"",""MA:PUMA:03900"",""WV:PUMA:00200"",""NY:PUMA:00902"",""OH:PUMA:01803"",""OH:PUMA:01900"",""IL:PUMA:03419"",""NC:PUMA:01205"",""MA:PUMA:03305"",""MT:PUMA:00600"",""NC:PUMA:01203"",""NY:PUMA:02002"",""CA:PUMA:06505"",""TX:PUMA:04608"",""WV:PUMA:00600"",""WA:PUMA:11603"",""MA:PUMA:00504"",""TX:PUMA:03802"",""IN:PUMA:03500"",""NY:PUMA:02500"",""TX:PUMA:06603"",""CO:PUMA:00813"",""CO:PUMA:00814"",""MA:PUMA:00300"",""CT:PUMA:00904"",""IL:PUMA:02000"",""TX:PUMA:05308"",""AZ:PUMA:00102"",""MA:PUMA:03603"",""NY:PUMA:00300"",""WI:PUMA:10000"",""TX:PUMA:06302"",""NE:PUMA:00500"",""CA:PUMA:07504"",""CA:PUMA:06512"",""MA:PUMA:00507"",""CA:PUMA:03718"",""KY:PUMA:00500"",""PA:PUMA:03207"",""WV:PUMA:01200"",""PA:PUMA:04002"",""NC:PUMA:02400"",""MA:PUMA:01300"",""IL:PUMA:03523"",""CA:PUMA:00106"",""PA:PUMA:03208"",""TX:PUMA:02301"",""PA:PUMA:03503"",""NH:PUMA:00800"",""TX:PUMA:02503"",""IL:PUMA:03307"",""FL:PUMA:08302"",""CA:PUMA:04102"",""NH:PUMA:00900"",""NH:PUMA:00400"",""MO:PUMA:02100"",""FL:PUMA:07104"",""CA:PUMA:06506"",""FL:PUMA:10104"",""KY:PUMA:01901"",""AL:PUMA:01400"",""TX:PUMA:02006"",""FL:PUMA:01113""]",0.010957824600801308,0.9830524024265028,0.061907496433108306,0.9956027945804028,-0.15016172776212858,0.9866460681189029,-0.14518330540949453,0.7554022140881872,0.1151521682665292,0.8698422149627187,-0.01843988391711674,0.8868946316981199,0.0433120823372823,1.0023450331939405,0.005500120810966856,0.985549195067419,-0.07496507617483374,1.0392721955109514,-0.03350268144372203,0.9289225524912756,0.026563699098939582,1.0306969720744983,0.04720979614323161,0.885973254538008,0.0771271586764278,0.732147354388732,0.05599132082114944,0.930139453461057,-0.002349575345588921,1.0000448612565676,-0.03972741935657527,0.998511442929762
1,5f9644338fd1ffb661753079b4934480b3eeda0e0c9d645343ee506a34070007,c52014b8f05c192c,ACSEmployment,2018,b505147ac2879d972461,100000,100,16,PUMA,96,KY:PUMA:01901,96,1118,842,396,446,0.47030878859857483,0.5296912114014252,48925,51075,0.008094021461420542,0.00873225648556045,1.0788526478688005,1.3747296526482156,False,,False,0.95,False,True,False,True,0,0,132766,30181213ed668ac6a29e6c307660c811870ee7d9811983a9bde5b673b032434d,4f098505a266b8abffdec33b9d9eb61602b1fa0d94863d95369e873a476977bc,"[""IL:PUMA:03501"",""IL:PUMA:03504"",""OH:PUMA:05100"",""ME:PUMA:00700"",""TX:PUMA:05306"",""TN:PUMA:01604"",""ME:PUMA:00200"",""TX:PUMA:02311"",""FL:PUMA:03107"",""TX:PUMA:04619"",""TX:PUMA:02800"",""TX:PUMA:01100"",""GA:PUMA:02300"",""NY:PUMA:04013"",""AL:PUMA:01200"",""AZ:PUMA:00126"",""PA:PUMA:00900"",""OH:PUMA:04102"",""AZ:PUMA:00114"",""FL:PUMA:03102"",""MD:PUMA:00503"",""CA:PUMA:09501"",""OR:PUMA:01317"",""WI:PUMA:41003"",""OH:PUMA:05507"",""IN:PUMA:02100"",""CA:PUMA:00702"",""TX:PUMA:02700"",""OH:PUMA:04602"",""ID:PUMA:00200"",""PA:PUMA:01807"",""FL:PUMA:01500"",""GA:PUMA:03101"",""IN:PUMA:00104"",""GA:PUMA:02002"",""PA:PUMA:00600"",""AL:PUMA:00700"",""FL:PUMA:05703"",""MA:PUMA:03900"",""WV:PUMA:00200"",""NY:PUMA:00902"",""OH:PUMA:01803"",""OH:PUMA:01900"",""IL:PUMA:03419"",""NC:PUMA:01205"",""MA:PUMA:03305"",""MT:PUMA:00600"",""NC:PUMA:01203"",""NY:PUMA:02002"",""CA:PUMA:06505"",""TX:PUMA:04608"",""WV:PUMA:00600"",""WA:PUMA:11603"",""MA:PUMA:00504"",""TX:PUMA:03802"",""IN:PUMA:03500"",""NY:PUMA:02500"",""TX:PUMA:06603"",""CO:PUMA:00813"",""CO:PUMA:00814"",""MA:PUMA:00300"",""CT:PUMA:00904"",""IL:PUMA:02000"",""TX:PUMA:05308"",""AZ:PUMA:00102"",""MA:PUMA:03603"",""NY:PUMA:00300"",""WI:PUMA:10000"",""TX:PUMA:06302"",""NE:PUMA:00500"",""CA:PUMA:07504"",""CA:PUMA:06512"",""MA:PUMA:00507"",""CA:PUMA:03718"",""KY:PUMA:00500"",""PA:PUMA:03207"",""WV:PUMA:01200"",""PA:PUMA:04002"",""NC:PUMA:02400"",""MA:PUMA:01300"",""IL:PUMA:03523"",""CA:PUMA:00106"",""PA:PUMA:03208"",""TX:PUMA:02301"",""PA:PUMA:03503"",""NH:PUMA:00800"",""TX:PUMA:02503"",""IL:PUMA:03307"",""FL:PUMA:08302"",""CA:PUMA:04102"",""NH:PUMA:00900"",""NH:PUMA:00400"",""MO:PUMA:02100"",""FL:PUMA:07104"",""CA:PUMA:06506"",""FL:PUMA:10104"",""KY:PUMA:01901"",""AL:PUMA:01400"",""TX:PUMA:02006"",""FL:PUMA:01113""]",-0.21413604076262838,0.9429919669413575,0.1689042666132372,0.983631982974805,0.2628961990185625,0.976617687515529,0.28194342593187904,1.3323311451952664,-0.015342383578792921,1.0150980668760101,-0.03695402356644129,1.006226752805067,-0.08045585096704634,0.923077717894632,0.4489171911419775,1.3342902573071014,0.11953956824747386,0.9256033973490033,0.01892624581139565,0.967166525256332,-0.09609979437576854,0.8733255486766346,0.08301117822127466,0.7866976734787333,0.037359859215638926,0.8813322766719305,-0.01935441316682456,1.0040636754519978,0.03912605478610648,0.9984403306709352,-0.1068082871797192,0.9006694359782896
1,5f9644338fd1ffb661753079b4934480b3eeda0e0c9d645343ee506a34070007,c52014b8f05c192c,ACSEmployment,2018,b505147ac2879d972461,100000,100,16,PUMA,97,AL:PUMA:01400,97,1163,876,428,448,0.4885844748858447,0.5114155251141552,48925,51075,0.008748083801737354,0.00877141458639256,1.002666959437514,1.3747296526482156,False,,False,0.95,False,True,False,True,0,0,132766,30181213ed668ac6a29e6c307660c811870ee7d9811983a9bde5b673b032434d,4f098505a266b8abffdec33b9d9eb61602b1fa0d94863d95369e873a476977bc,"[""IL:PUMA:03501"",""IL:PUMA:03504"",""OH:PUMA:05100"",""ME:PUMA:00700"",""TX:PUMA:05306"",""TN:PUMA:01604"",""ME:PUMA:00200"",""TX:PUMA:02311"",""FL:PUMA:03107"",""TX:PUMA:04619"",""TX:PUMA:02800"",""TX:PUMA:01100"",""GA:PUMA:02300"",""NY:PUMA:04013"",""AL:PUMA:01200"",""AZ:PUMA:00126"",""PA:PUMA:00900"",""OH:PUMA:04102"",""AZ:PUMA:00114"",""FL:PUMA:03102"",""MD:PUMA:00503"",""CA:PUMA:09501"",""OR:PUMA:01317"",""WI:PUMA:41003"",""OH:PUMA:05507"",""IN:PUMA:02100"",""CA:PUMA:00702"",""TX:PUMA:02700"",""OH:PUMA:04602"",""ID:PUMA:00200"",""PA:PUMA:01807"",""FL:PUMA:01500"",""GA:PUMA:03101"",""IN:PUMA:00104"",""GA:PUMA:02002"",""PA:PUMA:00600"",""AL:PUMA:00700"",""FL:PUMA:05703"",""MA:PUMA:03900"",""WV:PUMA:00200"",""NY:PUMA:00902"",""OH:PUMA:01803"",""OH:PUMA:01900"",""IL:PUMA:03419"",""NC:PUMA:01205"",""MA:PUMA:03305"",""MT:PUMA:00600"",""NC:PUMA:01203"",""NY:PUMA:02002"",""CA:PUMA:06505"",""TX:PUMA:04608"",""WV:PUMA:00600"",""WA:PUMA:11603"",""MA:PUMA:00504"",""TX:PUMA:03802"",""IN:PUMA:03500"",""NY:PUMA:02500"",""TX:PUMA:06603"",""CO:PUMA:00813"",""CO:PUMA:00814"",""MA:PUMA:00300"",""CT:PUMA:00904"",""IL:PUMA:02000"",""TX:PUMA:05308"",""AZ:PUMA:00102"",""MA:PUMA:03603"",""NY:PUMA:00300"",""WI:PUMA:10000"",""TX:PUMA:06302"",""NE:PUMA:00500"",""CA:PUMA:07504"",""CA:PUMA:06512"",""MA:PUMA:00507"",""CA:PUMA:03718"",""KY:PUMA:00500"",""PA:PUMA:03207"",""WV:PUMA:01200"",""PA:PUMA:04002"",""NC:PUMA:02400"",""MA:PUMA:01300"",""IL:PUMA:03523"",""CA:PUMA:00106"",""PA:PUMA:03208"",""TX:PUMA:02301"",""PA:PUMA:03503"",""NH:PUMA:00800"",""TX:PUMA:02503"",""IL:PUMA:03307"",""FL:PUMA:08302"",""CA:PUMA:04102"",""NH:PUMA:00900"",""NH:PUMA:00400"",""MO:PUMA:02100"",""FL:PUMA:07104"",""CA:PUMA:06506"",""FL:PUMA:10104"",""KY:PUMA:01901"",""AL:PUMA:01400"",""TX:PUMA:02006"",""FL:PUMA:01113""]",0.1250015935812083,1.020230783653348,-0.16098055412483947,0.9347239167762714,-0.1328023074228005,0.949747217545893,-0.0964829509435005,0.8899495430137981,-0.3730469908649293,1.2674048001946916,-0.050945928172690405,0.9637786368870996,-0.3638496983818001,0.1993033169919497,-0.046506786286952206,0.9692544865412202,0.0597951381356092,0.9517374349314488,0.289874194553925,1.167263535848966,-0.35100383999052087,0.20924148274458912,-0.19911032654026617,1.3630656932251701,-0.22954880366763075,1.5200194636947184,-0.07192334816329021,1.0402130782407468,0.0025671750620549693,0.9999446703183805,-0.2801139975256041,0.6577018598186827
1,5f9644338fd1ffb661753079b4934480b3eeda0e0c9d645343ee506a34070007,c52014b8f05c192c,ACSEmployment,2018,b505147ac2879d972461,100000,100,16,PUMA,98,TX:PUMA:02006,98,1667,1256,619,637,0.4928343949044586,0.5071656050955414,48925,51075,0.012652018395503322,0.01247185511502692,1.0144455879911023,1.3747296526482156,False,,False,0.95,False,True,False,True,0,0,132766,30181213ed668ac6a29e6c307660c811870ee7d9811983a9bde5b673b032434d,4f098505a266b8abffdec33b9d9eb61602b1fa0d94863d95369e873a476977bc,"[""IL:PUMA:03501"",""IL:PUMA:03504"",""OH:PUMA:05100"",""ME:PUMA:00700"",""TX:PUMA:05306"",""TN:PUMA:01604"",""ME:PUMA:00200"",""TX:PUMA:02311"",""FL:PUMA:03107"",""TX:PUMA:04619"",""TX:PUMA:02800"",""TX:PUMA:01100"",""GA:PUMA:02300"",""NY:PUMA:04013"",""AL:PUMA:01200"",""AZ:PUMA:00126"",""PA:PUMA:00900"",""OH:PUMA:04102"",""AZ:PUMA:00114"",""FL:PUMA:03102"",""MD:PUMA:00503"",""CA:PUMA:09501"",""OR:PUMA:01317"",""WI:PUMA:41003"",""OH:PUMA:05507"",""IN:PUMA:02100"",""CA:PUMA:00702"",""TX:PUMA:02700"",""OH:PUMA:04602"",""ID:PUMA:00200"",""PA:PUMA:01807"",""FL:PUMA:01500"",""GA:PUMA:03101"",""IN:PUMA:00104"",""GA:PUMA:02002"",""PA:PUMA:00600"",""AL:PUMA:00700"",""FL:PUMA:05703"",""MA:PUMA:03900"",""WV:PUMA:00200"",""NY:PUMA:00902"",""OH:PUMA:01803"",""OH:PUMA:01900"",""IL:PUMA:03419"",""NC:PUMA:01205"",""MA:PUMA:03305"",""MT:PUMA:00600"",""NC:PUMA:01203"",""NY:PUMA:02002"",""CA:PUMA:06505"",""TX:PUMA:04608"",""WV:PUMA:00600"",""WA:PUMA:11603"",""MA:PUMA:00504"",""TX:PUMA:03802"",""IN:PUMA:03500"",""NY:PUMA:02500"",""TX:PUMA:06603"",""CO:PUMA:00813"",""CO:PUMA:00814"",""MA:PUMA:00300"",""CT:PUMA:00904"",""IL:PUMA:02000"",""TX:PUMA:05308"",""AZ:PUMA:00102"",""MA:PUMA:03603"",""NY:PUMA:00300"",""WI:PUMA:10000"",""TX:PUMA:06302"",""NE:PUMA:00500"",""CA:PUMA:07504"",""CA:PUMA:06512"",""MA:PUMA:00507"",""CA:PUMA:03718"",""KY:PUMA:00500"",""PA:PUMA:03207"",""WV:PUMA:01200"",""PA:PUMA:04002"",""NC:PUMA:02400"",""MA:PUMA:01300"",""IL:PUMA:03523"",""CA:PUMA:00106"",""PA:PUMA:03208"",""TX:PUMA:02301"",""PA:PUMA:03503"",""NH:PUMA:00800"",""TX:PUMA:02503"",""IL:PUMA:03307"",""FL:PUMA:08302"",""CA:PUMA:04102"",""NH:PUMA:00900"",""NH:PUMA:00400"",""MO:PUMA:02100"",""FL:PUMA:07104"",""CA:PUMA:06506"",""FL:PUMA:10104"",""KY:PUMA:01901"",""AL:PUMA:01400"",""TX:PUMA:02006"",""FL:PUMA:01113""]",-0.11435620414901088,0.9824347125074908,-0.07127161311566557,1.0582223926858376,-0.11419935027070152,1.0095823937894568,-0.17133393353280915,0.6716051393843039,0.05654539653037776,0.940109059945623,0.04416621124565416,0.9304839255576836,-0.17041941638768626,0.7776865962160923,-0.026050828982164643,0.9747621907220969,-0.15988968906465598,1.0849503979667245,0.10870265344859745,1.0195735650077975,-0.1749079040799234,0.7445198525633194,-0.01979749699261345,1.0434824094871644,0.03416028372860725,0.8921747385053465,-0.033962615853793905,1.0847442041707027,-0.005934410725482238,1.0001026680958662,-0.15460104282374926,0.875864696873345
1,5f9644338fd1ffb661753079b4934480b3eeda0e0c9d645343ee506a34070007,c52014b8f05c192c,ACSEmployment,2018,b505147ac2879d972461,100000,100,16,PUMA,99,FL:PUMA:01113,99,1166,878,426,452,0.48519362186788156,0.5148063781321185,48925,51075,0.008707204905467553,0.00884973078805678,1.0163687295907933,1.3747296526482156,False,,False,0.95,False,True,False,True,0,0,132766,30181213ed668ac6a29e6c307660c811870ee7d9811983a9bde5b673b032434d,4f098505a266b8abffdec33b9d9eb61602b1fa0d94863d95369e873a476977bc,"[""IL:PUMA:03501"",""IL:PUMA:03504"",""OH:PUMA:05100"",""ME:PUMA:00700"",""TX:PUMA:05306"",""TN:PUMA:01604"",""ME:PUMA:00200"",""TX:PUMA:02311"",""FL:PUMA:03107"",""TX:PUMA:04619"",""TX:PUMA:02800"",""TX:PUMA:01100"",""GA:PUMA:02300"",""NY:PUMA:04013"",""AL:PUMA:01200"",""AZ:PUMA:00126"",""PA:PUMA:00900"",""OH:PUMA:04102"",""AZ:PUMA:00114"",""FL:PUMA:03102"",""MD:PUMA:00503"",""CA:PUMA:09501"",""OR:PUMA:01317"",""WI:PUMA:41003"",""OH:PUMA:05507"",""IN:PUMA:02100"",""CA:PUMA:00702"",""TX:PUMA:02700"",""OH:PUMA:04602"",""ID:PUMA:00200"",""PA:PUMA:01807"",""FL:PUMA:01500"",""GA:PUMA:03101"",""IN:PUMA:00104"",""GA:PUMA:02002"",""PA:PUMA:00600"",""AL:PUMA:00700"",""FL:PUMA:05703"",""MA:PUMA:03900"",""WV:PUMA:00200"",""NY:PUMA:00902"",""OH:PUMA:01803"",""OH:PUMA:01900"",""IL:PUMA:03419"",""NC:PUMA:01205"",""MA:PUMA:03305"",""MT:PUMA:00600"",""NC:PUMA:01203"",""NY:PUMA:02002"",""CA:PUMA:06505"",""TX:PUMA:04608"",""WV:PUMA:00600"",""WA:PUMA:11603"",""MA:PUMA:00504"",""TX:PUMA:03802"",""IN:PUMA:03500"",""NY:PUMA:02500"",""TX:PUMA:06603"",""CO:PUMA:00813"",""CO:PUMA:00814"",""MA:PUMA:00300"",""CT:PUMA:00904"",""IL:PUMA:02000"",""TX:PUMA:05308"",""AZ:PUMA:00102"",""MA:PUMA:03603"",""NY:PUMA:00300"",""WI:PUMA:10000"",""TX:PUMA:06302"",""NE:PUMA:00500"",""CA:PUMA:07504"",""CA:PUMA:06512"",""MA:PUMA:00507"",""CA:PUMA:03718"",""KY:PUMA:00500"",""PA:PUMA:03207"",""WV:PUMA:01200"",""PA:PUMA:04002"",""NC:PUMA:02400"",""MA:PUMA:01300"",""IL:PUMA:03523"",""CA:PUMA:00106"",""PA:PUMA:03208"",""TX:PUMA:02301"",""PA:PUMA:03503"",""NH:PUMA:00800"",""TX:PUMA:02503"",""IL:PUMA:03307"",""FL:PUMA:08302"",""CA:PUMA:04102"",""NH:PUMA:00900"",""NH:PUMA:00400"",""MO:PUMA:02100"",""FL:PUMA:07104"",""CA:PUMA:06506"",""FL:PUMA:10104"",""KY:PUMA:01901"",""AL:PUMA:01400"",""TX:PUMA:02006"",""FL:PUMA:01113""]",0.029911911220819425,0.9874281934441078,-0.0010989972420920497,0.9873642867054649,0.02248941615545928,0.9896958507503594,-0.011066577901012334,0.9543021213599084,0.015160755816132623,0.9846185218594854,0.0038157281303363194,1.0570462746909424,0.6877277371742574,1.4014639909840139,0.011182184906726072,0.9772658949848314,0.04641185604081994,0.9803080564933588,-0.11361623176624237,0.9635809145222145,0.7270885398655615,1.4821921674729845,0.03774134040226631,0.9101851108870415,0.006863016246491681,0.9793863318448811,-0.019433539949643988,1.0128222266078952,0.00935027396718357,0.9997667423501184,0.09015967993112377,1.0616366336695324
