dataset,seed,T,method,repetition,position,algorithm_seconds,e2e_seconds,startup_seconds,cold_launch_e2e_seconds,input_loading_seconds,retained_materialization_seconds,checkpoint_loading_seconds,gc_seconds,witness_construction_seconds,output_serialization_seconds,request_other_seconds,encoding_seconds,internal_materialization_seconds,phase1_client_seconds,phase1_server_seconds,phase2_certify_seconds,phase2_recompute_seconds,phase2_server_seconds,shift_bounds_seconds,algorithm_other_seconds,failed_assignment_seconds,fallback_sunk_seconds,fallback_rebuild_seconds,ideal_parallel_compute_seconds,N,A,P,S,J,assignment_point_units,abandonment_round,Phi,sum_group_normalized_costs,Phi_A,Phi_B,output_bytes,rss_bytes,started_unix,metadata_path,correctness
adult,10000,0,fresh,0,0,0.2523665000044275,0.261316167016048,0.06585502624511719,0.32717108726501465,0.00329633301589638,0.0022520000056829304,0.0,0.0018215830205008388,0.0004065000102855265,0.001117000007070601,5.625095218420029e-05,0.008751083019888029,0.0,0.23184254512307234,0.008228958991821855,0.0,0.0,0.0,0.0,0.0035439128696452826,0.0,0.0,0.0,0.016297957976348698,0,0,0,0,0,0,,121.61304706311894,226.29921822720786,121.61304706311894,104.68617116408892,99021,166068224,1790405172.422413,runs/round-budget-20260926T064431Z/adult_s10000_T0/r0_fresh.json,PASS
adult,10000,0,fresh,1,3,0.25526754098245874,0.26441295800032094,0.06638121604919434,0.330794095993042,0.0035119160020258278,0.002241625013994053,0.0,0.0016869160172063857,0.0004328340000938624,0.0012044580071233213,6.766797741875052e-05,0.008956917008617893,0.0,0.23345596279250458,0.008468541986076161,0.0,0.0,0.0,0.0,0.0043861191952601075,0.0,0.0,0.0,0.016813249996630475,0,0,0,0,0,0,,121.61304706311894,226.29921822720786,121.61304706311894,104.68617116408892,99021,166100992,1790405173.728928,runs/round-budget-20260926T064431Z/adult_s10000_T0/r1_fresh.json,PASS
adult,10000,0,fresh,2,2,0.2525282080168836,0.2617965829849709,0.06608414649963379,0.3278806209564209,0.0033635409781709313,0.0023066670109983534,0.0,0.001942958973813802,0.00042158301221206784,0.0011719579924829304,6.166700040921569e-05,0.008212249987991527,0.0,0.23235620494233444,0.008532749983714893,0.0,0.0,0.0,0.0,0.0034270031028427184,0.0,0.0,0.0,0.01680729098734446,0,0,0,0,0,0,,121.61304706311894,226.29921822720786,121.61304706311894,104.68617116408892,99021,165265408,1790405174.398381,runs/round-budget-20260926T064431Z/adult_s10000_T0/r2_fresh.json,PASS
adult,10000,0,fresh,3,1,0.25568354199640453,0.26508979202480987,0.06640195846557617,0.33149170875549316,0.003497875004541129,0.0024641250201966614,0.0,0.0017887080030050129,0.00042541700531728566,0.0011661250027827919,6.399999256245792e-05,0.008297667023725808,0.0,0.23524987587006763,0.0084827920072712,0.0,0.0,0.0,0.0,0.0036532070953398943,0.0,0.0,0.0,0.01668141598929651,0,0,0,0,0,0,,121.61304706311894,226.29921822720786,121.61304706311894,104.68617116408892,99021,169771008,1790405175.0669088,runs/round-budget-20260926T064431Z/adult_s10000_T0/r3_fresh.json,PASS
adult,10000,0,none,0,1,0.06557720899581909,0.08440516699920408,0.06656599044799805,0.1509711742401123,0.0037227080028969795,0.0028150420112069696,0.008602916990639642,0.0017472920008003712,0.00044329199590720236,0.00141891700332053,7.778999861329794e-05,0.0,0.00576216698391363,0.04759124762495048,0.008750249980948865,0.0,0.0,0.0,0.0,0.0034735444060061127,0.0,0.0,0.0,0.015819499967619777,0,0,0,0,0,0,0,121.61304706311894,226.29921822720786,121.61304706311894,104.68617116408892,99021,214024192,1790405172.761182,runs/round-budget-20260926T064431Z/adult_s10000_T0/r0_none.json,PASS
adult,10000,0,none,1,0,0.0646166669903323,0.08256658399477601,0.06572294235229492,0.14828944206237793,0.0034032499825116247,0.0024949589860625565,0.008615292026661336,0.0018632920109666884,0.00039166701026260853,0.0011064160207752138,7.50409672036767e-05,0.0,0.005709749995730817,0.04742008217726834,0.008452250011032447,0.0,0.0,0.0,0.0,0.0030345848063006997,0.0,0.0,0.0,0.01595920798717998,0,0,0,0,0,0,0,121.61304706311894,226.29921822720786,121.61304706311894,104.68617116408892,99021,209731584,1790405173.243731,runs/round-budget-20260926T064431Z/adult_s10000_T0/r1_none.json,PASS
adult,10000,0,none,2,3,0.06578254100168124,0.08417779201408848,0.07014918327331543,0.1543269157409668,0.003354208020027727,0.00256266602082178,0.008744624996325001,0.0020463330147322267,0.0004268330230843276,0.0011884169944096357,7.21689430065453e-05,0.0,0.005975792009849101,0.04771792801329866,0.008939583000028506,0.0,0.0,0.0,0.0,0.0031492379785049707,0.0,0.0,0.0,0.01670049998210743,0,0,0,0,0,0,0,121.61304706311894,226.29921822720786,121.61304706311894,104.68617116408892,99021,213401600,1790405174.741527,runs/round-budget-20260926T064431Z/adult_s10000_T0/r2_none.json,PASS
adult,10000,0,none,3,2,0.06377383301150985,0.0820247920055408,0.06569075584411621,0.14771556854248047,0.0033123340108431876,0.002532166981836781,0.008671457995660603,0.001822082995204255,0.00041720899753272533,0.0014262920012697577,6.941601168364286e-05,0.0,0.005449832999147475,0.04661682769074105,0.008586166019085795,0.0,0.0,0.0,0.0,0.003121006302535534,0.0,0.0,0.0,0.015834040998015553,0,0,0,0,0,0,0,121.61304706311894,226.29921822720786,121.61304706311894,104.68617116408892,99021,209436672,1790405175.40916,runs/round-budget-20260926T064431Z/adult_s10000_T0/r3_none.json,PASS
adult,10000,0,basic,0,2,0.06478716598940082,0.08242349998909049,0.06479215621948242,0.1472156047821045,0.003368124976987019,0.0024120419984683394,0.008202124998206273,0.0019348339992575347,0.0004091660084668547,0.0012431670038495213,6.687501445412636e-05,0.0,0.00571154200588353,0.0473860400961712,0.008598999993409961,0.0,0.0,0.0,0.0,0.0030905838939361274,0.0,0.0,0.0,0.015954998991219327,0,0,0,0,0,0,,121.61304706311894,226.29921822720786,121.61304706311894,104.68617116408892,99021,213352448,1790405172.923042,runs/round-budget-20260926T064431Z/adult_s10000_T0/r0_basic.json,PASS
adult,10000,0,basic,1,1,0.06465470799594186,0.08302233400172554,0.06751608848571777,0.15053844451904297,0.0033581250172574073,0.002252334001241252,0.008878790977178141,0.002137500006938353,0.00042483399738557637,0.0012402079883031547,7.583401747979224e-05,0.0,0.005794833006802946,0.0470787487574853,0.008594624989200383,0.0,0.0,0.0,0.0,0.0031865012424532324,0.0,0.0,0.0,0.016109207994304597,0,0,0,0,0,0,,121.61304706311894,226.29921822720786,121.61304706311894,104.68617116408892,99021,213680128,1790405173.405704,runs/round-budget-20260926T064431Z/adult_s10000_T0/r1_basic.json,PASS
adult,10000,0,basic,2,0,0.06543566597974859,0.08340612499159761,0.06628608703613281,0.14969229698181152,0.0034735840163193643,0.0024801660038065165,0.008409041998675093,0.0017908329900819808,0.0004276249965187162,0.0013144999975338578,7.47090089134872e-05,0.0,0.005890708009246737,0.047458716813707724,0.008869417011737823,0.0,0.0,0.0,0.0,0.0032168241450563073,0.0,0.0,0.0,0.016061917005572468,0,0,0,0,0,0,,121.61304706311894,226.29921822720786,121.61304706311894,104.68617116408892,99021,213336064,1790405174.070316,runs/round-budget-20260926T064431Z/adult_s10000_T0/r2_basic.json,PASS
adult,10000,0,basic,3,3,0.06474958299077116,0.08321516698924825,0.0684669017791748,0.15168213844299316,0.0035272089880891144,0.002368332992773503,0.008708167006261647,0.002129917003912851,0.0004370829847175628,0.0012146249937359244,8.025002898648381e-05,0.0,0.005516917008208111,0.047601665020920336,0.008468040992738679,0.0,0.0,0.0,0.0,0.0031629599689040333,0.0,0.0,0.0,0.016006499994546175,0,0,0,0,0,0,,121.61304706311894,226.29921822720786,121.61304706311894,104.68617116408892,99021,213680128,1790405175.571348,runs/round-budget-20260926T064431Z/adult_s10000_T0/r3_basic.json,PASS
adult,10000,0,runnerup,0,3,0.0648713749833405,0.08254833301180042,0.06544184684753418,0.14799022674560547,0.003321333002531901,0.002610708004795015,0.008421333011938259,0.0017078329983633012,0.0004255410167388618,0.0011243330081924796,6.587698590010405e-05,0.0,0.006017625011736527,0.047308046312537044,0.00870074998238124,0.0,0.0,0.0,0.0,0.002844953676685691,0.0,0.0,0.0,0.016085791983641684,0,0,0,0,0,0,,121.61304706311894,226.29921822720786,121.61304706311894,104.68617116408892,99021,209797120,1790405173.083194,runs/round-budget-20260926T064431Z/adult_s10000_T0/r0_runnerup.json,PASS
adult,10000,0,runnerup,1,2,0.06484270800137892,0.08264654199592769,0.06677699089050293,0.14942359924316406,0.0035358750028535724,0.0023298750165849924,0.00845104199834168,0.001793500006897375,0.0004276249965187162,0.0011802079970948398,8.570897625759244e-05,0.0,0.006030415999703109,0.04717341475770809,0.008582707989262417,0.0,0.0,0.0,0.0,0.00305616925470531,0.0,0.0,0.0,0.016031415987526998,0,0,0,0,0,0,,121.61304706311894,226.29921822720786,121.61304706311894,104.68617116408892,99021,209715200,1790405173.568185,runs/round-budget-20260926T064431Z/adult_s10000_T0/r1_runnerup.json,PASS
adult,10000,0,runnerup,2,1,0.06636779199470766,0.08478329100762494,0.06851410865783691,0.15329742431640625,0.0036889160110149533,0.0023699159792158753,0.008737833006307483,0.0019323340093251318,0.0004346249916125089,0.001163332985015586,8.854203042574227e-05,0.0,0.0058010839857161045,0.0488734187965747,0.00859754197881557,0.0,0.0,0.0,0.0,0.003095747233601287,0.0,0.0,0.0,0.01660037596593611,0,0,0,0,0,0,,121.61304706311894,226.29921822720786,121.61304706311894,104.68617116408892,99021,213303296,1790405174.2350411,runs/round-budget-20260926T064431Z/adult_s10000_T0/r2_runnerup.json,PASS
adult,10000,0,runnerup,3,0,0.06473070898209698,0.08231670898385346,0.06678295135498047,0.14909958839416504,0.003377791988896206,0.0023400829813908786,0.008188125008018687,0.0020009169820696115,0.0004312080272939056,0.001181375002488494,6.650001159869134e-05,0.0,0.005940000002738088,0.04697416568524204,0.008755792019655928,0.0,0.0,0.0,0.0,0.0030607512744609267,0.0,0.0,0.0,0.015668709005694836,0,0,0,0,0,0,,121.61304706311894,226.29921822720786,121.61304706311894,104.68617116408892,99021,209616896,1790405174.905749,runs/round-budget-20260926T064431Z/adult_s10000_T0/r3_runnerup.json,PASS
adult,10000,1,fresh,0,3,0.4556538329925388,0.46660699998028576,0.06636595726013184,0.532973051071167,0.003269083972554654,0.002367000008234754,0.0,0.001894084009109065,0.0009372920030727983,0.0024195000005420297,6.620699423365295e-05,0.00887495797360316,0.0,0.23316303300089203,0.008493166998960078,0.0,0.11305599979823455,0.08802732988260686,0.0,0.0040393453382421285,0.0,0.0,0.0,0.10693166390410624,30132,0,0,0,0,30132,,99.46306050046745,195.65573042994833,99.46306050046745,96.19266992948089,192258,178536448,1790405182.465003,runs/round-budget-20260926T064431Z/adult_s10000_T1/r0_fresh.json,PASS
adult,10000,1,fresh,1,2,0.45338175000506453,0.4646278750151396,0.06641411781311035,0.5310420989990234,0.0035661669971887022,0.002464499993948266,0.0,0.001870625012088567,0.0009522080072201788,0.002328458009287715,6.416699034161866e-05,0.00846300000557676,0.0,0.23408804085920565,0.008596375002525747,0.0,0.11137104989029467,0.08694316999753937,0.0,0.003920114249922335,0.0,0.0,0.0,0.10578379398793913,30132,0,0,0,0,30132,,99.46306050046745,195.65573042994833,99.46306050046745,96.19266992948089,192258,183205888,1790405184.093973,runs/round-budget-20260926T064431Z/adult_s10000_T1/r1_fresh.json,PASS
adult,10000,1,fresh,2,1,0.454339334013639,0.46605487499618903,0.06685805320739746,0.5329129695892334,0.0037159589992370456,0.0027004169824067503,0.0,0.0019012090051546693,0.0009602080099284649,0.0023636250116396695,7.41229741834104e-05,0.00908116702339612,0.0,0.23381319901091047,0.0084500829980243,0.0,0.1125887508969754,0.08612778622773476,0.0,0.004278347856597975,0.0,0.0,0.0,0.10488957722554915,30132,0,0,0,0,30132,,99.46306050046745,195.65573042994833,99.46306050046745,96.19266992948089,192258,178487296,1790405185.5441751,runs/round-budget-20260926T064431Z/adult_s10000_T1/r2_fresh.json,PASS
adult,10000,1,fresh,3,0,0.4598056669929065,0.4712230000004638,0.07112503051757812,0.5423481464385986,0.003561707999324426,0.0027444169973023236,0.0,0.0017014589975588024,0.0009242079977411777,0.0024127500073518604,7.279100827872753e-05,0.009096958005102351,0.0,0.2381798007991165,0.008602458983659744,0.0,0.11221371014835313,0.08706291773705743,0.0,0.004649821319617331,0.0,0.0,0.0,0.10657083470141515,30132,0,0,0,0,30132,,99.46306050046745,195.65573042994833,99.46306050046745,96.19266992948089,192258,183271424,1790405187.007224,runs/round-budget-20260926T064431Z/adult_s10000_T1/r3_fresh.json,PASS
adult,10000,1,none,0,0,0.26580624998314306,0.2871632500027772,0.06630182266235352,0.35346508026123047,0.0034052080009132624,0.002833624981576577,0.010000415990361944,0.0017560420092195272,0.0009360839903820306,0.002351750008529052,7.387503865174949e-05,0.0,0.005744083988247439,0.0470931289892178,0.008695333992363885,0.0,0.11373437702422962,0.08686637305072509,6.279200897552073e-05,0.00361016092938371,0.0,0.0,0.0,0.10521420705481432,30132,0,0,0,0,30132,0,99.46306050046745,195.65573042994833,99.46306050046745,96.19266992948089,192258,226934784,1790405181.016866,runs/round-budget-20260926T064431Z/adult_s10000_T1/r0_none.json,PASS
adult,10000,1,none,1,3,0.26443091698456556,0.2861797910009045,0.06603407859802246,0.35221385955810547,0.0036318750062491745,0.0023575410014018416,0.010412957984954119,0.001915041997563094,0.000980958982836455,0.002378916018642485,7.158302469179034e-05,0.0,0.005430916993645951,0.04704428181867115,0.00851683400105685,0.0,0.11259612484718673,0.08703366696136072,5.2709016017615795e-05,0.003756383346626535,0.0,0.0,0.0,0.1050771260051988,30132,0,0,0,0,30132,0,99.46306050046745,195.65573042994833,99.46306050046745,96.19266992948089,192258,226820096,1790405184.63632,runs/round-budget-20260926T064431Z/adult_s10000_T1/r1_none.json,PASS
adult,10000,1,none,2,2,0.26770266698440537,0.28973766599665396,0.06672787666320801,0.35646557807922363,0.0035134579811710864,0.0028807090129703283,0.010159041994484141,0.001975582999875769,0.0009550419927109033,0.002473583008395508,7.758202264085412e-05,0.0,0.005988832999719307,0.047769844881258905,0.008924708003178239,0.0,0.11389666586183012,0.08742687097401358,6.72080204822123e-05,0.0036285362439230084,0.0,0.0,0.0,0.10589641198748723,30132,0,0,0,0,30132,0,99.46306050046745,195.65573042994833,99.46306050046745,96.19266992948089,192258,230195200,1790405186.089568,runs/round-budget-20260926T064431Z/adult_s10000_T1/r2_none.json,PASS
adult,10000,1,none,3,1,0.2665307080023922,0.28759487500065006,0.06589794158935547,0.35349273681640625,0.0032248749921564013,0.0022964169911574572,0.010141292004846036,0.0019733750086743385,0.0009512079996056855,0.0024156250001396984,6.137500167824328e-05,0.0,0.005832541995914653,0.04683833601302467,0.008701959013706073,0.0,0.1143927903030999,0.08730840909993276,5.699999746866524e-05,0.003399671579245478,0.0,0.0,0.0,0.10556149311014451,30132,0,0,0,0,30132,0,99.46306050046745,195.65573042994833,99.46306050046745,96.19266992948089,192258,226754560,1790405187.555681,runs/round-budget-20260926T064431Z/adult_s10000_T1/r3_none.json,PASS
adult,10000,1,basic,0,1,0.437201291002566,0.458936334005557,0.06595611572265625,0.5248925685882568,0.0033899999980349094,0.0027881250134669244,0.010199625015957281,0.002031167008681223,0.0009057080023922026,0.0023480840027332306,7.233396172523499e-05,0.0,0.005838916986249387,0.046804301062365994,0.008547999983420596,0.0009159540641121566,0.2607869060593657,0.10727720824070275,6.57909840811044e-05,0.006964213622268289,0.1447393731214106,0.1728822080185637,0.12092379099340178,0.1272873331909068,30132,30132,0,0,30132,60264,0,99.46306050046745,195.65573042994833,99.46306050046745,96.19266992948089,192258,228016128,1790405181.382741,runs/round-budget-20260926T064431Z/adult_s10000_T1/r0_basic.json,PASS
adult,10000,1,basic,1,0,0.43896016699727625,0.46049666599719785,0.06784582138061523,0.5283424854278564,0.003431832999922335,0.0023351249983534217,0.010085708985570818,0.0022238749952521175,0.0009442919981665909,0.0024400000111199915,7.566501153632998e-05,0.0,0.005963583011180162,0.0471655027649831,0.008569708006689325,0.0009545381763018668,0.26258750195847824,0.10644645677530207,5.2584015065804124e-05,0.007220292289275676,0.1461731240269728,0.17457212498993613,0.12136262501007877,0.1271102887694724,30132,30132,0,0,30132,60264,0,99.46306050046745,195.65573042994833,99.46306050046745,96.19266992948089,192258,228196352,1790405183.0117838,runs/round-budget-20260926T064431Z/adult_s10000_T1/r1_basic.json,PASS
adult,10000,1,basic,2,3,0.4404483340040315,0.4620262910029851,0.06623482704162598,0.5282611846923828,0.003543958009686321,0.00243987501016818,0.010283832991262898,0.0017896249773912132,0.0009727499855216593,0.0024781669781077653,6.974904681555927e-05,0.0,0.005922624986851588,0.04636820970335975,0.008602082991274074,0.0009879160206764936,0.26212516278610565,0.10915662065963261,5.179198342375457e-05,0.0072339248727075756,0.14596637492650189,0.17484554098336957,0.12103608300094493,0.12977766164112836,30132,30132,0,0,30132,60264,0,99.46306050046745,195.65573042994833,99.46306050046745,96.19266992948089,192258,229310464,1790405186.45924,runs/round-budget-20260926T064431Z/adult_s10000_T1/r2_basic.json,PASS
adult,10000,1,basic,3,2,0.4375787499884609,0.45895791600923985,0.06624817848205566,0.5252060890197754,0.003383541014045477,0.0023731669934932142,0.010210416978225112,0.0019145830010529608,0.001005083991913125,0.002431500004604459,6.087403744459152e-05,0.0,0.005740749998949468,0.0466925089713186,0.008649374998640269,0.0009339987300336361,0.2614100760256406,0.10710545722395182,6.42079976387322e-05,0.006982376042287797,0.14477116713533178,0.1726918329950422,0.12170854199212044,0.1275800412404351,30132,30132,0,0,30132,60264,0,99.46306050046745,195.65573042994833,99.46306050046745,96.19266992948089,192258,228327424,1790405187.922393,runs/round-budget-20260926T064431Z/adult_s10000_T1/r3_basic.json,PASS
adult,10000,1,runnerup,0,2,0.44273908299510367,0.4648742909776047,0.0656120777130127,0.5304863452911377,0.00336062497808598,0.0023508750018663704,0.009925000020302832,0.001936542015755549,0.0009335840004496276,0.0035645419848151505,6.403998122550547e-05,0.0,0.005623625009320676,0.04696004471043125,0.008576374995755032,0.002235168794868514,0.264814963855315,0.1072666201798711,4.9792026402428746e-05,0.0072124934231396765,0.14832099882187322,0.17783000000054017,0.12147358298534527,0.12739882813184522,30132,30132,0,0,30132,60264,0,99.46306050046745,195.65573042994833,99.46306050046745,96.19266992948089,192258,228835328,1790405181.92046,runs/round-budget-20260926T064431Z/adult_s10000_T1/r0_runnerup.json,PASS
adult,10000,1,runnerup,1,1,0.441062249999959,0.4620246249833144,0.0664670467376709,0.528491735458374,0.003429624979617074,0.002310624986421317,0.009998291003284976,0.0017822090012487024,0.0009480839944444597,0.00243333398248069,6.02070358581841e-05,0.0,0.005787750007584691,0.0464269959484227,0.008716000011190772,0.002386207925155759,0.26225857611279935,0.10807042208034545,5.462497938424349e-05,0.007361672935076058,0.1462335370888468,0.17674329099827446,0.1206564579915721,0.12824017205275595,30132,30132,0,0,30132,60264,0,99.46306050046745,195.65573042994833,99.46306050046745,96.19266992948089,192258,228786176,1790405183.552122,runs/round-budget-20260926T064431Z/adult_s10000_T1/r1_runnerup.json,PASS
adult,10000,1,runnerup,2,0,0.44118745799642056,0.46257483298541047,0.0661020278930664,0.5286767482757568,0.0035737910075113177,0.002280290995258838,0.01012491699657403,0.0019215840147808194,0.0009890419896692038,0.0024260420177597553,7.17079674359411e-05,0.0,0.005412875005276874,0.04660466607310809,0.008437792013864964,0.002310456766281277,0.26358149320003577,0.10763970590778627,4.629199975170195e-05,0.007154177030315623,0.1454610420332756,0.1758091250085272,0.12302845797967166,0.12767828890355304,30132,30132,0,0,30132,60264,0,99.46306050046745,195.65573042994833,99.46306050046745,96.19266992948089,192258,228835328,1790405185.0012438,runs/round-budget-20260926T064431Z/adult_s10000_T1/r2_runnerup.json,PASS
adult,10000,1,runnerup,3,3,0.4422825830115471,0.4633244169817772,0.06608819961547852,0.5294125080108643,0.0034506669908296317,0.002178249997086823,0.010050166980363429,0.0019475419830996543,0.0009539579914417118,0.002388208988122642,7.304103928618133e-05,0.0,0.005318417010130361,0.04725275485543534,0.008646333997603506,0.00228549909661524,0.2643507572938688,0.10717199408099987,5.620799493044615e-05,0.007200618681963533,0.14744166607852094,0.17754212499130517,0.12177583301672712,0.1273419530771207,30132,30132,0,0,30132,60264,0,99.46306050046745,195.65573042994833,99.46306050046745,96.19266992948089,192258,228081664,1790405188.460483,runs/round-budget-20260926T064431Z/adult_s10000_T1/r3_runnerup.json,PASS
adult,10000,2,fresh,0,2,0.6565461669815704,0.6702252089744434,0.07178807258605957,0.7420132160186768,0.003510583977913484,0.0028243749984540045,0.0,0.0021755000052507967,0.0014552079956047237,0.003642833005869761,7.054200978018343e-05,0.009076416987227276,0.0,0.2351329998637084,0.008686582994414493,0.0,0.22445282494300045,0.1744187956501264,0.0,0.004778546543093398,0.0,0.0,0.0,0.19592212865245529,60264,0,0,0,0,60264,,97.32649439629674,194.5484061347412,97.22191173844448,97.32649439629674,286015,180731904,1790405196.8481421,runs/round-budget-20260926T064431Z/adult_s10000_T2/r0_fresh.json,PASS
adult,10000,2,fresh,1,1,0.659326749999309,0.6721317909832578,0.06693291664123535,0.7390646934509277,0.003519082994898781,0.0025537920009810477,0.0,0.0017394580063410103,0.0015110000094864517,0.003416749997995794,6.495797424577177e-05,0.009086250007385388,0.0,0.23650464517413639,0.008683708001626655,0.0,0.22556550279841758,0.17489404292427935,0.0,0.0045926010934636,0.0,0.0,0.0,0.19587737493566237,60264,0,0,0,0,60264,,97.32649439629674,194.5484061347412,97.22191173844448,97.32649439629674,286015,183681024,1790405198.9291148,runs/round-budget-20260926T064431Z/adult_s10000_T2/r1_fresh.json,PASS
adult,10000,2,fresh,2,0,0.6559216669993475,0.6689553750038613,0.06580424308776855,0.7347595691680908,0.0033056249958463013,0.002715749986236915,0.0,0.0018444999877829105,0.0014467500150203705,0.0036571660020854324,6.391701754182577e-05,0.008678416983457282,0.0,0.23410566401435062,0.008447958010947332,0.0,0.22373949986649677,0.17610521445749328,0.0,0.004844913666602224,0.0,0.0,0.0,0.19687046349281445,60264,0,0,0,0,60264,,97.32649439629674,194.5484061347412,97.22191173844448,97.32649439629674,286015,180125696,1790405201.005289,runs/round-budget-20260926T064431Z/adult_s10000_T2/r2_fresh.json,PASS
adult,10000,2,fresh,3,3,0.6549467080039904,0.6681349160207901,0.06623387336730957,0.7343688011169434,0.0036320410144980997,0.0026347090024501085,0.0,0.0017277080041822046,0.0014839170034974813,0.0036452090134844184,6.462397868745029e-05,0.008582000009482726,0.0,0.233679418975953,0.0087467500125058,0.0,0.22437029823777266,0.17514212091919035,0.0,0.004426119849085808,0.0,0.0,0.0,0.19594857990159653,60264,0,0,0,0,60264,,97.32649439629674,194.5484061347412,97.22191173844448,97.32649439629674,286015,183599104,1790405205.895953,runs/round-budget-20260926T064431Z/adult_s10000_T2/r3_fresh.json,PASS
adult,10000,2,none,0,3,0.46754966702428646,0.4932620420004241,0.06756591796875,0.5608279705047607,0.003419624990783632,0.0027915840037167072,0.012427458015736192,0.0019844170019496232,0.0014274170098360628,0.0035987920127809048,6.308194133453071e-05,0.0,0.006209167011547834,0.047186750918626785,0.008492042019497603,0.0,0.22619525576010346,0.1751248800137546,0.00012754197814501822,0.004214029322611168,0.0,0.0,0.0,0.19532050506677479,60264,0,0,0,0,60264,0,97.32649439629674,194.5484061347412,97.22191173844448,97.32649439629674,286015,230735872,1790405197.599201,runs/round-budget-20260926T064431Z/adult_s10000_T2/r0_none.json,PASS
adult,10000,2,none,1,2,0.4639172919851262,0.4886663749930449,0.06781601905822754,0.5564823150634766,0.0032435829925816506,0.002365708991419524,0.0120894169958774,0.001951957994606346,0.0015211660065688193,0.003511291986797005,6.595804006792605e-05,0.0,0.006040583015419543,0.04816883761668578,0.008781625016126782,0.0,0.22207045828690752,0.1750202150142286,0.00012420900748111308,0.0037113640282768756,0.0,0.0,0.0,0.19490921500255354,60264,0,0,0,0,60264,0,97.32649439629674,194.5484061347412,97.22191173844448,97.32649439629674,286015,230113280,1790405199.68115,runs/round-budget-20260926T064431Z/adult_s10000_T2/r1_none.json,PASS
adult,10000,2,none,2,1,0.46982083399780095,0.4950640840106644,0.06804084777832031,0.5631048679351807,0.0035308339865878224,0.00267462499323301,0.01184249998186715,0.001952791993971914,0.0015844159934204072,0.0035711250093299896,8.695805445313454e-05,0.0,0.006098916986957192,0.04728888114914298,0.00873474997933954,0.0,0.22794875301769935,0.17580971698043868,0.00012366700684651732,0.0038161488773766905,0.0,0.0,0.0,0.1960805089911446,60264,0,0,0,0,60264,0,97.32649439629674,194.5484061347412,97.22191173844448,97.32649439629674,286015,229998592,1790405201.7545679,runs/round-budget-20260926T064431Z/adult_s10000_T2/r2_none.json,PASS
adult,10000,2,none,3,0,0.46791866698185913,0.4925950840115547,0.0675361156463623,0.560131311416626,0.003464417008217424,0.002405084000201896,0.011660332995234057,0.0019602079992182553,0.001456833997508511,0.0036627500085160136,6.679102079942822e-05,0.0,0.005696750013157725,0.046612716774689034,0.008458083990262821,0.0,0.2265194530482404,0.17665628626127727,0.0001274999522138387,0.003847876942018047,0.0,0.0,0.0,0.19661537022329867,60264,0,0,0,0,60264,0,97.32649439629674,194.5484061347412,97.22191173844448,97.32649439629674,286015,229998592,1790405203.829035,runs/round-budget-20260926T064431Z/adult_s10000_T2/r3_none.json,PASS
adult,10000,2,basic,0,0,0.6420039999939036,0.6680758749716915,0.06923794746398926,0.7373137474060059,0.003563832986401394,0.0025163330137729645,0.01268025001627393,0.002073290990665555,0.0015041670121718198,0.003653708001365885,8.02929571364075e-05,0.0,0.006011457997374237,0.04708220684551634,0.008510916988598183,0.0009184938971884549,0.37563961106934585,0.19619549190974794,0.00013858298189006746,0.007507238304242492,0.14618304718169384,0.17440062499372289,0.12291970799560659,0.2185208668524865,60264,30132,0,0,30132,90396,0,97.32649439629674,194.5484061347412,97.22191173844448,97.32649439629674,286015,232194048,1790405195.342877,runs/round-budget-20260926T064431Z/adult_s10000_T2/r0_basic.json,PASS
adult,10000,2,basic,1,3,0.6466086249856744,0.6718163329933304,0.06872797012329102,0.740544319152832,0.003529332985635847,0.0024740410153754056,0.011732334009138867,0.0023145000159274787,0.001450416981242597,0.003630541992606595,7.654100772924721e-05,0.0,0.0056212079944089055,0.04770587678649463,0.008573750004870817,0.0010499248746782541,0.38049946216051467,0.1952140882203821,0.00013245802256278694,0.007811856921762228,0.15132383204763755,0.1808814579853788,0.12124075001338497,0.2174995462410152,60264,30132,0,0,30132,90396,0,97.32649439629674,194.5484061347412,97.22191173844448,97.32649439629674,286015,232456192,1790405200.252866,runs/round-budget-20260926T064431Z/adult_s10000_T2/r1_basic.json,PASS
adult,10000,2,basic,2,2,0.6404940000211354,0.6661485829972662,0.06908679008483887,0.7352354526519775,0.003562791011063382,0.002962500002468005,0.011937458999454975,0.002043249987764284,0.0014481249963864684,0.003631208004662767,6.92499743308872e-05,0.0,0.005724499991629273,0.04674066184088588,0.008502915996359661,0.0009596668824087828,0.37459021506947465,0.19633150019217283,0.00010750000365078449,0.007537040044553578,0.14659200189635158,0.17497845902107656,0.12180062499828637,0.2184552911494393,60264,30132,0,0,30132,90396,0,97.32649439629674,194.5484061347412,97.22191173844448,97.32649439629674,286015,231292928,1790405202.33355,runs/round-budget-20260926T064431Z/adult_s10000_T2/r2_basic.json,PASS
adult,10000,2,basic,3,1,0.6395860000047833,0.6638984169985633,0.06667804718017578,0.7305765151977539,0.0034455419809091836,0.0023423749953508377,0.01132583399885334,0.001966124982573092,0.0015070829831529409,0.003657875000499189,6.758305244147778e-05,0.0,0.005708915996365249,0.046954208926763386,0.008613665995653719,0.0009110030368901789,0.3743350806471426,0.19534170703263953,0.000141873984830454,0.007579544384498149,0.14537570805987343,0.17359125000075437,0.12137258300208487,0.21733195503475145,60264,30132,0,0,30132,90396,0,97.32649439629674,194.5484061347412,97.22191173844448,97.32649439629674,286015,232226816,1790405204.402029,runs/round-budget-20260926T064431Z/adult_s10000_T2/r3_basic.json,PASS
adult,10000,2,runnerup,0,1,0.6442072089994326,0.669933208002476,0.06623601913452148,0.7361693382263184,0.0035832909925375134,0.0028942920034751296,0.012049875018419698,0.002037500002188608,0.0014573340013157576,0.003638624999439344,6.508198566734791e-05,0.0,0.006213000015122816,0.047069873835425824,0.008632000011857599,0.0021929522918071598,0.377324123022845,0.19501900108298287,0.00012575002619996667,0.007630508713191375,0.14568645672989078,0.17556425000657327,0.1221523339918349,0.21713633413310163,60264,30132,0,0,30132,90396,0,97.32649439629674,194.5484061347412,97.22191173844448,97.32649439629674,286015,231571456,1790405196.092134,runs/round-budget-20260926T064431Z/adult_s10000_T2/r0_runnerup.json,PASS
adult,10000,2,runnerup,1,0,0.6454028750013094,0.6714859580097254,0.0688788890838623,0.7403647899627686,0.0034473330015316606,0.0026143339928239584,0.012144417007220909,0.0024710829893592745,0.0015391669876407832,0.003775999997742474,9.07490320969373e-05,0.0,0.006265999982133508,0.04850462308968417,0.008723458013264462,0.002333625016035512,0.37502315774327144,0.19595233307336457,0.00018374898354522884,0.008415929100010544,0.14648228487931192,0.1766301250027027,0.12055362499086186,0.21822608207003213,60264,30132,0,0,30132,90396,0,97.32649439629674,194.5484061347412,97.22191173844448,97.32649439629674,286015,234323968,1790405198.176039,runs/round-budget-20260926T064431Z/adult_s10000_T2/r1_runnerup.json,PASS
adult,10000,2,runnerup,2,3,0.6420365840021987,0.6672141249873675,0.06655406951904297,0.7337682247161865,0.003361209004651755,0.0027680000057443976,0.011965125013375655,0.0019124589744023979,0.001425333000952378,0.0036816670035477728,6.374798249453306e-05,0.0,0.00617116698413156,0.04728620394598693,0.008620375010650605,0.0022366659832186997,0.375834034755826,0.19444962908164598,0.00010525001562200487,0.007333258225116879,0.14839079277589917,0.17829337497823872,0.12054433400044218,0.21648867111071013,60264,30132,0,0,30132,90396,0,97.32649439629674,194.5484061347412,97.22191173844448,97.32649439629674,286015,231505920,1790405203.080322,runs/round-budget-20260926T064431Z/adult_s10000_T2/r2_runnerup.json,PASS
adult,10000,2,runnerup,3,2,0.6410468329850119,0.6661737500107847,0.06750202178955078,0.7336757183074951,0.003434749989537522,0.0024844159779604524,0.012036041996907443,0.0019277499814052135,0.0014673330006189644,0.003700957982800901,7.56680965423584e-05,0.0,0.005533792020287365,0.04750037792837247,0.008589542005211115,0.002285082940943539,0.3730510385648813,0.19648354602395557,0.00015725099365226924,0.007446202507708222,0.14520078705390915,0.1749139580060728,0.12001366700860672,0.21886679701856337,60264,30132,0,0,30132,90396,0,97.32649439629674,194.5484061347412,97.22191173844448,97.32649439629674,286015,232767488,1790405205.147734,runs/round-budget-20260926T064431Z/adult_s10000_T2/r3_runnerup.json,PASS
adult,10001,0,fresh,0,3,0.25696929200785235,0.26606545798131265,0.06659483909606934,0.3326601982116699,0.0034131660067941993,0.0023124169965740293,0.0,0.0017436659836675972,0.0004202499985694885,0.0011397079797461629,6.695900810882449e-05,0.008172792004188523,0.0,0.23637946901726536,0.008639375009806827,0.0,0.0,0.0,0.0,0.0037776559765916318,0.0,0.0,0.0,0.01695275097154081,0,0,0,0,0,0,,118.93424990186301,223.4259245076308,118.93424990186301,104.4916746057678,99019,165937152,1790405211.0374248,runs/round-budget-20260926T064431Z/adult_s10001_T0/r0_fresh.json,PASS
adult,10001,0,fresh,1,2,0.25542866601608694,0.2647339589893818,0.06853890419006348,0.33327293395996094,0.0035255419788882136,0.002383249986451119,0.0,0.0017764579970389605,0.0004202919953968376,0.0011264579952694476,7.329302025027573e-05,0.008325125003466383,0.0,0.2350482961628586,0.008323957998072729,0.0,0.0,0.0,0.0,0.0037312868516892195,0.0,0.0,0.0,0.016724665998481214,0,0,0,0,0,0,,118.93424990186301,223.4259245076308,118.93424990186301,104.4916746057678,99019,166068224,1790405211.7040498,runs/round-budget-20260926T064431Z/adult_s10001_T0/r1_fresh.json,PASS
adult,10001,0,fresh,2,1,0.2554662920010742,0.26471891699475236,0.06648015975952148,0.33119916915893555,0.0034708339953795075,0.0024083750031422824,0.0,0.0017306250229012221,0.00042383300024084747,0.001156790996901691,6.216697511263192e-05,0.008621999993920326,0.0,0.23492195419385098,0.00833025001338683,0.0,0.0,0.0,0.0,0.003592087799916044,0.0,0.0,0.0,0.016511666995938867,0,0,0,0,0,0,,118.93424990186301,223.4259245076308,118.93424990186301,104.4916746057678,99019,166002688,1790405212.3691761,runs/round-budget-20260926T064431Z/adult_s10001_T0/r2_fresh.json,PASS
adult,10001,0,fresh,3,0,0.2542884580034297,0.2634646250226069,0.06624197959899902,0.32970666885375977,0.003435000020544976,0.002331666008103639,0.0,0.001763790991390124,0.00043120799819007516,0.0011463750270195305,6.812697392888367e-05,0.008170499990228564,0.0,0.234103006136138,0.008356749982340261,0.0,0.0,0.0,0.0,0.003658201894722879,0.0,0.0,0.0,0.01657179099856876,0,0,0,0,0,0,,118.93424990186301,223.4259245076308,118.93424990186301,104.4916746057678,99019,165117952,1790405213.029537,runs/round-budget-20260926T064431Z/adult_s10001_T0/r3_fresh.json,PASS
adult,10001,0,none,0,0,0.062047457991866395,0.07992433299659751,0.0690617561340332,0.1489861011505127,0.003513125004246831,0.0023098750098142773,0.008582791982917115,0.0017069999885279685,0.0004445420054253191,0.0012515419803094119,6.799903349019587e-05,0.0,0.005384667019825429,0.04510699803358875,0.008600040979217738,0.0,0.0,0.0,0.0,0.002955751959234476,0.0,0.0,0.0,0.015360539982793853,0,0,0,0,0,0,0,118.93424990186301,223.4259245076308,118.93424990186301,104.4916746057678,99019,209862656,1790405210.5596318,runs/round-budget-20260926T064431Z/adult_s10001_T0/r0_none.json,PASS
adult,10001,0,none,1,3,0.06254466698737815,0.08045670800493099,0.06678915023803711,0.1472458839416504,0.0033822080004028976,0.00231591600459069,0.008742165984585881,0.0018584170029498637,0.0004241249989718199,0.0011272080009803176,6.200102507136762e-05,0.0,0.005630500003462657,0.045322873804252595,0.00846766700851731,0.0,0.0,0.0,0.0,0.003123626171145588,0.0,0.0,0.0,0.015155584027525038,0,0,0,0,0,0,0,118.93424990186301,223.4259245076308,118.93424990186301,104.4916746057678,99019,209633280,1790405212.04688,runs/round-budget-20260926T064431Z/adult_s10001_T0/r1_none.json,PASS
adult,10001,0,none,2,2,0.062333458015928045,0.08027666600537486,0.0671842098236084,0.1474609375,0.003521500009810552,0.002410582994343713,0.008604332979302853,0.0018620410119183362,0.0004106250125914812,0.0010699589911382645,6.416699034161866e-05,0.0,0.00547620898578316,0.04519838324631564,0.008508792001521215,0.0,0.0,0.0,0.0,0.003150073782308027,0.0,0.0,0.0,0.015110625012312084,0,0,0,0,0,0,0,118.93424990186301,223.4259245076308,118.93424990186301,104.4916746057678,99019,210321408,1790405212.7127092,runs/round-budget-20260926T064431Z/adult_s10001_T0/r2_none.json,PASS
adult,10001,0,none,3,1,0.06309700000565499,0.08110945799853653,0.06897497177124023,0.1500844955444336,0.0032085829880088568,0.002527749980799854,0.008718375000171363,0.001915417000418529,0.000431083986768499,0.0011472910118754953,6.395802483893931e-05,0.0,0.005635874986182898,0.04555699913180433,0.008670000010170043,0.0,0.0,0.0,0.0,0.0032341258774977177,0.0,0.0,0.0,0.015273500001057982,0,0,0,0,0,0,0,118.93424990186301,223.4259245076308,118.93424990186301,104.4916746057678,99019,209780736,1790405213.373444,runs/round-budget-20260926T064431Z/adult_s10001_T0/r3_none.json,PASS
adult,10001,0,basic,0,1,0.06279008300043643,0.08072245900984854,0.0685579776763916,0.14928054809570312,0.003502250008750707,0.0022560420038644224,0.00872541600256227,0.0018392920028418303,0.00041725000482983887,0.00112245898344554,6.966700311750174e-05,0.0,0.0053703750018030405,0.04574154026340693,0.00852112501161173,0.0,0.0,0.0,0.0,0.0031570427236147225,0.0,0.0,0.0,0.01514129200950265,0,0,0,0,0,0,,118.93424990186301,223.4259245076308,118.93424990186301,104.4916746057678,99019,209928192,1790405210.720165,runs/round-budget-20260926T064431Z/adult_s10001_T0/r0_basic.json,PASS
adult,10001,0,basic,1,0,0.06270254199625924,0.08132570801535621,0.06730389595031738,0.14862966537475586,0.003413708007428795,0.0029007090197410434,0.008824207994621247,0.0017822080117184669,0.00044870900455862284,0.0011899580131284893,6.366596790030599e-05,0.0,0.006049124989658594,0.04489955012104474,0.008609957993030548,0.0,0.0,0.0,0.0,0.00314390889252536,0.0,0.0,0.0,0.015207459015073255,0,0,0,0,0,0,,118.93424990186301,223.4259245076308,118.93424990186301,104.4916746057678,99019,209764352,1790405211.382005,runs/round-budget-20260926T064431Z/adult_s10001_T0/r1_basic.json,PASS
adult,10001,0,basic,2,3,0.061806750018149614,0.07964158299728297,0.06577706336975098,0.14541864395141602,0.003437582985498011,0.002320875006262213,0.008557624998502433,0.001872125023510307,0.0004305829934310168,0.0011534999939613044,6.254197796806693e-05,0.0,0.005301708006300032,0.04499353616847657,0.00847566599259153,0.0,0.0,0.0,0.0,0.0030358398507814854,0.0,0.0,0.0,0.01484383299248293,0,0,0,0,0,0,,118.93424990186301,223.4259245076308,118.93424990186301,104.4916746057678,99019,209993728,1790405212.871223,runs/round-budget-20260926T064431Z/adult_s10001_T0/r2_basic.json,PASS
adult,10001,0,basic,3,2,0.06202287500491366,0.08031691701035015,0.06622505187988281,0.14654207229614258,0.003465167013928294,0.0025864579947665334,0.008857333014020696,0.00174245800008066,0.00042912500794045627,0.001149167015682906,6.433395901694894e-05,0.0,0.005368792015360668,0.045264544984092936,0.008404459018493071,0.0,0.0,0.0,0.0,0.0029850789869669825,0.0,0.0,0.0,0.014902667986461893,0,0,0,0,0,0,,118.93424990186301,223.4259245076308,118.93424990186301,104.4916746057678,99019,209813504,1790405213.532385,runs/round-budget-20260926T064431Z/adult_s10001_T0/r3_basic.json,PASS
adult,10001,0,runnerup,0,2,0.06165412499103695,0.07966066699009389,0.06637787818908691,0.14603853225708008,0.0034072079870384187,0.0022738339903298765,0.008789957995759323,0.0019414169946685433,0.00042545798351056874,0.0011042499972973019,6.441705045290291e-05,0.0,0.0053977090283297,0.0447052480885759,0.008595416991738603,0.0,0.0,0.0,0.0,0.002955750882392749,0.0,0.0,0.0,0.015056082978844643,0,0,0,0,0,0,,118.93424990186301,223.4259245076308,118.93424990186301,104.4916746057678,99019,209977344,1790405210.8795068,runs/round-budget-20260926T064431Z/adult_s10001_T0/r0_runnerup.json,PASS
adult,10001,0,runnerup,1,1,0.06269883300410584,0.08075720799388364,0.06727313995361328,0.14803028106689453,0.0034955829905811697,0.0023594590020366013,0.008726917003514245,0.0018291659944225103,0.00045762499212287366,0.001123875001212582,6.575000588782132e-05,0.0,0.005353791988454759,0.04565650105359964,0.008510250016115606,0.0,0.0,0.0,0.0,0.0031782899459358305,0.0,0.0,0.0,0.015219918044749647,0,0,0,0,0,0,,118.93424990186301,223.4259245076308,118.93424990186301,104.4916746057678,99019,209879040,1790405211.542756,runs/round-budget-20260926T064431Z/adult_s10001_T0/r1_runnerup.json,PASS
adult,10001,0,runnerup,2,0,0.0628873750101775,0.081473875005031,0.06812381744384766,0.1495976448059082,0.0034815420222003013,0.002582917019026354,0.008929583011195064,0.0018475000106263906,0.00047450000420212746,0.0011909579916391522,7.949993596412241e-05,0.0,0.005631415988318622,0.045549627306172624,0.008612208010163158,0.0,0.0,0.0,0.0,0.0030941237055230886,0.0,0.0,0.0,0.015248040028382093,0,0,0,0,0,0,,118.93424990186301,223.4259245076308,118.93424990186301,104.4916746057678,99019,209764352,1790405212.2086358,runs/round-budget-20260926T064431Z/adult_s10001_T0/r2_runnerup.json,PASS
adult,10001,0,runnerup,3,3,0.06397204200038686,0.08269733400084078,0.06919217109680176,0.15188956260681152,0.003698874992551282,0.002403542021056637,0.008898833009880036,0.0020234999828971922,0.0004549169971141964,0.001168832997791469,7.679199916310608e-05,0.0,0.005632250016788021,0.04640804213704541,0.008606250019511208,0.0,0.0,0.0,0.0,0.003325499827042222,0.0,0.0,0.0,0.015260875050444156,0,0,0,0,0,0,,118.93424990186301,223.4259245076308,118.93424990186301,104.4916746057678,99019,213450752,1790405213.694009,runs/round-budget-20260926T064431Z/adult_s10001_T0/r3_runnerup.json,PASS
adult,10001,1,fresh,0,2,0.45230716597870924,0.4637247920036316,0.06754088401794434,0.5312657356262207,0.0033951250079553574,0.0025296250241808593,0.0,0.0018975420098286122,0.0010572080209385604,0.0024687089899089187,6.941697211004794e-05,0.008238416980020702,0.0,0.23451562362606637,0.008281375019578263,0.0,0.11172583198640496,0.08550154100521468,0.0,0.004044377361424267,0.0,0.0,0.0,0.10411400001612492,30132,0,0,0,0,30132,,96.85520683858066,192.58446260946337,96.85520683858066,95.72925577088273,191725,183189504,1790405220.1928298,runs/round-budget-20260926T064431Z/adult_s10001_T1/r0_fresh.json,PASS
adult,10001,1,fresh,1,1,0.452661374991294,0.46394245798001066,0.06782007217407227,0.5317625999450684,0.0033629579993430525,0.0024067090125754476,0.0,0.002009124989854172,0.0009267499845009297,0.002511750004487112,6.379099795594811e-05,0.008350207994226366,0.0,0.23428508715005592,0.008313124999403954,0.0,0.11188254487933591,0.08575000299606472,0.0,0.004080406972207129,0.0,0.0,0.0,0.10471000403049402,30132,0,0,0,0,30132,,96.85520683858066,192.58446260946337,96.85520683858066,95.72925577088273,191725,183123968,1790405221.648224,runs/round-budget-20260926T064431Z/adult_s10001_T1/r1_fresh.json,PASS
adult,10001,1,fresh,2,0,0.4559607499977574,0.46721479200641625,0.06680583953857422,0.5340206623077393,0.003494625008897856,0.0025511669809930027,0.0,0.0017320830083917826,0.000946542015299201,0.002465208002831787,6.4416992245242e-05,0.008335541991982609,0.0,0.23654437114601023,0.008567167009459808,0.0,0.11246287211542949,0.08602891987538897,0.0,0.004021877859486267,0.0,0.0,0.0,0.10527650386211462,30132,0,0,0,0,30132,,96.85520683858066,192.58446260946337,96.85520683858066,95.72925577088273,191725,183287808,1790405223.0914319,runs/round-budget-20260926T064431Z/adult_s10001_T1/r2_fresh.json,PASS
adult,10001,1,fresh,3,3,0.4517632920178585,0.4630138330103364,0.06681084632873535,0.5298247337341309,0.0035368750104680657,0.0025640839885454625,0.0,0.001725791982607916,0.0009345000144094229,0.002426333987386897,6.295600906014442e-05,0.008563292009057477,0.0,0.23391858380637132,0.008382832980714738,0.0,0.1110404179780744,0.08520129491807893,0.0,0.004656870325561613,0.0,0.0,0.0,0.10405029391404241,30132,0,0,0,0,30132,,96.85520683858066,192.58446260946337,96.85520683858066,95.72925577088273,191725,179617792,1790405226.527221,runs/round-budget-20260926T064431Z/adult_s10001_T1/r3_fresh.json,PASS
adult,10001,1,none,0,3,0.259698958019726,0.282453624997288,0.06899094581604004,0.3514444828033447,0.0037859999865759164,0.0026954589993692935,0.010687999980291352,0.0022616669884882867,0.0009340420074295253,0.0023087089939508587,8.079002145677805e-05,0.0,0.005157875013537705,0.045535158016718924,0.008521542011294514,0.0,0.11128254106733948,0.0853722070751246,5.704100476577878e-05,0.0037725938309449703,0.0,0.0,0.0,0.10277908208081499,30132,0,0,0,0,30132,0,96.85520683858066,192.58446260946337,96.85520683858066,95.72925577088273,191725,226721792,1790405220.737505,runs/round-budget-20260926T064431Z/adult_s10001_T1/r0_none.json,PASS
adult,10001,1,none,1,2,0.2597524579905439,0.28187633299967274,0.06797122955322266,0.34984755516052246,0.0035100000095553696,0.0025845419731922448,0.010562125011347234,0.0019390830129850656,0.0010497499897610396,0.0024110840167850256,6.729099550284445e-05,0.0,0.005562999984249473,0.045192045625299215,0.00855066700023599,0.0,0.11201679398072883,0.08490338092087768,6.266598938964307e-05,0.003463904489763081,0.0,0.0,0.0,0.10201208890066482,30132,0,0,0,0,30132,0,96.85520683858066,192.58446260946337,96.85520683858066,95.72925577088273,191725,227229696,1790405222.192734,runs/round-budget-20260926T064431Z/adult_s10001_T1/r1_none.json,PASS
adult,10001,1,none,2,1,0.2614838749868795,0.28377287500188686,0.07066607475280762,0.35443902015686035,0.003638291993411258,0.002525249990867451,0.010587625001790002,0.0021078750141896307,0.0009865419997368008,0.002366166008869186,7.72500061430037e-05,0.0,0.005518874997505918,0.04580317615182139,0.008686124987434596,0.0,0.11143513210117817,0.08617020610836335,6.229101563803852e-05,0.0038080696249380708,0.0,0.0,0.0,0.10366999910911545,30132,0,0,0,0,30132,0,96.85520683858066,192.58446260946337,96.85520683858066,95.72925577088273,191725,227164160,1790405223.641509,runs/round-budget-20260926T064431Z/adult_s10001_T1/r2_none.json,PASS
adult,10001,1,none,3,0,0.2616400000115391,0.2839476249937434,0.07179689407348633,0.3557446002960205,0.0036417089868336916,0.002396541996859014,0.010380292020272464,0.0023612910008523613,0.0009633329755160958,0.0024860829871613532,7.837501470930874e-05,0.0,0.00540495797758922,0.045610257919179276,0.008540624985471368,0.0,0.11222970497328788,0.08601521083619446,6.308301817625761e-05,0.0037761603016406298,0.0,0.0,0.0,0.10300458580604754,30132,0,0,0,0,30132,0,96.85520683858066,192.58446260946337,96.85520683858066,95.72925577088273,191725,228818944,1790405225.086596,runs/round-budget-20260926T064431Z/adult_s10001_T1/r3_none.json,PASS
adult,10001,1,basic,0,0,0.4318917079945095,0.45354908297304064,0.06807494163513184,0.5216240882873535,0.0033659999899100512,0.002509166020900011,0.010364667017711326,0.0020275000133551657,0.0009407090255990624,0.0023855409817770123,6.379192927852273e-05,0.0,0.005397291999543086,0.045432253275066614,0.008575125015340745,0.0009576247830409557,0.25908551906468347,0.10549729186459444,6.975000724196434e-05,0.006876851984998211,0.1443691250460688,0.17235345899825916,0.11961758401594125,0.12527845887234434,30132,30132,0,0,30132,60264,0,96.85520683858066,192.58446260946337,96.85520683858066,95.72925577088273,191725,227786752,1790405219.1250439,runs/round-budget-20260926T064431Z/adult_s10001_T1/r0_basic.json,PASS
adult,10001,1,basic,1,3,0.43322716699913144,0.4548262500029523,0.06692624092102051,0.5217525959014893,0.0034256250073667616,0.002522208000300452,0.010350875003496185,0.001875624991953373,0.0009485420014243573,0.002415333001408726,6.0874997870996594e-05,0.0,0.005818374978844076,0.045528081798693165,0.008619415981229395,0.0009703360556159168,0.25897582608740777,0.10613607804407366,8.962501306086779e-05,0.007089429040206596,0.1442314582527615,0.1724542919837404,0.11968187498860061,0.12561145098879933,30132,30132,0,0,30132,60264,0,96.85520683858066,192.58446260946337,96.85520683858066,95.72925577088273,191725,232931328,1790405222.556214,runs/round-budget-20260926T064431Z/adult_s10001_T1/r1_basic.json,PASS
adult,10001,1,basic,2,2,0.4312152090133168,0.45270962500944734,0.06797981262207031,0.5206894874572754,0.0034076670126523823,0.0024605409998912364,0.010416959004942328,0.00182787497760728,0.0009407920006196946,0.002382333012064919,5.824898835271597e-05,0.0,0.005306750012096018,0.045075877860654145,0.008432500006165355,0.0009771619224920869,0.2592106221418362,0.1051727088924963,5.4832984460517764e-05,0.006984755193116143,0.144566080882214,0.17286308298935182,0.11960541698499583,0.12451795890228823,30132,30132,0,0,30132,60264,0,96.85520683858066,192.58446260946337,96.85520683858066,95.72925577088273,191725,229326848,1790405224.0071008,runs/round-budget-20260926T064431Z/adult_s10001_T1/r2_basic.json,PASS
adult,10001,1,basic,3,1,0.43159166601253673,0.45332499998039566,0.06712484359741211,0.5204498767852783,0.0035954999912064523,0.002427500003250316,0.010333750018617138,0.0018237500044051558,0.0009540420142002404,0.00252904201624915,6.974991993047297e-05,0.0,0.005415166990133002,0.0451361280574929,0.008512291009537876,0.0009927089558914304,0.2583474018902052,0.10583128698635846,4.891699063591659e-05,0.007307765132281929,0.14317655324703082,0.17199412500485778,0.12035062501672655,0.12559945296379738,30132,30132,0,0,30132,60264,0,96.85520683858066,192.58446260946337,96.85520683858066,95.72925577088273,191725,229097472,1790405225.4515998,runs/round-budget-20260926T064431Z/adult_s10001_T1/r3_basic.json,PASS
adult,10001,1,runnerup,0,1,0.431592584005557,0.4526822909829207,0.06816577911376953,0.5208480358123779,0.003368415986187756,0.002442750002956018,0.010119290993316099,0.001811583002563566,0.0009342500125057995,0.0023492080217693,6.420895806513727e-05,0.0,0.005348040984245017,0.04557604287401773,0.008536334004020318,0.0022183310065884143,0.2570735817134846,0.10590087296441197,6.083300104364753e-05,0.006878547457745299,0.14325475090299733,0.1723955420020502,0.11888487500254996,0.1253994149446953,30132,30132,0,0,30132,60264,0,96.85520683858066,192.58446260946337,96.85520683858066,95.72925577088273,191725,227983360,1790405219.659561,runs/round-budget-20260926T064431Z/adult_s10001_T1/r0_runnerup.json,PASS
adult,10001,1,runnerup,1,0,0.4393955419945996,0.4618962500244379,0.07070779800415039,0.5326039791107178,0.0036270830023568124,0.0024313329777214676,0.01077316701412201,0.0022087910037953407,0.0009512499964330345,0.0024327920109499246,7.629202445968986e-05,0.0,0.005740250024246052,0.046965637942776084,0.00870620901696384,0.002224453870439902,0.2616292488237377,0.10692591077531688,6.612500874325633e-05,0.007137706532375887,0.14606825893861242,0.17602975000045262,0.12063212500652298,0.12735045474255458,30132,30132,0,0,30132,60264,0,96.85520683858066,192.58446260946337,96.85520683858066,95.72925577088273,191725,231669760,1790405221.1044638,runs/round-budget-20260926T064431Z/adult_s10001_T1/r1_runnerup.json,PASS
adult,10001,1,runnerup,2,3,0.436736750009004,0.45829858400975354,0.06922602653503418,0.5275247097015381,0.0035540839890018106,0.0025125420070253313,0.010156959004234523,0.001799624995328486,0.0009405000018887222,0.0025268330064136535,7.129099685698748e-05,0.0,0.00545712499297224,0.045733210019534454,0.008781041018664837,0.0023084651038516313,0.25975334376562387,0.10696495804586448,6.212497828528285e-05,0.007676482084207237,0.1445942490536254,0.17471591697540134,0.12028262499370612,0.12655166609329171,30132,30132,0,0,30132,60264,0,96.85520683858066,192.58446260946337,96.85520683858066,95.72925577088273,191725,231145472,1790405224.542529,runs/round-budget-20260926T064431Z/adult_s10001_T1/r2_runnerup.json,PASS
adult,10001,1,runnerup,3,2,0.4390914580144454,0.4615823329950217,0.06713080406188965,0.5287132263183594,0.003690750017995015,0.0027697499899659306,0.010702625004341826,0.0018817500094883144,0.0009287499997299165,0.002452250017086044,6.499994196929038e-05,0.0,0.00591899998835288,0.04539821291109547,0.008592750004027039,0.0023422050289809704,0.26344044707366265,0.10625141198397614,4.7874986194074154e-05,0.007099556038156152,0.1467077930283267,0.17697775000124238,0.12191216700011864,0.12587595399236307,30132,30132,0,0,30132,60264,0,96.85520683858066,192.58446260946337,96.85520683858066,95.72925577088273,191725,229195776,1790405225.985471,runs/round-budget-20260926T064431Z/adult_s10001_T1/r3_runnerup.json,PASS
adult,10001,2,fresh,0,1,0.6521688750071917,0.6651587079977617,0.06729793548583984,0.7324566841125488,0.0034932080016005784,0.002388124994467944,0.0,0.0020035420020576566,0.0014209579967427999,0.003622874995926395,6.112499977461994e-05,0.008557624998502433,0.0,0.2352963350713253,0.008446874999208376,0.0,0.2228912868304178,0.1725006690248847,0.0,0.004476084082853049,0.0,0.0,0.0,0.1934460859920364,60264,0,0,0,0,60264,,93.95193457630012,187.750125924368,93.79819134806789,93.95193457630012,284937,183730176,1790405234.121644,runs/round-budget-20260926T064431Z/adult_s10001_T2/r0_fresh.json,PASS
adult,10001,2,fresh,1,0,0.657664875005139,0.6709452499926556,0.07046103477478027,0.7414062023162842,0.0035539999953471124,0.0027470829954836518,0.0,0.0018522919854149222,0.0014867919962853193,0.003570125001715496,7.008301327005029e-05,0.008655124984215945,0.0,0.23671296107931994,0.008470209024380893,0.0,0.22429178783204406,0.1750862401095219,0.0,0.004448551975656301,0.0,0.0,0.0,0.1958405751211103,60264,0,0,0,0,60264,,93.95193457630012,187.750125924368,93.79819134806789,93.95193457630012,284937,183664640,1790405236.181468,runs/round-budget-20260926T064431Z/adult_s10001_T2/r1_fresh.json,PASS
adult,10001,2,fresh,2,3,0.6545032080030069,0.667187416984234,0.06726288795471191,0.7344503402709961,0.003481541993096471,0.002366958011407405,0.0,0.0017257080180570483,0.0014641669986303896,0.003577374998712912,6.845896132290363e-05,0.00842600001487881,0.0,0.23551791804493405,0.008380207989830524,0.0,0.2232084150018636,0.17475645817467012,0.0,0.004214208776829764,0.0,0.0,0.0,0.19541779113933444,60264,0,0,0,0,60264,,93.95193457630012,187.750125924368,93.79819134806789,93.95193457630012,284937,179912704,1790405241.03456,runs/round-budget-20260926T064431Z/adult_s10001_T2/r2_fresh.json,PASS
adult,10001,2,fresh,3,2,0.6499230419867672,0.6629008750023786,0.0689077377319336,0.7318086624145508,0.003517500008456409,0.002476458001183346,0.0,0.0017940420075319707,0.0014361659996211529,0.0036882499989587814,6.541699985973537e-05,0.008604792004916817,0.0,0.23272741970140487,0.008263041003374383,0.0,0.2225195779465139,0.17357337501016445,0.0,0.0042348363203927875,0.0,0.0,0.0,0.19406658099615015,60264,0,0,0,0,60264,,93.95193457630012,187.750125924368,93.79819134806789,93.95193457630012,284937,175636480,1790405243.259153,runs/round-budget-20260926T064431Z/adult_s10001_T2/r3_fresh.json,PASS
adult,10001,2,none,0,2,0.46252224998897873,0.48799158399924636,0.06714105606079102,0.5551326274871826,0.003652624989626929,0.0023251670063473284,0.011860082973726094,0.0022806669876445085,0.0014819999923929572,0.0037865000194869936,8.229204104281962e-05,0.0,0.00553991599008441,0.04574979408062063,0.008795084024313837,0.0,0.2245945819595363,0.17283516091993079,0.0001397920132149011,0.004867921001277864,0.0,0.0,0.0,0.1927704529662151,60264,0,0,0,0,60264,0,93.95193457630012,187.750125924368,93.79819134806789,93.95193457630012,284937,231030784,1790405234.867682,runs/round-budget-20260926T064431Z/adult_s10001_T2/r0_none.json,PASS
adult,10001,2,none,1,1,0.45778045800398104,0.4837377090007067,0.0669870376586914,0.5507247447967529,0.0035513339971657842,0.0027496250113472342,0.012407667003571987,0.002061374980257824,0.0015204999945126474,0.0036000830004923046,6.666700937785208e-05,0.0,0.005758165993029252,0.04508371508563869,0.008374416996957734,0.0,0.22212737187510356,0.17233266786206514,0.00012495802366174757,0.003979162167524919,0.0,0.0,0.0,0.19092971089412458,60264,0,0,0,0,60264,0,93.95193457630012,187.750125924368,93.79819134806789,93.95193457630012,284937,230080512,1790405236.932281,runs/round-budget-20260926T064431Z/adult_s10001_T2/r1_none.json,PASS
adult,10001,2,none,2,0,0.46337387498351745,0.48964170800172724,0.06710386276245117,0.5567455291748047,0.003384957992238924,0.0023614169913344085,0.012010375008685514,0.0019855840073432773,0.0014898749941494316,0.004971499991370365,6.412403308786452e-05,0.0,0.005168042000150308,0.04560445103561506,0.008354042016435415,0.0,0.22462695190915838,0.17557550501078367,0.00010229198960587382,0.003942591021768749,0.0,0.0,0.0,0.19466696301242337,60264,0,0,0,0,60264,0,93.95193457630012,187.750125924368,93.79819134806789,93.95193457630012,284937,230326272,1790405238.987191,runs/round-budget-20260926T064431Z/adult_s10001_T2/r2_none.json,PASS
adult,10001,2,none,3,3,0.4600285000051372,0.48466333298711106,0.06647086143493652,0.5511341094970703,0.003416583000216633,0.002554459002567455,0.011597541975788772,0.001944374991580844,0.0014877500070724636,0.0035725419875234365,6.158201722428203e-05,0.0,0.0053421659977175295,0.04485725107952021,0.008464915998047218,0.0,0.22383658908074722,0.17335025788634084,0.00014933297643437982,0.004027986986329779,0.0,0.0,0.0,0.19220763287739828,60264,0,0,0,0,60264,0,93.95193457630012,187.750125924368,93.79819134806789,93.95193457630012,284937,230899712,1790405244.000639,runs/round-budget-20260926T064431Z/adult_s10001_T2/r3_none.json,PASS
adult,10001,2,basic,0,3,0.6328157910029404,0.6585898330085911,0.06788897514343262,0.7264788150787354,0.0036989159998483956,0.0027060420252382755,0.012212917004944757,0.0020166659960523248,0.0014440829982049763,0.003628167003626004,6.725097773596644e-05,0.0,0.005573250004090369,0.04538937605684623,0.00857399997767061,0.0009870362118817866,0.37162425002316013,0.19289770175237209,0.00013491601566784084,0.007635260961251333,0.14402912490186282,0.1721406250144355,0.12199249997502193,0.21415649371920153,60264,30132,0,0,30132,90396,0,93.95193457630012,187.750125924368,93.79819134806789,93.95193457630012,284937,232685568,1790405235.43802,runs/round-budget-20260926T064431Z/adult_s10001_T2/r0_basic.json,PASS
adult,10001,2,basic,1,2,0.631551041995408,0.6577315420145169,0.06773805618286133,0.7254695892333984,0.004085249995114282,0.0025518329930491745,0.012276165973162279,0.002008041017688811,0.0014367920230142772,0.003740917018149048,8.15009989310056e-05,0.0,0.005400750000262633,0.046610672085080296,0.008789207990048453,0.0009883269376587123,0.3681339570612181,0.19365508807823062,0.0001615419751033187,0.007811497867805883,0.1437861667945981,0.17201070798910223,0.11883583400049247,0.21608854504302144,60264,30132,0,0,30132,90396,0,93.95193457630012,187.750125924368,93.79819134806789,93.95193457630012,284937,232669184,1790405237.498058,runs/round-budget-20260926T064431Z/adult_s10001_T2/r1_basic.json,PASS
adult,10001,2,basic,2,1,0.6320683329831809,0.6574210829858202,0.0671091079711914,0.7245302200317383,0.0033619169844314456,0.002450708008836955,0.011766165989683941,0.0018613749998621643,0.0014870000013615936,0.004358291975222528,6.72920432407409e-05,0.0,0.005396291991928592,0.04510279500391334,0.008511332998750731,0.0009649620915297419,0.37110232858685777,0.19341933299438097,0.00011862497194670141,0.007452664343873039,0.14494766993448138,0.17347066599177197,0.11957524999161251,0.21446541603654623,60264,30132,0,0,30132,90396,0,93.95193457630012,187.750125924368,93.79819134806789,93.95193457630012,284937,231866368,1790405239.557605,runs/round-budget-20260926T064431Z/adult_s10001_T2/r2_basic.json,PASS
adult,10001,2,basic,3,0,0.6290849589859135,0.6551242909918074,0.06850695610046387,0.7236311435699463,0.003529500012518838,0.0025719999975990504,0.01174062502104789,0.001905083016026765,0.0014776670141145587,0.004742125020129606,7.233192445710301e-05,0.0,0.005325666978023946,0.045728211756795645,0.008583957998780534,0.0009028340864460915,0.36747312295483425,0.19364876902545802,0.00013350002700462937,0.007288896158570424,0.14277287694858387,0.17082683302578516,0.11848925001686439,0.2148151860164944,60264,30132,0,0,30132,90396,0,93.95193457630012,187.750125924368,93.79819134806789,93.95193457630012,284937,231079936,1790405241.783102,runs/round-budget-20260926T064431Z/adult_s10001_T2/r3_basic.json,PASS
adult,10001,2,runnerup,0,0,0.6337077080097515,0.659671207977226,0.06685400009155273,0.7265253067016602,0.003501915984088555,0.002486375014996156,0.012011917016934603,0.0020158750121481717,0.0014655830163974315,0.004416374984430149,6.545893847942352e-05,0.0,0.005536084005143493,0.044844090851256624,0.008400457998504862,0.002158371906261891,0.37174646666971967,0.19357538552139886,0.00016041600611060858,0.007286435051355511,0.14441870199516416,0.1734295419882983,0.12117929101805203,0.21440580155467615,60264,30132,0,0,30132,90396,0,93.95193457630012,187.750125924368,93.79819134806789,93.95193457630012,284937,231686144,1790405233.380652,runs/round-budget-20260926T064431Z/adult_s10001_T2/r0_runnerup.json,PASS
adult,10001,2,runnerup,1,3,0.638626458006911,0.6647158749983646,0.07034111022949219,0.7350568771362305,0.003578333999030292,0.002726708014961332,0.012385167006868869,0.0023022079840302467,0.0014254580019041896,0.00360083399573341,7.070798892527819e-05,0.0,0.005287665990181267,0.04693125214544125,0.008465457998681813,0.0021987927611917257,0.3711409173265565,0.19672641210490838,0.00013904200750403106,0.007736917672445998,0.14369162608636543,0.1731270830205176,0.11978183302562684,0.21787428914103657,60264,30132,0,0,30132,90396,0,93.95193457630012,187.750125924368,93.79819134806789,93.95193457630012,284937,235667456,1790405238.24157,runs/round-budget-20260926T064431Z/adult_s10001_T2/r1_runnerup.json,PASS
adult,10001,2,runnerup,2,2,0.6304671249818057,0.6555867079878226,0.06932806968688965,0.7249147891998291,0.0032730829843785614,0.002478792011970654,0.011894541006768122,0.002090082998620346,0.0014424170076381415,0.003877749986713752,6.29170099273324e-05,0.0,0.005392083985498175,0.045141003967728466,0.008353666984476149,0.002197460096795112,0.36907570878975093,0.1928533351747319,0.0001315420086029917,0.007322323974221945,0.14301796280778944,0.17231037499732338,0.11990045799757354,0.21359058513189666,60264,30132,0,0,30132,90396,0,93.95193457630012,187.750125924368,93.79819134806789,93.95193457630012,284937,231342080,1790405240.298188,runs/round-budget-20260926T064431Z/adult_s10001_T2/r2_runnerup.json,PASS
adult,10001,2,runnerup,3,1,0.6313527910097037,0.6570722090255003,0.06715798377990723,0.7242302894592285,0.0035287089995108545,0.0023915419878903776,0.011684041994158179,0.002001124987145886,0.0014711660041939467,0.004567625001072884,7.520904182456434e-05,0.0,0.005486000009113923,0.0446058748930227,0.008350582997081801,0.0022388281067833304,0.3692242020915728,0.19406862423056737,0.00012879297719337046,0.007249885704368353,0.14414500014390796,0.17363187501905486,0.1195122920034919,0.21467854021466337,60264,30132,0,0,30132,90396,0,93.95193457630012,187.750125924368,93.79819134806789,93.95193457630012,284937,231358464,1790405242.518986,runs/round-budget-20260926T064431Z/adult_s10001_T2/r3_runnerup.json,PASS
adult,10002,0,fresh,0,2,0.2538148329767864,0.26322920800885186,0.06805706024169922,0.3312861919403076,0.0034851249947678298,0.0024137919826898724,0.0,0.0019081250065937638,0.0004257500113453716,0.0011154169915243983,6.616604514420033e-05,0.008263625000836328,0.0,0.23367174706072547,0.008245542005170137,0.0,0.0,0.0,0.0,0.00363391891005449,0.0,0.0,0.0,0.016624209005385637,0,0,0,0,0,0,,120.34288303838056,233.80344355215772,120.34288303838056,113.46056051377715,99017,165953536,1790405248.819127,runs/round-budget-20260926T064431Z/adult_s10002_T0/r0_fresh.json,PASS
adult,10002,0,fresh,1,1,0.25574358299490996,0.2648921250074636,0.06613397598266602,0.3310260772705078,0.003347624995512888,0.002471125015290454,0.0,0.0017143750155810267,0.00042266701348125935,0.0011317919997964054,6.095797289162874e-05,0.008467750012641773,0.0,0.2351967058784794,0.008511000021826476,0.0,0.0,0.0,0.0,0.0035681270819623023,0.0,0.0,0.0,0.017290375020820647,0,0,0,0,0,0,,120.34288303838056,233.80344355215772,120.34288303838056,113.46056051377715,99017,165920768,1790405249.476233,runs/round-budget-20260926T064431Z/adult_s10002_T0/r1_fresh.json,PASS
adult,10002,0,fresh,2,0,0.2543182499939576,0.2636417080066167,0.06775617599487305,0.33139777183532715,0.0032728750084061176,0.002477292000548914,0.0,0.001943750015925616,0.00042195897549390793,0.0011459169909358025,6.166502134874463e-05,0.008405291999224573,0.0,0.23405253802775405,0.008204167010262609,0.0,0.0,0.0,0.0,0.0036562529567163438,0.0,0.0,0.0,0.01647829104331322,0,0,0,0,0,0,,120.34288303838056,233.80344355215772,120.34288303838056,113.46056051377715,99017,165806080,1790405250.132807,runs/round-budget-20260926T064431Z/adult_s10002_T0/r2_fresh.json,PASS
adult,10002,0,fresh,3,3,0.25358879199484363,0.26323620800394565,0.06798672676086426,0.3312230110168457,0.003642416006186977,0.002412875008303672,0.0,0.0019256249943282455,0.0004142920079175383,0.0011872919858433306,6.491600652225316e-05,0.008300625020638108,0.0,0.23341521009569988,0.008311541983857751,0.0,0.0,0.0,0.0,0.0035614148946478963,0.0,0.0,0.0,0.016632208978990093,0,0,0,0,0,0,,120.34288303838056,233.80344355215772,120.34288303838056,113.46056051377715,99017,165855232,1790405251.4359858,runs/round-budget-20260926T064431Z/adult_s10002_T0/r3_fresh.json,PASS
adult,10002,0,none,0,3,0.060314166999887675,0.0782840000174474,0.06787323951721191,0.14615726470947266,0.0034610420116223395,0.0023832500155549496,0.008600041008321568,0.0017197499983012676,0.0004225000157020986,0.0013197500084061176,6.349995965138078e-05,0.0,0.005331332999048755,0.04327012778958306,0.008616749983048066,0.0,0.0,0.0,0.0,0.003095956228207797,0.0,0.0,0.0,0.016903750016354024,0,0,0,0,0,0,0,120.34288303838056,233.80344355215772,120.34288303838056,113.46056051377715,99017,209502208,1790405249.161128,runs/round-budget-20260926T064431Z/adult_s10002_T0/r0_none.json,PASS
adult,10002,0,none,1,2,0.059279208013322204,0.07683529198402539,0.06816792488098145,0.1450033187866211,0.003366332995938137,0.0023553749779239297,0.008454666996840388,0.0017145409947261214,0.0004268749908078462,0.0011778340267483145,6.045898771844804e-05,0.0,0.005191416974412277,0.04258655113517307,0.00842316698981449,0.0,0.0,0.0,0.0,0.0030780729139223695,0.0,0.0,0.0,0.016368832992156968,0,0,0,0,0,0,0,120.34288303838056,233.80344355215772,120.34288303838056,113.46056051377715,99017,209600512,1790405249.8202088,runs/round-budget-20260926T064431Z/adult_s10002_T0/r1_none.json,PASS
adult,10002,0,none,2,1,0.060308749991236255,0.07832645799499005,0.06687283515930176,0.14519929885864258,0.003410083008930087,0.0025479169853497297,0.008584958995925263,0.0017547500028740615,0.0004394999996293336,0.0012122920015826821,6.820700946263969e-05,0.0,0.00551320900558494,0.04326545697404072,0.008362541993847117,0.0,0.0,0.0,0.0,0.0031675420177634805,0.0,0.0,0.0,0.016787291009677574,0,0,0,0,0,0,0,120.34288303838056,233.80344355215772,120.34288303838056,113.46056051377715,99017,209649664,1790405250.47412,runs/round-budget-20260926T064431Z/adult_s10002_T0/r2_none.json,PASS
adult,10002,0,none,3,0,0.060413667000830173,0.07896516699111089,0.06688833236694336,0.14585351943969727,0.0032814590085763484,0.0023253330145962536,0.009393958986038342,0.001882834010757506,0.00043000001460313797,0.001165583002148196,7.233195356093347e-05,0.0,0.005785000015748665,0.0430701581062749,0.008376709010917693,0.0,0.0,0.0,0.0,0.0031817998678889126,0.0,0.0,0.0,0.016798501019366086,0,0,0,0,0,0,0,120.34288303838056,233.80344355215772,120.34288303838056,113.46056051377715,99017,209502208,1790405250.9559412,runs/round-budget-20260926T064431Z/adult_s10002_T0/r3_none.json,PASS
adult,10002,0,basic,0,0,0.06361058301990852,0.08286491601029411,0.07444596290588379,0.15731096267700195,0.0035940409870818257,0.0025259589892812073,0.009397999994689599,0.0020377909822855145,0.00043799998820759356,0.0011867920111399144,7.375003769993782e-05,0.0,0.0059918329934589565,0.04559987288666889,0.008637250022729859,0.0,0.0,0.0,0.0,0.0033816271170508116,0.0,0.0,0.0,0.018231250054668635,0,0,0,0,0,0,,120.34288303838056,233.80344355215772,120.34288303838056,113.46056051377715,99017,215384064,1790405248.491704,runs/round-budget-20260926T064431Z/adult_s10002_T0/r0_basic.json,PASS
adult,10002,0,basic,1,3,0.0593512500054203,0.07717412497731857,0.06652593612670898,0.14370012283325195,0.003417583997361362,0.0024147919903043658,0.00859141699038446,0.0017797499895095825,0.0004303749883547425,0.001121000008424744,6.795700755901635e-05,0.0,0.005258082994259894,0.04259383512544446,0.008417875011218712,0.0,0.0,0.0,0.0,0.003081456874497235,0.0,0.0,0.0,0.01651224901434034,0,0,0,0,0,0,,120.34288303838056,233.80344355215772,120.34288303838056,113.46056051377715,99017,209698816,1790405249.975528,runs/round-budget-20260926T064431Z/adult_s10002_T0/r1_basic.json,PASS
adult,10002,0,basic,2,2,0.061388708010781556,0.0803827499912586,0.06986784934997559,0.15025067329406738,0.0034153749875258654,0.0026313750131521374,0.00929254200309515,0.0018758329970296472,0.0005101669812574983,0.001186833978863433,8.191601955331862e-05,0.0,0.005384332995163277,0.04433624871307984,0.008476082992274314,0.0,0.0,0.0,0.0,0.0031920433102641255,0.0,0.0,0.0,0.01670120799099095,0,0,0,0,0,0,,120.34288303838056,233.80344355215772,120.34288303838056,113.46056051377715,99017,213811200,1790405250.634641,runs/round-budget-20260926T064431Z/adult_s10002_T0/r2_basic.json,PASS
adult,10002,0,basic,3,1,0.06130000000121072,0.0810224580054637,0.06636691093444824,0.14738941192626953,0.0034382079902570695,0.002425790997222066,0.010188917018240318,0.0020168749906588346,0.0004340830200817436,0.0011541249987203628,6.445898907259107e-05,0.0,0.0058003750164061785,0.04392834607278928,0.008579374989494681,0.0,0.0,0.0,0.0,0.002991903922520578,0.0,0.0,0.0,0.01705004196264781,0,0,0,0,0,0,,120.34288303838056,233.80344355215772,120.34288303838056,113.46056051377715,99017,209633280,1790405251.1135948,runs/round-budget-20260926T064431Z/adult_s10002_T0/r3_basic.json,PASS
adult,10002,0,runnerup,0,1,0.06136954098474234,0.08015562500804663,0.06954169273376465,0.14969730377197266,0.003460167004959658,0.002489250007783994,0.00913012502132915,0.0018895420071203262,0.00047374999849125743,0.0012648749980144203,7.837498560547829e-05,0.0,0.005587374995229766,0.043942006945144385,0.00859962499816902,0.0,0.0,0.0,0.0,0.0032405340461991727,0.0,0.0,0.0,0.017608500027563423,0,0,0,0,0,0,,120.34288303838056,233.80344355215772,120.34288303838056,113.46056051377715,99017,210305024,1790405248.6571178,runs/round-budget-20260926T064431Z/adult_s10002_T0/r0_runnerup.json,PASS
adult,10002,0,runnerup,1,0,0.060422749986173585,0.07841529199504294,0.06781721115112305,0.14623260498046875,0.0035978329833596945,0.0024127920041792095,0.008585625007981434,0.0017170000064652413,0.0004745829792227596,0.001127458002883941,7.725102477706969e-05,0.0,0.005268707987852395,0.043574301031185314,0.008481541997753084,0.0,0.0,0.0,0.0,0.0030981989693827927,0.0,0.0,0.0,0.017037207988323644,0,0,0,0,0,0,,120.34288303838056,233.80344355215772,120.34288303838056,113.46056051377715,99017,209846272,1790405249.319663,runs/round-budget-20260926T064431Z/adult_s10002_T0/r1_runnerup.json,PASS
adult,10002,0,runnerup,2,3,0.06065187498461455,0.07992091597407125,0.06814718246459961,0.14806818962097168,0.0038589159958064556,0.0026807920075953007,0.009195083024678752,0.0019040420011151582,0.0004331250092945993,0.0011288330133538693,6.824993761256337e-05,0.0,0.005687832977855578,0.043082671909360215,0.008603084017522633,0.0,0.0,0.0,0.0,0.003278286079876125,0.0,0.0,0.0,0.016980000014882535,0,0,0,0,0,0,,120.34288303838056,233.80344355215772,120.34288303838056,113.46056051377715,99017,209666048,1790405250.796261,runs/round-budget-20260926T064431Z/adult_s10002_T0/r2_runnerup.json,PASS
adult,10002,0,runnerup,3,2,0.061062916996888816,0.07961225000326522,0.06851005554199219,0.14812231063842773,0.003491583018330857,0.0026410830032546073,0.008966499997768551,0.0017065829888451844,0.0004410419787745923,0.0012342919944785535,6.825002492405474e-05,0.0,0.00536945802741684,0.0441158311732579,0.008555417007301003,0.0,0.0,0.0,0.0,0.003022210788913071,0.0,0.0,0.0,0.017257792031159624,0,0,0,0,0,0,,120.34288303838056,233.80344355215772,120.34288303838056,113.46056051377715,99017,209698816,1790405251.275851,runs/round-budget-20260926T064431Z/adult_s10002_T0/r3_runnerup.json,PASS
adult,10002,1,fresh,0,1,0.4569245829770807,0.4680207909841556,0.06796598434448242,0.5359866619110107,0.0034694159985519946,0.002511708007659763,0.0,0.0017556250095367432,0.0009707910066936165,0.0023223329917527735,6.633499288000166e-05,0.00893629199708812,0.0,0.23528004001127556,0.008217333001084626,0.0,0.11188067484181374,0.08851258008508012,0.0,0.004097663040738553,0.0,0.0,0.0,0.1072631630813703,30132,0,0,0,0,30132,,97.3158015984845,193.54069378685583,97.3158015984845,96.22489218837133,191969,174817280,1790405257.608833,runs/round-budget-20260926T064431Z/adult_s10002_T1/r0_fresh.json,PASS
adult,10002,1,fresh,1,0,0.4570399999793153,0.467996958992444,0.06729507446289062,0.5352921485900879,0.0034659999946597964,0.0024377919908147305,0.0,0.0017149590130429715,0.0009185420058201998,0.002361499995458871,5.816601333208382e-05,0.008262916991952807,0.0,0.2368671179865487,0.008160624973243102,0.0,0.1128532181319315,0.08681304194033146,0.0,0.004083079955307767,0.0,0.0,0.0,0.10601399990264326,30132,0,0,0,0,30132,,97.3158015984845,193.54069378685583,97.3158015984845,96.22489218837133,191969,181501952,1790405259.061183,runs/round-budget-20260926T064431Z/adult_s10002_T1/r1_fresh.json,PASS
adult,10002,1,fresh,2,3,0.45772858400596306,0.46870950001175515,0.06746912002563477,0.5361785888671875,0.003446916991379112,0.0022992920130491257,0.0,0.0017490840109530836,0.0009785419970285147,0.0024468750052619725,6.020598812028766e-05,0.008397040975978598,0.0,0.23546553109190427,0.008414249983616173,0.0,0.11378752981545404,0.08734038600232452,0.0,0.004323846136685461,0.0,0.0,0.0,0.10647517797769979,30132,0,0,0,0,30132,,97.3158015984845,193.54069378685583,97.3158015984845,96.22489218837133,191969,183386112,1790405262.4796102,runs/round-budget-20260926T064431Z/adult_s10002_T1/r2_fresh.json,PASS
adult,10002,1,fresh,3,2,0.45617237500846386,0.4672447079792619,0.06760716438293457,0.5348517894744873,0.0034723749849945307,0.002390000008745119,0.0,0.0017559580155648291,0.0009542499901726842,0.0024323330144397914,6.74169568810612e-05,0.008485750004183501,0.0,0.23675783487851731,0.008362250024219975,0.0,0.11171862209448591,0.08686382899759337,0.0,0.003984089009463787,0.0,0.0,0.0,0.1056999120337423,30132,0,0,0,0,30132,,97.3158015984845,193.54069378685583,97.3158015984845,96.22489218837133,191969,179470336,1790405264.094089,runs/round-budget-20260926T064431Z/adult_s10002_T1/r3_fresh.json,PASS
adult,10002,1,none,0,2,0.2621081250254065,0.2843412090151105,0.06781911849975586,0.3521602153778076,0.00348287500673905,0.002729750005528331,0.010564291995251551,0.001969125005416572,0.0009886250190902501,0.0024266670225188136,7.174993515945971e-05,0.0,0.005597875016974285,0.04361838585464284,0.008476917020743713,0.0,0.11427129016374238,0.0864629129646346,4.691598587669432e-05,0.0036338280187919736,0.0,0.0,0.0,0.10528174694627523,30132,0,0,0,0,30132,0,97.3158015984845,193.54069378685583,97.3158015984845,96.22489218837133,191969,227606528,1790405258.156585,runs/round-budget-20260926T064431Z/adult_s10002_T1/r0_none.json,PASS
adult,10002,1,none,1,1,0.2612135419913102,0.2824595409911126,0.06827902793884277,0.350738525390625,0.003434707992710173,0.0024031249922700226,0.010147208988200873,0.0018149589886888862,0.0009557919984217733,0.0024135829880833626,7.662305142730474e-05,0.0,0.0056092079903464764,0.04423888475866988,0.008768583997152746,0.0,0.1123614200623706,0.08634058191091754,6.412499351426959e-05,0.0038307382783386856,0.0,0.0,0.0,0.1052033739106264,30132,0,0,0,0,30132,0,97.3158015984845,193.54069378685583,97.3158015984845,96.22489218837133,191969,230604800,1790405259.610223,runs/round-budget-20260926T064431Z/adult_s10002_T1/r1_none.json,PASS
adult,10002,1,none,2,0,0.2604983750206884,0.2820997500093654,0.07071208953857422,0.3528118133544922,0.0033843340061139315,0.002325457986444235,0.010469500004546717,0.001967875025002286,0.0009887500200420618,0.0023970420006662607,6.841594586148858e-05,0.0,0.005249917012406513,0.043079006019979715,0.008665667002787814,0.0,0.11322276017745025,0.08672828818089329,6.012499216012657e-05,0.0034926116350106895,0.0,0.0,0.0,0.10609620515606366,30132,0,0,0,0,30132,0,97.3158015984845,193.54069378685583,97.3158015984845,96.22489218837133,191969,227344384,1790405261.048748,runs/round-budget-20260926T064431Z/adult_s10002_T1/r2_none.json,PASS
adult,10002,1,none,3,3,0.259517375001451,0.28099466700223275,0.06735014915466309,0.3483448028564453,0.003361917013535276,0.002280958986375481,0.010567374993115664,0.0018858329858630896,0.0009397499961778522,0.00237745902268216,6.399900303222239e-05,0.0,0.005371041013859212,0.04446554507012479,0.008604333008406684,0.0,0.11209675000282004,0.08543158788233995,5.804200191050768e-05,0.0034900760219898075,0.0,0.0,0.0,0.10500575485639274,30132,0,0,0,0,30132,0,97.3158015984845,193.54069378685583,97.3158015984845,96.22489218837133,191969,226951168,1790405264.6401122,runs/round-budget-20260926T064431Z/adult_s10002_T1/r3_none.json,PASS
adult,10002,1,basic,0,3,0.4356905419845134,0.45780433298205025,0.06745600700378418,0.5252604484558105,0.0034145829849876463,0.0027243749937042594,0.01053408399457112,0.0019726669997908175,0.00098637500195764,0.0024047920014709234,7.69150210544467e-05,0.0,0.0058391249913256615,0.0444797822565306,0.008892790996469557,0.001000753924017772,0.2612021241511684,0.1065911258046981,6.024999311193824e-05,0.007624589867191389,0.14632858292316087,0.1747327079938259,0.12017058301717043,0.12899774982361123,30132,30132,0,0,30132,60264,0,97.3158015984845,193.54069378685583,97.3158015984845,96.22489218837133,191969,228786176,1790405258.52177,runs/round-budget-20260926T064431Z/adult_s10002_T1/r0_basic.json,PASS
adult,10002,1,basic,1,2,0.43230608297744766,0.4534626670065336,0.06730198860168457,0.5207645893096924,0.0033513329981360584,0.0023730839893687516,0.01018429099349305,0.0019004170026164502,0.0009753330086823553,0.0023139170079957694,5.8209028793498874e-05,0.0,0.005342958000255749,0.043963924079434946,0.008486083010211587,0.0009570028632879257,0.2594463328423444,0.1069875899120234,4.949999856762588e-05,0.007072692271322012,0.1436289579141885,0.1715069169877097,0.12154016699059866,0.12829563295235857,30132,30132,0,0,30132,60264,0,97.3158015984845,193.54069378685583,97.3158015984845,96.22489218837133,191969,229310464,1790405259.973941,runs/round-budget-20260926T064431Z/adult_s10002_T1/r1_basic.json,PASS
adult,10002,1,basic,2,1,0.4329377500107512,0.45455708299414255,0.06765389442443848,0.5222110748291016,0.003439666994381696,0.002432416978990659,0.010305291012628004,0.0019007919763680547,0.001039124996168539,0.002430583001114428,7.145802373997867e-05,0.0,0.005362666997825727,0.04302855714922771,0.008406083012232557,0.0009720441012177616,0.2612728317617439,0.10680345402215607,5.7958008255809546e-05,0.007034154958091676,0.1453712410875596,0.17323812501854263,0.12150491701322608,0.1275099120393861,30132,30132,0,0,30132,60264,0,97.3158015984845,193.54069378685583,97.3158015984845,96.22489218837133,191969,228851712,1790405261.411819,runs/round-budget-20260926T064431Z/adult_s10002_T1/r2_basic.json,PASS
adult,10002,1,basic,3,0,0.42908816700219177,0.45120495799346827,0.06856608390808105,0.5197710990905762,0.0035503749968484044,0.0024175829894375056,0.010648916009813547,0.001962124981218949,0.0009635830065235496,0.002509084006305784,6.512500112876296e-05,0.0,0.005404291005106643,0.04296778194839135,0.008328333002282307,0.0009738310473039746,0.25861458003055304,0.10582095087738708,6.17500045336783e-05,0.006916649086633697,0.14453129298635758,0.17282500001601875,0.11945683299563825,0.12634874190553091,30132,30132,0,0,30132,60264,0,97.3158015984845,193.54069378685583,97.3158015984845,96.22489218837133,191969,229195776,1790405263.02881,runs/round-budget-20260926T064431Z/adult_s10002_T1/r3_basic.json,PASS
adult,10002,1,runnerup,0,0,0.4376989160082303,0.4593084169900976,0.06843781471252441,0.5277462005615234,0.0035429999988991767,0.0027598750020843,0.01013891599723138,0.0018382919952273369,0.0009211669967044145,0.0023357089958153665,7.254199590533972e-05,0.0,0.00598741602152586,0.043667049234500155,0.008654542005388066,0.002233880019048229,0.2621367800165899,0.10782495609601028,5.541701102629304e-05,0.007138875604141504,0.14725845691282302,0.17684195798938163,0.12019524999777786,0.12904820608673617,30132,30132,0,0,30132,60264,0,97.3158015984845,193.54069378685583,97.3158015984845,96.22489218837133,191969,227934208,1790405257.068249,runs/round-budget-20260926T064431Z/adult_s10002_T1/r0_runnerup.json,PASS
adult,10002,1,runnerup,1,3,0.43472008302342147,0.45624216698342934,0.0670008659362793,0.5232429504394531,0.00336533400695771,0.0024415420193690807,0.010243958997307345,0.0019843339978251606,0.0010053750011138618,0.002411041990853846,7.049794658087194e-05,0.0,0.005268500011879951,0.04450520811951719,0.008647499984363094,0.0022890820109751076,0.26009178831009194,0.1068368301494047,6.237498018890619e-05,0.0070187994570005685,0.1445403736724984,0.17382199998246506,0.12100325000938028,0.12789645418524742,30132,30132,0,0,30132,60264,0,97.3158015984845,193.54069378685583,97.3158015984845,96.22489218837133,191969,231161856,1790405260.5082119,runs/round-budget-20260926T064431Z/adult_s10002_T1/r1_runnerup.json,PASS
adult,10002,1,runnerup,2,2,0.43072087498148903,0.45230562501819804,0.06667709350585938,0.5189826488494873,0.0034475839929655194,0.0023094159842003137,0.010381708008935675,0.0019930420094169676,0.0009712500032037497,0.0024155830033123493,6.616703467443585e-05,0.0,0.005236916011199355,0.042824922828003764,0.00852283398853615,0.0022010790125932544,0.2589990831038449,0.10601233690977097,4.824998904950917e-05,0.006875453138491139,0.14340558208641596,0.1718563750036992,0.12097233301028609,0.1267619218560867,30132,30132,0,0,30132,60264,0,97.3158015984845,193.54069378685583,97.3158015984845,96.22489218837133,191969,228442112,1790405261.94642,runs/round-budget-20260926T064431Z/adult_s10002_T1/r2_runnerup.json,PASS
adult,10002,1,runnerup,3,1,0.43078341701766476,0.45244345799437724,0.0673830509185791,0.5198264122009277,0.0037147909752093256,0.0023617499973624945,0.010173458023928106,0.001911457977257669,0.0009589169931132346,0.0024735000042710453,6.61670055706054e-05,0.0,0.00538983300793916,0.04298207678948529,0.008445375016890466,0.002357367950025946,0.2585433750646189,0.1058862536738161,4.987497231923044e-05,0.007129260542569682,0.14432124892482534,0.1741367079957854,0.11951137500000186,0.1267090437177103,30132,30132,0,0,30132,60264,0,97.3158015984845,193.54069378685583,97.3158015984845,96.22489218837133,191969,228917248,1790405263.561097,runs/round-budget-20260926T064431Z/adult_s10002_T1/r3_runnerup.json,PASS
adult,10002,2,fresh,0,0,0.6597497920156457,0.6731989580148365,0.07100296020507812,0.7442018985748291,0.0034140420029871166,0.002535083011025563,0.0,0.0022905000078026205,0.0014678750012535602,0.0036733330052811652,6.833297084085643e-05,0.008329292002599686,0.0,0.23411966391722672,0.008268500008853152,0.0,0.22490842416300438,0.17954020097386092,0.0,0.0045837109501007944,0.0,0.0,0.0,0.200725700968178,60264,0,0,0,0,60264,,96.63937110041871,193.11673216515604,96.63937110041871,96.47736106473734,285232,180748288,1790405271.291049,runs/round-budget-20260926T064431Z/adult_s10002_T2/r0_fresh.json,PASS
adult,10002,2,fresh,1,3,0.6534998750139493,0.6661823750182521,0.06718587875366211,0.7333681583404541,0.0033761250087991357,0.0023203750024549663,0.0,0.0017842910019680858,0.0014930000179447234,0.0036442080163396895,6.450095679610968e-05,0.008340416999999434,0.0,0.23367967212107033,0.008426833024714142,0.0,0.2236787870642729,0.1749575528083369,0.0,0.004416612995555624,0.0,0.0,0.0,0.19530246884096414,60264,0,0,0,0,60264,,96.63937110041871,193.11673216515604,96.63937110041871,96.47736106473734,285232,179077120,1790405276.138687,runs/round-budget-20260926T064431Z/adult_s10002_T2/r1_fresh.json,PASS
adult,10002,2,fresh,2,2,0.6532217090134509,0.6659139590046834,0.06713104248046875,0.7330451011657715,0.0033244590158574283,0.002485417004209012,0.0,0.0017906249850057065,0.001431208016583696,0.003602916985983029,5.762398359365761e-05,0.008278749999590218,0.0,0.23370199909550138,0.008537292014807463,0.0,0.2230347089935094,0.1753919238690287,0.0,0.0042770350410137326,0.0,0.0,0.0,0.19642950786510482,60264,0,0,0,0,60264,,96.63937110041871,193.11673216515604,96.63937110041871,96.47736106473734,285232,175505408,1790405278.356915,runs/round-budget-20260926T064431Z/adult_s10002_T2/r2_fresh.json,PASS
adult,10002,2,fresh,3,1,0.6552924580173567,0.667856332991505,0.06649923324584961,0.7343554496765137,0.003457207989413291,0.0022581249941140413,0.0,0.0017615830001886934,0.0014569170016329736,0.00356512499274686,6.491699605248868e-05,0.008242999989306554,0.0,0.23317584209144115,0.008391541981836781,0.0,0.2250590031617321,0.17609833113965578,0.0,0.004324739653384313,0.0,0.0,0.0,0.19645328912883997,60264,0,0,0,0,60264,,96.63937110041871,193.11673216515604,96.63937110041871,96.47736106473734,285232,180109312,1790405280.404683,runs/round-budget-20260926T064431Z/adult_s10002_T2/r3_fresh.json,PASS
adult,10002,2,none,0,1,0.45748183398973197,0.4817470420093741,0.06723523139953613,0.5489823818206787,0.0034366670006420463,0.0023246250057127327,0.011304792016744614,0.001978958025574684,0.0015336250071413815,0.003617875016061589,6.866594776511192e-05,0.0,0.005315541988238692,0.04287396217114292,0.008369207993382588,0.0,0.22386946101323701,0.17289624569821171,0.0001396249863319099,0.004017790139187127,0.0,0.0,0.0,0.19324574572965503,60264,0,0,0,0,60264,0,96.63937110041871,193.11673216515604,96.63937110041871,96.47736106473734,285232,230604800,1790405272.044064,runs/round-budget-20260926T064431Z/adult_s10002_T2/r0_none.json,PASS
adult,10002,2,none,1,0,0.46138470800360665,0.48724766602390446,0.06965804100036621,0.5569057464599609,0.00391520801349543,0.002561792003689334,0.012042624992318451,0.0022869999811518937,0.0015040419821161777,0.003479208011412993,7.30830361135304e-05,0.0,0.005308624997269362,0.04356407996965572,0.008514832996297628,0.0,0.22422979093971662,0.17545667206286453,0.00014474999625235796,0.004165957041550428,0.0,0.0,0.0,0.1959987550508231,60264,0,0,0,0,60264,0,96.63937110041871,193.11673216515604,96.63937110041871,96.47736106473734,285232,230801408,1790405274.091415,runs/round-budget-20260926T064431Z/adult_s10002_T2/r1_none.json,PASS
adult,10002,2,none,2,3,0.4581734169914853,0.48284308300935663,0.06703495979309082,0.5498781204223633,0.0034867080103140324,0.0023616660037077963,0.011670042003970593,0.001965416013263166,0.001496000011684373,0.003612458996940404,7.737497799098492e-05,0.0,0.005350541992811486,0.0429943730996456,0.008548749989131466,0.0,0.22396115990704857,0.17312455087085254,0.00010620898683555424,0.004087832145160064,0.0,0.0,0.0,0.19356680085184053,60264,0,0,0,0,60264,0,96.63937110041871,193.11673216515604,96.63937110041871,96.47736106473734,285232,230211584,1790405279.10214,runs/round-budget-20260926T064431Z/adult_s10002_T2/r2_none.json,PASS
adult,10002,2,none,3,2,0.4568280419916846,0.48137699998915195,0.0678870677947998,0.5492639541625977,0.0034414579859003425,0.002414000016869977,0.011607374995946884,0.0019501670030876994,0.0014367499970830977,0.0036216669832356274,7.754101534374058e-05,0.0,0.005467750015668571,0.04319770788424648,0.008410915994318202,0.0,0.22231304403976537,0.17318150209030136,0.00013033297727815807,0.004126788990106434,0.0,0.0,0.0,0.193344251048984,60264,0,0,0,0,60264,0,96.63937110041871,193.11673216515604,96.63937110041871,96.47736106473734,285232,229965824,1790405281.152147,runs/round-budget-20260926T064431Z/adult_s10002_T2/r3_none.json,PASS
adult,10002,2,basic,0,2,0.6353861660172697,0.6617138330184389,0.06923294067382812,0.7309467792510986,0.003989458025898784,0.0024684169911779463,0.012448417022824287,0.0022781250008847564,0.0014558750262949616,0.0036138329887762666,7.354194531217217e-05,0.0,0.005703625007299706,0.04466333394520916,0.008628833980765194,0.0010279211273882538,0.37018983374582604,0.19747766287764534,0.0001669999910518527,0.007527955342084169,0.1448440001695417,0.1726695830002427,0.1195623749808874,0.22030758080654778,60264,30132,0,0,30132,90396,0,96.63937110041871,193.11673216515604,96.63937110041871,96.47736106473734,285232,235487232,1790405272.6091158,runs/round-budget-20260926T064431Z/adult_s10002_T2/r0_basic.json,PASS
adult,10002,2,basic,1,1,0.6320527920033783,0.6580222079937812,0.06995511054992676,0.7279772758483887,0.0032222500012721866,0.0022841249883640558,0.012370458978693932,0.002880832995288074,0.0014325410011224449,0.0037112910067662597,6.79170188959688e-05,0.0,0.005444124981295317,0.04479833983350545,0.008824207994621247,0.0009542950429022312,0.37083087500650436,0.19320309392060153,0.00015237502520903945,0.007845480198739097,0.14461675303755328,0.17243229201994836,0.11986595901544206,0.2166668838763144,60264,30132,0,0,30132,90396,0,96.63937110041871,193.11673216515604,96.63937110041871,96.47736106473734,285232,234520576,1790405274.663278,runs/round-budget-20260926T064431Z/adult_s10002_T2/r1_basic.json,PASS
adult,10002,2,basic,2,0,0.6291954169864766,0.653901291982038,0.06705975532531738,0.7209610939025879,0.00334475000272505,0.0025215409987140447,0.011673250002786517,0.0020427079871296883,0.001438875013263896,0.0036237089952919632,6.104199565015733e-05,0.0,0.005299708020174876,0.042831078986637294,0.008415041986154392,0.0009208790434058756,0.3689619016076904,0.19542779790936038,0.00011570798233151436,0.0072233014507219195,0.14273666488588788,0.17017541697714478,0.121006083994871,0.21781667388859205,60264,30132,0,0,30132,90396,0,96.63937110041871,193.11673216515604,96.63937110041871,96.47736106473734,285232,231211008,1790405276.884013,runs/round-budget-20260926T064431Z/adult_s10002_T2/r2_basic.json,PASS
adult,10002,2,basic,3,3,0.6290199999930337,0.6544997919991147,0.06921195983886719,0.7237117290496826,0.003469332994427532,0.0025974160234909505,0.012024750001728535,0.002167166006984189,0.0014853750180918723,0.0036621670005843043,7.358496077358723e-05,0.0,0.005439249973278493,0.0435954199929256,0.00843366701155901,0.0009622900979593396,0.3699005080270581,0.19297321737394668,0.00013883403153158724,0.0075768134847749025,0.14302133093588054,0.17045162498834543,0.11976191698340699,0.21533150936011225,60264,30132,0,0,30132,90396,0,96.63937110041871,193.11673216515604,96.63937110041871,96.47736106473734,285232,232620032,1790405281.716768,runs/round-budget-20260926T064431Z/adult_s10002_T2/r3_basic.json,PASS
adult,10002,2,runnerup,0,3,0.6298241659824271,0.6545469999837223,0.06725597381591797,0.7218029499053955,0.003300582990050316,0.002288499992573634,0.0118365419912152,0.0021402909769676626,0.001482208986999467,0.0036092499794904143,6.54590839985758e-05,0.0,0.005367917008697987,0.043233534146565944,0.008307125011924654,0.0022210790193639696,0.36867320360033773,0.19465565626160242,0.00016929098637774587,0.00719635994755663,0.14265124898520298,0.17118829098762944,0.12107883300632238,0.21693307129316963,60264,30132,0,0,30132,90396,0,96.63937110041871,193.11673216515604,96.63937110041871,96.47736106473734,285232,231424000,1790405273.35284,runs/round-budget-20260926T064431Z/adult_s10002_T2/r0_runnerup.json,PASS
adult,10002,2,runnerup,1,2,0.6294305830087978,0.6540570000070147,0.06720209121704102,0.7212591171264648,0.0033997079881373793,0.002315582998562604,0.011589083995204419,0.002172833017539233,0.0014743750216439366,0.003612750006141141,6.208397098816931e-05,0.0,0.0052143330103717744,0.04316086709150113,0.00834912501159124,0.0021795890643261373,0.3702897197799757,0.1929521651181858,0.0001324170152656734,0.007152366917580366,0.1430383350525517,0.17180716700386256,0.1220652079791762,0.2154092910932377,60264,30132,0,0,30132,90396,0,96.63937110041871,193.11673216515604,96.63937110041871,96.47736106473734,285232,231440384,1790405275.403166,runs/round-budget-20260926T064431Z/adult_s10002_T2/r1_runnerup.json,PASS
adult,10002,2,runnerup,2,1,0.6324820000154432,0.657533916993998,0.06707882881164551,0.7246127128601074,0.0033967079943977296,0.0024517920101061463,0.011674084002152085,0.0023012079764157534,0.0015264999819919467,0.0036226670199539512,7.895799353718758e-05,0.0,0.005412334023276344,0.043768453906523064,0.008617125015007332,0.002298416889971122,0.3708662122662645,0.19400557925109752,0.00012224999954923987,0.007391628663754091,0.14437879089382477,0.1734944159979932,0.11997045800671913,0.21684899629326537,60264,30132,0,0,30132,90396,0,96.63937110041871,193.11673216515604,96.63937110041871,96.47736106473734,285232,232308736,1790405277.618453,runs/round-budget-20260926T064431Z/adult_s10002_T2/r2_runnerup.json,PASS
adult,10002,2,runnerup,3,0,0.6328959579986986,0.6573239169956651,0.06831502914428711,0.7256388664245605,0.0033540830190759152,0.0025633750192355365,0.011463458009529859,0.0018914579995907843,0.0015413329820148647,0.0035463749954942614,6.787697202526033e-05,0.0,0.005306166014634073,0.043575748888542876,0.00840954200248234,0.002194997970946133,0.37168355204630643,0.19441942911362275,0.00012462501763366163,0.007181896944530308,0.1441244171001017,0.17282924999017268,0.12023579198285006,0.21697051319642924,60264,30132,0,0,30132,90396,0,96.63937110041871,193.11673216515604,96.63937110041871,96.47736106473734,285232,231063552,1790405279.666959,runs/round-budget-20260926T064431Z/adult_s10002_T2/r3_runnerup.json,PASS
adult,10003,0,fresh,0,1,0.25564391701482236,0.26492858401616104,0.06731295585632324,0.3322415351867676,0.0033490420028101653,0.0024228330003097653,0.0,0.0017772499995771796,0.000458958005765453,0.0012064590118825436,7.01249809935689e-05,0.008076124999206513,0.0,0.23537328495876864,0.008574707986554131,0.0,0.0,0.0,0.0,0.003619799070293084,0.0,0.0,0.0,0.0170162089925725,0,0,0,0,0,0,,114.67492282699168,216.69528558371863,114.67492282699168,102.02036275672695,99025,166035456,1790405286.533346,runs/round-budget-20260926T064431Z/adult_s10003_T0/r0_fresh.json,PASS
adult,10003,0,fresh,1,0,0.2543439579894766,0.2638202079979237,0.06838488578796387,0.33220505714416504,0.003514874988468364,0.002477250003721565,0.0,0.0018042919982690364,0.0004620830004569143,0.0011461249960120767,7.162502151913941e-05,0.008129916008329019,0.0,0.23434570204699412,0.008220833988161758,0.0,0.0,0.0,0.0,0.0036475059459917247,0.0,0.0,0.0,0.01707562498631887,0,0,0,0,0,0,,114.67492282699168,216.69528558371863,114.67492282699168,102.02036275672695,99025,165724160,1790405287.192878,runs/round-budget-20260926T064431Z/adult_s10003_T0/r1_fresh.json,PASS
adult,10003,0,fresh,2,3,0.2546774579968769,0.26384091601357795,0.06719088554382324,0.33103179931640625,0.0032989580067805946,0.0023246250057127327,0.0,0.0019041250052396208,0.0004057500045746565,0.0011664580088108778,6.35419855825603e-05,0.00810429101693444,0.0,0.23469083406962454,0.008335708000231534,0.0,0.0,0.0,0.0,0.0035466249100863934,0.0,0.0,0.0,0.01704129099380225,0,0,0,0,0,0,,114.67492282699168,216.69528558371863,114.67492282699168,102.02036275672695,99025,161513472,1790405288.489562,runs/round-budget-20260926T064431Z/adult_s10003_T0/r2_fresh.json,PASS
adult,10003,0,fresh,3,2,0.25574916700134054,0.2655059589887969,0.06970906257629395,0.33521509170532227,0.003786541987210512,0.0024621670017950237,0.0,0.0019034160068258643,0.00040687501314096153,0.0011233330005779862,7.44589779060334e-05,0.008588583004893735,0.0,0.23478558092028834,0.008496875001583248,0.0,0.0,0.0,0.0,0.0038781280745752156,0.0,0.0,0.0,0.017400292039383203,0,0,0,0,0,0,,114.67492282699168,216.69528558371863,114.67492282699168,102.02036275672695,99025,169476096,1790405289.153501,runs/round-budget-20260926T064431Z/adult_s10003_T0/r3_fresh.json,PASS
adult,10003,0,none,0,2,0.060901292017661035,0.07853550001163967,0.06666302680969238,0.14519858360290527,0.00331595801981166,0.0023798749898560345,0.008566625008825213,0.0017938340024556965,0.00041804200736805797,0.0011016250064130872,5.824895924888551e-05,0.0,0.005092417006380856,0.04409703187411651,0.008505292003974319,0.0,0.0,0.0,0.0,0.0032065511331893504,0.0,0.0,0.0,0.015003083011833951,0,0,0,0,0,0,0,114.67492282699168,216.69528558371863,114.67492282699168,102.02036275672695,99025,209567744,1790405286.875783,runs/round-budget-20260926T064431Z/adult_s10003_T0/r0_none.json,PASS
adult,10003,0,none,1,1,0.06038220800110139,0.07832237498951145,0.06706619262695312,0.14538860321044922,0.003378291003173217,0.002381083002546802,0.008563209004933015,0.0018179999897256494,0.0004182079865131527,0.0013133339816704392,6.804201984778047e-05,0.0,0.005104208015836775,0.04377020898391493,0.008421416016062722,0.0,0.0,0.0,0.0,0.003086374985286966,0.0,0.0,0.0,0.014856791036436334,0,0,0,0,0,0,0,114.67492282699168,216.69528558371863,114.67492282699168,102.02036275672695,99025,209600512,1790405287.534475,runs/round-budget-20260926T064431Z/adult_s10003_T0/r1_none.json,PASS
adult,10003,0,none,2,0,0.06061470799613744,0.07848279198515229,0.06687498092651367,0.14535784721374512,0.003434292011661455,0.002363708015764132,0.008483917015837505,0.0019551250152289867,0.0004231249913573265,0.0011366249818820506,7.129195728339255e-05,0.0,0.005256208009086549,0.04393666426767595,0.008390541013795882,0.0,0.0,0.0,0.0,0.0030312947055790573,0.0,0.0,0.0,0.014834749046713114,0,0,0,0,0,0,0,114.67492282699168,216.69528558371863,114.67492282699168,102.02036275672695,99025,209698816,1790405288.010818,runs/round-budget-20260926T064431Z/adult_s10003_T0/r2_none.json,PASS
adult,10003,0,none,3,3,0.06089370799600147,0.07903449999867007,0.06797075271606445,0.14700531959533691,0.003483792010229081,0.0024290410219691694,0.008585124975070357,0.001948041986906901,0.0004518750065471977,0.0011830420116893947,5.9874990256503224e-05,0.0,0.005420874978881329,0.043917335919104517,0.008457124989945441,0.0,0.0,0.0,0.0,0.00309837210807018,0.0,0.0,0.0,0.014975625002989545,0,0,0,0,0,0,0,114.67492282699168,216.69528558371863,114.67492282699168,102.02036275672695,99025,209600512,1790405289.4982028,runs/round-budget-20260926T064431Z/adult_s10003_T0/r3_none.json,PASS
adult,10003,0,basic,0,3,0.06074766701203771,0.07844849998946302,0.06728601455688477,0.14573454856872559,0.003316999995149672,0.0024329999869223684,0.008516959002008662,0.0018226660031359643,0.0004285830073058605,0.001123124995501712,5.949998740106821e-05,0.0,0.005263415980152786,0.04395533379283734,0.008457041025394574,0.0,0.0,0.0,0.0,0.003071876213653013,0.0,0.0,0.0,0.015002291009295732,0,0,0,0,0,0,,114.67492282699168,216.69528558371863,114.67492282699168,102.02036275672695,99025,209551360,1790405287.0331562,runs/round-budget-20260926T064431Z/adult_s10003_T0/r0_basic.json,PASS
adult,10003,0,basic,1,2,0.06214075000025332,0.0799750000005588,0.06887316703796387,0.1488480567932129,0.003491333976853639,0.0024252499861177057,0.008542875002603978,0.00170041699311696,0.00044712499948218465,0.0011576670221984386,6.958201993256807e-05,0.0,0.005481416010297835,0.045008666842477396,0.008517124981153756,0.0,0.0,0.0,0.0,0.0031335421663243324,0.0,0.0,0.0,0.015441584022482857,0,0,0,0,0,0,,114.67492282699168,216.69528558371863,114.67492282699168,102.02036275672695,99025,212860928,1790405287.69386,runs/round-budget-20260926T064431Z/adult_s10003_T0/r1_basic.json,PASS
adult,10003,0,basic,2,1,0.06274587498046458,0.08120658301049843,0.06944894790649414,0.15065550804138184,0.0036429169995244592,0.0023822920047678053,0.008943041990278289,0.0018581249751150608,0.0004128339933231473,0.001144832989666611,7.666507735848427e-05,0.0,0.0053584169945679605,0.045498704886995256,0.008608708012616262,0.0,0.0,0.0,0.0,0.0032800450862850994,0.0,0.0,0.0,0.01533154200296849,0,0,0,0,0,0,,114.67492282699168,216.69528558371863,114.67492282699168,102.02036275672695,99025,211238912,1790405288.170913,runs/round-budget-20260926T064431Z/adult_s10003_T0/r2_basic.json,PASS
adult,10003,0,basic,3,0,0.06063525000354275,0.07853970900760032,0.06834006309509277,0.1468796730041504,0.0032887090055737644,0.002642750012455508,0.008654667006339878,0.001736249978421256,0.0004217499808873981,0.0011009169975295663,5.9416022850200534e-05,0.0,0.005160999979125336,0.04376291111111641,0.00855045800562948,0.0,0.0,0.0,0.0,0.003160880907671526,0.0,0.0,0.0,0.015186873992206529,0,0,0,0,0,0,,114.67492282699168,216.69528558371863,114.67492282699168,102.02036275672695,99025,209633280,1790405288.833111,runs/round-budget-20260926T064431Z/adult_s10003_T0/r3_basic.json,PASS
adult,10003,0,runnerup,0,0,0.06078641701606102,0.07834308300516568,0.0678262710571289,0.14616942405700684,0.003462000022409484,0.0023722079931758344,0.008324333000928164,0.0017801669891923666,0.0004130000015720725,0.001141582994023338,6.337498780339956e-05,0.0,0.00503245901199989,0.04433333722408861,0.008427124994341284,0.0,0.0,0.0,0.0,0.0029934957856312394,0.0,0.0,0.0,0.015331834001699463,0,0,0,0,0,0,,114.67492282699168,216.69528558371863,114.67492282699168,102.02036275672695,99025,209731584,1790405286.375683,runs/round-budget-20260926T064431Z/adult_s10003_T0/r0_runnerup.json,PASS
adult,10003,0,runnerup,1,3,0.060557583026820794,0.0782279160048347,0.06728291511535645,0.14551091194152832,0.0034220000088680536,0.0023565420124214143,0.00847441700170748,0.001767042005667463,0.0004371250106487423,0.0011445840063970536,6.862293230369687e-05,0.0,0.005237459001364186,0.04372411881922744,0.008364791981875896,0.0,0.0,0.0,0.0,0.0032312132243532687,0.0,0.0,0.0,0.014729333983268589,0,0,0,0,0,0,,114.67492282699168,216.69528558371863,114.67492282699168,102.02036275672695,99025,209698816,1790405287.853485,runs/round-budget-20260926T064431Z/adult_s10003_T0/r1_runnerup.json,PASS
adult,10003,0,runnerup,2,2,0.06113895800081082,0.07886524999048561,0.06700992584228516,0.1458752155303955,0.0034353749942965806,0.002411708002910018,0.008355083002243191,0.0019172919855918735,0.0004191249900031835,0.001125708979088813,6.200003554113209e-05,0.0,0.005339583003660664,0.04414982793969102,0.00868504200479947,0.0,0.0,0.0,0.0,0.0029645050526596606,0.0,0.0,0.0,0.015229334007017314,0,0,0,0,0,0,,114.67492282699168,216.69528558371863,114.67492282699168,102.02036275672695,99025,209698816,1790405288.331699,runs/round-budget-20260926T064431Z/adult_s10003_T0/r2_runnerup.json,PASS
adult,10003,0,runnerup,3,1,0.06088829197688028,0.07913575001293793,0.06908011436462402,0.14821577072143555,0.003547166008502245,0.0024455419916193932,0.008617166022304446,0.0018642499926500022,0.00047129200538620353,0.0012302499962970614,7.179201929830015e-05,0.0,0.005313416011631489,0.043888381973374635,0.008623375004390255,0.0,0.0,0.0,0.0,0.0030631189874839038,0.0,0.0,0.0,0.015140041999984533,0,0,0,0,0,0,,114.67492282699168,216.69528558371863,114.67492282699168,102.02036275672695,99025,209879040,1790405288.992639,runs/round-budget-20260926T064431Z/adult_s10003_T0/r3_runnerup.json,PASS
adult,10003,1,fresh,0,0,0.4544044169888366,0.46535124999354593,0.06830501556396484,0.5336563587188721,0.0033771669841371477,0.002388291002716869,0.0,0.0017469169979449362,0.001007749990094453,0.002364416985074058,6.229104474186897e-05,0.008052042016061023,0.0,0.23520545699284412,0.008544999989680946,0.0,0.11231704114470631,0.08635054100886919,0.0,0.003934335836675018,0.0,0.0,0.0,0.10552970704156905,30132,0,0,0,0,30132,,97.11306419967094,193.6829749870667,96.56991078739576,97.11306419967094,191843,179224576,1790405294.942981,runs/round-budget-20260926T064431Z/adult_s10003_T1/r0_fresh.json,PASS
adult,10003,1,fresh,1,3,0.45403449999867007,0.4650431249756366,0.06798791885375977,0.5330309867858887,0.0033264579833485186,0.002422958001261577,0.0,0.0017319170001428574,0.0010215000074822456,0.0024405420117545873,6.524997297674417e-05,0.008194666006602347,0.0,0.23369324975647032,0.008330375014338642,0.0,0.11256229210994206,0.08736979309469461,0.0,0.0038841240166220814,0.0,0.0,0.0,0.1062664601195138,30132,0,0,0,0,30132,,97.11306419967094,193.6829749870667,96.56991078739576,97.11306419967094,191843,180158464,1790405298.3669949,runs/round-budget-20260926T064431Z/adult_s10003_T1/r1_fresh.json,PASS
adult,10003,1,fresh,2,2,0.4527759999909904,0.46384400001261383,0.0671548843383789,0.530998945236206,0.0033477079996373504,0.0025642919936217368,0.0,0.0017432919994462281,0.0009260840015485883,0.002425583021249622,6.10410061199218e-05,0.008390041999518871,0.0,0.23330270615406334,0.008559208014048636,0.0,0.11213441501604393,0.08652316697407514,0.0,0.0038664618332404643,0.0,0.0,0.0,0.10557837499072775,30132,0,0,0,0,30132,,97.11306419967094,193.6829749870667,96.56991078739576,97.11306419967094,191843,179961856,1790405299.98334,runs/round-budget-20260926T064431Z/adult_s10003_T1/r2_fresh.json,PASS
adult,10003,1,fresh,3,1,0.457629167009145,0.4686748340027407,0.06726598739624023,0.5359408855438232,0.0033216669980902225,0.0023656670236960053,0.0,0.0019680830009747297,0.0009311669855378568,0.002395209012320265,6.387397297658026e-05,0.00854391697794199,0.0,0.23594745478476398,0.008754791982937604,0.0,0.1134285849693697,0.08658020602888428,0.0,0.004374212265247479,0.0,0.0,0.0,0.10630541399586946,30132,0,0,0,0,30132,,97.11306419967094,193.6829749870667,96.56991078739576,97.11306419967094,191843,184811520,1790405301.43223,runs/round-budget-20260926T064431Z/adult_s10003_T1/r3_fresh.json,PASS
adult,10003,1,none,0,1,0.2615269589878153,0.28272341698175296,0.06823992729187012,0.3509633541107178,0.0034405420010443777,0.002371500013396144,0.009913583024172112,0.00203441598569043,0.0009803340071812272,0.0023934170021675527,6.266596028581262e-05,0.0,0.005470375006552786,0.04427979391766712,0.008448500011581928,0.0,0.1119562960229814,0.08787791509530507,5.01670001540333e-05,0.003443911933572963,0.0,0.0,0.0,0.10506629009614699,30132,0,0,0,0,30132,0,97.11306419967094,193.6829749870667,96.56991078739576,97.11306419967094,191843,226721792,1790405295.487784,runs/round-budget-20260926T064431Z/adult_s10003_T1/r0_none.json,PASS
adult,10003,1,none,1,0,0.2591311660071369,0.28050529200118035,0.06874394416809082,0.34924912452697754,0.003499874990666285,0.0023680840095039457,0.010162334016058594,0.0020450000010896474,0.0009071670065168291,0.0023225419863592833,6.912398384884e-05,0.0,0.005160750006325543,0.0439334679977037,0.00842612498672679,0.0,0.11154204796184786,0.08655562513740733,5.816601333208382e-05,0.003454983903793618,0.0,0.0,0.0,0.10379254212602973,30132,0,0,0,0,30132,0,97.11306419967094,193.6829749870667,96.56991078739576,97.11306419967094,191843,227262464,1790405296.928129,runs/round-budget-20260926T064431Z/adult_s10003_T1/r1_none.json,PASS
adult,10003,1,none,2,3,0.26463116699596867,0.28657654201379046,0.0718390941619873,0.3584156036376953,0.003411792014958337,0.002369958005147055,0.010533584019867703,0.0021528340002987534,0.0009851250215433538,0.002426083985483274,6.599797052331269e-05,0.0,0.0056831249967217445,0.044498377246782184,0.008973166986834258,0.0,0.11329195604776032,0.08842545803054236,8.64169851411134e-05,0.0036726667021866888,0.0,0.0,0.0,0.1064469580014702,30132,0,0,0,0,30132,0,97.11306419967094,193.6829749870667,96.56991078739576,97.11306419967094,191843,231981056,1790405300.530879,runs/round-budget-20260926T064431Z/adult_s10003_T1/r2_none.json,PASS
adult,10003,1,none,3,2,0.25992291601141915,0.2814310420071706,0.06766009330749512,0.3490910530090332,0.00351241699536331,0.0023479580122511834,0.010260832990752533,0.0020096249936614186,0.0009460000146646053,0.0023677909921389073,6.350199691951275e-05,0.0,0.005337999988114461,0.043858248041942716,0.008575916988775134,0.0,0.11252253814018331,0.08599266692181118,6.366599700413644e-05,0.0035718799335882068,0.0,0.0,0.0,0.10346266790293157,30132,0,0,0,0,30132,0,97.11306419967094,193.6829749870667,96.56991078739576,97.11306419967094,191843,226869248,1790405301.980098,runs/round-budget-20260926T064431Z/adult_s10003_T1/r3_none.json,PASS
adult,10003,1,basic,0,2,0.4319077499967534,0.45361616599257104,0.06901717185974121,0.5226333141326904,0.003583624988095835,0.0022830830130260438,0.01030304198502563,0.0019326659967191517,0.0009926249913405627,0.002538708009524271,7.466701208613813e-05,0.0,0.00524195798789151,0.04374712877324782,0.008487374987453222,0.0009414112428203225,0.25927530095214024,0.10718080581864342,4.704098682850599e-05,0.006986729247728363,0.14341920602601022,0.17109841702040285,0.12106841700733639,0.12626838884898461,30132,30132,0,0,30132,60264,0,97.11306419967094,193.6829749870667,96.56991078739576,97.11306419967094,191843,228900864,1790405295.8526132,runs/round-budget-20260926T064431Z/adult_s10003_T1/r0_basic.json,PASS
adult,10003,1,basic,1,1,0.4314571669965517,0.45387520801159553,0.07481908798217773,0.5286943912506104,0.003489333001198247,0.002341832994716242,0.010756707983091474,0.00241145899053663,0.0009554579737596214,0.002389625005889684,7.36250658519566e-05,0.0,0.005146792012965307,0.04428999879746698,0.00876095800776966,0.000986242201179266,0.2581250711227767,0.10687191304168664,5.0084025133401155e-05,0.00722610778757371,0.14361891717999242,0.17176712499349378,0.1194847910082899,0.12684358007390983,30132,30132,0,0,30132,60264,0,97.11306419967094,193.6829749870667,96.56991078739576,97.11306419967094,191843,229376000,1790405297.297666,runs/round-budget-20260926T064431Z/adult_s10003_T1/r1_basic.json,PASS
adult,10003,1,basic,2,0,0.4298123329936061,0.4517487910052296,0.0686948299407959,0.5204436779022217,0.003591415996197611,0.0024750000156927854,0.010407084017060697,0.002030250005191192,0.0009278329962398857,0.0024423330032732338,6.254197796806693e-05,0.0,0.00533787498716265,0.0441267050919123,0.008493500004988164,0.0009273741452489048,0.25720441003795713,0.10685295992880128,5.879098898731172e-05,0.006810717808548361,0.14251987586612813,0.17013949999818578,0.12005883399979211,0.1264114609803073,30132,30132,0,0,30132,60264,0,97.11306419967094,193.6829749870667,96.56991078739576,97.11306419967094,191843,227524608,1790405298.9127948,runs/round-budget-20260926T064431Z/adult_s10003_T1/r2_basic.json,PASS
adult,10003,1,basic,3,3,0.43156604198156856,0.4528121250041295,0.06707000732421875,0.5198822021484375,0.0033375830098520964,0.0024010830093175173,0.010234457993647084,0.0019642080005723983,0.0009321669931523502,0.0023181670112535357,5.841700476594269e-05,0.0,0.00516591701307334,0.04410936773638241,0.008563750016037375,0.0009399229020345956,0.2582866581506096,0.10755107967997901,5.187498754821718e-05,0.006897471495904028,0.14336216487572528,0.17107654199935496,0.12015825000707991,0.12690328867756762,30132,30132,0,0,30132,60264,0,97.11306419967094,193.6829749870667,96.56991078739576,97.11306419967094,191843,227688448,1790405302.3415601,runs/round-budget-20260926T064431Z/adult_s10003_T1/r3_basic.json,PASS
adult,10003,1,runnerup,0,3,0.43392970800050534,0.45561737500247546,0.07044816017150879,0.5260655879974365,0.0034720419789664447,0.0023589159827679396,0.010266666999086738,0.002183750009862706,0.0009562910126987845,0.002375291020143777,7.470999844372272e-05,0.0,0.005390374979469925,0.04442204619408585,0.008751290995860472,0.002215072890976444,0.2583993061853107,0.10735029389616102,8.954200893640518e-05,0.007311780849704519,0.14339720824500546,0.17279487499035895,0.12024916699738242,0.12715021093026735,30132,30132,0,0,30132,60264,0,97.11306419967094,193.6829749870667,96.56991078739576,97.11306419967094,191843,231751680,1790405296.389825,runs/round-budget-20260926T064431Z/adult_s10003_T1/r0_runnerup.json,PASS
adult,10003,1,runnerup,1,2,0.43001012498280033,0.4513766250165645,0.0683450698852539,0.5197217464447021,0.0033250410051550716,0.0024503339955117553,0.010246999998344108,0.0019941250211559236,0.0009517910075373948,0.002337499987334013,6.070901872590184e-05,0.0,0.005368000012822449,0.04396940700826235,0.008530624996637926,0.002178499969886616,0.2561854598170612,0.10689971191459335,6.929200026206672e-05,0.006809129263274372,0.14196258698939346,0.1705548329919111,0.11941466698772274,0.12585604688501917,30132,30132,0,0,30132,60264,0,97.11306419967094,193.6829749870667,96.56991078739576,97.11306419967094,191843,228229120,1790405297.8339891,runs/round-budget-20260926T064431Z/adult_s10003_T1/r1_runnerup.json,PASS
adult,10003,1,runnerup,2,1,0.4343573749938514,0.45600641699275,0.06838607788085938,0.5243926048278809,0.003457207989413291,0.0023963330022525042,0.010471916990354657,0.0019406249921303242,0.0009623329970054328,0.0023625419999007136,5.80840278416872e-05,0.0,0.005295208015013486,0.043994419916998595,0.008616540988441557,0.002346378198126331,0.26021426005172543,0.10672761194291525,4.891699063591659e-05,0.007114038889994845,0.14500511813093908,0.17484024999430403,0.12032441698829643,0.12600136292167008,30132,30132,0,0,30132,60264,0,97.11306419967094,193.6829749870667,96.56991078739576,97.11306419967094,191843,229261312,1790405299.446412,runs/round-budget-20260926T064431Z/adult_s10003_T1/r2_runnerup.json,PASS
adult,10003,1,runnerup,3,0,0.4304523750033695,0.45172241600812413,0.06852221488952637,0.5202445983886719,0.003301207994809374,0.0025419169978704304,0.010002916009398177,0.0019414160051383078,0.0009866250038612634,0.002425790997222066,7.016799645498395e-05,0.0,0.005334707995643839,0.043680883769411594,0.008514041983289644,0.0022760430292692035,0.25709946191636845,0.1065203342877794,4.904100205749273e-05,0.006977861019549891,0.14295520787709393,0.17222720899735577,0.11958108399994671,0.12557575228856876,30132,30132,0,0,30132,60264,0,97.11306419967094,193.6829749870667,96.56991078739576,97.11306419967094,191843,227917824,1790405300.8999522,runs/round-budget-20260926T064431Z/adult_s10003_T1/r3_runnerup.json,PASS
adult,10003,2,fresh,0,3,0.6538947920198552,0.6667886250070296,0.06878495216369629,0.7355735301971436,0.003372666018549353,0.0024529170186724514,0.0,0.0018905409961007535,0.0014717500016558915,0.0036398330121301115,6.612594006583095e-05,0.008448292006505653,0.0,0.23412125089089386,0.008529874990927055,0.0,0.2241394963057246,0.17417241583461873,0.0,0.004483461991185322,0.0,0.0,0.0,0.19489083281951025,60264,0,0,0,0,60264,,95.0416765699143,189.60268462229647,95.0416765699143,94.56100805238218,285127,183697408,1790405311.2418509,runs/round-budget-20260926T064431Z/adult_s10003_T2/r0_fresh.json,PASS
adult,10003,2,fresh,1,2,0.6516205420193728,0.6647091670020018,0.07026004791259766,0.7349691390991211,0.0035679170105140656,0.002470584004186094,0.0,0.0017267910006921738,0.0015257920022122562,0.003732749988557771,6.479097646661103e-05,0.00823191599920392,0.0,0.23456487787188962,0.008524042001226917,0.0,0.22299171620397829,0.1730248230160214,0.0,0.004283166927052662,0.0,0.0,0.0,0.19396399104152806,60264,0,0,0,0,60264,,95.0416765699143,189.60268462229647,95.0416765699143,94.56100805238218,285127,180879360,1790405313.468513,runs/round-budget-20260926T064431Z/adult_s10003_T2/r1_fresh.json,PASS
adult,10003,2,fresh,2,1,0.6559945000044536,0.6690840419905726,0.06701993942260742,0.7361040115356445,0.003513083007419482,0.002414875023532659,0.0,0.0018748330185189843,0.0014813749876338989,0.003730958007508889,7.44179415050894e-05,0.008223584009101614,0.0,0.23755670510581695,0.008472207991871983,0.0,0.22327837589546107,0.17412329697981477,0.0,0.0043403300223872066,0.0,0.0,0.0,0.1945418380200863,60264,0,0,0,0,60264,,95.0416765699143,189.60268462229647,95.0416765699143,94.56100805238218,285127,180256768,1790405315.520653,runs/round-budget-20260926T064431Z/adult_s10003_T2/r2_fresh.json,PASS
adult,10003,2,fresh,3,0,0.6517954999872018,0.6646834589773789,0.06744003295898438,0.7321233749389648,0.0034584169916342944,0.002463458018610254,0.0,0.0017762079951353371,0.0014400839863810688,0.003689208999276161,6.0582999140024185e-05,0.00821416699909605,0.0,0.23566300098900683,0.008523500000592321,0.0,0.22228733997326344,0.1727792140445672,0.0,0.004328277980675921,0.0,0.0,0.0,0.19346629705978557,60264,0,0,0,0,60264,,95.0416765699143,189.60268462229647,95.0416765699143,94.56100805238218,285127,179830784,1790405317.571851,runs/round-budget-20260926T064431Z/adult_s10003_T2/r3_fresh.json,PASS
adult,10003,2,none,0,0,0.4607887500023935,0.48714533299789764,0.07167220115661621,0.5588176250457764,0.0034724580182228237,0.003070374979870394,0.012321374990278855,0.002195542008848861,0.0014592079969588667,0.0037463750049937516,9.124999633058906e-05,0.0,0.005218042002525181,0.04468933225143701,0.008751499990466982,0.0,0.22434404122759588,0.1733736570167821,0.00013029100955463946,0.004281886504031718,0.0,0.0,0.0,0.19278636606759392,60264,0,0,0,0,60264,0,95.0416765699143,189.60268462229647,95.0416765699143,94.56100805238218,285127,231079936,1790405309.186686,runs/round-budget-20260926T064431Z/adult_s10003_T2/r0_none.json,PASS
adult,10003,2,none,1,3,0.4586963749898132,0.48375079201650806,0.07040286064147949,0.5541536808013916,0.0033124590117949992,0.002406999992672354,0.012014875013846904,0.002119209006195888,0.0014482919941656291,0.0036892910138703883,6.329099414870143e-05,0.0,0.00547545900917612,0.04483571002492681,0.00861850002547726,0.0,0.2229272552067414,0.17277841907343827,0.00011537395766936243,0.003945657692383975,0.0,0.0,0.0,0.1917331261211075,60264,0,0,0,0,60264,0,95.0416765699143,189.60268462229647,95.0416765699143,94.56100805238218,285127,230211584,1790405314.215843,runs/round-budget-20260926T064431Z/adult_s10003_T2/r1_none.json,PASS
adult,10003,2,none,2,2,0.45922183300717734,0.48438662497210316,0.06945919990539551,0.5538458824157715,0.003546540974639356,0.0023762079945299774,0.012013958999887109,0.0020405419927556068,0.001434791018255055,0.003678166976897046,7.458400796167552e-05,0.0,0.005214749980950728,0.04399516305420548,0.008620500011602417,0.0,0.22358924700529315,0.17396624488173984,0.0001060419890563935,0.003729886084329337,0.0,0.0,0.0,0.19314861990278587,60264,0,0,0,0,60264,0,95.0416765699143,189.60268462229647,95.0416765699143,94.56100805238218,285127,229883904,1790405316.2710881,runs/round-budget-20260926T064431Z/adult_s10003_T2/r2_none.json,PASS
adult,10003,2,none,3,1,0.4596609579748474,0.4843919579870999,0.06832313537597656,0.5527150630950928,0.003406542004086077,0.002485625009285286,0.011592583992751315,0.0019124580139759928,0.0015400419943034649,0.003718791005667299,7.495799218304455e-05,0.0,0.005271833011647686,0.044065624970244244,0.008554000000003725,0.0,0.22439558786572888,0.17318129417253658,0.00013070902787148952,0.0040619089268147945,0.0,0.0,0.0,0.19224791918531992,60264,0,0,0,0,60264,0,95.0416765699143,189.60268462229647,95.0416765699143,94.56100805238218,285127,229834752,1790405318.316937,runs/round-budget-20260926T064431Z/adult_s10003_T2/r3_none.json,PASS
adult,10003,2,basic,0,1,0.633306250005262,0.6586571249936242,0.06918692588806152,0.7278439998626709,0.0037452499964274466,0.0025612910103518516,0.011779375025071204,0.002075791999232024,0.0015395829977933317,0.00357408300624229,7.550095324404538e-05,0.0,0.005489625007612631,0.045093463093508035,0.008648624992929399,0.0009616188181098551,0.37104536686092615,0.19425478531047702,0.00011245798668824136,0.007700307935010642,0.14447749400278553,0.17242633400019258,0.11911733297165483,0.21558624328463338,60264,30132,0,0,30132,90396,0,95.0416765699143,189.60268462229647,95.0416765699143,94.56100805238218,285127,234897408,1790405309.758013,runs/round-budget-20260926T064431Z/adult_s10003_T2/r0_basic.json,PASS
adult,10003,2,basic,1,0,0.6284164579992648,0.6530280410079286,0.0668179988861084,0.7198460102081299,0.0033871250052470714,0.0022889999963808805,0.011666291014989838,0.001966499985428527,0.0014251669927034527,0.003819999983534217,5.7500030379742384e-05,0.0,0.0053743750031571835,0.043923128803726286,0.008511583000654355,0.0009727541182655841,0.368919612839818,0.1934083689993713,0.0001230830093845725,0.007183552224887535,0.14387679492938332,0.17191195898340084,0.11963762500090525,0.2141508269996848,60264,30132,0,0,30132,90396,0,95.0416765699143,189.60268462229647,95.0416765699143,94.56100805238218,285127,232439808,1790405311.9880939,runs/round-budget-20260926T064431Z/adult_s10003_T2/r1_basic.json,PASS
adult,10003,2,basic,2,3,0.628906541998731,0.6534539169806521,0.06814813613891602,0.7216019630432129,0.0034465829958207905,0.002292290999321267,0.011621042009210214,0.0020764170039910823,0.0014790830027777702,0.0035615829983726144,7.037597242742777e-05,0.0,0.0052103750058449805,0.04410567009472288,0.008537375018931925,0.0009226299589499831,0.36907220364082605,0.19367242298903875,0.00012462399899959564,0.007261241291416809,0.14269887597765774,0.17004395800177008,0.12012229100218974,0.21486692506005056,60264,30132,0,0,30132,90396,0,95.0416765699143,189.60268462229647,95.0416765699143,94.56100805238218,285127,231178240,1790405316.8375812,runs/round-budget-20260926T064431Z/adult_s10003_T2/r2_basic.json,PASS
adult,10003,2,basic,3,2,0.6298570000217296,0.6546985000022687,0.0674748420715332,0.7221734523773193,0.0033934579987544566,0.0024414169893134385,0.011862457991810516,0.00204529199982062,0.0014460000093095005,0.003586083010304719,6.67919812258333e-05,0.0,0.00528195800143294,0.04383575770771131,0.008464708022074774,0.0009434969397261739,0.3687744947965257,0.1951207623933442,0.00011587599874474108,0.007319946162169799,0.14268882988835685,0.17043654099688865,0.12069558401708491,0.21575113636208698,60264,30132,0,0,30132,90396,0,95.0416765699143,189.60268462229647,95.0416765699143,94.56100805238218,285127,231161856,1790405318.882536,runs/round-budget-20260926T064431Z/adult_s10003_T2/r3_basic.json,PASS
adult,10003,2,runnerup,0,2,0.6325072499748785,0.6579956249915995,0.06903290748596191,0.7270286083221436,0.0035534159978851676,0.002597790997242555,0.012069332995451987,0.0018977500149048865,0.001500999991549179,0.0038009580166544765,6.812700303271413e-05,0.0,0.005867999978363514,0.0445853840210475,0.008709041023394093,0.0023503758129663765,0.3703915692458395,0.1925573207263369,0.00016170900198630989,0.007883850164944306,0.1441769550438039,0.17382104098214768,0.12061725000967272,0.2140202777518425,60264,30132,0,0,30132,90396,0,95.0416765699143,189.60268462229647,95.0416765699143,94.56100805238218,285127,236732416,1790405310.500295,runs/round-budget-20260926T064431Z/adult_s10003_T2/r0_runnerup.json,PASS
adult,10003,2,runnerup,1,1,0.632030874985503,0.6574447500170209,0.06983327865600586,0.7272779941558838,0.003438665997236967,0.0025176250201184303,0.012002041999949142,0.0020412500016391277,0.0015357079973910004,0.0038163750141393393,6.220900104381144e-05,0.0,0.0055118750024121255,0.04396058089332655,0.00850095899659209,0.002270538068842143,0.37002032983582467,0.19394287921022624,0.0001388329837936908,0.007684879994485527,0.142815250903368,0.17196220802725293,0.12067116700927727,0.2146654632233549,60264,30132,0,0,30132,90396,0,95.0416765699143,189.60268462229647,95.0416765699143,94.56100805238218,285127,232718336,1790405312.725999,runs/round-budget-20260926T064431Z/adult_s10003_T2/r1_runnerup.json,PASS
adult,10003,2,runnerup,2,0,0.6317533330002334,0.6567970420001075,0.06897783279418945,0.7257747650146484,0.003497375000733882,0.0023862090019974858,0.011960083997109905,0.0020372500002849847,0.0014682080072816461,0.0036265829985495657,6.799999391660094e-05,0.0,0.005141957983141765,0.04429568079649471,0.008419666002737358,0.0022193767072167248,0.37126099795568734,0.19299875121214427,0.0001442920183762908,0.007272610324434936,0.1435294592520222,0.17285995799466036,0.11996441698283888,0.2137135432276409,60264,30132,0,0,30132,90396,0,95.0416765699143,189.60268462229647,95.0416765699143,94.56100805238218,285127,231538688,1790405314.782707,runs/round-budget-20260926T064431Z/adult_s10003_T2/r2_runnerup.json,PASS
adult,10003,2,runnerup,3,3,0.6325954579806421,0.6578732499910984,0.0685720443725586,0.726445198059082,0.0034881249885074794,0.002384208986768499,0.01187241601292044,0.0021038750128354877,0.0015705830010119826,0.0037802909791935235,7.829302921891212e-05,0.0,0.005508375004865229,0.04468080212245695,0.00873254201724194,0.002225207950687036,0.36931137804640457,0.19435196201084182,0.00012095802230760455,0.007664232805836946,0.14342670392943546,0.17243912498815916,0.11945158298476599,0.21560742100700736,60264,30132,0,0,30132,90396,0,95.0416765699143,189.60268462229647,95.0416765699143,94.56100805238218,285127,236404736,1790405319.619164,runs/round-budget-20260926T064431Z/adult_s10003_T2/r3_runnerup.json,PASS
adult,10004,0,fresh,0,0,0.2565127089910675,0.26621787500334904,0.07446503639221191,0.3406829833984375,0.003456375008681789,0.002421792014501989,0.0,0.0021255830070003867,0.000507416989421472,0.00112524998257868,6.874901009723544e-05,0.008451416972093284,0.0,0.23604075479670428,0.008298000000650063,0.0,0.0,0.0,0.0,0.0037225372216198593,0.0,0.0,0.0,0.016838000970892608,0,0,0,0,0,0,,122.4029641461287,223.18604506079416,122.4029641461287,100.78308091466548,99015,166199296,1790405324.289345,runs/round-budget-20260926T064431Z/adult_s10004_T0/r0_fresh.json,PASS
adult,10004,0,fresh,1,3,0.2543051669781562,0.2636153750063386,0.06787395477294922,0.33148932456970215,0.00339091700152494,0.0024963750038295984,0.0,0.0017459579976275563,0.0004533749888651073,0.0011542919964995235,6.929103983566165e-05,0.008400457998504862,0.0,0.23413991011329927,0.008241333009209484,0.0,0.0,0.0,0.0,0.0035234658571425825,0.0,0.0,0.0,0.016970332013443112,0,0,0,0,0,0,,122.4029641461287,223.18604506079416,122.4029641461287,100.78308091466548,99015,161529856,1790405325.584904,runs/round-budget-20260926T064431Z/adult_s10004_T0/r1_fresh.json,PASS
adult,10004,0,fresh,2,2,0.25287254198337905,0.2622755420161411,0.06860589981079102,0.33088135719299316,0.0035907920100726187,0.0024578750017099082,0.0,0.0017717499868012965,0.0004281250003259629,0.0010835000139195472,7.095801993273199e-05,0.008452374982880428,0.0,0.23239945591194555,0.008532208012184128,0.0,0.0,0.0,0.0,0.003488503076368943,0.0,0.0,0.0,0.016777415992692113,0,0,0,0,0,0,,122.4029641461287,223.18604506079416,122.4029641461287,100.78308091466548,99015,165937152,1790405326.2423959,runs/round-budget-20260926T064431Z/adult_s10004_T0/r2_fresh.json,PASS
adult,10004,0,fresh,3,1,0.2557401660014875,0.26582562501425855,0.06871986389160156,0.334545373916626,0.003662625007564202,0.0026480419910512865,0.0,0.001958834007382393,0.0004428329993970692,0.0013021249906159937,7.100001676008105e-05,0.008329167001647875,0.0,0.23512269984348677,0.008685291977599263,0.0,0.0,0.0,0.0,0.0036030071787536144,0.0,0.0,0.0,0.017215583997312933,0,0,0,0,0,0,,122.4029641461287,223.18604506079416,122.4029641461287,100.78308091466548,99015,167772160,1790405326.9044049,runs/round-budget-20260926T064431Z/adult_s10004_T0/r3_fresh.json,PASS
adult,10004,0,none,0,1,0.06085583398817107,0.07897024997510016,0.06835722923278809,0.14732742309570312,0.003397208987735212,0.002542499976698309,0.008634833007818088,0.0017219999863300472,0.0004654589865822345,0.0012797079980373383,7.270704372785985e-05,0.0,0.005261709011392668,0.04381366487359628,0.008693416020832956,0.0,0.0,0.0,0.0,0.0030870440823491663,0.0,0.0,0.0,0.016352707985788584,0,0,0,0,0,0,0,122.4029641461287,223.18604506079416,122.4029641461287,100.78308091466548,99015,209797120,1790405324.634915,runs/round-budget-20260926T064431Z/adult_s10004_T0/r0_none.json,PASS
adult,10004,0,none,1,0,0.06091833402751945,0.07887291698716581,0.06786394119262695,0.14673686027526855,0.0033511669898871332,0.002480041002854705,0.00864670900045894,0.0018460839928593487,0.0004394999996293336,0.0011269999959040433,6.408197805285454e-05,0.0,0.005235832999460399,0.043799543200293556,0.008631709002656862,0.0,0.0,0.0,0.0,0.0032512488251086324,0.0,0.0,0.0,0.016023084026528522,0,0,0,0,0,0,0,122.4029641461287,223.18604506079416,122.4029641461287,100.78308091466548,99015,209813504,1790405325.109268,runs/round-budget-20260926T064431Z/adult_s10004_T0/r1_none.json,PASS
adult,10004,0,none,2,3,0.06122108397539705,0.0790814160136506,0.06725573539733887,0.14633703231811523,0.003300375014077872,0.0023429589928127825,0.008751375018619001,0.0018325000128243119,0.0004633750068023801,0.0011009580048266798,6.878998829051852e-05,0.0,0.005537541001103818,0.04413422098150477,0.008449167013168335,0.0,0.0,0.0,0.0,0.003100154979620129,0.0,0.0,0.0,0.015999293013010174,0,0,0,0,0,0,0,122.4029641461287,223.18604506079416,122.4029641461287,100.78308091466548,99015,209649664,1790405326.582651,runs/round-budget-20260926T064431Z/adult_s10004_T0/r2_none.json,PASS
adult,10004,0,none,3,2,0.06117870900197886,0.08020904200384393,0.06963396072387695,0.1498429775238037,0.0036806669959332794,0.0026462500100024045,0.009200833010254428,0.0018482080195099115,0.0004633750068023801,0.001118749991292134,7.224996807053685e-05,0.0,0.00580275000538677,0.04373058816418052,0.008575959014706314,0.0,0.0,0.0,0.0,0.0030694118177052587,0.0,0.0,0.0,0.016359000001102686,0,0,0,0,0,0,0,122.4029641461287,223.18604506079416,122.4029641461287,100.78308091466548,99015,209895424,1790405327.251978,runs/round-budget-20260926T064431Z/adult_s10004_T0/r3_none.json,PASS
adult,10004,0,basic,0,2,0.060574542003450915,0.07876008399762213,0.06846404075622559,0.14722418785095215,0.0036157499998807907,0.002354416996240616,0.008663374988827854,0.001879249990452081,0.00046041698078624904,0.0011272499978076667,8.508304017595947e-05,0.0,0.005386542004998773,0.0435351739579346,0.008600750006735325,0.0,0.0,0.0,0.0,0.003052076033782214,0.0,0.0,0.0,0.01621562396758236,0,0,0,0,0,0,,122.4029641461287,223.18604506079416,122.4029641461287,100.78308091466548,99015,209813504,1790405324.794415,runs/round-budget-20260926T064431Z/adult_s10004_T0/r0_basic.json,PASS
adult,10004,0,basic,1,1,0.0604274999932386,0.07839262500056066,0.06852102279663086,0.14691376686096191,0.003497917001368478,0.0024055840040091425,0.008661041996674612,0.0017349580011796206,0.0004201669944450259,0.0011693340202327818,7.612298941239715e-05,0.0,0.005266583000775427,0.04357638311921619,0.008510125015163794,0.0,0.0,0.0,0.0,0.0030744088580831885,0.0,0.0,0.0,0.016205625026486814,0,0,0,0,0,0,,122.4029641461287,223.18604506079416,122.4029641461287,100.78308091466548,99015,209895424,1790405325.268769,runs/round-budget-20260926T064431Z/adult_s10004_T0/r1_basic.json,PASS
adult,10004,0,basic,2,0,0.05962987500242889,0.07754749999730848,0.06746506690979004,0.14501261711120605,0.0034671250032261014,0.002429708023555577,0.008451458998024464,0.0019017919839825481,0.00043591699795797467,0.0011650000233203173,6.662396481260657e-05,0.0,0.005246832995908335,0.04283546004444361,0.00851666700327769,0.0,0.0,0.0,0.0,0.003030914958799258,0.0,0.0,0.0,0.015777874999912456,0,0,0,0,0,0,,122.4029641461287,223.18604506079416,122.4029641461287,100.78308091466548,99015,209797120,1790405325.927295,runs/round-budget-20260926T064431Z/adult_s10004_T0/r2_basic.json,PASS
adult,10004,0,basic,3,3,0.06082824998884462,0.08011729101417586,0.06796526908874512,0.14808249473571777,0.00375054101459682,0.002601792017230764,0.009431499987840652,0.0018690410070121288,0.00042866700096055865,0.001144834008300677,6.266598938964307e-05,0.0,0.0058741669927258044,0.04342120708315633,0.008454249997157604,0.0,0.0,0.0,0.0,0.003078625915804878,0.0,0.0,0.0,0.016029707971028984,0,0,0,0,0,0,,122.4029641461287,223.18604506079416,122.4029641461287,100.78308091466548,99015,209895424,1790405327.4127512,runs/round-budget-20260926T064431Z/adult_s10004_T0/r3_basic.json,PASS
adult,10004,0,runnerup,0,3,0.05973516701487824,0.07756433400209062,0.066925048828125,0.14448928833007812,0.0033466249878983945,0.002488665981218219,0.00852262499392964,0.0018484579923097044,0.0004228329926263541,0.001133375015342608,6.658502388745546e-05,0.0,0.005163958994671702,0.04294137982651591,0.008516083005815744,0.0,0.0,0.0,0.0,0.0031137451878748834,0.0,0.0,0.0,0.01573195800301619,0,0,0,0,0,0,,122.4029641461287,223.18604506079416,122.4029641461287,100.78308091466548,99015,209895424,1790405324.951514,runs/round-budget-20260926T064431Z/adult_s10004_T0/r0_runnerup.json,PASS
adult,10004,0,runnerup,1,2,0.06002841601730324,0.07822612498421222,0.06746196746826172,0.14568805694580078,0.0034687499864958227,0.0024657920002937317,0.008626958995591849,0.001890124985948205,0.0004635840014088899,0.00121441698865965,6.808200851082802e-05,0.0,0.005196458019781858,0.04318400382180698,0.008538833004422486,0.0,0.0,0.0,0.0,0.0031091211712919176,0.0,0.0,0.0,0.01586708298418671,0,0,0,0,0,0,,122.4029641461287,223.18604506079416,122.4029641461287,100.78308091466548,99015,210042880,1790405325.426789,runs/round-budget-20260926T064431Z/adult_s10004_T0/r1_runnerup.json,PASS
adult,10004,0,runnerup,2,1,0.060209459014004096,0.07797899999422953,0.06684279441833496,0.1448218822479248,0.0033117500133812428,0.002472041000146419,0.0085432089981623,0.0017835420148912817,0.0004558750079013407,0.0011362079821992666,6.691596354357898e-05,0.0,0.005405583011452109,0.04330470706918277,0.008510000014211982,0.0,0.0,0.0,0.0,0.002989168919157237,0.0,0.0,0.0,0.01579604099970311,0,0,0,0,0,0,,122.4029641461287,223.18604506079416,122.4029641461287,100.78308091466548,99015,209895424,1790405326.0835578,runs/round-budget-20260926T064431Z/adult_s10004_T0/r2_runnerup.json,PASS
adult,10004,0,runnerup,3,0,0.060855083022033796,0.07928012497723103,0.06961393356323242,0.1488940715789795,0.003595249989302829,0.0024315830087289214,0.00872433400945738,0.0018722500244621187,0.0004725829930976033,0.0012516669812612236,7.737494888715446e-05,0.0,0.005344790988601744,0.044050791213521734,0.008444000006420538,0.0,0.0,0.0,0.0,0.00301550081348978,0.0,0.0,0.0,0.015828125993721187,0,0,0,0,0,0,,122.4029641461287,223.18604506079416,122.4029641461287,100.78308091466548,99015,210010112,1790405326.744134,runs/round-budget-20260926T064431Z/adult_s10004_T0/r3_runnerup.json,PASS
adult,10004,1,fresh,0,3,0.4514501669909805,0.4629057500278577,0.07135200500488281,0.5342576503753662,0.0036240000044927,0.0025609580043237656,0.0,0.001733749988488853,0.00096750000375323,0.0025011659890878946,6.820904673077166e-05,0.009019916993565857,0.0,0.23434621008345857,0.008356875012395903,0.0,0.1120590458449442,0.08377124380785972,0.0,0.0038968752487562597,0.0,0.0,0.0,0.10280136883375235,30132,0,0,0,0,30132,,98.95839217955344,193.44614438392247,98.95839217955344,94.48775220436903,191373,179945472,1790405334.268827,runs/round-budget-20260926T064431Z/adult_s10004_T1/r0_fresh.json,PASS
adult,10004,1,fresh,1,2,0.45163066699751653,0.46270862498204224,0.06922531127929688,0.5319340229034424,0.003441707987803966,0.002415333001408726,0.0,0.001865958998678252,0.0009365410078316927,0.0023536249937023968,6.479199510067701e-05,0.008221124997362494,0.0,0.23429553999449126,0.008632999990368262,0.0,0.11240578920114785,0.08409408104489557,0.0,0.003981131769251078,0.0,0.0,0.0,0.10346970605314709,30132,0,0,0,0,30132,,98.95839217955344,193.44614438392247,98.95839217955344,94.48775220436903,191373,183009280,1790405335.898873,runs/round-budget-20260926T064431Z/adult_s10004_T1/r1_fresh.json,PASS
adult,10004,1,fresh,2,1,0.4516810000059195,0.4628872089961078,0.07062792778015137,0.533515214920044,0.003434292011661455,0.002385833009611815,0.0,0.0017896250064950436,0.0010498330229893327,0.0024751669843681157,7.145895506255329e-05,0.00820745900273323,0.0,0.2336510950990487,0.008479500014800578,0.0,0.11318362577003427,0.08409149682847783,0.0,0.00406782329082489,0.0,0.0,0.0,0.10308945580618456,30132,0,0,0,0,30132,,98.95839217955344,193.44614438392247,98.95839217955344,94.48775220436903,191373,182435840,1790405337.345715,runs/round-budget-20260926T064431Z/adult_s10004_T1/r2_fresh.json,PASS
adult,10004,1,fresh,3,0,0.45068404101766646,0.4623741249961313,0.07294201850891113,0.5353162288665771,0.0035365000076126307,0.0024080000002868474,0.0,0.002232166996691376,0.000920082995435223,0.0025047080125659704,8.862596587277949e-05,0.00833120901370421,0.0,0.23359250501380302,0.00843158399220556,0.0,0.11215421094675548,0.08421716705197468,0.0,0.0039573649992235005,0.0,0.0,0.0,0.10343200206989422,30132,0,0,0,0,30132,,98.95839217955344,193.44614438392247,98.95839217955344,94.48775220436903,191373,183074816,1790405338.794105,runs/round-budget-20260926T064431Z/adult_s10004_T1/r3_fresh.json,PASS
adult,10004,1,none,0,0,0.2570268340059556,0.27834750001784414,0.06784296035766602,0.3461904525756836,0.0033870830084197223,0.002410249988315627,0.01022749999538064,0.001888041995698586,0.0009415830136276782,0.002402375015662983,6.383299478329718e-05,0.0,0.005398292007157579,0.043447003117762506,0.00855212498572655,0.0,0.1119306689070072,0.08422892220551148,6.416600081138313e-05,0.003405656781978905,0.0,0.0,0.0,0.10243500620708801,30132,0,0,0,0,30132,0,98.95839217955344,193.44614438392247,98.95839217955344,94.48775220436903,191373,226820096,1790405332.839314,runs/round-budget-20260926T064431Z/adult_s10004_T1/r0_none.json,PASS
adult,10004,1,none,1,3,0.25704479200067,0.279366457980359,0.07091212272644043,0.3502786159515381,0.003557290998287499,0.002908959024352953,0.010440167010528967,0.0019460409821476787,0.0009342499834019691,0.002468666003551334,6.629197741858661e-05,0.0,0.005344749981304631,0.04429641808383167,0.008551042003091425,0.0,0.11111466705915518,0.0839219621848315,7.675000233575702e-05,0.0037392026861198246,0.0,0.0,0.0,0.10190308719757013,30132,0,0,0,0,30132,0,98.95839217955344,193.44614438392247,98.95839217955344,94.48775220436903,191373,230653952,1790405336.444457,runs/round-budget-20260926T064431Z/adult_s10004_T1/r1_none.json,PASS
adult,10004,1,none,2,2,0.25512924999929965,0.2765722500043921,0.0670320987701416,0.34360432624816895,0.003439666994381696,0.002466249978169799,0.010210208012722433,0.0018273339956067502,0.0009633330046199262,0.0024679169873706996,6.829103222116828e-05,0.0,0.005369166989112273,0.043292622081935406,0.008623332978459075,0.0,0.11034436887712218,0.08409946103347465,4.77090070489794e-05,0.0033525890321470797,0.0,0.0,0.0,0.10211141902254894,30132,0,0,0,0,30132,0,98.95839217955344,193.44614438392247,98.95839217955344,94.48775220436903,191373,226426880,1790405337.8879502,runs/round-budget-20260926T064431Z/adult_s10004_T1/r2_none.json,PASS
adult,10004,1,none,3,1,0.25414945802185684,0.27551754101295955,0.06792497634887695,0.343442440032959,0.0034661660029087216,0.0024202089989557862,0.010286000004271045,0.0019207089790143073,0.0009342910198029131,0.0022772499942220747,6.345799192786217e-05,0.0,0.005403291987022385,0.04287274376838468,0.008584625000366941,0.0,0.11025446202256717,0.08342100700247101,4.39169816672802e-05,0.0035694112593773752,0.0,0.0,0.0,0.10141021499293856,30132,0,0,0,0,30132,0,98.95839217955344,193.44614438392247,98.95839217955344,94.48775220436903,191373,226574336,1790405339.336388,runs/round-budget-20260926T064431Z/adult_s10004_T1/r3_none.json,PASS
adult,10004,1,basic,0,1,0.42751129099633545,0.44910004100529477,0.06929993629455566,0.5183999538421631,0.0033706249960232526,0.0025249999889638275,0.01040245799231343,0.0018472920055501163,0.0009607499814592302,0.0024091250088531524,7.350003579631448e-05,0.0,0.005268749984679744,0.043838173063704744,0.008572874998208135,0.0009030010551214218,0.2590353751729708,0.10310924201621674,6.0999998822808266e-05,0.006722874706611037,0.14367162811686285,0.17179916700115427,0.11984999998821877,0.12332519900519401,30132,30132,0,0,30132,60264,0,98.95839217955344,193.44614438392247,98.95839217955344,94.48775220436903,191373,228179968,1790405333.200332,runs/round-budget-20260926T064431Z/adult_s10004_T1/r0_basic.json,PASS
adult,10004,1,basic,1,0,0.4321504170075059,0.454297582997242,0.07213306427001953,0.526430606842041,0.0034856249985750765,0.0026152080099564046,0.010419250000268221,0.0022659999958705157,0.0009872920054476708,0.0022998340136837214,7.39569659344852e-05,0.0,0.0058065000048372895,0.04378650401486084,0.008620542008429766,0.0009931760141626,0.26043170056072995,0.1052357071894221,8.166697807610035e-05,0.007194620236987248,0.1441031690046657,0.17284370798734017,0.12107129200012423,0.12545395619235933,30132,30132,0,0,30132,60264,0,98.95839217955344,193.44614438392247,98.95839217955344,94.48775220436903,191373,232603648,1790405334.816407,runs/round-budget-20260926T064431Z/adult_s10004_T1/r1_basic.json,PASS
adult,10004,1,basic,2,3,0.43660279098548926,0.4592025419988204,0.0694577693939209,0.5286602973937988,0.00377804200979881,0.002415791997918859,0.010869417019421235,0.001971542020328343,0.000988124986179173,0.002478957991115749,9.787498856894672e-05,0.0,0.0053591670002788305,0.04530309798428789,0.008795165980700403,0.000947709078900516,0.26351861996226944,0.10537850117543712,6.966700311750174e-05,0.007230862800497562,0.14560216711834073,0.17448716700891964,0.12267591699492186,0.12635475015849806,30132,30132,0,0,30132,60264,0,98.95839217955344,193.44614438392247,98.95839217955344,94.48775220436903,191373,232587264,1790405338.2472599,runs/round-budget-20260926T064431Z/adult_s10004_T1/r2_basic.json,PASS
adult,10004,1,basic,3,2,0.42542374998447485,0.44708620800520293,0.06827807426452637,0.5153641700744629,0.0034436660062056035,0.002510999998776242,0.010378042003139853,0.001814082992495969,0.0009850829956121743,0.0024578750017099082,7.270902278833091e-05,0.0,0.005313832982210442,0.043463169888127595,0.008553749998100102,0.0009183752408716828,0.2573946249613073,0.10272232588613406,6.483300239779055e-05,0.006992838025325909,0.14281558504444547,0.17100087500875816,0.11940333398524672,0.12281011688173749,30132,30132,0,0,30132,60264,0,98.95839217955344,193.44614438392247,98.95839217955344,94.48775220436903,191373,227639296,1790405339.693107,runs/round-budget-20260926T064431Z/adult_s10004_T1/r3_basic.json,PASS
adult,10004,1,runnerup,0,2,0.43051433298387565,0.4521909579925705,0.06918501853942871,0.5213758945465088,0.003440000000409782,0.002351917006308213,0.010462500009452924,0.0018917499983217567,0.0010499159980099648,0.0024080409784801304,7.250101771205664e-05,0.0,0.005349834013031796,0.043710669968277216,0.008709957997780293,0.00221483496716246,0.2592141181230545,0.10431642094044946,5.574998795054853e-05,0.006942746986169368,0.14420350201544352,0.1738732919911854,0.11972366698319092,0.12493396393256262,30132,30132,0,0,30132,60264,0,98.95839217955344,193.44614438392247,98.95839217955344,94.48775220436903,191373,228982784,1790405333.7318652,runs/round-budget-20260926T064431Z/adult_s10004_T1/r0_runnerup.json,PASS
adult,10004,1,runnerup,1,1,0.4361196660029236,0.4582882500253618,0.0731668472290039,0.5314550399780273,0.0033356250205542892,0.002294000005349517,0.010965834022499621,0.002066916989861056,0.0009905410115607083,0.002442249999148771,7.341697346419096e-05,0.0,0.0056606669968459755,0.04467071022372693,0.008768708998104557,0.0023413001908920705,0.26256525731878355,0.10461625608149916,8.308299584314227e-05,0.007413683197228238,0.14569800518802367,0.17601145899971016,0.12176383298356086,0.12529700712184422,30132,30132,0,0,30132,60264,0,98.95839217955344,193.44614438392247,98.95839217955344,94.48775220436903,191373,230899712,1790405335.3579369,runs/round-budget-20260926T064431Z/adult_s10004_T1/r1_runnerup.json,PASS
adult,10004,1,runnerup,2,0,0.42926741699920967,0.4514166250010021,0.07115292549133301,0.5225696563720703,0.003708582982653752,0.0024625830119475722,0.010542917007114738,0.002096416981657967,0.0009380829869769514,0.002321958018001169,7.866701344028115e-05,0.0,0.005300958000589162,0.042953297903295606,0.008520583010977134,0.0021948800422251225,0.2585676230955869,0.10445591807365417,6.341701373457909e-05,0.007210739859146997,0.14314307901076972,0.1725434999971185,0.12013566700625233,0.12488546009990387,30132,30132,0,0,30132,60264,0,98.95839217955344,193.44614438392247,98.95839217955344,94.48775220436903,191373,228425728,1790405336.809055,runs/round-budget-20260926T064431Z/adult_s10004_T1/r2_runnerup.json,PASS
adult,10004,1,runnerup,3,3,0.43187220802064985,0.45346399999107234,0.06892108917236328,0.5223851203918457,0.003406332980375737,0.0022736660030204803,0.010547917016083375,0.0019911669951397926,0.0009554169955663383,0.002349874994251877,6.741698598489165e-05,0.0,0.0052679590007755905,0.04366621910594404,0.008654417004436255,0.0022113378799986094,0.2608487013494596,0.10415971209295094,6.458300049416721e-05,0.006999278586590663,0.14528591072303243,0.17503820802085102,0.12028941701282747,0.12479229609016329,30132,30132,0,0,30132,60264,0,98.95839217955344,193.44614438392247,98.95839217955344,94.48775220436903,191373,228016128,1790405340.222244,runs/round-budget-20260926T064431Z/adult_s10004_T1/r3_runnerup.json,PASS
adult,10004,2,fresh,0,2,0.6495871670194902,0.6628400000045076,0.06925606727600098,0.7320959568023682,0.003411583020351827,0.002529666991904378,0.0,0.00186733398004435,0.0016925419913604856,0.0036707909894175828,8.091601193882525e-05,0.00844466601847671,0.0,0.23542529571568593,0.00865999999223277,0.0,0.22342937896610238,0.16933974929270335,0.0,0.004288077034289017,0.0,0.0,0.0,0.19030462528462522,60264,0,0,0,0,60264,,96.69661398526614,193.14737897533757,96.69661398526614,96.45076499007143,284184,181780480,1790405348.492747,runs/round-budget-20260926T064431Z/adult_s10004_T2/r0_fresh.json,PASS
adult,10004,2,fresh,1,1,0.6476096249825787,0.6604755000153091,0.06953811645507812,0.7300136089324951,0.003420583001570776,0.002511541999410838,0.0,0.0017505419964436442,0.001496000011684373,0.0036132500099483877,7.395801367238164e-05,0.00817024998832494,0.0,0.23600183907547034,0.008486708014970645,0.0,0.22415753395762295,0.1664576219918672,0.0,0.004335671954322606,0.0,0.0,0.0,0.18721853999886662,60264,0,0,0,0,60264,,96.69661398526614,193.14737897533757,96.69661398526614,96.45076499007143,284184,184729600,1790405350.535222,runs/round-budget-20260926T064431Z/adult_s10004_T2/r1_fresh.json,PASS
adult,10004,2,fresh,2,0,0.646183957986068,0.6589715409791097,0.06861400604248047,0.7275855541229248,0.0035835409944411367,0.0023484579869545996,0.0,0.0017126669990830123,0.0014871250023134053,0.003585165977710858,7.062603253871202e-05,0.008223249984439462,0.0,0.23485720378812402,0.008338749990798533,0.0,0.22096249304013327,0.1694474609394092,0.0,0.004354800243163481,0.0,0.0,0.0,0.18947241790010594,60264,0,0,0,0,60264,,96.69661398526614,193.14737897533757,96.69661398526614,96.45076499007143,284184,180125696,1790405352.569586,runs/round-budget-20260926T064431Z/adult_s10004_T2/r2_fresh.json,PASS
adult,10004,2,fresh,3,3,0.6456239160033874,0.6588369999954011,0.0699930191040039,0.728830099105835,0.003614084009313956,0.0024807500012684613,0.0,0.0019250840123277158,0.0014786249957978725,0.00364416599040851,7.037498289719224e-05,0.00821870900108479,0.0,0.2337503787712194,0.008406083012232557,0.0,0.2230814549839124,0.16790337295969948,0.0,0.004263917275238782,0.0,0.0,0.0,0.18848953893757425,60264,0,0,0,0,60264,,96.69661398526614,193.14737897533757,96.69661398526614,96.45076499007143,284184,180027392,1790405357.35679,runs/round-budget-20260926T064431Z/adult_s10004_T2/r3_fresh.json,PASS
adult,10004,2,none,0,3,0.45363879200886004,0.4790529169840738,0.07115817070007324,0.5502111911773682,0.0035457089834380895,0.002410165994660929,0.012109166011214256,0.0022210000024642795,0.0015410839987453073,0.0035054170002695173,8.158298442140222e-05,0.0,0.005457916005980223,0.04450911533785984,0.008668791997479275,0.0,0.22178190923295915,0.16914125918992795,0.00014270798419602215,0.003937092260457575,0.0,0.0,0.0,0.18904184325947426,60264,0,0,0,0,60264,0,96.69661398526614,193.14737897533757,96.69661398526614,96.45076499007143,284184,233947136,1790405349.239697,runs/round-budget-20260926T064431Z/adult_s10004_T2/r0_none.json,PASS
adult,10004,2,none,1,2,0.45211520898737945,0.4771188749873545,0.06991267204284668,0.5470316410064697,0.0035825420054607093,0.002273833000799641,0.011789125012001023,0.0021984580089338124,0.001515499985544011,0.0035744589986279607,6.974898860789835e-05,0.0,0.00523770900326781,0.04351895893341862,0.008678165992023423,0.0,0.22229758210596628,0.16842729621566832,0.00012687599519267678,0.0038286207418423146,0.0,0.0,0.0,0.18872908625053242,60264,0,0,0,0,60264,0,96.69661398526614,193.14737897533757,96.69661398526614,96.45076499007143,284184,230932480,1790405351.2786849,runs/round-budget-20260926T064431Z/adult_s10004_T2/r1_none.json,PASS
adult,10004,2,none,2,1,0.45338175000506453,0.47767691599437967,0.0684971809387207,0.5461740493774414,0.003377374989213422,0.002514791995054111,0.011497042025439441,0.0018897920090239495,0.0014777499891351908,0.0034761249844450504,6.228999700397253e-05,0.0,0.005353582993848249,0.04280783195281401,0.008483834011713043,0.0,0.22378516499884427,0.16895584779558703,0.0001397079904563725,0.0038557802618015558,0.0,0.0,0.0,0.18828401478822343,60264,0,0,0,0,60264,0,96.69661398526614,193.14737897533757,96.69661398526614,96.45076499007143,284184,230768640,1790405353.3089962,runs/round-budget-20260926T064431Z/adult_s10004_T2/r2_none.json,PASS
adult,10004,2,none,3,0,0.4532188330194913,0.4778617919946555,0.06901359558105469,0.5468754768371582,0.003355833003297448,0.002529666991904378,0.011713207990396768,0.0020317499875091016,0.0014835839974693954,0.003466082998784259,6.28340058028698e-05,0.0,0.005181666987482458,0.043168621050426736,0.008347541996045038,0.0,0.22228062787326053,0.17020958979264833,0.00012041599256917834,0.003910369327059016,0.0,0.0,0.0,0.18932609076728113,60264,0,0,0,0,60264,0,96.69661398526614,193.14737897533757,96.69661398526614,96.45076499007143,284184,229818368,1790405355.3341708,runs/round-budget-20260926T064431Z/adult_s10004_T2/r3_none.json,PASS
adult,10004,2,basic,0,0,0.6281567919941153,0.6529417920100968,0.0671999454498291,0.7201416492462158,0.0033392499899491668,0.002448334009386599,0.011885250016348436,0.0020307080121710896,0.0014867089921608567,0.0035320410097483546,6.270798621699214e-05,0.0,0.005327541992301121,0.04346070866449736,0.008587125019403175,0.001002875913400203,0.3733229589997791,0.1887000559072476,0.00012779299868270755,0.007627732498804107,0.14681762811960652,0.17516316700493917,0.12091291698743589,0.21095018094638363,60264,30132,0,0,30132,90396,0,96.69661398526614,193.14737897533757,96.69661398526614,96.45076499007143,284184,232488960,1790405347.016526,runs/round-budget-20260926T064431Z/adult_s10004_T2/r0_basic.json,PASS
adult,10004,2,basic,1,3,0.6259084169869311,0.6504038750135805,0.06796598434448242,0.7183699607849121,0.003425458009587601,0.002330999996047467,0.011541667015990242,0.002058415993815288,0.0015094999980647117,0.0035611670173238963,6.824999582022429e-05,0.0,0.005386208998970687,0.04282129617058672,0.008559374982723966,0.0009218751220032573,0.3703827095741872,0.1906060898618307,0.00011108396574854851,0.007119778310880065,0.1434657449426595,0.17190950000076555,0.12167691701324657,0.21217909079859965,60264,30132,0,0,30132,90396,0,96.69661398526614,193.14737897533757,96.69661398526614,96.45076499007143,284184,231211008,1790405351.837179,runs/round-budget-20260926T064431Z/adult_s10004_T2/r1_basic.json,PASS
adult,10004,2,basic,2,2,0.6260412920091767,0.650654625002062,0.06775784492492676,0.7184123992919922,0.0034208750003017485,0.002405459003057331,0.011650208005448803,0.0019600420200731605,0.0014698329905513674,0.0036368340079206973,7.008196553215384e-05,0.0,0.005353082990041003,0.0433843802602496,0.008994292002171278,0.000913044874323532,0.3712231190293096,0.18869358982192352,0.00011845803237520158,0.007361324998782948,0.14413438193150796,0.17209670899319462,0.12150062498403713,0.21094996482133865,60264,30132,0,0,30132,90396,0,96.69661398526614,193.14737897533757,96.69661398526614,96.45076499007143,284184,231096320,1790405353.86852,runs/round-budget-20260926T064431Z/adult_s10004_T2/r2_basic.json,PASS
adult,10004,2,basic,3,1,0.6213979589811061,0.646089916001074,0.0677039623260498,0.7137939929962158,0.0033907909819390625,0.0024872079957276583,0.011583957995753735,0.0020667499920818955,0.0014862919924780726,0.0036094579845666885,6.750007742084563e-05,0.0,0.005355208995752037,0.04305283509893343,0.008318916981806979,0.0009167038952000439,0.36921870199148543,0.18698495943681337,0.0001305410114582628,0.007420091569656506,0.14261370684835128,0.17069358401931822,0.11999316699802876,0.20868720937869512,60264,30132,0,0,30132,90396,0,96.69661398526614,193.14737897533757,96.69661398526614,96.45076499007143,284184,230965248,1790405355.893347,runs/round-budget-20260926T064431Z/adult_s10004_T2/r3_basic.json,PASS
adult,10004,2,runnerup,0,1,0.6287625409895554,0.6547338330128696,0.06964612007141113,0.7243800163269043,0.0036940830177627504,0.0024356670037377626,0.012133250012993813,0.0024578750017099082,0.0015885000175330788,0.003576999995857477,8.491697371937335e-05,0.0,0.0052545409998856485,0.043581249396083876,0.008431624999502674,0.002191790088545531,0.37238725132192485,0.1890679479110986,0.00013991599553264678,0.007708220276981592,0.1439869639580138,0.1736352920124773,0.12185212501208298,0.21114873889018781,60264,30132,0,0,30132,90396,0,96.69661398526614,193.14737897533757,96.69661398526614,96.45076499007143,284184,232161280,1790405347.7536771,runs/round-budget-20260926T064431Z/adult_s10004_T2/r0_runnerup.json,PASS
adult,10004,2,runnerup,1,0,0.6231867500173394,0.6484904579992872,0.06943702697753906,0.7179274559020996,0.003572999994503334,0.002444583020405844,0.011994707980193198,0.0020575420057866722,0.0015227500116452575,0.0036432089982554317,6.791597115807235e-05,0.0,0.00538704200880602,0.043894662929233164,0.008583667018683627,0.0022598328650929034,0.36854466583463363,0.18696746302885003,0.00014533399371430278,0.007404082338325679,0.14275611794437282,0.17204587499145418,0.11981154198292643,0.20870450502843596,60264,30132,0,0,30132,90396,0,96.69661398526614,193.14737897533757,96.69661398526614,96.45076499007143,284184,236732416,1790405349.802633,runs/round-budget-20260926T064431Z/adult_s10004_T2/r1_runnerup.json,PASS
adult,10004,2,runnerup,2,3,0.626537208998343,0.6510062080051284,0.06695795059204102,0.7179641723632812,0.0034016669960692525,0.002373666997300461,0.011579750018427148,0.0019141249940730631,0.0014569170016329736,0.0036795419873669744,6.333101191557944e-05,0.0,0.00533170800190419,0.043803620093967766,0.008535417000530288,0.0022374850523192436,0.3716596298327204,0.18769026291556656,0.00010733201634138823,0.007171754084993154,0.14469683982315473,0.17471804202068597,0.12054141599219292,0.2095014718361199,60264,30132,0,0,30132,90396,0,96.69661398526614,193.14737897533757,96.69661398526614,96.45076499007143,284184,231440384,1790405354.599515,runs/round-budget-20260926T064431Z/adult_s10004_T2/r2_runnerup.json,PASS
adult,10004,2,runnerup,3,2,0.6279390830022749,0.6529745420266408,0.06689810752868652,0.7198727130889893,0.0035629590274766088,0.002373583003645763,0.011752499995054677,0.002112208981998265,0.001420291024260223,0.0037484590138774365,6.545797805301845e-05,0.0,0.00550083298003301,0.04328858002554625,0.008589292003307492,0.002293668076163158,0.3729020999162458,0.18765650162822567,0.0001407089876011014,0.007567399385152385,0.14685658799135126,0.1765527500247117,0.11961616601911373,0.20998537761624902,60264,30132,0,0,30132,90396,0,96.69661398526614,193.14737897533757,96.69661398526614,96.45076499007143,284184,232177664,1790405356.61974,runs/round-budget-20260926T064431Z/adult_s10004_T2/r3_runnerup.json,PASS
bank,10000,0,fresh,0,3,0.23766625000280328,0.24408458298421465,0.06792497634887695,0.3120095729827881,0.0019790829974226654,0.0015290000010281801,0.0,0.00190170799032785,0.00018054101383313537,0.0007714999956078827,5.6500983191654086e-05,0.004632166004739702,0.0,0.22983258293243125,0.001649791985983029,0.0,0.0,0.0,0.0,0.0015517090796492994,0.0,0.0,0.0,0.019621957995695993,0,0,0,0,0,0,,46.693035254079014,89.08188202495941,46.693035254079014,42.3888467708804,40465,134348800,1790405362.505426,runs/round-budget-20260926T064431Z/bank_s10000_T0/r0_fresh.json,PASS
bank,10000,0,fresh,1,2,0.23728750000009313,0.2435382919793483,0.0683891773223877,0.31192755699157715,0.0019399999873712659,0.0014396659971680492,0.0,0.001914458000101149,0.00017666601343080401,0.0007267500041052699,5.325197707861662e-05,0.004506041994318366,0.0,0.22970741702010855,0.0014959999825805426,0.0,0.0,0.0,0.0,0.0015780410030856729,0.0,0.0,0.0,0.0200269999622833,0,0,0,0,0,0,,46.693035254079014,89.08188202495941,46.693035254079014,42.3888467708804,40465,134397952,1790405363.3327181,runs/round-budget-20260926T064431Z/bank_s10000_T0/r1_fresh.json,PASS
bank,10000,0,fresh,2,1,0.2377970420056954,0.24424437497509643,0.06971216201782227,0.31395649909973145,0.001914333988679573,0.0015533339756075293,0.0,0.0019765000033658,0.0001770000089891255,0.0007667500176467001,5.941497511230409e-05,0.004531500017037615,0.0,0.2301937990123406,0.001484417007304728,0.0,0.0,0.0,0.0,0.0015873259690124542,0.0,0.0,0.0,0.019773501029703766,0,0,0,0,0,0,,46.693035254079014,89.08188202495941,46.693035254079014,42.3888467708804,40465,136282112,1790405364.160321,runs/round-budget-20260926T064431Z/bank_s10000_T0/r2_fresh.json,PASS
bank,10000,0,fresh,3,0,0.23813474999042228,0.2450392920000013,0.06989598274230957,0.31493520736694336,0.0020416250044945627,0.001597999973455444,0.0,0.0021988750086165965,0.00017124999430961907,0.0008212090178858489,7.358301081694663e-05,0.00454925000667572,0.0,0.23051950000808574,0.00150787498569116,0.0,0.0,0.0,0.0,0.0015581249899696559,0.0,0.0,0.0,0.019964583014370874,0,0,0,0,0,0,,46.693035254079014,89.08188202495941,46.693035254079014,42.3888467708804,40465,136298496,1790405365.001693,runs/round-budget-20260926T064431Z/bank_s10000_T0/r3_fresh.json,PASS
bank,10000,0,none,0,0,0.16438850000849925,0.17502604200853966,0.0711510181427002,0.24617695808410645,0.0020032500033266842,0.001580624986672774,0.004114208975806832,0.001976041996385902,0.00019633301417343318,0.0007059579947963357,6.11250288784504e-05,0.0,0.003150083008222282,0.1571454600780271,0.0015236659965012223,0.0,0.0,0.0,0.0,0.0025692909257486463,0.0,0.0,0.0,0.013478291017236188,0,0,0,0,0,0,0,46.693035254079014,89.08188202495941,46.693035254079014,42.3888467708804,40465,166641664,1790405361.747005,runs/round-budget-20260926T064431Z/bank_s10000_T0/r0_none.json,PASS
bank,10000,0,none,1,3,0.16287066700169817,0.17360091698355973,0.06871795654296875,0.24231886863708496,0.0021347499859984964,0.0014857499918434769,0.004020041989861056,0.0021123330225236714,0.00017941699479706585,0.0007296249968931079,6.833299994468689e-05,0.0,0.0031087080133147538,0.15575699813780375,0.001492415991378948,0.0,0.0,0.0,0.0,0.002512544859200716,0.0,0.0,0.0,0.013450874015688896,0,0,0,0,0,0,0,46.693035254079014,89.08188202495941,46.693035254079014,42.3888467708804,40465,166772736,1790405363.6551769,runs/round-budget-20260926T064431Z/bank_s10000_T0/r1_none.json,PASS
bank,10000,0,none,2,2,0.1669036670064088,0.1783434159879107,0.07337594032287598,0.25171947479248047,0.0020618329872377217,0.0016717920079827309,0.004563374997815117,0.002109333989210427,0.00018912501400336623,0.0007696669781580567,7.462300709448755e-05,0.0,0.003290292021119967,0.1593096638098359,0.0014916660147719085,0.0,0.0,0.0,0.0,0.0028120451606810093,0.0,0.0,0.0,0.013920956989750266,0,0,0,0,0,0,0,46.693035254079014,89.08188202495941,46.693035254079014,42.3888467708804,40465,168427520,1790405364.4880471,runs/round-budget-20260926T064431Z/bank_s10000_T0/r2_none.json,PASS
bank,10000,0,none,3,1,0.16066495899576694,0.170990915998118,0.06747603416442871,0.23846697807312012,0.0019832910038530827,0.0015268340066540986,0.003978875000029802,0.0017267079965677112,0.0001943749957717955,0.0008532499778084457,6.262402166612446e-05,0.0,0.003105750016402453,0.1536452929431107,0.0015191250131465495,0.0,0.0,0.0,0.0,0.0023947910231072456,0.0,0.0,0.0,0.013248166011180729,0,0,0,0,0,0,0,46.693035254079014,89.08188202495941,46.693035254079014,42.3888467708804,40465,165576704,1790405365.325236,runs/round-budget-20260926T064431Z/bank_s10000_T0/r3_none.json,PASS
bank,10000,0,basic,0,1,0.16199929098365828,0.17237762501463294,0.0683438777923584,0.2407214641571045,0.0019447090162429959,0.0015125839854590595,0.004002958012279123,0.0019182079995516688,0.00019079199410043657,0.0007469590054824948,6.212401785887778e-05,0.0,0.003275249997386709,0.15478307998273522,0.0014824169920757413,0.0,0.0,0.0,0.0,0.002458544011460617,0.0,0.0,0.0,0.013494874991010875,0,0,0,0,0,0,,46.693035254079014,89.08188202495941,46.693035254079014,42.3888467708804,40465,165478400,1790405362.001469,runs/round-budget-20260926T064431Z/bank_s10000_T0/r0_basic.json,PASS
bank,10000,0,basic,1,0,0.16260158299701288,0.17297825001878664,0.06905412673950195,0.24203228950500488,0.002097625023452565,0.0014955000078771263,0.0038920829829294235,0.0019345000036992133,0.00018412500503472984,0.0007032089924905449,6.962500629015267e-05,0.0,0.0032103329722303897,0.15532554298988543,0.0015267080161720514,0.0,0.0,0.0,0.0,0.0025389990187250078,0.0,0.0,0.0,0.01340645900927484,0,0,0,0,0,0,,46.693035254079014,89.08188202495941,46.693035254079014,42.3888467708804,40465,165363712,1790405362.828819,runs/round-budget-20260926T064431Z/bank_s10000_T0/r1_basic.json,PASS
bank,10000,0,basic,2,3,0.16141000000061467,0.1722131250135135,0.07105207443237305,0.24326515197753906,0.0019329999922774732,0.0014636660052929074,0.004266500007361174,0.002063500025542453,0.00017962499987334013,0.0008331660064868629,6.36679760646075e-05,0.0,0.0030751670128665864,0.15414158289786428,0.001523415994597599,0.0,0.0,0.0,0.0,0.0026698340952862054,0.0,0.0,0.0,0.013349790970096365,0,0,0,0,0,0,,46.693035254079014,89.08188202495941,46.693035254079014,42.3888467708804,40465,165822464,1790405364.7483861,runs/round-budget-20260926T064431Z/bank_s10000_T0/r2_basic.json,PASS
bank,10000,0,basic,3,2,0.16333308300818317,0.17390579101629555,0.06948423385620117,0.24339008331298828,0.001899249997222796,0.0016055830055847764,0.00404570801765658,0.001992249977774918,0.00018724999972619116,0.0007795410056132823,6.31260045338422e-05,0.0,0.003299459000118077,0.15581979183480144,0.001641749986447394,0.0,0.0,0.0,0.0,0.0025720821868162602,0.0,0.0,0.0,0.013778458000160754,0,0,0,0,0,0,,46.693035254079014,89.08188202495941,46.693035254079014,42.3888467708804,40465,167739392,1790405365.5759182,runs/round-budget-20260926T064431Z/bank_s10000_T0/r3_basic.json,PASS
bank,10000,0,runnerup,0,2,0.1625840830092784,0.17308370798127726,0.0697019100189209,0.24278569221496582,0.002078582998365164,0.001482666004449129,0.00409633299568668,0.0018547920044511557,0.00018145798821933568,0.0007281250145751983,7.766796625219285e-05,0.0,0.003019332973053679,0.15525087906280532,0.0015642500075045973,0.0,0.0,0.0,0.0,0.0027496209659148008,0.0,0.0,0.0,0.013546334026614204,0,0,0,0,0,0,,46.693035254079014,89.08188202495941,46.693035254079014,42.3888467708804,40465,165298176,1790405362.254164,runs/round-budget-20260926T064431Z/bank_s10000_T0/r0_runnerup.json,PASS
bank,10000,0,runnerup,1,1,0.1630080830072984,0.17338983301306143,0.06749796867370605,0.24088788032531738,0.0019605830020736903,0.0015613340074196458,0.004033125005662441,0.0018501669983379543,0.00017408299027010798,0.0007415419968310744,6.091600516811013e-05,0.0,0.0030989580263849348,0.155762372945901,0.001520999998319894,0.0,0.0,0.0,0.0,0.0026257520366925746,0.0,0.0,0.0,0.013676500006113201,0,0,0,0,0,0,,46.693035254079014,89.08188202495941,46.693035254079014,42.3888467708804,40465,165396480,1790405363.079942,runs/round-budget-20260926T064431Z/bank_s10000_T0/r1_runnerup.json,PASS
bank,10000,0,runnerup,2,0,0.1626039170078002,0.17298674999619834,0.06693816184997559,0.23992490768432617,0.0019182499963790178,0.0015019169950392097,0.004162832978181541,0.0017818330088630319,0.00019179200171492994,0.0007601669931318611,6.60410150885582e-05,0.0,0.003149833995848894,0.1554448759998195,0.001501374994404614,0.0,0.0,0.0,0.0,0.002507832017727196,0.0,0.0,0.0,0.013386792008532211,0,0,0,0,0,0,,46.693035254079014,89.08188202495941,46.693035254079014,42.3888467708804,40465,167313408,1790405363.906744,runs/round-budget-20260926T064431Z/bank_s10000_T0/r2_runnerup.json,PASS
bank,10000,0,runnerup,3,3,0.16372112499084324,0.17474854199099354,0.07062387466430664,0.24537253379821777,0.002076624979963526,0.001666124997427687,0.004124041995964944,0.0020821250218432397,0.00020470801973715425,0.000789042009273544,8.474997594021261e-05,0.0,0.0032197909895330667,0.15629025211092085,0.0014777499891351908,0.0,0.0,0.0,0.0,0.0027333319012541324,0.0,0.0,0.0,0.01334458397468552,0,0,0,0,0,0,,46.693035254079014,89.08188202495941,46.693035254079014,42.3888467708804,40465,165232640,1790405365.8319528,runs/round-budget-20260926T064431Z/bank_s10000_T0/r3_runnerup.json,PASS
bank,10000,1,fresh,0,2,0.36580637498991564,0.3729910830152221,0.06676816940307617,0.4397592544555664,0.0019304580055177212,0.0015185420052148402,0.0,0.0018389169999863952,0.0004162499972153455,0.0014259589952416718,5.458202213048935e-05,0.004617916012648493,0.0,0.22725700205774046,0.0015132499975152314,0.0,0.09645987200201489,0.03424637494026683,0.0,0.001711959979729727,0.0,0.0,0.0,0.0592667089367751,45166,0,0,0,0,45166,,32.671086322763344,65.28591362865659,32.61482730589324,32.671086322763344,80079,151289856,1790405371.639543,runs/round-budget-20260926T064431Z/bank_s10000_T1/r0_fresh.json,PASS
bank,10000,1,fresh,1,1,0.3764961250126362,0.3845529589743819,0.06764006614685059,0.452193021774292,0.002199708978878334,0.001780041988240555,0.0,0.002168500010157004,0.0004207919992040843,0.0014098749961704016,7.791598909534514e-05,0.004794125008629635,0.0,0.23485920802340843,0.0015968749939929694,0.0,0.09857412494602613,0.03477271005976945,0.0,0.0018990819808095694,0.0,0.0,0.0,0.06067608605371788,45166,0,0,0,0,45166,,32.671086322763344,65.28591362865659,32.61482730589324,32.671086322763344,80079,151175168,1790405372.971354,runs/round-budget-20260926T064431Z/bank_s10000_T1/r1_fresh.json,PASS
bank,10000,1,fresh,2,0,0.37642787498771213,0.38428387499880046,0.0728139877319336,0.45709776878356934,0.0019222499977331609,0.0016115420148707926,0.0,0.0024236250028479844,0.0004387499939184636,0.0013802499743178487,7.958302740007639e-05,0.005062874988652766,0.0,0.23569516703719273,0.0014629999932367355,0.0,0.09714641404571012,0.03501370994490571,0.0,0.002046708978014067,0.0,0.0,0.0,0.061084793909685686,45166,0,0,0,0,45166,,32.671086322763344,65.28591362865659,32.61482730589324,32.671086322763344,80079,152502272,1790405374.336778,runs/round-budget-20260926T064431Z/bank_s10000_T1/r2_fresh.json,PASS
bank,10000,1,fresh,3,3,0.38691645799553953,0.3942402079992462,0.07289600372314453,0.4671361446380615,0.002028167014941573,0.0016614590131212026,0.0,0.0018783340055961162,0.0004040829953737557,0.0012891659862361848,6.25409884378314e-05,0.004879124986473471,0.0,0.24344162287889048,0.0016093329759314656,0.0,0.09980833300505765,0.03506574995117262,0.0,0.002112294198013842,0.0,0.0,0.0,0.06183120791683905,45166,0,0,0,0,45166,,32.671086322763344,65.28591362865659,32.61482730589324,32.671086322763344,80079,150257664,1790405377.6473799,runs/round-budget-20260926T064431Z/bank_s10000_T1/r3_fresh.json,PASS
bank,10000,1,none,0,3,0.2934847919968888,0.30530004197498783,0.06618595123291016,0.37148594856262207,0.0019228750024922192,0.001518500008387491,0.004897790990071371,0.0017505830037407577,0.00041062498348765075,0.0012597920140251517,5.5083975894376636e-05,0.0,0.003194166987668723,0.15454320699791424,0.001502083003288135,0.0,0.09689491899916902,0.034481625974876806,4.5459019020199776e-05,0.002823331014951691,0.0,0.0,0.0,0.05381316697457805,45166,0,0,0,0,45166,0,32.671086322763344,65.28591362865659,32.61482730589324,32.671086322763344,80079,187858944,1790405372.089238,runs/round-budget-20260926T064431Z/bank_s10000_T1/r0_none.json,PASS
bank,10000,1,none,1,2,0.2966619999788236,0.3096105419972446,0.0699610710144043,0.37957167625427246,0.002230042009614408,0.0015247080009430647,0.005091792001621798,0.0022628330043517053,0.0004302919842302799,0.0013417910085991025,6.708400906063616e-05,0.0,0.0032895830227062106,0.15869024995481595,0.001502500002970919,0.0,0.09593283402500674,0.03429858302115463,6.237498018890619e-05,0.002885874971980229,0.0,0.0,0.0,0.05361241599894129,45166,0,0,0,0,45166,0,32.671086322763344,65.28591362865659,32.61482730589324,32.671086322763344,80079,186384384,1790405373.436757,runs/round-budget-20260926T064431Z/bank_s10000_T1/r1_none.json,PASS
bank,10000,1,none,2,1,0.3036098330048844,0.31634849999682046,0.07395100593566895,0.39029955863952637,0.0019062499923165888,0.0017347499961033463,0.005325042002368718,0.0017300419858656824,0.00045437499647960067,0.001499208010500297,8.900000830180943e-05,0.0,0.003189375012880191,0.16197316694888286,0.0015732079918961972,0.0,0.09873967096791603,0.035363290982786566,3.645799006335437e-05,0.0027346631104592234,0.0,0.0,0.0,0.05532608294743113,45166,0,0,0,0,45166,0,32.671086322763344,65.28591362865659,32.61482730589324,32.671086322763344,80079,189546496,1790405374.806676,runs/round-budget-20260926T064431Z/bank_s10000_T1/r2_none.json,PASS
bank,10000,1,none,3,0,0.2946082499984186,0.3068965830025263,0.06680893898010254,0.3737056255340576,0.0019962920050602406,0.0015689170104451478,0.005025249993195757,0.0018349159799981862,0.0004394999996293336,0.0013673749926965684,5.6083023082464933e-05,0.0,0.003323250013636425,0.1559359560487792,0.0015296659839805216,0.0,0.09673708293121308,0.034394998947391286,3.633301821537316e-05,0.0026509630552027375,0.0,0.0,0.0,0.05387920595239848,45166,0,0,0,0,45166,0,32.671086322763344,65.28591362865659,32.61482730589324,32.671086322763344,80079,185942016,1790405376.223914,runs/round-budget-20260926T064431Z/bank_s10000_T1/r3_none.json,PASS
bank,10000,1,basic,0,0,0.40993349999189377,0.42182829199009575,0.06706404685974121,0.4888923168182373,0.001991416997043416,0.001535832998342812,0.004794333013705909,0.001783415995305404,0.0004150420136284083,0.0013105830003041774,6.416797987185419e-05,0.0,0.003254665993154049,0.15392120805336162,0.0014742919884156436,0.000536085048224777,0.20988170107011683,0.03703708093962632,3.8124999264255166e-05,0.003790341899730265,0.11211974898469634,0.11786041699815542,0.0971054169931449,0.06205720693105832,45166,45166,0,0,45166,90332,0,32.671086322763344,65.28591362865659,32.61482730589324,32.671086322763344,80079,189857792,1790405370.642266,runs/round-budget-20260926T064431Z/bank_s10000_T1/r0_basic.json,PASS
bank,10000,1,basic,1,3,0.41347379199578427,0.4257459159998689,0.06743979454040527,0.49318575859069824,0.0020950410107616335,0.0015771659964229912,0.0048980409919749945,0.0017820410139393061,0.000465124991023913,0.0013893749855924398,6.533501436933875e-05,0.0,0.0034566250105854124,0.1550733340845909,0.0015186249802354723,0.0005417900683823973,0.21149974493891932,0.037469333939952776,4.129100125283003e-05,0.0038730479718651623,0.11100370701751672,0.11668195901438594,0.09999554199748673,0.0627531259378884,45166,45166,0,0,45166,90332,0,32.671086322763344,65.28591362865659,32.61482730589324,32.671086322763344,80079,191725568,1790405373.8255308,runs/round-budget-20260926T064431Z/bank_s10000_T1/r1_basic.json,PASS
bank,10000,1,basic,2,2,0.42175245899125,0.4345668750174809,0.07398104667663574,0.5085480213165283,0.0020329999970272183,0.0015656249888706952,0.005142208014149219,0.0022246669977903366,0.00040245900163426995,0.0013769159850198776,6.954104173928499e-05,0.0,0.0033842920092865825,0.161100537981838,0.0015831250057090074,0.000574375968426466,0.21382046016515233,0.0370358350337483,4.57499991171062e-05,0.004208082827972248,0.11388179298955947,0.11970120799378492,0.09929100002045743,0.06277208504616283,45166,45166,0,0,45166,90332,0,32.671086322763344,65.28591362865659,32.61482730589324,32.671086322763344,80079,191315968,1790405375.209516,runs/round-budget-20260926T064431Z/bank_s10000_T1/r2_basic.json,PASS
bank,10000,1,basic,3,1,0.4213635409832932,0.4339640839898493,0.06735110282897949,0.5013151168823242,0.001961333997314796,0.00156508301733993,0.00524683398543857,0.0019529169949237257,0.0004233339859638363,0.0013845420035067946,6.649902206845582e-05,0.0,0.0032586249872110784,0.16147221100982279,0.0014993749791756272,0.0005636229179799557,0.21366633093566634,0.03682112286332995,4.6958011807873845e-05,0.0040352952782996,0.114053333963966,0.1197945419989992,0.09893270800239407,0.06270437184139155,45166,45166,0,0,45166,90332,0,32.671086322763344,65.28591362865659,32.61482730589324,32.671086322763344,80079,191217664,1790405376.60908,runs/round-budget-20260926T064431Z/bank_s10000_T1/r3_basic.json,PASS
bank,10000,1,runnerup,0,1,0.40604437500587665,0.41782945799059235,0.06780219078063965,0.48563170433044434,0.0018890420033130795,0.0016126669943332672,0.00478829100029543,0.0017915419884957373,0.0004023750079795718,0.0012409170158207417,6.024897447787225e-05,0.0,0.0031197500065900385,0.15413412102498114,0.0015606249799020588,0.0011698720918502659,0.20613395899999887,0.03596149990335107,4.012498538941145e-05,0.003924423013813794,0.10902591596823186,0.11498654200113378,0.0965264999831561,0.06062112288782373,45166,45166,0,0,45166,90332,0,32.671086322763344,65.28591362865659,32.61482730589324,32.671086322763344,80079,189202432,1790405371.1434581,runs/round-budget-20260926T064431Z/bank_s10000_T1/r0_runnerup.json,PASS
bank,10000,1,runnerup,1,0,0.40670879199751653,0.41875083299237303,0.06689310073852539,0.4856438636779785,0.0019499580084811896,0.0015468749916180968,0.004922666994389147,0.0017785000090952963,0.0004166250000707805,0.0013673329958692193,6.00829953327775e-05,0.0,0.003114250022917986,0.15519716806011274,0.0014962080167606473,0.0011758759210351855,0.2055370821035467,0.03666112115024589,3.6792014725506306e-05,0.0034902947081718594,0.10946329098078422,0.11550674997852184,0.09546112499083392,0.06152999616460875,45166,45166,0,0,45166,90332,0,32.671086322763344,65.28591362865659,32.61482730589324,32.671086322763344,80079,191545344,1790405372.473248,runs/round-budget-20260926T064431Z/bank_s10000_T1/r1_runnerup.json,PASS
bank,10000,1,runnerup,2,3,0.40818741600378416,0.4206400419934653,0.06826496124267578,0.4889049530029297,0.001980959001230076,0.0015751250030007213,0.005204249988310039,0.0019072499999310821,0.0004034999874420464,0.001322915981290862,5.8626028476282954e-05,0.0,0.0034433749970048666,0.1560242499690503,0.0015051249938551337,0.0011432469764258713,0.20612649788381532,0.03638249897630885,3.704198752529919e-05,0.003525380219798535,0.10984529295819812,0.11574733300949447,0.09572949999710545,0.06123620594735257,45166,45166,0,0,45166,90332,0,32.671086322763344,65.28591362865659,32.61482730589324,32.671086322763344,80079,189038592,1790405375.725068,runs/round-budget-20260926T064431Z/bank_s10000_T1/r2_runnerup.json,PASS
bank,10000,1,runnerup,3,2,0.4223296669952106,0.43490758299594745,0.07254409790039062,0.5074517726898193,0.0020103749993722886,0.0015830420015845448,0.005259999976260588,0.0018867499893531203,0.0004180000105407089,0.0013494160084519535,7.033301517367363e-05,0.0,0.0033102920278906822,0.1595622079912573,0.00158170799841173,0.0012124580389354378,0.21402196201961488,0.03873312319046818,4.15419926866889e-05,0.003866373735945672,0.11113808519439772,0.11737916601123288,0.10246145800920203,0.06428041425533593,45166,45166,0,0,45166,90332,0,32.671086322763344,65.28591362865659,32.61482730589324,32.671086322763344,80079,190251008,1790405377.127584,runs/round-budget-20260926T064431Z/bank_s10000_T1/r3_runnerup.json,PASS
bank,10000,2,fresh,0,1,0.5044830410042778,0.5128044159791898,0.06711983680725098,0.5799243450164795,0.0019199999806005508,0.0016288750048261136,0.0,0.002134375012246892,0.0006521249888464808,0.0019244159921072423,6.158399628475308e-05,0.004744125006254762,0.0,0.2318030420865398,0.001549167005578056,0.0,0.19387870997888967,0.07053521004854701,0.0,0.001972786878468469,0.0,0.0,0.0,0.1015047520340886,90332,0,0,0,0,90332,,32.043292947192036,64.06834247258875,32.043292947192036,32.02504952539671,119748,151240704,1790405383.9504168,runs/round-budget-20260926T064431Z/bank_s10000_T2/r0_fresh.json,PASS
bank,10000,2,fresh,1,0,0.5007479579944629,0.5088741249928717,0.07007408142089844,0.5789482593536377,0.00192304200027138,0.0016357080021407455,0.0,0.0020428329880815,0.0006135829898994416,0.0018489999929443002,6.200102507136762e-05,0.004569000011542812,0.0,0.22854254106641747,0.001523832994280383,0.0,0.1943410420208238,0.06990300613688305,0.0,0.0018685357645154,0.0,0.0,0.0,0.10041196414385922,90332,0,0,0,0,90332,,32.043292947192036,64.06834247258875,32.043292947192036,32.02504952539671,119748,149340160,1790405385.708042,runs/round-budget-20260926T064431Z/bank_s10000_T2/r1_fresh.json,PASS
bank,10000,2,fresh,2,3,0.5055957500007935,0.5139716660196427,0.07307124137878418,0.5870428085327148,0.0020429159922059625,0.0015747080033179373,0.0,0.002170209016185254,0.0006402910221368074,0.0018837079987861216,6.408398621715605e-05,0.004647041001589969,0.0,0.23199008507071994,0.001502833008999005,0.0,0.194650331948651,0.07095108306384645,0.0,0.0018543759069871157,0.0,0.0,0.0,0.10241537404363044,90332,0,0,0,0,90332,,32.043292947192036,64.06834247258875,32.043292947192036,32.02504952539671,119748,150372352,1790405389.8830311,runs/round-budget-20260926T064431Z/bank_s10000_T2/r2_fresh.json,PASS
bank,10000,2,fresh,3,2,0.5048928750038613,0.5127163339930121,0.06991004943847656,0.5826263427734375,0.0019337089906912297,0.0014850410225335509,0.0,0.0018743750115390867,0.000612084026215598,0.0018638329929672182,5.4416945204138756e-05,0.004632208001567051,0.0,0.23139462518156506,0.0015562920016236603,0.0,0.1945944559702184,0.07078162889229134,0.0,0.0019336649565957487,0.0,0.0,0.0,0.10157312793307938,90332,0,0,0,0,90332,,32.043292947192036,64.06834247258875,32.043292947192036,32.02504952539671,119748,151289856,1790405391.7568069,runs/round-budget-20260926T064431Z/bank_s10000_T2/r3_fresh.json,PASS
bank,10000,2,none,0,2,0.4288566669856664,0.443594167008996,0.07010889053344727,0.5137031078338623,0.002082124992739409,0.0016631250036880374,0.006322458997601643,0.0019655410142149776,0.0006709579902235419,0.0019524170202203095,8.087500464171171e-05,0.0,0.003438625019043684,0.15795366489328444,0.001547291991300881,0.0,0.19315367090166546,0.06965578690869734,0.00013008300447836518,0.0029775442671962082,0.0,0.0,0.0,0.09436941184685566,90332,0,0,0,0,90332,0,32.043292947192036,64.06834247258875,32.043292947192036,32.02504952539671,119748,192004096,1790405384.544062,runs/round-budget-20260926T064431Z/bank_s10000_T2/r0_none.json,PASS
bank,10000,2,none,1,1,0.423281166004017,0.43768379199900664,0.06669092178344727,0.5043747425079346,0.002023999986704439,0.001695082988590002,0.006247665995033458,0.0018208750116173178,0.00072900002123788,0.001819958008127287,6.604398367926478e-05,0.0,0.0031398330174852163,0.15531916706822813,0.0015829580079298466,0.0,0.1912307069869712,0.06881628895644099,0.00010029098484665155,0.0030919209821149707,0.0,0.0,0.0,0.09317874698899686,90332,0,0,0,0,90332,0,32.043292947192036,64.06834247258875,32.043292947192036,32.02504952539671,119748,189743104,1790405386.294432,runs/round-budget-20260926T064431Z/bank_s10000_T2/r1_none.json,PASS
bank,10000,2,none,2,0,0.4250004999921657,0.43892958300421014,0.06900191307067871,0.5079314708709717,0.001869083003839478,0.0016113329911604524,0.006099207996157929,0.0017727499944157898,0.0006794579967390746,0.0018399579857941717,5.7293043937534094e-05,0.0,0.003115083003649488,0.15645566605962813,0.0014915420033503324,0.0,0.1918296201620251,0.06915912803378887,0.00010595802450552583,0.0028435027052182704,0.0,0.0,0.0,0.0934931700467132,90332,0,0,0,0,90332,0,32.043292947192036,64.06834247258875,32.043292947192036,32.02504952539671,119748,191856640,1790405388.076962,runs/round-budget-20260926T064431Z/bank_s10000_T2/r2_none.json,PASS
bank,10000,2,none,3,3,0.42383562499890104,0.43854962498880923,0.06937789916992188,0.507927417755127,0.002019209001446143,0.0016074169834610075,0.0066770830017048866,0.0018451669893693179,0.0006298749940469861,0.001870625012088567,6.462400779128075e-05,0.0,0.003209624992450699,0.15633516700472683,0.0015817910025361925,0.0,0.19099599801120348,0.06851453887065873,9.699998190626502e-05,0.003101505135418847,0.0,0.0,0.0,0.09280107988161035,90332,0,0,0,0,90332,0,32.043292947192036,64.06834247258875,32.043292947192036,32.02504952539671,119748,192757760,1790405392.350168,runs/round-budget-20260926T064431Z/bank_s10000_T2/r3_none.json,PASS
bank,10000,2,basic,0,3,0.5427834170113783,0.5572840420063585,0.06796121597290039,0.6252453327178955,0.0020750840194523335,0.0016999579966068268,0.006369083974277601,0.0017423329991288483,0.0006271669990383089,0.0019233330094721168,6.366599700413644e-05,0.0,0.0032698749855626374,0.156419704988366,0.001527457992779091,0.0005022100231144577,0.30459092382807285,0.07259404481737874,0.00010779197327792645,0.003771408402826637,0.10992841291590594,0.11516945899347775,0.0979207500058692,0.10285379382548854,90332,45166,0,0,45166,135498,0,32.043292947192036,64.06834247258875,32.043292947192036,32.02504952539671,119748,194592768,1790405385.068694,runs/round-budget-20260926T064431Z/bank_s10000_T2/r0_basic.json,PASS
bank,10000,2,basic,1,2,0.5398904999892693,0.5539491669915151,0.06728720664978027,0.6212363243103027,0.001958334003575146,0.0016467919922433794,0.005906959006097168,0.001945500000147149,0.0006312080076895654,0.0019044999789912254,6.537401350215077e-05,0.0,0.0032515840139240026,0.15523254103027284,0.00152283301576972,0.0004992509784642607,0.3035610009683296,0.07168562090373598,8.862500544637442e-05,0.004049044073326513,0.11025474895723164,0.115558666002471,0.09708154201507568,0.10148528692661785,90332,45166,0,0,45166,135498,0,32.043292947192036,64.06834247258875,32.043292947192036,32.02504952539671,119748,194543616,1790405386.8106902,runs/round-budget-20260926T064431Z/bank_s10000_T2/r1_basic.json,PASS
bank,10000,2,basic,2,1,0.536800834001042,0.5505677500041202,0.06769585609436035,0.6182637214660645,0.00194695801474154,0.0016256670060101897,0.005963125004200265,0.0017542499990668148,0.0006259999936446548,0.0017892500036396086,6.16659817751497e-05,0.0,0.0031467500084545463,0.15471707889810205,0.001536166004370898,0.000523083028383553,0.3011817518854514,0.07187700198846869,8.349999552592635e-05,0.003735502192284912,0.11063875092077069,0.11607849999563769,0.0953542499919422,0.10160754399839789,90332,45166,0,0,45166,135498,0,32.043292947192036,64.06834247258875,32.043292947192036,32.02504952539671,119748,196329472,1790405388.5950289,runs/round-budget-20260926T064431Z/bank_s10000_T2/r2_basic.json,PASS
bank,10000,2,basic,3,0,0.5455590419878718,0.5591807080199942,0.06740498542785645,0.6265857219696045,0.0019535830069798976,0.0015537079889327288,0.005951416998868808,0.0016369580116588622,0.0006362920103129,0.0018304169934708625,5.929102189838886e-05,0.0,0.003292999987024814,0.15541116896201856,0.0014748749963473529,0.000538248976226896,0.30723891893285327,0.0733572940225713,0.00014558399561792612,0.004099952115211636,0.11289633100386709,0.1186403329775203,0.09874716700869612,0.10405275199445896,90332,45166,0,0,45166,135498,0,32.043292947192036,64.06834247258875,32.043292947192036,32.02504952539671,119748,195887104,1790405390.475394,runs/round-budget-20260926T064431Z/bank_s10000_T2/r3_basic.json,PASS
bank,10000,2,runnerup,0,0,0.5502700000070035,0.5645309580140747,0.0720510482788086,0.6365818977355957,0.0020309170067775995,0.0015328330046031624,0.006290583987720311,0.0018799160025082529,0.0006270419980864972,0.0018312500033061951,6.84160040691495e-05,0.0,0.0031289579928852618,0.15922812407370657,0.001520999998319894,0.0011999999987892807,0.30765333015006036,0.07350316501106136,9.737597429193556e-05,0.003938046807888895,0.11176083193277009,0.11793787500937469,0.09825545901549049,0.10421737300930545,90332,45166,0,0,45166,135498,0,32.043292947192036,64.06834247258875,32.043292947192036,32.02504952539671,119748,194707456,1790405383.307343,runs/round-budget-20260926T064431Z/bank_s10000_T2/r0_runnerup.json,PASS
bank,10000,2,runnerup,1,3,0.5389476249984,0.5528987080033403,0.0671238899230957,0.6200225353240967,0.0019186660065315664,0.001609999977517873,0.006054083991330117,0.0017201660084538162,0.0006337079976219684,0.001956416992470622,5.8042031014338136e-05,0.0,0.0031524589867331088,0.1548447470413521,0.0015509999939240515,0.001146707043517381,0.3026587919157464,0.07174062804551795,0.0001054569729603827,0.0037478349986486137,0.10959396092221141,0.1154769999848213,0.09705891698831692,0.10135916798026301,90332,45166,0,0,45166,135498,0,32.043292947192036,64.06834247258875,32.043292947192036,32.02504952539671,119748,192610304,1790405387.443327,runs/round-budget-20260926T064431Z/bank_s10000_T2/r1_runnerup.json,PASS
bank,10000,2,runnerup,2,2,0.5560140829766169,0.5705435409909114,0.06913995742797852,0.6396834850311279,0.00199612500728108,0.0015833330107852817,0.0064388340106233954,0.0018074169929604977,0.0006878749991301447,0.0019391659880056977,7.670800550840795e-05,0.0,0.0031916660082060844,0.1625719569856301,0.0016086249961517751,0.0012384600413497537,0.30772725091082975,0.07518716502818279,0.00011500000255182385,0.004373959003714845,0.11224941603722982,0.1186030000098981,0.09937329200329259,0.10594074701657519,90332,45166,0,0,45166,135498,0,32.043292947192036,64.06834247258875,32.043292947192036,32.02504952539671,119748,196198400,1790405389.226337,runs/round-budget-20260926T064431Z/bank_s10000_T2/r2_runnerup.json,PASS
bank,10000,2,runnerup,3,1,0.5478084589994978,0.5618090420030057,0.0669398307800293,0.628748893737793,0.002011042000958696,0.001479250000556931,0.006292874983046204,0.001641917013330385,0.0006572499987669289,0.001853875000961125,6.43740058876574e-05,0.0,0.0032795000006444752,0.15829941708943807,0.0016212500049732625,0.0011964150471612811,0.30514612689148635,0.07402554008876905,0.00011633301619440317,0.004123876860830933,0.10977879105485044,0.11588116700295359,0.09771812497638166,0.10461504009435885,90332,45166,0,0,45166,135498,0,32.043292947192036,64.06834247258875,32.043292947192036,32.02504952539671,119748,194723840,1790405391.113107,runs/round-budget-20260926T064431Z/bank_s10000_T2/r3_runnerup.json,PASS
bank,10001,0,fresh,0,2,0.2436587080010213,0.24994883299223147,0.07339096069335938,0.32333970069885254,0.0018991249962709844,0.0016030419792514294,0.0,0.0017549170006532222,0.00019008299568668008,0.0007695840031374246,7.337401621043682e-05,0.004684291983721778,0.0,0.23578324788832106,0.0015437919937539846,0.0,0.0,0.0,0.0,0.0016473761352244765,0.0,0.0,0.0,0.02010058396263048,0,0,0,0,0,0,,48.41791699280397,89.00485088617664,48.41791699280397,40.58693389337268,40483,135413760,1790405397.11094,runs/round-budget-20260926T064431Z/bank_s10001_T0/r0_fresh.json,PASS
bank,10001,0,fresh,1,1,0.23529008400510065,0.24161095800809562,0.06622815132141113,0.30783915519714355,0.0019457500020507723,0.0015582919877488166,0.0,0.001882166019640863,0.0001720000000204891,0.0007072080043144524,5.545798921957612e-05,0.004504541022470221,0.0,0.22783500092918985,0.0014711249968968332,0.0,0.0,0.0,0.0,0.0014794170565437526,0.0,0.0,0.0,0.019634500000393018,0,0,0,0,0,0,,48.41791699280397,89.00485088617664,48.41791699280397,40.58693389337268,40483,134316032,1790405397.959006,runs/round-budget-20260926T064431Z/bank_s10001_T0/r1_fresh.json,PASS
bank,10001,0,fresh,2,0,0.2459958330146037,0.2523587080067955,0.07698202133178711,0.32934069633483887,0.002049458009423688,0.001507583016064018,0.0,0.001712458994006738,0.00021587498486042023,0.0008138330013025552,6.366698653437197e-05,0.005018583993660286,0.0,0.2377798350644298,0.001568042003782466,0.0,0.0,0.0,0.0,0.0016293719527311623,0.0,0.0,0.0,0.020209584006806836,0,0,0,0,0,0,,48.41791699280397,89.00485088617664,48.41791699280397,40.58693389337268,40483,136429568,1790405398.829257,runs/round-budget-20260926T064431Z/bank_s10001_T0/r2_fresh.json,PASS
bank,10001,0,fresh,3,3,0.24635074997786433,0.25366179199772887,0.07082605361938477,0.32448792457580566,0.0022417089785449207,0.0017992089851759374,0.0,0.002168500010157004,0.0001812080154195428,0.0008450839959550649,7.53320346120745e-05,0.004705082974396646,0.0,0.2383775360067375,0.0015384579892270267,0.0,0.0,0.0,0.0,0.001729673007503152,0.0,0.0,0.0,0.020355248998384923,0,0,0,0,0,0,,48.41791699280397,89.00485088617664,48.41791699280397,40.58693389337268,40483,137347072,1790405400.779968,runs/round-budget-20260926T064431Z/bank_s10001_T0/r3_fresh.json,PASS
bank,10001,0,none,0,3,0.174007708003046,0.18437833301140927,0.06981396675109863,0.2541923522949219,0.001973458012798801,0.0015096669958438724,0.004104541993001476,0.0017942499835044146,0.0001890840067062527,0.0007424579816870391,5.716603482142091e-05,0.0,0.0031993330048862845,0.16657571209361777,0.0015067500062286854,0.0,0.0,0.0,0.0,0.002725912898313254,0.0,0.0,0.0,0.019769833015743643,0,0,0,0,0,0,0,48.41791699280397,89.00485088617664,48.41791699280397,40.58693389337268,40483,165494784,1790405397.440762,runs/round-budget-20260926T064431Z/bank_s10001_T0/r0_none.json,PASS
bank,10001,0,none,1,2,0.1745824580139015,0.1850122080068104,0.06863808631896973,0.2536501884460449,0.001939790992764756,0.0014599169953726232,0.004051750001963228,0.0018394580110907555,0.0002399170189164579,0.0008273749845102429,7.154198829084635e-05,0.0,0.003372832987224683,0.1671093720360659,0.0016060829802881926,0.0,0.0,0.0,0.0,0.002494170010322705,0.0,0.0,0.0,0.019527957978425547,0,0,0,0,0,0,0,48.41791699280397,89.00485088617664,48.41791699280397,40.58693389337268,40483,165511168,1790405398.279294,runs/round-budget-20260926T064431Z/bank_s10001_T0/r1_none.json,PASS
bank,10001,0,none,2,1,0.17792508300044574,0.18900754197966307,0.07202816009521484,0.261035680770874,0.0020294589921832085,0.0015920420119073242,0.0041368329839315265,0.0021733749890699983,0.00022945899399928749,0.0008422919781878591,7.899902993813157e-05,0.0,0.003457875020103529,0.16991453804075718,0.0017924999992828816,0.0,0.0,0.0,0.0,0.0027601699403021485,0.0,0.0,0.0,0.02035162498941645,0,0,0,0,0,0,0,48.41791699280397,89.00485088617664,48.41791699280397,40.58693389337268,40483,167870464,1790405399.164515,runs/round-budget-20260926T064431Z/bank_s10001_T0/r2_none.json,PASS
bank,10001,0,none,3,0,0.172520041000098,0.18462170800194144,0.06897807121276855,0.2535998821258545,0.0023154999944381416,0.0019153750035911798,0.004855125007452443,0.001975958002731204,0.00017837501945905387,0.0008018749940674752,5.945898010395467e-05,0.0,0.003101999987848103,0.16534333600429818,0.0015672910085413605,0.0,0.0,0.0,0.0,0.002507413999410346,0.0,0.0,0.0,0.020053291984368116,0,0,0,0,0,0,0,48.41791699280397,89.00485088617664,48.41791699280397,40.58693389337268,40483,167116800,1790405399.983478,runs/round-budget-20260926T064431Z/bank_s10001_T0/r3_none.json,PASS
bank,10001,0,basic,0,0,0.17467462498461828,0.1853043750161305,0.0712738037109375,0.2565782070159912,0.002054208016488701,0.0015224579838104546,0.004089166002813727,0.0019074169977102429,0.00018695899052545428,0.000811125006293878,5.841703386977315e-05,0.0,0.003257165983086452,0.16727029395406134,0.0015139589959289879,0.0,0.0,0.0,0.0,0.0026332060515414923,0.0,0.0,0.0,0.019990708999102935,0,0,0,0,0,0,,48.41791699280397,89.00485088617664,48.41791699280397,40.58693389337268,40483,165969920,1790405396.575671,runs/round-budget-20260926T064431Z/bank_s10001_T0/r0_basic.json,PASS
bank,10001,0,basic,1,3,0.17916029199841432,0.1898393750016112,0.0748131275177002,0.2646524906158447,0.0019255829975008965,0.0015965419879648834,0.004253874998539686,0.0019267080060672015,0.00018241599900647998,0.0007292910013347864,6.466801278293133e-05,0.0,0.003284874983364716,0.1716307480528485,0.0016377499850932509,0.0,0.0,0.0,0.0,0.0026069189771078527,0.0,0.0,0.0,0.021137624979019165,0,0,0,0,0,0,,48.41791699280397,89.00485088617664,48.41791699280397,40.58693389337268,40483,165920768,1790405398.550745,runs/round-budget-20260926T064431Z/bank_s10001_T0/r1_basic.json,PASS
bank,10001,0,basic,2,2,0.17613320800592192,0.1870925409893971,0.0732429027557373,0.26033544540405273,0.001928207988385111,0.0016032920102588832,0.004280207998817787,0.002206750010373071,0.0001776249846443534,0.0006954579730518162,6.779201794415712e-05,0.0,0.0030098330171313137,0.16856783101684414,0.0017382079968228936,0.0,0.0,0.0,0.0,0.0028173359751235694,0.0,0.0,0.0,0.020495833014138043,0,0,0,0,0,0,,48.41791699280397,89.00485088617664,48.41791699280397,40.58693389337268,40483,167444480,1790405399.439334,runs/round-budget-20260926T064431Z/bank_s10001_T0/r2_basic.json,PASS
bank,10001,0,basic,3,1,0.172404250013642,0.18319999999948777,0.06916189193725586,0.2523617744445801,0.002042874984908849,0.0016120419895742089,0.004087000008439645,0.0020520000252872705,0.00018683300004340708,0.000750750012230128,6.42499653622508e-05,0.0,0.0032789580000098795,0.164929332153406,0.001568042003782466,0.0,0.0,0.0,0.0,0.0026279178564436734,0.0,0.0,0.0,0.02049799999804236,0,0,0,0,0,0,,48.41791699280397,89.00485088617664,48.41791699280397,40.58693389337268,40483,165642240,1790405400.248843,runs/round-budget-20260926T064431Z/bank_s10001_T0/r3_basic.json,PASS
bank,10001,0,runnerup,0,1,0.17375874999561347,0.18411875001038425,0.07086014747619629,0.25497889518737793,0.001880708005046472,0.0015452920051757246,0.0040745419973973185,0.0018756250210572034,0.00017637500423006713,0.0007512080192100257,5.624996265396476e-05,0.0,0.0032306250068359077,0.16644141395227052,0.0015038340061437339,0.0,0.0,0.0,0.0,0.0025828770303633064,0.0,0.0,0.0,0.019697916985023767,0,0,0,0,0,0,,48.41791699280397,89.00485088617664,48.41791699280397,40.58693389337268,40483,165462016,1790405396.842858,runs/round-budget-20260926T064431Z/bank_s10001_T0/r0_runnerup.json,PASS
bank,10001,0,runnerup,1,0,0.16927170800045133,0.1793957909976598,0.06695032119750977,0.24634599685668945,0.0019762080046348274,0.0014702499902341515,0.003903792006894946,0.0017741249757818878,0.00018050000653602183,0.0007588329899590462,6.0375023167580366e-05,0.0,0.003211874980479479,0.16193737293360755,0.0014773329894524068,0.0,0.0,0.0,0.0,0.0026451270969118923,0.0,0.0,0.0,0.019409999978961423,0,0,0,0,0,0,,48.41791699280397,89.00485088617664,48.41791699280397,40.58693389337268,40483,165249024,1790405397.7028701,runs/round-budget-20260926T064431Z/bank_s10001_T0/r1_runnerup.json,PASS
bank,10001,0,runnerup,2,3,0.17724404099863023,0.1885521670046728,0.07686901092529297,0.26542115211486816,0.0020369170233607292,0.0015642920043319464,0.004285625007469207,0.0022938749752938747,0.00018691702280193567,0.0008664579945616424,7.404197822324932e-05,0.0,0.0033237919851671904,0.16933358093956485,0.00163033400895074,0.0,0.0,0.0,0.0,0.0029563340649474412,0.0,0.0,0.0,0.020946875010849908,0,0,0,0,0,0,,48.41791699280397,89.00485088617664,48.41791699280397,40.58693389337268,40483,167673856,1790405399.715611,runs/round-budget-20260926T064431Z/bank_s10001_T0/r2_runnerup.json,PASS
bank,10001,0,runnerup,3,2,0.17595758402603678,0.18650541597162373,0.06786894798278809,0.25437426567077637,0.0019899999897461385,0.0016113329911604524,0.004081874998519197,0.0017242500034626573,0.00020725000649690628,0.000865459005581215,6.766495062038302e-05,0.0,0.0034547079994808882,0.1682153349102009,0.0017039999947883189,0.0,0.0,0.0,0.0,0.002583541121566668,0.0,0.0,0.0,0.019887124974047765,0,0,0,0,0,0,,48.41791699280397,89.00485088617664,48.41791699280397,40.58693389337268,40483,167608320,1790405400.5109708,runs/round-budget-20260926T064431Z/bank_s10001_T0/r3_runnerup.json,PASS
bank,10001,1,fresh,0,1,0.3741460829915013,0.38110512497951277,0.06879472732543945,0.44989991188049316,0.0019219999958295375,0.0014350000128615648,0.0,0.001732291013468057,0.0004445839731488377,0.0013538339990191162,7.133299368433654e-05,0.00484383397269994,0.0,0.2333513348712586,0.001701959001366049,0.0,0.09898816695204005,0.03338741909828968,0.0,0.0018733690958470106,0.0,0.0,0.0,0.059849378099897876,45166,0,0,0,0,45166,,35.75420516347235,71.03687468292551,35.75420516347235,35.28266951945316,79770,151535616,1790405406.214537,runs/round-budget-20260926T064431Z/bank_s10001_T1/r0_fresh.json,PASS
bank,10001,1,fresh,1,0,0.37081020799814723,0.3785201249993406,0.07189512252807617,0.45041513442993164,0.002017916995100677,0.0016963749949354678,0.0,0.0021149579843040556,0.0004203749995213002,0.0013872080016881227,7.308402564376593e-05,0.004967624990968034,0.0,0.23168849904322997,0.0015195829910226166,0.0,0.09710491195437498,0.033524627855513245,0.0,0.002004961163038388,0.0,0.0,0.0,0.05925908585777506,45166,0,0,0,0,45166,,35.75420516347235,71.03687468292551,35.75420516347235,35.28266951945316,79770,151781376,1790405407.587135,runs/round-budget-20260926T064431Z/bank_s10001_T1/r1_fresh.json,PASS
bank,10001,1,fresh,2,3,0.36956658301642165,0.3768374159990344,0.06737995147705078,0.4442174434661865,0.001930332975462079,0.0015787919983267784,0.0,0.0019090420100837946,0.00046470900997519493,0.0013197500084061176,6.820698035880923e-05,0.0047225410235114396,0.0,0.2319264149700757,0.0015548329974990338,0.0,0.09634529310278594,0.03318883103202097,0.0,0.0018286698905285448,0.0,0.0,0.0,0.058716872008517385,45166,0,0,0,0,45166,,35.75420516347235,71.03687468292551,35.75420516347235,35.28266951945316,79770,150994944,1790405410.888543,runs/round-budget-20260926T064431Z/bank_s10001_T1/r2_fresh.json,PASS
bank,10001,1,fresh,3,2,0.37107379201916046,0.37806458299746737,0.06818723678588867,0.44625186920166016,0.0019212079932913184,0.0015387919847853482,0.0,0.0017302499909419566,0.00042758299969136715,0.0013069160049781203,6.604200461879373e-05,0.004565000010188669,0.0,0.23244412400526926,0.0016201249964069575,0.0,0.09762158300145529,0.033069959143176675,0.0,0.0017530008626636118,0.0,0.0,0.0,0.05831529214628972,45166,0,0,0,0,45166,,35.75420516347235,71.03687468292551,35.75420516347235,35.28266951945316,79770,149110784,1790405412.3614342,runs/round-budget-20260926T064431Z/bank_s10001_T1/r3_fresh.json,PASS
bank,10001,1,none,0,2,0.3032875419885386,0.3157093749905471,0.06728291511535645,0.3829922676086426,0.0019080000056419522,0.0015174579748418182,0.005233875010162592,0.0018713329918682575,0.00041933299507945776,0.0014117499813437462,6.008404307067394e-05,0.0,0.003556375013431534,0.16424945689504966,0.0014814590103924274,0.0,0.09768954408355057,0.03349116601748392,3.416699473746121e-05,0.0027853739738930017,0.0,0.0,0.0,0.05868420805200003,45166,0,0,0,0,45166,0,35.75420516347235,71.03687468292551,35.75420516347235,35.28266951945316,79770,186056704,1790405406.6739368,runs/round-budget-20260926T064431Z/bank_s10001_T1/r0_none.json,PASS
bank,10001,1,none,1,1,0.3041597080009524,0.31673462499747984,0.06825971603393555,0.3849942684173584,0.0024720419896766543,0.0014642919995822012,0.005000750010367483,0.0018341250251978636,0.0004008340183645487,0.0013265410088934004,7.633294444531202e-05,0.0,0.0032355000148527324,0.16669687896501273,0.0014770840061828494,0.0,0.09735304105561227,0.03255624804296531,3.595798625610769e-05,0.0028049979300703853,0.0,0.0,0.0,0.05847658103448339,45166,0,0,0,0,45166,0,35.75420516347235,71.03687468292551,35.75420516347235,35.28266951945316,79770,187957248,1790405408.0452778,runs/round-budget-20260926T064431Z/bank_s10001_T1/r1_none.json,PASS
bank,10001,1,none,2,0,0.30315379198873416,0.3159154169843532,0.06990265846252441,0.3858180046081543,0.0020227500062901527,0.001564375008456409,0.005084916978375986,0.002244500006781891,0.00042837500222958624,0.0013471250131260604,6.958298035897315e-05,0.0,0.0031800830038264394,0.1651817930105608,0.0017290829855483025,0.0,0.09655520797241479,0.03337353892857209,5.358300404623151e-05,0.0030805030837655067,0.0,0.0,0.0,0.059113996947417036,45166,0,0,0,0,45166,0,35.75420516347235,71.03687468292551,35.75420516347235,35.28266951945316,79770,188366848,1790405409.4751868,runs/round-budget-20260926T064431Z/bank_s10001_T1/r2_none.json,PASS
bank,10001,1,none,3,3,0.3030710419989191,0.3148049580049701,0.06835198402404785,0.38315701484680176,0.0018588330131024122,0.0015429159975610673,0.0047915829927660525,0.001782250008545816,0.0004064159875269979,0.0012963329791091383,5.558502743951976e-05,0.0,0.003188415983458981,0.1646106689586304,0.001632750005228445,0.0,0.09700841587618925,0.033827705978183076,3.374999505467713e-05,0.002769335202174261,0.0,0.0,0.0,0.05894578999141231,45166,0,0,0,0,45166,0,35.75420516347235,71.03687468292551,35.75420516347235,35.28266951945316,79770,185860096,1790405412.818356,runs/round-budget-20260926T064431Z/bank_s10001_T1/r3_none.json,PASS
bank,10001,1,basic,0,3,0.4161466250079684,0.4290285409952048,0.07268691062927246,0.5017154216766357,0.002176332985982299,0.0018258749914821237,0.0051991659856867045,0.001873458008049056,0.0004031670105177909,0.0013371249951887876,6.679201032966375e-05,0.0,0.003366166987689212,0.16553450404899195,0.0015393340145237744,0.0005000399251002818,0.205801167874597,0.03567462106002495,4.474999150261283e-05,0.0036860411055386066,0.10861137791653164,0.11402679097955115,0.09667704100138508,0.0675468300760258,45166,45166,0,0,45166,90332,0,35.75420516347235,71.03687468292551,35.75420516347235,35.28266951945316,79770,191905792,1790405407.073457,runs/round-budget-20260926T064431Z/bank_s10001_T1/r0_basic.json,PASS
bank,10001,1,basic,1,2,0.4193889999878593,0.4318929580040276,0.0722801685333252,0.5041730403900146,0.0020699999877251685,0.0015447079786099494,0.004964209016179666,0.002138375013601035,0.00042170798406004906,0.0012989999959245324,6.595804006792605e-05,0.0,0.003444333007792011,0.1653970849874895,0.0016096250037662685,0.0005582929006777704,0.20862834004219621,0.035748209891607985,6.083300104364753e-05,0.003942281153285876,0.11123412800952792,0.1168520420033019,0.096824457985349,0.06765641894889995,45166,45166,0,0,45166,90332,0,35.75420516347235,71.03687468292551,35.75420516347235,35.28266951945316,79770,191889408,1790405408.446208,runs/round-budget-20260926T064431Z/bank_s10001_T1/r1_basic.json,PASS
bank,10001,1,basic,2,1,0.4156692499818746,0.42789120800443925,0.06809282302856445,0.4959840774536133,0.0018825829902198166,0.0014761670026928186,0.005286875006277114,0.0017637500131968409,0.0004107500135432929,0.0013427910162135959,5.904198042117059e-05,0.0,0.0032193330116569996,0.16529004092444666,0.0015772499900776893,0.0005329129344318062,0.20541279009194113,0.03583987907040864,4.6874978579580784e-05,0.0037501689803320915,0.10936566902091727,0.11485062501742505,0.09545329099637456,0.06667192000895739,45166,45166,0,0,45166,90332,0,35.75420516347235,71.03687468292551,35.75420516347235,35.28266951945316,79770,191053824,1790405409.8714938,runs/round-budget-20260926T064431Z/bank_s10001_T1/r2_basic.json,PASS
bank,10001,1,basic,3,0,0.41663687498657964,0.42864587501389906,0.06728506088256836,0.49593091011047363,0.0019200420065317303,0.001674833009019494,0.004832874983549118,0.001758416008669883,0.00042491700151003897,0.00132954100263305,6.837601540610194e-05,0.0,0.0032255409751087427,0.1633282061375212,0.0015551249962300062,0.0005110830825287849,0.20877279189880937,0.0353197060758248,3.9000005926936865e-05,0.003885421814629808,0.11061896101455204,0.11605312500614673,0.09760275000007823,0.06615478804451413,45166,45166,0,0,45166,90332,0,35.75420516347235,71.03687468292551,35.75420516347235,35.28266951945316,79770,190676992,1790405411.343578,runs/round-budget-20260926T064431Z/bank_s10001_T1/r3_basic.json,PASS
bank,10001,1,runnerup,0,0,0.418583958002273,0.43083800000022165,0.06771111488342285,0.498549222946167,0.0020672910031862557,0.001523457991424948,0.004741459008073434,0.0020773330179508775,0.00043170800199732184,0.001348582998616621,6.420997669920325e-05,0.0,0.003670667007099837,0.165784084063489,0.0015605000080540776,0.0011761740315705538,0.20736983191454783,0.035069788951659575,4.7542009269818664e-05,0.00390537001658231,0.11022154096281156,0.11639174999436364,0.09656191599788144,0.06619754096027464,45166,45166,0,0,45166,90332,0,35.75420516347235,71.03687468292551,35.75420516347235,35.28266951945316,79770,188973056,1790405405.703905,runs/round-budget-20260926T064431Z/bank_s10001_T1/r0_runnerup.json,PASS
bank,10001,1,runnerup,1,3,0.4199758339964319,0.43236229100148194,0.07082605361938477,0.5031883716583252,0.0019815830164588988,0.0015923750179354101,0.0048723340150900185,0.0020581669814419,0.00044829098624177277,0.001369249977869913,6.445701001212001e-05,0.0,0.0032550839823670685,0.1644188299542293,0.0015502090100198984,0.0012898349377792329,0.20896878809435293,0.0364667120447848,3.445797483436763e-05,0.003991917998064309,0.11136970893130638,0.11765529200783931,0.0970907500013709,0.06748192006489262,45166,45166,0,0,45166,90332,0,35.75420516347235,71.03687468292551,35.75420516347235,35.28266951945316,79770,192331776,1790405408.960791,runs/round-budget-20260926T064431Z/bank_s10001_T1/r1_runnerup.json,PASS
bank,10001,1,runnerup,2,2,0.41741875000298023,0.42973487501149066,0.06903076171875,0.4987657070159912,0.0020527910091914237,0.0014552499924320728,0.004967249988112599,0.0019558329950086772,0.00043829099740833044,0.0013831249962095171,6.358503014780581e-05,0.0,0.0031367919873446226,0.16490045897080563,0.0015065839979797602,0.0012229960993863642,0.20738708096905611,0.03546004096278921,3.766600275412202e-05,0.003767131012864411,0.1094880840391852,0.11563379201106727,0.09736308400169946,0.06627379293786362,45166,45166,0,0,45166,90332,0,35.75420516347235,71.03687468292551,35.75420516347235,35.28266951945316,79770,192528384,1790405410.379902,runs/round-budget-20260926T064431Z/bank_s10001_T1/r2_runnerup.json,PASS
bank,10001,1,runnerup,3,1,0.4176000000152271,0.42952175001846626,0.06923413276672363,0.49875593185424805,0.0019102500227745622,0.0015435420209541917,0.004777709022164345,0.0017920829996000975,0.000452458014478907,0.001376166008412838,6.95419148541987e-05,0.0,0.0031403340108226985,0.16614787699654698,0.0014731249830219895,0.0011787520197685808,0.20565770816756412,0.03618716695928015,3.1333009246736765e-05,0.003783703868975863,0.10895316500682384,0.11497658400912769,0.0961152910022065,0.06702699995366856,45166,45166,0,0,45166,90332,0,35.75420516347235,71.03687468292551,35.75420516347235,35.28266951945316,79770,188907520,1790405411.8522282,runs/round-budget-20260926T064431Z/bank_s10001_T1/r3_runnerup.json,PASS
bank,10001,2,fresh,0,0,0.499677249987144,0.508059834013693,0.0701601505279541,0.5782198905944824,0.0019998750067315996,0.001654124993365258,0.0,0.0020912920008413494,0.0006453329988289624,0.0019210000173188746,7.095900946296751e-05,0.004732833011075854,0.0,0.23255207799957134,0.001575292000779882,0.0,0.19173312696511857,0.06711929306038655,0.0,0.001964626950211823,0.0,0.0,0.0,0.09866237710230052,90332,0,0,0,0,90332,,34.48602631592609,68.90295351035648,34.48602631592609,34.41692719443039,119206,151060480,1790405418.42635,runs/round-budget-20260926T064431Z/bank_s10001_T2/r0_fresh.json,PASS
bank,10001,2,fresh,1,3,0.5002275000151712,0.5080191250017378,0.06946206092834473,0.5774812698364258,0.001960291003342718,0.0016537909978069365,0.0,0.0016105829854495823,0.0006820840062573552,0.0018215000163763762,6.337597733363509e-05,0.004738332994747907,0.0,0.2312243739143014,0.0014852910244371742,0.0,0.1928240839333739,0.06805507905664854,0.0,0.0019003390916623175,0.0,0.0,0.0,0.09857574506895617,90332,0,0,0,0,90332,,34.48602631592609,68.90295351035648,34.48602631592609,34.41692719443039,119206,149618688,1790405422.638016,runs/round-budget-20260926T064431Z/bank_s10001_T2/r1_fresh.json,PASS
bank,10001,2,fresh,2,2,0.5069056669890415,0.5149232919793576,0.06786298751831055,0.5827863216400146,0.0020300420001149178,0.0015654579910915345,0.0,0.0018082500027958304,0.0006549590034410357,0.001885374978883192,7.354101398959756e-05,0.004735416994662955,0.0,0.2393412940145936,0.001676624990068376,0.0,0.1923326280375477,0.06674783409107476,0.0,0.002071868861094117,0.0,0.0,0.0,0.09734383507748134,90332,0,0,0,0,90332,,34.48602631592609,68.90295351035648,34.48602631592609,34.41692719443039,119206,150913024,1790405424.5037189,runs/round-budget-20260926T064431Z/bank_s10001_T2/r2_fresh.json,PASS
bank,10001,2,fresh,3,1,0.4969731660094112,0.5046105000074022,0.06872200965881348,0.5733325481414795,0.0019048330141231418,0.0014809159911237657,0.0,0.0017173330124933273,0.0006325830181594938,0.0018320840026717633,6.95849594194442e-05,0.004573500016704202,0.0,0.22871920696343295,0.0014755000011064112,0.0,0.19248087098821998,0.06787799994344823,0.0,0.001846088096499443,0.0,0.0,0.0,0.09796070892480202,90332,0,0,0,0,90332,,34.48602631592609,68.90295351035648,34.48602631592609,34.41692719443039,119206,149569536,1790405426.2697449,runs/round-budget-20260926T064431Z/bank_s10001_T2/r3_fresh.json,PASS
bank,10001,2,none,0,1,0.4336948749842122,0.44807874999241903,0.07056188583374023,0.5186405181884766,0.0019937909964937717,0.001590500003658235,0.006225625023944303,0.001908917009131983,0.0006806250021327287,0.0019137919880449772,7.062498480081558e-05,0.0,0.003257750009652227,0.16610679094446823,0.0015322909748647362,0.0,0.19267266895622015,0.06686345892376266,9.704101830720901e-05,0.003164874156937003,0.0,0.0,0.0,0.09765029189293273,90332,0,0,0,0,90332,0,34.48602631592609,68.90295351035648,34.48602631592609,34.41692719443039,119206,191954944,1790405419.016196,runs/round-budget-20260926T064431Z/bank_s10001_T2/r0_none.json,PASS
bank,10001,2,none,1,0,0.43452025001170114,0.4489805419871118,0.07303190231323242,0.52201247215271,0.002006624999921769,0.0015469579957425594,0.006005416013067588,0.0022279169934336096,0.0006715420167893171,0.001920957991387695,8.087596506811678e-05,0.0,0.0031665840069763362,0.16634287789929658,0.0014939579996280372,0.0,0.1928469580016099,0.06734596198657528,0.00011158298002555966,0.0032123271375894547,0.0,0.0,0.0,0.09769950393820181,90332,0,0,0,0,90332,0,34.48602631592609,68.90295351035648,34.48602631592609,34.41692719443039,119206,191676416,1790405420.8281128,runs/round-budget-20260926T064431Z/bank_s10001_T2/r1_none.json,PASS
bank,10001,2,none,2,3,0.43596474998048507,0.4498768340272363,0.06741189956665039,0.5172886848449707,0.0019246250158175826,0.0015336250071413815,0.006125624990090728,0.00164508301531896,0.0006296249921433628,0.0019964590028394014,5.7042023399844766e-05,0.0,0.0032943749974947423,0.16603200300596654,0.0015675839968025684,0.0,0.19379124994156882,0.06806250294903293,0.0001236249809153378,0.00309341010870412,0.0,0.0,0.0,0.09855762892402709,90332,0,0,0,0,90332,0,34.48602631592609,68.90295351035648,34.48602631592609,34.41692719443039,119206,190906368,1790405425.096695,runs/round-budget-20260926T064431Z/bank_s10001_T2/r2_none.json,PASS
bank,10001,2,none,3,2,0.4318076250201557,0.44590566700208,0.06812524795532227,0.514030933380127,0.0019747499900404364,0.00155929199536331,0.005979833978926763,0.001967582997167483,0.0006610830023419112,0.0018907500198110938,6.474999827332795e-05,0.0,0.0033392089826520532,0.16551108710700646,0.001559249998535961,0.0,0.1907400409982074,0.06757295507122763,0.00014895800268277526,0.002936124859843403,0.0,0.0,0.0,0.09810045507038012,90332,0,0,0,0,90332,0,34.48602631592609,68.90295351035648,34.48602631592609,34.41692719443039,119206,192004096,1790405426.853285,runs/round-budget-20260926T064431Z/bank_s10001_T2/r3_none.json,PASS
bank,10001,2,basic,0,2,0.5444068329816218,0.5579830829810817,0.06749796867370605,0.625481128692627,0.0018271250010002404,0.0016322080045938492,0.005973791005089879,0.0016336670087184757,0.0006401249847840518,0.0018142909975722432,5.5042997701093554e-05,0.0,0.0031789579952601343,0.16427329086582176,0.0015837090031709522,0.0004890830314252526,0.301067044143565,0.06965791512629949,0.000124167010653764,0.004032665805425495,0.10860570904333144,0.11389312500250526,0.09689441698719747,0.1053994141111616,90332,45166,0,0,45166,135498,0,34.48602631592609,68.90295351035648,34.48602631592609,34.41692719443039,119206,194691072,1790405419.543526,runs/round-budget-20260926T064431Z/bank_s10001_T2/r0_basic.json,PASS
bank,10001,2,basic,1,1,0.5437305420055054,0.5574145000136923,0.07026815414428711,0.6276826858520508,0.0019217500230297446,0.001587250008014962,0.005958791996818036,0.0016513750015292317,0.0006620419735554606,0.001840209006331861,6.253999890759587e-05,0.0,0.0033250830019824207,0.16335600396269,0.0015019160055089742,0.0005434160120785236,0.30163857602747157,0.06917887096642517,0.00011791603174060583,0.00406875999760814,0.10953520503244363,0.1150300829904154,0.0966657499957364,0.10513728699879721,90332,45166,0,0,45166,135498,0,34.48602631592609,68.90295351035648,34.48602631592609,34.41692719443039,119206,196493312,1790405421.359472,runs/round-budget-20260926T064431Z/bank_s10001_T2/r1_basic.json,PASS
bank,10001,2,basic,2,0,0.5462168749945704,0.5601605419942643,0.06827902793884277,0.6284396648406982,0.001873542001703754,0.0015619999903719872,0.006219333008630201,0.001785959000699222,0.000632665993180126,0.0018157919985242188,5.43750065844506e-05,0.0,0.003169790987158194,0.16352874590666033,0.0015633750008419156,0.0005127480253577232,0.30363333216519095,0.06970995711162686,8.758300100453198e-05,0.004011342796729878,0.11020858297706582,0.11556079200818203,0.09778291700058617,0.10551137311267667,90332,45166,0,0,45166,135498,0,34.48602631592609,68.90295351035648,34.48602631592609,34.41692719443039,119206,194199552,1790405423.2254589,runs/round-budget-20260926T064431Z/bank_s10001_T2/r2_basic.json,PASS
bank,10001,2,basic,3,3,0.54784645800828,0.5619639580254443,0.06723594665527344,0.6291999816894531,0.002026541013037786,0.0015237079933285713,0.006055790989194065,0.0018444579909555614,0.0006929999799467623,0.0019034580036532134,7.05440470483154e-05,0.0,0.0032978749950416386,0.16635603789472952,0.0015121669857762754,0.0005311659188009799,0.30314283302868716,0.06898491512401961,0.0001035839959513396,0.0039178800652734935,0.10994416798348539,0.11553804102004506,0.09747108299052343,0.10522937308996916,90332,45166,0,0,45166,135498,0,34.48602631592609,68.90295351035648,34.48602631592609,34.41692719443039,119206,195592192,1790405427.378413,runs/round-budget-20260926T064431Z/bank_s10001_T2/r3_basic.json,PASS
bank,10001,2,runnerup,0,3,0.5480126669863239,0.5619545830122661,0.06727910041809082,0.6292335987091064,0.0018867500184569508,0.001542292011436075,0.006132875016191974,0.0016465410008095205,0.0006769579777028412,0.00199612500728108,6.037499406374991e-05,0.0,0.0032608750043436885,0.16380033298628405,0.0014890000165905803,0.00126208396977745,0.3038317048922181,0.07031353600905277,0.00011395799810998142,0.003941176109947264,0.11099366605048999,0.11743958300212398,0.09577320900280029,0.10669574307394214,90332,45166,0,0,45166,135498,0,34.48602631592609,68.90295351035648,34.48602631592609,34.41692719443039,119206,196444160,1790405420.1805482,runs/round-budget-20260926T064431Z/bank_s10001_T2/r0_runnerup.json,PASS
bank,10001,2,runnerup,1,2,0.5468964579922613,0.560935250017792,0.06730198860168457,0.628237247467041,0.0020384580129757524,0.0014966670132707804,0.00626237501273863,0.001615832996321842,0.0007182499975897372,0.0018288330174982548,7.837597513571382e-05,0.0,0.003461665997747332,0.16339325494482182,0.001656000007642433,0.0013461679918691516,0.30318462691502646,0.06966970409848727,0.00012741604587063193,0.004057621990796179,0.11097258405061439,0.11751862498931587,0.09645074998843484,0.10594782908447087,90332,45166,0,0,45166,135498,0,34.48602631592609,68.90295351035648,34.48602631592609,34.41692719443039,119206,196296704,1790405421.996135,runs/round-budget-20260926T064431Z/bank_s10001_T2/r1_runnerup.json,PASS
bank,10001,2,runnerup,2,1,0.5459287500125356,0.5595169169828296,0.06733107566833496,0.6268479824066162,0.0018372919876128435,0.0015010840143077075,0.0060827079869341105,0.0016767079941928387,0.0006201670039445162,0.001809416979085654,6.079100421629846e-05,0.0,0.003173624980263412,0.16557266892050393,0.0014895409985911101,0.0011883740371558815,0.30133608015603386,0.06911742000374943,8.704100036993623e-05,0.003963999915868044,0.10889666495495476,0.11481945801642723,0.0955519590061158,0.10493462899466977,90332,45166,0,0,45166,135498,0,34.48602631592609,68.90295351035648,34.48602631592609,34.41692719443039,119206,194248704,1790405423.864745,runs/round-budget-20260926T064431Z/bank_s10001_T2/r2_runnerup.json,PASS
bank,10001,2,runnerup,3,0,0.5492049169843085,0.562993750005262,0.06781291961669922,0.6308066844940186,0.001973125006770715,0.0015457080153282732,0.005972875020233914,0.0016724999877624214,0.0006567079981323332,0.0019066249951720238,6.129199755378067e-05,0.0,0.0032230830111075193,0.1648861679714173,0.0015370830078609288,0.001195918011944741,0.30387628710013814,0.07026208002935164,0.00010950001887977123,0.004114797833608463,0.11062883198610507,0.11678900002152659,0.09725512500153854,0.10659703801502474,90332,45166,0,0,45166,135498,0,34.48602631592609,68.90295351035648,34.48602631592609,34.41692719443039,119206,194723840,1790405425.626459,runs/round-budget-20260926T064431Z/bank_s10001_T2/r3_runnerup.json,PASS
bank,10002,0,fresh,0,1,0.23736762499902397,0.24345287500182167,0.06706905364990234,0.31052184104919434,0.0018838329997379333,0.0014939579996280372,0.0,0.001739625004120171,0.00017916600336320698,0.0007331249944400042,5.554300150834024e-05,0.004669416986871511,0.0,0.22959683497902006,0.0016104170063044876,0.0,0.0,0.0,0.0,0.0014909560268279165,0.0,0.0,0.0,0.019536292005795985,0,0,0,0,0,0,,48.44522268442373,93.40753405541834,48.44522268442373,44.9623113709946,40479,136249344,1790405431.9804,runs/round-budget-20260926T064431Z/bank_s10002_T0/r0_fresh.json,PASS
bank,10002,0,fresh,1,0,0.23800729101640172,0.24417879202519543,0.07057404518127441,0.31475281715393066,0.001984000002266839,0.001484459004132077,0.0,0.0017322500061709434,0.00018100001034326851,0.0007245840097311884,6.520797614939511e-05,0.004697957978351042,0.0,0.23026216696598567,0.001512582995928824,0.0,0.0,0.0,0.0,0.0015345830761361867,0.0,0.0,0.0,0.020076207991223782,0,0,0,0,0,0,,48.44522268442373,93.40753405541834,48.44522268442373,44.9623113709946,40479,134610944,1790405432.8472261,runs/round-budget-20260926T064431Z/bank_s10002_T0/r1_fresh.json,PASS
bank,10002,0,fresh,2,3,0.23638258298160508,0.24307412499911152,0.07279372215270996,0.31586790084838867,0.0019717499963007867,0.0015980000025592744,0.0,0.0021212499996181577,0.00017045799177139997,0.0007687500037718564,6.13340234849602e-05,0.004521374998148531,0.0,0.22870175194111653,0.0015235409955494106,0.0,0.0,0.0,0.0,0.0016359150467906147,0.0,0.0,0.0,0.019770415994571522,0,0,0,0,0,0,,48.44522268442373,93.40753405541834,48.44522268442373,44.9623113709946,40479,134971392,1790405434.8070269,runs/round-budget-20260926T064431Z/bank_s10002_T0/r2_fresh.json,PASS
bank,10002,0,fresh,3,2,0.23878262500511482,0.24558295897440985,0.06774187088012695,0.3133249282836914,0.0020437919883988798,0.0018345420248806477,0.0,0.001899249997222796,0.00018283299868926406,0.0007670829945709556,7.283396553248167e-05,0.004793917003553361,0.0,0.23070416797418147,0.0016088330012280494,0.0,0.0,0.0,0.0,0.0016757070261519402,0.0,0.0,0.0,0.019976373965619132,0,0,0,0,0,0,,48.44522268442373,93.40753405541834,48.44522268442373,44.9623113709946,40479,133971968,1790405435.6783218,runs/round-budget-20260926T064431Z/bank_s10002_T0/r3_fresh.json,PASS
bank,10002,0,none,0,2,0.1811272910272237,0.19184212500113063,0.06991410255432129,0.26175618171691895,0.0021777919901069254,0.001466665999032557,0.004216291999910027,0.0018652500002644956,0.00017741601914167404,0.0007410830003209412,7.033496513031423e-05,0.0,0.003141332999803126,0.17379612306831405,0.0015002079890109599,0.0,0.0,0.0,0.0,0.00268962697009556,0.0,0.0,0.0,0.01974008299293928,0,0,0,0,0,0,0,48.44522268442373,93.40753405541834,48.44522268442373,44.9623113709946,40479,157057024,1790405432.3036401,runs/round-budget-20260926T064431Z/bank_s10002_T0/r0_none.json,PASS
bank,10002,0,none,1,1,0.18062729100347497,0.19104962502024136,0.06789684295654297,0.25894641876220703,0.0019631660252343863,0.0016109170101117343,0.003947292017983273,0.001913707994390279,0.00018091697711497545,0.000743125012377277,6.320897955447435e-05,0.0,0.0032130829931702465,0.17320433401619084,0.001590458006830886,0.0,0.0,0.0,0.0,0.0026194159872829914,0.0,0.0,0.0,0.01968562399270013,0,0,0,0,0,0,0,48.44522268442373,93.40753405541834,48.44522268442373,44.9623113709946,40479,156762112,1790405433.169117,runs/round-budget-20260926T064431Z/bank_s10002_T0/r1_none.json,PASS
bank,10002,0,none,2,0,0.17963295898516662,0.18986395801766776,0.06824207305908203,0.258105993270874,0.0019295420206617564,0.0015914580144453794,0.003911167004844174,0.0017781250062398612,0.00018337502842769027,0.0007687920005992055,6.853995728306472e-05,0.0,0.0032907919958233833,0.17217370987054892,0.0015275829937309027,0.0,0.0,0.0,0.0,0.0026408741250634193,0.0,0.0,0.0,0.020506458007730544,0,0,0,0,0,0,0,48.44522268442373,93.40753405541834,48.44522268442373,44.9623113709946,40479,156172288,1790405433.985654,runs/round-budget-20260926T064431Z/bank_s10002_T0/r2_none.json,PASS
bank,10002,0,none,3,3,0.18266245801351033,0.19355100000393577,0.0679941177368164,0.26154518127441406,0.0024824580177664757,0.0016417500155512244,0.004022207984235138,0.0017382499936502427,0.00018320797244086862,0.0007536249759141356,6.704303086735308e-05,0.0,0.003182583022862673,0.1752994569542352,0.0015324999985750765,0.0,0.0,0.0,0.0,0.0026479180378373712,0.0,0.0,0.0,0.019793250015936792,0,0,0,0,0,0,0,48.44522268442373,93.40753405541834,48.44522268442373,44.9623113709946,40479,157728768,1790405436.001914,runs/round-budget-20260926T064431Z/bank_s10002_T0/r3_none.json,PASS
bank,10002,0,basic,0,3,0.18169829100952484,0.19185845801257528,0.06808757781982422,0.2599461078643799,0.001898791000712663,0.0015166660014074296,0.004000916000222787,0.0017697080038487911,0.00017949999892152846,0.0007301250007003546,6.446099723689258e-05,0.0,0.0032986250007525086,0.17438212697743438,0.0015167499950621277,0.0,0.0,0.0,0.0,0.002500789036275819,0.0,0.0,0.0,0.02034116699360311,0,0,0,0,0,0,,48.44522268442373,93.40753405541834,48.44522268442373,44.9623113709946,40479,156057600,1790405432.5742238,runs/round-budget-20260926T064431Z/bank_s10002_T0/r0_basic.json,PASS
bank,10002,0,basic,1,2,0.18233700000564568,0.19269662501756102,0.06929588317871094,0.2619924545288086,0.0019088750123046339,0.0014715830038767308,0.004173541005002335,0.0018374579958617687,0.0001827500236686319,0.000726041995221749,5.937597597949207e-05,0.0,0.0033167499932460487,0.1748852051096037,0.001530791021650657,0.0,0.0,0.0,0.0,0.0026042538811452687,0.0,0.0,0.0,0.019831875019008294,0,0,0,0,0,0,,48.44522268442373,93.40753405541834,48.44522268442373,44.9623113709946,40479,156385280,1790405433.4401548,runs/round-budget-20260926T064431Z/bank_s10002_T0/r1_basic.json,PASS
bank,10002,0,basic,2,1,0.18172179101384245,0.19232941599329934,0.06876015663146973,0.261089563369751,0.0020380830101203173,0.001481500017689541,0.004157832998316735,0.0018360410176683217,0.00020020900410600007,0.0008181659795809537,7.579295197501779e-05,0.0,0.0033010829938575625,0.1743805360456463,0.001555625000037253,0.0,0.0,0.0,0.0,0.002484546974301338,0.0,0.0,0.0,0.019580499007133767,0,0,0,0,0,0,,48.44522268442373,93.40753405541834,48.44522268442373,44.9623113709946,40479,158236672,1790405434.255093,runs/round-budget-20260926T064431Z/bank_s10002_T0/r2_basic.json,PASS
bank,10002,0,basic,3,0,0.18248062499333173,0.19288645798224024,0.06957817077636719,0.2624645233154297,0.001923375006299466,0.0016164170228876173,0.003927957994164899,0.0018282080127391964,0.00021429199841804802,0.0008210410014726222,7.454195292666554e-05,0.0,0.00350474999868311,0.17488286984735169,0.001496333017712459,0.0,0.0,0.0,0.0,0.0025966721295844764,0.0,0.0,0.0,0.02103162504499778,0,0,0,0,0,0,,48.44522268442373,93.40753405541834,48.44522268442373,44.9623113709946,40479,159596544,1790405435.130717,runs/round-budget-20260926T064431Z/bank_s10002_T0/r3_basic.json,PASS
bank,10002,0,runnerup,0,0,0.1781682079890743,0.18850916597875766,0.06744503974914551,0.2559542655944824,0.0019320829887874424,0.0014788749977014959,0.003920332994312048,0.0020030830055475235,0.00017708400264382362,0.0007682499999646097,6.125000072643161e-05,0.0,0.003178833023412153,0.1709213300200645,0.00162991599063389,0.0,0.0,0.0,0.0,0.0024381289549637586,0.0,0.0,0.0,0.01949324898305349,0,0,0,0,0,0,,48.44522268442373,93.40753405541834,48.44522268442373,44.9623113709946,40479,156205056,1790405431.713793,runs/round-budget-20260926T064431Z/bank_s10002_T0/r0_runnerup.json,PASS
bank,10002,0,runnerup,1,3,0.18215300000156276,0.19271654202020727,0.07022380828857422,0.2629404067993164,0.0019757080008275807,0.001543457998195663,0.003931624989490956,0.002079208003124222,0.00018691699369810522,0.0007831670227460563,6.345901056192815e-05,0.0,0.003290166991064325,0.174539124884177,0.0014816250186413527,0.0,0.0,0.0,0.0,0.0028420831076800823,0.0,0.0,0.0,0.020239583041984588,0,0,0,0,0,0,,48.44522268442373,93.40753405541834,48.44522268442373,44.9623113709946,40479,157138944,1790405433.713713,runs/round-budget-20260926T064431Z/bank_s10002_T0/r1_runnerup.json,PASS
bank,10002,0,runnerup,2,2,0.18248237497755326,0.19324024999514222,0.07039189338684082,0.26363205909729004,0.00211912501254119,0.0014769589761272073,0.004045416018925607,0.001974625018192455,0.00020400001085363328,0.0008736249874345958,6.412499351426959e-05,0.0,0.003219832986360416,0.1751587059989106,0.0015132919943425804,0.0,0.0,0.0,0.0,0.002590543997939676,0.0,0.0,0.0,0.019381457997951657,0,0,0,0,0,0,,48.44522268442373,93.40753405541834,48.44522268442373,44.9623113709946,40479,158220288,1790405434.528946,runs/round-budget-20260926T064431Z/bank_s10002_T0/r2_runnerup.json,PASS
bank,10002,0,runnerup,3,1,0.18125595897436142,0.192415625002468,0.07073688507080078,0.2631525993347168,0.0020341670024208724,0.0016822500037960708,0.004317541985074058,0.0020922500116284937,0.00018479200662113726,0.0007906660030130297,5.799901555292308e-05,0.0,0.0034776669926941395,0.173724251013482,0.0014809170097578317,0.0,0.0,0.0,0.0,0.002573123958427459,0.0,0.0,0.0,0.019696792034665123,0,0,0,0,0,0,,48.44522268442373,93.40753405541834,48.44522268442373,44.9623113709946,40479,158121984,1790405435.406395,runs/round-budget-20260926T064431Z/bank_s10002_T0/r3_runnerup.json,PASS
bank,10002,1,fresh,0,0,0.37104037500103004,0.378013582987478,0.06906700134277344,0.4470806121826172,0.001894166984129697,0.0014549159968737513,0.0,0.0018426250026095659,0.0004066250112373382,0.0013174159976188093,5.745899397879839e-05,0.004605832975357771,0.0,0.23333258606726304,0.001476457982789725,0.0,0.0956135020533111,0.03428658199845813,0.0,0.001725413923850283,0.0,0.0,0.0,0.0596465409907978,45166,0,0,0,0,45166,,33.786467875102346,67.45872024659634,33.786467875102346,33.67225237149399,80015,149635072,1790405440.8642309,runs/round-budget-20260926T064431Z/bank_s10002_T1/r0_fresh.json,PASS
bank,10002,1,fresh,1,3,0.37356624999665655,0.38090866699349135,0.07146120071411133,0.45236992835998535,0.0020514579955488443,0.0015372080088127404,0.0,0.0019990830041933805,0.0004038750194013119,0.0012875829997938126,6.320996908470988e-05,0.004639208986191079,0.0,0.2302227929176297,0.0016358749999199063,0.0,0.09940066610579379,0.03582362600718625,0.0,0.0018440809799358249,0.0,0.0,0.0,0.06224662598106079,45166,0,0,0,0,45166,,33.786467875102346,67.45872024659634,33.786467875102346,33.67225237149399,80015,151224320,1790405444.212696,runs/round-budget-20260926T064431Z/bank_s10002_T1/r1_fresh.json,PASS
bank,10002,1,fresh,2,2,0.3681886660051532,0.3759233750170097,0.07094478607177734,0.4468681812286377,0.0019994580070488155,0.0016871670086402446,0.0,0.002217916975496337,0.00041237499681301415,0.0013480419875122607,6.97500363457948e-05,0.004799666989129037,0.0,0.23037395789287984,0.0015800420078448951,0.0,0.09526095597539097,0.03428442100994289,0.0,0.0018896221299655735,0.0,0.0,0.0,0.05972729597124271,45166,0,0,0,0,45166,,33.786467875102346,67.45872024659634,33.786467875102346,33.67225237149399,80015,150503424,1790405445.7233338,runs/round-budget-20260926T064431Z/bank_s10002_T1/r2_fresh.json,PASS
bank,10002,1,fresh,3,1,0.37324050001916476,0.3803070409921929,0.06796789169311523,0.4482748508453369,0.0019609580049291253,0.0016001250187400728,0.0,0.0017386670224368572,0.0004245420277584344,0.0012840839917771518,5.8164907386526465e-05,0.004635542019968852,0.0,0.23248416997375898,0.001724041998386383,0.0,0.0972292109800037,0.03534729004604742,0.0,0.0018202450009994209,0.0,0.0,0.0,0.060725624061888084,45166,0,0,0,0,45166,,33.786467875102346,67.45872024659634,33.786467875102346,33.67225237149399,80015,151322624,1790405447.102367,runs/round-budget-20260926T064431Z/bank_s10002_T1/r3_fresh.json,PASS
bank,10002,1,none,0,1,0.3114133339840919,0.3232493340037763,0.06772589683532715,0.3909752368927002,0.001965333998668939,0.0014765420055482537,0.004727291001472622,0.0019742909935303032,0.0004044579982291907,0.001229624991538003,5.8459030697122216e-05,0.0,0.0031061670160852373,0.17355208104709163,0.001556417002575472,0.0,0.09615024900995195,0.03426179298548959,3.462500171735883e-05,0.0027520019211806357,0.0,0.0,0.0,0.059693834016798064,45166,0,0,0,0,45166,0,33.786467875102346,67.45872024659634,33.786467875102346,33.67225237149399,80015,177799168,1790405441.320359,runs/round-budget-20260926T064431Z/bank_s10002_T1/r0_none.json,PASS
bank,10002,1,none,1,0,0.3104240420216229,0.3234184579923749,0.07244682312011719,0.39586520195007324,0.002140875003533438,0.001548790984088555,0.005210292001720518,0.0022598750074394047,0.00039929201011545956,0.0013577079807873815,7.758298306725919e-05,0.0,0.0033989580115303397,0.1729126260324847,0.001494500000262633,0.0,0.09570712601998821,0.03391520804143511,3.100000321865082e-05,0.002964623912703246,0.0,0.0,0.0,0.06059737506438978,45166,0,0,0,0,45166,0,33.786467875102346,67.45872024659634,33.786467875102346,33.67225237149399,80015,176734208,1790405442.7620559,runs/round-budget-20260926T064431Z/bank_s10002_T1/r1_none.json,PASS
bank,10002,1,none,2,3,0.3137188749969937,0.3265139580180403,0.06768918037414551,0.39420318603515625,0.0019834999984595925,0.0016455419827252626,0.005278374999761581,0.0020832919981330633,0.00040616700425744057,0.0013312500086613,6.695702904835343e-05,0.0,0.003396042011445388,0.17548825102858245,0.001501416991231963,0.0,0.09643937594955787,0.03408562490949407,6.33329909760505e-05,0.0027448311157058924,0.0,0.0,0.0,0.05976629187352955,45166,0,0,0,0,45166,0,33.786467875102346,67.45872024659634,33.786467875102346,33.67225237149399,80015,178913280,1790405446.1777852,runs/round-budget-20260926T064431Z/bank_s10002_T1/r2_none.json,PASS
bank,10002,1,none,3,2,0.31023791601182893,0.3221553750045132,0.06737613677978516,0.38953161239624023,0.001900999981444329,0.0015930829977151006,0.0048965419991873205,0.0017861659871414304,0.0004320419975556433,0.001254583999980241,5.404202966019511e-05,0.0,0.0032582499843556434,0.17193720801151358,0.0015207499964162707,0.0,0.09639141586376354,0.034194665000541136,3.7959020119160414e-05,0.002897668135119602,0.0,0.0,0.0,0.05964183298056014,45166,0,0,0,0,45166,0,33.786467875102346,67.45872024659634,33.786467875102346,33.67225237149399,80015,177438720,1790405447.5603662,runs/round-budget-20260926T064431Z/bank_s10002_T1/r3_none.json,PASS
bank,10002,1,basic,0,2,0.42427937500178814,0.4363440409942996,0.06720685958862305,0.5035510063171387,0.0019121250079479069,0.001502165978308767,0.004826792021049187,0.0018722499953582883,0.00041779197636060417,0.0014709590177517384,6.258199573494494e-05,0.0,0.0031049590033944696,0.17241975391516462,0.0014983750006649643,0.0005029169551562518,0.20627700208569877,0.036840796092292294,3.079199814237654e-05,0.003604779951274395,0.10909962590085343,0.11467829201137647,0.09643770899856463,0.06780433814856224,45166,45166,0,0,45166,90332,0,33.786467875102346,67.45872024659634,33.786467875102346,33.67225237149399,80015,181239808,1790405441.721953,runs/round-budget-20260926T064431Z/bank_s10002_T1/r0_basic.json,PASS
bank,10002,1,basic,1,1,0.42783666600007564,0.44074400002136827,0.0688621997833252,0.509606122970581,0.0021357090154197067,0.0017344160005450249,0.005347375001292676,0.0019207499863114208,0.0004239999980200082,0.0012824159930460155,6.266802665777504e-05,0.0,0.0036987079947721213,0.17309958586702123,0.0014693749835714698,0.0005317499453667551,0.20825545911793597,0.03697866798029281,5.295799928717315e-05,0.0037501621118281037,0.11051687496365048,0.11624791700160131,0.09699379201629199,0.0684270839265082,45166,45166,0,0,45166,90332,0,33.786467875102346,67.45872024659634,33.786467875102346,33.67225237149399,80015,183074816,1790405443.166425,runs/round-budget-20260926T064431Z/bank_s10002_T1/r1_basic.json,PASS
bank,10002,1,basic,2,0,0.42935241700615734,0.44130641702213325,0.07149124145507812,0.5127975940704346,0.001958250009920448,0.0016015000001061708,0.004791167011717334,0.0017709169769659638,0.00042837500222958624,0.0013314580137375742,7.233300129882991e-05,0.0,0.003333000000566244,0.17443533896584995,0.0015132080006878823,0.0005372500163502991,0.20868720798171125,0.036646206077421084,3.2957992516458035e-05,0.0041672479710541666,0.11117058296804316,0.116998292010976,0.09677633398678154,0.06975328814587556,45166,45166,0,0,45166,90332,0,33.786467875102346,67.45872024659634,33.786467875102346,33.67225237149399,80015,183631872,1790405444.6779652,runs/round-budget-20260926T064431Z/bank_s10002_T1/r2_basic.json,PASS
bank,10002,1,basic,3,3,0.4287345409975387,0.4408210830006283,0.06887102127075195,0.5096921920776367,0.0019635419885162264,0.0015269589785020798,0.004818290995899588,0.0020082500122953206,0.0004056670004501939,0.0013012500130571425,6.258301436901093e-05,0.0,0.003220333979697898,0.17431082809343934,0.001556375005748123,0.0005261249898467213,0.2080610030097887,0.037240497913444415,4.687500768341124e-05,0.003772502997890115,0.11013541597640142,0.11587020798469894,0.09719058300834149,0.06837899787933566,45166,45166,0,0,45166,90332,0,33.786467875102346,67.45872024659634,33.786467875102346,33.67225237149399,80015,179519488,1790405447.963121,runs/round-budget-20260926T064431Z/bank_s10002_T1/r3_basic.json,PASS
bank,10002,1,runnerup,0,3,0.42822545900708064,0.44028733400045894,0.06745004653930664,0.507737398147583,0.0019887499802280217,0.0014907919976394624,0.004871750017628074,0.0019139159994665533,0.0004157500225119293,0.0013119170034769922,6.899997242726386e-05,0.0,0.003284417005488649,0.1748246229835786,0.0014929170138202608,0.0012047909840475768,0.20622792190988548,0.03729200197267346,3.529200330376625e-05,0.003863495134282857,0.11038041999563575,0.11687466598232277,0.09504737501265481,0.06847879392444156,45166,45166,0,0,45166,90332,0,33.786467875102346,67.45872024659634,33.786467875102346,33.67225237149399,80015,181075968,1790405442.237464,runs/round-budget-20260926T064431Z/bank_s10002_T1/r0_runnerup.json,PASS
bank,10002,1,runnerup,1,2,0.42916929101920687,0.44165520899696276,0.06897616386413574,0.5106313228607178,0.0020420000073499978,0.0015862080035731196,0.004945166991092265,0.0020964170107617974,0.0004099580110050738,0.0013368329964578152,6.933495751582086e-05,0.0,0.0032822919893078506,0.17343324594548903,0.0015329589950852096,0.0012044159229844809,0.20897016703383997,0.036942169070243835,3.433300298638642e-05,0.003769709059270099,0.11038437596289441,0.11671312499674968,0.09792720800032839,0.06833483706577681,45166,45166,0,0,45166,90332,0,33.786467875102346,67.45872024659634,33.786467875102346,33.67225237149399,80015,181616640,1790405443.687621,runs/round-budget-20260926T064431Z/bank_s10002_T1/r1_runnerup.json,PASS
bank,10002,1,runnerup,2,1,0.4294957499951124,0.4419010829878971,0.06726694107055664,0.5091679096221924,0.001959999994141981,0.0015330000023823231,0.005198958999244496,0.0018392080091871321,0.000441625015810132,0.001368625002214685,6.391596980392933e-05,0.0,0.0035084170231129974,0.173625083087245,0.001497458986705169,0.0012541671167127788,0.2082461230456829,0.03730145894223824,5.945898010395467e-05,0.004003582813311368,0.10999954206636176,0.11658775000250898,0.09754899999825284,0.06801350091700442,45166,45166,0,0,45166,90332,0,33.786467875102346,67.45872024659634,33.786467875102346,33.67225237149399,80015,183123968,1790405445.198713,runs/round-budget-20260926T064431Z/bank_s10002_T1/r2_runnerup.json,PASS
bank,10002,1,runnerup,3,0,0.4274900419986807,0.43971979201887734,0.06711030006408691,0.5068299770355225,0.0019449999963399023,0.001493791991379112,0.005072750005638227,0.0018547080107964575,0.00043899999582208693,0.00136749999364838,5.70000265724957e-05,0.0,0.0035206250031478703,0.17384066706290469,0.0015344580169767141,0.001243292004801333,0.20638891696580686,0.03697629406815395,4.791698302142322e-05,0.00393787189386785,0.10950958105968311,0.11609320802381262,0.09603070802404545,0.06859700108179823,45166,45166,0,0,45166,90332,0,33.786467875102346,67.45872024659634,33.786467875102346,33.67225237149399,80015,181583872,1790405446.5830321,runs/round-budget-20260926T064431Z/bank_s10002_T1/r3_runnerup.json,PASS
bank,10002,2,fresh,0,3,0.5033658750180621,0.5115759169857483,0.07021594047546387,0.581791877746582,0.001995458995224908,0.0016999169893097132,0.0,0.001943624985869974,0.0006520000169984996,0.0018580839969217777,6.095698336139321e-05,0.004834749997826293,0.0,0.23285304501769133,0.0014844580146018416,0.0,0.19282645598286763,0.06935808397247456,0.0,0.0020090820326004177,0.0,0.0,0.0,0.10030216802260838,90332,0,0,0,0,90332,,32.43441971950114,64.86164634479958,32.43441971950114,32.42722662529843,119737,150732800,1790405455.564736,runs/round-budget-20260926T064431Z/bank_s10002_T2/r0_fresh.json,PASS
bank,10002,2,fresh,1,2,0.5088502499856986,0.516576541995164,0.06775999069213867,0.584336519241333,0.0018947090138681233,0.0014812499866820872,0.0,0.0018027909973170608,0.0006632499862462282,0.0018176249868702143,6.666703848168254e-05,0.004674083000281826,0.0,0.23714637500233948,0.0015955420094542205,0.0,0.19373179698595777,0.06948641294729896,0.0,0.0022160400403663516,0.0,0.0,0.0,0.1002771630010102,90332,0,0,0,0,90332,,32.43441971950114,64.86164634479958,32.43441971950114,32.42722662529843,119737,152092672,1790405457.457249,runs/round-budget-20260926T064431Z/bank_s10002_T2/r1_fresh.json,PASS
bank,10002,2,fresh,2,1,0.5033170829992741,0.5112714159768075,0.0681450366973877,0.5794165134429932,0.0020217499986756593,0.0015618749894201756,0.0,0.0017324170039501041,0.0006346669979393482,0.0019389170047361404,6.47069828119129e-05,0.004739916999824345,0.0,0.23002100104349665,0.0015513749967794865,0.0,0.1936933350225445,0.07142058096360415,0.0,0.001890873973025009,0.0,0.0,0.0,0.10175270799663849,90332,0,0,0,0,90332,,32.43441971950114,64.86164634479958,32.43441971950114,32.42722662529843,119737,149143552,1790405459.236845,runs/round-budget-20260926T064431Z/bank_s10002_T2/r2_fresh.json,PASS
bank,10002,2,fresh,3,0,0.49896054100827314,0.5067502089950722,0.06870675086975098,0.5754568576812744,0.001930667000124231,0.0015825410082470626,0.0,0.001748207985656336,0.0006352080090437084,0.0018340419919695705,5.900199175812304e-05,0.004559833003440872,0.0,0.22981404105667025,0.0014799579803366214,0.0,0.1920727928809356,0.06915333206416108,0.0,0.0018805840227287263,0.0,0.0,0.0,0.09917816505185328,90332,0,0,0,0,90332,,32.43441971950114,64.86164634479958,32.43441971950114,32.42722662529843,119737,150339584,1790405461.011026,runs/round-budget-20260926T064431Z/bank_s10002_T2/r3_fresh.json,PASS
bank,10002,2,none,0,0,0.4434710830100812,0.4581161250243895,0.07101202011108398,0.5291280746459961,0.0020201660227030516,0.001662166992900893,0.006312125013209879,0.0020594999950844795,0.000627249974058941,0.001899625000078231,6.420901627279818e-05,0.0,0.0033718339982442558,0.17473825282650068,0.0015207500255201012,0.0,0.1922632900532335,0.068446207937086,0.00012604199582710862,0.003004706173669547,0.0,0.0,0.0,0.09918745799222961,90332,0,0,0,0,90332,0,32.43441971950114,64.86164634479958,32.43441971950114,32.42722662529843,119737,182730752,1790405453.718405,runs/round-budget-20260926T064431Z/bank_s10002_T2/r0_none.json,PASS
bank,10002,2,none,1,3,0.43901279201963916,0.45310799998696893,0.06945419311523438,0.5225622653961182,0.001995082973735407,0.0014352919824887067,0.006279875000473112,0.0017476250068284571,0.0006354170036502182,0.0019402499892748892,6.166601087898016e-05,0.0,0.0031788749911356717,0.1723868320696056,0.0015212919970508665,0.0,0.19040183498873375,0.0686634179437533,8.404100663028657e-05,0.002776499022729695,0.0,0.0,0.0,0.09874262593802996,90332,0,0,0,0,90332,0,32.43441971950114,64.86164634479958,32.43441971950114,32.42722662529843,119737,180518912,1790405458.053774,runs/round-budget-20260926T064431Z/bank_s10002_T2/r1_none.json,PASS
bank,10002,2,none,2,2,0.4393062079907395,0.45323383298818953,0.07020187377929688,0.5234355926513672,0.0019357499841134995,0.001458709011785686,0.006040084001142532,0.0018465830071363598,0.0006419169949367642,0.0019454589928500354,5.912300548516214e-05,0.0,0.003274665999924764,0.17239320708904415,0.0014875410124659538,0.0,0.1902152540278621,0.06905883303261362,8.979099220596254e-05,0.0027869158366229385,0.0,0.0,0.0,0.09942204106482677,90332,0,0,0,0,90332,0,32.43441971950114,64.86164634479958,32.43441971950114,32.42722662529843,119737,180355072,1790405459.828948,runs/round-budget-20260926T064431Z/bank_s10002_T2/r2_none.json,PASS
bank,10002,2,none,3,1,0.4445176250010263,0.45856949998415075,0.06934618949890137,0.5279157161712646,0.0019467499805614352,0.0015514590195380151,0.006205375015269965,0.001668249984504655,0.0006860829889774323,0.0019188330043107271,7.512498996220529e-05,0.0,0.003270791989052668,0.1726138719532173,0.0014709579991176724,0.0,0.19396183101343922,0.07009025086881593,0.00010062498040497303,0.0030092961969785392,0.0,0.0,0.0,0.10038687486667186,90332,0,0,0,0,90332,0,32.43441971950114,64.86164634479958,32.43441971950114,32.42722662529843,119737,180830208,1790405461.5978382,runs/round-budget-20260926T064431Z/bank_s10002_T2/r3_none.json,PASS
bank,10002,2,basic,0,1,0.5582698749785777,0.572003457986284,0.06747913360595703,0.6394824981689453,0.0019296249956823885,0.0014537500101141632,0.006131375004770234,0.0017027499852702022,0.0006456669943872839,0.0018002500000875443,7.016601739451289e-05,0.0,0.0034016669960692525,0.1732357929868158,0.0014856669877190143,0.0005515409866347909,0.30399770897929557,0.07134925702121109,0.0001366669894196093,0.0041115740314126015,0.11053266702219844,0.1165427080122754,0.09673045898671262,0.10721246700268239,90332,45166,0,0,45166,135498,0,32.43441971950114,64.86164634479958,32.43441971950114,32.42722662529843,119737,187023360,1790405454.256205,runs/round-budget-20260926T064431Z/bank_s10002_T2/r0_basic.json,PASS
bank,10002,2,basic,1,0,0.5549905000079889,0.569019999995362,0.07049012184143066,0.6395101547241211,0.0019683339924085885,0.0016047089884523302,0.006046750000678003,0.0017805840179789811,0.0006557909946423024,0.0019152919994667172,5.8039993746206164e-05,0.0,0.0032990420004352927,0.17371074794209562,0.00162191700655967,0.0005247499502729625,0.3007063750701491,0.07110691696288995,0.00012583399075083435,0.0038949170848354697,0.10876249993452802,0.11446345801232383,0.0963997500075493,0.10717662502429448,90332,45166,0,0,45166,135498,0,32.43441971950114,64.86164634479958,32.43441971950114,32.42722662529843,119737,187187200,1790405456.157944,runs/round-budget-20260926T064431Z/bank_s10002_T2/r1_basic.json,PASS
bank,10002,2,basic,2,3,0.5540182089898735,0.5683305830170866,0.06831693649291992,0.6366474628448486,0.001960666006198153,0.001485500019043684,0.006444750004447997,0.0018254169845022261,0.0006299160013440996,0.0019073750008828938,5.875001079402864e-05,0.0,0.0033258750045206398,0.17326308289193548,0.0015751669998280704,0.0004975839692633599,0.3004665838670917,0.07094037104980089,9.908297215588391e-05,0.0038504622352775186,0.10845033402438276,0.11402483301935717,0.09586408402537927,0.10742132904124446,90332,45166,0,0,45166,135498,0,32.43441971950114,64.86164634479958,32.43441971950114,32.42722662529843,119737,183681024,1790405460.3623629,runs/round-budget-20260926T064431Z/bank_s10002_T2/r2_basic.json,PASS
bank,10002,2,basic,3,2,0.5596175829996355,0.5738537080178503,0.06999015808105469,0.6438438892364502,0.002039042010437697,0.001564708014484495,0.006440166005631909,0.001681708003161475,0.0006433750095311552,0.0018005830061156303,6.654296885244548e-05,0.0,0.003359958005603403,0.1738769989751745,0.0014974999940022826,0.0005152919329702854,0.30426979379262775,0.07182116506737657,0.0001164170098491013,0.004160458222031593,0.11038037596154027,0.11611504200845957,0.09647904199664481,0.1081380000396166,90332,45166,0,0,45166,135498,0,32.43441971950114,64.86164634479958,32.43441971950114,32.42722662529843,119737,185729024,1790405462.138755,runs/round-budget-20260926T064431Z/bank_s10002_T2/r3_basic.json,PASS
bank,10002,2,runnerup,0,2,0.5585785000002943,0.5725391670130193,0.06854772567749023,0.6410868167877197,0.001895167020848021,0.001465875015128404,0.006123458995716646,0.0017711670079734176,0.0006988340173847973,0.0019468330137897283,5.933194188401103e-05,0.0,0.0032270420051645488,0.17399870898225345,0.0015144589997362345,0.001200207887450233,0.3036053279065527,0.0709109629096929,0.00010187498992308974,0.004019916319521144,0.11100166794494726,0.11739241701434366,0.09682804098702036,0.10737146390601993,90332,45166,0,0,45166,135498,0,32.43441971950114,64.86164634479958,32.43441971950114,32.42722662529843,119737,185319424,1790405454.90883,runs/round-budget-20260926T064431Z/bank_s10002_T2/r0_runnerup.json,PASS
bank,10002,2,runnerup,1,1,0.5563520840078127,0.5702195830235723,0.06752991676330566,0.637749433517456,0.0019371250236872584,0.0014928749878890812,0.006174583017127588,0.0017384170205332339,0.0006455419934354722,0.0018195409793406725,5.941599374637008e-05,0.0,0.0032281660242006183,0.17356996113085188,0.00155537502723746,0.0011739589681383222,0.30091946115135215,0.07196341903181747,0.00010445798397995532,0.00383728469023481,0.10891662401263602,0.11518762502237223,0.09531062500900589,0.10767054511234164,90332,45166,0,0,45166,135498,0,32.43441971950114,64.86164634479958,32.43441971950114,32.42722662529843,119737,185729024,1790405456.8069649,runs/round-budget-20260926T064431Z/bank_s10002_T2/r1_runnerup.json,PASS
bank,10002,2,runnerup,2,0,0.5581284580111969,0.5721797090081964,0.06689715385437012,0.6390769481658936,0.001965125004062429,0.001584291981998831,0.006035500002326444,0.001851457986049354,0.0007129999867174774,0.0018298329960089177,7.204303983598948e-05,0.0,0.0031864590127952397,0.17577220816747285,0.0015151250117924064,0.001157042948761955,0.3004134989751037,0.07199437569943257,9.762498666532338e-05,0.00399212320917286,0.10876037605339661,0.11499712499789894,0.0952487500035204,0.10927479271776974,90332,45166,0,0,45166,135498,0,32.43441971950114,64.86164634479958,32.43441971950114,32.42722662529843,119737,184500224,1790405458.585284,runs/round-budget-20260926T064431Z/bank_s10002_T2/r2_runnerup.json,PASS
bank,10002,2,runnerup,3,3,0.5597783339908347,0.5736231250048149,0.07045984268188477,0.6440830230712891,0.00193145900266245,0.0016050420235842466,0.005969665973680094,0.0018610830011311918,0.000651500013191253,0.0017654589901212603,6.0582009609788656e-05,0.0,0.0033309170103166252,0.17371887399349362,0.0015877080149948597,0.0011726660013664514,0.30394799896748737,0.07182088104309514,0.00013400003081187606,0.004065288929268718,0.10958370901062153,0.11591141700046137,0.09747587499441579,0.10896946405409835,90332,45166,0,0,45166,135498,0,32.43441971950114,64.86164634479958,32.43441971950114,32.42722662529843,119737,184745984,1790405462.7942588,runs/round-budget-20260926T064431Z/bank_s10002_T2/r3_runnerup.json,PASS
bank,10003,0,fresh,0,0,0.24135424999985844,0.24827404198003933,0.0744481086730957,0.3227221965789795,0.0019175419874954969,0.0018869589839596301,0.0,0.0020317919843364507,0.00018708399147726595,0.0008230000094044954,7.341502350755036e-05,0.004786457982845604,0.0,0.23329504008870572,0.0014628340140916407,0.0,0.0,0.0,0.0,0.0018099179142154753,0.0,0.0,0.0,0.020660542009864002,0,0,0,0,0,0,,48.42925495457596,91.87507456173574,48.42925495457596,43.44581960715978,40479,136806400,1790405467.181175,runs/round-budget-20260926T064431Z/bank_s10003_T0/r0_fresh.json,PASS
bank,10003,0,fresh,1,3,0.24746554100420326,0.2543542920029722,0.07636594772338867,0.3307201862335205,0.001869166997494176,0.0014989589981269091,0.0,0.0024488339840900153,0.0001848749816417694,0.0008239590097218752,6.295702769421041e-05,0.004554665996693075,0.0,0.23925695798243396,0.0015380839759018272,0.0,0.0,0.0,0.0,0.002115833049174398,0.0,0.0,0.0,0.020337375957751647,0,0,0,0,0,0,,48.42925495457596,91.87507456173574,48.42925495457596,43.44581960715978,40479,135987200,1790405469.1650329,runs/round-budget-20260926T064431Z/bank_s10003_T0/r1_fresh.json,PASS
bank,10003,0,fresh,2,2,0.23790312497294508,0.24449808298959397,0.06720614433288574,0.311704158782959,0.002154999994672835,0.0016297500114887953,0.0,0.001823832979425788,0.00017783400835469365,0.0007438749889843166,6.466603372246027e-05,0.004715458024293184,0.0,0.230188748013461,0.0014281249896157533,0.0,0.0,0.0,0.0,0.001570793945575133,0.0,0.0,0.0,0.019345957989571616,0,0,0,0,0,0,,48.42925495457596,91.87507456173574,48.42925495457596,43.44581960715978,40479,136314880,1790405470.028215,runs/round-budget-20260926T064431Z/bank_s10003_T0/r2_fresh.json,PASS
bank,10003,0,fresh,3,1,0.24458387499907985,0.2517134170047939,0.0738530158996582,0.32556653022766113,0.0021772499894723296,0.0017261670145671815,0.0,0.0021511249942705035,0.00017800001660361886,0.0008285410003736615,6.845899042673409e-05,0.004699625016655773,0.0,0.23647283398895524,0.0014762080099899322,0.0,0.0,0.0,0.0,0.0019352079834789038,0.0,0.0,0.0,0.02049650001572445,0,0,0,0,0,0,,48.42925495457596,91.87507456173574,48.42925495457596,43.44581960715978,40479,137428992,1790405470.90432,runs/round-budget-20260926T064431Z/bank_s10003_T0/r3_fresh.json,PASS
bank,10003,0,none,0,1,0.1813992090173997,0.19196591700892895,0.06989097595214844,0.2618567943572998,0.0020415420003701,0.0017064589774236083,0.003911957988748327,0.0017497500230092555,0.0002276250161230564,0.0008482089906465262,8.11649952083826e-05,0.0,0.0034796670079231262,0.17394466800033115,0.0014456250064540654,0.0,0.0,0.0,0.0,0.0025292490026913583,0.0,0.0,0.0,0.021340042003430426,0,0,0,0,0,0,0,48.42925495457596,91.87507456173574,48.42925495457596,43.44581960715978,40479,166854656,1790405467.510217,runs/round-budget-20260926T064431Z/bank_s10003_T0/r0_none.json,PASS
bank,10003,0,none,1,0,0.18019199999980628,0.1913020839856472,0.07425713539123535,0.26555919647216797,0.0019226250005885959,0.001513374998467043,0.004533749975962564,0.0019238749810028821,0.00018875001114793122,0.0009555830038152635,7.212601485662162e-05,0.0,0.003124834009213373,0.1728156679600943,0.0014678330044262111,0.0,0.0,0.0,0.0,0.0027836650260724127,0.0,0.0,0.0,0.02098637502058409,0,0,0,0,0,0,0,48.42925495457596,91.87507456173574,48.42925495457596,43.44581960715978,40479,167968768,1790405468.339299,runs/round-budget-20260926T064431Z/bank_s10003_T0/r1_none.json,PASS
bank,10003,0,none,2,3,0.17626212499453686,0.18720954199670814,0.06827187538146973,0.255481481552124,0.002008833980653435,0.0016315419925376773,0.004139958997257054,0.0019831249956041574,0.0002130000211764127,0.000906708010006696,6.424900493584573e-05,0.0,0.0032384170044679195,0.1687675430730451,0.0015946670027915388,0.0,0.0,0.0,0.0,0.0026614979142323136,0.0,0.0,0.0,0.019905958994058892,0,0,0,0,0,0,0,48.42925495457596,91.87507456173574,48.42925495457596,43.44581960715978,40479,167280640,1790405470.352542,runs/round-budget-20260926T064431Z/bank_s10003_T0/r2_none.json,PASS
bank,10003,0,none,3,2,0.17856804199982435,0.18966408298001625,0.07063078880310059,0.26029491424560547,0.0021418749820441008,0.0015750419988762587,0.004534542007604614,0.0018303749966435134,0.00018587501836009324,0.0007624590070918202,6.587296957150102e-05,0.0,0.003236584016121924,0.17120175596210174,0.0015720410156063735,0.0,0.0,0.0,0.0,0.002557661005994305,0.0,0.0,0.0,0.020272500027203932,0,0,0,0,0,0,0,48.42925495457596,91.87507456173574,48.42925495457596,43.44581960715978,40479,167346176,1790405471.238304,runs/round-budget-20260926T064431Z/bank_s10003_T0/r3_none.json,PASS
bank,10003,0,basic,0,2,0.17570900000282563,0.18694924999726936,0.0753178596496582,0.2622671127319336,0.0020050829916726798,0.001658124994719401,0.004538749984931201,0.001946625008713454,0.0001856669841799885,0.0008457920048385859,6.020802538841963e-05,0.0,0.0033700000203680247,0.168122832023073,0.0016640420071780682,0.0,0.0,0.0,0.0,0.002552125952206552,0.0,0.0,0.0,0.020295001013437286,0,0,0,0,0,0,,48.42925495457596,91.87507456173574,48.42925495457596,43.44581960715978,40479,166363136,1790405467.7895539,runs/round-budget-20260926T064431Z/bank_s10003_T0/r0_basic.json,PASS
bank,10003,0,basic,1,1,0.17970925002009608,0.19024662498850375,0.06699800491333008,0.2572445869445801,0.0019711249915417284,0.0015711669984739274,0.004114916984690353,0.0018549579835962504,0.0001865000231191516,0.0007736669795121998,6.504100747406483e-05,0.0,0.003321791999042034,0.17199220691691153,0.0016100409848149866,0.0,0.0,0.0,0.0,0.0027852101193275303,0.0,0.0,0.0,0.019903582986444235,0,0,0,0,0,0,,48.42925495457596,91.87507456173574,48.42925495457596,43.44581960715978,40479,165511168,1790405468.609038,runs/round-budget-20260926T064431Z/bank_s10003_T0/r1_basic.json,PASS
bank,10003,0,basic,2,0,0.17441904201405123,0.18569416701211594,0.06728601455688477,0.25298023223876953,0.0019151250016875565,0.0015736250206828117,0.004023542016511783,0.0018957920256070793,0.00018699999782256782,0.001620083989109844,5.9956946643069386e-05,0.0,0.0032854590099304914,0.1672330009751022,0.001445708010578528,0.0,0.0,0.0,0.0,0.002454874018440023,0.0,0.0,0.0,0.01976679201470688,0,0,0,0,0,0,,48.42925495457596,91.87507456173574,48.42925495457596,43.44581960715978,40479,165429248,1790405469.4974852,runs/round-budget-20260926T064431Z/bank_s10003_T0/r2_basic.json,PASS
bank,10003,0,basic,3,3,0.17562000002362765,0.1866298340028152,0.07302021980285645,0.25964999198913574,0.0021252500009723008,0.0016125419933814555,0.0041307090141344815,0.0021861669956706464,0.00018400000408291817,0.0007051669817883521,6.599898915737867e-05,0.0,0.0033026250021066517,0.16819954197853804,0.0015381249831989408,0.0,0.0,0.0,0.0,0.002579708059784025,0.0,0.0,0.0,0.019964583014370874,0,0,0,0,0,0,,48.42925495457596,91.87507456173574,48.42925495457596,43.44581960715978,40479,167559168,1790405471.512164,runs/round-budget-20260926T064431Z/bank_s10003_T0/r3_basic.json,PASS
bank,10003,0,runnerup,0,3,0.17905937499017455,0.18957908399170265,0.07656168937683105,0.2661406993865967,0.002010333992075175,0.0015716249763499945,0.004103834013221785,0.0016989170107990503,0.00021816699882037938,0.0008331669960170984,8.366501424461603e-05,0.0,0.003546499996446073,0.17168312799185514,0.0014400000218302011,0.0,0.0,0.0,0.0,0.002389746980043128,0.0,0.0,0.0,0.019808542041573673,0,0,0,0,0,0,,48.42925495457596,91.87507456173574,48.42925495457596,43.44581960715978,40479,166035456,1790405468.0641909,runs/round-budget-20260926T064431Z/bank_s10003_T0/r0_runnerup.json,PASS
bank,10003,0,runnerup,1,2,0.17964620899874717,0.1904070419841446,0.07439994812011719,0.26480698585510254,0.0021752500033471733,0.0017660839948803186,0.004060917010065168,0.001772458985215053,0.0001851250126492232,0.0007247500179801136,7.624796126037836e-05,0.0,0.003163792018312961,0.1721336298796814,0.0016126249975059181,0.0,0.0,0.0,0.0,0.0027361621032468975,0.0,0.0,0.0,0.019995791983092204,0,0,0,0,0,0,,48.42925495457596,91.87507456173574,48.42925495457596,43.44581960715978,40479,166707200,1790405468.8857338,runs/round-budget-20260926T064431Z/bank_s10003_T0/r1_runnerup.json,PASS
bank,10003,0,runnerup,2,1,0.1737731249886565,0.18468516602297314,0.07118010520935059,0.25586533546447754,0.002067166002234444,0.0015983750054147094,0.004302666988223791,0.001925166987348348,0.00018145798821933568,0.0007645410078112036,7.26670550648123e-05,0.0,0.003379292000317946,0.16640720606665127,0.001451834017643705,0.0,0.0,0.0,0.0,0.00253479290404357,0.0,0.0,0.0,0.019781333015998825,0,0,0,0,0,0,,48.42925495457596,91.87507456173574,48.42925495457596,43.44581960715978,40479,165445632,1790405469.76502,runs/round-budget-20260926T064431Z/bank_s10003_T0/r2_runnerup.json,PASS
bank,10003,0,runnerup,3,0,0.18066204100614414,0.19206462500733323,0.0736839771270752,0.2657485008239746,0.002095375006319955,0.0016311249928548932,0.004318582999985665,0.0023291250108741224,0.00019458401948213577,0.000756875000661239,7.69169710110873e-05,0.0,0.0032609579793643206,0.17289804280153476,0.001581332995556295,0.0,0.0,0.0,0.0,0.0029217072296887636,0.0,0.0,0.0,0.020738291001180187,0,0,0,0,0,0,,48.42925495457596,91.87507456173574,48.42925495457596,43.44581960715978,40479,165707776,1790405470.6254,runs/round-budget-20260926T064431Z/bank_s10003_T0/r3_runnerup.json,PASS
bank,10003,1,fresh,0,3,0.3689785420137923,0.3762271250016056,0.07034182548522949,0.44656896591186523,0.0020006670092698187,0.0017120410047937185,0.0,0.0017845829715952277,0.00040099999750964344,0.0012848330079577863,6.545899668708444e-05,0.004757083021104336,0.0,0.23129058387712575,0.0015401669952552766,0.0,0.09538549993885681,0.03422362502897158,0.0,0.0017815831524785608,0.0,0.0,0.0,0.05951762499171309,45166,0,0,0,0,45166,,33.9404097653252,67.77691643264238,33.836506667317174,33.9404097653252,80124,151322624,1790405477.761726,runs/round-budget-20260926T064431Z/bank_s10003_T1/r0_fresh.json,PASS
bank,10003,1,fresh,1,2,0.371427833015332,0.37859866698272526,0.06866717338562012,0.4472658634185791,0.0020742079941555858,0.0014955420047044754,0.0,0.0017854579782579094,0.0004309169889893383,0.0013151670282240957,6.954197306185961e-05,0.004720541008282453,0.0,0.2318964169244282,0.0014885409909766167,0.0,0.09655678897979669,0.03500816601444967,0.0,0.0017573790973983705,0.0,0.0,0.0,0.060353414999553934,45166,0,0,0,0,45166,,33.9404097653252,67.77691643264238,33.836506667317174,33.9404097653252,80124,150913024,1790405479.2465,runs/round-budget-20260926T064431Z/bank_s10003_T1/r1_fresh.json,PASS
bank,10003,1,fresh,2,1,0.37202045900630765,0.3798888750025071,0.07059383392333984,0.4504826068878174,0.002107291977154091,0.0017016660131048411,0.0,0.002149041974917054,0.0004122079990338534,0.001436582999303937,6.162503268569708e-05,0.0047043749946169555,0.0,0.23255554703064263,0.0014569159829989076,0.0,0.09704554305062629,0.03448000006028451,0.0,0.0017780778871383518,0.0,0.0,0.0,0.059792707063024864,45166,0,0,0,0,45166,,33.9404097653252,67.77691643264238,33.836506667317174,33.9404097653252,80124,151093248,1790405480.616401,runs/round-budget-20260926T064431Z/bank_s10003_T1/r2_fresh.json,PASS
bank,10003,1,fresh,3,0,0.36929658299777657,0.3765849170158617,0.0679481029510498,0.444533109664917,0.0020143330038990825,0.001738457998726517,0.0,0.0017093750066123903,0.0004286660114303231,0.0013310830108821392,6.64189865346998e-05,0.004617041995516047,0.0,0.2306877110095229,0.0014621659938711673,0.0,0.0963271259679459,0.03440954411053099,0.0,0.0017929939203895628,0.0,0.0,0.0,0.06108750309795141,45166,0,0,0,0,45166,,33.9404097653252,67.77691643264238,33.836506667317174,33.9404097653252,80124,151601152,1790405481.985568,runs/round-budget-20260926T064431Z/bank_s10003_T1/r3_fresh.json,PASS
bank,10003,1,none,0,0,0.30752683299942873,0.31944562497665174,0.06882715225219727,0.388272762298584,0.0020222499733790755,0.0015196659951470792,0.004897375009022653,0.0017459579976275563,0.00040716701187193394,0.0012660840002354234,6.0291989939287305e-05,0.0,0.00317595899105072,0.16722087797825225,0.001461291016312316,0.0,0.09816408198093995,0.034687292063608766,3.7500023609027267e-05,0.0027798309456557035,0.0,0.0,0.0,0.059624501067446545,45166,0,0,0,0,45166,0,33.9404097653252,67.77691643264238,33.836506667317174,33.9404097653252,80124,186073088,1790405476.334711,runs/round-budget-20260926T064431Z/bank_s10003_T1/r0_none.json,PASS
bank,10003,1,none,1,3,0.30517316597979516,0.3175987089925911,0.06793022155761719,0.3855290412902832,0.002075458993203938,0.0015814159996807575,0.004853125021327287,0.002059917023871094,0.0004131250025238842,0.0013649579777847975,7.754299440421164e-05,0.0,0.003398291999474168,0.16776558494893834,0.001441750006051734,0.0,0.0951625440211501,0.03458220697939396,4.3750012991949916e-05,0.00277903801179491,0.0,0.0,0.0,0.059822456969413906,45166,0,0,0,0,45166,0,33.9404097653252,67.77691643264238,33.836506667317174,33.9404097653252,80124,187219968,1790405479.7037172,runs/round-budget-20260926T064431Z/bank_s10003_T1/r1_none.json,PASS
bank,10003,1,none,2,2,0.30691891600145027,0.31944787499378435,0.06840229034423828,0.3878500461578369,0.0019662079866975546,0.0016015830042306334,0.005222042003879324,0.0018943330214824528,0.0004269170167390257,0.0013583329855464399,5.9542973758652806e-05,0.0,0.003266083018388599,0.16740558602032252,0.001504666986875236,0.0,0.09738029006985016,0.03451741798198782,4.1207997128367424e-05,0.0028036639268975705,0.0,0.0,0.0,0.059898876963416114,45166,0,0,0,0,45166,0,33.9404097653252,67.77691643264238,33.836506667317174,33.9404097653252,80124,187990016,1790405481.0754912,runs/round-budget-20260926T064431Z/bank_s10003_T1/r2_none.json,PASS
bank,10003,1,none,3,1,0.3058833749964833,0.31811862500035204,0.06759119033813477,0.3857097625732422,0.001947750017279759,0.0016321250004693866,0.005126874981215224,0.00172899998142384,0.00041612499626353383,0.0013234580110292882,5.991701618768275e-05,0.0,0.0035071669844910502,0.1665547490119934,0.0015288340218830854,0.0,0.09731916597229429,0.03427754295989871,4.037501639686525e-05,0.0026555410295259207,0.0,0.0,0.0,0.06008687597932294,45166,0,0,0,0,45166,0,33.9404097653252,67.77691643264238,33.836506667317174,33.9404097653252,80124,186286080,1790405482.44092,runs/round-budget-20260926T064431Z/bank_s10003_T1/r3_none.json,PASS
bank,10003,1,basic,0,1,0.418694250023691,0.4308662500116043,0.06849288940429688,0.499359130859375,0.0018901250150520355,0.0015320829988922924,0.004966125008650124,0.0018976249848492444,0.0004360839957371354,0.0013857080193702132,6.42499653622508e-05,0.0,0.0032922920072451234,0.16749612698913552,0.0014747919922228903,0.0005143340385984629,0.20544233793043531,0.03672883292892948,3.891700180247426e-05,0.0037066171353217214,0.10904966801172122,0.1144939579826314,0.09574449999490753,0.06778787489747629,45166,45166,0,0,45166,90332,0,33.9404097653252,67.77691643264238,33.836506667317174,33.9404097653252,80124,188956672,1790405476.73415,runs/round-budget-20260926T064431Z/bank_s10003_T1/r0_basic.json,PASS
bank,10003,1,basic,1,0,0.4212573329859879,0.434058584010927,0.07186007499694824,0.5059187412261963,0.0021730420121457428,0.0015601249760948122,0.005188833019929007,0.0020663329923991114,0.0004101670056115836,0.0013374580012168735,6.529301754198968e-05,0.0,0.0035191249917261302,0.16784683303558268,0.0014494999777525663,0.0005094991065561771,0.20751958311302587,0.03659595808130689,4.908398841507733e-05,0.0037677506916224957,0.11014487402280793,0.11558370900456794,0.09678125000209548,0.06781283410964534,45166,45166,0,0,45166,90332,0,33.9404097653252,67.77691643264238,33.836506667317174,33.9404097653252,80124,190988288,1790405478.220732,runs/round-budget-20260926T064431Z/bank_s10003_T1/r1_basic.json,PASS
bank,10003,1,basic,2,3,0.42066450000857003,0.43291487501119263,0.06691908836364746,0.4998340606689453,0.0019593340111896396,0.00160058299661614,0.005067124991910532,0.0017691249959170818,0.0004579169908538461,0.0013387909857556224,5.7500030379742384e-05,0.0,0.003432874975260347,0.16649962909286842,0.001442374981706962,0.0005145000759512186,0.20825579413212836,0.0365960021445062,4.3957988964393735e-05,0.0038793666171841323,0.11085116505273618,0.11641733400756493,0.09675733398762532,0.06743154415744357,45166,45166,0,0,45166,90332,0,33.9404097653252,67.77691643264238,33.836506667317174,33.9404097653252,80124,188940288,1790405481.4733021,runs/round-budget-20260926T064431Z/bank_s10003_T1/r2_basic.json,PASS
bank,10003,1,basic,3,2,0.42089258300256915,0.4332820419804193,0.06968569755554199,0.5029678344726562,0.0020112079801037908,0.0015424160228576511,0.005287708016112447,0.0017553340003360063,0.00044762500328943133,0.0012845000019297004,6.066795322112739e-05,0.0,0.003472792013781145,0.16610391196445562,0.0014789580018259585,0.0005163350433576852,0.20868066293769516,0.03692612700979225,3.3334014005959034e-05,0.0036804620176553726,0.1095851669961121,0.11506149999331683,0.09850045799976215,0.06819225003710017,45166,45166,0,0,45166,90332,0,33.9404097653252,67.77691643264238,33.836506667317174,33.9404097653252,80124,192086016,1790405482.8406668,runs/round-budget-20260926T064431Z/bank_s10003_T1/r3_basic.json,PASS
bank,10003,1,runnerup,0,2,0.4228380830027163,0.43492741699446924,0.06814908981323242,0.5030765533447266,0.0018938329885713756,0.0017405830149073154,0.004855042003327981,0.0017957910022232682,0.0004100420046597719,0.0013372919929679483,5.675098509527743e-05,0.0,0.0030951250228099525,0.16636054494301789,0.001467041001887992,0.0011713739950209856,0.208617712080013,0.03807412498281337,2.983299782499671e-05,0.004022327979328111,0.10976721197948791,0.11585133298649453,0.09823916599270888,0.06908174999989569,45166,45166,0,0,45166,90332,0,33.9404097653252,67.77691643264238,33.836506667317174,33.9404097653252,80124,190562304,1790405477.244277,runs/round-budget-20260926T064431Z/bank_s10003_T1/r0_runnerup.json,PASS
bank,10003,1,runnerup,1,1,0.4184447919833474,0.43079895799746737,0.06883406639099121,0.4996330738067627,0.0019722500001080334,0.0016446250083390623,0.005049915984272957,0.0019080000056419522,0.00044062500819563866,0.0012809999752789736,5.7750032283365726e-05,0.0,0.003224957996280864,0.1662877878115978,0.0014390420110430568,0.0011886670254170895,0.20592891512205824,0.03661691601155326,3.0000024707987905e-05,0.0037285059806890786,0.10931220804923214,0.11546887498116121,0.09594837500480935,0.06745962495915592,45166,45166,0,0,45166,90332,0,33.9404097653252,67.77691643264238,33.836506667317174,33.9404097653252,80124,188891136,1790405478.735477,runs/round-budget-20260926T064431Z/bank_s10003_T1/r1_runnerup.json,PASS
bank,10003,1,runnerup,2,0,0.42113033300847746,0.43348783400142565,0.06761908531188965,0.5011069774627686,0.001974916987819597,0.0015530000091530383,0.005046000005677342,0.0019583749817684293,0.0004308749921619892,0.0013329170178622007,6.141699850559235e-05,0.0,0.0031915410072542727,0.16805028801900335,0.0014780419878661633,0.0012578350433614105,0.20659016200806946,0.036691417975816876,3.254102193750441e-05,0.0038385059451684356,0.10997845800011419,0.1163632909883745,0.09591779200127348,0.06741400196915492,45166,45166,0,0,45166,90332,0,33.9404097653252,67.77691643264238,33.836506667317174,33.9404097653252,80124,191856640,1790405480.1005151,runs/round-budget-20260926T064431Z/bank_s10003_T1/r2_runnerup.json,PASS
bank,10003,1,runnerup,3,3,0.4201103750092443,0.43214395799441263,0.0689401626586914,0.5010840892791748,0.0020147080067545176,0.001495250005973503,0.004793500003870577,0.002008500014198944,0.0004034999874420464,0.0012518750154413283,6.624995148740709e-05,0.0,0.0031989999988581985,0.16580020892433822,0.0014999579871073365,0.0011495820072013885,0.20745057897875085,0.03739562595728785,4.4500018702819943e-05,0.00357092113699764,0.1092480820370838,0.1153355420101434,0.09760933299548924,0.06839345992193557,45166,45166,0,0,45166,90332,0,33.9404097653252,67.77691643264238,33.836506667317174,33.9404097653252,80124,188989440,1790405483.3542452,runs/round-budget-20260926T064431Z/bank_s10003_T1/r3_runnerup.json,PASS
bank,10003,2,fresh,0,2,0.5078872500162106,0.51647529201,0.06945681571960449,0.5859320163726807,0.002027542010182515,0.0017515000072307885,0.0,0.0019936249882448465,0.0006803750002291054,0.0020573330111801624,7.766697672195733e-05,0.004937292018439621,0.0,0.23200075203203596,0.0014915829815436155,0.0,0.1946596660418436,0.07261170892161317,0.0,0.002186248020734638,0.0,0.0,0.0,0.1038807089207694,90332,0,0,0,0,90332,,33.08744246951831,66.15006565381941,33.08744246951831,33.0626231843011,119875,152223744,1790405490.3705258,runs/round-budget-20260926T064431Z/bank_s10003_T2/r0_fresh.json,PASS
bank,10003,2,fresh,1,1,0.5039312909939326,0.5117588750144932,0.06682896614074707,0.5785877704620361,0.0019740830175578594,0.0016171250026673079,0.0,0.0017123339930549264,0.0006423330050893128,0.001820666017010808,6.104298518039286e-05,0.00486554199596867,0.0,0.23108020797371864,0.0015310000162571669,0.0,0.1939662060176488,0.0705384609173052,0.0,0.0019498740730341524,0.0,0.0,0.0,0.10098387693869881,90332,0,0,0,0,90332,,33.08744246951831,66.15006565381941,33.08744246951831,33.0626231843011,119875,151322624,1790405492.148449,runs/round-budget-20260926T064431Z/bank_s10003_T2/r1_fresh.json,PASS
bank,10003,2,fresh,2,0,0.5062925829843152,0.5143656670115888,0.06743407249450684,0.5817997455596924,0.0021272080193739384,0.0016017500020097941,0.0,0.0017630000074859709,0.0006382080027833581,0.0018750830204226077,6.783497519791126e-05,0.004733708017738536,0.0,0.22921803806093521,0.001510041009169072,0.0,0.19616486999439076,0.07275437712087296,0.0,0.001911548781208694,0.0,0.0,0.0,0.10345783512457274,90332,0,0,0,0,90332,,33.08744246951831,66.15006565381941,33.08744246951831,33.0626231843011,119875,151699456,1790405493.920267,runs/round-budget-20260926T064431Z/bank_s10003_T2/r2_fresh.json,PASS
bank,10003,2,fresh,3,3,0.49837616601143964,0.50636595900869,0.06750106811523438,0.5738670825958252,0.0021877090039197356,0.0014996249810792506,0.0,0.001790290989447385,0.0006298749940469861,0.0018111249955836684,7.116803317330778e-05,0.004770083003677428,0.0,0.23109695903258398,0.0014744579966645688,0.0,0.19012083395500667,0.06900421401951462,0.0,0.0019096180039923638,0.0,0.0,0.0,0.09900113104959019,90332,0,0,0,0,90332,,33.08744246951831,66.15006565381941,33.08744246951831,33.0626231843011,119875,149225472,1790405498.162591,runs/round-budget-20260926T064431Z/bank_s10003_T2/r3_fresh.json,PASS
bank,10003,2,none,0,3,0.4370175410003867,0.45111725002061576,0.0752561092376709,0.5263733863830566,0.0019821670139208436,0.0016115419857669622,0.006137666990980506,0.0018469589995220304,0.0006385419983416796,0.0018209170084446669,6.191502325236797e-05,0.0,0.00321108300704509,0.16713700001128018,0.0015364170249085873,0.0,0.1931936650071293,0.06885162598337047,8.33340163808316e-05,0.0030044159502722323,0.0,0.0,0.0,0.09951637600897811,90332,0,0,0,0,90332,0,33.08744246951831,66.15006565381941,33.08744246951831,33.0626231843011,119875,192135168,1790405490.974155,runs/round-budget-20260926T064431Z/bank_s10003_T2/r0_none.json,PASS
bank,10003,2,none,1,2,0.435427125019487,0.44992854198790155,0.07175922393798828,0.5216877460479736,0.0019447079976089299,0.0015589160029776394,0.006434916984289885,0.002032416989095509,0.0006409579946193844,0.0018235000025015324,6.600099732168019e-05,0.0,0.0033058330009225756,0.16771121099009179,0.001473083975724876,0.0,0.19083158700959757,0.06872474995907396,8.783297380432487e-05,0.003292827110271901,0.0,0.0,0.0,0.0992675838933792,90332,0,0,0,0,90332,0,33.08744246951831,66.15006565381941,33.08744246951831,33.0626231843011,119875,192036864,1790405492.7431092,runs/round-budget-20260926T064431Z/bank_s10003_T2/r1_none.json,PASS
bank,10003,2,none,2,1,0.4370569580059964,0.45104512499528937,0.06846284866333008,0.519507884979248,0.002003417001105845,0.0015047919878270477,0.006144082988612354,0.001652666018344462,0.0006569999968633056,0.001962415990419686,6.379300612024963e-05,0.0,0.003245582978706807,0.1676581210049335,0.0015087499923538417,0.0,0.19238654215587303,0.06921745603904128,0.00012320801033638418,0.0029172978247515857,0.0,0.0,0.0,0.09917491403757595,90332,0,0,0,0,90332,0,33.08744246951831,66.15006565381941,33.08744246951831,33.0626231843011,119875,189956096,1790405494.51383,runs/round-budget-20260926T064431Z/bank_s10003_T2/r2_none.json,PASS
bank,10003,2,none,3,0,0.4395502919796854,0.4541911669948604,0.0715019702911377,0.5256931781768799,0.0020213749958202243,0.0016650000179652125,0.00635004200739786,0.0019144169928040355,0.0006365829904098064,0.001982291985768825,7.116602500900626e-05,0.0,0.003316916001494974,0.17107257901807316,0.0015823749999981374,0.0,0.191469543002313,0.06908217404270545,9.954202687367797e-05,0.0029271628882270306,0.0,0.0,0.0,0.09954150705016218,90332,0,0,0,0,90332,0,33.08744246951831,66.15006565381941,33.08744246951831,33.0626231843011,119875,189677568,1790405496.343376,runs/round-budget-20260926T064431Z/bank_s10003_T2/r3_none.json,PASS
bank,10003,2,basic,0,0,0.5508615830040071,0.5650409590161871,0.06766104698181152,0.632702112197876,0.0019071669958066195,0.0015113749832380563,0.006272625003475696,0.0018143749912269413,0.0006875830003991723,0.001923834002809599,6.241703522391617e-05,0.0,0.0031102499924600124,0.16683962507522665,0.0015266660193447024,0.0005333340959623456,0.3025287489872426,0.07221133494749665,0.00013549902359955013,0.003976124862674624,0.11001741394284181,0.11553916698903777,0.09668479199171998,0.10810287497588433,90332,45166,0,0,45166,135498,0,33.08744246951831,66.15006565381941,33.08744246951831,33.0626231843011,119875,194887680,1790405489.0746958,runs/round-budget-20260926T064431Z/bank_s10003_T2/r0_basic.json,PASS
bank,10003,2,basic,1,3,0.5515217079955619,0.5662256669893395,0.0692129135131836,0.6354386806488037,0.0019877080048900098,0.0016097500047180802,0.00668220900115557,0.0017594580131117254,0.000720290991012007,0.0018649589910637587,7.958398782648146e-05,0.0,0.003586667007766664,0.16685383088770323,0.0014605829783249646,0.0004794989654328674,0.30304737394908443,0.07176703901495785,9.762495756149292e-05,0.004229090234730393,0.1102968749764841,0.11564454200561158,0.09642599997459911,0.10809299498214386,90332,45166,0,0,45166,135498,0,33.08744246951831,66.15006565381941,33.08744246951831,33.0626231843011,119875,191250432,1790405493.274666,runs/round-budget-20260926T064431Z/bank_s10003_T2/r1_basic.json,PASS
bank,10003,2,basic,2,2,0.5548539579904173,0.5688436669879593,0.06824898719787598,0.6370925903320312,0.0019452919950708747,0.001626250013941899,0.005931833991780877,0.0018972920079249889,0.0006246670091059059,0.0018987089861184359,6.56649935990572e-05,0.0,0.0032545420108363032,0.1672814569901675,0.0014612920058425516,0.0005195818666834384,0.3061337580147665,0.07220512311323546,0.00010312499944120646,0.0038950789894443005,0.11150446091778576,0.11710933400900103,0.09765062501537614,0.10819691410870291,90332,45166,0,0,45166,135498,0,33.08744246951831,66.15006565381941,33.08744246951831,33.0626231843011,119875,192905216,1790405495.04476,runs/round-budget-20260926T064431Z/bank_s10003_T2/r2_basic.json,PASS
bank,10003,2,basic,3,1,0.5494846670189872,0.5636141669820063,0.06737399101257324,0.6309881210327148,0.0019271249766461551,0.0015769580204505473,0.006204167002579197,0.0017877499922178686,0.0007119170040823519,0.0018583750061225146,6.320796092040837e-05,0.0,0.0031400419829878956,0.16525754000758752,0.0014698749873787165,0.0005030839529354125,0.3030038720462471,0.07198057786445133,9.529097587801516e-05,0.004034385201521218,0.10922491300152615,0.11465520900674164,0.09731854201527312,0.1076425778446719,90332,45166,0,0,45166,135498,0,33.08744246951831,66.15006565381941,33.08744246951831,33.0626231843011,119875,193003520,1790405496.876535,runs/round-budget-20260926T064431Z/bank_s10003_T2/r3_basic.json,PASS
bank,10003,2,runnerup,0,1,0.5530838340055197,0.5673022079863586,0.07032084465026855,0.6376230716705322,0.0021082499879412353,0.0015801659901626408,0.006262749986490235,0.0016159999941010028,0.0006717079959344119,0.00189595902338624,8.354100282303989e-05,0.0,0.003277207986684516,0.1678646289219614,0.0015308340080082417,0.0012544989003799856,0.3031741689774208,0.07187866992899217,0.0001253749942407012,0.003978450287831947,0.10989333206089213,0.11620141702587716,0.0968957080040127,0.10822254593949765,90332,45166,0,0,45166,135498,0,33.08744246951831,66.15006565381941,33.08744246951831,33.0626231843011,119875,196263936,1790405489.7216299,runs/round-budget-20260926T064431Z/bank_s10003_T2/r0_runnerup.json,PASS
bank,10003,2,runnerup,1,0,0.5504054999910295,0.5646985839994159,0.06775498390197754,0.6324536800384521,0.002015375008340925,0.0016019580070860684,0.006366749992594123,0.0016587499994784594,0.0006628749833907932,0.00191366599756293,7.371001993305981e-05,0.0,0.003329999977722764,0.16672570601804182,0.0015065830084495246,0.001219210069393739,0.3022304180194624,0.07141921189031564,0.00011133198859170079,0.0038630390190519392,0.11017258206265979,0.11656283301999792,0.09678745802375488,0.10761521293898113,90332,45166,0,0,45166,135498,0,33.08744246951831,66.15006565381941,33.08744246951831,33.0626231843011,119875,194510848,1790405491.504989,runs/round-budget-20260926T064431Z/bank_s10003_T2/r1_runnerup.json,PASS
bank,10003,2,runnerup,2,3,0.5503947079996578,0.5647145830153022,0.07018709182739258,0.634901762008667,0.0020097500237170607,0.0016832919791340828,0.0060440000088419765,0.002001208020374179,0.0006272080063354224,0.0018824159924406558,7.20009848009795e-05,0.0,0.0032747089862823486,0.16734462798922323,0.001518125005532056,0.0011827900307253003,0.30062687810277566,0.07237108505796641,0.00010391697287559509,0.003972575854277238,0.10889229099848308,0.11498808299074881,0.09575558302458376,0.10852512609562837,90332,45166,0,0,45166,135498,0,33.08744246951831,66.15006565381941,33.08744246951831,33.0626231843011,119875,192790528,1790405495.694974,runs/round-budget-20260926T064431Z/bank_s10003_T2/r2_runnerup.json,PASS
bank,10003,2,runnerup,3,2,0.5481906659842934,0.5620208749896847,0.06954598426818848,0.6315667629241943,0.002001749991904944,0.0014245000202208757,0.006268165976507589,0.0016195420175790787,0.0006211659929249436,0.0018284169782418758,6.666802801191807e-05,0.0,0.003390083002159372,0.1665552080667112,0.0014347090036608279,0.0012247111299075186,0.2997149570728652,0.07177008086000569,0.00011912602349184453,0.003981790825491771,0.10980000006384216,0.11628433302394114,0.0958939160045702,0.10713516594842076,90332,45166,0,0,45166,135498,0,33.08744246951831,66.15006565381941,33.08744246951831,33.0626231843011,119875,192937984,1790405497.521536,runs/round-budget-20260926T064431Z/bank_s10003_T2/r3_runnerup.json,PASS
bank,10004,0,fresh,0,3,0.2374669169948902,0.24374916599481367,0.06891798973083496,0.3126671314239502,0.002041165978880599,0.00151366600766778,0.0,0.001749292016029358,0.00017708298400975764,0.0007430000114254653,5.804200191050768e-05,0.004724041995359585,0.0,0.22970312609686516,0.001520624995464459,0.0,0.0,0.0,0.0,0.001519123907200992,0.0,0.0,0.0,0.020146124996244907,0,0,0,0,0,0,,47.809202698041,91.09333438518578,47.809202698041,43.284131687144786,40477,134381568,1790405506.313886,runs/round-budget-20260926T064431Z/bank_s10004_T0/r0_fresh.json,PASS
bank,10004,0,fresh,1,2,0.23945441699470393,0.24607229200773872,0.06800198554992676,0.3140742778778076,0.00192304200027138,0.0015948749787639827,0.0,0.0020500830141827464,0.00021333401673473418,0.0007770000083837658,5.954099469818175e-05,0.004572459001792595,0.0,0.23181379595189355,0.0014595419925171882,0.0,0.0,0.0,0.0,0.0016086200485005975,0.0,0.0,0.0,0.019808166980510578,0,0,0,0,0,0,,47.809202698041,91.09333438518578,47.809202698041,43.284131687144786,40477,134135808,1790405507.142397,runs/round-budget-20260926T064431Z/bank_s10004_T0/r1_fresh.json,PASS
bank,10004,0,fresh,2,1,0.23680691700428724,0.24297104100696743,0.06767606735229492,0.31064701080322266,0.0019302910077385604,0.0014711249968968332,0.0,0.001764875021763146,0.00017770900740288198,0.0007610839966218919,5.903997225686908e-05,0.004708375025074929,0.0,0.22902729400084354,0.0015204160008579493,0.0,0.0,0.0,0.0,0.0015508319775108248,0.0,0.0,0.0,0.019679956982145086,0,0,0,0,0,0,,47.809202698041,91.09333438518578,47.809202698041,43.284131687144786,40477,134316032,1790405507.973808,runs/round-budget-20260926T064431Z/bank_s10004_T0/r2_fresh.json,PASS
bank,10004,0,fresh,3,0,0.2423102500033565,0.24867724999785423,0.06835317611694336,0.3170304298400879,0.002062459010630846,0.001527874992461875,0.0,0.0017422090168111026,0.00019983301172032952,0.0007695829845033586,6.504097837023437e-05,0.004800083988811821,0.0,0.23436328885145485,0.001570124994032085,0.0,0.0,0.0,0.0,0.0015767521690577269,0.0,0.0,0.0,0.0197424580110237,0,0,0,0,0,0,,47.809202698041,91.09333438518578,47.809202698041,43.284131687144786,40477,134545408,1790405508.804928,runs/round-budget-20260926T064431Z/bank_s10004_T0/r3_fresh.json,PASS
bank,10004,0,none,0,0,0.1633996250166092,0.1737072079849895,0.06779980659484863,0.24150705337524414,0.0019001670007128268,0.0015072909882292151,0.004030290991067886,0.0018086670024786144,0.00018066601478494704,0.000818000000435859,6.250097067095339e-05,0.0,0.0030574580014217645,0.1564225839683786,0.0015010409988462925,0.0,0.0,0.0,0.0,0.0024185420479625463,0.0,0.0,0.0,0.019444665987975895,0,0,0,0,0,0,0,47.809202698041,91.09333438518578,47.809202698041,43.284131687144786,40477,165265408,1790405505.5566258,runs/round-budget-20260926T064431Z/bank_s10004_T0/r0_none.json,PASS
bank,10004,0,none,1,3,0.16386216698447242,0.17424312498769723,0.06773185729980469,0.2419750690460205,0.001949833007529378,0.0015572919801343232,0.004128333006519824,0.0017502919945400208,0.0001789579982869327,0.0007508339767809957,6.54160394333303e-05,0.0,0.0032560830004513264,0.15676316898316145,0.00145870799315162,0.0,0.0,0.0,0.0,0.002384207007708028,0.0,0.0,0.0,0.01978829098516144,0,0,0,0,0,0,0,47.809202698041,91.09333438518578,47.809202698041,43.284131687144786,40477,165527552,1790405507.466372,runs/round-budget-20260926T064431Z/bank_s10004_T0/r1_none.json,PASS
bank,10004,0,none,2,2,0.16488966598990373,0.17546308299642988,0.06871294975280762,0.24417614936828613,0.002111167006660253,0.0015482079761568457,0.004002250003395602,0.0018810420006047934,0.00018208299297839403,0.0007683750009164214,8.029202581383288e-05,0.0,0.0031565839890390635,0.1575470009993296,0.0014838750066701323,0.0,0.0,0.0,0.0,0.0027022059948649257,0.0,0.0,0.0,0.01983183200354688,0,0,0,0,0,0,0,47.809202698041,91.09333438518578,47.809202698041,43.284131687144786,40477,165363712,1790405508.295708,runs/round-budget-20260926T064431Z/bank_s10004_T0/r2_none.json,PASS
bank,10004,0,none,3,1,0.1655950410058722,0.17614804100594483,0.07095003128051758,0.24709796905517578,0.0020318750175647438,0.0015662919904571027,0.004045333014801145,0.0019087500113528222,0.0001793749979697168,0.000746666977647692,7.470799027942121e-05,0.0,0.0032429579878225923,0.1582040823122952,0.0015002909931354225,0.0,0.0,0.0,0.0,0.002647709712618962,0.0,0.0,0.0,0.019490874983603135,0,0,0,0,0,0,0,47.809202698041,91.09333438518578,47.809202698041,43.284131687144786,40477,165396480,1790405509.135493,runs/round-budget-20260926T064431Z/bank_s10004_T0/r3_none.json,PASS
bank,10004,0,basic,0,1,0.16252729200641625,0.17284454201580957,0.06793093681335449,0.24077558517456055,0.002000875014346093,0.0015435839886777103,0.004072875017300248,0.0017192920204252005,0.00018070900114253163,0.000744540971936658,5.537399556487799e-05,0.0,0.0032618340046610683,0.15540999991935678,0.0014632910024374723,0.0,0.0,0.0,0.0,0.0023921670799609274,0.0,0.0,0.0,0.01959737399010919,0,0,0,0,0,0,,47.809202698041,91.09333438518578,47.809202698041,43.284131687144786,40477,165429248,1790405505.8091369,runs/round-budget-20260926T064431Z/bank_s10004_T0/r0_basic.json,PASS
bank,10004,0,basic,1,0,0.1658221250108909,0.17625645798398182,0.06660723686218262,0.24286365509033203,0.0019151250016875565,0.0015506669878959656,0.004063375003170222,0.001893374981591478,0.00018274999456480145,0.0007713339873589575,5.7707016821950674e-05,0.0,0.0030839999963063747,0.15864295916981064,0.0015623329964000732,0.0,0.0,0.0,0.0,0.0025328328483738005,0.0,0.0,0.0,0.019773666019318625,0,0,0,0,0,0,,47.809202698041,91.09333438518578,47.809202698041,43.284131687144786,40477,165298176,1790405506.6342552,runs/round-budget-20260926T064431Z/bank_s10004_T0/r1_basic.json,PASS
bank,10004,0,basic,2,3,0.16595866699935868,0.17632520900224335,0.06722283363342285,0.24354815483093262,0.0018944589828606695,0.0014740420156158507,0.0042164170008618385,0.0017496249929536134,0.00018779200036078691,0.0007842089980840683,5.999801214784384e-05,0.0,0.0033167919900733978,0.15845345592242666,0.0015121249889489263,0.0,0.0,0.0,0.0,0.002676294097909704,0.0,0.0,0.0,0.019725791964447126,0,0,0,0,0,0,,47.809202698041,91.09333438518578,47.809202698041,43.284131687144786,40477,165494784,1790405508.5491278,runs/round-budget-20260926T064431Z/bank_s10004_T0/r2_basic.json,PASS
bank,10004,0,basic,3,2,0.16398816698347218,0.1743945419730153,0.06950187683105469,0.243896484375,0.0019474999862723053,0.001547666994156316,0.004156625014729798,0.0017479170055594295,0.00018454200471751392,0.0007609999738633633,6.112401024438441e-05,0.0,0.0032446670229546726,0.15671362401917577,0.0014822919911239296,0.0,0.0,0.0,0.0,0.0025475839502178133,0.0,0.0,0.0,0.02055970800574869,0,0,0,0,0,0,,47.809202698041,91.09333438518578,47.809202698041,43.284131687144786,40477,165462016,1790405509.3924239,runs/round-budget-20260926T064431Z/bank_s10004_T0/r3_basic.json,PASS
bank,10004,0,runnerup,0,2,0.1640762919851113,0.17426599998725578,0.06731820106506348,0.24158430099487305,0.0019040000042878091,0.0015235420141834766,0.004025125002954155,0.0017405830149073154,0.0001867079990915954,0.0007504159875679761,5.9333979152143e-05,0.0,0.0032654999813530594,0.1569025440257974,0.001481165993027389,0.0,0.0,0.0,0.0,0.0024270819849334657,0.0,0.0,0.0,0.01943445799406618,0,0,0,0,0,0,,47.809202698041,91.09333438518578,47.809202698041,43.284131687144786,40477,165494784,1790405506.0600152,runs/round-budget-20260926T064431Z/bank_s10004_T0/r0_runnerup.json,PASS
bank,10004,0,runnerup,1,1,0.16451729199616238,0.17487291601719335,0.06742525100708008,0.24229812622070312,0.0019196250068489462,0.0014714580029249191,0.003918458998668939,0.0020213749958202243,0.00019466699450276792,0.0007696659886278212,6.037403363734484e-05,0.0,0.0031558750197291374,0.1573924610274844,0.001458667014958337,0.0,0.0,0.0,0.0,0.0025102889339905232,0.0,0.0,0.0,0.019587834045523778,0,0,0,0,0,0,,47.809202698041,91.09333438518578,47.809202698041,43.284131687144786,40477,165281792,1790405506.888863,runs/round-budget-20260926T064431Z/bank_s10004_T0/r1_runnerup.json,PASS
bank,10004,0,runnerup,2,0,0.16542741699959151,0.1759943749930244,0.06826925277709961,0.2442636489868164,0.002096416981657967,0.0015671250002924353,0.00395616699825041,0.0019242499838583171,0.0001819159951992333,0.0007669169863220304,7.416604785248637e-05,0.0,0.0031784170132596046,0.15807879011845216,0.0014607500052079558,0.0,0.0,0.0,0.0,0.0027094598626717925,0.0,0.0,0.0,0.019629667018307373,0,0,0,0,0,0,,47.809202698041,91.09333438518578,47.809202698041,43.284131687144786,40477,165494784,1790405507.719763,runs/round-budget-20260926T064431Z/bank_s10004_T0/r2_runnerup.json,PASS
bank,10004,0,runnerup,3,3,0.1647485410212539,0.17523408398847096,0.06737613677978516,0.24261021614074707,0.0019896669837180525,0.0016462499916087836,0.0039522080041933805,0.0019016669830307364,0.00018066700431518257,0.0007522919913753867,6.279200897552073e-05,0.0,0.003079042013268918,0.15754320603446104,0.0014612080121878535,0.0,0.0,0.0,0.0,0.002665084961336106,0.0,0.0,0.0,0.019479500013403594,0,0,0,0,0,0,,47.809202698041,91.09333438518578,47.809202698041,43.284131687144786,40477,165281792,1790405509.644962,runs/round-budget-20260926T064431Z/bank_s10004_T0/r3_runnerup.json,PASS
bank,10004,1,fresh,0,2,0.3695062089827843,0.3766287909820676,0.06702113151550293,0.4436500072479248,0.0019187080033589154,0.0015951250097714365,0.0,0.0018682499940041453,0.00040262500988319516,0.001283833000343293,5.404098192229867e-05,0.004797125002369285,0.0,0.2322497040440794,0.0015358749951701611,0.0,0.09538950087153353,0.03371704003075138,0.0,0.001816964038880542,0.0,0.0,0.0,0.05960595604847185,45166,0,0,0,0,45166,,33.9266857170789,67.73694013420027,33.9266857170789,33.81025441712138,79945,148914176,1790405518.590188,runs/round-budget-20260926T064431Z/bank_s10004_T1/r0_fresh.json,PASS
bank,10004,1,fresh,1,1,0.3684063750260975,0.375482125004055,0.06773495674133301,0.44321703910827637,0.0019010840042028576,0.0015764159907121211,0.0,0.0017405000107828528,0.0004167080041952431,0.001383042021188885,5.79999468754977e-05,0.004657624987885356,0.0,0.22990795792429708,0.0015343330160249025,0.0,0.09650241397321224,0.03405074996408075,0.0,0.0017532951605971903,0.0,0.0,0.0,0.05923083299421705,45166,0,0,0,0,45166,,33.9266857170789,67.73694013420027,33.9266857170789,33.81025441712138,79945,149061632,1790405519.936127,runs/round-budget-20260926T064431Z/bank_s10004_T1/r1_fresh.json,PASS
bank,10004,1,fresh,2,0,0.36910374998115003,0.37646029199822806,0.07112336158752441,0.4475836753845215,0.0019829170196317136,0.0016528340056538582,0.0,0.001762708998285234,0.0004125830018892884,0.001474915974540636,7.058301707729697e-05,0.004718541982583702,0.0,0.23098308392218314,0.001574166992213577,0.0,0.09609120906679891,0.0339498340326827,0.0,0.0017869139846879989,0.0,0.0,0.0,0.05935925102676265,45166,0,0,0,0,45166,,33.9266857170789,67.73694013420027,33.9266857170789,33.81025441712138,79945,150339584,1790405521.2785542,runs/round-budget-20260926T064431Z/bank_s10004_T1/r2_fresh.json,PASS
bank,10004,1,fresh,3,3,0.37042724998900667,0.37774187501054257,0.06721806526184082,0.4449598789215088,0.002165625017369166,0.001534707989776507,0.0,0.0017414590111002326,0.00046575002488680184,0.0013403329940047115,6.674998439848423e-05,0.004690917005063966,0.0,0.2304460438899696,0.0015842500142753124,0.0,0.09753900303621776,0.03445058307261206,0.0,0.0017164529708679765,0.0,0.0,0.0,0.05980025007738732,45166,0,0,0,0,45166,,33.9266857170789,67.73694013420027,33.9266857170789,33.81025441712138,79945,151126016,1790405524.512625,runs/round-budget-20260926T064431Z/bank_s10004_T1/r3_fresh.json,PASS
bank,10004,1,none,0,3,0.2991347910137847,0.31142858299426734,0.06704306602478027,0.37847161293029785,0.00194620800903067,0.0016916670138016343,0.004949333000695333,0.0018627920071594417,0.0004378340090624988,0.0013466659875120968,5.929195322096348e-05,0.0,0.0034073329879902303,0.15797966599348,0.001548832980915904,0.0,0.09866787798819132,0.034581459971377626,5.108400364406407e-05,0.0028985370881855488,0.0,0.0,0.0,0.060105751967057586,45166,0,0,0,0,45166,0,33.9266857170789,67.73694013420027,33.9266857170789,33.81025441712138,79945,186580992,1790405519.044367,runs/round-budget-20260926T064431Z/bank_s10004_T1/r0_none.json,PASS
bank,10004,1,none,1,2,0.29399204201763496,0.30607758299447596,0.06696891784667969,0.3730463981628418,0.0019726250029634684,0.0015195409941952676,0.005016499984776601,0.0017432089953217655,0.00041354098357260227,0.001363832998322323,5.629201768897474e-05,0.0,0.0031627909920644015,0.15630987816257402,0.001503292005509138,0.0,0.09592070692451671,0.03433254192350432,3.749999450519681e-05,0.002725332014961168,0.0,0.0,0.0,0.05951512494357303,45166,0,0,0,0,45166,0,33.9266857170789,67.73694013420027,33.9266857170789,33.81025441712138,79945,186040320,1790405520.389063,runs/round-budget-20260926T064431Z/bank_s10004_T1/r1_none.json,PASS
bank,10004,1,none,2,1,0.2936163749836851,0.3057164170022588,0.0690310001373291,0.37474751472473145,0.002023750013904646,0.001584249985171482,0.004892041994025931,0.001794290990801528,0.00044062500819563866,0.0013002500054426491,6.483402103185654e-05,0.0,0.00312362500699237,0.15681562316603959,0.0015245000249706209,0.0,0.09537820896366611,0.03406071200151928,3.420800203457475e-05,0.0026794978184625506,0.0,0.0,0.0,0.05930821201764047,45166,0,0,0,0,45166,0,33.9266857170789,67.73694013420027,33.9266857170789,33.81025441712138,79945,185974784,1790405521.735322,runs/round-budget-20260926T064431Z/bank_s10004_T1/r2_none.json,PASS
bank,10004,1,none,3,0,0.2973859170160722,0.3098785000038333,0.06778669357299805,0.37766528129577637,0.0020189589995425195,0.0016058750043157488,0.005003207974368706,0.0020064169948454946,0.0004689999914262444,0.001326917001279071,6.220702198334038e-05,0.0,0.0033601250033825636,0.15982537396484986,0.0015407080063596368,0.0,0.0955220429750625,0.03437049989588559,4.7582987463101745e-05,0.002719584183068946,0.0,0.0,0.0,0.060010665911249816,45166,0,0,0,0,45166,0,33.9266857170789,67.73694013420027,33.9266857170789,33.81025441712138,79945,187809792,1790405523.121616,runs/round-budget-20260926T064431Z/bank_s10004_T1/r3_none.json,PASS
bank,10004,1,basic,0,0,0.40816245798487216,0.42007395799737424,0.06800699234008789,0.4880809783935547,0.0019219999958295375,0.001519583020126447,0.004929042013827711,0.001769582973793149,0.00041258399141952395,0.001302707998547703,5.600001895800233e-05,0.0,0.003251874994020909,0.15719775203615427,0.0014541250129695982,0.0005257070297375321,0.20578279299661517,0.036186505982186645,4.995899507775903e-05,0.003713740938110277,0.10903741692891344,0.11471012499532662,0.09602883298066445,0.06705225497717038,45166,45166,0,0,45166,90332,0,33.9266857170789,67.73694013420027,33.9266857170789,33.81025441712138,79945,188792832,1790405517.589822,runs/round-budget-20260926T064431Z/bank_s10004_T1/r0_basic.json,PASS
bank,10004,1,basic,1,3,0.40810299999429844,0.4202936249785125,0.06874895095825195,0.4890425205230713,0.001920207985676825,0.001481915998738259,0.00516420800704509,0.0018666669784579426,0.0004044999950565398,0.0012932089739479125,5.9917045291513205e-05,0.0,0.003099666995694861,0.15776595889474265,0.0014947080053389072,0.0004974169714841992,0.20475458310102113,0.03660275405854918,3.287498839199543e-05,0.0038550369790755212,0.10879641905194148,0.1141168329922948,0.09539866601699032,0.06783121210173704,45166,45166,0,0,45166,90332,0,33.9266857170789,67.73694013420027,33.9266857170789,33.81025441712138,79945,189038592,1790405520.775317,runs/round-budget-20260926T064431Z/bank_s10004_T1/r1_basic.json,PASS
bank,10004,1,basic,2,2,0.40845258298213594,0.4208049580047373,0.0676429271697998,0.488447904586792,0.002049917005933821,0.0016534170135855675,0.004955707991030067,0.0018623750074766576,0.0004719169810414314,0.001299499999731779,5.9541023802012205e-05,0.0,0.003505791013594717,0.1578358769766055,0.0016221670084632933,0.0005130840290803462,0.20429545690421946,0.036826043913606554,6.458300049416721e-05,0.0037895801360718906,0.10791453896672465,0.11352316601551138,0.09567462498671375,0.06768866893253289,45166,45166,0,0,45166,90332,0,33.9266857170789,67.73694013420027,33.9266857170789,33.81025441712138,79945,190644224,1790405522.119854,runs/round-budget-20260926T064431Z/bank_s10004_T1/r2_basic.json,PASS
bank,10004,1,basic,3,1,0.4096510419913102,0.42195520902168937,0.0676417350769043,0.4895968437194824,0.0019563750247471035,0.001684957998804748,0.004994332994101569,0.0018657089967746288,0.0004378329904284328,0.0013043330109212548,6.062601460143924e-05,0.0,0.0033229579858016223,0.15748683389392681,0.001527082989923656,0.0005295859591569752,0.20665196105255745,0.03630995596176945,3.487500362098217e-05,0.003787789144553244,0.1100342080462724,0.11563420799211599,0.09594404199742712,0.06735970597947016,45166,45166,0,0,45166,90332,0,33.9266857170789,67.73694013420027,33.9266857170789,33.81025441712138,79945,191741952,1790405523.5109918,runs/round-budget-20260926T064431Z/bank_s10004_T1/r3_basic.json,PASS
bank,10004,1,runnerup,0,1,0.4110142079880461,0.4229405839869287,0.06792187690734863,0.4908623695373535,0.0019300419953651726,0.0015246669936459512,0.0050127079884987324,0.0017362920043524355,0.0004048749979119748,0.0012569160026032478,6.087601650506258e-05,0.0,0.0034863330074585974,0.1587869949580636,0.0015126670186873525,0.0012122079788241535,0.20566283399239182,0.03665504197124392,4.675000673159957e-05,0.0036513790546450764,0.10963816600269638,0.11598016700008884,0.09531508301733993,0.06765133191947825,45166,45166,0,0,45166,90332,0,33.9266857170789,67.73694013420027,33.9266857170789,33.81025441712138,79945,189562880,1790405518.089014,runs/round-budget-20260926T064431Z/bank_s10004_T1/r0_runnerup.json,PASS
bank,10004,1,runnerup,1,0,0.409467792022042,0.4212558750004973,0.0687098503112793,0.48996567726135254,0.0019435419817455113,0.0015662910009268671,0.004768624989083037,0.0017525410221423954,0.0004284169990569353,0.0012622920039575547,6.637498154304922e-05,0.0,0.003176416998030618,0.15695312587195076,0.0015200840134639293,0.0011943750432692468,0.20626249987981282,0.036529542063362896,3.65830201189965e-05,0.0037951651320327073,0.10946704400703311,0.11560108300182037,0.09618295897962525,0.06742658306029625,45166,45166,0,0,45166,90332,0,33.9266857170789,67.73694013420027,33.9266857170789,33.81025441712138,79945,188956672,1790405519.435803,runs/round-budget-20260926T064431Z/bank_s10004_T1/r1_runnerup.json,PASS
bank,10004,1,runnerup,2,3,0.4101401249936316,0.42210891700233333,0.06752586364746094,0.48963475227355957,0.0019408329972065985,0.0016217500087805092,0.004805582982953638,0.0017503330018371344,0.00043308301246725023,0.001353750005364418,6.346000009216368e-05,0.0,0.003531417023623362,0.15758733497932553,0.0016569170111324638,0.0011903340055141598,0.20575262210331857,0.0365856260759756,6.254197796806693e-05,0.0037733318167738616,0.10884037599316798,0.11496270800125785,0.09628583400626667,0.0676642500620801,45166,45166,0,0,45166,90332,0,33.9266857170789,67.73694013420027,33.9266857170789,33.81025441712138,79945,190857216,1790405522.619456,runs/round-budget-20260926T064431Z/bank_s10004_T1/r2_runnerup.json,PASS
bank,10004,1,runnerup,3,2,0.4102767079893965,0.4221953329979442,0.06704306602478027,0.4892385005950928,0.0019254170183558017,0.0016174159827642143,0.004895249992841855,0.0018009580089710653,0.0004043749941047281,0.0012137079902458936,6.150102126412094e-05,0.0,0.0032200419809669256,0.15779146194108762,0.001525624975329265,0.0012655850150622427,0.206373122142395,0.03623967291787267,3.1499977922067046e-05,0.0038296990387607366,0.10987300096894614,0.1162063340016175,0.09581962501397356,0.06726267287740484,45166,45166,0,0,45166,90332,0,33.9266857170789,67.73694013420027,33.9266857170789,33.81025441712138,79945,191856640,1790405524.011501,runs/round-budget-20260926T064431Z/bank_s10004_T1/r3_runnerup.json,PASS
bank,10004,2,fresh,0,1,0.49772549999761395,0.5056866660015658,0.0692300796508789,0.5749168395996094,0.0019452910055406392,0.0015296250057872385,0.0,0.0019232089980505407,0.0006395830132532865,0.0018452499934937805,7.820798782631755e-05,0.004576625011395663,0.0,0.2281399551720824,0.0014997090038377792,0.0,0.19149096400360577,0.07011128810700029,0.0,0.0019069586996920407,0.0,0.0,0.0,0.10053978813812137,90332,0,0,0,0,90332,,32.99636979372405,65.92546063498145,32.92909084125739,32.99636979372405,119570,151224320,1790405533.944024,runs/round-budget-20260926T064431Z/bank_s10004_T2/r0_fresh.json,PASS
bank,10004,2,fresh,1,0,0.5026099579990841,0.5111890409898479,0.06863808631896973,0.579827070236206,0.0020787499961443245,0.0015399999974761158,0.0,0.002271542005473748,0.0006717079959344119,0.0019261669949628413,9.091600077226758e-05,0.0046804580197203904,0.0,0.23225516092497855,0.0015612499846611172,0.0,0.1929819169745315,0.06911958192358725,0.0,0.0020115901716053486,0.0,0.0,0.0,0.100146956887329,90332,0,0,0,0,90332,,32.99636979372405,65.92546063498145,32.92909084125739,32.99636979372405,119570,151175168,1790405535.6845021,runs/round-budget-20260926T064431Z/bank_s10004_T2/r1_fresh.json,PASS
bank,10004,2,fresh,2,3,0.5069778750184923,0.5152335409948137,0.07174205780029297,0.5869755744934082,0.0020035000052303076,0.0016854999994393438,0.0,0.002070832997560501,0.0006257499917410314,0.0018069589859806001,6.312399636954069e-05,0.004654375021345913,0.0,0.2335927870881278,0.001560375007102266,0.0,0.19462266698246822,0.07039932894986123,0.0,0.002148341969586909,0.0,0.0,0.0,0.10154766199411824,90332,0,0,0,0,90332,,32.99636979372405,65.92546063498145,32.92909084125739,32.99636979372405,119570,151142400,1790405539.922965,runs/round-budget-20260926T064431Z/bank_s10004_T2/r2_fresh.json,PASS
bank,10004,2,fresh,3,2,0.5054026669822633,0.5135135420132428,0.07015681266784668,0.5836703777313232,0.0022624170233029872,0.0015599580074194819,0.0,0.001721125008771196,0.0006576660089194775,0.0018408329924568534,6.887599010951817e-05,0.004745874990476295,0.0,0.23425504000624642,0.0014753750001545995,0.0,0.19328408513683826,0.0696075820014812,0.0,0.0020347098470665514,0.0,0.0,0.0,0.10057108299224637,90332,0,0,0,0,90332,,32.99636979372405,65.92546063498145,32.92909084125739,32.99636979372405,119570,151257088,1790405541.8208709,runs/round-budget-20260926T064431Z/bank_s10004_T2/r3_fresh.json,PASS
bank,10004,2,none,0,2,0.42437383299693465,0.4387679169885814,0.06800317764282227,0.5067710876464844,0.0021976249990984797,0.001634166983421892,0.006354167009703815,0.0016490000125486404,0.0006338329985737801,0.0018642499926500022,6.104199565015733e-05,0.0,0.003121209010714665,0.1569254160276614,0.0014629579964093864,0.0,0.19158245789003558,0.06833908913540654,0.00010449899127706885,0.0028382039454299957,0.0,0.0,0.0,0.09838450414827093,90332,0,0,0,0,90332,0,32.99636979372405,65.92546063498145,32.92909084125739,32.99636979372405,119570,189874176,1790405534.528619,runs/round-budget-20260926T064431Z/bank_s10004_T2/r0_none.json,PASS
bank,10004,2,none,1,1,0.4246274170000106,0.4390047090128064,0.07249903678894043,0.5115036964416504,0.002109042019583285,0.0014896670181769878,0.006239917012862861,0.001892292028060183,0.0006366249872371554,0.001936833985382691,7.291496149264276e-05,0.0,0.003209374990547076,0.15808354201726615,0.001525708008557558,0.0,0.18983837895211764,0.06894979605567642,0.00010112501331605017,0.002919491962529719,0.0,0.0,0.0,0.09960863008745946,90332,0,0,0,0,90332,0,32.99636979372405,65.92546063498145,32.92909084125739,32.99636979372405,119570,191430656,1790405536.279382,runs/round-budget-20260926T064431Z/bank_s10004_T2/r1_none.json,PASS
bank,10004,2,none,2,0,0.42799724999349564,0.44235162500990555,0.06991314888000488,0.5122647285461426,0.001936749991727993,0.0016559579817112535,0.006136625015642494,0.00199162500211969,0.0006371249910444021,0.0019315410172566772,6.475101690739393e-05,0.0,0.0032609579793643206,0.15942103895940818,0.0015545829955954105,0.0,0.19135991396615282,0.06935971000348218,0.00013837398728355765,0.0029026721022091806,0.0,0.0,0.0,0.09950808397843502,90332,0,0,0,0,90332,0,32.99636979372405,65.92546063498145,32.92909084125739,32.99636979372405,119570,190431232,1790405538.094336,runs/round-budget-20260926T064431Z/bank_s10004_T2/r2_none.json,PASS
bank,10004,2,none,3,3,0.43478270899504423,0.4493114159849938,0.07130074501037598,0.5206122398376465,0.0021278329950291663,0.0015555419959127903,0.0065337079868186265,0.0015727499849162996,0.0006792499916628003,0.0019696249801199883,8.999905548989773e-05,0.0,0.0033092919911723584,0.1608253289014101,0.0015441249997820705,0.0,0.19491825203294866,0.07102212405879982,0.00014145797467790544,0.003022129036253318,0.0,0.0,0.0,0.10279891605023295,90332,0,0,0,0,90332,0,32.99636979372405,65.92546063498145,32.92909084125739,32.99636979372405,119570,191496192,1790405542.4165618,runs/round-budget-20260926T064431Z/bank_s10004_T2/r3_none.json,PASS
bank,10004,2,basic,0,3,0.5403113329957705,0.5543907090032008,0.06982803344726562,0.6242187023162842,0.0019743340089917183,0.001666875003138557,0.006232833984540775,0.0016565830155741423,0.0006314159836620092,0.0018545410130172968,6.279299850575626e-05,0.0,0.003205374989192933,0.15826541889691725,0.0016255830123554915,0.0005333730368874967,0.3013542899861932,0.07116574991960078,0.00012716700439341366,0.004034376150229946,0.10933949903119355,0.11494562501320615,0.09642666700528935,0.10758204193552956,90332,45166,0,0,45166,135498,0,32.99636979372405,65.92546063498145,32.92909084125739,32.99636979372405,119570,195018752,1790405535.048803,runs/round-budget-20260926T064431Z/bank_s10004_T2/r0_basic.json,PASS
bank,10004,2,basic,1,2,0.5496080830052961,0.5633529580081813,0.0677800178527832,0.6311330795288086,0.0018004580051638186,0.0014137079997453839,0.0062449160031974316,0.0017856670019682497,0.0006404579908121377,0.0017941660189535469,6.550198304466903e-05,0.0,0.003279083000961691,0.1565333329490386,0.0014452080067712814,0.0004894169396720827,0.3090703751076944,0.0747837028466165,0.00011604203609749675,0.0038909221184439957,0.10783841795637272,0.1132825409877114,0.09540525000193156,0.11259057786082849,90332,45166,0,0,45166,135498,0,32.99636979372405,65.92546063498145,32.92909084125739,32.99636979372405,119570,195788800,1790405536.79866,runs/round-budget-20260926T064431Z/bank_s10004_T2/r1_basic.json,PASS
bank,10004,2,basic,2,1,0.5564547920075711,0.570805042021675,0.07151627540588379,0.6423213481903076,0.002051375020528212,0.0015595419972669333,0.006125291984062642,0.001847750012530014,0.0007020420162007213,0.0019834999984595925,8.074898505583405e-05,0.0,0.0031161249789875,0.1626985830371268,0.0015567080117762089,0.00057800198555924,0.31145937292603776,0.07275659003062174,0.00013083199155516922,0.004158579045906663,0.11386570800095797,0.11974962500971742,0.10023174999514595,0.10943858802784234,90332,45166,0,0,45166,135498,0,32.99636979372405,65.92546063498145,32.92909084125739,32.99636979372405,119570,195969024,1790405538.62013,runs/round-budget-20260926T064431Z/bank_s10004_T2/r2_basic.json,PASS
bank,10004,2,basic,3,0,0.5513859590282664,0.5657631670183036,0.0741429328918457,0.6399061679840088,0.0021370419999584556,0.0017725419893395156,0.0062422909832093865,0.0016115420148707926,0.00070616599987261,0.001818457996705547,8.916700608097017e-05,0.0,0.0033254580048378557,0.16334762098267674,0.0015457500121556222,0.0005929149920120835,0.3059623770532198,0.07178141915937886,0.00011475000064820051,0.004715668823337182,0.11220558302011341,0.1181984170107171,0.0978406670037657,0.1097142961807549,90332,45166,0,0,45166,135498,0,32.99636979372405,65.92546063498145,32.92909084125739,32.99636979372405,119570,195919872,1790405540.524859,runs/round-budget-20260926T064431Z/bank_s10004_T2/r3_basic.json,PASS
bank,10004,2,runnerup,0,0,0.5430041249783244,0.5580633330100682,0.07156920433044434,0.6296324729919434,0.0022200829989742488,0.0015786660078447312,0.006449582986533642,0.0022765829926356673,0.0006297499930951744,0.0018262090161442757,7.833403651602566e-05,0.0,0.003296832990599796,0.15713424197747372,0.001453584001865238,0.0012382080021779984,0.3030511720571667,0.07217508312896825,9.841597056947649e-05,0.004556586849503219,0.10938308594631962,0.11570799999753945,0.09684691700385883,0.1085010411334224,90332,45166,0,0,45166,135498,0,32.99636979372405,65.92546063498145,32.92909084125739,32.99636979372405,119570,196624384,1790405533.304398,runs/round-budget-20260926T064431Z/bank_s10004_T2/r0_runnerup.json,PASS
bank,10004,2,runnerup,1,3,0.5482215840020217,0.5627220409805886,0.07221102714538574,0.6349329948425293,0.002009374991757795,0.0015916670090518892,0.0063860410009510815,0.001956791995326057,0.0006435830146074295,0.0018439580162521452,6.904095062054694e-05,0.0,0.0031304160074796528,0.15952062798896804,0.0014886660210322589,0.0011969579791184515,0.3055800369766075,0.07319141391781159,0.00010645698057487607,0.004007008130429313,0.11045262691914104,0.11665754101704806,0.09993500000564381,0.10997016297187656,90332,45166,0,0,45166,135498,0,32.99636979372405,65.92546063498145,32.92909084125739,32.99636979372405,119570,194723840,1790405537.44854,runs/round-budget-20260926T064431Z/bank_s10004_T2/r1_runnerup.json,PASS
bank,10004,2,runnerup,2,2,0.549202875001356,0.563640000007581,0.07184576988220215,0.6354858875274658,0.001966625015484169,0.0015530000091530383,0.006338542007142678,0.0019087910186499357,0.000633417017525062,0.0019690000044647604,6.774993380531669e-05,0.0,0.0033831670007202774,0.16155295906355605,0.0014567500038538128,0.0011977499234490097,0.30476796001312323,0.07246354193193838,0.00013191800098866224,0.004248829063726589,0.10905712697422132,0.1153576249780599,0.09793237500707619,0.10953000190784223,90332,45166,0,0,45166,135498,0,32.99636979372405,65.92546063498145,32.92909084125739,32.99636979372405,119570,194641920,1790405539.2759008,runs/round-budget-20260926T064431Z/bank_s10004_T2/r2_runnerup.json,PASS
bank,10004,2,runnerup,3,1,0.5528882910148241,0.5672309589863289,0.06832098960876465,0.635551929473877,0.0020699170127045363,0.0015913330134935677,0.006087959016440436,0.0018848750041797757,0.000708707986632362,0.0019229169993195683,7.695893873460591e-05,0.0,0.0033195409923791885,0.16193904407555237,0.0016503749939147383,0.0012835409143008292,0.3069471240742132,0.07351658193510957,0.00012850001803599298,0.004103584011318162,0.11161458198330365,0.11829495898564346,0.09795712499180809,0.11017762494157068,90332,45166,0,0,45166,135498,0,32.99636979372405,65.92546063498145,32.92909084125739,32.99636979372405,119570,196263936,1790405541.170909,runs/round-budget-20260926T064431Z/bank_s10004_T2/r3_runnerup.json,PASS
credit,10000,0,fresh,0,2,0.17972587500116788,0.1851829170191195,0.07243895530700684,0.25762176513671875,0.0014454170013777912,0.0010556250053923577,0.0,0.002246333984658122,0.00010287499753758311,0.0005470000032801181,5.979102570563555e-05,0.0028026670042891055,0.0,0.16763940631062724,0.006340082996757701,0.0,0.0,0.0,0.0,0.002943718689493835,0.0,0.0,0.0,0.0141675409686286,0,0,0,0,0,0,,18.450500896249306,35.68341265412735,17.232911757878046,18.450500896249306,22121,73711616,1790405549.036858,runs/round-budget-20260926T064431Z/credit_s10000_T0/r0_fresh.json,PASS
credit,10000,0,fresh,1,1,0.17957329101045616,0.1850268749985844,0.07274508476257324,0.25777196884155273,0.0013802500034216791,0.0010387079964857548,0.0,0.002103040984366089,0.00011816699407063425,0.0007389169768430293,7.450103294104338e-05,0.0026980830007232726,0.0,0.16730407788418233,0.006689041998470202,0.0,0.0,0.0,0.0,0.002882088127080351,0.0,0.0,0.0,0.014638750028098002,0,0,0,0,0,0,,18.450500896249306,35.68341265412735,17.232911757878046,18.450500896249306,22121,73711616,1790405549.592781,runs/round-budget-20260926T064431Z/credit_s10000_T0/r1_fresh.json,PASS
credit,10000,0,fresh,2,0,0.1770664170035161,0.1819168340007309,0.07311701774597168,0.2550339698791504,0.0012232500012032688,0.0009035000111907721,0.0,0.0018037499976344407,0.00012158299796283245,0.0007341250020544976,6.420898716896772e-05,0.002484083001036197,0.0,0.16524120373651385,0.006654833006905392,0.0,0.0,0.0,0.0,0.002686297259060666,0.0,0.0,0.0,0.015224375005345792,0,0,0,0,0,0,,18.450500896249306,35.68341265412735,17.232911757878046,18.450500896249306,22121,74072064,1790405550.143233,runs/round-budget-20260926T064431Z/credit_s10000_T0/r2_fresh.json,PASS
credit,10000,0,fresh,3,3,0.1748532080091536,0.17977937497198582,0.07134270668029785,0.25112199783325195,0.0014430839801207185,0.0009912909881677479,0.0,0.001726124988636002,0.00010637499508447945,0.0006003750022500753,5.891700857318938e-05,0.0025561660004314035,0.0,0.16313842023373581,0.00655358299263753,0.0,0.0,0.0,0.0,0.0026050387823488563,0.0,0.0,0.0,0.013984916993649676,0,0,0,0,0,0,,18.450500896249306,35.68341265412735,17.232911757878046,18.450500896249306,22121,73760768,1790405551.247069,runs/round-budget-20260926T064431Z/credit_s10000_T0/r3_fresh.json,PASS
credit,10000,0,none,0,3,0.04549554199911654,0.05433020798955113,0.07455992698669434,0.1288900375366211,0.0012895000108983368,0.0009171249985229224,0.0038467919803224504,0.0018776250071823597,0.00012483401224017143,0.0007143340189941227,6.445596227422357e-05,0.0,0.0021353329939302057,0.033450123883085325,0.006837708002422005,0.0,0.0,0.0,0.0,0.003072377119679004,0.0,0.0,0.0,0.013954207999631763,0,0,0,0,0,0,0,18.450500896249306,35.68341265412735,17.232911757878046,18.450500896249306,22121,88702976,1790405549.307221,runs/round-budget-20260926T064431Z/credit_s10000_T0/r0_none.json,PASS
credit,10000,0,none,1,2,0.04531212500296533,0.05479558298247866,0.07311892509460449,0.1279144287109375,0.0013838329759892076,0.0010520829819142818,0.004042624990688637,0.002214625012129545,0.000116915995022282,0.00060450000455603,6.887601921334863e-05,0.0,0.0020209580252412707,0.033087745134253055,0.006805125012760982,0.0,0.0,0.0,0.0,0.0033982968307100236,0.0,0.0,0.0,0.01396854204358533,0,0,0,0,0,0,0,18.450500896249306,35.68341265412735,17.232911757878046,18.450500896249306,22121,88768512,1790405549.862557,runs/round-budget-20260926T064431Z/credit_s10000_T0/r1_none.json,PASS
credit,10000,0,none,2,1,0.04446600002120249,0.05405904201325029,0.0708761215209961,0.12493515014648438,0.0014199170109350234,0.000967875006608665,0.004078624973772094,0.0022889999963808805,0.00011454202467575669,0.0006550420075654984,6.804097210988402e-05,0.0,0.002064207976218313,0.03259124496253207,0.006581000023288652,0.0,0.0,0.0,0.0,0.003229547059163451,0.0,0.0,0.0,0.013750209007412195,0,0,0,0,0,0,0,18.450500896249306,35.68341265412735,17.232911757878046,18.450500896249306,22121,87654400,1790405550.406903,runs/round-budget-20260926T064431Z/credit_s10000_T0/r2_none.json,PASS
credit,10000,0,none,3,0,0.04732833299203776,0.05712387498351745,0.0736091136932373,0.13073301315307617,0.0014782919897697866,0.0010227499878965318,0.004187957994872704,0.0023564999864902347,0.00010454197763465345,0.0005725830269511789,7.291702786460519e-05,0.0,0.0019320840074215084,0.03506712705711834,0.006688499997835606,0.0,0.0,0.0,0.0,0.003640621929662302,0.0,0.0,0.0,0.015182207978796214,0,0,0,0,0,0,0,18.450500896249306,35.68341265412735,17.232911757878046,18.450500896249306,22121,88440832,1790405550.8226051,runs/round-budget-20260926T064431Z/credit_s10000_T0/r3_none.json,PASS
credit,10000,0,basic,0,0,0.045527624984970316,0.055094666982768103,0.07591581344604492,0.1310105323791504,0.0013312499795574695,0.0010237090173177421,0.004039042018121108,0.0023531250189989805,0.00011149997590109706,0.0006416249962057918,6.679099169559777e-05,0.0,0.0020253330003470182,0.033384661888703704,0.006858707987703383,0.0,0.0,0.0,0.0,0.003258922108216211,0.0,0.0,0.0,0.014556249981978908,0,0,0,0,0,0,,18.450500896249306,35.68341265412735,17.232911757878046,18.450500896249306,22121,88637440,1790405548.7571409,runs/round-budget-20260926T064431Z/credit_s10000_T0/r0_basic.json,PASS
credit,10000,0,basic,1,3,0.04451524998876266,0.05462862501735799,0.0731658935546875,0.12779450416564941,0.001445375004550442,0.0011984590091742575,0.003871749999234453,0.0019291659991722554,0.0001280419819522649,0.0014688330120407045,7.175002247095108e-05,0.0,0.002073250012472272,0.03267624386353418,0.006568874989170581,0.0,0.0,0.0,0.0,0.0031968811235856265,0.0,0.0,0.0,0.013949249987490475,0,0,0,0,0,0,,18.450500896249306,35.68341265412735,17.232911757878046,18.450500896249306,22121,88326144,1790405550.003505,runs/round-budget-20260926T064431Z/credit_s10000_T0/r1_basic.json,PASS
credit,10000,0,basic,2,2,0.04467375000240281,0.053730249986983836,0.07149577140808105,0.12522602081298828,0.0012728330038953573,0.0011095840018242598,0.003847582993330434,0.0019184999982826412,0.00012208300177007914,0.0007216249941848218,6.429199129343033e-05,0.0,0.0019341250008437783,0.03292996683740057,0.006734791997587308,0.0,0.0,0.0,0.0,0.003074866166571155,0.0,0.0,0.0,0.013863541971659288,0,0,0,0,0,0,,18.450500896249306,35.68341265412735,17.232911757878046,18.450500896249306,22121,87801856,1790405550.5447328,runs/round-budget-20260926T064431Z/credit_s10000_T0/r2_basic.json,PASS
credit,10000,0,basic,3,1,0.04543770800228231,0.054799625009763986,0.07558584213256836,0.1303853988647461,0.001358125009573996,0.0010191249893978238,0.0038772079860791564,0.002102250000461936,0.0001067080011125654,0.0008406249980907887,5.787602276541293e-05,0.0,0.0019410829991102219,0.0339179991860874,0.006376667006406933,0.0,0.0,0.0,0.0,0.003201958810677752,0.0,0.0,0.0,0.013510500051779673,0,0,0,0,0,0,,18.450500896249306,35.68341265412735,17.232911757878046,18.450500896249306,22121,88866816,1790405550.969087,runs/round-budget-20260926T064431Z/credit_s10000_T0/r3_basic.json,PASS
credit,10000,0,runnerup,0,1,0.04579433400067501,0.05516758299199864,0.07353496551513672,0.12870264053344727,0.0013698750117328018,0.0009217079787049443,0.003730124997673556,0.0024662080104462802,0.00011720799375325441,0.0006984579958952963,6.966700311750174e-05,0.0,0.002068542002234608,0.03360982710728422,0.006903958012117073,0.0,0.0,0.0,0.0,0.0032120068790391088,0.0,0.0,0.0,0.014263833028962836,0,0,0,0,0,0,,18.450500896249306,35.68341265412735,17.232911757878046,18.450500896249306,22121,88670208,1790405548.8983948,runs/round-budget-20260926T064431Z/credit_s10000_T0/r0_runnerup.json,PASS
credit,10000,0,runnerup,1,0,0.04543441699934192,0.05566241702763364,0.07572102546691895,0.13138341903686523,0.0013420000032056123,0.0010546249977778643,0.004121041012695059,0.0019855420105159283,0.00012075001723133028,0.001513999974122271,9.004201274365187e-05,0.0,0.0022016250004526228,0.033192623930517584,0.0068649169988930225,0.0,0.0,0.0,0.0,0.0031752510694786906,0.0,0.0,0.0,0.013920959027018398,0,0,0,0,0,0,,18.450500896249306,35.68341265412735,17.232911757878046,18.450500896249306,22121,88539136,1790405549.452042,runs/round-budget-20260926T064431Z/credit_s10000_T0/r1_runnerup.json,PASS
credit,10000,0,runnerup,2,3,0.04605183401145041,0.05675395799335092,0.06915497779846191,0.12590885162353516,0.0012224169913679361,0.0009839160193223506,0.004728250001790002,0.002079541009152308,0.00010483301593922079,0.0015284160035662353,5.475094076246023e-05,0.0,0.001997499988647178,0.03366345493122935,0.006730541004799306,0.0,0.0,0.0,0.0,0.0036603380867745727,0.0,0.0,0.0,0.014218124008039013,0,0,0,0,0,0,,18.450500896249306,35.68341265412735,17.232911757878046,18.450500896249306,22121,88834048,1790405550.678881,runs/round-budget-20260926T064431Z/credit_s10000_T0/r2_runnerup.json,PASS
credit,10000,0,runnerup,3,2,0.04519883400644176,0.054587499995250255,0.0710000991821289,0.12558770179748535,0.0012742499820888042,0.0009488340001553297,0.0037334160006139427,0.002666582993697375,0.0001035839959513396,0.0006059999868739396,5.59990294277668e-05,0.0,0.0018899999849963933,0.033176828030264005,0.006535291002364829,0.0,0.0,0.0,0.0,0.0035967149888165295,0.0,0.0,0.0,0.013995290995808318,0,0,0,0,0,0,,18.450500896249306,35.68341265412735,17.232911757878046,18.450500896249306,22121,88326144,1790405551.107413,runs/round-budget-20260926T064431Z/credit_s10000_T0/r3_runnerup.json,PASS
credit,10000,1,fresh,0,1,0.267398541996954,0.2733305830042809,0.07099008560180664,0.34432077407836914,0.001285582984564826,0.0011660000018309802,0.0,0.002209333993960172,0.00024362499243579805,0.0009669580031186342,6.0541031416505575e-05,0.002516292006475851,0.0,0.1701147040585056,0.006644708017120138,0.0,0.06336208499851637,0.021789044985780492,0.0,0.002971707930555567,0.0,0.0,0.0,0.038771293009631336,29970,0,0,0,0,29970,,13.799988121004443,27.41316776237782,13.613179641373378,13.799988121004443,44420,74235904,1790405558.26033,runs/round-budget-20260926T064431Z/credit_s10000_T1/r0_fresh.json,PASS
credit,10000,1,fresh,1,0,0.261766167008318,0.2669144170067739,0.07006216049194336,0.3369765281677246,0.0012551670079119503,0.0009824170265346766,0.0,0.0017005830013658851,0.00023391598369926214,0.0009189590055029839,5.720797344110906e-05,0.0027603750058915466,0.0,0.16528479914995842,0.007135499996365979,0.0,0.062269250076496974,0.02136454396531917,0.0,0.002951698814285919,0.0,0.0,0.0,0.03699137695366517,29970,0,0,0,0,29970,,13.799988121004443,27.41316776237782,13.613179641373378,13.799988121004443,44420,74153984,1790405559.141591,runs/round-budget-20260926T064431Z/credit_s10000_T1/r1_fresh.json,PASS
credit,10000,1,fresh,2,3,0.260161500016693,0.2652982500148937,0.06867408752441406,0.3339724540710449,0.0012566670193336904,0.0009496670099906623,0.0,0.0016720420098863542,0.000264959002379328,0.0009370000043418258,5.641495226882398e-05,0.00273183302488178,0.0,0.1644293742137961,0.006602999987080693,0.0,0.06209428602596745,0.02136946198879741,0.0,0.002933544776169583,0.0,0.0,0.0,0.03636883798753843,29970,0,0,0,0,29970,,13.799988121004443,27.41316776237782,13.613179641373378,13.799988121004443,44420,73973760,1790405561.19153,runs/round-budget-20260926T064431Z/credit_s10000_T1/r2_fresh.json,PASS
credit,10000,1,fresh,3,2,0.257745042006718,0.26295991701772436,0.06638908386230469,0.3293490409851074,0.0012990000250283629,0.0009632909786887467,0.0,0.0017277089937124401,0.0002452090266160667,0.000922291015740484,5.73749712202698e-05,0.0025522090145386755,0.0,0.1626202921033837,0.0067982919863425195,0.0,0.061591795849381015,0.021290212229359895,0.0,0.0028922408237122,0.0,0.0,0.0,0.03628692121128552,29970,0,0,0,0,29970,,13.799988121004443,27.41316776237782,13.613179641373378,13.799988121004443,44420,74776576,1790405562.138879,runs/round-budget-20260926T064431Z/credit_s10000_T1/r3_fresh.json,PASS
credit,10000,1,none,0,2,0.13127779198111966,0.14235183299751952,0.07112598419189453,0.21347784996032715,0.0012301669921725988,0.0009765840077307075,0.005562250007642433,0.0019793749961536378,0.00025895898579619825,0.001008833001833409,5.787302507087588e-05,0.0,0.001948707998963073,0.03283966216258705,0.006615874997805804,0.0,0.06414429395226762,0.02223704307107255,3.7582998629659414e-05,0.003454626799793914,0.0,0.0,0.0,0.03702675105887465,29970,0,0,0,0,29970,0,13.799988121004443,27.41316776237782,13.613179641373378,13.799988121004443,44420,93274112,1790405558.6155899,runs/round-budget-20260926T064431Z/credit_s10000_T1/r0_none.json,PASS
credit,10000,1,none,1,1,0.12941208298434503,0.14032633398892358,0.06709814071655273,0.20742440223693848,0.0012670419819187373,0.0009919999865815043,0.005493917007697746,0.0019063329964410514,0.00024741599918343127,0.0009527079819235951,5.483505083248019e-05,0.0,0.0021194999862927943,0.032112961140228435,0.0065015000000130385,0.0,0.06229283387074247,0.022923918993910775,4.3459003791213036e-05,0.003417909989366308,0.0,0.0,0.0,0.03707262800890021,29970,0,0,0,0,29970,0,13.799988121004443,27.41316776237782,13.613179641373378,13.799988121004443,44420,92438528,1790405559.486017,runs/round-budget-20260926T064431Z/credit_s10000_T1/r1_none.json,PASS
credit,10000,1,none,2,0,0.133014709019335,0.14434075000463054,0.07355690002441406,0.21789765357971191,0.0013452080020215362,0.0009893749956972897,0.0056541250087320805,0.0021254999737720937,0.00024191700504161417,0.0009034589747898281,6.645702524110675e-05,0.0,0.0021320410014595836,0.03487204317934811,0.006854709004983306,0.0,0.06386636605020612,0.02167974761687219,5.67499955650419e-05,0.003553052170900628,0.0,0.0,0.0,0.03734558058204129,29970,0,0,0,0,29970,0,13.799988121004443,27.41316776237782,13.613179641373378,13.799988121004443,44420,92536832,1790405560.351191,runs/round-budget-20260926T064431Z/credit_s10000_T1/r2_none.json,PASS
credit,10000,1,none,3,3,0.12718912499258295,0.13814629201078787,0.0672457218170166,0.20539212226867676,0.0013805000053253025,0.000999332987703383,0.005389875004766509,0.0019408749940339476,0.0002357079938519746,0.0009481660090386868,6.271002348512411e-05,0.0,0.0019504160154610872,0.03167313395533711,0.006700666010146961,0.0,0.0620673771481961,0.021438168943859637,3.7209014408290386e-05,0.0033221539051737636,0.0,0.0,0.0,0.03582179395016283,29970,0,0,0,0,29970,0,13.799988121004443,27.41316776237782,13.613179641373378,13.799988121004443,44420,92323840,1790405562.4801018,runs/round-budget-20260926T064431Z/credit_s10000_T1/r3_none.json,PASS
credit,10000,1,basic,0,3,0.21029491699300706,0.2213610410108231,0.06903696060180664,0.29039788246154785,0.0014315409935079515,0.0009979169990401715,0.00530645897379145,0.0021432909998111427,0.00024987501092255116,0.0008677089936099946,6.933204713277519e-05,0.0,0.0019766250043176115,0.03236262689461,0.006684166000923142,0.0008703759231138974,0.13522353308508173,0.02758575341431424,3.937497967854142e-05,0.0055524616909679025,0.07323138398351148,0.08397466599126346,0.06308508300571702,0.042898252402665094,29970,29970,0,0,29970,59940,0,13.799988121004443,27.41316776237782,13.613179641373378,13.799988121004443,44420,92323840,1790405558.838687,runs/round-budget-20260926T064431Z/credit_s10000_T1/r0_basic.json,PASS
credit,10000,1,basic,1,2,0.22370450000744313,0.23581350001040846,0.07478785514831543,0.31060147285461426,0.0016807080246508121,0.0010870419791899621,0.0060240419988986105,0.002028875023825094,0.0002714580041356385,0.0009216670005116612,9.520797175355256e-05,0.0,0.0021873329824302346,0.03543549604364671,0.006626707996474579,0.001017801056150347,0.1432802079070825,0.028757284017046914,7.512498996220529e-05,0.00632454501464963,0.07682367009692825,0.0884919170057401,0.06766012500156648,0.04481191001832485,29970,29970,0,0,29970,59940,0,13.799988121004443,27.41316776237782,13.613179641373378,13.799988121004443,44420,93732864,1790405559.7129579,runs/round-budget-20260926T064431Z/credit_s10000_T1/r1_basic.json,PASS
credit,10000,1,basic,2,1,0.21414891601307318,0.22494812498916872,0.07087206840515137,0.2958202362060547,0.0013677079987246543,0.0009757090010680258,0.005342709016986191,0.0018921669980045408,0.00023529198369942605,0.0009206249960698187,6.49989815428853e-05,0.0,0.001933874998940155,0.03336386816226877,0.006669083988526836,0.0009141320770140737,0.13772845832863823,0.027686206274665892,3.875000402331352e-05,0.005814542178995907,0.0741450771165546,0.08518270900822245,0.06464941697777249,0.04309137421660125,29970,29970,0,0,29970,59940,0,13.799988121004443,27.41316776237782,13.613179641373378,13.799988121004443,44420,92864512,1790405560.5779111,runs/round-budget-20260926T064431Z/credit_s10000_T1/r2_basic.json,PASS
credit,10000,1,basic,3,0,0.2128194159886334,0.22342875000322238,0.06779909133911133,0.2912278175354004,0.0013068330008536577,0.0009495840058661997,0.005241374979959801,0.0017592910153325647,0.0002639169979374856,0.0010214580106548965,6.687600398436189e-05,0.0,0.0019450830004643649,0.03178946324624121,0.006547208991833031,0.0009676229965407401,0.13799542101332918,0.02767045664950274,3.2499985536560416e-05,0.005871660105185583,0.07417866511968896,0.08533091700519435,0.06499795799027197,0.04302662561531179,29970,29970,0,0,29970,59940,0,13.799988121004443,27.41316776237782,13.613179641373378,13.799988121004443,44420,93929472,1790405561.53493,runs/round-budget-20260926T064431Z/credit_s10000_T1/r3_basic.json,PASS
credit,10000,1,runnerup,0,0,0.21770899998955429,0.2297788750147447,0.07017230987548828,0.29995107650756836,0.0015650000132154673,0.0010158749937545508,0.005951707978965715,0.002317749982466921,0.00023999999393709004,0.0009050419903360307,7.45000725146383e-05,0.0,0.0020183750020805746,0.03328591713216156,0.006637750018853694,0.0022818769502919167,0.139325374213513,0.027839915012009442,4.5083987060934305e-05,0.00627470767358318,0.07538291905075312,0.08808183297514915,0.06502162499236874,0.043817080062581226,29970,29970,0,0,29970,59940,0,13.799988121004443,27.41316776237782,13.613179641373378,13.799988121004443,44420,94158848,1790405557.9478972,runs/round-budget-20260926T064431Z/credit_s10000_T1/r0_runnerup.json,PASS
credit,10000,1,runnerup,1,3,0.22125804200186394,0.23283462499966845,0.07125687599182129,0.3040914535522461,0.0012243750097695738,0.0009637080074753612,0.005746541981352493,0.0024426669988315552,0.0002506250166334212,0.0008894579950720072,5.92079886700958e-05,0.0,0.0021859580010641366,0.033824785001343116,0.006924791989149526,0.0022144159593153745,0.1419365878100507,0.028058537282049656,5.691600381396711e-05,0.006056049955077469,0.07629596194601618,0.08866987499641255,0.06681408398435451,0.0446372042351868,29970,29970,0,0,29970,59940,0,13.799988121004443,27.41316776237782,13.613179641373378,13.799988121004443,44420,93732864,1790405560.032647,runs/round-budget-20260926T064431Z/credit_s10000_T1/r1_runnerup.json,PASS
credit,10000,1,runnerup,2,2,0.21498333298950456,0.2268508749839384,0.06990814208984375,0.29675912857055664,0.0014023339899722487,0.0011265419889241457,0.005813333002151921,0.0022911660198587924,0.00023962499108165503,0.0009251669980585575,6.937500438652933e-05,0.0,0.0020940839895047247,0.033374007092788815,0.006663707987172529,0.00217604503268376,0.1370616698404774,0.027314748062053695,5.1584007451310754e-05,0.0062474869773723185,0.07376216410193592,0.08604304201435298,0.06437508299131878,0.04362120607402176,29970,29970,0,0,29970,59940,0,13.799988121004443,27.41316776237782,13.613179641373378,13.799988121004443,44420,93995008,1790405560.8845341,runs/round-budget-20260926T064431Z/credit_s10000_T1/r2_runnerup.json,PASS
credit,10000,1,runnerup,3,1,0.21156358299776912,0.22234579198993742,0.06813907623291016,0.2904849052429199,0.0013343339960556477,0.0009872090013232082,0.005259749974356964,0.0019518340122886002,0.00023700000019744039,0.0009490000084042549,6.308199954219162e-05,0.0,0.0019399159937165678,0.0316311237111222,0.006669958995189518,0.0021237129694782197,0.13641307791112922,0.027193671965505928,4.012498538941145e-05,0.005551996466238052,0.0733821649919264,0.08531779199256562,0.06421612499980256,0.042366630950709805,29970,29970,0,0,29970,59940,0,13.799988121004443,27.41316776237782,13.613179641373378,13.799988121004443,44420,92651520,1790405561.838645,runs/round-budget-20260926T064431Z/credit_s10000_T1/r3_runnerup.json,PASS
credit,10000,2,fresh,0,0,0.34243295798660256,0.348101959010819,0.06706404685974121,0.41516590118408203,0.001285000005736947,0.0009853749943431467,0.0,0.0016979999782051891,0.0003569999826140702,0.0012875840184278786,5.604204488918185e-05,0.0026491250027902424,0.0,0.16293488291557878,0.006646750000072643,0.0,0.12424774505780078,0.04284771496895701,0.0,0.0031067400414031,0.0,0.0,0.0,0.05875429799198173,59940,0,0,0,0,59940,,13.212089300390755,26.399798170742073,13.18770887035132,13.212089300390755,66766,74776576,1790405566.5901,runs/round-budget-20260926T064431Z/credit_s10000_T2/r0_fresh.json,PASS
credit,10000,2,fresh,1,3,0.3422339999815449,0.34791720801149495,0.06766104698181152,0.41557836532592773,0.0012182499922346324,0.0010203749989159405,0.0,0.0017944580176845193,0.0003482080064713955,0.0012477500131353736,5.416700150817633e-05,0.0026732500118669122,0.0,0.1634891700814478,0.006549375015310943,0.0,0.12371236711624078,0.04266716292477213,0.0,0.0031426748319063336,0.0,0.0,0.0,0.058088829973712564,59940,0,0,0,0,59940,,13.212089300390755,26.399798170742073,13.18770887035132,13.212089300390755,66766,73940992,1790405569.1819892,runs/round-budget-20260926T064431Z/credit_s10000_T2/r1_fresh.json,PASS
credit,10000,2,fresh,2,2,0.33888104200013913,0.3445306250068825,0.06818413734436035,0.41271471977233887,0.0012226669932715595,0.0010152499889954925,0.0,0.0017946249863598496,0.0003502079925965518,0.001212625007610768,5.420803790912032e-05,0.0026323749916628003,0.0,0.16026108007645234,0.006604042020626366,0.0,0.12346098909620196,0.04283012117957696,0.0,0.0030924346356187016,0.0,0.0,0.0,0.058506247180048376,59940,0,0,0,0,59940,,13.212089300390755,26.399798170742073,13.18770887035132,13.212089300390755,66766,73383936,1790405570.3911161,runs/round-budget-20260926T064431Z/credit_s10000_T2/r2_fresh.json,PASS
credit,10000,2,fresh,3,1,0.33891845899051987,0.34441787499235943,0.06677007675170898,0.41118788719177246,0.0012282499810680747,0.0009631660068407655,0.0,0.0016506249958183616,0.00035604200093075633,0.0012496249983087182,5.1708018872886896e-05,0.0027167079970240593,0.0,0.16172162201837637,0.006617625011131167,0.0,0.12225537392077968,0.04263996670488268,0.0,0.0029671633383259177,0.0,0.0,0.0,0.058567674743244424,59940,0,0,0,0,59940,,13.212089300390755,26.399798170742073,13.18770887035132,13.212089300390755,66766,73728000,1790405571.506957,runs/round-budget-20260926T064431Z/credit_s10000_T2/r3_fresh.json,PASS
credit,10000,2,none,0,1,0.21095166701707058,0.2239324999973178,0.06721830368041992,0.2911508083343506,0.0012391659838613123,0.000979500007815659,0.006898791994899511,0.0020167080219835043,0.0004407090018503368,0.0013340830046217889,7.187496521510184e-05,0.0,0.0019995420007035136,0.03192320396192372,0.006587749987374991,0.0,0.1232646751741413,0.043361320393159986,0.00011212498066015542,0.0037030505191069096,0.0,0.0,0.0,0.05862565338611603,59940,0,0,0,0,59940,0,13.212089300390755,26.399798170742073,13.18770887035132,13.212089300390755,66766,95256576,1790405567.0156732,runs/round-budget-20260926T064431Z/credit_s10000_T2/r0_none.json,PASS
credit,10000,2,none,1,0,0.2111165840178728,0.22380949999205768,0.06768512725830078,0.29149460792541504,0.0012232500012032688,0.0009471660014241934,0.006806375022279099,0.001914042019052431,0.000360167003236711,0.0013853749842382967,5.654094275087118e-05,0.0,0.001963500020792708,0.03227678866824135,0.006631374999415129,0.0,0.12329083308577538,0.04337875192868523,0.0001112080062739551,0.003464127308689058,0.0,0.0,0.0,0.05890046089189127,59940,0,0,0,0,59940,0,13.212089300390755,26.399798170742073,13.18770887035132,13.212089300390755,66766,95174656,1790405568.099342,runs/round-budget-20260926T064431Z/credit_s10000_T2/r1_none.json,PASS
credit,10000,2,none,2,3,0.21107416599988937,0.22397137500229292,0.06917595863342285,0.29314732551574707,0.001246875006472692,0.0009605419763829559,0.007012999994913116,0.0019224580028094351,0.0003719999804161489,0.001323416014201939,5.8918027207255363e-05,0.0,0.0018820830155164003,0.03280945215374231,0.00654295802814886,0.0,0.12270716999773867,0.04347112021059729,7.937400368973613e-05,0.0035820085904560983,0.0,0.0,0.0,0.0591672862356063,59940,0,0,0,0,59940,0,13.212089300390755,26.399798170742073,13.18770887035132,13.212089300390755,66766,95141888,1790405570.815666,runs/round-budget-20260926T064431Z/credit_s10000_T2/r2_none.json,PASS
credit,10000,2,none,3,2,0.20892491700942628,0.22171650000382215,0.06748795509338379,0.28920435905456543,0.0012172500137239695,0.0010712920047808439,0.0066133340005762875,0.002208290999988094,0.00035533300251699984,0.0012734580086544156,5.262496415525675e-05,0.0,0.0019594169862102717,0.03167378975194879,0.006556790991453454,0.0,0.12229283287888393,0.042849625926464796,7.837600423954427e-05,0.003514084470225498,0.0,0.0,0.0,0.05784933295217343,59940,0,0,0,0,59940,0,13.212089300390755,26.399798170742073,13.18770887035132,13.212089300390755,66766,95240192,1790405571.929097,runs/round-budget-20260926T064431Z/credit_s10000_T2/r3_none.json,PASS
credit,10000,2,basic,0,2,0.2953115419950336,0.3085732920153532,0.06801819801330566,0.37659144401550293,0.001265750004677102,0.0010670000046957284,0.007033125002635643,0.0022463749919552356,0.00036258299951441586,0.001230958994710818,5.595802213065326e-05,0.0,0.001967333984794095,0.03254300111439079,0.006594708014745265,0.0009040039440151304,0.19798961788183078,0.04919874729239382,7.949999417178333e-05,0.006034629768691957,0.0738984651688952,0.08476908301236108,0.06423462499515153,0.06544158028555103,59940,29970,0,0,29970,89910,0,13.212089300390755,26.399798170742073,13.18770887035132,13.212089300390755,66766,95289344,1790405567.319802,runs/round-budget-20260926T064431Z/credit_s10000_T2/r0_basic.json,PASS
credit,10000,2,basic,1,1,0.2951371250092052,0.30778420899878256,0.06795215606689453,0.3757364749908447,0.001272666995646432,0.0009903329773806036,0.006593666010303423,0.0021212080027908087,0.00036808301229029894,0.0012372500204946846,6.38769706711173e-05,0.0,0.001983374997507781,0.031967202841769904,0.0064887919870670885,0.0009158321190625429,0.1979183329967782,0.049690081184962764,8.475099457427859e-05,0.006088757887482643,0.07316295694909059,0.0840686250012368,0.06375041700084694,0.06566579118953086,59940,29970,0,0,29970,89910,0,13.212089300390755,26.399798170742073,13.18770887035132,13.212089300390755,66766,95338496,1790405568.40313,runs/round-budget-20260926T064431Z/credit_s10000_T2/r1_basic.json,PASS
credit,10000,2,basic,2,0,0.29555404200800695,0.3081695419969037,0.06772589683532715,0.37589550018310547,0.0012286250130273402,0.0009761249821167439,0.006850125006167218,0.0018971659883391112,0.0003657500201370567,0.0012412499927449971,5.645898636430502e-05,0.0,0.001897041976917535,0.03226483496837318,0.006560832989634946,0.0009157521126326174,0.19864153518574312,0.04921370485681109,9.229098213836551e-05,0.005968048935756087,0.0738628750841599,0.08482816701871343,0.06474583299132064,0.06530037280754186,59940,29970,0,0,29970,89910,0,13.212089300390755,26.399798170742073,13.18770887035132,13.212089300390755,66766,95617024,1790405569.6080298,runs/round-budget-20260926T064431Z/credit_s10000_T2/r2_basic.json,PASS
credit,10000,2,basic,3,3,0.2961290000239387,0.30902741698082536,0.06856203079223633,0.37758946418762207,0.0013183339906390756,0.0009355410002171993,0.006940249993931502,0.0019688329775817692,0.00037633301690220833,0.0012967909860890359,6.233499152585864e-05,0.0,0.001904959004605189,0.032709497114410624,0.006556209002155811,0.0008986278553493321,0.19921053960570134,0.0488298780110199,8.170801447704434e-05,0.005937581416219473,0.07382575498195365,0.0847952920012176,0.0646169160027057,0.06497783702798188,59940,29970,0,0,29970,89910,0,13.212089300390755,26.399798170742073,13.18770887035132,13.212089300390755,66766,95371264,1790405572.231241,runs/round-budget-20260926T064431Z/credit_s10000_T2/r3_basic.json,PASS
credit,10000,2,runnerup,0,3,0.2975211660086643,0.3102909580047708,0.0691981315612793,0.3794891834259033,0.001264999998966232,0.0009842920117080212,0.00690783400204964,0.0018721660017035902,0.000380458019208163,0.0013007080124225467,5.9333950048312545e-05,0.0,0.002118417003657669,0.03248945515952073,0.006523624993860722,0.002133464702637866,0.19844841834856197,0.04953228693921119,0.00011283298954367638,0.00616266587167047,0.07393971519195475,0.08613379200687632,0.0644702079880517,0.06558095294167288,59940,29970,0,0,29970,89910,0,13.212089300390755,26.399798170742073,13.18770887035132,13.212089300390755,66766,95338496,1790405567.709513,runs/round-budget-20260926T064431Z/credit_s10000_T2/r0_runnerup.json,PASS
credit,10000,2,runnerup,1,2,0.29740191699238494,0.3102374169975519,0.06872200965881348,0.37895941734313965,0.0013323749881237745,0.0009925419872161,0.006909041985636577,0.0018773339979816228,0.00035795898293145,0.00130637499387376,5.987306940369308e-05,0.0,0.0020622090087272227,0.03241459888522513,0.006702332990244031,0.0021471667860168964,0.19912783955805935,0.04862462216988206,9.929202497005463e-05,0.006223855569260195,0.07377965693012811,0.08584070799406618,0.06463704199995846,0.06495870609069243,59940,29970,0,0,29970,89910,0,13.212089300390755,26.399798170742073,13.18770887035132,13.212089300390755,66766,95289344,1790405568.792304,runs/round-budget-20260926T064431Z/credit_s10000_T2/r1_runnerup.json,PASS
credit,10000,2,runnerup,2,1,0.3015690840256866,0.314614040980814,0.06796097755432129,0.38257503509521484,0.0012706249835900962,0.0010582919931039214,0.0069010829902254045,0.0021197090100031346,0.0003671669983305037,0.0012664160167332739,6.166496314108372e-05,0.0,0.001915792003273964,0.03192750088055618,0.006636832986259833,0.002136040769983083,0.20218025473877788,0.05073902910226025,9.141597547568381e-05,0.005942217569099739,0.07425000393413939,0.08632349999970756,0.06564833401353098,0.0669373630953487,59940,29970,0,0,29970,89910,0,13.212089300390755,26.399798170742073,13.18770887035132,13.212089300390755,66766,95338496,1790405569.996125,runs/round-budget-20260926T064431Z/credit_s10000_T2/r2_runnerup.json,PASS
credit,10000,2,runnerup,3,0,0.29534874999080785,0.30826808299752884,0.06869077682495117,0.37695884704589844,0.001313957996899262,0.0009657919872552156,0.006802290998166427,0.002176707988837734,0.00036404101410880685,0.0012397919781506062,5.675104330293834e-05,0.0,0.0020596250251401216,0.03234221300226636,0.00660724999033846,0.002121878060279414,0.19725307889166288,0.04890174220781773,9.549898095428944e-05,0.005967463832348585,0.07338966595125385,0.08544729099958204,0.06411304097855464,0.0648121592530515,59940,29970,0,0,29970,89910,0,13.212089300390755,26.399798170742073,13.18770887035132,13.212089300390755,66766,95600640,1790405571.1199539,runs/round-budget-20260926T064431Z/credit_s10000_T2/r3_runnerup.json,PASS
credit,10001,0,fresh,0,1,0.17419870899175294,0.17893437499878928,0.06718182563781738,0.24611616134643555,0.001314332999754697,0.0009810409974306822,0.0,0.0016539590142201632,0.00010812500840984285,0.0006152919959276915,6.291599129326642e-05,0.0025174589827656746,0.0,0.16279633512021974,0.006323958979919553,0.0,0.0,0.0,0.0,0.0025609559088479728,0.0,0.0,0.0,0.013646208972204477,0,0,0,0,0,0,,17.427166421560205,33.71827074102023,16.291104319460022,17.427166421560205,22185,72892416,1790405575.6212978,runs/round-budget-20260926T064431Z/credit_s10001_T0/r0_fresh.json,PASS
credit,10001,0,fresh,1,0,0.17630570800974965,0.18135316701955162,0.06722187995910645,0.24857497215270996,0.001459082996007055,0.0010772919922601432,0.0,0.00171237500035204,0.0001110419980250299,0.0006222499941941351,6.541702896356583e-05,0.0025940409977920353,0.0,0.164497668039985,0.006452833011280745,0.0,0.0,0.0,0.0,0.0027611659606918693,0.0,0.0,0.0,0.014468582026893273,0,0,0,0,0,0,,17.427166421560205,33.71827074102023,16.291104319460022,17.427166421560205,22185,73859072,1790405576.15434,runs/round-budget-20260926T064431Z/credit_s10001_T0/r1_fresh.json,PASS
credit,10001,0,fresh,2,3,0.17449162498814985,0.17926408399944194,0.06894302368164062,0.24820709228515625,0.001254583999980241,0.0009781659755390137,0.0,0.001717125007417053,0.00010649999603629112,0.0006640409992542118,5.204303306527436e-05,0.00263537498540245,0.0,0.1627827670890838,0.006339292012853548,0.0,0.0,0.0,0.0,0.002734190900810063,0.0,0.0,0.0,0.01390220900066197,0,0,0,0,0,0,,17.427166421560205,33.71827074102023,16.291104319460022,17.427166421560205,22185,72712192,1790405577.22679,runs/round-budget-20260926T064431Z/credit_s10001_T0/r2_fresh.json,PASS
credit,10001,0,fresh,3,2,0.17491370800416917,0.18028525001136586,0.06858992576599121,0.24887514114379883,0.0012532910041045398,0.0009732079925015569,0.0,0.00236304197460413,0.00010462498175911605,0.0006206670077517629,5.6709046475589275e-05,0.00266100000590086,0.0,0.1628469571878668,0.006319874984910712,0.0,0.0,0.0,0.0,0.0030858758254908025,0.0,0.0,0.0,0.014268667000578716,0,0,0,0,0,0,,17.427166421560205,33.71827074102023,16.291104319460022,17.427166421560205,22185,73629696,1790405577.753301,runs/round-budget-20260926T064431Z/credit_s10001_T0/r3_fresh.json,PASS
credit,10001,0,none,0,2,0.04696041700663045,0.056051666993880644,0.07091712951660156,0.1269688606262207,0.0013271250063553452,0.0009864169987849891,0.003832041984423995,0.0021312500175554305,0.00010458301403559744,0.0006492499960586429,6.058297003619373e-05,0.0,0.0019304160086903721,0.03552291408414021,0.006329499999992549,0.0,0.0,0.0,0.0,0.0031775869138073176,0.0,0.0,0.0,0.013418292015558109,0,0,0,0,0,0,0,17.427166421560205,33.71827074102023,16.291104319460022,17.427166421560205,22185,87736320,1790405575.881849,runs/round-budget-20260926T064431Z/credit_s10001_T0/r0_none.json,PASS
credit,10001,0,none,1,1,0.04745970800286159,0.056006375001743436,0.06762480735778809,0.12363123893737793,0.0013127079873811454,0.0009417499823030084,0.0037249580200295895,0.0017631250084377825,0.00011583301238715649,0.0006286670104600489,5.962597788311541e-05,0.0,0.0019931670103687793,0.03583308687666431,0.0063733749848324805,0.0,0.0,0.0,0.0,0.0032600791309960186,0.0,0.0,0.0,0.013424208969809115,0,0,0,0,0,0,0,17.427166421560205,33.71827074102023,16.291104319460022,17.427166421560205,22185,87654400,1790405576.413923,runs/round-budget-20260926T064431Z/credit_s10001_T0/r1_none.json,PASS
credit,10001,0,none,2,0,0.04726391698932275,0.05627662502229214,0.07080507278442383,0.12708163261413574,0.001339583017397672,0.0009654590103309602,0.0037869170191697776,0.0021643340005539358,0.00010533299064263701,0.0005935410154052079,5.754097946919501e-05,0.0,0.0019815830164588988,0.035844549973262474,0.006312749988865107,0.0,0.0,0.0,0.0,0.0031250340107362717,0.0,0.0,0.0,0.013400625990470871,0,0,0,0,0,0,0,17.427166421560205,33.71827074102023,16.291104319460022,17.427166421560205,22185,87867392,1790405576.8235781,runs/round-budget-20260926T064431Z/credit_s10001_T0/r2_none.json,PASS
credit,10001,0,none,3,3,0.04755604200181551,0.05621437498484738,0.06801605224609375,0.12423038482666016,0.0012345830036792904,0.0010229999898001552,0.00380962502094917,0.0018357499793637544,0.0001099579967558384,0.0005912919878028333,5.412500468082726e-05,0.0,0.0019528340199030936,0.036089619738049805,0.006418292003218085,0.0,0.0,0.0,0.0,0.0030952962406445295,0.0,0.0,0.0,0.013298832986038178,0,0,0,0,0,0,0,17.427166421560205,33.71827074102023,16.291104319460022,17.427166421560205,22185,87769088,1790405578.011457,runs/round-budget-20260926T064431Z/credit_s10001_T0/r3_none.json,PASS
credit,10001,0,basic,0,3,0.048738582991063595,0.057739541021874174,0.06779885292053223,0.12553834915161133,0.0012388330069370568,0.0009516249992884696,0.003982124995673075,0.001974874990992248,0.0001176249934360385,0.0006712079921271652,6.466705235652626e-05,0.0,0.002211915998486802,0.03663184624747373,0.0065108749840874225,0.0,0.0,0.0,0.0,0.0033839457610156387,0.0,0.0,0.0,0.014265624980907887,0,0,0,0,0,0,,17.427166421560205,33.71827074102023,16.291104319460022,17.427166421560205,22185,88113152,1790405576.016913,runs/round-budget-20260926T064431Z/credit_s10001_T0/r0_basic.json,PASS
credit,10001,0,basic,1,2,0.046930666983826086,0.05563375001656823,0.0669260025024414,0.12255978584289551,0.0013142090174369514,0.0009506669885013252,0.003730625001480803,0.0019284999871160835,0.00010500001371838152,0.0006155830051284283,5.849901936016977e-05,0.0,0.0019549999851733446,0.035683369875187054,0.006316417013294995,0.0,0.0,0.0,0.0,0.002975880110170692,0.0,0.0,0.0,0.013158626010408625,0,0,0,0,0,0,,17.427166421560205,33.71827074102023,16.291104319460022,17.427166421560205,22185,87588864,1790405576.547234,runs/round-budget-20260926T064431Z/credit_s10001_T0/r1_basic.json,PASS
credit,10001,0,basic,2,1,0.04666383398580365,0.05533504200866446,0.06769704818725586,0.1230320930480957,0.0013057919859420508,0.0009437919943593442,0.003873625013511628,0.0017860000079963356,0.00010854197898879647,0.0005988330231048167,5.4624018957838416e-05,0.0,0.0020343750074971467,0.03513957388349809,0.006418167002266273,0.0,0.0,0.0,0.0,0.0030717180925421417,0.0,0.0,0.0,0.013386207981966436,0,0,0,0,0,0,,17.427166421560205,33.71827074102023,16.291104319460022,17.427166421560205,22185,87654400,1790405576.95853,runs/round-budget-20260926T064431Z/credit_s10001_T0/r2_basic.json,PASS
credit,10001,0,basic,3,0,0.0467917500063777,0.05544537500827573,0.06757521629333496,0.12302064895629883,0.0012534580018837005,0.0009602089994587004,0.003869125008350238,0.0017614999960642308,0.00010899998596869409,0.0006450419896282256,5.529102054424584e-05,0.0,0.0019912919960916042,0.035473456053296104,0.00634258400532417,0.0,0.0,0.0,0.0,0.0029844179516658187,0.0,0.0,0.0,0.013189793011406437,0,0,0,0,0,0,,17.427166421560205,33.71827074102023,16.291104319460022,17.427166421560205,22185,87638016,1790405577.4834912,runs/round-budget-20260926T064431Z/credit_s10001_T0/r3_basic.json,PASS
credit,10001,0,runnerup,0,0,0.04743475001305342,0.05610937500023283,0.0673990249633789,0.12350845336914062,0.0013629159948322922,0.0010035000159405172,0.0037600839859806,0.0018187079986091703,0.00010687499889172614,0.000566458998946473,5.608299397863448e-05,0.0,0.00198020797688514,0.0359992932935711,0.006392582989064977,0.0,0.0,0.0,0.0,0.003062665753532201,0.0,0.0,0.0,0.01332304099923931,0,0,0,0,0,0,,17.427166421560205,33.71827074102023,16.291104319460022,17.427166421560205,22185,87572480,1790405575.487435,runs/round-budget-20260926T064431Z/credit_s10001_T0/r0_runnerup.json,PASS
credit,10001,0,runnerup,1,3,0.0486670829996001,0.0583404169883579,0.06844115257263184,0.12678146362304688,0.0015765840071253479,0.0010375840065535158,0.004083042003912851,0.002127125015249476,0.00011799999629147351,0.0006611659773625433,6.983298226259649e-05,0.0,0.002354750002268702,0.036246961972210556,0.00669695800752379,0.0,0.0,0.0,0.0,0.0033684130175970495,0.0,0.0,0.0,0.014002624026034027,0,0,0,0,0,0,,17.427166421560205,33.71827074102023,16.291104319460022,17.427166421560205,22185,88604672,1790405576.682296,runs/round-budget-20260926T064431Z/credit_s10001_T0/r1_runnerup.json,PASS
credit,10001,0,runnerup,2,2,0.04703024998889305,0.05572741702781059,0.06719398498535156,0.12292146682739258,0.0012750830210279673,0.0010100420040544122,0.0038542499823961407,0.0017518330132588744,0.00010558299254626036,0.0006424590246751904,5.791700095869601e-05,0.0,0.0020453330071177334,0.03572537889704108,0.006330750009510666,0.0,0.0,0.0,0.0,0.002928788075223565,0.0,0.0,0.0,0.013175959000363946,0,0,0,0,0,0,,17.427166421560205,33.71827074102023,16.291104319460022,17.427166421560205,22185,87703552,1790405577.091506,runs/round-budget-20260926T064431Z/credit_s10001_T0/r2_runnerup.json,PASS
credit,10001,0,runnerup,3,1,0.046627959003672004,0.0553289590170607,0.06711411476135254,0.12244296073913574,0.0012689169961959124,0.0009650829888414592,0.003867958002956584,0.001801791979232803,0.00010587502038106322,0.0006382909778039902,5.3084047976881266e-05,0.0,0.001947750017279759,0.03524392395047471,0.006418540986487642,0.0,0.0,0.0,0.0,0.0030177440494298935,0.0,0.0,0.0,0.01337199899717234,0,0,0,0,0,0,,17.427166421560205,33.71827074102023,16.291104319460022,17.427166421560205,22185,88899584,1790405577.616928,runs/round-budget-20260926T064431Z/credit_s10001_T0/r3_runnerup.json,PASS
credit,10001,1,fresh,0,0,0.2562853329873178,0.26163095797528513,0.066802978515625,0.3284339904785156,0.0012887920020148158,0.0010018750035669655,0.0,0.0018090829835273325,0.00024900000425986946,0.0009444160095881671,5.2458985010161996e-05,0.0025049169780686498,0.0,0.1619969121820759,0.006352416006848216,0.0,0.06145112696685828,0.021162426040973514,0.0,0.0028175348124932498,0.0,0.0,0.0,0.035749174043303356,29970,0,0,0,0,29970,,13.28489181473058,26.419627755370538,13.134735940639956,13.28489181473058,44510,74874880,1790405581.586956,runs/round-budget-20260926T064431Z/credit_s10001_T1/r0_fresh.json,PASS
credit,10001,1,fresh,1,3,0.25773849998950027,0.2629472090047784,0.06747102737426758,0.33041834831237793,0.001249833992915228,0.000982666009804234,0.0,0.0017158330010715872,0.0002419159864075482,0.000962500023888424,5.596000119112432e-05,0.002469250001013279,0.0,0.16263567097485065,0.006533708976348862,0.0,0.06179983203765005,0.021436416951473802,0.0,0.0028636210481636226,0.0,0.0,0.0,0.036180584895191714,29970,0,0,0,0,29970,,13.28489181473058,26.419627755370538,13.134735940639956,13.28489181473058,44510,74727424,1790405583.603725,runs/round-budget-20260926T064431Z/credit_s10001_T1/r1_fresh.json,PASS
credit,10001,1,fresh,2,2,0.2602958750212565,0.26578983399667777,0.06735897064208984,0.333148717880249,0.001293584005907178,0.0009922499884851277,0.0,0.0018741670064628124,0.00026024997350759804,0.0010182089754380286,5.5499025620520115e-05,0.0025005839997902513,0.0,0.16412474881508388,0.006412166985683143,0.0,0.06297820995678194,0.021334995893994346,0.0,0.002945169369922951,0.0,0.0,0.0,0.03604537088540383,29970,0,0,0,0,29970,,13.28489181473058,26.419627755370538,13.134735940639956,13.28489181473058,44510,74989568,1790405584.561378,runs/round-budget-20260926T064431Z/credit_s10001_T1/r2_fresh.json,PASS
credit,10001,1,fresh,3,1,0.2559208330058027,0.2613416250096634,0.06892609596252441,0.33026766777038574,0.0012676249898504466,0.0010349999938625842,0.0,0.001718499988783151,0.0002576249826233834,0.001083292008843273,5.8750039897859097e-05,0.002515333006158471,0.0,0.16161595625453629,0.006388333014911041,0.0,0.06134758598636836,0.02122020919341594,0.0,0.00283341555041261,0.0,0.0,0.0,0.03588533418951556,29970,0,0,0,0,29970,,13.28489181473058,26.419627755370538,13.134735940639956,13.28489181473058,44510,73285632,1790405585.43699,runs/round-budget-20260926T064431Z/credit_s10001_T1/r3_fresh.json,PASS
credit,10001,1,none,0,1,0.13047166602336802,0.14122204200248234,0.06736183166503906,0.20858383178710938,0.0012677090126089752,0.0009882500162348151,0.005383165989769623,0.001886166981421411,0.00024058300186879933,0.0009268329886253923,5.7667988585308194e-05,0.0,0.0019136669870931655,0.03579270007321611,0.006370166986016557,0.0,0.06145545814069919,0.021538662957027555,3.3249991247430444e-05,0.0033677608880680054,0.0,0.0,0.0,0.03561453690053895,29970,0,0,0,0,29970,0,13.28489181473058,26.419627755370538,13.134735940639956,13.28489181473058,44510,92241920,1790405581.926332,runs/round-budget-20260926T064431Z/credit_s10001_T1/r0_none.json,PASS
credit,10001,1,none,1,0,0.1320241250214167,0.14350358399678953,0.06908988952636719,0.21259355545043945,0.0013163750118110329,0.0009612920111976564,0.005444707989227027,0.0017752919811755419,0.0002324579982087016,0.0016973339952528477,5.199998850002885e-05,0.0,0.00205220899078995,0.0365993698942475,0.006489583989605308,0.0,0.06224704213673249,0.021347877045627683,5.0458009354770184e-05,0.003237584955058992,0.0,0.0,0.0,0.03565567001351155,29970,0,0,0,0,29970,0,13.28489181473058,26.419627755370538,13.134735940639956,13.28489181473058,44510,92225536,1790405582.760064,runs/round-budget-20260926T064431Z/credit_s10001_T1/r1_none.json,PASS
credit,10001,1,none,2,3,0.13009933300781995,0.14098741600173526,0.06801414489746094,0.2090015411376953,0.0012883329764008522,0.0009339170064777136,0.0053566670103464276,0.001952332997461781,0.0002459579845890403,0.0010538329952396452,5.7042023399844766e-05,0.0,0.001965458010090515,0.03531329007819295,0.006390750000718981,0.0,0.06195724697317928,0.02119199887965806,4.0790997445583344e-05,0.003239798068534583,0.0,0.0,0.0,0.0351713738637045,29970,0,0,0,0,29970,0,13.28489181473058,26.419627755370538,13.134735940639956,13.28489181473058,44510,92307456,1790405584.9061272,runs/round-budget-20260926T064431Z/credit_s10001_T1/r2_none.json,PASS
credit,10001,1,none,3,2,0.13086979198851623,0.14240454201353714,0.07315897941589355,0.21556353569030762,0.0013700000126846135,0.0010246660094708204,0.0056606250000186265,0.0022078329930081964,0.0002534999803174287,0.0009602080099284649,5.7918019592761993e-05,0.0,0.0021541670139413327,0.03605158592108637,0.0064866669999901205,0.0,0.0611260830773972,0.021544493996771052,4.212500061839819e-05,0.003464669978711754,0.0,0.0,0.0,0.03606736898655072,29970,0,0,0,0,29970,0,13.28489181473058,26.419627755370538,13.134735940639956,13.28489181473058,44510,92389376,1790405585.781894,runs/round-budget-20260926T064431Z/credit_s10001_T1/r3_none.json,PASS
credit,10001,1,basic,0,2,0.21778099998482503,0.22872254200046882,0.06723690032958984,0.29595947265625,0.0013408749946393073,0.0010433749994263053,0.005360082985134795,0.001976708008442074,0.00024079199647530913,0.0009176669991575181,6.204203236848116e-05,0.0,0.002051542018307373,0.036424754915060475,0.006460375007009134,0.0009229648858308792,0.13878250116249546,0.02729233997524716,4.112499300390482e-05,0.00580539702787064,0.07460333307972178,0.08572304097469896,0.06519191700499505,0.042677131976233795,29970,29970,0,0,29970,59940,0,13.28489181473058,26.419627755370538,13.134735940639956,13.28489181473058,44510,92405760,1790405582.145844,runs/round-budget-20260926T064431Z/credit_s10001_T1/r0_basic.json,PASS
credit,10001,1,basic,1,1,0.21953770800610073,0.23132329099462368,0.06715703010559082,0.2984802722930908,0.0014676249993499368,0.0010477910109329969,0.005776542006060481,0.002111750014591962,0.00025154100148938596,0.0010464579972904176,8.387595880776644e-05,0.0,0.002106916013872251,0.03580349910771474,0.006406333006452769,0.0008607049530837685,0.1395113759499509,0.028703081916319206,5.033300840295851e-05,0.006095464050304145,0.0722346751135774,0.08285183299449272,0.06851954100420699,0.0446892079198733,29970,29970,0,0,29970,59940,0,13.28489181473058,26.419627755370538,13.134735940639956,13.28489181473058,44510,94978048,1790405582.9823081,runs/round-budget-20260926T064431Z/credit_s10001_T1/r1_basic.json,PASS
credit,10001,1,basic,2,0,0.2146273749822285,0.22509787502349354,0.06703567504882812,0.2921335697174072,0.0012333750200923532,0.0009440410067327321,0.005267500004265457,0.0017850419972091913,0.00024058399139903486,0.0009499590087216347,4.9999012844637036e-05,0.0,0.0019143329991493374,0.03534426004625857,0.0063715410069562495,0.00088957988191396,0.13684020811342634,0.02757120892056264,3.6792014725506306e-05,0.005659451999235898,0.07347512297565117,0.0844033750181552,0.06444399998872541,0.042457540956093,29970,29970,0,0,29970,59940,0,13.28489181473058,26.419627755370538,13.134735940639956,13.28489181473058,44510,92618752,1790405583.9445918,runs/round-budget-20260926T064431Z/credit_s10001_T1/r2_basic.json,PASS
credit,10001,1,basic,3,3,0.21569599999929778,0.22629837499698624,0.06764793395996094,0.2939462661743164,0.0012658330088015646,0.0010611250181682408,0.0052498329896479845,0.0018286659906152636,0.00023850001161918044,0.0009123339841607958,4.6083994675427675e-05,0.0,0.002039915998466313,0.03587145000346936,0.006371915980707854,0.0008848228026181459,0.1372666652314365,0.027413124189479277,3.3958000130951405e-05,0.005814147792989388,0.07358866621507332,0.08438575000036508,0.06473729200661182,0.042616707185516134,29970,29970,0,0,29970,59940,0,13.28489181473058,26.419627755370538,13.134735940639956,13.28489181473058,44510,92749824,1790405586.0037818,runs/round-budget-20260926T064431Z/credit_s10001_T1/r3_basic.json,PASS
credit,10001,1,runnerup,0,3,0.21598754200385883,0.2266970000055153,0.06680989265441895,0.2935068607330322,0.0012823330180253834,0.001054332999046892,0.005350082996301353,0.001760915998602286,0.00024850000045262277,0.0009550839895382524,5.820899968966842e-05,0.0,0.001961208996362984,0.03560582213685848,0.006398583005648106,0.0021564240742009133,0.13634266177541576,0.02766891408828087,3.808399196714163e-05,0.005815843935124576,0.07340479394770227,0.08560900000156835,0.06402962497668341,0.04275624710135162,29970,29970,0,0,29970,59940,0,13.28489181473058,26.419627755370538,13.134735940639956,13.28489181473058,44510,92438528,1790405582.452595,runs/round-budget-20260926T064431Z/credit_s10001_T1/r0_runnerup.json,PASS
credit,10001,1,runnerup,1,2,0.21635412497562356,0.22720679201302119,0.06987595558166504,0.29708266258239746,0.0012962920009158552,0.0010614999919198453,0.00521658398793079,0.0019515000167302787,0.00027266598772257566,0.000985958002274856,6.81670499034226e-05,0.0,0.0020547499880194664,0.036275753955123946,0.006483374978415668,0.0021752071334049106,0.13604658012627624,0.027313622093060985,4.529202124103904e-05,0.005959544680081308,0.07335595719632693,0.08570270799100399,0.06365545798325911,0.042763413046486676,29970,29970,0,0,29970,59940,0,13.28489181473058,26.419627755370538,13.134735940639956,13.28489181473058,44510,93585408,1790405583.296405,runs/round-budget-20260926T064431Z/credit_s10001_T1/r1_runnerup.json,PASS
credit,10001,1,runnerup,2,1,0.21781804200145416,0.22902391702518798,0.07061195373535156,0.2996358871459961,0.00131929200142622,0.0010380420135334134,0.0054977920081000775,0.001958457985892892,0.0002547919866628945,0.0010752090020105243,6.229002610780299e-05,0.0,0.0020406250259839,0.0366092499170918,0.006424708000849932,0.002240706031443551,0.13684630201896653,0.027556004090001807,4.8874993808567524e-05,0.0060515719233080745,0.07371109104133211,0.08613962499657646,0.06421687500551343,0.04275412709102966,29970,29970,0,0,29970,59940,0,13.28489181473058,26.419627755370538,13.134735940639956,13.28489181473058,44510,93945856,1790405584.252461,runs/round-budget-20260926T064431Z/credit_s10001_T1/r2_runnerup.json,PASS
credit,10001,1,runnerup,3,0,0.21978716700687073,0.2306337500049267,0.0673220157623291,0.2979557514190674,0.001296166010433808,0.0009809999901335686,0.005399874993599951,0.001778250007191673,0.0002627079957164824,0.0010679580154828727,6.062598549760878e-05,0.0,0.002059541002381593,0.03610996011411771,0.0062571250018663704,0.0022449518728535622,0.13975041726371273,0.027538371039554477,4.650000482797623e-05,0.005780300707556307,0.07495261912117712,0.08744287502486259,0.06588512501912192,0.04286074702395126,29970,29970,0,0,29970,59940,0,13.28489181473058,26.419627755370538,13.134735940639956,13.28489181473058,44510,93814784,1790405585.125505,runs/round-budget-20260926T064431Z/credit_s10001_T1/r3_runnerup.json,PASS
credit,10001,2,fresh,0,3,0.3396170830237679,0.3452581250166986,0.06800389289855957,0.41326212882995605,0.001292916014790535,0.0010051249992102385,0.0,0.0017020829836837947,0.0003657919878605753,0.0012166670057922602,5.845900159329176e-05,0.002759833005256951,0.0,0.16239174909424037,0.006233458989299834,0.0,0.12268162105465308,0.04248378673219122,0.0,0.003066634148126468,0.0,0.0,0.0,0.058083536714548245,59940,0,0,0,0,59940,,12.874388050313652,25.690575938710612,12.816187888396959,12.874388050313652,66852,73957376,1790405591.265504,runs/round-budget-20260926T064431Z/credit_s10001_T2/r0_fresh.json,PASS
credit,10001,2,fresh,1,2,0.3393507500004489,0.3452807909925468,0.06713294982910156,0.4124138355255127,0.0012435410171747208,0.0010089999996125698,0.0,0.001875624991953373,0.00037791600334458053,0.0013609169982373714,6.304198177531362e-05,0.002526208001654595,0.0,0.16183595114853233,0.0063592079968657345,0.0,0.12292667501606047,0.04262041571200825,0.0,0.0030822921253275126,0.0,0.0,0.0,0.058337874768767506,59940,0,0,0,0,59940,,12.874388050313652,25.690575938710612,12.816187888396959,12.874388050313652,66852,73826304,1790405592.4701068,runs/round-budget-20260926T064431Z/credit_s10001_T2/r1_fresh.json,PASS
credit,10001,2,fresh,2,1,0.3385853749932721,0.34421212499728426,0.06699395179748535,0.4112060070037842,0.0012582499766722322,0.0009883749880827963,0.0,0.0016781250014901161,0.0003524579806253314,0.0012981659965589643,5.137606058269739e-05,0.0025687500019557774,0.0,0.16175303785712458,0.006491457985248417,0.0,0.1222513817192521,0.042565534939058125,0.0,0.00295521249063313,0.0,0.0,0.0,0.057935033924877644,59940,0,0,0,0,59940,,12.874388050313652,25.690575938710612,12.816187888396959,12.874388050313652,66852,73711616,1790405593.590633,runs/round-budget-20260926T064431Z/credit_s10001_T2/r2_fresh.json,PASS
credit,10001,2,fresh,3,0,0.3412045000004582,0.34697433401015587,0.06980299949645996,0.4167773723602295,0.0013302500010468066,0.0009728749864734709,0.0,0.001765708002494648,0.0003690000157803297,0.00126508399262093,6.691701128147542e-05,0.0025783329911064357,0.0,0.16297284114989452,0.00637041701702401,0.0,0.12333879634388722,0.042795923131052405,0.0,0.0031481893674936146,0.0,0.0,0.0,0.058420965156983584,59940,0,0,0,0,59940,,12.874388050313652,25.690575938710612,12.816187888396959,12.874388050313652,66852,75300864,1790405594.722847,runs/round-budget-20260926T064431Z/credit_s10001_T2/r3_fresh.json,PASS
credit,10001,2,none,0,0,0.21327745798043907,0.2263365410035476,0.06812477111816406,0.2944612503051758,0.0012906659976579249,0.0010179159871768206,0.006883916998049244,0.0021999580203555524,0.00035687501076608896,0.0012506660132203251,5.9084995882585645e-05,0.0,0.001966457988601178,0.035721591993933544,0.006368250004015863,0.0,0.1226116168545559,0.04296170361340046,0.00012008301564492285,0.0035277545102871954,0.0,0.0,0.0,0.05776003759820014,59940,0,0,0,0,59940,0,12.874388050313652,25.690575938710612,12.816187888396959,12.874388050313652,66852,95109120,1790405590.178568,runs/round-budget-20260926T064431Z/credit_s10001_T2/r0_none.json,PASS
credit,10001,2,none,1,3,0.2145608330029063,0.22705874999519438,0.06685328483581543,0.2939119338989258,0.0012297920184209943,0.0009524170018266886,0.006759832991519943,0.001855834008892998,0.00037637498462572694,0.0012709159927908331,5.2749994210898876e-05,0.0,0.0019099169876426458,0.035639454174088314,0.006351124990032986,0.0,0.1243873710045591,0.042649419949157164,8.016603533178568e-05,0.003543379862094298,0.0,0.0,0.0,0.05743671191157773,59940,0,0,0,0,59940,0,12.874388050313652,25.690575938710612,12.816187888396959,12.874388050313652,66852,95125504,1790405592.892672,runs/round-budget-20260926T064431Z/credit_s10001_T2/r1_none.json,PASS
credit,10001,2,none,2,2,0.21703041598084383,0.23002675001043826,0.06864500045776367,0.2986717224121094,0.0013539580104406923,0.0010061250068247318,0.006837749999249354,0.0019147919956594706,0.00042100000428035855,0.0014017079956829548,6.100101745687425e-05,0.0,0.001986082992516458,0.03583820795756765,0.006282999995164573,0.0,0.12545749836135656,0.04378833409282379,0.0001230000052601099,0.003554292576154694,0.0,0.0,0.0,0.058788000082131475,59940,0,0,0,0,59940,0,12.874388050313652,25.690575938710612,12.816187888396959,12.874388050313652,66852,96452608,1790405594.013705,runs/round-budget-20260926T064431Z/credit_s10001_T2/r2_none.json,PASS
credit,10001,2,none,3,1,0.21640524998656474,0.22926362499129027,0.06725096702575684,0.29651451110839844,0.0012808339961338788,0.0010059589985758066,0.00686537497676909,0.0020296250004321337,0.00037387499469332397,0.001242291007656604,6.0416030464693904e-05,0.0,0.0021362080005928874,0.03602054374641739,0.0066422499949112535,0.0,0.12418654299108312,0.04343537718523294,0.00014083296991884708,0.0038434950984083116,0.0,0.0,0.0,0.05877554413746111,59940,0,0,0,0,59940,0,12.874388050313652,25.690575938710612,12.816187888396959,12.874388050313652,66852,96337920,1790405595.148263,runs/round-budget-20260926T064431Z/credit_s10001_T2/r3_none.json,PASS
credit,10001,2,basic,0,1,0.29779808400780894,0.31062283299979754,0.06706809997558594,0.37769103050231934,0.0012654580059461296,0.0009587499953340739,0.006856791005702689,0.002084624982671812,0.0003717920044437051,0.0012347500014584512,5.258299643173814e-05,0.0,0.0018994580022990704,0.035204409214202315,0.006350749987177551,0.0008542540017515421,0.19773330600582995,0.04975946299964562,9.216699982061982e-05,0.005904276797082275,0.07312971391365863,0.08388449999620207,0.06385220799711533,0.06549929495668039,59940,29970,0,0,29970,89910,0,12.874388050313652,25.690575938710612,12.816187888396959,12.874388050313652,66852,95420416,1790405590.483788,runs/round-budget-20260926T064431Z/credit_s10001_T2/r0_basic.json,PASS
credit,10001,2,basic,1,0,0.2980390409938991,0.31091062500490807,0.06781172752380371,0.3787224292755127,0.0013702909927815199,0.000971500005107373,0.006795417022658512,0.002042250009253621,0.0003740419924724847,0.001253833994269371,6.424999446608126e-05,0.0,0.002080666017718613,0.03661266484414227,0.006385749991750345,0.0008954957884270698,0.19709679507650435,0.048822831973666325,9.762498666532338e-05,0.006047212315024808,0.07333454585750587,0.08416491700336337,0.06344983298913576,0.06512454093899578,59940,29970,0,0,29970,89910,0,12.874388050313652,25.690575938710612,12.816187888396959,12.874388050313652,66852,95436800,1790405591.68918,runs/round-budget-20260926T064431Z/credit_s10001_T2/r1_basic.json,PASS
credit,10001,2,basic,2,3,0.2967409169941675,0.3102304160129279,0.07322001457214355,0.3834505081176758,0.0014187910128384829,0.0009824589942581952,0.006962375016883016,0.002327583992155269,0.00038241600850597024,0.0013470000121742487,6.887398194521666e-05,0.0,0.0019751249928958714,0.0354877938516438,0.006354249984724447,0.0008834960462991148,0.19680167303886265,0.04923604315263219,8.387499838136137e-05,0.005918660928728059,0.07281234578113072,0.0836618329922203,0.06366916699334979,0.06523504413780756,59940,29970,0,0,29970,89910,0,12.874388050313652,25.690575938710612,12.816187888396959,12.874388050313652,66852,95567872,1790405594.330137,runs/round-budget-20260926T064431Z/credit_s10001_T2/r2_basic.json,PASS
credit,10001,2,basic,3,2,0.3006047499948181,0.3133715830044821,0.06754779815673828,0.3809194564819336,0.0012619160115718842,0.0009957500151358545,0.00682483401033096,0.0019801660091616213,0.0003790409828070551,0.0012716249912045896,5.350098945200443e-05,0.0,0.0020852919842582196,0.03579599683871493,0.006273290986428037,0.0009131660044658929,0.19984033782384358,0.04956009838497266,9.945797501131892e-05,0.00603710999712348,0.07433483426575549,0.08535195799777284,0.06438991700997576,0.06539247435284778,59940,29970,0,0,29970,89910,0,12.874388050313652,25.690575938710612,12.816187888396959,12.874388050313652,66852,95584256,1790405595.4574919,runs/round-budget-20260926T064431Z/credit_s10001_T2/r3_basic.json,PASS
credit,10001,2,runnerup,0,2,0.2975912919791881,0.31047454199870117,0.0676271915435791,0.37810182571411133,0.0012715829943772405,0.0009282079990953207,0.006931792013347149,0.0020458340004552156,0.00036508298944681883,0.0012797090166714042,6.10410061199218e-05,0.0,0.001949458004673943,0.035683081834577024,0.006354749988531694,0.002137869189027697,0.19601829038583674,0.04930000187596306,8.325098315253854e-05,0.006064589717425406,0.07266579024144448,0.08467216699500568,0.0634945830097422,0.06516962585737929,59940,29970,0,0,29970,89910,0,12.874388050313652,25.690575938710612,12.816187888396959,12.874388050313652,66852,95207424,1790405590.87463,runs/round-budget-20260926T064431Z/credit_s10001_T2/r0_runnerup.json,PASS
credit,10001,2,runnerup,1,1,0.29926254198653623,0.31177395800477825,0.06764602661132812,0.37942004203796387,0.001255583018064499,0.0009840000129770488,0.006485124991741031,0.0021269999851938337,0.0003574589791242033,0.001241790974745527,6.045805639587343e-05,0.0,0.001996624981984496,0.03539658494992182,0.0063791660068091005,0.0021334190387278795,0.19795096296002157,0.04937137110391632,0.00010754200047813356,0.005926870944676921,0.07380534301046282,0.08587779200752266,0.0644077499746345,0.06530732908868231,59940,29970,0,0,29970,89910,0,12.874388050313652,25.690575938710612,12.816187888396959,12.874388050313652,66852,95371264,1790405592.079317,runs/round-budget-20260926T064431Z/credit_s10001_T2/r1_runnerup.json,PASS
credit,10001,2,runnerup,2,0,0.2990171669807751,0.31178004198591225,0.06859111785888672,0.38037109375,0.0012649589916691184,0.0010017500026151538,0.0068974999885540456,0.00187387500773184,0.00036945799365639687,0.0012952089891768992,6.0124031733721495e-05,0.0,0.002000917011173442,0.03624733295873739,0.006438916985644028,0.0022119061613921076,0.19731100084027275,0.04877302487147972,0.00010700002894736826,0.005927068123128265,0.07375654295901768,0.08603241600212641,0.06357354199280962,0.06478110887110233,59940,29970,0,0,29970,89910,0,12.874388050313652,25.690575938710612,12.816187888396959,12.874388050313652,66852,95551488,1790405593.200047,runs/round-budget-20260926T064431Z/credit_s10001_T2/r2_runnerup.json,PASS
credit,10001,2,runnerup,3,3,0.2986547910259105,0.311624916997971,0.06851077079772949,0.38013577461242676,0.0012431669747456908,0.0009578749886713922,0.00701395800570026,0.002027582988375798,0.0003585419908631593,0.0013126250123605132,5.637601134367287e-05,0.0,0.002002249995712191,0.03579217489459552,0.006320249987766147,0.00215199519880116,0.19702512086951174,0.049085247941548005,9.866699110716581e-05,0.0061790851468686014,0.07292595491162501,0.08505199998035096,0.06366404102300294,0.06497053994098678,59940,29970,0,0,29970,89910,0,12.874388050313652,25.690575938710612,12.816187888396959,12.874388050313652,66852,95453184,1790405595.8516648,runs/round-budget-20260926T064431Z/credit_s10001_T2/r3_runnerup.json,PASS
credit,10002,0,fresh,0,0,0.17562629099120386,0.18052187500870787,0.06775784492492676,0.24827980995178223,0.0012262499949429184,0.0009837500110734254,0.0,0.0019022079941350967,0.00010891599231399596,0.0006227499980013818,5.171002703718841e-05,0.002497208013664931,0.0,0.1639617890759837,0.006531582999741659,0.0,0.0,0.0,0.0,0.0026357109018135816,0.0,0.0,0.0,0.014168748981319368,0,0,0,0,0,0,,19.7289620467612,37.60788310102607,17.878921054264868,19.7289620467612,22181,73105408,1790405599.127239,runs/round-budget-20260926T064431Z/credit_s10002_T0/r0_fresh.json,PASS
credit,10002,0,fresh,1,3,0.17391320900060236,0.178590458992403,0.06861376762390137,0.24720430374145508,0.0013104999961797148,0.0009660829964559525,0.0,0.001647333992877975,0.00010437500895932317,0.0005948330217506737,5.41249755769968e-05,0.0026112500054296106,0.0,0.16234587680082768,0.0063320839835796505,0.0,0.0,0.0,0.0,0.0026239982107654214,0.0,0.0,0.0,0.013800708984490484,0,0,0,0,0,0,,19.7289620467612,37.60788310102607,17.878921054264868,19.7289620467612,22181,73023488,1790405600.208052,runs/round-budget-20260926T064431Z/credit_s10002_T0/r1_fresh.json,PASS
credit,10002,0,fresh,2,2,0.17419016701751389,0.17929362499853596,0.06839895248413086,0.24769258499145508,0.00132620899239555,0.0011416659981478006,0.0,0.00186770802247338,0.00010754200047813356,0.0005986659962218255,6.166697130538523e-05,0.002518207998946309,0.0,0.1627329867624212,0.006368125003064051,0.0,0.0,0.0,0.0,0.00257084725308232,0.0,0.0,0.0,0.014126374997431412,0,0,0,0,0,0,,19.7289620467612,37.60788310102607,17.878921054264868,19.7289620467612,22181,72728576,1790405600.737801,runs/round-budget-20260926T064431Z/credit_s10002_T0/r2_fresh.json,PASS
credit,10002,0,fresh,3,1,0.17554720799671486,0.18024216601043008,0.06854987144470215,0.24879193305969238,0.001247707987204194,0.0009468340140301734,0.0,0.0017342909995932132,0.0001057499903254211,0.0006016670085955411,5.870801396667957e-05,0.0027268749836366624,0.0,0.16360391321359202,0.006447457999456674,0.0,0.0,0.0,0.0,0.0027689618000295013,0.0,0.0,0.0,0.014226750005036592,0,0,0,0,0,0,,19.7289620467612,37.60788310102607,17.878921054264868,19.7289620467612,22181,72744960,1790405601.26655,runs/round-budget-20260926T064431Z/credit_s10002_T0/r3_fresh.json,PASS
credit,10002,0,none,0,1,0.04997666599228978,0.058364166994579136,0.0679159164428711,0.1262800693511963,0.001200250000692904,0.0009512079996056855,0.003780957980779931,0.0016914580191951245,0.00010416700388304889,0.0006085410132072866,5.091898492537439e-05,0.0,0.001893334003398195,0.038728208775864914,0.006481541000539437,0.0,0.0,0.0,0.0,0.0028735822124872357,0.0,0.0,0.0,0.01361970801372081,0,0,0,0,0,0,0,19.7289620467612,37.60788310102607,17.878921054264868,19.7289620467612,22181,87572480,1790405599.385531,runs/round-budget-20260926T064431Z/credit_s10002_T0/r0_none.json,PASS
credit,10002,0,none,1,0,0.050200457975734025,0.05903091700747609,0.06836128234863281,0.12739229202270508,0.0013737090048380196,0.0010134590265806764,0.0037487910012714565,0.0018557500152383,0.00011991700739599764,0.000640665995888412,7.816698052920401e-05,0.0,0.0020329999970272183,0.03843205267912708,0.006530708982609212,0.0,0.0,0.0,0.0,0.0032046963169705123,0.0,0.0,0.0,0.013497708976501599,0,0,0,0,0,0,0,19.7289620467612,37.60788310102607,17.878921054264868,19.7289620467612,22181,87572480,1790405599.796986,runs/round-budget-20260926T064431Z/credit_s10002_T0/r1_none.json,PASS
credit,10002,0,none,2,3,0.049186334013938904,0.057566250005038455,0.06660294532775879,0.12416911125183105,0.0012604580260813236,0.0009625420207157731,0.0036637079901993275,0.0016912499850150198,0.00011424999684095383,0.000638166005956009,4.954196629114449e-05,0.0,0.001936749991727993,0.03797145970747806,0.006443458987632766,0.0,0.0,0.0,0.0,0.0028346653271000832,0.0,0.0,0.0,0.013270709023345262,0,0,0,0,0,0,0,19.7289620467612,37.60788310102607,17.878921054264868,19.7289620467612,22181,87506944,1790405600.993629,runs/round-budget-20260926T064431Z/credit_s10002_T0/r2_none.json,PASS
credit,10002,0,none,3,2,0.04993383400142193,0.058515208977041766,0.06751084327697754,0.12602615356445312,0.0012005419994238764,0.0009579589823260903,0.0036597079888451844,0.002004125009989366,0.0001069169957190752,0.0005972919752821326,5.483202403411269e-05,0.0,0.002102583006490022,0.03854225386749022,0.006326082977466285,0.0,0.0,0.0,0.0,0.002962914149975404,0.0,0.0,0.0,0.013263166969409212,0,0,0,0,0,0,0,19.7289620467612,37.60788310102607,17.878921054264868,19.7289620467612,22181,87605248,1790405601.523872,runs/round-budget-20260926T064431Z/credit_s10002_T0/r3_none.json,PASS
credit,10002,0,basic,0,2,0.04943412498687394,0.05788279100670479,0.0666968822479248,0.12457966804504395,0.0013285829918459058,0.0010002919880207628,0.0036682080244645476,0.001699834014289081,0.00010879099136218429,0.0005818330100737512,6.112499977461994e-05,0.0,0.002013874996919185,0.037915119843091816,0.0064692089799791574,0.0,0.0,0.0,0.0,0.0030359211668837816,0.0,0.0,0.0,0.013399583986029029,0,0,0,0,0,0,,19.7289620467612,37.60788310102607,17.878921054264868,19.7289620467612,22181,87736320,1790405599.521388,runs/round-budget-20260926T064431Z/credit_s10002_T0/r0_basic.json,PASS
credit,10002,0,basic,1,1,0.04976795901893638,0.05812616599723697,0.06742191314697266,0.1255481243133545,0.0011944159923586994,0.00092804100131616,0.003758334001759067,0.0017245000053662807,0.00010620799730531871,0.0005969999765511602,4.9708003643900156e-05,0.0,0.0019207499863114208,0.03859187601483427,0.006381457991665229,0.0,0.0,0.0,0.0,0.002873875026125461,0.0,0.0,0.0,0.013418956979876384,0,0,0,0,0,0,,19.7289620467612,37.60788310102607,17.878921054264868,19.7289620467612,22181,87490560,1790405599.934229,runs/round-budget-20260926T064431Z/credit_s10002_T0/r1_basic.json,PASS
credit,10002,0,basic,2,0,0.04930820799199864,0.05763908399967477,0.06707310676574707,0.12471222877502441,0.0012780420074705034,0.0009787910094019026,0.0036158750008326024,0.001708374998997897,0.00010674999793991446,0.0005876249924767762,5.541800055652857e-05,0.0,0.0018951249949168414,0.03804341729846783,0.006344375025946647,0.0,0.0,0.0,0.0,0.0030252906726673245,0.0,0.0,0.0,0.0132105830416549,0,0,0,0,0,0,,19.7289620467612,37.60788310102607,17.878921054264868,19.7289620467612,22181,87670784,1790405600.4639392,runs/round-budget-20260926T064431Z/credit_s10002_T0/r2_basic.json,PASS
credit,10002,0,basic,3,3,0.05067762499675155,0.05962095799623057,0.06808590888977051,0.12770676612854004,0.0012792079942300916,0.0010078749910462648,0.003919916984159499,0.0019030410039704293,0.00011020898818969727,0.0006606249953620136,6.245804252102971e-05,0.0,0.001959833985893056,0.03912620694609359,0.006533375009894371,0.0,0.0,0.0,0.0,0.003058209054870531,0.0,0.0,0.0,0.013520749984309077,0,0,0,0,0,0,,19.7289620467612,37.60788310102607,17.878921054264868,19.7289620467612,22181,88702976,1790405601.661661,runs/round-budget-20260926T064431Z/credit_s10002_T0/r3_basic.json,PASS
credit,10002,0,runnerup,0,3,0.05078275001142174,0.059591042023384944,0.06781196594238281,0.12740302085876465,0.0012481250159908086,0.0009910000080708414,0.0036787920107599348,0.0020675419946201146,0.0001093749888241291,0.0006560420151799917,5.741597851738334e-05,0.0,0.0020092079939786345,0.039155790058430284,0.006512207997730002,0.0,0.0,0.0,0.0,0.0031055439612828195,0.0,0.0,0.0,0.013545124005759135,0,0,0,0,0,0,,19.7289620467612,37.60788310102607,17.878921054264868,19.7289620467612,22181,87703552,1790405599.657781,runs/round-budget-20260926T064431Z/credit_s10002_T0/r0_runnerup.json,PASS
credit,10002,0,runnerup,1,2,0.04977616699761711,0.058391333994222805,0.06725215911865234,0.12564349174499512,0.0012922089954372495,0.0011895839998032898,0.0036834999918937683,0.001688958000158891,0.00011470899335108697,0.0005958749970886856,5.033201887272298e-05,0.0,0.0020735829893965274,0.038187327183550224,0.006477749993791804,0.0,0.0,0.0,0.0,0.0030375068308785558,0.0,0.0,0.0,0.013546707981731743,0,0,0,0,0,0,,19.7289620467612,37.60788310102607,17.878921054264868,19.7289620467612,22181,87769088,1790405600.070383,runs/round-budget-20260926T064431Z/credit_s10002_T0/r1_runnerup.json,PASS
credit,10002,0,runnerup,2,1,0.05007366600329988,0.05891575000714511,0.06731081008911133,0.12622666358947754,0.0012541660107672215,0.0009674169996287674,0.003788583999266848,0.0020769169786944985,0.00010970898438245058,0.0005929999751970172,5.229105590842664e-05,0.0,0.0020966250158380717,0.03857565807993524,0.006333415978588164,0.0,0.0,0.0,0.0,0.0030679669289384037,0.0,0.0,0.0,0.013195540988817811,0,0,0,0,0,0,,19.7289620467612,37.60788310102607,17.878921054264868,19.7289620467612,22181,87490560,1790405600.599422,runs/round-budget-20260926T064431Z/credit_s10002_T0/r2_runnerup.json,PASS
credit,10002,0,runnerup,3,0,0.049742290982976556,0.05842216601013206,0.06676506996154785,0.12518715858459473,0.00127012500888668,0.0010102080123033375,0.0037793749943375587,0.0018424579757265747,0.00010525001562200487,0.0006169580155983567,5.550100468099117e-05,0.0,0.0019217499939259142,0.038235040119616315,0.006568291981238872,0.0,0.0,0.0,0.0,0.003017208888195455,0.0,0.0,0.0,0.013421167997876182,0,0,0,0,0,0,,19.7289620467612,37.60788310102607,17.878921054264868,19.7289620467612,22181,87719936,1790405601.1286001,runs/round-budget-20260926T064431Z/credit_s10002_T0/r3_runnerup.json,PASS
credit,10002,1,fresh,0,3,0.259806291986024,0.2650911250093486,0.06789183616638184,0.33298301696777344,0.001280625001527369,0.0009621669887565076,0.0,0.0016514589951839298,0.00024162500631064177,0.0011020000092685223,4.6957022277638316e-05,0.0025390420050825924,0.0,0.16364345830515958,0.006294874998275191,0.0,0.06278845298220403,0.021577993989922106,0.0,0.0029624697053804994,0.0,0.0,0.0,0.03613549401052296,29970,0,0,0,0,29970,,13.258598382441054,26.43790919844141,13.258598382441054,13.179310816000358,44441,73793536,1790405606.443091,runs/round-budget-20260926T064431Z/credit_s10002_T1/r0_fresh.json,PASS
credit,10002,1,fresh,1,2,0.25495166701148264,0.26025204101460986,0.06728219985961914,0.32753419876098633,0.0012037910055369139,0.0009650829888414592,0.0,0.0018416249949950725,0.00025637500220909715,0.0009807500173337758,5.2749994210898876e-05,0.00253274998976849,0.0,0.16099142195889726,0.006386916007613763,0.0,0.06091937780729495,0.021277084102621302,0.0,0.002844117145286873,0.0,0.0,0.0,0.035960417095338926,29970,0,0,0,0,29970,,13.258598382441054,26.43790919844141,13.258598382441054,13.179310816000358,44441,73646080,1790405607.410232,runs/round-budget-20260926T064431Z/credit_s10002_T1/r1_fresh.json,PASS
credit,10002,1,fresh,2,1,0.25755704098264687,0.26298950001364574,0.07106304168701172,0.33405256271362305,0.0013489169941749424,0.000919749989407137,0.0,0.0018623749783728272,0.00025845898198895156,0.0009801670094020665,6.279107765294611e-05,0.0025935000157915056,0.0,0.162505784915993,0.006434957991586998,0.0,0.06182799284579232,0.021308369236066937,0.0,0.002886435977416113,0.0,0.0,0.0,0.036217201239196584,29970,0,0,0,0,29970,,13.258598382441054,26.43790919844141,13.258598382441054,13.179310816000358,44441,74645504,1790405608.289185,runs/round-budget-20260926T064431Z/credit_s10002_T1/r2_fresh.json,PASS
credit,10002,1,fresh,3,0,0.25919475001865067,0.26506149998749606,0.07106971740722656,0.33613133430480957,0.0013871249975636601,0.0009760409884620458,0.0,0.0022390410013031214,0.00023758300812914968,0.0009637920011300594,6.316797225736082e-05,0.0026351669803261757,0.0,0.16482417509541847,0.00650516600580886,0.0,0.06093583194888197,0.021318874059943482,0.0,0.002975535928271711,0.0,0.0,0.0,0.0365389981016051,29970,0,0,0,0,29970,,13.258598382441054,26.43790919844141,13.258598382441054,13.179310816000358,44441,74907648,1790405609.176899,runs/round-budget-20260926T064431Z/credit_s10002_T1/r3_fresh.json,PASS
credit,10002,1,none,0,0,0.1334207920008339,0.14416975001222454,0.06722211837768555,0.21139192581176758,0.0012189169938210398,0.000971791974734515,0.0054644590127281845,0.0018223329971078783,0.0002547919866628945,0.0009564170031808317,6.024804315529764e-05,0.0,0.002008875017054379,0.0379700819903519,0.006404957995982841,0.0,0.06173570817918517,0.022091124061262235,3.4958007745444775e-05,0.003175086749251932,0.0,0.0,0.0,0.03617341603967361,29970,0,0,0,0,29970,0,13.258598382441054,26.43790919844141,13.258598382441054,13.179310816000358,44441,93552640,1790405605.592489,runs/round-budget-20260926T064431Z/credit_s10002_T1/r0_none.json,PASS
credit,10002,1,none,1,3,0.13475475000450388,0.14556745800655335,0.06898117065429688,0.21454858779907227,0.0012173750146757811,0.0009788750030566007,0.0054489580215886235,0.001892708009108901,0.00023741699988022447,0.0009788750030566007,5.8499950682744384e-05,0.0,0.0020514579955488443,0.03826228782418184,0.00652049999916926,0.0,0.06299279289669357,0.021571416989900172,3.8541998947039247e-05,0.003317752300063148,0.0,0.0,0.0,0.035907624987885356,29970,0,0,0,0,29970,0,13.258598382441054,26.43790919844141,13.258598382441054,13.179310816000358,44441,92389376,1790405607.749664,runs/round-budget-20260926T064431Z/credit_s10002_T1/r1_none.json,PASS
credit,10002,1,none,2,2,0.13501012499909848,0.14641370897879824,0.07014083862304688,0.2165546417236328,0.0013101669901516289,0.0009599160111974925,0.005629999999655411,0.0022037920134607702,0.00025545901735313237,0.000982750003458932,6.149994442239404e-05,0.0,0.0022588749998249114,0.03887657402083278,0.006459750002250075,0.0,0.0622943828930147,0.02155683483579196,6.895797559991479e-05,0.0034947502717841417,0.0,0.0,0.0,0.03589525184361264,29970,0,0,0,0,29970,0,13.258598382441054,26.43790919844141,13.258598382441054,13.179310816000358,44441,93437952,1790405608.63317,runs/round-budget-20260926T064431Z/credit_s10002_T1/r2_none.json,PASS
credit,10002,1,none,3,1,0.13281679098145105,0.143477499979781,0.06792879104614258,0.21140623092651367,0.0012814169749617577,0.001020375028019771,0.005200707993935794,0.001876750000519678,0.0002492500061634928,0.0009749170276336372,5.7291967095807195e-05,0.0,0.0019455420260783285,0.03775274899089709,0.006582834001164883,0.0,0.061443829035852104,0.021572667959844694,4.570899181999266e-05,0.0034734599757939577,0.0,0.0,0.0,0.036072043934836984,29970,0,0,0,0,29970,0,13.258598382441054,26.43790919844141,13.258598382441054,13.179310816000358,44441,92225536,1790405609.520881,runs/round-budget-20260926T064431Z/credit_s10002_T1/r3_none.json,PASS
credit,10002,1,basic,0,1,0.21600837502046488,0.22767412499524653,0.07255911827087402,0.3002331256866455,0.00134616598370485,0.0011064170103054494,0.0055263749964069575,0.002334415999939665,0.000261332985246554,0.0010259170085191727,6.512599065899849e-05,0.0,0.0020785419910680503,0.03827770895441063,0.006298583000898361,0.0008903788693714887,0.13530246104346588,0.027367617934942245,3.733299672603607e-05,0.0057557502295821905,0.07304037289577536,0.08361925001372583,0.06338716598111205,0.04262224191916175,29970,29970,0,0,29970,59940,0,13.258598382441054,26.43790919844141,13.258598382441054,13.179310816000358,44441,92651520,1790405605.820943,runs/round-budget-20260926T064431Z/credit_s10002_T1/r0_basic.json,PASS
credit,10002,1,basic,1,0,0.2165800000075251,0.22762829199200496,0.07077908515930176,0.29840731620788574,0.0013155000051483512,0.0009792499768082052,0.005344750010408461,0.0021020419953856617,0.00024766699061729014,0.0009992499835789204,5.9833022532984614e-05,0.0,0.0019822499889414757,0.03896062311832793,0.006540000002132729,0.0008974619850050658,0.1354357017262373,0.02704282384365797,3.6541983718052506e-05,0.005684597359504551,0.07304166903486475,0.08378399998764507,0.06353158401907422,0.04260532383341342,29970,29970,0,0,29970,59940,0,13.258598382441054,26.43790919844141,13.258598382441054,13.179310816000358,44441,93208576,1790405606.790147,runs/round-budget-20260926T064431Z/credit_s10002_T1/r1_basic.json,PASS
credit,10002,1,basic,2,3,0.21798416701494716,0.2292679169913754,0.07207703590393066,0.3013448715209961,0.0013697920076083392,0.000984834012342617,0.0052602920040953904,0.00234641699353233,0.000252291007200256,0.0010150419839192182,5.508196773007512e-05,0.0,0.002063749998342246,0.038338511425536126,0.0064801670087035745,0.0009420410497114062,0.13674275885568932,0.027373035089112818,3.975001163780689e-05,0.0060041535762138665,0.0734309530525934,0.08432066600653343,0.06445458400412463,0.042904160072794184,29970,29970,0,0,29970,59940,0,13.258598382441054,26.43790919844141,13.258598382441054,13.179310816000358,44441,94044160,1790405608.864078,runs/round-budget-20260926T064431Z/credit_s10002_T1/r2_basic.json,PASS
credit,10002,1,basic,3,2,0.21926029099267907,0.2299140409741085,0.06786203384399414,0.2977759838104248,0.0012137499870732427,0.0009459159919060767,0.005390916980104521,0.0017939590034075081,0.00025262500275857747,0.001000457996269688,5.6125019909814e-05,0.0,0.0019473749853204936,0.03906679290230386,0.006398583995178342,0.0009045428887475282,0.13765138571034186,0.02768733908305876,3.662501694634557e-05,0.00556764641078189,0.07417583596543409,0.08496929201646708,0.06466645901673473,0.043023799022194,29970,29970,0,0,29970,59940,0,13.258598382441054,26.43790919844141,13.258598382441054,13.179310816000358,44441,92471296,1790405609.7434182,runs/round-budget-20260926T064431Z/credit_s10002_T1/r3_basic.json,PASS
credit,10002,1,runnerup,0,2,0.22164962498936802,0.23248533299192786,0.07023882865905762,0.30272412300109863,0.001284625002881512,0.0009457500127609819,0.005183792003663257,0.0021337080106604844,0.00026441700174473226,0.000969375018030405,5.404095281846821e-05,0.0,0.0020551249908749014,0.03922657898510806,0.006639583996729925,0.0022591240413021296,0.1377823749789968,0.02759900115779601,5.154201062396169e-05,0.006036294827936217,0.07392757991328835,0.08626366700627841,0.06500937498640269,0.04308500012848526,29970,29970,0,0,29970,59940,0,13.258598382441054,26.43790919844141,13.258598382441054,13.179310816000358,44441,94093312,1790405606.1309178,runs/round-budget-20260926T064431Z/credit_s10002_T1/r0_runnerup.json,PASS
credit,10002,1,runnerup,1,1,0.22085358298500068,0.23154516599606723,0.06947875022888184,0.3010239601135254,0.0012340829998720437,0.00095629200222902,0.005319791991496459,0.0018504170002415776,0.00026875000912696123,0.00100729099358432,5.495801451615989e-05,0.0,0.0020824999955948442,0.03914771936251782,0.006706249987473711,0.0021946149063296616,0.1373895341239404,0.027492286928463727,6.304099224507809e-05,0.00577763668843545,0.07386654475703835,0.08613887501996942,0.06466416598414071,0.04289465997135267,29970,29970,0,0,29970,59940,0,13.258598382441054,26.43790919844141,13.258598382441054,13.179310816000358,44441,93601792,1790405607.099222,runs/round-budget-20260926T064431Z/credit_s10002_T1/r1_runnerup.json,PASS
credit,10002,1,runnerup,2,0,0.22112841700436547,0.23190533398883417,0.06736326217651367,0.2992684841156006,0.001265458995476365,0.0009445000032428652,0.005363834003219381,0.0018357919761911035,0.00024104199837893248,0.0010671670024748892,5.912300548516214e-05,0.0,0.0019883329805452377,0.038367618864867836,0.006456583010731265,0.0021179159230086952,0.13907962973462418,0.02743158015073277,3.429199568927288e-05,0.005652464344166219,0.07389863097341731,0.08581424999283627,0.06638441700488329,0.04251558016403578,29970,29970,0,0,29970,59940,0,13.258598382441054,26.43790919844141,13.258598382441054,13.179310816000358,44441,92438528,1790405607.974368,runs/round-budget-20260926T064431Z/credit_s10002_T1/r2_runnerup.json,PASS
credit,10002,1,runnerup,3,3,0.219354624976404,0.23010120799881406,0.06660914421081543,0.2967102527618408,0.0012135420111007988,0.0009887499909382313,0.005398833978688344,0.0017972920031752437,0.00025075001758523285,0.0010432919953018427,5.41230256203562e-05,0.0,0.001978666987270117,0.03858561778906733,0.006386624998413026,0.002136035938747227,0.1372894120577257,0.027398878039093688,3.274998744018376e-05,0.005546639178646728,0.07378891386906616,0.08573566700215451,0.06465487499372102,0.04245900301611982,29970,29970,0,0,29970,59940,0,13.258598382441054,26.43790919844141,13.258598382441054,13.179310816000358,44441,93880320,1790405610.05114,runs/round-budget-20260926T064431Z/credit_s10002_T1/r3_runnerup.json,PASS
credit,10002,2,fresh,0,2,0.3421961249841843,0.3480550420063082,0.06830120086669922,0.41635632514953613,0.0012346250005066395,0.0011380840151105076,0.0,0.0017792920116335154,0.00036679100594483316,0.0012865829921793193,5.354199674911797e-05,0.0025319580163341016,0.0,0.16321699105901644,0.00640145901707001,0.0,0.12416129087796435,0.042787705140654,0.0,0.0030967208731453866,0.0,0.0,0.0,0.05874320614384487,59940,0,0,0,0,59940,,12.840158264619793,25.641223847873466,12.840158264619793,12.801065583253672,66711,73793536,1790405615.3042161,runs/round-budget-20260926T064431Z/credit_s10002_T2/r0_fresh.json,PASS
credit,10002,2,fresh,1,1,0.34300266701029614,0.348695458000293,0.06766486167907715,0.41636037826538086,0.0012352910125628114,0.0010121669911313802,0.0,0.0017332920106127858,0.00037104199873283505,0.0012847920006606728,5.620697629638016e-05,0.002617958001792431,0.0,0.16239278693683445,0.006327084003714845,0.0,0.1249009950843174,0.043577006086707115,0.0,0.00318683689692989,0.0,0.0,0.0,0.05889263009885326,59940,0,0,0,0,59940,,12.840158264619793,25.641223847873466,12.840158264619793,12.801065583253672,66711,74612736,1790405616.4371798,runs/round-budget-20260926T064431Z/credit_s10002_T2/r1_fresh.json,PASS
credit,10002,2,fresh,2,0,0.34467033299733885,0.3502573749865405,0.06699228286743164,0.4172496795654297,0.001245166000444442,0.0009610830165911466,0.0,0.0016866669757291675,0.0003734579950105399,0.0012666669790633023,5.4001022363081574e-05,0.0026103750278707594,0.0,0.16394674318144098,0.00642612500814721,0.0,0.12502427594154142,0.04355544809368439,0.0,0.003107365744654089,0.0,0.0,0.0,0.05893107209703885,59940,0,0,0,0,59940,,12.840158264619793,25.641223847873466,12.840158264619793,12.801065583253672,66711,74956800,1790405617.5745122,runs/round-budget-20260926T064431Z/credit_s10002_T2/r2_fresh.json,PASS
credit,10002,2,fresh,3,3,0.33990762499161065,0.34570379098295234,0.0684061050415039,0.4141099452972412,0.0012869999918621033,0.0010086250258609653,0.0,0.0018194169970229268,0.00035404201480560005,0.0012743329862132668,5.274897557683289e-05,0.00279558397596702,0.0,0.1616339220199734,0.006422209000447765,0.0,0.12308800595928915,0.042875953804468736,0.0,0.0030919502314645797,0.0,0.0,0.0,0.05830612080171704,59940,0,0,0,0,59940,,12.840158264619793,25.641223847873466,12.840158264619793,12.801065583253672,66711,73973760,1790405620.223787,runs/round-budget-20260926T064431Z/credit_s10002_T2/r3_fresh.json,PASS
credit,10002,2,none,0,3,0.21670904199709184,0.22950979098095559,0.06894803047180176,0.2984578609466553,0.0012700409861281514,0.000963166996371001,0.006884958012960851,0.0019222080009058118,0.0003686250129248947,0.0013281250139698386,6.362496060319245e-05,0.0,0.001982750021852553,0.0382957469264511,0.006541540991747752,0.0,0.12298803497105837,0.04329837393015623,9.133401908911765e-05,0.003511261136736721,0.0,0.0,0.0,0.05852703991695307,59940,0,0,0,0,59940,0,12.840158264619793,25.641223847873466,12.840158264619793,12.801065583253672,66711,96534528,1790405615.731693,runs/round-budget-20260926T064431Z/credit_s10002_T2/r0_none.json,PASS
credit,10002,2,none,1,2,0.21720424998784438,0.22978829199564643,0.07143187522888184,0.301220178604126,0.0012551250110846013,0.0009227909904439002,0.0067102919856552035,0.001954874984221533,0.00035412501893006265,0.0013347920030355453,5.204201443120837e-05,0.0,0.0019127500127069652,0.037861916644033045,0.006458542018663138,0.0,0.1234719967469573,0.04358858094201423,0.00011041600373573601,0.0038000476197339594,0.0,0.0,0.0,0.0585186239622999,59940,0,0,0,0,59940,0,12.840158264619793,25.641223847873466,12.840158264619793,12.801065583253672,66711,95223808,1790405616.8685749,runs/round-budget-20260926T064431Z/credit_s10002_T2/r1_none.json,PASS
credit,10002,2,none,2,1,0.21735666698077694,0.2304080409812741,0.06754517555236816,0.29795312881469727,0.0012359159882180393,0.0010726659966167063,0.007007333013461903,0.002067207999061793,0.0003707919968292117,0.00124299997696653,5.445902934297919e-05,0.0,0.001983791997190565,0.037884871795540676,0.006484375015133992,0.0,0.12382925988640636,0.043367833946831524,0.00010887498501688242,0.0036976593546569347,0.0,0.0,0.0,0.058486957976128906,59940,0,0,0,0,59940,0,12.840158264619793,25.641223847873466,12.840158264619793,12.801065583253672,66711,95010816,1790405618.003029,runs/round-budget-20260926T064431Z/credit_s10002_T2/r2_none.json,PASS
credit,10002,2,none,3,0,0.21894325001630932,0.23190287497709505,0.06748485565185547,0.29938769340515137,0.0012764579732902348,0.001015292014926672,0.006926125002792105,0.0018729580042418092,0.0004298329877201468,0.0013740829890593886,6.487598875537515e-05,0.0,0.0020245419873390347,0.038370082911569625,0.006480292009655386,0.0,0.12464700199780054,0.04342578403884545,0.00012429102207534015,0.003871256049023941,0.0,0.0,0.0,0.05849753404618241,59940,0,0,0,0,59940,0,12.840158264619793,25.641223847873466,12.840158264619793,12.801065583253672,66711,96550912,1790405619.117141,runs/round-budget-20260926T064431Z/credit_s10002_T2/r3_none.json,PASS
credit,10002,2,basic,0,0,0.3019118329975754,0.3148974170035217,0.066619873046875,0.3815171718597412,0.001259292010217905,0.0010701249993871897,0.006696041004033759,0.002268125012051314,0.00037508399691432714,0.0012597089807968587,5.720800254493952e-05,0.0,0.002054874988971278,0.038354655174771324,0.006290541001362726,0.0009057489514816552,0.198643585172249,0.04963967527146451,9.591600974090397e-05,0.005926836427533999,0.07343146397033706,0.08428837501560338,0.0642811659781728,0.065530924272025,59940,29970,0,0,29970,89910,0,12.840158264619793,25.641223847873466,12.840158264619793,12.801065583253672,66711,95502336,1790405614.512518,runs/round-budget-20260926T064431Z/credit_s10002_T2/r0_basic.json,PASS
credit,10002,2,basic,1,3,0.3038644589832984,0.3169235000095796,0.06755995750427246,0.38448357582092285,0.0012582910130731761,0.000996166985714808,0.007080125011270866,0.002001208020374179,0.00037362499278970063,0.0012968750088475645,5.2749994210898876e-05,0.0,0.0020036670030094683,0.03821321399300359,0.006447666004532948,0.0009589110559318215,0.20068771514343098,0.04899242290412076,0.00011079199612140656,0.0064500708831474185,0.07469254211173393,0.0858881660096813,0.06535650001023896,0.06497171596856788,59940,29970,0,0,29970,89910,0,12.840158264619793,25.641223847873466,12.840158264619793,12.801065583253672,66711,96862208,1790405617.1777291,runs/round-budget-20260926T064431Z/credit_s10002_T2/r1_basic.json,PASS
credit,10002,2,basic,2,2,0.30067075000260957,0.31438812499982305,0.07298994064331055,0.3873779773712158,0.001436624996131286,0.0010021670022979379,0.0071739999984856695,0.002341832994716242,0.0004044579982291907,0.0012915420229546726,6.674998439848423e-05,0.0,0.001980540982913226,0.038488377118483186,0.006406208995031193,0.0009086628560908139,0.19712729356251657,0.049196717620361596,0.0001272080116905272,0.006435740855522454,0.07364312320714816,0.08459654200123623,0.06375554102123715,0.06519434458459727,59940,29970,0,0,29970,89910,0,12.840158264619793,25.641223847873466,12.840158264619793,12.801065583253672,66711,96780288,1790405618.318651,runs/round-budget-20260926T064431Z/credit_s10002_T2/r2_basic.json,PASS
credit,10002,2,basic,3,1,0.30322662499384023,0.3163737499853596,0.06736898422241211,0.3837428092956543,0.0012699579820036888,0.0010055829770863056,0.006562916008988395,0.002522249997127801,0.00039229198591783643,0.0013357079878915101,5.8418052503839135e-05,0.0,0.002042499982053414,0.038922004925552756,0.00654012500308454,0.0009105429635383189,0.19867944926954806,0.04931712185498327,0.00011479100794531405,0.006700089987134561,0.07339254012913443,0.08449141698656604,0.06418008299078792,0.06557583188987337,59940,29970,0,0,29970,89910,0,12.840158264619793,25.641223847873466,12.840158264619793,12.801065583253672,66711,96567296,1790405619.428962,runs/round-budget-20260926T064431Z/credit_s10002_T2/r3_basic.json,PASS
credit,10002,2,runnerup,0,1,0.30280829200637527,0.3155509579810314,0.06802201271057129,0.383573055267334,0.001298749994020909,0.000919709011213854,0.006871959019917995,0.0018855420057661831,0.00037095899460837245,0.001337832974968478,5.791397416032851e-05,0.0,0.002015708014369011,0.03873049485264346,0.006397791992640123,0.0021654938464052975,0.1986189681920223,0.04894583180430345,8.475099457427859e-05,0.005849252309417352,0.07408687195857055,0.08619499998167157,0.06418650000705384,0.06502474984154105,59940,29970,0,0,29970,89910,0,12.840158264619793,25.641223847873466,12.840158264619793,12.801065583253672,66711,95485952,1790405614.9078689,runs/round-budget-20260926T064431Z/credit_s10002_T2/r0_runnerup.json,PASS
credit,10002,2,runnerup,1,0,0.3033491249952931,0.31622087498544715,0.06769704818725586,0.38391780853271484,0.0012367919844109565,0.0009723340044729412,0.006960291007999331,0.0018635000160429627,0.00042337499326094985,0.0013455409789457917,6.991700502112508e-05,0.0,0.0019467909878585488,0.03815712410141714,0.006437291012844071,0.002140798867912963,0.19958188143209554,0.049109214276541024,0.00010512396693229675,0.00587090034969151,0.07434262704919092,0.08635262501775287,0.06409708299906924,0.06501733828918077,59940,29970,0,0,29970,89910,0,12.840158264619793,25.641223847873466,12.840158264619793,12.801065583253672,66711,96550912,1790405616.04104,runs/round-budget-20260926T064431Z/credit_s10002_T2/r1_runnerup.json,PASS
credit,10002,2,runnerup,2,3,0.3055887910013553,0.31834058300592005,0.07170701026916504,0.390047550201416,0.0013101249933242798,0.0009682910167612135,0.006816082983277738,0.0018555000133346766,0.0003880420117639005,0.0013497089967131615,6.404198938980699e-05,0.0,0.0021964159968774766,0.04008946003159508,0.006674915988696739,0.002182248717872426,0.19860167131992057,0.049081958073657006,0.0001380839676130563,0.006624036905122921,0.0736472429416608,0.08624591602711007,0.06441516597988084,0.06670924904756248,59940,29970,0,0,29970,89910,0,12.840158264619793,25.641223847873466,12.840158264619793,12.801065583253672,66711,96878592,1790405618.71771,runs/round-budget-20260926T064431Z/credit_s10002_T2/r2_runnerup.json,PASS
credit,10002,2,runnerup,3,2,0.30179195798700675,0.31489424998289905,0.06896281242370605,0.38385701179504395,0.0012199170014355332,0.0010013749997597188,0.007046667014947161,0.002148375002434477,0.000363041996024549,0.0012704999826382846,5.24159986525774e-05,0.0,0.0020332499989308417,0.0385702871135436,0.006332958990242332,0.0021550460951402783,0.1971501650114078,0.049199674278497696,9.066698839887977e-05,0.0062599095108453184,0.07318345690146089,0.08529620899935253,0.06374783301725984,0.06530000828206539,59940,29970,0,0,29970,89910,0,12.840158264619793,25.641223847873466,12.840158264619793,12.801065583253672,66711,95371264,1790405619.828243,runs/round-budget-20260926T064431Z/credit_s10002_T2/r3_runnerup.json,PASS
credit,10003,0,fresh,0,3,0.1749857079994399,0.17968195799039677,0.0671088695526123,0.24679088592529297,0.0012666250113397837,0.0009679579816292971,0.0,0.0016722500149626285,0.00010754200047813356,0.0006227499980013818,5.91249845456332e-05,0.00259987500612624,0.0,0.16322970381588675,0.006512541993288323,0.0,0.0,0.0,0.0,0.002643587184138596,0.0,0.0,0.0,0.013781875983113423,0,0,0,0,0,0,,17.9336461890835,33.13136360154481,15.19771741246131,17.9336461890835,22121,73547776,1790405624.165958,runs/round-budget-20260926T064431Z/credit_s10003_T0/r0_fresh.json,PASS
credit,10003,0,fresh,1,2,0.17419208300998434,0.17891483299899846,0.06832194328308105,0.2472367286682129,0.001308874983806163,0.0009628749976400286,0.0,0.0016604999836999923,0.00011333302245475352,0.0006222499941941351,5.4917007219046354e-05,0.0026305000064894557,0.0,0.16258587207994424,0.006433666014345363,0.0,0.0,0.0,0.0,0.0025420449092052877,0.0,0.0,0.0,0.013975623995065689,0,0,0,0,0,0,,17.9336461890835,33.13136360154481,15.19771741246131,17.9336461890835,22121,72826880,1790405624.690444,runs/round-budget-20260926T064431Z/credit_s10003_T0/r1_fresh.json,PASS
credit,10003,0,fresh,2,1,0.17490295798052102,0.17978679199586622,0.06782698631286621,0.24761366844177246,0.001334125001449138,0.0010187090083491057,0.0,0.0017957079980988055,0.00010708300396800041,0.0005700840265490115,5.812497693113983e-05,0.0026251250237692147,0.0,0.1632310400600545,0.006451792025472969,0.0,0.0,0.0,0.0,0.002595000871224329,0.0,0.0,0.0,0.013971834036055952,0,0,0,0,0,0,,17.9336461890835,33.13136360154481,15.19771741246131,17.9336461890835,22121,72908800,1790405625.213727,runs/round-budget-20260926T064431Z/credit_s10003_T0/r2_fresh.json,PASS
credit,10003,0,fresh,3,0,0.17508691601688042,0.18001224999898113,0.06777286529541016,0.24778509140014648,0.0012845839955843985,0.0011317500029690564,0.0,0.0017323339998256415,0.00010491698049008846,0.0006179169868119061,5.383201641961932e-05,0.00245779100805521,0.0,0.16357529105152935,0.006463166995672509,0.0,0.0,0.0,0.0,0.0025906669616233557,0.0,0.0,0.0,0.014522125973599032,0,0,0,0,0,0,,17.9336461890835,33.13136360154481,15.19771741246131,17.9336461890835,22121,72777728,1790405625.737845,runs/round-budget-20260926T064431Z/credit_s10003_T0/r3_fresh.json,PASS
credit,10003,0,none,0,0,0.046613708982476965,0.05541729100514203,0.06842613220214844,0.12384343147277832,0.0012948330258950591,0.0009883749880827963,0.003848833992378786,0.0017777500033844262,0.0001269589993171394,0.0007082080119289458,5.8623001677915454e-05,0.0,0.0019388749788049608,0.03507000085664913,0.006570042023668066,0.0,0.0,0.0,0.0,0.0030347911233548075,0.0,0.0,0.0,0.012674208031967282,0,0,0,0,0,0,0,17.9336461890835,33.13136360154481,15.19771741246131,17.9336461890835,22121,87736320,1790405623.7676811,runs/round-budget-20260926T064431Z/credit_s10003_T0/r0_none.json,PASS
credit,10003,0,none,1,3,0.04659795798943378,0.05611416601459496,0.06694602966308594,0.12306022644042969,0.0019021659973077476,0.001043833006406203,0.0038629170157946646,0.0019319579878356308,0.00010737500269897282,0.0006107919907663018,5.716702435165644e-05,0.0,0.0019819590088445693,0.03497770588728599,0.006481832999270409,0.0,0.0,0.0,0.0,0.003156460094032809,0.0,0.0,0.0,0.012286582990782335,0,0,0,0,0,0,0,17.9336461890835,33.13136360154481,15.19771741246131,17.9336461890835,22121,87719936,1790405624.945944,runs/round-budget-20260926T064431Z/credit_s10003_T0/r1_none.json,PASS
credit,10003,0,none,2,2,0.04582533301436342,0.05440345898387022,0.06796121597290039,0.12236475944519043,0.0013183339906390756,0.0009777920204214752,0.003646332974312827,0.0018314580083824694,0.0001060000213328749,0.0006449999928008765,5.320896161720157e-05,0.0,0.0019324999884702265,0.03459067008225247,0.00631229201098904,0.0,0.0,0.0,0.0,0.0029898709326516837,0.0,0.0,0.0,0.01210979200550355,0,0,0,0,0,0,0,17.9336461890835,33.13136360154481,15.19771741246131,17.9336461890835,22121,87736320,1790405625.471543,runs/round-budget-20260926T064431Z/credit_s10003_T0/r2_none.json,PASS
credit,10003,0,none,3,1,0.04669158300384879,0.05506412498652935,0.06756186485290527,0.12262606620788574,0.001290707994485274,0.0009760420070961118,0.003611624997574836,0.001724750007269904,0.00010699999984353781,0.0006078339938540012,5.458298255689442e-05,0.0,0.0020179999992251396,0.035450625960947946,0.0063683330081403255,0.0,0.0,0.0,0.0,0.0028546240355353802,0.0,0.0,0.0,0.012604083021869883,0,0,0,0,0,0,0,17.9336461890835,33.13136360154481,15.19771741246131,17.9336461890835,22121,87736320,1790405625.995168,runs/round-budget-20260926T064431Z/credit_s10003_T0/r3_none.json,PASS
credit,10003,0,basic,0,1,0.04558058301336132,0.05406495800707489,0.06817007064819336,0.12223505973815918,0.00120900000911206,0.0009370000043418258,0.0038265839975792915,0.001688207994448021,0.00011374999303370714,0.0006536250002682209,5.620799493044615e-05,0.0,0.0018640420166775584,0.03449100797297433,0.006328415998723358,0.0,0.0,0.0,0.0,0.0028971170249860734,0.0,0.0,0.0,0.012340499029960483,0,0,0,0,0,0,,17.9336461890835,33.13136360154481,15.19771741246131,17.9336461890835,22121,87654400,1790405623.901799,runs/round-budget-20260926T064431Z/credit_s10003_T0/r0_basic.json,PASS
credit,10003,0,basic,1,0,0.0465387910080608,0.05508483399171382,0.0674741268157959,0.1225590705871582,0.0012448750203475356,0.0009647919796407223,0.003609292005421594,0.0019290419877506793,0.00011016597272828221,0.0006308329757303,5.704304203391075e-05,0.0,0.002058790996670723,0.03490671803592704,0.006501042022136971,0.0,0.0,0.0,0.0,0.0030722399533260614,0.0,0.0,0.0,0.012736458011204377,0,0,0,0,0,0,,17.9336461890835,33.13136360154481,15.19771741246131,17.9336461890835,22121,87638016,1790405624.42332,runs/round-budget-20260926T064431Z/credit_s10003_T0/r1_basic.json,PASS
credit,10003,0,basic,2,3,0.046701875020517036,0.05558633300825022,0.06670212745666504,0.12228846549987793,0.0012220409989822656,0.0009573340066708624,0.0040749170002527535,0.0018593749846331775,0.00011074999929405749,0.0006087080109864473,5.1332986913621426e-05,0.0,0.0020185000030323863,0.03516124779707752,0.006517166999401525,0.0,0.0,0.0,0.0,0.0030049602210056037,0.0,0.0,0.0,0.01260700001148507,0,0,0,0,0,0,,17.9336461890835,33.13136360154481,15.19771741246131,17.9336461890835,22121,87867392,1790405625.603266,runs/round-budget-20260926T064431Z/credit_s10003_T0/r2_basic.json,PASS
credit,10003,0,basic,3,2,0.04702154200640507,0.055463917000452057,0.06769490242004395,0.12315893173217773,0.0012235419999342412,0.0010420829930808395,0.0037356250104494393,0.0016785830084700137,0.00010758402640931308,0.0006016670085955411,5.3290947107598186e-05,0.0,0.0020463330147322267,0.03531307794037275,0.006583958980627358,0.0,0.0,0.0,0.0,0.0030781720706727356,0.0,0.0,0.0,0.012534459965536371,0,0,0,0,0,0,,17.9336461890835,33.13136360154481,15.19771741246131,17.9336461890835,22121,87670784,1790405626.128696,runs/round-budget-20260926T064431Z/credit_s10003_T0/r3_basic.json,PASS
credit,10003,0,runnerup,0,2,0.04626966701471247,0.05479658301919699,0.06698298454284668,0.1217796802520752,0.0012264580000191927,0.0009991250117309391,0.003664458025014028,0.0018730829760897905,0.00011066702427342534,0.0006004169990774244,5.270796827971935e-05,0.0,0.00200808301451616,0.034806375100743026,0.006517000001622364,0.0,0.0,0.0,0.0,0.0029382088978309184,0.0,0.0,0.0,0.012576959008583799,0,0,0,0,0,0,,17.9336461890835,33.13136360154481,15.19771741246131,17.9336461890835,22121,87588864,1790405624.033223,runs/round-budget-20260926T064431Z/credit_s10003_T0/r0_runnerup.json,PASS
credit,10003,0,runnerup,1,1,0.04662237499724142,0.05497354100225493,0.06733894348144531,0.12231254577636719,0.001207458000862971,0.0009647499828133732,0.003564833023119718,0.0018711250158958137,0.00010412500705569983,0.000584916997468099,5.3957977797836065e-05,0.0,0.001976917003048584,0.03505626515834592,0.006489958002930507,0.0,0.0,0.0,0.0,0.0030992348329164088,0.0,0.0,0.0,0.012510083994129673,0,0,0,0,0,0,,17.9336461890835,33.13136360154481,15.19771741246131,17.9336461890835,22121,87736320,1790405624.556254,runs/round-budget-20260926T064431Z/credit_s10003_T0/r1_runnerup.json,PASS
credit,10003,0,runnerup,2,0,0.04647041601128876,0.05477916600648314,0.06705713272094727,0.12183618545532227,0.0013126250123605132,0.0009198750194627792,0.0035883339878637344,0.0016984999820124358,0.00011150000500492752,0.0006199579802341759,5.7958008255809546e-05,0.0,0.0019568330026231706,0.03501055313972756,0.006426749983802438,0.0,0.0,0.0,0.0,0.003076279885135591,0.0,0.0,0.0,0.012285625009099022,0,0,0,0,0,0,,17.9336461890835,33.13136360154481,15.19771741246131,17.9336461890835,22121,87687168,1790405625.080291,runs/round-budget-20260926T064431Z/credit_s10003_T0/r2_runnerup.json,PASS
credit,10003,0,runnerup,3,3,0.04759266698965803,0.056452999997418374,0.06894803047180176,0.12540102005004883,0.0013440829934552312,0.0009469999931752682,0.003772708005271852,0.0018693330057431012,0.00011062499834224582,0.000750375009374693,6.620900239795446e-05,0.0,0.001990624994505197,0.03574928914895281,0.006604666996281594,0.0,0.0,0.0,0.0,0.003248085849918425,0.0,0.0,0.0,0.012661667977226898,0,0,0,0,0,0,,17.9336461890835,33.13136360154481,15.19771741246131,17.9336461890835,22121,88850432,1790405626.264055,runs/round-budget-20260926T064431Z/credit_s10003_T0/r3_runnerup.json,PASS
credit,10003,1,fresh,0,2,0.2572132920031436,0.26277987501816824,0.06990385055541992,0.332683801651001,0.0013210830220486969,0.0010500840144231915,0.0,0.0019266250019427389,0.00023779200273565948,0.0009703329997137189,6.066597416065633e-05,0.0026624170131981373,0.0,0.1631420471239835,0.006402250000974163,0.0,0.060779751947848126,0.02131108584580943,0.0,0.0029157400713302195,0.0,0.0,0.0,0.03621350185130723,29970,0,0,0,0,29970,,13.52523087177043,26.772230622821496,13.246999751051066,13.52523087177043,44421,74907648,1790405630.744787,runs/round-budget-20260926T064431Z/credit_s10003_T1/r0_fresh.json,PASS
credit,10003,1,fresh,1,1,0.2599785000202246,0.26512445899425074,0.0675358772277832,0.332660436630249,0.0012373749923426658,0.0009518750011920929,0.0,0.001687042007688433,0.0002458749804645777,0.0009692079911474138,5.458400119096041e-05,0.0028035840077791363,0.0,0.16400370991323143,0.006445291975978762,0.0,0.062471751152770594,0.02143958379747346,0.0,0.002814579172991216,0.0,0.0,0.0,0.03634850075468421,29970,0,0,0,0,29970,,13.52523087177043,26.772230622821496,13.246999751051066,13.52523087177043,44421,73596928,1790405631.615793,runs/round-budget-20260926T064431Z/credit_s10003_T1/r1_fresh.json,PASS
credit,10003,1,fresh,2,0,0.25702983399969526,0.2622735839977395,0.0662848949432373,0.32855844497680664,0.001333083986537531,0.0009889999928418547,0.0,0.0017053750052582473,0.00023899998632259667,0.000912124989554286,6.516603752970695e-05,0.0024817080120556056,0.0,0.16190970220486633,0.00654087500879541,0.0,0.061751552100759,0.021553963044425473,0.0,0.0027920336287934333,0.0,0.0,0.0,0.03653875400777906,29970,0,0,0,0,29970,,13.52523087177043,26.772230622821496,13.246999751051066,13.52523087177043,44421,73564160,1790405632.479773,runs/round-budget-20260926T064431Z/credit_s10003_T1/r2_fresh.json,PASS
credit,10003,1,fresh,3,3,0.25772533399867825,0.26300541701493785,0.06743621826171875,0.3304417133331299,0.0012742500111926347,0.0009889579960145056,0.0,0.0017989579937420785,0.00023750000400468707,0.0009181670029647648,6.225000834092498e-05,0.0025389580114278942,0.0,0.1627469957456924,0.006496542016975582,0.0,0.061777329188771546,0.021316711063263938,0.0,0.0028487979725468904,0.0,0.0,0.0,0.036234169092494994,29970,0,0,0,0,29970,,13.52523087177043,26.772230622821496,13.246999751051066,13.52523087177043,44421,73777152,1790405634.4869492,runs/round-budget-20260926T064431Z/credit_s10003_T1/r3_fresh.json,PASS
credit,10003,1,none,0,3,0.13147962500806898,0.1423003750096541,0.06729602813720703,0.2095963954925537,0.0012544580094981939,0.0009916670096572489,0.00537391600664705,0.00197350000962615,0.00023041697568260133,0.0009487920033279806,4.7999987145885825e-05,0.0,0.00207033398328349,0.035489706962835044,0.006678791978629306,0.0,0.061803377844626084,0.022081636707298458,5.3499999921768904e-05,0.0033022775314748287,0.0,0.0,0.0,0.03551409568171948,29970,0,0,0,0,29970,0,13.52523087177043,26.772230622821496,13.246999751051066,13.52523087177043,44421,93388800,1790405631.085564,runs/round-budget-20260926T064431Z/credit_s10003_T1/r0_none.json,PASS
credit,10003,1,none,1,2,0.12894249998498708,0.13951220799935982,0.06655216217041016,0.20606446266174316,0.001240417012013495,0.0009433329978492111,0.005306875013047829,0.0018176250159740448,0.00023616699036210775,0.0009744160051923245,5.087497993372381e-05,0.0,0.001958916982403025,0.03464928819448687,0.006464791018515825,0.0,0.06126195585238747,0.0213297130248975,3.987498348578811e-05,0.0032379599288105965,0.0,0.0,0.0,0.034638297074707225,29970,0,0,0,0,29970,0,13.52523087177043,26.772230622821496,13.246999751051066,13.52523087177043,44421,92209152,1790405631.957386,runs/round-budget-20260926T064431Z/credit_s10003_T1/r1_none.json,PASS
credit,10003,1,none,2,1,0.13150350001524203,0.14233354199677706,0.06905984878540039,0.2113933563232422,0.0013023330247960985,0.0010639590036589652,0.005241042003035545,0.001979624998057261,0.00024079199647530913,0.0009422079892829061,6.0082966228947043e-05,0.0,0.0020619170099962503,0.03522399801295251,0.006529167003463954,0.0,0.0627519549743738,0.021570419805357233,3.950000973418355e-05,0.003326543199364096,0.0,0.0,0.0,0.03524021082557738,29970,0,0,0,0,29970,0,13.52523087177043,26.772230622821496,13.246999751051066,13.52523087177043,44421,92209152,1790405632.8215098,runs/round-budget-20260926T064431Z/credit_s10003_T1/r2_none.json,PASS
credit,10003,1,none,3,0,0.13308558298740536,0.14390691701555625,0.06683611869812012,0.21074295043945312,0.0012235000031068921,0.0009608749824110419,0.005474166013300419,0.0019407079962547868,0.00024020799901336432,0.0009275830234400928,5.429401062428951e-05,0.0,0.0019737909897230566,0.035761258215643466,0.006599292013561353,0.0,0.06369300218648277,0.021618873986881226,4.012498538941145e-05,0.0033992406097240746,0.0,0.0,0.0,0.03520391701022163,29970,0,0,0,0,29970,0,13.52523087177043,26.772230622821496,13.246999751051066,13.52523087177043,44421,93306880,1790405633.6525881,runs/round-budget-20260926T064431Z/credit_s10003_T1/r3_none.json,PASS
credit,10003,1,basic,0,0,0.22109375000582077,0.2318915840005502,0.06735420227050781,0.29924583435058594,0.0012803340214304626,0.0009759170061443001,0.005423958005849272,0.0018162500055041164,0.00024566700449213386,0.0009939169976860285,6.179095362313092e-05,0.0,0.0020719169988296926,0.036622664862079546,0.006650958996033296,0.0009259998623747379,0.14103325523319654,0.02780775201972574,5.229099770076573e-05,0.0059289110358804464,0.07481125625781715,0.08581004099687561,0.06752216699533165,0.042960710008628666,29970,29970,0,0,29970,59940,0,13.52523087177043,26.772230622821496,13.246999751051066,13.52523087177043,44421,93683712,1790405630.1256151,runs/round-budget-20260926T064431Z/credit_s10003_T1/r0_basic.json,PASS
credit,10003,1,basic,1,3,0.2152915830083657,0.226094000012381,0.06764507293701172,0.29373908042907715,0.0013230839977040887,0.0010004169889725745,0.005417791981017217,0.0018150839896406978,0.00025049998657777905,0.0009387500176671892,5.6790042435750365e-05,0.0,0.002088707988150418,0.03552524888073094,0.006476624985225499,0.0009150381083600223,0.13709509489126503,0.027505877922521904,4.549999721348286e-05,0.005639490234898403,0.07401108983322047,0.0849748750042636,0.0642374160233885,0.04201537786866538,29970,29970,0,0,29970,59940,0,13.52523087177043,26.772230622821496,13.246999751051066,13.52523087177043,44421,92569600,1790405632.175919,runs/round-budget-20260926T064431Z/credit_s10003_T1/r1_basic.json,PASS
credit,10003,1,basic,2,2,0.21550150000257418,0.22619766599382274,0.0673370361328125,0.2935347557067871,0.0012329999881330878,0.0009401249990332872,0.005422999995062128,0.0018172499840147793,0.00024491699878126383,0.0009838329860940576,5.404104012995958e-05,0.0,0.002066084009129554,0.034960471151862293,0.006437915988499299,0.0009093278495129198,0.13776163480360992,0.027484375284984708,4.708298365585506e-05,0.005834607931319624,0.07452050101710483,0.08542300001136027,0.06434070799150504,0.04252587631344795,29970,29970,0,0,29970,59940,0,13.52523087177043,26.772230622821496,13.246999751051066,13.52523087177043,44421,94158848,1790405633.042063,runs/round-budget-20260926T064431Z/credit_s10003_T1/r2_basic.json,PASS
credit,10003,1,basic,3,1,0.21251312500680797,0.22320949999266304,0.06801414489746094,0.29122352600097656,0.001295082998694852,0.0010090419964399189,0.005332791974069551,0.0017799169872887433,0.00026362499920651317,0.0009616670140530914,5.42490161024034e-05,0.0,0.0020655840053223073,0.03512091390439309,0.006315000005997717,0.000873711978783831,0.13529392034979537,0.027309747063554823,5.7541008573025465e-05,0.0054767066903878,0.07261962789925747,0.08330070800730027,0.06384266700479202,0.04165624803863466,29970,29970,0,0,29970,59940,0,13.52523087177043,26.772230622821496,13.246999751051066,13.52523087177043,44421,92569600,1790405633.87594,runs/round-budget-20260926T064431Z/credit_s10003_T1/r3_basic.json,PASS
credit,10003,1,runnerup,0,1,0.21583929102052934,0.226745124993613,0.06700491905212402,0.2937500476837158,0.0012644579983316362,0.0010371250100433826,0.005432709003798664,0.001931832986883819,0.00023800000781193376,0.0009470419900026172,5.4666976211592555e-05,0.0,0.0019422910118009895,0.03482866587000899,0.006367292022332549,0.0021699577919207513,0.13710621104110032,0.027485250175232068,3.391600330360234e-05,0.005905707104830071,0.07398600116721354,0.08614983400912024,0.06429599999682978,0.041546584194293246,29970,29970,0,0,29970,59940,0,13.52523087177043,26.772230622821496,13.246999751051066,13.52523087177043,44421,92504064,1790405630.436278,runs/round-budget-20260926T064431Z/credit_s10003_T1/r0_runnerup.json,PASS
credit,10003,1,runnerup,1,0,0.21578608299023472,0.2267543750058394,0.06882786750793457,0.29558229446411133,0.0012399170082062483,0.0009739169909153134,0.005592458008322865,0.0019572919991333038,0.00023595799575559795,0.000914999982342124,5.37500309292227e-05,0.0,0.002051708986982703,0.03514300310052931,0.006604416004847735,0.002147951890947297,0.13653199610416777,0.027504578232765198,4.716700641438365e-05,0.005755261663580313,0.07326966713299043,0.08527058397885412,0.06450104201212525,0.042164243262959644,29970,29970,0,0,29970,59940,0,13.52523087177043,26.772230622821496,13.246999751051066,13.52523087177043,44421,94076928,1790405631.310139,runs/round-budget-20260926T064431Z/credit_s10003_T1/r1_runnerup.json,PASS
credit,10003,1,runnerup,2,3,0.21493041698704474,0.22565549999126233,0.06885313987731934,0.294508695602417,0.0012639579945243895,0.0009679999784566462,0.005391958024119958,0.0018323750118725002,0.00023754200083203614,0.0009725000127218664,5.874998169019818e-05,0.0,0.001892291009426117,0.035065336065599695,0.006496332993265241,0.002155335037969053,0.13612783965072595,0.0275352488970384,4.604100831784308e-05,0.005611992324702442,0.07343574785045348,0.08553725000820123,0.06381745901308022,0.041737081890460104,29970,29970,0,0,29970,59940,0,13.52523087177043,26.772230622821496,13.246999751051066,13.52523087177043,44421,92454912,1790405633.348489,runs/round-budget-20260926T064431Z/credit_s10003_T1/r2_runnerup.json,PASS
credit,10003,1,runnerup,3,2,0.21904283299227245,0.2300039590045344,0.06760287284851074,0.2976069450378418,0.0013190839963499457,0.0009994170104619116,0.0055263749964069575,0.0019303330045659095,0.00024374999338760972,0.0008767909894231707,6.537602166645229e-05,0.0,0.001989041978958994,0.03503320782328956,0.0065666669979691505,0.0021591700497083366,0.13960782400681637,0.027718216879293323,4.1207997128367424e-05,0.00592749725910835,0.07537945482181385,0.08751345900236629,0.06538904100307263,0.04199642391176894,29970,29970,0,0,29970,59940,0,13.52523087177043,26.772230622821496,13.246999751051066,13.52523087177043,44421,92618752,1790405634.178273,runs/round-budget-20260926T064431Z/credit_s10003_T1/r3_runnerup.json,PASS
credit,10003,2,fresh,0,1,0.34520679200068116,0.3507850000169128,0.06959795951843262,0.4203829765319824,0.0012175420124549419,0.0009355420188512653,0.0,0.0016669579781591892,0.00038912499439902604,0.0013121250085532665,5.691600381396711e-05,0.002784082986181602,0.0,0.16307724511716515,0.006587708980077878,0.0,0.12665167325758375,0.042979121091775596,0.0,0.0031269605678971857,0.0,0.0,0.0,0.05853791307890788,59940,0,0,0,0,59940,,12.983469492274399,25.921920661174774,12.938451168900377,12.983469492274399,66766,74596352,1790405639.3822,runs/round-budget-20260926T064431Z/credit_s10003_T2/r0_fresh.json,PASS
credit,10003,2,fresh,1,0,0.3397857079980895,0.34544362500309944,0.06689286231994629,0.4123365879058838,0.0012362910201773047,0.0010045829985756427,0.0,0.0017167089972645044,0.00037212501047179103,0.0012763749982696027,5.183398025110364e-05,0.002565250004408881,0.0,0.16049146195291542,0.006422624981496483,0.0,0.12401095431414433,0.04310420510591939,0.0,0.003191211639204994,0.0,0.0,0.0,0.05868395610013977,59940,0,0,0,0,59940,,12.983469492274399,25.921920661174774,12.938451168900377,12.983469492274399,66766,75137024,1790405640.517968,runs/round-budget-20260926T064431Z/credit_s10003_T2/r1_fresh.json,PASS
credit,10003,2,fresh,2,3,0.34162725001806393,0.34733849999611266,0.06769084930419922,0.41502928733825684,0.001224499981617555,0.0009622919897083193,0.0,0.001815542025724426,0.00035191699862480164,0.0012988749949727207,5.81239874009043e-05,0.0026715830026660115,0.0,0.16307682907790877,0.006525082979351282,0.0,0.12326637702062726,0.042867924785241485,0.0,0.003219453152269125,0.0,0.0,0.0,0.05862338180304505,59940,0,0,0,0,59940,,12.983469492274399,25.921920661174774,12.938451168900377,12.983469492274399,66766,74006528,1790405643.141305,runs/round-budget-20260926T064431Z/credit_s10003_T2/r2_fresh.json,PASS
credit,10003,2,fresh,3,2,0.3402884590032045,0.3458720409835223,0.06934881210327148,0.4152207374572754,0.0012897909909952432,0.0009365419973619282,0.0,0.0017090000037569553,0.00035216601099818945,0.001240375015186146,5.5707962019369006e-05,0.002613582997582853,0.0,0.16149574692826718,0.006424499995773658,0.0,0.12346512090880424,0.043232374475337565,0.0,0.003057133697438985,0.0,0.0,0.0,0.058820207486860454,59940,0,0,0,0,59940,,12.983469492274399,25.921920661174774,12.938451168900377,12.983469492274399,66766,73957376,1790405644.3486269,runs/round-budget-20260926T064431Z/credit_s10003_T2/r3_fresh.json,PASS
credit,10003,2,none,0,2,0.2152632089855615,0.2284429999999702,0.07091903686523438,0.2993619441986084,0.001364916010061279,0.000996166985714808,0.00701770800515078,0.0020514999923761934,0.000371750007616356,0.001309249986661598,6.850002682767808e-05,0.0,0.0019934159936383367,0.036480208043940365,0.006564416020410135,0.0,0.12252962897764519,0.043812502874061465,0.00010266603203490376,0.00378037104383111,0.0,0.0,0.0,0.05966650290065445,59940,0,0,0,0,59940,0,12.983469492274399,25.921920661174774,12.938451168900377,12.983469492274399,66766,96026624,1790405639.815228,runs/round-budget-20260926T064431Z/credit_s10003_T2/r0_none.json,PASS
credit,10003,2,none,1,1,0.21477654200862162,0.22769345898996107,0.0672760009765625,0.2949695587158203,0.0012767089938279241,0.0009768750169314444,0.006933708005817607,0.00205350000760518,0.00038166699232533574,0.0012394999794196337,5.4957985412329435e-05,0.0,0.0020367089891806245,0.035264461184851825,0.0064412500069011,0.0,0.12363550113514066,0.04367736875428818,9.620797936804593e-05,0.003625043958891183,0.0,0.0,0.0,0.057963285711593926,59940,0,0,0,0,59940,0,12.983469492274399,25.921920661174774,12.938451168900377,12.983469492274399,66766,95207424,1790405640.941422,runs/round-budget-20260926T064431Z/credit_s10003_T2/r1_none.json,PASS
credit,10003,2,none,2,0,0.21426820900524035,0.22685120900860056,0.06685090065002441,0.2937021255493164,0.0012444999883882701,0.0009432090155314654,0.006796292000217363,0.0019310830102767795,0.00037437499850057065,0.0012396250094752759,5.3915980970487e-05,0.0,0.0020107919990550727,0.03524404703057371,0.006321416993159801,0.0,0.12346420384710655,0.04362821191898547,0.00010154099436476827,0.003497996221994981,0.0,0.0,0.0,0.05804446287220344,59940,0,0,0,0,59940,0,12.983469492274399,25.921920661174774,12.938451168900377,12.983469492274399,66766,95338496,1790405642.040695,runs/round-budget-20260926T064431Z/credit_s10003_T2/r2_none.json,PASS
credit,10003,2,none,3,3,0.21356991701759398,0.22676358299213462,0.06781697273254395,0.29458045959472656,0.001440207997802645,0.0009539170132484287,0.007137207983760163,0.001951750018633902,0.00037054199492558837,0.001274374983040616,6.566598312929273e-05,0.0,0.00206566700944677,0.03604662980069406,0.0065340420114807785,0.0,0.12196683013462462,0.043226166075328365,9.25410131458193e-05,0.0036380409728735685,0.0,0.0,0.0,0.05772974909632467,59940,0,0,0,0,59940,0,12.983469492274399,25.921920661174774,12.938451168900377,12.983469492274399,66766,95223808,1790405644.77265,runs/round-budget-20260926T064431Z/credit_s10003_T2/r3_none.json,PASS
credit,10003,2,basic,0,3,0.3017496659886092,0.3145755419973284,0.06771731376647949,0.3822927474975586,0.0012446670152712613,0.0009635839960537851,0.00676404099795036,0.002039500017417595,0.00037929200334474444,0.0013829999952577055,5.179198342375457e-05,0.0,0.002165499987313524,0.03490687004523352,0.006544042000314221,0.0009841207647696137,0.2019130431872327,0.048801494791405275,0.00015374997747130692,0.006280845234869048,0.0756990798690822,0.087089874985395,0.06525316700572148,0.06510491180233657,59940,29970,0,0,29970,89910,0,12.983469492274399,25.921920661174774,12.938451168900377,12.983469492274399,66766,96829440,1790405640.1240551,runs/round-budget-20260926T064431Z/credit_s10003_T2/r0_basic.json,PASS
credit,10003,2,basic,1,2,0.29900370800169185,0.3119264999986626,0.06891703605651855,0.3808436393737793,0.0012850410130340606,0.0010086249967571348,0.006961749983020127,0.0019497500034049153,0.00035691598895937204,0.0012924589973408729,6.825101445429027e-05,0.0,0.0020494579803198576,0.03647249811911024,0.006617040984565392,0.0008999198616947979,0.19796003511874005,0.04836570756742731,8.766699465923011e-05,0.0065513813751749694,0.07376484290580265,0.08479304201318882,0.0636249169765506,0.06471895863069221,59940,29970,0,0,29970,89910,0,12.983469492274399,25.921920661174774,12.938451168900377,12.983469492274399,66766,96141312,1790405641.2501068,runs/round-budget-20260926T064431Z/credit_s10003_T2/r1_basic.json,PASS
credit,10003,2,basic,2,1,0.29674970800988376,0.3093167920014821,0.06887102127075195,0.378187894821167,0.0012504170008469373,0.0009620840137358755,0.006675458018435165,0.0019164590048603714,0.00042354100150987506,0.0012756659998558462,6.345895235426724e-05,0.0,0.0019756250258069485,0.03519812718150206,0.00636220900923945,0.0009008802007883787,0.19704976081266068,0.04930991868604906,9.287599823437631e-05,0.00586031109560281,0.07280025092768483,0.08355695800855756,0.06428325001616031,0.06422191968886182,59940,29970,0,0,29970,89910,0,12.983469492274399,25.921920661174774,12.938451168900377,12.983469492274399,66766,95469568,1790405642.348464,runs/round-budget-20260926T064431Z/credit_s10003_T2/r2_basic.json,PASS
credit,10003,2,basic,3,0,0.29597604199079797,0.3085090829990804,0.06697201728820801,0.37548112869262695,0.001228457986144349,0.000924459018278867,0.006686125008855015,0.002030166011536494,0.0003647920093499124,0.0012468330096453428,5.220796447247267e-05,0.0,0.002099459001328796,0.03425398972467519,0.006308459007414058,0.0008652510005049407,0.1972913731879089,0.0490725377749186,0.0001005840313155204,0.0059843882627319545,0.07327741288463585,0.08399470898439176,0.06387149999500252,0.06378016475355253,59940,29970,0,0,29970,89910,0,12.983469492274399,25.921920661174774,12.938451168900377,12.983469492274399,66766,95387648,1790405643.566876,runs/round-budget-20260926T064431Z/credit_s10003_T2/r3_basic.json,PASS
credit,10003,2,runnerup,0,0,0.3024926669895649,0.31550416600657627,0.07072901725769043,0.3862330913543701,0.0012977500155102462,0.0009981659823097289,0.006935957993846387,0.0019996250048279762,0.00038995800423435867,0.0013264590234030038,6.358299287967384e-05,0.0,0.0019637499935925007,0.03493307382450439,0.006395333999535069,0.0021074571704957634,0.2012574649124872,0.04959199219592847,0.00010854197898879647,0.006135052914032713,0.07418150187004358,0.08614349999697879,0.06456633302150294,0.06464324216358364,59940,29970,0,0,29970,89910,0,12.983469492274399,25.921920661174774,12.938451168900377,12.983469492274399,66766,96649216,1790405638.983955,runs/round-budget-20260926T064431Z/credit_s10003_T2/r0_runnerup.json,PASS
credit,10003,2,runnerup,1,3,0.3019886249967385,0.3152133749972563,0.07062602043151855,0.38583946228027344,0.0012839580012951046,0.001028667000355199,0.006821125018177554,0.002446832979330793,0.00035995899816043675,0.0012270000006537884,5.720800254493952e-05,0.0,0.0019277090032119304,0.03557558430475183,0.006487209000624716,0.0023332890414167196,0.2000387987063732,0.04926895213429816,0.0001507909910287708,0.0062062918150331825,0.07517104281578213,0.08766254200600088,0.06463166698813438,0.0645336601883173,59940,29970,0,0,29970,89910,0,12.983469492274399,25.921920661174774,12.938451168900377,12.983469492274399,66766,96944128,1790405641.6463401,runs/round-budget-20260926T064431Z/credit_s10003_T2/r1_runnerup.json,PASS
credit,10003,2,runnerup,2,2,0.3038110419875011,0.3171332500060089,0.07412505149841309,0.39125823974609375,0.0012956249993294477,0.001020708994474262,0.007304750004550442,0.0020120420085731894,0.0003653339808806777,0.0012602500210050493,6.349800969474018e-05,0.0,0.002030166011536494,0.03691141284070909,0.006689874979201704,0.0022611698077525944,0.20018296380294487,0.04913455795031041,0.00011266703950241208,0.006488229555543512,0.07520804507657886,0.08771079199505039,0.06428762499126606,0.06482739295461215,59940,29970,0,0,29970,89910,0,12.983469492274399,25.921920661174774,12.938451168900377,12.983469492274399,66766,96796672,1790405642.744213,runs/round-budget-20260926T064431Z/credit_s10003_T2/r2_runnerup.json,PASS
credit,10003,2,runnerup,3,1,0.29946508299326524,0.31246120799914934,0.06725692749023438,0.3797180652618408,0.0012640829954762012,0.0011044999992009252,0.006769917003111914,0.002152875007595867,0.0003897499991580844,0.0012619580083992332,5.3041992941871285e-05,0.0,0.0019843339978251606,0.03506020488566719,0.006500916992081329,0.0021570017270278186,0.19872951123397797,0.0488897840550635,9.358298848383129e-05,0.006049747113138437,0.07350962207419798,0.08554783399449661,0.06410558399511501,0.06415724407997914,59940,29970,0,0,29970,89910,0,12.983469492274399,25.921920661174774,12.938451168900377,12.983469492274399,66766,95420416,1790405643.954357,runs/round-budget-20260926T064431Z/credit_s10003_T2/r3_runnerup.json,PASS
credit,10004,0,fresh,0,2,0.17445424999459647,0.17923470798996277,0.06682395935058594,0.24605870246887207,0.0012196250027045608,0.0009484580077696592,0.0,0.0017578749975655228,0.00010958398343063891,0.0006902079912833869,5.470801261253655e-05,0.0025748749903868884,0.0,0.16290999870398082,0.006317124993074685,0.0,0.0,0.0,0.0,0.0026522513071540743,0.0,0.0,0.0,0.013654540991410613,0,0,0,0,0,0,,17.975073465744913,33.49370788720915,15.518634421464236,17.975073465744913,22197,72761344,1790405647.88532,runs/round-budget-20260926T064431Z/credit_s10004_T0/r0_fresh.json,PASS
credit,10004,0,fresh,1,1,0.172847959009232,0.1774829580099322,0.06845498085021973,0.24593782424926758,0.0012214579910505563,0.000982416997430846,0.0,0.001662541995756328,0.00010362500324845314,0.0006131670088507235,5.1790004363283515e-05,0.0026526250003371388,0.0,0.16137262337724678,0.006307667004875839,0.0,0.0,0.0,0.0,0.00251504362677224,0.0,0.0,0.0,0.013696084031835198,0,0,0,0,0,0,,17.975073465744913,33.49370788720915,15.518634421464236,17.975073465744913,22197,72581120,1790405648.415785,runs/round-budget-20260926T064431Z/credit_s10004_T0/r1_fresh.json,PASS
credit,10004,0,fresh,2,0,0.17571333298110403,0.1804023330041673,0.06834006309509277,0.24874234199523926,0.0012467910128179938,0.0009865000029094517,0.0,0.0016453750140499324,0.00011550000635907054,0.0006364999862853438,5.833400064148009e-05,0.0026152090285904706,0.0,0.1639854548848234,0.006521375005831942,0.0,0.0,0.0,0.0,0.002591294061858207,0.0,0.0,0.0,0.013966000027721748,0,0,0,0,0,0,,17.975073465744913,33.49370788720915,15.518634421464236,17.975073465744913,22197,73957376,1790405648.948651,runs/round-budget-20260926T064431Z/credit_s10004_T0/r2_fresh.json,PASS
credit,10004,0,fresh,3,3,0.1746116659778636,0.17938320897519588,0.06754899024963379,0.2469322681427002,0.001224541978444904,0.0009900409786496311,0.0,0.00180358299985528,0.000106791005237028,0.0005930420011281967,5.354403401724994e-05,0.0026218339917249978,0.0,0.16300816999864765,0.006342082982882857,0.0,0.0,0.0,0.0,0.0026395790046080947,0.0,0.0,0.0,0.01383054195321165,0,0,0,0,0,0,,17.975073465744913,33.49370788720915,15.518634421464236,17.975073465744913,22197,72679424,1790405650.024519,runs/round-budget-20260926T064431Z/credit_s10004_T0/r3_fresh.json,PASS
credit,10004,0,none,0,3,0.047596124990377575,0.05623824999202043,0.06645894050598145,0.12269711494445801,0.001229207991855219,0.000980457989498973,0.003644957992946729,0.0020391250145621598,0.0001092089805752039,0.0005880410026293248,5.112602957524359e-05,0.0,0.0020033749751746655,0.03605708296527155,0.006596040999284014,0.0,0.0,0.0,0.0,0.002939626050647348,0.0,0.0,0.0,0.013478790991939604,0,0,0,0,0,0,0,17.975073465744913,33.49370788720915,15.518634421464236,17.975073465744913,22197,87752704,1790405648.141218,runs/round-budget-20260926T064431Z/credit_s10004_T0/r0_none.json,PASS
credit,10004,0,none,1,2,0.048879707988817245,0.05757641600212082,0.06720781326293945,0.12478423118591309,0.0012533749977592379,0.0010175000061281025,0.0038827499956823885,0.0016804579936433583,0.00012174999574199319,0.0006796669913455844,6.1208033002913e-05,0.0,0.0021782500261906534,0.03724129498004913,0.0064171669946517795,0.0,0.0,0.0,0.0,0.0030429959879256785,0.0,0.0,0.0,0.013503417023457587,0,0,0,0,0,0,0,17.975073465744913,33.49370788720915,15.518634421464236,17.975073465744913,22197,88834048,1790405648.670476,runs/round-budget-20260926T064431Z/credit_s10004_T0/r1_none.json,PASS
credit,10004,0,none,2,1,0.04776845799642615,0.056551874993601814,0.06824326515197754,0.12479519844055176,0.001290791988139972,0.0009890829969663173,0.003712208999786526,0.0019865420181304216,0.0001245840103365481,0.0006162920035421848,6.39149802736938e-05,0.0,0.001990791002754122,0.03629766407539137,0.0064776250219438225,0.0,0.0,0.0,0.0,0.0030023778963368386,0.0,0.0,0.0,0.01345916700665839,0,0,0,0,0,0,0,17.975073465744913,33.49370788720915,15.518634421464236,17.975073465744913,22197,87736320,1790405649.2075572,runs/round-budget-20260926T064431Z/credit_s10004_T0/r2_none.json,PASS
credit,10004,0,none,3,0,0.04770195798482746,0.0568383340141736,0.06875777244567871,0.1255960464477539,0.0013529170246329159,0.000983125006314367,0.003940041991882026,0.0020970419864170253,0.00010808301158249378,0.0005933750071562827,6.179200136102736e-05,0.0,0.0019890000112354755,0.035972009907709435,0.006510500010335818,0.0,0.0,0.0,0.0,0.0032304480555467308,0.0,0.0,0.0,0.013358917000005022,0,0,0,0,0,0,0,17.975073465744913,33.49370788720915,15.518634421464236,17.975073465744913,22197,87851008,1790405649.613787,runs/round-budget-20260926T064431Z/credit_s10004_T0/r3_none.json,PASS
credit,10004,0,basic,0,0,0.0480892909981776,0.056502124993130565,0.06617879867553711,0.1226809024810791,0.0013412499974947423,0.0009652920125517994,0.00363912497414276,0.0016883749922271818,0.00010774997645057738,0.0006117089942563325,5.9333047829568386e-05,0.0,0.0019630840106401592,0.03645828223670833,0.006464458012487739,0.0,0.0,0.0,0.0,0.003203466738341376,0.0,0.0,0.0,0.013439958012895659,0,0,0,0,0,0,,17.975073465744913,33.49370788720915,15.518634421464236,17.975073465744913,22197,87736320,1790405647.613565,runs/round-budget-20260926T064431Z/credit_s10004_T0/r0_basic.json,PASS
credit,10004,0,basic,1,3,0.047602707985788584,0.056490166985895485,0.07198190689086914,0.12847208976745605,0.0013340000004973263,0.0010362090251874179,0.0038006250106263906,0.0018947500211652368,0.00010658398969098926,0.0006505409837700427,6.474996916949749e-05,0.0,0.001934625004651025,0.03635745606152341,0.006319875014014542,0.0,0.0,0.0,0.0,0.002990751905599609,0.0,0.0,0.0,0.013343124039238319,0,0,0,0,0,0,,17.975073465744913,33.49370788720915,15.518634421464236,17.975073465744913,22197,87932928,1790405648.812151,runs/round-budget-20260926T064431Z/credit_s10004_T0/r1_basic.json,PASS
credit,10004,0,basic,2,2,0.04756329199881293,0.056074833002639934,0.06833410263061523,0.12440896034240723,0.0013116250047460198,0.0009522089967504144,0.003719041997101158,0.0017666250059846789,0.00011020898818969727,0.0005983749870210886,5.345602403394878e-05,0.0,0.001976792002096772,0.036081469064811245,0.006471833010436967,0.0,0.0,0.0,0.0,0.003033197921467945,0.0,0.0,0.0,0.013472499005729333,0,0,0,0,0,0,,17.975073465744913,33.49370788720915,15.518634421464236,17.975073465744913,22197,87900160,1790405649.3441222,runs/round-budget-20260926T064431Z/credit_s10004_T0/r2_basic.json,PASS
credit,10004,0,basic,3,1,0.04807008299394511,0.05674670901498757,0.06899809837341309,0.12574481964111328,0.0012244170065969229,0.0009524589986540377,0.003921042021829635,0.0017707500082906336,0.00011045800056308508,0.0006407500186469406,5.674996646121144e-05,0.0,0.0020989579788874835,0.03639558679424226,0.006433667003875598,0.0,0.0,0.0,0.0,0.0031418712169397622,0.0,0.0,0.0,0.013586166984168813,0,0,0,0,0,0,,17.975073465744913,33.49370788720915,15.518634421464236,17.975073465744913,22197,87572480,1790405649.751246,runs/round-budget-20260926T064431Z/credit_s10004_T0/r3_basic.json,PASS
credit,10004,0,runnerup,0,1,0.048743249994004145,0.0575697919994127,0.06903505325317383,0.12660479545593262,0.001280208001844585,0.001009499974315986,0.0037647910066880286,0.0019778749847318977,0.00011475000064820051,0.0006167500105220824,6.266802665777504e-05,0.0,0.002314249984920025,0.036915920791216195,0.0063468749867752194,0.0,0.0,0.0,0.0,0.0031662042310927063,0.0,0.0,0.0,0.013492832978954539,0,0,0,0,0,0,,17.975073465744913,33.49370788720915,15.518634421464236,17.975073465744913,22197,87605248,1790405647.749941,runs/round-budget-20260926T064431Z/credit_s10004_T0/r0_runnerup.json,PASS
credit,10004,0,runnerup,1,0,0.047482124995440245,0.05675754201365635,0.07083797454833984,0.1275954246520996,0.0013672920176759362,0.0010979580110870302,0.0038007079856470227,0.00218545799725689,0.00010537498746998608,0.000656625023111701,6.200099596753716e-05,0.0,0.001958625012775883,0.035782673046924174,0.006458125018980354,0.0,0.0,0.0,0.0,0.0032827019167598337,0.0,0.0,0.0,0.013397417002124712,0,0,0,0,0,0,,17.975073465744913,33.49370788720915,15.518634421464236,17.975073465744913,22197,88752128,1790405648.279042,runs/round-budget-20260926T064431Z/credit_s10004_T0/r1_runnerup.json,PASS
credit,10004,0,runnerup,2,3,0.04787720800959505,0.056481916981283575,0.06676006317138672,0.12324190139770508,0.001260666991584003,0.0009946670033968985,0.0039031670021358877,0.0016787500062491745,0.00010554099571891129,0.000609499984420836,5.241698818281293e-05,0.0,0.0020381250069476664,0.03643362992443144,0.006405624997569248,0.0,0.0,0.0,0.0,0.0029998280806466937,0.0,0.0,0.0,0.013689374987734482,0,0,0,0,0,0,,17.975073465744913,33.49370788720915,15.518634421464236,17.975073465744913,22197,87752704,1790405649.477277,runs/round-budget-20260926T064431Z/credit_s10004_T0/r2_runnerup.json,PASS
credit,10004,0,runnerup,3,2,0.04764875001274049,0.05650129201239906,0.06973695755004883,0.12623834609985352,0.0013599579979199916,0.0010050419950857759,0.0037182920204941183,0.0019692079804372042,0.00010537501657381654,0.0006332500197459012,6.141696940176189e-05,0.0,0.0019359579891897738,0.036069871828658506,0.00640520901652053,0.0,0.0,0.0,0.0,0.0032377111783716828,0.0,0.0,0.0,0.013693127024453133,0,0,0,0,0,0,,17.975073465744913,33.49370788720915,15.518634421464236,17.975073465744913,22197,88080384,1790405649.888646,runs/round-budget-20260926T064431Z/credit_s10004_T0/r3_runnerup.json,PASS
credit,10004,1,fresh,0,1,0.25461041601374745,0.2598220410000067,0.0680539608001709,0.32787609100341797,0.001263874990399927,0.0009776670194696635,0.0,0.0017623330058995634,0.00023366700042970479,0.0009189579868689179,5.512498319149017e-05,0.0027519590221345425,0.0,0.16089995615766384,0.0063791660068091005,0.0,0.061114328913390636,0.020623998949304223,0.0,0.002841006964445114,0.0,0.0,0.0,0.035321622970514,29970,0,0,0,0,29970,,13.434240702159975,26.77798396237123,13.434240702159975,13.343743260211255,44467,73662464,1790405653.717294,runs/round-budget-20260926T064431Z/credit_s10004_T1/r0_fresh.json,PASS
credit,10004,1,fresh,1,0,0.2566599590063561,0.26209274999564514,0.06830000877380371,0.33039283752441406,0.0012242090015206486,0.0010089999996125698,0.0,0.001892291009426117,0.00023429098655469716,0.0010200839897152036,5.2916002459824085e-05,0.0025933340075425804,0.0,0.1620747570414096,0.006360832980135456,0.0,0.06204687192803249,0.02073558885604143,0.0,0.0028485741931945086,0.0,0.0,0.0,0.03571579681010917,29970,0,0,0,0,29970,,13.434240702159975,26.77798396237123,13.434240702159975,13.343743260211255,44467,73678848,1790405654.5775921,runs/round-budget-20260926T064431Z/credit_s10004_T1/r1_fresh.json,PASS
credit,10004,1,fresh,2,3,0.258859499997925,0.2641025000193622,0.06753087043762207,0.3316333293914795,0.0012378749961499125,0.0009338750096503645,0.0,0.0017338329926133156,0.0002597919956315309,0.0010209580068476498,5.666702054440975e-05,0.0026525829744059592,0.0,0.1628739508742001,0.006378666992532089,0.0,0.06272337204427458,0.021262957801809534,0.0,0.002967969310702756,0.0,0.0,0.0,0.03604579082457349,29970,0,0,0,0,29970,,13.434240702159975,26.77798396237123,13.434240702159975,13.343743260211255,44467,74481664,1790405656.583361,runs/round-budget-20260926T064431Z/credit_s10004_T1/r2_fresh.json,PASS
credit,10004,1,fresh,3,2,0.2567388339957688,0.26187295900308527,0.06845283508300781,0.3303258419036865,0.001241209014551714,0.0009690839797258377,0.0,0.001641917013330385,0.00024375002249144018,0.0009817499958444387,5.641498137265444e-05,0.0026701249880716205,0.0,0.16211236984236166,0.006461291981395334,0.0,0.06189612299203873,0.020752968091983348,0.0,0.002845956099918112,0.0,0.0,0.0,0.03538592709810473,29970,0,0,0,0,29970,,13.434240702159975,26.77798396237123,13.434240702159975,13.343743260211255,44467,74629120,1790405657.539635,runs/round-budget-20260926T064431Z/credit_s10004_T1/r3_fresh.json,PASS
credit,10004,1,none,0,2,0.13052658300148323,0.14091970800654963,0.0664529800415039,0.20737266540527344,0.0012098749866709113,0.000969708024058491,0.005252417002338916,0.0017469160084147006,0.00023708297521807253,0.0009278329962398857,4.929301212541759e-05,0.0,0.001917958987178281,0.035979330888949335,0.0063773340079933405,0.0,0.061679376114625484,0.021134998998604715,4.1749997762963176e-05,0.003395834006369114,0.0,0.0,0.0,0.035385416995268315,29970,0,0,0,0,29970,0,13.434240702159975,26.77798396237123,13.434240702159975,13.343743260211255,44467,92307456,1790405654.05357,runs/round-budget-20260926T064431Z/credit_s10004_T1/r0_none.json,PASS
credit,10004,1,none,1,1,0.13026958299451508,0.14080012499471195,0.06694507598876953,0.20774531364440918,0.0012256659974809736,0.0009782919951248914,0.005310416017891839,0.0018185420194640756,0.00023449998116120696,0.0009142079798039049,4.8918009269982576e-05,0.0,0.002044125023530796,0.036255452199839056,0.006256332999328151,0.0,0.06129069902817719,0.021175877831410617,5.245799547992647e-05,0.0031946379167493433,0.0,0.0,0.0,0.035351211816305295,29970,0,0,0,0,29970,0,13.434240702159975,26.77798396237123,13.434240702159975,13.343743260211255,44467,92372992,1790405654.9169111,runs/round-budget-20260926T064431Z/credit_s10004_T1/r1_none.json,PASS
credit,10004,1,none,2,0,0.131326041999273,0.14226170899928547,0.0680379867553711,0.21029973030090332,0.0013634589849971235,0.0009513749973848462,0.0052752089977730066,0.002099083998473361,0.0002604999754112214,0.0009246659756172448,6.137407035566866e-05,0.0,0.002027417009230703,0.036470166727667674,0.006541250011650845,0.0,0.061687711015110835,0.021241709939204156,4.6541012125089765e-05,0.0033112462842836976,0.0,0.0,0.0,0.03564579295925796,29970,0,0,0,0,29970,0,13.434240702159975,26.77798396237123,13.434240702159975,13.343743260211255,44467,92307456,1790405655.748341,runs/round-budget-20260926T064431Z/credit_s10004_T1/r2_none.json,PASS
credit,10004,1,none,3,3,0.13031279199640267,0.14133187499828637,0.06748127937316895,0.20881319046020508,0.0013490830024238676,0.0010533749882597476,0.005394083011196926,0.0019839579763356596,0.0002373750030528754,0.0009422499861102551,5.89590345043689e-05,0.0,0.0019149169966112822,0.036216460925061256,0.006327832990791649,0.0,0.06158462696475908,0.021020962129114196,3.204098902642727e-05,0.003215951001038775,0.0,0.0,0.0,0.034967961109941825,29970,0,0,0,0,29970,0,13.434240702159975,26.77798396237123,13.434240702159975,13.343743260211255,44467,92356608,1790405657.880063,runs/round-budget-20260926T064431Z/credit_s10004_T1/r3_none.json,PASS
credit,10004,1,basic,0,3,0.21252508301404305,0.22341741601121612,0.06820464134216309,0.2916221618652344,0.0012590830156113952,0.0010086249967571348,0.005443000001832843,0.001851042005000636,0.0002767080150078982,0.0009995419823098928,5.433298065327108e-05,0.0,0.002072125003905967,0.03648194740526378,0.006264917028602213,0.0008930799376685172,0.13462628604611382,0.026544965454377234,3.91670037060976e-05,0.005602595134405419,0.07225474901497364,0.08296904200688004,0.06340233300579712,0.04202296448056586,29970,29970,0,0,29970,59940,0,13.434240702159975,26.77798396237123,13.434240702159975,13.343743260211255,44467,92602368,1790405654.2743838,runs/round-budget-20260926T064431Z/credit_s10004_T1/r0_basic.json,PASS
credit,10004,1,basic,1,2,0.21699108299799263,0.2276601249759551,0.06717705726623535,0.29483723640441895,0.001293999986955896,0.0010105830151587725,0.005327000020770356,0.0017867920105345547,0.00024133300757966936,0.0009518329752609134,5.7500961702317e-05,0.0,0.0019913340220227838,0.03628845699131489,0.0063725829822942615,0.0008830029400996864,0.13852404669160023,0.027219047071412206,3.691701567731798e-05,0.005675695283571258,0.07425379107007757,0.08503812499111518,0.06540799999493174,0.0423506710503716,29970,29970,0,0,29970,59940,0,13.434240702159975,26.77798396237123,13.434240702159975,13.343743260211255,44467,92438528,1790405655.136244,runs/round-budget-20260926T064431Z/credit_s10004_T1/r1_basic.json,PASS
credit,10004,1,basic,2,1,0.21694945901981555,0.22778833299526013,0.06698489189147949,0.2947733402252197,0.0012716669880319387,0.0010139169753529131,0.005419291992438957,0.0018632909923326224,0.00023999999393709004,0.0009739579982124269,5.674903513863683e-05,0.0,0.0019084580126218498,0.03660999485873617,0.006557167012942955,0.0009060440061148256,0.13802774483337998,0.027142043865751475,4.312500823289156e-05,0.005754881422035396,0.07425133412471041,0.08519670899841003,0.06475058401701972,0.04253308681654744,29970,29970,0,0,29970,59940,0,13.434240702159975,26.77798396237123,13.434240702159975,13.343743260211255,44467,92487680,1790405655.968823,runs/round-budget-20260926T064431Z/credit_s10004_T1/r2_basic.json,PASS
credit,10004,1,basic,3,0,0.2157259579980746,0.22653600000194274,0.06741786003112793,0.29395389556884766,0.0012655829777941108,0.0009476660052314401,0.005411457997979596,0.0019057920144405216,0.00024295801995322108,0.0009807499882299453,5.583500023931265e-05,0.0,0.001959540997631848,0.037075128842843696,0.00650183399557136,0.0008841681701596826,0.1365879943186883,0.02691498404601589,4.295899998396635e-05,0.005759348627179861,0.07331304284161888,0.08417891699355096,0.06432512501487508,0.04245006706332788,29970,29970,0,0,29970,59940,0,13.434240702159975,26.77798396237123,13.434240702159975,13.343743260211255,44467,92536832,1790405656.925588,runs/round-budget-20260926T064431Z/credit_s10004_T1/r3_basic.json,PASS
credit,10004,1,runnerup,0,0,0.21403091700631194,0.2248079580022022,0.0673520565032959,0.2921600341796875,0.001395416009472683,0.0009940419986378402,0.005167041003005579,0.001988500007428229,0.0002401249948889017,0.0009360830008517951,5.583398160524666e-05,0.0,0.0019139579962939024,0.03615583310602233,0.006303791014943272,0.002114706003339961,0.13490821383311413,0.026979580870829523,3.066699719056487e-05,0.005624167184578255,0.07265429190010764,0.08473758300533518,0.06328775000292808,0.042033246834762394,29970,29970,0,0,29970,59940,0,13.434240702159975,26.77798396237123,13.434240702159975,13.343743260211255,44467,92569600,1790405653.412952,runs/round-budget-20260926T064431Z/credit_s10004_T1/r0_runnerup.json,PASS
credit,10004,1,runnerup,1,3,0.21449516600114293,0.22537066700169817,0.06806588172912598,0.29343652725219727,0.001300499978242442,0.0009829170012380928,0.005418749991804361,0.001946625008713454,0.00023945802240632474,0.0009271670132875443,6.008398486301303e-05,0.0,0.0019366669876035303,0.036116468807449564,0.006576040992513299,0.002132832887582481,0.1353575422836002,0.02670375705929473,3.9583013858646154e-05,0.005632273969240487,0.0728549620253034,0.08485208300407976,0.06352641698322259,0.042056924023199826,29970,29970,0,0,29970,59940,0,13.434240702159975,26.77798396237123,13.434240702159975,13.343743260211255,44467,92536832,1790405655.443456,runs/round-budget-20260926T064431Z/credit_s10004_T1/r1_runnerup.json,PASS
credit,10004,1,runnerup,2,2,0.2177239169832319,0.22858591700787656,0.06756782531738281,0.2961537837982178,0.001266542007215321,0.0010003329953178763,0.005423833994427696,0.0019097500189673156,0.0002352920128032565,0.0009730409947223961,5.3208001190796494e-05,0.0,0.002006666996749118,0.03650617093080655,0.006571416975930333,0.002163793018553406,0.13760845374781638,0.027120370825286955,4.833401180803776e-05,0.005698710476281121,0.07416358683258295,0.08644437498878688,0.06445108400657773,0.04254070480237715,29970,29970,0,0,29970,59940,0,13.434240702159975,26.77798396237123,13.434240702159975,13.343743260211255,44467,92340224,1790405656.2758589,runs/round-budget-20260926T064431Z/credit_s10004_T1/r2_runnerup.json,PASS
credit,10004,1,runnerup,3,1,0.21633066702634096,0.22735212498810142,0.06800985336303711,0.2953619956970215,0.0013030839909333736,0.0009709170262794942,0.00540495800669305,0.002068083005724475,0.0002434579946566373,0.0009710830054245889,5.987493204884231e-05,0.0,0.0023751660191919655,0.03638833708828315,0.006690209003863856,0.0021632459538523108,0.1355237967800349,0.027219205861911178,6.970801041461527e-05,0.005900998308788985,0.07312078381073661,0.08543508301954716,0.06337920899386518,0.042840038862777874,29970,29970,0,0,29970,59940,0,13.434240702159975,26.77798396237123,13.434240702159975,13.343743260211255,44467,93667328,1790405657.231565,runs/round-budget-20260926T064431Z/credit_s10004_T1/r3_runnerup.json,PASS
credit,10004,2,fresh,0,0,0.3513358330237679,0.35732312500476837,0.06749701499938965,0.4248201847076416,0.0012211250141263008,0.0010817920265253633,0.0,0.0019829579978249967,0.00036941602593287826,0.0012797920207958668,5.220889579504728e-05,0.002658375015016645,0.0,0.17174983088625595,0.00694983298308216,0.0,0.1243944940797519,0.042309161071898416,0.0,0.0032741389877628535,0.0,0.0,0.0,0.05845391008188017,59940,0,0,0,0,59940,,12.954826839202504,25.795401326377558,12.840574487175054,12.954826839202504,66856,75087872,1790405661.6537302,runs/round-budget-20260926T064431Z/credit_s10004_T2/r0_fresh.json,PASS
credit,10004,2,fresh,1,3,0.3405424579977989,0.3464341249782592,0.06941795349121094,0.41585206985473633,0.0012413749936968088,0.0010788329818751663,0.0,0.0018878339906223118,0.00036445798468776047,0.0012680830259341747,5.108400364406407e-05,0.0026450000004842877,0.0,0.16315074826707132,0.006314208003459498,0.0,0.12279267201665789,0.042459036863874644,0.0,0.003180792846251279,0.0,0.0,0.0,0.058240328886313364,59940,0,0,0,0,59940,,12.954826839202504,25.795401326377558,12.840574487175054,12.954826839202504,66856,75399168,1790405664.270679,runs/round-budget-20260926T064431Z/credit_s10004_T2/r1_fresh.json,PASS
credit,10004,2,fresh,2,2,0.3394331249874085,0.34545954200439155,0.07104992866516113,0.41650938987731934,0.0012583330099005252,0.0009710830054245889,0.0,0.001966290990822017,0.0003626249963417649,0.001411667006323114,5.641800817102194e-05,0.002611500007333234,0.0,0.16082383488537744,0.0063140420243144035,0.0,0.1243345907132607,0.042173128109425306,0.0,0.0031760292476974428,0.0,0.0,0.0,0.05762796214548871,59940,0,0,0,0,59940,,12.954826839202504,25.795401326377558,12.840574487175054,12.954826839202504,66856,75497472,1790405665.493974,runs/round-budget-20260926T064431Z/credit_s10004_T2/r2_fresh.json,PASS
credit,10004,2,fresh,3,1,0.3433502500120085,0.3495768340071663,0.07036972045898438,0.41994667053222656,0.0013094170135445893,0.001021832984406501,0.0,0.0021915000106673688,0.0003587499959394336,0.0012832919892389327,6.179200136102736e-05,0.0025897499872371554,0.0,0.16481896478217095,0.006594792008399963,0.0,0.12404808765859343,0.04212516391999088,0.0,0.0031734916556160897,0.0,0.0,0.0,0.058398289926117286,59940,0,0,0,0,59940,,12.954826839202504,25.795401326377558,12.840574487175054,12.954826839202504,66856,74711040,1790405666.6283689,runs/round-budget-20260926T064431Z/credit_s10004_T2/r3_fresh.json,PASS
credit,10004,2,none,0,1,0.21534425002755597,0.22837300001992844,0.06646323204040527,0.29483628273010254,0.0012494170223362744,0.0010627919982653111,0.006791666994104162,0.0021078750141896307,0.00045391698949970305,0.001303333992836997,5.974798114039004e-05,0.0,0.0018838329997379333,0.03624175500590354,0.0063255839922931045,0.0,0.12424900082987733,0.04301883326843381,0.00010683303116820753,0.003518410900142044,0.0,0.0,0.0,0.05776158327353187,59940,0,0,0,0,59940,0,12.954826839202504,25.795401326377558,12.840574487175054,12.954826839202504,66856,95174656,1790405662.0876212,runs/round-budget-20260926T064431Z/credit_s10004_T2/r0_none.json,PASS
credit,10004,2,none,1,0,0.2140757089946419,0.227185499999905,0.06819391250610352,0.2953794002532959,0.0013900829944759607,0.0010169999732170254,0.006891333992825821,0.0020961669797543436,0.0004149999876972288,0.0012320839741732925,6.812310311943293e-05,0.0,0.002169250015867874,0.036575087055098265,0.0063418750069104135,0.0,0.12291853816714138,0.04227571314550005,0.00011487602023407817,0.003680369583889842,0.0,0.0,0.0,0.05726675412734039,59940,0,0,0,0,59940,0,12.954826839202504,25.795401326377558,12.840574487175054,12.954826839202504,66856,95240192,1790405663.180352,runs/round-budget-20260926T064431Z/credit_s10004_T2/r1_none.json,PASS
credit,10004,2,none,2,3,0.21626804099651054,0.22990158398170024,0.06924605369567871,0.2991476058959961,0.0012069169897586107,0.001047917001415044,0.007450833014445379,0.002196290995925665,0.00039558400749228895,0.001272958004847169,6.304297130554914e-05,0.0,0.0021170419931877404,0.036493381165200844,0.006382541992934421,0.0,0.12455644810688682,0.042803585005458444,0.0001060419890563935,0.003809000743785873,0.0,0.0,0.0,0.05805129502550699,59940,0,0,0,0,59940,0,12.954826839202504,25.795401326377558,12.840574487175054,12.954826839202504,66856,95191040,1790405665.919729,runs/round-budget-20260926T064431Z/credit_s10004_T2/r2_none.json,PASS
credit,10004,2,none,3,2,0.21521758299786597,0.22789920898503624,0.06747102737426758,0.29537034034729004,0.0012571669940371066,0.0009727500146254897,0.006830124999396503,0.001901416020700708,0.0003701249952428043,0.0012930419761687517,5.700098699890077e-05,0.0,0.002074333984637633,0.03653861582279205,0.006383250001817942,0.0,0.12380366199067794,0.04284199871472083,9.104196215048432e-05,0.0034846805210690945,0.0,0.0,0.0,0.058149082702584565,59940,0,0,0,0,59940,0,12.954826839202504,25.795401326377558,12.840574487175054,12.954826839202504,66856,95305728,1790405667.056891,runs/round-budget-20260926T064431Z/credit_s10004_T2/r3_none.json,PASS
credit,10004,2,basic,0,2,0.29961183402338065,0.3122542499913834,0.06713175773620605,0.37938594818115234,0.0012102079926989973,0.0009795829828362912,0.006702083017444238,0.0019687499734573066,0.00039520798600278795,0.001327334000961855,5.9250014601275325e-05,0.0,0.0019855409918818623,0.036629671027185395,0.006463666999479756,0.0008908820163924247,0.19849175901617855,0.04904628824442625,9.045802289620042e-05,0.006013567704940215,0.0739118380297441,0.0848136659769807,0.06410462499479763,0.06520362119772471,59940,29970,0,0,29970,89910,0,12.954826839202504,25.795401326377558,12.840574487175054,12.954826839202504,66856,95371264,1790405662.3951428,runs/round-budget-20260926T064431Z/credit_s10004_T2/r0_basic.json,PASS
credit,10004,2,basic,1,1,0.2978161250066478,0.3103879170084838,0.06781172752380371,0.37819957733154297,0.0012285829870961607,0.0009977500012610108,0.006573208986083046,0.0020442499953787774,0.0003658749919850379,0.001309167011640966,5.295802839100361e-05,0.0,0.002072582981782034,0.03613757877610624,0.006412290997104719,0.0008569631318096071,0.19716655267984606,0.04910812681191601,0.00010541602387093008,0.00595661360421218,0.07251254806760699,0.08334870901308022,0.06376220801030286,0.06514112581498921,59940,29970,0,0,29970,89910,0,12.954826839202504,25.795401326377558,12.840574487175054,12.954826839202504,66856,95387648,1790405663.4869928,runs/round-budget-20260926T064431Z/credit_s10004_T2/r1_basic.json,PASS
credit,10004,2,basic,2,0,0.2978415830002632,0.3109345840057358,0.0716090202331543,0.38254356384277344,0.0013231250050012022,0.0009624170197639614,0.006990124995354563,0.0021549160010181367,0.00036800000816583633,0.0012400000123307109,5.441796383820474e-05,0.0,0.001976415980607271,0.03690662089502439,0.00644349999492988,0.000889790098881349,0.19704583819839172,0.04847363685257733,8.57090053614229e-05,0.006020071974489838,0.07320100287324749,0.08407558299950324,0.06374425001558848,0.06478892889572307,59940,29970,0,0,29970,89910,0,12.954826839202504,25.795401326377558,12.840574487175054,12.954826839202504,66856,95830016,1790405664.700087,runs/round-budget-20260926T064431Z/credit_s10004_T2/r2_basic.json,PASS
credit,10004,2,basic,3,3,0.29983408300904557,0.3129097500059288,0.07014179229736328,0.38305163383483887,0.0013501660141628236,0.0010780409793369472,0.006981167010962963,0.001883624994661659,0.00037545801023952663,0.0013419580063782632,6.525198114104569e-05,0.0,0.002080957987345755,0.0363590799679514,0.0064344999846071005,0.0008982950821518898,0.19951641582883894,0.04850975179579109,8.287501987069845e-05,0.005952207342488691,0.07290478702634573,0.08391208300599828,0.06389725001645274,0.06464887777110562,59940,29970,0,0,29970,89910,0,12.954826839202504,25.795401326377558,12.840574487175054,12.954826839202504,66856,96370688,1790405667.3673139,runs/round-budget-20260926T064431Z/credit_s10004_T2/r3_basic.json,PASS
credit,10004,2,runnerup,0,3,0.29962079200777225,0.3128870829823427,0.06788492202758789,0.38077211380004883,0.001274167007068172,0.001055083004757762,0.0070491660153493285,0.002198792004492134,0.00037658301880583167,0.0012575409782584757,5.495894583873451e-05,0.0,0.001996333012357354,0.03624429306364618,0.006559624976944178,0.002161211974453181,0.19760863223928027,0.048863452539080754,0.00011708401143550873,0.006070160190574825,0.07317520771175623,0.08546874998137355,0.06416708300821483,0.06522191149997525,59940,29970,0,0,29970,89910,0,12.954826839202504,25.795401326377558,12.840574487175054,12.954826839202504,66856,95518720,1790405662.787096,runs/round-budget-20260926T064431Z/credit_s10004_T2/r0_runnerup.json,PASS
credit,10004,2,runnerup,1,2,0.2976432090217713,0.3106206250085961,0.06823301315307617,0.37885355949401855,0.0012295000196900219,0.0010219590039923787,0.006921125022927299,0.0020668750221375376,0.00035958399530500174,0.0013253749930299819,5.299792974255979e-05,0.0,0.0019488749967422336,0.03597812005318701,0.006360416999086738,0.0021259143541101366,0.19718544883653522,0.0480106164177414,8.699999307282269e-05,0.005946817371295765,0.07306108178454451,0.08517379200202413,0.06333054098649882,0.06385995040182024,59940,29970,0,0,29970,89910,0,12.954826839202504,25.795401326377558,12.840574487175054,12.954826839202504,66856,95502336,1790405663.87813,runs/round-budget-20260926T064431Z/credit_s10004_T2/r1_runnerup.json,PASS
credit,10004,2,runnerup,2,1,0.30458658398129046,0.31764650001423433,0.06850481033325195,0.3861513137817383,0.00124229202629067,0.0009565840009599924,0.007039917021756992,0.002080125006614253,0.00036299999919719994,0.0013230000040493906,5.499797407537699e-05,0.0,0.001916957990033552,0.03665308668860234,0.00647808299981989,0.0022165421687532216,0.202041389857186,0.04884384397882968,0.00010429200483486056,0.006332388293230906,0.07532591297058389,0.08791850000852719,0.06526795797981322,0.06527317597647198,59940,29970,0,0,29970,89910,0,12.954826839202504,25.795401326377558,12.840574487175054,12.954826839202504,66856,96747520,1790405665.092444,runs/round-budget-20260926T064431Z/credit_s10004_T2/r2_runnerup.json,PASS
credit,10004,2,runnerup,3,0,0.3004582499852404,0.31380570799228735,0.0691530704498291,0.38295888900756836,0.0014189580106176436,0.0009736659994814545,0.007272749993717298,0.001959624991286546,0.00037104199873283505,0.0012876670225523412,6.374999065883458e-05,0.0,0.002067249995889142,0.03748287190683186,0.006598291976843029,0.002210004022344947,0.19726021299720742,0.04869774528197013,0.0001480829669162631,0.005993790837237611,0.07376875603222288,0.08616537498892285,0.06376716599334031,0.06507028720807284,59940,29970,0,0,29970,89910,0,12.954826839202504,25.795401326377558,12.840574487175054,12.954826839202504,66856,96681984,1790405666.2316601,runs/round-budget-20260926T064431Z/credit_s10004_T2/r3_runnerup.json,PASS
